greedy/esc16a,1,72,13,336,0,[9 3 2 0 13 12 8 10 11 1 4 15 6 5 14 7],[1 13 9 15 4 2 6 7 3 5 11 10 14 12 8 0],68,114
steepest/esc16a,1,70,5,720,561300,[11 15 7 10 9 0 8 2 1 3 4 13 6 12 14 5],[1 13 9 15 4 2 6 7 3 5 11 10 14 12 8 0],68,114
random/esc16a,1,114,0,0,0,[11 15 8 2 12 0 5 10 13 3 4 1 6 9 14 7],[1 13 9 15 4 2 6 7 3 5 11 10 14 12 8 0],68,114
randomWalk/esc16a,1,114,0,0,0,[11 15 8 2 12 0 5 10 13 3 4 1 6 9 14 7],[1 13 9 15 4 2 6 7 3 5 11 10 14 12 8 0],68,114
heuristic/esc16a,1,80,0,0,0,[15 11 6 8 10 7 9 13 12 14 0 5 4 3 2 1],[1 13 9 15 4 2 6 7 3 5 11 10 14 12 8 0],68,114
greedy/esc16a,2,74,11,354,0,[13 12 8 4 7 3 1 9 5 15 14 10 2 0 6 11],[1 13 9 15 4 2 6 7 3 5 11 10 14 12 8 0],68,122
steepest/esc16a,2,70,6,840,0,[15 11 3 1 14 12 8 9 13 10 5 7 2 4 6 0],[1 13 9 15 4 2 6 7 3 5 11 10 14 12 8 0],68,122
random/esc16a,2,122,0,0,0,[8 9 15 1 14 3 12 0 13 7 5 10 2 4 6 11],[1 13 9 15 4 2 6 7 3 5 11 10 14 12 8 0],68,122
randomWalk/esc16a,2,122,0,0,0,[8 9 15 1 14 3 12 0 13 7 5 10 2 4 6 11],[1 13 9 15 4 2 6 7 3 5 11 10 14 12 8 0],68,122
heuristic/esc16a,2,80,0,0,0,[15 11 6 8 10 7 9 13 12 14 0 5 4 3 2 1],[1 13 9 15 4 2 6 7 3 5 11 10 14 12 8 0],68,122
greedy/esc16a,3,68,9,224,0,[14 2 6 4 11 15 13 12 8 10 7 3 1 5 9 0],[1 13 9 15 4 2 6 7 3 5 11 10 14 12 8 0],68,110
steepest/esc16a,3,68,4,600,0,[10 2 6 4 11 15 13 14 12 8 7 3 1 5 9 0],[1 13 9 15 4 2 6 7 3 5 11 10 14 12 8 0],68,110
random/esc16a,3,110,0,0,0,[7 6 11 12 2 15 13 14 4 8 10 3 1 5 9 0],[1 13 9 15 4 2 6 7 3 5 11 10 14 12 8 0],68,110
randomWalk/esc16a,3,110,0,0,0,[7 6 11 12 2 15 13 14 4 8 10 3 1 5 9 0],[1 13 9 15 4 2 6 7 3 5 11 10 14 12 8 0],68,110
heuristic/esc16a,3,80,0,0,0,[15 11 6 8 10 7 9 13 12 14 0 5 4 3 2 1],[1 13 9 15 4 2 6 7 3 5 11 10 14 12 8 0],68,110
greedy/esc16a,4,70,8,318,529600,[9 5 1 8 15 14 10 12 11 13 0 4 2 3 6 7],[1 13 9 15 4 2 6 7 3 5 11 10 14 12 8 0],68,102
steepest/esc16a,4,68,4,600,0,[9 1 2 3 13 14 15 10 11 8 0 5 4 12 6 7],[1 13 9 15 4 2 6 7 3 5 11 10 14 12 8 0],68,102
random/esc16a,4,102,0,0,0,[9 8 4 3 15 14 0 10 11 1 13 5 2 12 6 7],[1 13 9 15 4 2 6 7 3 5 11 10 14 12 8 0],68,102
randomWalk/esc16a,4,102,0,0,0,[9 8 4 3 15 14 0 10 11 1 13 5 2 12 6 7],[1 13 9 15 4 2 6 7 3 5 11 10 14 12 8 0],68,102
heuristic/esc16a,4,80,0,0,0,[15 11 6 8 10 7 9 13 12 14 0 5 4 3 2 1],[1 13 9 15 4 2 6 7 3 5 11 10 14 12 8 0],68,102
greedy/esc16a,5,70,14,463,0,[11 3 10 14 1 5 13 7 15 9 4 0 2 12 6 8],[1 13 9 15 4 2 6 7 3 5 11 10 14 12 8 0],68,126
steepest/esc16a,5,68,4,600,0,[3 10 2 6 9 1 5 7 15 11 4 14 12 13 0 8],[1 13 9 15 4 2 6 7 3 5 11 10 14 12 8 0],68,126
random/esc16a,5,126,0,0,0,[12 7 11 0 9 1 5 10 15 2 4 14 3 13 6 8],[1 13 9 15 4 2 6 7 3 5 11 10 14 12 8 0],68,126
randomWalk/esc16a,5,126,0,0,0,[12 7 11 0 9 1 5 10 15 2 4 14 3 13 6 8],[1 13 9 15 4 2 6 7 3 5 11 10 14 12 8 0],68,126
heuristic/esc16a,5,80,0,0,0,[15 11 6 8 10 7 9 13 12 14 0 5 4 3 2 1],[1 13 9 15 4 2 6 7 3 5 11 10 14 12 8 0],68,126
greedy/esc16a,6,72,11,291,0,[10 9 13 0 2 6 4 12 14 8 3 15 7 1 5 11],[1 13 9 15 4 2 6 7 3 5 11 10 14 12 8 0],68,118
steepest/esc16a,6,68,6,840,0,[8 1 9 5 2 14 6 12 4 0 10 15 7 3 13 11],[1 13 9 15 4 2 6 7 3 5 11 10 14 12 8 0],68,118
random/esc16a,6,118,0,0,0,[9 8 2 13 1 14 4 12 6 3 10 15 7 0 5 11],[1 13 9 15 4 2 6 7 3 5 11 10 14 12 8 0],68,118
randomWalk/esc16a,6,118,0,0,0,[9 8 2 13 1 14 4 12 6 3 10 15 7 0 5 11],[1 13 9 15 4 2 6 7 3 5 11 10 14 12 8 0],68,118
heuristic/esc16a,6,80,0,0,0,[15 11 6 8 10 7 9 13 12 14 0 5 4 3 2 1],[1 13 9 15 4 2 6 7 3 5 11 10 14 12 8 0],68,118
greedy/esc16a,7,72,13,299,0,[9 3 10 7 1 8 5 15 13 11 2 6 0 4 12 14],[1 13 9 15 4 2 6 7 3 5 11 10 14 12 8 0],68,114
steepest/esc16a,7,68,5,720,0,[13 8 9 1 14 15 7 4 5 12 6 10 0 11 2 3],[1 13 9 15 4 2 6 7 3 5 11 10 14 12 8 0],68,114
random/esc16a,7,114,0,0,0,[13 9 8 7 14 15 5 11 1 2 6 10 0 4 12 3],[1 13 9 15 4 2 6 7 3 5 11 10 14 12 8 0],68,114
randomWalk/esc16a,7,114,0,0,0,[13 9 8 7 14 15 5 11 1 2 6 10 0 4 12 3],[1 13 9 15 4 2 6 7 3 5 11 10 14 12 8 0],68,114
heuristic/esc16a,7,80,0,0,0,[15 11 6 8 10 7 9 13 12 14 0 5 4 3 2 1],[1 13 9 15 4 2 6 7 3 5 11 10 14 12 8 0],68,114
greedy/esc16a,8,68,11,543,0,[8 4 6 12 1 11 9 10 2 0 5 7 14 3 15 13],[1 13 9 15 4 2 6 7 3 5 11 10 14 12 8 0],68,116
steepest/esc16a,8,72,4,600,0,[10 3 1 4 11 14 6 8 0 2 5 7 15 12 9 13],[1 13 9 15 4 2 6 7 3 5 11 10 14 12 8 0],68,116
random/esc16a,8,116,0,0,0,[6 12 11 4 1 14 10 15 0 2 5 7 8 3 9 13],[1 13 9 15 4 2 6 7 3 5 11 10 14 12 8 0],68,116
randomWalk/esc16a,8,116,0,0,0,[6 12 11 4 1 14 10 15 0 2 5 7 8 3 9 13],[1 13 9 15 4 2 6 7 3 5 11 10 14 12 8 0],68,116
heuristic/esc16a,8,80,0,0,0,[15 11 6 8 10 7 9 13 12 14 0 5 4 3 2 1],[1 13 9 15 4 2 6 7 3 5 11 10 14 12 8 0],68,116
greedy/esc16a,9,68,9,270,0,[5 1 0 2 13 12 14 4 6 7 11 9 8 10 3 15],[1 13 9 15 4 2 6 7 3 5 11 10 14 12 8 0],68,114
steepest/esc16a,9,68,4,600,0,[15 3 1 9 6 14 12 13 5 7 4 11 8 10 2 0],[1 13 9 15 4 2 6 7 3 5 11 10 14 12 8 0],68,114
random/esc16a,9,114,0,0,0,[0 11 1 5 9 14 12 13 6 7 4 3 8 10 2 15],[1 13 9 15 4 2 6 7 3 5 11 10 14 12 8 0],68,114
randomWalk/esc16a,9,114,0,0,0,[0 11 1 5 9 14 12 13 6 7 4 3 8 10 2 15],[1 13 9 15 4 2 6 7 3 5 11 10 14 12 8 0],68,114
heuristic/esc16a,9,80,0,0,539700,[15 11 6 8 10 7 9 13 12 14 0 5 4 3 2 1],[1 13 9 15 4 2 6 7 3 5 11 10 14 12 8 0],68,114
greedy/esc16a,10,72,11,321,0,[14 4 8 5 6 11 7 15 13 12 0 1 10 9 3 2],[1 13 9 15 4 2 6 7 3 5 11 10 14 12 8 0],68,116
steepest/esc16a,10,68,5,720,0,[14 6 0 2 15 13 11 12 8 10 7 5 4 9 3 1],[1 13 9 15 4 2 6 7 3 5 11 10 14 12 8 0],68,116
random/esc16a,10,116,0,0,0,[14 6 1 8 5 13 11 15 0 10 7 12 4 9 3 2],[1 13 9 15 4 2 6 7 3 5 11 10 14 12 8 0],68,116
randomWalk/esc16a,10,116,0,0,0,[14 6 1 8 5 13 11 15 0 10 7 12 4 9 3 2],[1 13 9 15 4 2 6 7 3 5 11 10 14 12 8 0],68,116
heuristic/esc16a,10,80,0,0,0,[15 11 6 8 10 7 9 13 12 14 0 5 4 3 2 1],[1 13 9 15 4 2 6 7 3 5 11 10 14 12 8 0],68,116
greedy/lipa60a,1,108308,117,11990,0,[29 47 22 7 11 3 39 15 48 34 35 6 21 46 25 1 52 26 50 40 36 5 12 24 0 44 32 30 33 14 41 8 17 2 28 23 45 9 37 10 53 42 43 13 49 59 19 31 4 16 56 27 51 38 54 20 55 57 58 18],[24 47 16 3 49 12 15 40 0 36 21 26 45 33 37 11 8 2 7 32 46 53 30 42 39 9 34 22 28 56 1 5 50 55 48 20 29 35 14 38 58 17 51 27 25 43 13 59 31 4 19 10 54 44 52 23 41 6 57 18],107218,110123
steepest/lipa60a,1,108310,43,77880,16985800,[44 22 41 36 8 51 5 45 2 4 6 58 54 7 40 39 9 49 11 57 32 55 35 28 25 26 29 48 12 24 50 14 18 30 47 15 33 10 19 31 53 16 13 46 34 37 38 3 1 21 23 59 17 42 43 56 20 0 27 52],[24 47 16 3 49 12 15 40 0 36 21 26 45 33 37 11 8 2 7 32 46 53 30 42 39 9 34 22 28 56 1 5 50 55 48 20 29 35 14 38 58 17 51 27 25 43 13 59 31 4 19 10 54 44 52 23 41 6 57 18],107218,110123
random/lipa60a,1,109627,661,661,9099800,[50 49 3 48 14 11 19 22 4 57 41 8 53 40 35 2 6 52 39 38 17 1 28 9 12 27 30 44 13 26 32 37 33 21 20 34 31 36 10 15 54 45 23 7 24 46 43 51 58 0 25 29 56 16 18 5 55 47 59 42],[24 47 16 3 49 12 15 40 0 36 21 26 45 33 37 11 8 2 7 32 46 53 30 42 39 9 34 22 28 56 1 5 50 55 48 20 29 35 14 38 58 17 51 27 25 43 13 59 31 4 19 10 54 44 52 23 41 6 57 18],107218,110123
randomWalk/lipa60a,1,110092,41949,41949,9436900,[5 44 35 43 12 18 1 28 8 54 38 39 23 41 6 17 3 0 16 49 50 47 52 51 56 20 29 31 36 9 40 45 2 15 19 32 33 55 42 24 30 25 14 4 26 11 53 13 59 27 46 22 7 48 37 10 58 34 21 57],[24 47 16 3 49 12 15 40 0 36 21 26 45 33 37 11 8 2 7 32 46 53 30 42 39 9 34 22 28 56 1 5 50 55 48 20 29 35 14 38 58 17 51 27 25 43 13 59 31 4 19 10 54 44 52 23 41 6 57 18],107218,110123
heuristic/lipa60a,1,109927,0,0,0,[2 15 51 12 14 30 49 1 50 44 20 52 25 6 23 35 32 19 29 13 17 21 10 34 5 46 54 36 16 8 4 58 57 53 38 39 11 27 9 3 40 24 48 18 41 31 56 55 22 33 42 59 0 47 37 7 45 28 43 26],[24 47 16 3 49 12 15 40 0 36 21 26 45 33 37 11 8 2 7 32 46 53 30 42 39 9 34 22 28 56 1 5 50 55 48 20 29 35 14 38 58 17 51 27 25 43 13 59 31 4 19 10 54 44 52 23 41 6 57 18],107218,110123
greedy/lipa60a,2,108322,103,14811,2020400,[30 45 1 49 55 28 57 13 23 34 31 17 50 7 39 43 59 38 33 27 37 10 9 29 16 46 44 21 20 41 26 51 14 5 3 40 6 47 54 53 8 35 52 58 19 22 18 11 4 12 15 2 36 24 0 56 25 42 32 48],[24 47 16 3 49 12 15 40 0 36 21 26 45 33 37 11 8 2 7 32 46 53 30 42 39 9 34 22 28 56 1 5 50 55 48 20 29 35 14 38 58 17 51 27 25 43 13 59 31 4 19 10 54 44 52 23 41 6 57 18],107218,110083
steepest/lipa60a,2,108357,35,63720,10365300,[54 33 16 0 49 3 14 31 37 4 32 47 38 23 51 19 6 50 27 43 2 34 42 55 46 10 17 7 48 41 26 59 18 56 1 5 28 21 39 9 20 35 40 45 29 53 11 58 57 25 52 12 15 44 24 8 36 30 13 22],[24 47 16 3 49 12 15 40 0 36 21 26 45 33 37 11 8 2 7 32 46 53 30 42 39 9 34 22 28 56 1 5 50 55 48 20 29 35 14 38 58 17 51 27 25 43 13 59 31 4 19 10 54 44 52 23 41 6 57 18],107218,110083
random/lipa60a,2,109667,2435,2435,10094700,[41 2 35 30 15 27 56 5 51 46 29 23 45 24 38 53 10 8 42 36 32 25 39 18 40 47 12 50 49 59 43 9 34 20 31 28 16 13 11 58 19 14 57 3 17 52 55 44 48 37 22 4 1 33 54 6 0 7 21 26],[24 47 16 3 49 12 15 40 0 36 21 26 45 33 37 11 8 2 7 32 46 53 30 42 39 9 34 22 28 56 1 5 50 55 48 20 29 35 14 38 58 17 51 27 25 43 13 59 31 4 19 10 54 44 52 23 41 6 57 18],107218,110083
randomWalk/lipa60a,2,110141,84785,84785,16322000,[20 23 31 36 56 54 5 8 17 3 9 1 44 55 53 35 24 51 13 37 40 57 42 19 41 45 59 33 12 39 29 43 18 15 14 7 38 26 47 52 21 11 34 22 50 10 25 48 46 2 32 6 30 49 16 27 58 4 28 0],[24 47 16 3 49 12 15 40 0 36 21 26 45 33 37 11 8 2 7 32 46 53 30 42 39 9 34 22 28 56 1 5 50 55 48 20 29 35 14 38 58 17 51 27 25 43 13 59 31 4 19 10 54 44 52 23 41 6 57 18],107218,110083
heuristic/lipa60a,2,109927,0,0,0,[2 15 51 12 14 30 49 1 50 44 20 52 25 6 23 35 32 19 29 13 17 21 10 34 5 46 54 36 16 8 4 58 57 53 38 39 11 27 9 3 40 24 48 18 41 31 56 55 22 33 42 59 0 47 37 7 45 28 43 26],[24 47 16 3 49 12 15 40 0 36 21 26 45 33 37 11 8 2 7 32 46 53 30 42 39 9 34 22 28 56 1 5 50 55 48 20 29 35 14 38 58 17 51 27 25 43 13 59 31 4 19 10 54 44 52 23 41 6 57 18],107218,110083
greedy/lipa60a,3,108496,104,10764,3179000,[13 11 40 47 23 5 21 14 39 35 28 18 46 48 32 29 55 42 12 26 37 10 49 44 9 58 51 25 43 7 19 53 56 15 41 16 50 54 3 17 30 4 33 22 36 27 0 57 2 6 45 8 52 24 59 1 31 20 34 38],[24 47 16 3 49 12 15 40 0 36 21 26 45 33 37 11 8 2 7 32 46 53 30 42 39 9 34 22 28 56 1 5 50 55 48 20 29 35 14 38 58 17 51 27 25 43 13 59 31 4 19 10 54 44 52 23 41 6 57 18],107218,110181
steepest/lipa60a,3,108367,36,65490,11751000,[38 29 19 55 57 50 44 56 12 35 58 1 2 48 46 24 11 45 9 13 25 30 4 36 10 7 21 33 49 59 39 42 6 23 43 51 37 52 5 40 53 8 32 31 3 16 18 22 28 47 15 14 54 17 20 26 27 41 34 0],[24 47 16 3 49 12 15 40 0 36 21 26 45 33 37 11 8 2 7 32 46 53 30 42 39 9 34 22 28 56 1 5 50 55 48 20 29 35 14 38 58 17 51 27 25 43 13 59 31 4 19 10 54 44 52 23 41 6 57 18],107218,110181
random/lipa60a,3,109594,2595,2595,9232400,[43 42 46 24 47 56 1 31 41 39 32 17 3 37 28 23 58 12 57 8 50 34 2 4 27 16 0 53 54 21 35 59 55 9 19 14 6 22 7 26 30 51 52 40 29 11 5 20 15 33 25 10 45 18 48 13 44 36 38 49],[24 47 16 3 49 12 15 40 0 36 21 26 45 33 37 11 8 2 7 32 46 53 30 42 39 9 34 22 28 56 1 5 50 55 48 20 29 35 14 38 58 17 51 27 25 43 13 59 31 4 19 10 54 44 52 23 41 6 57 18],107218,110181
randomWalk/lipa60a,3,110271,48883,48883,9935700,[30 43 29 25 48 10 4 58 37 33 17 5 44 23 40 45 27 34 2 50 28 9 13 31 52 32 22 20 47 38 53 26 3 51 11 57 24 18 19 55 6 54 39 42 56 15 8 16 41 21 1 46 35 0 7 36 12 59 14 49],[24 47 16 3 49 12 15 40 0 36 21 26 45 33 37 11 8 2 7 32 46 53 30 42 39 9 34 22 28 56 1 5 50 55 48 20 29 35 14 38 58 17 51 27 25 43 13 59 31 4 19 10 54 44 52 23 41 6 57 18],107218,110181
heuristic/lipa60a,3,109927,0,0,0,[2 15 51 12 14 30 49 1 50 44 20 52 25 6 23 35 32 19 29 13 17 21 10 34 5 46 54 36 16 8 4 58 57 53 38 39 11 27 9 3 40 24 48 18 41 31 56 55 22 33 42 59 0 47 37 7 45 28 43 26],[24 47 16 3 49 12 15 40 0 36 21 26 45 33 37 11 8 2 7 32 46 53 30 42 39 9 34 22 28 56 1 5 50 55 48 20 29 35 14 38 58 17 51 27 25 43 13 59 31 4 19 10 54 44 52 23 41 6 57 18],107218,110181
greedy/lipa60a,4,108325,88,14288,2518500,[17 45 30 29 58 47 54 22 13 21 46 7 27 51 18 1 0 9 38 43 34 50 42 33 20 25 56 2 6 8 5 26 57 15 41 23 4 36 49 32 11 14 48 31 39 52 10 35 28 37 59 3 19 24 12 44 55 16 53 40],[24 47 16 3 49 12 15 40 0 36 21 26 45 33 37 11 8 2 7 32 46 53 30 42 39 9 34 22 28 56 1 5 50 55 48 20 29 35 14 38 58 17 51 27 25 43 13 59 31 4 19 10 54 44 52 23 41 6 57 18],107218,109978
steepest/lipa60a,4,108479,29,53100,9093400,[13 47 37 58 40 45 55 22 42 51 8 4 9 30 6 54 0 20 26 3 12 49 46 1 23 19 28 43 52 7 11 24 21 33 41 48 34 31 50 32 18 56 25 39 44 53 59 35 2 16 27 10 15 38 5 57 14 36 29 17],[24 47 16 3 49 12 15 40 0 36 21 26 45 33 37 11 8 2 7 32 46 53 30 42 39 9 34 22 28 56 1 5 50 55 48 20 29 35 14 38 58 17 51 27 25 43 13 59 31 4 19 10 54 44 52 23 41 6 57 18],107218,109978
random/lipa60a,4,109666,1844,1844,10030100,[51 49 19 37 47 44 2 3 32 50 40 10 26 58 59 22 43 18 17 0 16 34 21 20 29 38 31 56 9 27 13 57 23 30 42 39 25 1 36 52 5 15 11 14 53 55 54 35 7 28 8 48 45 33 46 41 24 12 4 6],[24 47 16 3 49 12 15 40 0 36 21 26 45 33 37 11 8 2 7 32 46 53 30 42 39 9 34 22 28 56 1 5 50 55 48 20 29 35 14 38 58 17 51 27 25 43 13 59 31 4 19 10 54 44 52 23 41 6 57 18],107218,109978
randomWalk/lipa60a,4,110225,56570,56570,10024400,[36 6 1 54 7 3 31 42 25 16 39 18 55 27 30 5 44 13 8 10 14 52 49 48 34 41 9 23 50 24 0 28 21 43 37 12 15 45 56 2 53 57 46 11 22 38 35 40 26 19 32 33 58 20 51 59 29 47 4 17],[24 47 16 3 49 12 15 40 0 36 21 26 45 33 37 11 8 2 7 32 46 53 30 42 39 9 34 22 28 56 1 5 50 55 48 20 29 35 14 38 58 17 51 27 25 43 13 59 31 4 19 10 54 44 52 23 41 6 57 18],107218,109978
heuristic/lipa60a,4,109927,0,0,0,[2 15 51 12 14 30 49 1 50 44 20 52 25 6 23 35 32 19 29 13 17 21 10 34 5 46 54 36 16 8 4 58 57 53 38 39 11 27 9 3 40 24 48 18 41 31 56 55 22 33 42 59 0 47 37 7 45 28 43 26],[24 47 16 3 49 12 15 40 0 36 21 26 45 33 37 11 8 2 7 32 46 53 30 42 39 9 34 22 28 56 1 5 50 55 48 20 29 35 14 38 58 17 51 27 25 43 13 59 31 4 19 10 54 44 52 23 41 6 57 18],107218,109978
greedy/lipa60a,5,108454,82,8277,1561700,[53 54 29 44 6 49 51 4 55 15 1 7 2 57 18 12 38 56 43 28 48 34 40 37 45 3 35 46 11 17 39 59 27 5 13 10 42 9 22 25 21 52 50 30 47 36 23 0 19 33 20 14 8 24 32 58 31 16 26 41],[24 47 16 3 49 12 15 40 0 36 21 26 45 33 37 11 8 2 7 32 46 53 30 42 39 9 34 22 28 56 1 5 50 55 48 20 29 35 14 38 58 17 51 27 25 43 13 59 31 4 19 10 54 44 52 23 41 6 57 18],107218,110094
steepest/lipa60a,5,108307,38,69030,10361200,[26 47 31 0 44 2 14 51 36 7 1 9 32 58 57 16 43 59 37 11 19 34 10 29 30 46 50 53 48 17 8 13 56 5 41 25 42 28 3 20 35 18 33 15 23 40 38 6 49 54 12 52 55 4 22 21 39 45 24 27],[24 47 16 3 49 12 15 40 0 36 21 26 45 33 37 11 8 2 7 32 46 53 30 42 39 9 34 22 28 56 1 5 50 55 48 20 29 35 14 38 58 17 51 27 25 43 13 59 31 4 19 10 54 44 52 23 41 6 57 18],107218,110094
random/lipa60a,5,109590,2347,2347,10148800,[26 45 2 36 10 38 55 20 57 4 53 18 54 25 34 58 52 47 16 51 59 41 13 35 23 17 29 27 49 1 14 3 7 56 5 43 15 28 12 46 19 40 31 48 9 32 44 30 0 11 42 6 24 33 39 22 37 50 21 8],[24 47 16 3 49 12 15 40 0 36 21 26 45 33 37 11 8 2 7 32 46 53 30 42 39 9 34 22 28 56 1 5 50 55 48 20 29 35 14 38 58 17 51 27 25 43 13 59 31 4 19 10 54 44 52 23 41 6 57 18],107218,110094
randomWalk/lipa60a,5,110247,56612,56612,10375400,[43 9 58 3 24 47 4 11 0 35 17 19 29 59 49 28 10 40 31 54 18 6 37 34 8 1 26 55 25 13 46 12 15 30 57 38 39 50 27 21 7 20 33 44 32 5 53 52 41 45 51 2 36 42 48 22 56 23 16 14],[24 47 16 3 49 12 15 40 0 36 21 26 45 33 37 11 8 2 7 32 46 53 30 42 39 9 34 22 28 56 1 5 50 55 48 20 29 35 14 38 58 17 51 27 25 43 13 59 31 4 19 10 54 44 52 23 41 6 57 18],107218,110094
heuristic/lipa60a,5,109927,0,0,0,[2 15 51 12 14 30 49 1 50 44 20 52 25 6 23 35 32 19 29 13 17 21 10 34 5 46 54 36 16 8 4 58 57 53 38 39 11 27 9 3 40 24 48 18 41 31 56 55 22 33 42 59 0 47 37 7 45 28 43 26],[24 47 16 3 49 12 15 40 0 36 21 26 45 33 37 11 8 2 7 32 46 53 30 42 39 9 34 22 28 56 1 5 50 55 48 20 29 35 14 38 58 17 51 27 25 43 13 59 31 4 19 10 54 44 52 23 41 6 57 18],107218,110094
greedy/lipa60a,6,108459,93,10151,4739100,[39 45 36 2 55 21 47 27 18 33 32 7 11 12 53 37 3 28 10 42 16 43 46 41 8 52 57 23 48 1 6 31 14 20 50 0 26 24 15 54 38 35 40 17 58 22 29 13 51 44 4 9 19 49 5 30 59 25 56 34],[24 47 16 3 49 12 15 40 0 36 21 26 45 33 37 11 8 2 7 32 46 53 30 42 39 9 34 22 28 56 1 5 50 55 48 20 29 35 14 38 58 17 51 27 25 43 13 59 31 4 19 10 54 44 52 23 41 6 57 18],107218,110224
steepest/lipa60a,6,108422,39,70800,13794900,[6 48 54 26 27 43 37 19 16 33 32 13 45 42 57 41 2 51 11 22 24 56 9 12 14 4 15 47 20 46 55 7 17 0 39 35 50 3 21 34 58 1 59 38 36 23 25 40 52 53 30 10 8 49 5 44 28 29 18 31],[24 47 16 3 49 12 15 40 0 36 21 26 45 33 37 11 8 2 7 32 46 53 30 42 39 9 34 22 28 56 1 5 50 55 48 20 29 35 14 38 58 17 51 27 25 43 13 59 31 4 19 10 54 44 52 23 41 6 57 18],107218,110224
random/lipa60a,6,109654,2175,2175,9119300,[4 37 31 17 11 14 29 32 25 19 34 55 23 53 39 10 20 15 38 9 44 40 36 16 21 33 47 13 22 50 7 0 27 2 30 6 42 51 58 12 48 45 18 3 57 59 28 43 54 35 52 41 5 46 1 56 49 24 8 26],[24 47 16 3 49 12 15 40 0 36 21 26 45 33 37 11 8 2 7 32 46 53 30 42 39 9 34 22 28 56 1 5 50 55 48 20 29 35 14 38 58 17 51 27 25 43 13 59 31 4 19 10 54 44 52 23 41 6 57 18],107218,110224
randomWalk/lipa60a,6,110064,101287,101287,18473200,[33 34 28 19 20 47 17 51 54 11 14 1 6 24 3 9 5 44 38 21 27 46 30 48 10 2 12 39 45 16 18 37 23 53 4 59 36 57 8 35 43 15 52 22 29 0 58 25 41 40 31 50 42 55 7 13 49 26 32 56],[24 47 16 3 49 12 15 40 0 36 21 26 45 33 37 11 8 2 7 32 46 53 30 42 39 9 34 22 28 56 1 5 50 55 48 20 29 35 14 38 58 17 51 27 25 43 13 59 31 4 19 10 54 44 52 23 41 6 57 18],107218,110224
heuristic/lipa60a,6,109927,0,0,0,[2 15 51 12 14 30 49 1 50 44 20 52 25 6 23 35 32 19 29 13 17 21 10 34 5 46 54 36 16 8 4 58 57 53 38 39 11 27 9 3 40 24 48 18 41 31 56 55 22 33 42 59 0 47 37 7 45 28 43 26],[24 47 16 3 49 12 15 40 0 36 21 26 45 33 37 11 8 2 7 32 46 53 30 42 39 9 34 22 28 56 1 5 50 55 48 20 29 35 14 38 58 17 51 27 25 43 13 59 31 4 19 10 54 44 52 23 41 6 57 18],107218,110224
greedy/lipa60a,7,108499,96,13754,2459100,[33 47 51 35 13 38 59 58 32 10 29 37 26 57 34 44 56 43 24 46 40 23 16 45 18 39 1 14 49 5 27 28 52 42 21 3 31 15 20 7 17 11 25 8 22 30 54 55 9 12 6 50 53 2 36 41 4 0 48 19],[24 47 16 3 49 12 15 40 0 36 21 26 45 33 37 11 8 2 7 32 46 53 30 42 39 9 34 22 28 56 1 5 50 55 48 20 29 35 14 38 58 17 51 27 25 43 13 59 31 4 19 10 54 44 52 23 41 6 57 18],107218,110005
steepest/lipa60a,7,108491,28,51330,8221100,[13 53 16 14 49 51 15 25 12 38 56 23 28 24 10 36 2 33 29 20 19 37 30 57 46 0 22 40 11 41 52 6 43 58 21 3 59 39 5 35 27 42 7 17 9 48 1 8 55 50 18 54 47 44 45 32 34 4 26 31],[24 47 16 3 49 12 15 40 0 36 21 26 45 33 37 11 8 2 7 32 46 53 30 42 39 9 34 22 28 56 1 5 50 55 48 20 29 35 14 38 58 17 51 27 25 43 13 59 31 4 19 10 54 44 52 23 41 6 57 18],107218,110005
random/lipa60a,7,109671,2527,2527,9012700,[52 25 17 26 47 39 21 4 33 37 55 11 46 0 56 3 20 18 27 9 49 23 5 59 16 54 32 22 19 53 1 50 15 6 34 45 35 41 36 10 40 29 38 48 44 43 13 24 8 51 30 42 14 58 2 7 57 28 31 12],[24 47 16 3 49 12 15 40 0 36 21 26 45 33 37 11 8 2 7 32 46 53 30 42 39 9 34 22 28 56 1 5 50 55 48 20 29 35 14 38 58 17 51 27 25 43 13 59 31 4 19 10 54 44 52 23 41 6 57 18],107218,110005
randomWalk/lipa60a,7,110148,53762,53762,9528900,[43 1 46 57 23 6 31 29 8 0 55 30 45 35 56 12 44 47 13 19 42 5 7 40 33 11 16 51 59 24 50 36 37 32 21 4 52 2 18 48 39 10 3 26 34 38 53 9 22 41 14 20 25 28 54 17 49 58 15 27],[24 47 16 3 49 12 15 40 0 36 21 26 45 33 37 11 8 2 7 32 46 53 30 42 39 9 34 22 28 56 1 5 50 55 48 20 29 35 14 38 58 17 51 27 25 43 13 59 31 4 19 10 54 44 52 23 41 6 57 18],107218,110005
heuristic/lipa60a,7,109927,0,0,0,[2 15 51 12 14 30 49 1 50 44 20 52 25 6 23 35 32 19 29 13 17 21 10 34 5 46 54 36 16 8 4 58 57 53 38 39 11 27 9 3 40 24 48 18 41 31 56 55 22 33 42 59 0 47 37 7 45 28 43 26],[24 47 16 3 49 12 15 40 0 36 21 26 45 33 37 11 8 2 7 32 46 53 30 42 39 9 34 22 28 56 1 5 50 55 48 20 29 35 14 38 58 17 51 27 25 43 13 59 31 4 19 10 54 44 52 23 41 6 57 18],107218,110005
greedy/lipa60a,8,108356,103,9502,0,[7 15 31 20 50 12 43 2 33 23 14 9 3 38 34 59 11 28 45 35 10 6 54 53 19 18 44 36 16 27 47 26 4 41 56 48 13 30 25 46 32 21 49 37 5 1 55 42 8 57 52 24 17 58 29 40 22 51 0 39],[24 47 16 3 49 12 15 40 0 36 21 26 45 33 37 11 8 2 7 32 46 53 30 42 39 9 34 22 28 56 1 5 50 55 48 20 29 35 14 38 58 17 51 27 25 43 13 59 31 4 19 10 54 44 52 23 41 6 57 18],107218,110146
steepest/lipa60a,8,108415,33,60180,11070100,[24 26 46 6 20 54 32 49 4 44 7 9 29 27 43 59 48 10 1 35 57 58 47 50 56 30 53 13 28 45 16 39 37 17 52 19 5 0 36 21 11 2 18 14 33 40 38 23 55 25 42 22 3 12 34 15 31 41 8 51],[24 47 16 3 49 12 15 40 0 36 21 26 45 33 37 11 8 2 7 32 46 53 30 42 39 9 34 22 28 56 1 5 50 55 48 20 29 35 14 38 58 17 51 27 25 43 13 59 31 4 19 10 54 44 52 23 41 6 57 18],107218,110146
random/lipa60a,8,109540,3388,3388,13013000,[57 39 49 26 2 42 9 35 28 5 55 22 38 10 4 31 37 54 41 24 25 48 0 36 46 52 15 11 3 53 33 16 47 34 45 40 1 19 13 51 14 43 23 6 59 18 58 32 50 8 7 29 12 20 27 21 44 30 17 56],[24 47 16 3 49 12 15 40 0 36 21 26 45 33 37 11 8 2 7 32 46 53 30 42 39 9 34 22 28 56 1 5 50 55 48 20 29 35 14 38 58 17 51 27 25 43 13 59 31 4 19 10 54 44 52 23 41 6 57 18],107218,110146
randomWalk/lipa60a,8,110258,58152,58152,12759400,[53 0 5 2 17 16 34 24 31 27 25 40 3 44 35 8 41 9 18 54 7 21 28 1 4 15 55 14 29 50 58 43 38 19 22 6 56 10 46 36 37 42 20 57 32 11 59 48 52 49 12 33 26 47 45 30 13 23 39 51],[24 47 16 3 49 12 15 40 0 36 21 26 45 33 37 11 8 2 7 32 46 53 30 42 39 9 34 22 28 56 1 5 50 55 48 20 29 35 14 38 58 17 51 27 25 43 13 59 31 4 19 10 54 44 52 23 41 6 57 18],107218,110146
heuristic/lipa60a,8,109927,0,0,0,[2 15 51 12 14 30 49 1 50 44 20 52 25 6 23 35 32 19 29 13 17 21 10 34 5 46 54 36 16 8 4 58 57 53 38 39 11 27 9 3 40 24 48 18 41 31 56 55 22 33 42 59 0 47 37 7 45 28 43 26],[24 47 16 3 49 12 15 40 0 36 21 26 45 33 37 11 8 2 7 32 46 53 30 42 39 9 34 22 28 56 1 5 50 55 48 20 29 35 14 38 58 17 51 27 25 43 13 59 31 4 19 10 54 44 52 23 41 6 57 18],107218,110146
greedy/lipa60a,9,108457,83,8332,0,[40 15 14 25 53 20 7 26 33 43 48 51 54 44 59 30 47 13 0 37 8 58 49 50 31 52 24 57 10 32 38 28 42 16 9 27 55 34 11 17 35 21 29 56 6 23 39 5 41 18 1 12 22 36 2 3 4 46 45 19],[24 47 16 3 49 12 15 40 0 36 21 26 45 33 37 11 8 2 7 32 46 53 30 42 39 9 34 22 28 56 1 5 50 55 48 20 29 35 14 38 58 17 51 27 25 43 13 59 31 4 19 10 54 44 52 23 41 6 57 18],107218,109961
steepest/lipa60a,9,108451,32,58410,12788300,[36 52 48 19 22 14 27 9 33 16 18 25 6 41 50 12 21 15 28 30 8 35 13 39 26 44 29 0 51 59 37 31 10 3 40 4 45 38 42 17 34 58 46 56 20 53 11 49 32 7 54 23 24 47 43 5 2 57 55 1],[24 47 16 3 49 12 15 40 0 36 21 26 45 33 37 11 8 2 7 32 46 53 30 42 39 9 34 22 28 56 1 5 50 55 48 20 29 35 14 38 58 17 51 27 25 43 13 59 31 4 19 10 54 44 52 23 41 6 57 18],107218,109961
random/lipa60a,9,109651,2768,2768,10402500,[36 10 58 41 26 33 28 25 22 38 2 39 59 40 18 52 51 3 45 16 13 29 11 48 53 42 6 27 8 14 49 9 4 0 55 35 17 12 46 7 44 57 5 50 24 23 56 43 37 19 20 32 34 47 15 30 21 1 31 54],[24 47 16 3 49 12 15 40 0 36 21 26 45 33 37 11 8 2 7 32 46 53 30 42 39 9 34 22 28 56 1 5 50 55 48 20 29 35 14 38 58 17 51 27 25 43 13 59 31 4 19 10 54 44 52 23 41 6 57 18],107218,109961
randomWalk/lipa60a,9,110176,53345,53345,10344100,[51 17 32 26 36 40 24 15 37 59 48 21 22 57 53 38 6 58 39 9 35 41 34 47 42 46 31 55 43 28 14 11 25 2 8 20 23 3 44 49 10 4 50 16 29 12 33 30 18 7 19 13 56 5 1 45 27 54 52 0],[24 47 16 3 49 12 15 40 0 36 21 26 45 33 37 11 8 2 7 32 46 53 30 42 39 9 34 22 28 56 1 5 50 55 48 20 29 35 14 38 58 17 51 27 25 43 13 59 31 4 19 10 54 44 52 23 41 6 57 18],107218,109961
heuristic/lipa60a,9,109927,0,0,0,[2 15 51 12 14 30 49 1 50 44 20 52 25 6 23 35 32 19 29 13 17 21 10 34 5 46 54 36 16 8 4 58 57 53 38 39 11 27 9 3 40 24 48 18 41 31 56 55 22 33 42 59 0 47 37 7 45 28 43 26],[24 47 16 3 49 12 15 40 0 36 21 26 45 33 37 11 8 2 7 32 46 53 30 42 39 9 34 22 28 56 1 5 50 55 48 20 29 35 14 38 58 17 51 27 25 43 13 59 31 4 19 10 54 44 52 23 41 6 57 18],107218,109961
greedy/lipa60a,10,108524,74,8032,0,[4 3 24 55 32 20 10 27 30 35 6 28 31 18 51 29 16 9 11 43 8 57 36 53 56 17 12 47 50 41 33 39 19 2 58 42 22 26 37 1 52 13 49 45 48 15 7 38 25 0 54 46 14 44 40 34 23 21 59 5],[24 47 16 3 49 12 15 40 0 36 21 26 45 33 37 11 8 2 7 32 46 53 30 42 39 9 34 22 28 56 1 5 50 55 48 20 29 35 14 38 58 17 51 27 25 43 13 59 31 4 19 10 54 44 52 23 41 6 57 18],107218,110069
steepest/lipa60a,10,108445,28,51330,14519500,[10 3 37 28 44 42 57 54 1 50 32 35 53 16 11 36 18 17 30 52 7 6 46 4 8 55 12 2 48 40 47 33 41 34 56 29 22 25 20 49 13 51 15 19 21 23 27 39 31 58 9 43 14 26 38 0 45 5 59 24],[24 47 16 3 49 12 15 40 0 36 21 26 45 33 37 11 8 2 7 32 46 53 30 42 39 9 34 22 28 56 1 5 50 55 48 20 29 35 14 38 58 17 51 27 25 43 13 59 31 4 19 10 54 44 52 23 41 6 57 18],107218,110069
random/lipa60a,10,109633,2752,2752,9913600,[54 49 0 45 32 1 12 47 5 19 57 20 33 29 7 13 36 26 14 43 40 6 28 27 55 10 15 21 25 3 23 50 56 34 44 42 9 2 51 22 39 37 24 4 58 31 46 53 8 16 30 17 18 48 38 11 52 35 41 59],[24 47 16 3 49 12 15 40 0 36 21 26 45 33 37 11 8 2 7 32 46 53 30 42 39 9 34 22 28 56 1 5 50 55 48 20 29 35 14 38 58 17 51 27 25 43 13 59 31 4 19 10 54 44 52 23 41 6 57 18],107218,110069
randomWalk/lipa60a,10,110239,52432,52432,9445700,[5 57 29 7 4 49 38 36 54 31 48 1 15 34 50 46 41 2 18 39 53 43 58 24 35 26 13 45 56 30 22 33 10 17 55 19 9 27 59 40 14 37 44 47 32 3 52 42 21 25 11 8 51 28 6 0 12 20 23 16],[24 47 16 3 49 12 15 40 0 36 21 26 45 33 37 11 8 2 7 32 46 53 30 42 39 9 34 22 28 56 1 5 50 55 48 20 29 35 14 38 58 17 51 27 25 43 13 59 31 4 19 10 54 44 52 23 41 6 57 18],107218,110069
heuristic/lipa60a,10,109927,0,0,0,[2 15 51 12 14 30 49 1 50 44 20 52 25 6 23 35 32 19 29 13 17 21 10 34 5 46 54 36 16 8 4 58 57 53 38 39 11 27 9 3 40 24 48 18 41 31 56 55 22 33 42 59 0 47 37 7 45 28 43 26],[24 47 16 3 49 12 15 40 0 36 21 26 45 33 37 11 8 2 7 32 46 53 30 42 39 9 34 22 28 56 1 5 50 55 48 20 29 35 14 38 58 17 51 27 25 43 13 59 31 4 19 10 54 44 52 23 41 6 57 18],107218,110069
greedy/lipa80a,1,255251,151,37514,9634000,[32 28 23 49 52 3 44 17 65 14 9 57 60 74 56 5 18 71 58 53 31 46 47 73 38 42 75 25 15 55 78 69 26 62 27 34 70 7 29 22 72 11 59 19 77 4 6 37 43 48 33 30 35 1 50 16 24 12 64 10 2 40 41 79 13 0 8 66 21 63 51 61 39 67 45 36 68 76 54 20],[22 71 78 12 65 44 7 70 58 77 39 36 38 45 5 68 56 73 16 66 0 1 28 49 21 79 13 69 40 9 61 26 6 62 55 46 11 19 50 29 53 33 76 43 74 17 27 35 75 48 20 60 4 24 31 2 42 18 63 34 52 47 10 32 25 51 72 67 8 15 57 23 14 64 54 59 30 41 37 3],253195,258789
steepest/lipa80a,1,255367,42,135880,29406700,[51 36 73 49 75 63 50 33 72 38 65 74 19 0 41 43 39 3 31 18 4 60 29 25 2 5 77 20 78 48 26 13 55 8 53 9 69 66 16 6 34 12 24 52 67 59 70 45 30 40 56 68 47 54 44 61 7 46 10 23 79 28 35 1 71 11 42 27 57 15 37 62 17 58 64 22 21 32 14 76],[22 71 78 12 65 44 7 70 58 77 39 36 38 45 5 68 56 73 16 66 0 1 28 49 21 79 13 69 40 9 61 26 6 62 55 46 11 19 50 29 53 33 76 43 74 17 27 35 75 48 20 60 4 24 31 2 42 18 63 34 52 47 10 32 25 51 72 67 8 15 57 23 14 64 54 59 30 41 37 3],253195,258789
random/lipa80a,1,257734,9168,9168,66921600,[37 29 22 31 6 66 1 48 49 35 32 33 8 47 51 34 52 43 39 63 7 67 56 10 45 19 2 76 4 15 50 11 58 12 9 65 68 77 42 28 61 27 62 73 24 25 0 14 72 40 5 46 60 38 17 75 53 23 57 41 55 78 26 18 71 64 21 44 30 70 13 16 54 69 3 74 36 20 59 79],[22 71 78 12 65 44 7 70 58 77 39 36 38 45 5 68 56 73 16 66 0 1 28 49 21 79 13 69 40 9 61 26 6 62 55 46 11 19 50 29 53 33 76 43 74 17 27 35 75 48 20 60 4 24 31 2 42 18 63 34 52 47 10 32 25 51 72 67 8 15 57 23 14 64 54 59 30 41 37 3],253195,258789
randomWalk/lipa80a,1,258198,233380,233380,61100900,[21 45 77 17 67 18 59 38 70 50 44 69 7 57 30 35 63 31 68 4 20 29 37 76 40 62 47 34 43 0 33 6 58 54 56 65 66 71 32 25 11 72 52 36 3 2 23 27 15 49 26 60 5 78 14 16 61 79 13 74 73 51 46 8 24 12 28 9 39 41 75 19 1 55 42 64 10 48 22 53],[22 71 78 12 65 44 7 70 58 77 39 36 38 45 5 68 56 73 16 66 0 1 28 49 21 79 13 69 40 9 61 26 6 62 55 46 11 19 50 29 53 33 76 43 74 17 27 35 75 48 20 60 4 24 31 2 42 18 63 34 52 47 10 32 25 51 72 67 8 15 57 23 14 64 54 59 30 41 37 3],253195,258789
heuristic/lipa80a,1,258667,0,0,0,[33 50 66 42 19 47 40 55 38 78 70 45 48 16 27 53 22 43 79 3 2 11 26 58 62 4 1 68 7 71 72 23 74 76 64 60 44 18 14 20 9 28 57 29 13 56 31 35 10 51 39 75 17 36 30 21 41 46 63 6 5 0 49 12 25 37 69 77 15 34 67 24 54 65 32 61 8 59 73 52],[22 71 78 12 65 44 7 70 58 77 39 36 38 45 5 68 56 73 16 66 0 1 28 49 21 79 13 69 40 9 61 26 6 62 55 46 11 19 50 29 53 33 76 43 74 17 27 35 75 48 20 60 4 24 31 2 42 18 63 34 52 47 10 32 25 51 72 67 8 15 57 23 14 64 54 59 30 41 37 3],253195,258789
greedy/lipa80a,2,255292,137,19157,4010400,[49 2 28 22 38 11 4 63 68 8 37 71 47 6 41 9 5 64 16 13 54 65 77 53 14 36 1 79 44 15 40 43 45 50 58 23 3 61 25 35 76 69 19 62 32 60 51 72 55 78 33 7 10 42 21 52 31 74 18 57 73 27 34 46 48 67 30 24 39 12 17 66 75 56 0 26 70 20 29 59],[22 71 78 12 65 44 7 70 58 77 39 36 38 45 5 68 56 73 16 66 0 1 28 49 21 79 13 69 40 9 61 26 6 62 55 46 11 19 50 29 53 33 76 43 74 17 27 35 75 48 20 60 4 24 31 2 42 18 63 34 52 47 10 32 25 51 72 67 8 15 57 23 14 64 54 59 30 41 37 3],253195,258373
steepest/lipa80a,2,255414,43,139040,30111300,[62 68 25 43 8 4 53 78 47 45 73 16 77 76 34 2 63 40 31 57 49 33 14 54 1 59 38 17 18 61 60 56 55 72 6 64 13 9 35 41 28 37 58 5 30 10 65 48 22 70 71 26 44 27 19 46 11 39 15 75 23 0 67 20 7 69 66 42 21 3 12 36 50 79 51 32 24 29 74 52],[22 71 78 12 65 44 7 70 58 77 39 36 38 45 5 68 56 73 16 66 0 1 28 49 21 79 13 69 40 9 61 26 6 62 55 46 11 19 50 29 53 33 76 43 74 17 27 35 75 48 20 60 4 24 31 2 42 18 63 34 52 47 10 32 25 51 72 67 8 15 57 23 14 64 54 59 30 41 37 3],253195,258373
random/lipa80a,2,257722,8427,8427,62485300,[31 46 14 40 23 71 55 79 45 12 13 69 52 17 67 22 37 76 56 66 33 73 58 50 38 77 60 41 39 27 48 21 75 3 51 6 11 35 63 32 59 65 0 64 28 57 68 72 74 10 8 44 19 18 61 25 16 9 20 43 34 49 42 24 5 7 47 36 26 70 4 62 1 54 29 53 2 78 15 30],[22 71 78 12 65 44 7 70 58 77 39 36 38 45 5 68 56 73 16 66 0 1 28 49 21 79 13 69 40 9 61 26 6 62 55 46 11 19 50 29 53 33 76 43 74 17 27 35 75 48 20 60 4 24 31 2 42 18 63 34 52 47 10 32 25 51 72 67 8 15 57 23 14 64 54 59 30 41 37 3],253195,258373
randomWalk/lipa80a,2,258581,260881,260881,70973000,[21 28 42 13 76 47 68 55 19 38 74 60 64 14 9 18 50 48 17 43 16 35 29 46 33 31 34 22 54 78 75 73 25 15 52 72 2 59 20 57 67 66 0 6 45 77 49 23 62 24 12 32 44 39 1 5 63 65 71 11 51 53 79 36 27 41 37 8 61 26 69 3 7 70 4 56 58 10 40 30],[22 71 78 12 65 44 7 70 58 77 39 36 38 45 5 68 56 73 16 66 0 1 28 49 21 79 13 69 40 9 61 26 6 62 55 46 11 19 50 29 53 33 76 43 74 17 27 35 75 48 20 60 4 24 31 2 42 18 63 34 52 47 10 32 25 51 72 67 8 15 57 23 14 64 54 59 30 41 37 3],253195,258373
heuristic/lipa80a,2,258667,0,0,0,[33 50 66 42 19 47 40 55 38 78 70 45 48 16 27 53 22 43 79 3 2 11 26 58 62 4 1 68 7 71 72 23 74 76 64 60 44 18 14 20 9 28 57 29 13 56 31 35 10 51 39 75 17 36 30 21 41 46 63 6 5 0 49 12 25 37 69 77 15 34 67 24 54 65 32 61 8 59 73 52],[22 71 78 12 65 44 7 70 58 77 39 36 38 45 5 68 56 73 16 66 0 1 28 49 21 79 13 69 40 9 61 26 6 62 55 46 11 19 50 29 53 33 76 43 74 17 27 35 75 48 20 60 4 24 31 2 42 18 63 34 52 47 10 32 25 51 72 67 8 15 57 23 14 64 54 59 30 41 37 3],253195,258373
greedy/lipa80a,3,255385,135,18173,2024500,[2 37 22 43 54 42 47 46 29 65 15 53 71 49 69 64 12 17 23 30 7 51 39 24 72 40 28 18 27 34 77 13 20 36 61 57 8 5 11 4 58 14 3 0 68 55 16 73 62 78 48 31 59 33 41 56 6 10 26 44 60 21 45 67 79 63 38 9 35 25 76 52 75 50 74 70 19 32 66 1],[22 71 78 12 65 44 7 70 58 77 39 36 38 45 5 68 56 73 16 66 0 1 28 49 21 79 13 69 40 9 61 26 6 62 55 46 11 19 50 29 53 33 76 43 74 17 27 35 75 48 20 60 4 24 31 2 42 18 63 34 52 47 10 32 25 51 72 67 8 15 57 23 14 64 54 59 30 41 37 3],253195,258550
steepest/lipa80a,3,255348,50,161160,39493700,[26 6 12 32 13 76 43 52 36 22 16 73 27 41 66 21 38 40 61 50 69 3 14 64 7 49 44 63 19 48 51 30 10 18 33 1 47 46 0 17 68 31 28 58 11 74 37 78 5 55 9 54 62 34 20 4 79 59 15 29 57 8 23 67 65 42 75 39 70 60 2 53 77 72 25 35 71 24 56 45],[22 71 78 12 65 44 7 70 58 77 39 36 38 45 5 68 56 73 16 66 0 1 28 49 21 79 13 69 40 9 61 26 6 62 55 46 11 19 50 29 53 33 76 43 74 17 27 35 75 48 20 60 4 24 31 2 42 18 63 34 52 47 10 32 25 51 72 67 8 15 57 23 14 64 54 59 30 41 37 3],253195,258550
random/lipa80a,3,257744,10433,10433,62698800,[60 3 19 6 66 24 2 54 20 64 4 45 79 36 55 56 37 33 61 78 70 52 46 9 58 10 39 72 26 1 22 75 16 23 40 31 43 76 12 21 44 49 35 74 14 48 62 41 27 69 65 11 71 28 68 32 18 0 30 42 63 34 57 5 67 77 50 47 59 17 7 73 13 53 8 25 38 15 29 51],[22 71 78 12 65 44 7 70 58 77 39 36 38 45 5 68 56 73 16 66 0 1 28 49 21 79 13 69 40 9 61 26 6 62 55 46 11 19 50 29 53 33 76 43 74 17 27 35 75 48 20 60 4 24 31 2 42 18 63 34 52 47 10 32 25 51 72 67 8 15 57 23 14 64 54 59 30 41 37 3],253195,258550
randomWalk/lipa80a,3,258129,235192,235192,62218200,[10 52 35 41 72 23 43 11 67 31 68 19 4 49 28 2 58 27 3 12 71 50 53 1 54 29 6 56 75 55 42 73 7 13 46 78 40 45 25 20 62 79 65 63 24 16 64 77 76 30 70 38 37 61 36 18 69 74 5 15 59 34 44 21 66 60 9 26 39 0 33 8 32 51 14 48 47 57 17 22],[22 71 78 12 65 44 7 70 58 77 39 36 38 45 5 68 56 73 16 66 0 1 28 49 21 79 13 69 40 9 61 26 6 62 55 46 11 19 50 29 53 33 76 43 74 17 27 35 75 48 20 60 4 24 31 2 42 18 63 34 52 47 10 32 25 51 72 67 8 15 57 23 14 64 54 59 30 41 37 3],253195,258550
heuristic/lipa80a,3,258667,0,0,5757800,[33 50 66 42 19 47 40 55 38 78 70 45 48 16 27 53 22 43 79 3 2 11 26 58 62 4 1 68 7 71 72 23 74 76 64 60 44 18 14 20 9 28 57 29 13 56 31 35 10 51 39 75 17 36 30 21 41 46 63 6 5 0 49 12 25 37 69 77 15 34 67 24 54 65 32 61 8 59 73 52],[22 71 78 12 65 44 7 70 58 77 39 36 38 45 5 68 56 73 16 66 0 1 28 49 21 79 13 69 40 9 61 26 6 62 55 46 11 19 50 29 53 33 76 43 74 17 27 35 75 48 20 60 4 24 31 2 42 18 63 34 52 47 10 32 25 51 72 67 8 15 57 23 14 64 54 59 30 41 37 3],253195,258550
greedy/lipa80a,4,255489,122,19709,4136200,[54 22 16 1 50 57 20 60 47 19 43 4 24 73 38 75 21 40 48 30 67 26 8 37 46 44 64 31 2 0 14 13 10 49 74 62 36 6 17 72 53 65 35 3 28 34 70 15 27 56 51 63 9 45 52 12 33 25 76 5 11 32 55 7 66 69 68 59 78 18 61 58 41 71 23 79 77 39 29 42],[22 71 78 12 65 44 7 70 58 77 39 36 38 45 5 68 56 73 16 66 0 1 28 49 21 79 13 69 40 9 61 26 6 62 55 46 11 19 50 29 53 33 76 43 74 17 27 35 75 48 20 60 4 24 31 2 42 18 63 34 52 47 10 32 25 51 72 67 8 15 57 23 14 64 54 59 30 41 37 3],253195,258673
steepest/lipa80a,4,255500,42,135880,28353100,[71 64 19 35 79 75 34 48 8 55 70 47 69 53 37 16 17 29 38 26 12 42 32 76 41 4 54 2 67 49 77 36 18 62 1 31 0 24 46 59 14 27 57 73 28 13 63 51 15 9 43 22 61 52 56 20 21 11 5 25 39 60 44 65 74 3 78 45 68 40 7 58 66 10 50 30 72 6 33 23],[22 71 78 12 65 44 7 70 58 77 39 36 38 45 5 68 56 73 16 66 0 1 28 49 21 79 13 69 40 9 61 26 6 62 55 46 11 19 50 29 53 33 76 43 74 17 27 35 75 48 20 60 4 24 31 2 42 18 63 34 52 47 10 32 25 51 72 67 8 15 57 23 14 64 54 59 30 41 37 3],253195,258673
random/lipa80a,4,257781,8498,8498,61484600,[0 38 71 53 44 37 46 79 17 28 68 48 54 56 24 58 4 51 20 39 65 62 64 33 74 16 18 26 5 12 70 57 27 29 15 72 77 23 25 2 22 63 42 1 11 45 76 31 49 50 7 32 40 52 55 14 75 21 10 67 30 41 59 78 3 9 6 8 47 35 73 69 66 60 34 36 61 13 19 43],[22 71 78 12 65 44 7 70 58 77 39 36 38 45 5 68 56 73 16 66 0 1 28 49 21 79 13 69 40 9 61 26 6 62 55 46 11 19 50 29 53 33 76 43 74 17 27 35 75 48 20 60 4 24 31 2 42 18 63 34 52 47 10 32 25 51 72 67 8 15 57 23 14 64 54 59 30 41 37 3],253195,258673
randomWalk/lipa80a,4,258428,213390,213390,64263800,[35 38 16 56 50 39 74 0 48 10 78 71 63 5 51 45 27 31 41 6 46 8 73 21 33 23 72 61 55 4 75 47 17 15 36 67 14 60 26 49 7 2 40 25 30 3 20 37 66 79 69 1 22 65 18 62 76 42 29 70 11 44 57 12 28 68 77 32 52 53 24 64 59 13 9 34 54 43 58 19],[22 71 78 12 65 44 7 70 58 77 39 36 38 45 5 68 56 73 16 66 0 1 28 49 21 79 13 69 40 9 61 26 6 62 55 46 11 19 50 29 53 33 76 43 74 17 27 35 75 48 20 60 4 24 31 2 42 18 63 34 52 47 10 32 25 51 72 67 8 15 57 23 14 64 54 59 30 41 37 3],253195,258673
heuristic/lipa80a,4,258667,0,0,0,[33 50 66 42 19 47 40 55 38 78 70 45 48 16 27 53 22 43 79 3 2 11 26 58 62 4 1 68 7 71 72 23 74 76 64 60 44 18 14 20 9 28 57 29 13 56 31 35 10 51 39 75 17 36 30 21 41 46 63 6 5 0 49 12 25 37 69 77 15 34 67 24 54 65 32 61 8 59 73 52],[22 71 78 12 65 44 7 70 58 77 39 36 38 45 5 68 56 73 16 66 0 1 28 49 21 79 13 69 40 9 61 26 6 62 55 46 11 19 50 29 53 33 76 43 74 17 27 35 75 48 20 60 4 24 31 2 42 18 63 34 52 47 10 32 25 51 72 67 8 15 57 23 14 64 54 59 30 41 37 3],253195,258673
greedy/lipa80a,5,255311,134,23086,4846000,[31 26 59 0 78 13 19 33 68 79 71 56 62 44 21 50 5 17 54 76 65 12 55 30 47 8 40 63 43 74 7 32 25 60 18 3 73 35 66 45 14 37 27 36 39 48 57 15 72 20 77 67 2 61 22 4 41 9 64 28 58 16 75 29 69 34 11 24 42 53 51 49 52 46 23 38 10 6 1 70],[22 71 78 12 65 44 7 70 58 77 39 36 38 45 5 68 56 73 16 66 0 1 28 49 21 79 13 69 40 9 61 26 6 62 55 46 11 19 50 29 53 33 76 43 74 17 27 35 75 48 20 60 4 24 31 2 42 18 63 34 52 47 10 32 25 51 72 67 8 15 57 23 14 64 54 59 30 41 37 3],253195,258571
steepest/lipa80a,5,255364,47,151680,32313700,[2 45 17 1 66 18 14 72 23 38 36 40 41 77 68 5 71 21 22 54 79 39 50 30 19 31 11 32 7 33 13 28 78 27 74 26 64 37 75 51 57 46 69 4 15 67 58 73 47 44 42 65 10 61 0 63 9 25 55 34 53 6 76 52 62 49 12 24 56 20 8 70 16 48 60 59 35 29 43 3],[22 71 78 12 65 44 7 70 58 77 39 36 38 45 5 68 56 73 16 66 0 1 28 49 21 79 13 69 40 9 61 26 6 62 55 46 11 19 50 29 53 33 76 43 74 17 27 35 75 48 20 60 4 24 31 2 42 18 63 34 52 47 10 32 25 51 72 67 8 15 57 23 14 64 54 59 30 41 37 3],253195,258571
random/lipa80a,5,257655,10445,10445,67123300,[9 67 37 1 77 19 58 24 56 60 70 23 68 41 39 74 13 47 18 64 16 49 75 65 57 27 62 72 36 71 22 29 20 50 25 51 28 52 11 12 35 43 66 8 10 14 54 40 5 45 59 44 76 7 26 48 0 34 33 2 21 4 32 17 55 53 79 6 31 46 42 78 38 63 30 69 3 61 15 73],[22 71 78 12 65 44 7 70 58 77 39 36 38 45 5 68 56 73 16 66 0 1 28 49 21 79 13 69 40 9 61 26 6 62 55 46 11 19 50 29 53 33 76 43 74 17 27 35 75 48 20 60 4 24 31 2 42 18 63 34 52 47 10 32 25 51 72 67 8 15 57 23 14 64 54 59 30 41 37 3],253195,258571
randomWalk/lipa80a,5,258317,240374,240374,61197700,[77 47 5 68 14 26 58 31 50 66 54 34 16 72 41 3 57 22 51 11 24 69 43 29 6 23 70 48 13 4 71 15 17 19 59 8 33 76 42 75 32 27 1 10 18 56 45 9 21 7 79 30 61 62 44 67 28 78 73 36 39 64 0 49 53 60 37 52 12 35 25 38 40 46 55 63 2 65 20 74],[22 71 78 12 65 44 7 70 58 77 39 36 38 45 5 68 56 73 16 66 0 1 28 49 21 79 13 69 40 9 61 26 6 62 55 46 11 19 50 29 53 33 76 43 74 17 27 35 75 48 20 60 4 24 31 2 42 18 63 34 52 47 10 32 25 51 72 67 8 15 57 23 14 64 54 59 30 41 37 3],253195,258571
heuristic/lipa80a,5,258667,0,0,0,[33 50 66 42 19 47 40 55 38 78 70 45 48 16 27 53 22 43 79 3 2 11 26 58 62 4 1 68 7 71 72 23 74 76 64 60 44 18 14 20 9 28 57 29 13 56 31 35 10 51 39 75 17 36 30 21 41 46 63 6 5 0 49 12 25 37 69 77 15 34 67 24 54 65 32 61 8 59 73 52],[22 71 78 12 65 44 7 70 58 77 39 36 38 45 5 68 56 73 16 66 0 1 28 49 21 79 13 69 40 9 61 26 6 62 55 46 11 19 50 29 53 33 76 43 74 17 27 35 75 48 20 60 4 24 31 2 42 18 63 34 52 47 10 32 25 51 72 67 8 15 57 23 14 64 54 59 30 41 37 3],253195,258571
greedy/lipa80a,6,255317,133,20269,1021500,[6 56 21 72 19 11 73 71 78 53 70 43 34 20 65 32 66 23 40 54 52 14 36 0 41 2 57 16 49 13 50 15 37 46 76 51 4 24 47 75 18 68 17 30 58 1 69 62 35 63 42 3 77 8 55 29 60 61 48 25 45 7 38 22 9 31 28 5 64 26 44 12 79 39 33 67 10 59 27 74],[22 71 78 12 65 44 7 70 58 77 39 36 38 45 5 68 56 73 16 66 0 1 28 49 21 79 13 69 40 9 61 26 6 62 55 46 11 19 50 29 53 33 76 43 74 17 27 35 75 48 20 60 4 24 31 2 42 18 63 34 52 47 10 32 25 51 72 67 8 15 57 23 14 64 54 59 30 41 37 3],253195,258438
steepest/lipa80a,6,255046,54,173800,38539600,[66 28 56 49 23 11 22 29 51 20 77 34 73 58 25 33 65 64 40 70 13 74 5 62 38 2 61 37 48 69 54 21 12 9 15 53 35 17 41 75 16 52 1 14 42 19 6 32 31 79 10 8 0 47 30 63 7 44 71 43 4 24 46 3 36 27 57 50 18 26 67 68 59 39 72 60 55 45 78 76],[22 71 78 12 65 44 7 70 58 77 39 36 38 45 5 68 56 73 16 66 0 1 28 49 21 79 13 69 40 9 61 26 6 62 55 46 11 19 50 29 53 33 76 43 74 17 27 35 75 48 20 60 4 24 31 2 42 18 63 34 52 47 10 32 25 51 72 67 8 15 57 23 14 64 54 59 30 41 37 3],253195,258438
random/lipa80a,6,257801,10165,10165,62556600,[76 45 71 28 67 24 16 8 48 10 14 25 70 37 78 33 26 60 73 17 53 34 3 79 15 20 11 55 42 56 1 7 54 74 58 50 2 9 13 77 57 44 32 52 6 5 39 47 66 69 12 19 46 36 65 29 63 18 40 43 38 41 0 72 22 27 51 75 62 31 23 35 4 49 59 64 68 30 21 61],[22 71 78 12 65 44 7 70 58 77 39 36 38 45 5 68 56 73 16 66 0 1 28 49 21 79 13 69 40 9 61 26 6 62 55 46 11 19 50 29 53 33 76 43 74 17 27 35 75 48 20 60 4 24 31 2 42 18 63 34 52 47 10 32 25 51 72 67 8 15 57 23 14 64 54 59 30 41 37 3],253195,258438
randomWalk/lipa80a,6,258466,209575,209575,61515800,[35 12 79 30 47 65 39 10 75 77 17 70 46 54 9 69 40 2 29 76 7 33 66 5 68 14 64 6 37 24 73 63 28 42 11 8 20 43 16 31 25 51 0 49 62 78 27 58 1 56 72 34 71 13 74 22 57 52 45 41 3 53 4 21 61 23 38 19 26 36 18 59 44 60 55 67 50 15 48 32],[22 71 78 12 65 44 7 70 58 77 39 36 38 45 5 68 56 73 16 66 0 1 28 49 21 79 13 69 40 9 61 26 6 62 55 46 11 19 50 29 53 33 76 43 74 17 27 35 75 48 20 60 4 24 31 2 42 18 63 34 52 47 10 32 25 51 72 67 8 15 57 23 14 64 54 59 30 41 37 3],253195,258438
heuristic/lipa80a,6,258667,0,0,0,[33 50 66 42 19 47 40 55 38 78 70 45 48 16 27 53 22 43 79 3 2 11 26 58 62 4 1 68 7 71 72 23 74 76 64 60 44 18 14 20 9 28 57 29 13 56 31 35 10 51 39 75 17 36 30 21 41 46 63 6 5 0 49 12 25 37 69 77 15 34 67 24 54 65 32 61 8 59 73 52],[22 71 78 12 65 44 7 70 58 77 39 36 38 45 5 68 56 73 16 66 0 1 28 49 21 79 13 69 40 9 61 26 6 62 55 46 11 19 50 29 53 33 76 43 74 17 27 35 75 48 20 60 4 24 31 2 42 18 63 34 52 47 10 32 25 51 72 67 8 15 57 23 14 64 54 59 30 41 37 3],253195,258438
greedy/lipa80a,7,255162,154,24166,7299400,[2 7 56 5 0 29 73 8 57 41 6 28 33 13 35 40 42 27 10 30 53 55 66 76 18 4 68 11 74 17 65 67 47 79 12 46 14 69 22 60 63 37 38 45 23 20 52 26 16 15 44 43 72 9 75 1 31 21 71 50 78 32 39 34 25 58 51 49 19 48 64 62 24 59 36 61 3 54 70 77],[22 71 78 12 65 44 7 70 58 77 39 36 38 45 5 68 56 73 16 66 0 1 28 49 21 79 13 69 40 9 61 26 6 62 55 46 11 19 50 29 53 33 76 43 74 17 27 35 75 48 20 60 4 24 31 2 42 18 63 34 52 47 10 32 25 51 72 67 8 15 57 23 14 64 54 59 30 41 37 3],253195,258744
steepest/lipa80a,7,255371,39,126400,26176000,[8 29 69 13 0 75 36 39 51 77 42 57 2 71 1 18 37 46 28 38 53 5 10 79 72 11 43 17 59 34 33 67 55 76 24 12 73 78 9 70 47 23 30 20 32 68 7 74 56 4 50 21 35 22 66 25 52 31 3 15 44 49 27 6 14 61 54 63 26 62 60 58 45 48 40 64 19 65 41 16],[22 71 78 12 65 44 7 70 58 77 39 36 38 45 5 68 56 73 16 66 0 1 28 49 21 79 13 69 40 9 61 26 6 62 55 46 11 19 50 29 53 33 76 43 74 17 27 35 75 48 20 60 4 24 31 2 42 18 63 34 52 47 10 32 25 51 72 67 8 15 57 23 14 64 54 59 30 41 37 3],253195,258744
random/lipa80a,7,257784,9799,9799,62468300,[68 8 23 4 3 17 50 14 27 55 51 52 54 40 19 21 41 18 28 6 75 1 74 47 56 33 66 24 35 30 32 0 43 62 69 63 13 38 37 78 46 53 11 20 5 73 16 57 70 44 72 45 71 76 29 15 60 39 10 36 22 12 34 31 9 49 2 77 7 64 26 67 58 48 25 61 65 79 59 42],[22 71 78 12 65 44 7 70 58 77 39 36 38 45 5 68 56 73 16 66 0 1 28 49 21 79 13 69 40 9 61 26 6 62 55 46 11 19 50 29 53 33 76 43 74 17 27 35 75 48 20 60 4 24 31 2 42 18 63 34 52 47 10 32 25 51 72 67 8 15 57 23 14 64 54 59 30 41 37 3],253195,258744
randomWalk/lipa80a,7,258141,221300,221300,62202100,[53 51 5 3 33 77 24 22 37 21 38 12 75 49 69 15 35 20 42 73 54 29 0 39 47 50 32 2 19 16 59 72 78 58 66 46 52 57 61 65 79 11 36 25 55 44 45 30 9 14 7 48 67 71 1 31 4 43 10 41 74 8 56 23 13 64 6 68 27 62 17 76 60 40 26 63 70 34 28 18],[22 71 78 12 65 44 7 70 58 77 39 36 38 45 5 68 56 73 16 66 0 1 28 49 21 79 13 69 40 9 61 26 6 62 55 46 11 19 50 29 53 33 76 43 74 17 27 35 75 48 20 60 4 24 31 2 42 18 63 34 52 47 10 32 25 51 72 67 8 15 57 23 14 64 54 59 30 41 37 3],253195,258744
heuristic/lipa80a,7,258667,0,0,0,[33 50 66 42 19 47 40 55 38 78 70 45 48 16 27 53 22 43 79 3 2 11 26 58 62 4 1 68 7 71 72 23 74 76 64 60 44 18 14 20 9 28 57 29 13 56 31 35 10 51 39 75 17 36 30 21 41 46 63 6 5 0 49 12 25 37 69 77 15 34 67 24 54 65 32 61 8 59 73 52],[22 71 78 12 65 44 7 70 58 77 39 36 38 45 5 68 56 73 16 66 0 1 28 49 21 79 13 69 40 9 61 26 6 62 55 46 11 19 50 29 53 33 76 43 74 17 27 35 75 48 20 60 4 24 31 2 42 18 63 34 52 47 10 32 25 51 72 67 8 15 57 23 14 64 54 59 30 41 37 3],253195,258744
greedy/lipa80a,8,255351,106,28889,6346800,[7 75 71 31 32 59 25 48 18 24 69 15 21 1 63 19 65 50 74 60 44 77 53 41 14 2 36 6 70 17 68 3 37 27 55 9 76 57 0 30 40 78 22 23 16 20 64 79 45 34 72 47 58 35 66 73 4 10 39 8 67 12 61 56 33 62 54 26 29 11 5 49 13 43 42 52 38 51 28 46],[22 71 78 12 65 44 7 70 58 77 39 36 38 45 5 68 56 73 16 66 0 1 28 49 21 79 13 69 40 9 61 26 6 62 55 46 11 19 50 29 53 33 76 43 74 17 27 35 75 48 20 60 4 24 31 2 42 18 63 34 52 47 10 32 25 51 72 67 8 15 57 23 14 64 54 59 30 41 37 3],253195,257890
steepest/lipa80a,8,255420,42,135880,34215200,[0 72 73 53 37 45 65 68 31 28 2 51 21 46 40 24 75 74 77 13 64 6 48 34 9 43 10 62 54 17 63 47 11 69 58 66 59 57 56 60 33 50 36 7 78 76 55 14 71 61 30 70 5 35 67 26 4 41 44 18 22 12 32 16 42 15 79 1 29 49 19 3 38 27 52 39 20 8 25 23],[22 71 78 12 65 44 7 70 58 77 39 36 38 45 5 68 56 73 16 66 0 1 28 49 21 79 13 69 40 9 61 26 6 62 55 46 11 19 50 29 53 33 76 43 74 17 27 35 75 48 20 60 4 24 31 2 42 18 63 34 52 47 10 32 25 51 72 67 8 15 57 23 14 64 54 59 30 41 37 3],253195,257890
random/lipa80a,8,257810,8993,8993,61371200,[75 45 57 8 78 76 42 77 60 63 30 64 18 65 70 43 49 61 9 68 50 28 48 22 46 15 36 29 52 16 51 37 74 6 24 62 44 71 66 13 7 14 1 59 73 38 32 11 40 39 41 5 47 3 35 17 33 23 31 25 34 20 26 27 0 72 10 58 79 69 12 4 2 19 55 56 53 54 21 67],[22 71 78 12 65 44 7 70 58 77 39 36 38 45 5 68 56 73 16 66 0 1 28 49 21 79 13 69 40 9 61 26 6 62 55 46 11 19 50 29 53 33 76 43 74 17 27 35 75 48 20 60 4 24 31 2 42 18 63 34 52 47 10 32 25 51 72 67 8 15 57 23 14 64 54 59 30 41 37 3],253195,257890
randomWalk/lipa80a,8,258633,214778,214778,62137100,[39 29 22 18 67 3 47 60 69 31 74 43 65 45 64 50 0 54 66 16 44 57 63 12 20 4 1 46 25 77 62 35 5 21 51 23 28 68 37 59 14 24 27 49 79 52 42 30 58 33 36 78 40 2 48 75 53 15 9 72 73 11 76 38 13 8 17 70 6 61 41 55 56 10 34 19 7 26 71 32],[22 71 78 12 65 44 7 70 58 77 39 36 38 45 5 68 56 73 16 66 0 1 28 49 21 79 13 69 40 9 61 26 6 62 55 46 11 19 50 29 53 33 76 43 74 17 27 35 75 48 20 60 4 24 31 2 42 18 63 34 52 47 10 32 25 51 72 67 8 15 57 23 14 64 54 59 30 41 37 3],253195,257890
heuristic/lipa80a,8,258667,0,0,0,[33 50 66 42 19 47 40 55 38 78 70 45 48 16 27 53 22 43 79 3 2 11 26 58 62 4 1 68 7 71 72 23 74 76 64 60 44 18 14 20 9 28 57 29 13 56 31 35 10 51 39 75 17 36 30 21 41 46 63 6 5 0 49 12 25 37 69 77 15 34 67 24 54 65 32 61 8 59 73 52],[22 71 78 12 65 44 7 70 58 77 39 36 38 45 5 68 56 73 16 66 0 1 28 49 21 79 13 69 40 9 61 26 6 62 55 46 11 19 50 29 53 33 76 43 74 17 27 35 75 48 20 60 4 24 31 2 42 18 63 34 52 47 10 32 25 51 72 67 8 15 57 23 14 64 54 59 30 41 37 3],253195,257890
greedy/lipa80a,9,255352,147,25620,8830300,[45 34 63 14 8 71 64 41 52 72 75 23 53 67 31 58 11 56 66 73 19 15 55 48 47 69 28 7 1 39 30 20 57 51 12 10 46 4 38 27 62 49 3 24 18 68 36 26 42 70 22 79 25 0 29 43 13 40 78 61 21 32 6 44 76 17 37 74 33 2 60 5 9 65 50 59 35 77 16 54],[22 71 78 12 65 44 7 70 58 77 39 36 38 45 5 68 56 73 16 66 0 1 28 49 21 79 13 69 40 9 61 26 6 62 55 46 11 19 50 29 53 33 76 43 74 17 27 35 75 48 20 60 4 24 31 2 42 18 63 34 52 47 10 32 25 51 72 67 8 15 57 23 14 64 54 59 30 41 37 3],253195,258768
steepest/lipa80a,9,255174,54,173800,39412800,[2 31 67 15 52 19 54 63 38 32 37 16 45 44 59 60 30 71 39 50 73 48 5 46 35 20 22 51 55 1 42 23 66 43 36 65 12 4 68 34 21 41 79 61 13 11 75 56 72 57 24 76 70 3 58 47 6 53 14 49 40 9 77 7 0 74 29 17 64 78 33 8 69 10 26 27 62 25 28 18],[22 71 78 12 65 44 7 70 58 77 39 36 38 45 5 68 56 73 16 66 0 1 28 49 21 79 13 69 40 9 61 26 6 62 55 46 11 19 50 29 53 33 76 43 74 17 27 35 75 48 20 60 4 24 31 2 42 18 63 34 52 47 10 32 25 51 72 67 8 15 57 23 14 64 54 59 30 41 37 3],253195,258768
random/lipa80a,9,257690,8292,8292,62442400,[28 43 74 71 77 16 69 4 52 78 64 76 66 22 30 17 29 79 1 61 41 40 10 48 65 75 63 46 59 20 24 47 55 11 14 57 38 3 18 6 12 32 21 51 50 56 42 35 58 39 13 68 2 5 44 33 19 36 49 37 72 54 0 45 26 7 27 70 9 23 25 31 15 67 73 8 34 53 60 62],[22 71 78 12 65 44 7 70 58 77 39 36 38 45 5 68 56 73 16 66 0 1 28 49 21 79 13 69 40 9 61 26 6 62 55 46 11 19 50 29 53 33 76 43 74 17 27 35 75 48 20 60 4 24 31 2 42 18 63 34 52 47 10 32 25 51 72 67 8 15 57 23 14 64 54 59 30 41 37 3],253195,258768
randomWalk/lipa80a,9,258587,243378,243378,62053400,[78 4 34 56 37 21 43 33 17 11 68 71 26 18 63 14 51 58 15 41 22 24 20 74 23 6 50 27 72 64 13 57 42 5 55 60 39 67 30 49 16 32 19 9 73 31 10 62 12 61 44 25 76 38 7 48 77 2 70 0 59 35 69 54 52 1 65 3 46 29 45 75 8 40 79 36 28 53 47 66],[22 71 78 12 65 44 7 70 58 77 39 36 38 45 5 68 56 73 16 66 0 1 28 49 21 79 13 69 40 9 61 26 6 62 55 46 11 19 50 29 53 33 76 43 74 17 27 35 75 48 20 60 4 24 31 2 42 18 63 34 52 47 10 32 25 51 72 67 8 15 57 23 14 64 54 59 30 41 37 3],253195,258768
heuristic/lipa80a,9,258667,0,0,0,[33 50 66 42 19 47 40 55 38 78 70 45 48 16 27 53 22 43 79 3 2 11 26 58 62 4 1 68 7 71 72 23 74 76 64 60 44 18 14 20 9 28 57 29 13 56 31 35 10 51 39 75 17 36 30 21 41 46 63 6 5 0 49 12 25 37 69 77 15 34 67 24 54 65 32 61 8 59 73 52],[22 71 78 12 65 44 7 70 58 77 39 36 38 45 5 68 56 73 16 66 0 1 28 49 21 79 13 69 40 9 61 26 6 62 55 46 11 19 50 29 53 33 76 43 74 17 27 35 75 48 20 60 4 24 31 2 42 18 63 34 52 47 10 32 25 51 72 67 8 15 57 23 14 64 54 59 30 41 37 3],253195,258768
greedy/lipa80a,10,255357,141,33164,8324000,[18 34 13 41 11 3 43 23 58 64 30 0 10 24 79 33 53 22 75 28 62 16 52 7 54 46 63 51 59 60 12 55 25 35 32 39 37 5 40 77 73 4 48 71 57 20 78 45 74 49 6 70 21 9 31 36 29 19 27 17 2 42 44 50 69 56 26 76 68 8 47 1 15 67 66 38 61 14 65 72],[22 71 78 12 65 44 7 70 58 77 39 36 38 45 5 68 56 73 16 66 0 1 28 49 21 79 13 69 40 9 61 26 6 62 55 46 11 19 50 29 53 33 76 43 74 17 27 35 75 48 20 60 4 24 31 2 42 18 63 34 52 47 10 32 25 51 72 67 8 15 57 23 14 64 54 59 30 41 37 3],253195,258452
steepest/lipa80a,10,255390,41,132720,23382600,[78 11 79 8 16 10 58 59 64 51 49 12 22 9 43 24 3 29 4 2 48 42 52 50 63 66 54 20 60 71 26 37 35 38 62 39 14 72 55 18 76 23 47 25 15 31 19 7 41 75 34 13 77 70 67 36 74 57 46 0 32 6 45 28 30 44 56 53 68 1 5 40 27 21 17 69 61 33 65 73],[22 71 78 12 65 44 7 70 58 77 39 36 38 45 5 68 56 73 16 66 0 1 28 49 21 79 13 69 40 9 61 26 6 62 55 46 11 19 50 29 53 33 76 43 74 17 27 35 75 48 20 60 4 24 31 2 42 18 63 34 52 47 10 32 25 51 72 67 8 15 57 23 14 64 54 59 30 41 37 3],253195,258452
random/lipa80a,10,257752,8522,8522,62943000,[52 68 14 40 32 11 19 8 22 42 30 79 53 12 23 36 67 2 72 46 6 17 44 54 66 74 71 15 26 34 45 49 50 62 27 57 10 7 55 73 51 70 3 38 29 9 1 75 21 56 78 24 48 0 31 20 13 25 76 35 65 28 16 37 60 63 61 41 47 64 39 59 18 58 77 5 69 33 43 4],[22 71 78 12 65 44 7 70 58 77 39 36 38 45 5 68 56 73 16 66 0 1 28 49 21 79 13 69 40 9 61 26 6 62 55 46 11 19 50 29 53 33 76 43 74 17 27 35 75 48 20 60 4 24 31 2 42 18 63 34 52 47 10 32 25 51 72 67 8 15 57 23 14 64 54 59 30 41 37 3],253195,258452
randomWalk/lipa80a,10,258177,235939,235939,62987300,[41 0 32 57 68 14 59 38 22 21 50 29 77 74 30 55 46 47 69 7 24 67 53 63 11 61 52 17 51 39 4 48 40 58 18 72 76 37 35 19 25 75 12 6 31 2 28 20 78 64 42 44 8 49 15 36 13 33 9 70 1 73 65 79 45 23 62 27 54 71 5 66 34 43 16 60 26 10 3 56],[22 71 78 12 65 44 7 70 58 77 39 36 38 45 5 68 56 73 16 66 0 1 28 49 21 79 13 69 40 9 61 26 6 62 55 46 11 19 50 29 53 33 76 43 74 17 27 35 75 48 20 60 4 24 31 2 42 18 63 34 52 47 10 32 25 51 72 67 8 15 57 23 14 64 54 59 30 41 37 3],253195,258452
heuristic/lipa80a,10,258667,0,0,0,[33 50 66 42 19 47 40 55 38 78 70 45 48 16 27 53 22 43 79 3 2 11 26 58 62 4 1 68 7 71 72 23 74 76 64 60 44 18 14 20 9 28 57 29 13 56 31 35 10 51 39 75 17 36 30 21 41 46 63 6 5 0 49 12 25 37 69 77 15 34 67 24 54 65 32 61 8 59 73 52],[22 71 78 12 65 44 7 70 58 77 39 36 38 45 5 68 56 73 16 66 0 1 28 49 21 79 13 69 40 9 61 26 6 62 55 46 11 19 50 29 53 33 76 43 74 17 27 35 75 48 20 60 4 24 31 2 42 18 63 34 52 47 10 32 25 51 72 67 8 15 57 23 14 64 54 59 30 41 37 3],253195,258452
greedy/sko100a,1,156086,510,132676,33598000,[48 42 9 93 71 66 28 12 32 64 50 68 39 99 7 72 58 82 38 89 6 91 31 25 85 97 51 15 59 54 52 75 33 98 18 37 30 60 3 0 1 24 63 23 47 55 80 94 10 96 78 76 56 45 13 21 62 4 70 26 27 90 92 53 74 88 84 79 73 77 14 5 83 67 81 29 8 36 46 43 16 19 20 35 65 95 11 61 69 57 17 40 86 34 49 44 41 22 87 2],[64 82 10 32 70 96 0 77 36 17 38 4 12 54 73 94 24 62 78 90 26 79 53 93 74 30 42 13 76 5 87 61 15 51 3 21 31 33 56 14 59 8 85 97 95 88 18 48 1 27 41 58 67 7 92 55 80 81 83 86 9 23 39 66 84 29 72 50 68 19 57 69 65 99 25 46 98 45 63 89 44 49 11 71 60 37 91 35 52 40 2 34 20 28 22 47 43 6 75 16],152002,179360
steepest/sko100a,1,154454,135,673200,194428100,[17 64 82 0 54 12 38 93 9 71 90 32 10 72 50 59 66 42 39 65 5 73 33 53 26 51 89 79 48 91 27 76 56 30 31 68 58 99 23 7 14 24 4 21 18 97 15 45 25 67 78 62 74 88 85 55 13 80 37 92 96 94 63 29 46 3 60 47 52 20 70 1 83 8 84 95 28 69 6 11 77 57 19 81 61 98 16 35 75 34 36 87 86 43 22 41 40 49 44 2],[64 82 10 32 70 96 0 77 36 17 38 4 12 54 73 94 24 62 78 90 26 79 53 93 74 30 42 13 76 5 87 61 15 51 3 21 31 33 56 14 59 8 85 97 95 88 18 48 1 27 41 58 67 7 92 55 80 81 83 86 9 23 39 66 84 29 72 50 68 19 57 69 65 99 25 46 98 45 63 89 44 49 11 71 60 37 91 35 52 40 2 34 20 28 22 47 43 6 75 16],152002,179360
random/sko100a,1,172792,21704,21704,222690800,[69 64 2 71 6 17 18 41 4 34 60 40 32 99 22 37 15 58 39 47 46 68 98 66 7 75 72 95 9 38 80 27 61 44 21 67 51 49 63 85 83 45 11 10 25 56 12 86 3 97 96 78 8 84 33 54 93 50 90 79 1 43 5 53 82 59 57 74 28 70 65 76 52 31 19 35 81 88 89 87 30 94 77 36 16 62 92 26 14 55 48 42 29 13 23 91 73 0 24 20],[64 82 10 32 70 96 0 77 36 17 38 4 12 54 73 94 24 62 78 90 26 79 53 93 74 30 42 13 76 5 87 61 15 51 3 21 31 33 56 14 59 8 85 97 95 88 18 48 1 27 41 58 67 7 92 55 80 81 83 86 9 23 39 66 84 29 72 50 68 19 57 69 65 99 25 46 98 45 63 89 44 49 11 71 60 37 91 35 52 40 2 34 20 28 22 47 43 6 75 16],152002,179360
randomWalk/sko100a,1,179746,625645,625645,222253000,[49 45 77 46 33 76 66 40 24 80 4 55 65 51 98 54 64 59 31 84 82 21 60 78 89 3 7 11 47 9 87 75 12 83 25 27 94 97 14 92 79 2 68 26 39 57 53 67 35 81 20 36 16 56 29 61 48 93 71 23 34 86 41 74 15 18 6 1 13 42 19 72 69 17 95 58 50 90 62 88 10 38 5 0 70 96 28 32 63 44 37 52 22 43 8 99 30 85 91 73],[64 82 10 32 70 96 0 77 36 17 38 4 12 54 73 94 24 62 78 90 26 79 53 93 74 30 42 13 76 5 87 61 15 51 3 21 31 33 56 14 59 8 85 97 95 88 18 48 1 27 41 58 67 7 92 55 80 81 83 86 9 23 39 66 84 29 72 50 68 19 57 69 65 99 25 46 98 45 63 89 44 49 11 71 60 37 91 35 52 40 2 34 20 28 22 47 43 6 75 16],152002,179360
heuristic/sko100a,1,171862,0,0,0,[64 26 89 5 70 41 20 28 48 77 14 96 27 49 33 59 81 12 75 43 38 42 85 51 21 80 18 72 22 0 7 88 1 3 84 56 95 8 73 44 92 23 37 45 74 25 30 39 91 65 54 29 53 31 15 97 55 4 68 40 79 61 24 13 99 60 46 62 93 50 87 78 83 66 67 63 47 94 10 34 32 19 52 58 98 76 71 35 90 57 17 36 6 16 82 11 69 9 86 2],[64 82 10 32 70 96 0 77 36 17 38 4 12 54 73 94 24 62 78 90 26 79 53 93 74 30 42 13 76 5 87 61 15 51 3 21 31 33 56 14 59 8 85 97 95 88 18 48 1 27 41 58 67 7 92 55 80 81 83 86 9 23 39 66 84 29 72 50 68 19 57 69 65 99 25 46 98 45 63 89 44 49 11 71 60 37 91 35 52 40 2 34 20 28 22 47 43 6 75 16],152002,179360
greedy/sko100a,2,154450,444,107854,36935100,[36 14 78 65 61 38 67 82 7 2 5 70 89 46 0 45 18 50 49 43 32 76 56 31 42 12 93 99 71 69 10 24 62 59 4 15 85 68 51 20 58 21 30 72 80 13 97 39 66 48 83 87 27 74 88 8 25 60 37 44 86 41 22 95 55 11 1 40 47 16 90 73 29 84 3 53 54 19 91 52 77 94 63 96 81 33 98 35 28 6 64 57 17 26 92 79 23 9 75 34],[64 82 10 32 70 96 0 77 36 17 38 4 12 54 73 94 24 62 78 90 26 79 53 93 74 30 42 13 76 5 87 61 15 51 3 21 31 33 56 14 59 8 85 97 95 88 18 48 1 27 41 58 67 7 92 55 80 81 83 86 9 23 39 66 84 29 72 50 68 19 57 69 65 99 25 46 98 45 63 89 44 49 11 71 60 37 91 35 52 40 2 34 20 28 22 47 43 6 75 16],152002,176012
steepest/sko100a,2,155098,139,693000,224153900,[36 19 69 70 35 93 44 43 77 2 49 16 6 1 45 13 20 98 11 34 40 32 99 76 42 66 0 7 78 82 89 58 46 37 80 71 59 12 62 38 22 68 50 39 25 67 18 31 56 61 87 52 60 48 91 97 85 3 15 51 14 28 75 47 21 95 84 54 8 4 41 83 63 24 55 30 88 92 96 23 5 27 65 10 81 29 53 74 79 26 86 90 57 94 33 73 72 9 17 64],[64 82 10 32 70 96 0 77 36 17 38 4 12 54 73 94 24 62 78 90 26 79 53 93 74 30 42 13 76 5 87 61 15 51 3 21 31 33 56 14 59 8 85 97 95 88 18 48 1 27 41 58 67 7 92 55 80 81 83 86 9 23 39 66 84 29 72 50 68 19 57 69 65 99 25 46 98 45 63 89 44 49 11 71 60 37 91 35 52 40 2 34 20 28 22 47 43 6 75 16],152002,176012
random/sko100a,2,173084,16328,16328,223372300,[88 42 43 95 85 53 4 26 93 66 7 5 98 21 45 15 80 51 30 27 44 65 87 84 6 8 33 16 11 77 57 89 49 59 97 50 90 20 67 83 12 19 29 58 18 92 74 60 3 22 76 48 38 63 46 31 24 47 37 34 99 86 68 40 61 52 14 35 94 0 13 69 78 54 28 41 70 55 96 39 36 64 25 79 81 62 56 75 1 10 72 32 91 2 71 9 23 73 17 82],[64 82 10 32 70 96 0 77 36 17 38 4 12 54 73 94 24 62 78 90 26 79 53 93 74 30 42 13 76 5 87 61 15 51 3 21 31 33 56 14 59 8 85 97 95 88 18 48 1 27 41 58 67 7 92 55 80 81 83 86 9 23 39 66 84 29 72 50 68 19 57 69 65 99 25 46 98 45 63 89 44 49 11 71 60 37 91 35 52 40 2 34 20 28 22 47 43 6 75 16],152002,176012
randomWalk/sko100a,2,177780,596307,596307,225396700,[82 73 24 99 28 56 77 88 12 35 92 18 62 75 89 0 2 3 13 42 37 58 16 41 20 68 31 17 6 83 15 90 46 44 98 96 97 55 63 54 95 27 22 7 26 1 48 38 5 74 34 51 57 61 40 36 84 94 86 25 49 60 52 45 23 64 4 47 80 59 53 76 65 67 91 19 14 50 33 29 43 85 10 72 30 70 66 32 8 78 71 21 81 93 69 39 9 87 11 79],[64 82 10 32 70 96 0 77 36 17 38 4 12 54 73 94 24 62 78 90 26 79 53 93 74 30 42 13 76 5 87 61 15 51 3 21 31 33 56 14 59 8 85 97 95 88 18 48 1 27 41 58 67 7 92 55 80 81 83 86 9 23 39 66 84 29 72 50 68 19 57 69 65 99 25 46 98 45 63 89 44 49 11 71 60 37 91 35 52 40 2 34 20 28 22 47 43 6 75 16],152002,176012
heuristic/sko100a,2,171862,0,0,0,[64 26 89 5 70 41 20 28 48 77 14 96 27 49 33 59 81 12 75 43 38 42 85 51 21 80 18 72 22 0 7 88 1 3 84 56 95 8 73 44 92 23 37 45 74 25 30 39 91 65 54 29 53 31 15 97 55 4 68 40 79 61 24 13 99 60 46 62 93 50 87 78 83 66 67 63 47 94 10 34 32 19 52 58 98 76 71 35 90 57 17 36 6 16 82 11 69 9 86 2],[64 82 10 32 70 96 0 77 36 17 38 4 12 54 73 94 24 62 78 90 26 79 53 93 74 30 42 13 76 5 87 61 15 51 3 21 31 33 56 14 59 8 85 97 95 88 18 48 1 27 41 58 67 7 92 55 80 81 83 86 9 23 39 66 84 29 72 50 68 19 57 69 65 99 25 46 98 45 63 89 44 49 11 71 60 37 91 35 52 40 2 34 20 28 22 47 43 6 75 16],152002,176012
greedy/sko100a,3,155308,507,73273,15721700,[86 23 72 79 4 26 7 65 61 38 83 92 56 8 62 74 78 5 14 36 16 11 27 29 15 85 76 67 20 9 40 91 68 39 51 95 31 71 49 82 52 60 25 50 66 97 18 58 10 41 6 34 45 98 13 46 99 93 87 2 28 47 88 33 55 30 21 53 73 44 75 1 22 84 81 37 24 12 94 57 35 48 63 54 80 3 42 59 69 64 17 19 90 96 77 43 0 89 32 70],[64 82 10 32 70 96 0 77 36 17 38 4 12 54 73 94 24 62 78 90 26 79 53 93 74 30 42 13 76 5 87 61 15 51 3 21 31 33 56 14 59 8 85 97 95 88 18 48 1 27 41 58 67 7 92 55 80 81 83 86 9 23 39 66 84 29 72 50 68 19 57 69 65 99 25 46 98 45 63 89 44 49 11 71 60 37 91 35 52 40 2 34 20 28 22 47 43 6 75 16],152002,179714
steepest/sko100a,3,154648,136,678150,197038300,[77 36 70 82 90 17 64 38 9 57 14 0 78 56 27 96 23 4 79 26 5 62 76 94 31 92 24 10 59 41 19 61 8 29 74 95 83 12 15 87 98 13 33 53 73 3 84 54 51 85 43 67 18 30 21 97 88 72 20 86 89 65 46 63 7 55 60 32 11 58 50 45 1 80 99 68 25 39 28 22 34 81 6 71 93 91 37 66 16 49 2 35 75 69 42 52 47 40 48 44],[64 82 10 32 70 96 0 77 36 17 38 4 12 54 73 94 24 62 78 90 26 79 53 93 74 30 42 13 76 5 87 61 15 51 3 21 31 33 56 14 59 8 85 97 95 88 18 48 1 27 41 58 67 7 92 55 80 81 83 86 9 23 39 66 84 29 72 50 68 19 57 69 65 99 25 46 98 45 63 89 44 49 11 71 60 37 91 35 52 40 2 34 20 28 22 47 43 6 75 16],152002,179714
random/sko100a,3,172818,20199,20199,222994200,[2 6 17 52 68 98 81 60 9 82 86 67 47 10 35 90 64 32 69 44 80 63 54 18 85 89 46 57 37 70 3 38 7 65 94 15 49 59 33 71 20 13 75 11 41 19 78 88 87 40 36 16 39 99 26 48 83 74 22 0 28 91 76 1 56 55 12 31 24 84 72 58 4 23 45 30 51 27 21 25 14 95 34 5 62 61 97 92 8 42 50 29 53 79 93 96 73 77 43 66],[64 82 10 32 70 96 0 77 36 17 38 4 12 54 73 94 24 62 78 90 26 79 53 93 74 30 42 13 76 5 87 61 15 51 3 21 31 33 56 14 59 8 85 97 95 88 18 48 1 27 41 58 67 7 92 55 80 81 83 86 9 23 39 66 84 29 72 50 68 19 57 69 65 99 25 46 98 45 63 89 44 49 11 71 60 37 91 35 52 40 2 34 20 28 22 47 43 6 75 16],152002,179714
randomWalk/sko100a,3,176792,597466,597466,226143000,[88 68 18 82 64 2 43 0 97 49 65 48 41 16 81 66 76 90 38 85 33 12 50 91 47 95 59 10 83 3 94 37 35 8 98 15 21 92 67 63 32 24 84 42 70 11 77 14 54 52 46 75 80 36 17 73 74 27 5 72 55 31 93 30 29 19 44 34 13 71 9 40 39 69 57 4 1 53 22 56 20 7 99 89 60 58 86 78 79 51 26 23 87 25 96 28 45 62 61 6],[64 82 10 32 70 96 0 77 36 17 38 4 12 54 73 94 24 62 78 90 26 79 53 93 74 30 42 13 76 5 87 61 15 51 3 21 31 33 56 14 59 8 85 97 95 88 18 48 1 27 41 58 67 7 92 55 80 81 83 86 9 23 39 66 84 29 72 50 68 19 57 69 65 99 25 46 98 45 63 89 44 49 11 71 60 37 91 35 52 40 2 34 20 28 22 47 43 6 75 16],152002,179714
heuristic/sko100a,3,171862,0,0,0,[64 26 89 5 70 41 20 28 48 77 14 96 27 49 33 59 81 12 75 43 38 42 85 51 21 80 18 72 22 0 7 88 1 3 84 56 95 8 73 44 92 23 37 45 74 25 30 39 91 65 54 29 53 31 15 97 55 4 68 40 79 61 24 13 99 60 46 62 93 50 87 78 83 66 67 63 47 94 10 34 32 19 52 58 98 76 71 35 90 57 17 36 6 16 82 11 69 9 86 2],[64 82 10 32 70 96 0 77 36 17 38 4 12 54 73 94 24 62 78 90 26 79 53 93 74 30 42 13 76 5 87 61 15 51 3 21 31 33 56 14 59 8 85 97 95 88 18 48 1 27 41 58 67 7 92 55 80 81 83 86 9 23 39 66 84 29 72 50 68 19 57 69 65 99 25 46 98 45 63 89 44 49 11 71 60 37 91 35 52 40 2 34 20 28 22 47 43 6 75 16],152002,179714
greedy/sko100a,4,155432,463,58597,19921100,[86 16 52 40 6 75 68 19 35 36 90 27 83 60 1 63 56 76 5 14 96 23 92 47 91 24 31 62 13 70 41 73 22 21 55 94 37 46 45 89 57 87 88 29 3 30 58 99 80 32 28 74 84 72 81 33 98 66 42 7 9 53 95 48 25 97 39 50 93 69 79 20 51 15 49 85 18 71 67 43 26 4 8 11 34 44 59 10 65 2 64 17 54 38 61 78 82 12 0 77],[64 82 10 32 70 96 0 77 36 17 38 4 12 54 73 94 24 62 78 90 26 79 53 93 74 30 42 13 76 5 87 61 15 51 3 21 31 33 56 14 59 8 85 97 95 88 18 48 1 27 41 58 67 7 92 55 80 81 83 86 9 23 39 66 84 29 72 50 68 19 57 69 65 99 25 46 98 45 63 89 44 49 11 71 60 37 91 35 52 40 2 34 20 28 22 47 43 6 75 16],152002,179922
steepest/sko100a,4,155718,112,559350,150925400,[77 43 17 19 72 83 88 0 90 5 89 96 63 92 23 8 80 62 36 65 75 16 91 47 40 29 35 30 56 71 6 46 52 37 84 13 81 66 45 27 34 22 50 1 25 98 33 74 53 76 28 54 39 11 60 3 94 73 70 7 58 99 68 55 97 18 31 42 93 67 79 69 48 24 95 15 21 12 20 14 26 41 51 85 4 61 10 78 49 32 9 57 59 44 86 87 64 38 82 2],[64 82 10 32 70 96 0 77 36 17 38 4 12 54 73 94 24 62 78 90 26 79 53 93 74 30 42 13 76 5 87 61 15 51 3 21 31 33 56 14 59 8 85 97 95 88 18 48 1 27 41 58 67 7 92 55 80 81 83 86 9 23 39 66 84 29 72 50 68 19 57 69 65 99 25 46 98 45 63 89 44 49 11 71 60 37 91 35 52 40 2 34 20 28 22 47 43 6 75 16],152002,179922
random/sko100a,4,173360,23961,23961,227586100,[2 33 61 37 40 32 49 70 57 23 52 83 89 18 87 5 28 14 76 9 8 56 26 80 67 41 4 12 91 71 50 77 88 86 21 10 47 44 31 93 19 22 43 63 38 25 97 84 30 60 54 11 46 6 72 7 69 34 58 92 79 16 85 75 39 53 55 68 90 98 51 36 45 74 20 59 29 24 1 99 42 81 62 13 35 65 27 15 96 3 82 78 48 95 64 94 0 17 66 73],[64 82 10 32 70 96 0 77 36 17 38 4 12 54 73 94 24 62 78 90 26 79 53 93 74 30 42 13 76 5 87 61 15 51 3 21 31 33 56 14 59 8 85 97 95 88 18 48 1 27 41 58 67 7 92 55 80 81 83 86 9 23 39 66 84 29 72 50 68 19 57 69 65 99 25 46 98 45 63 89 44 49 11 71 60 37 91 35 52 40 2 34 20 28 22 47 43 6 75 16],152002,179922
randomWalk/sko100a,4,178458,722371,722371,222044800,[59 12 17 3 37 63 27 10 29 9 45 62 31 47 24 61 79 89 87 40 48 50 15 32 42 30 73 82 52 83 25 46 92 58 16 97 57 91 4 66 39 72 53 6 2 95 93 28 99 69 94 51 70 11 77 5 68 1 36 14 60 8 65 56 80 44 96 74 67 19 35 88 81 90 64 84 0 49 85 23 71 55 75 18 43 54 98 34 78 41 21 7 86 20 33 26 38 22 13 76],[64 82 10 32 70 96 0 77 36 17 38 4 12 54 73 94 24 62 78 90 26 79 53 93 74 30 42 13 76 5 87 61 15 51 3 21 31 33 56 14 59 8 85 97 95 88 18 48 1 27 41 58 67 7 92 55 80 81 83 86 9 23 39 66 84 29 72 50 68 19 57 69 65 99 25 46 98 45 63 89 44 49 11 71 60 37 91 35 52 40 2 34 20 28 22 47 43 6 75 16],152002,179922
heuristic/sko100a,4,171862,0,0,0,[64 26 89 5 70 41 20 28 48 77 14 96 27 49 33 59 81 12 75 43 38 42 85 51 21 80 18 72 22 0 7 88 1 3 84 56 95 8 73 44 92 23 37 45 74 25 30 39 91 65 54 29 53 31 15 97 55 4 68 40 79 61 24 13 99 60 46 62 93 50 87 78 83 66 67 63 47 94 10 34 32 19 52 58 98 76 71 35 90 57 17 36 6 16 82 11 69 9 86 2],[64 82 10 32 70 96 0 77 36 17 38 4 12 54 73 94 24 62 78 90 26 79 53 93 74 30 42 13 76 5 87 61 15 51 3 21 31 33 56 14 59 8 85 97 95 88 18 48 1 27 41 58 67 7 92 55 80 81 83 86 9 23 39 66 84 29 72 50 68 19 57 69 65 99 25 46 98 45 63 89 44 49 11 71 60 37 91 35 52 40 2 34 20 28 22 47 43 6 75 16],152002,179922
greedy/sko100a,5,155706,466,94687,24058200,[69 86 87 90 27 19 35 40 16 43 48 5 33 45 80 50 1 63 6 89 42 14 76 73 83 68 99 46 22 57 58 21 24 53 88 95 29 47 84 41 32 85 18 54 30 97 25 60 94 28 59 51 31 0 56 55 37 98 44 75 12 15 10 13 93 3 66 70 52 96 26 79 4 74 62 39 23 72 81 9 7 67 61 65 8 92 91 11 34 77 2 38 78 17 82 20 71 49 36 64],[64 82 10 32 70 96 0 77 36 17 38 4 12 54 73 94 24 62 78 90 26 79 53 93 74 30 42 13 76 5 87 61 15 51 3 21 31 33 56 14 59 8 85 97 95 88 18 48 1 27 41 58 67 7 92 55 80 81 83 86 9 23 39 66 84 29 72 50 68 19 57 69 65 99 25 46 98 45 63 89 44 49 11 71 60 37 91 35 52 40 2 34 20 28 22 47 43 6 75 16],152002,177456
steepest/sko100a,5,156784,101,504900,139805000,[27 90 34 14 50 19 1 76 6 5 17 86 33 81 35 98 52 63 75 40 2 53 49 73 45 13 91 94 47 36 44 69 82 93 99 66 37 10 32 70 87 51 74 21 95 30 68 83 46 22 26 85 4 67 97 80 55 18 58 41 79 15 61 8 3 84 92 29 60 88 9 20 65 39 25 23 31 56 11 48 57 59 12 71 7 72 62 24 28 16 64 54 38 0 42 77 96 78 43 89],[64 82 10 32 70 96 0 77 36 17 38 4 12 54 73 94 24 62 78 90 26 79 53 93 74 30 42 13 76 5 87 61 15 51 3 21 31 33 56 14 59 8 85 97 95 88 18 48 1 27 41 58 67 7 92 55 80 81 83 86 9 23 39 66 84 29 72 50 68 19 57 69 65 99 25 46 98 45 63 89 44 49 11 71 60 37 91 35 52 40 2 34 20 28 22 47 43 6 75 16],152002,177456
random/sko100a,5,173226,22730,22730,223640500,[57 60 87 74 14 49 79 68 5 36 39 67 24 43 23 82 51 35 78 0 53 20 83 9 76 50 47 69 21 75 26 8 61 1 42 15 86 93 71 89 19 84 85 73 3 88 48 4 25 58 64 94 28 72 56 13 95 46 45 22 41 18 63 16 33 97 32 12 91 30 59 66 96 29 80 81 54 55 44 37 77 27 52 62 31 6 99 40 70 11 98 10 92 34 38 90 2 7 65 17],[64 82 10 32 70 96 0 77 36 17 38 4 12 54 73 94 24 62 78 90 26 79 53 93 74 30 42 13 76 5 87 61 15 51 3 21 31 33 56 14 59 8 85 97 95 88 18 48 1 27 41 58 67 7 92 55 80 81 83 86 9 23 39 66 84 29 72 50 68 19 57 69 65 99 25 46 98 45 63 89 44 49 11 71 60 37 91 35 52 40 2 34 20 28 22 47 43 6 75 16],152002,177456
randomWalk/sko100a,5,179736,719111,719111,225752800,[55 69 27 15 68 76 57 65 78 0 73 22 87 39 96 99 60 20 67 19 23 97 83 53 84 36 64 29 47 71 17 4 91 79 26 2 31 59 14 24 56 86 90 10 11 38 43 77 75 92 34 58 89 61 48 6 50 3 7 44 18 12 42 82 32 52 9 81 35 80 46 28 98 16 62 21 66 1 74 25 33 85 49 37 40 13 95 30 5 45 51 70 41 94 72 88 54 8 93 63],[64 82 10 32 70 96 0 77 36 17 38 4 12 54 73 94 24 62 78 90 26 79 53 93 74 30 42 13 76 5 87 61 15 51 3 21 31 33 56 14 59 8 85 97 95 88 18 48 1 27 41 58 67 7 92 55 80 81 83 86 9 23 39 66 84 29 72 50 68 19 57 69 65 99 25 46 98 45 63 89 44 49 11 71 60 37 91 35 52 40 2 34 20 28 22 47 43 6 75 16],152002,177456
heuristic/sko100a,5,171862,0,0,0,[64 26 89 5 70 41 20 28 48 77 14 96 27 49 33 59 81 12 75 43 38 42 85 51 21 80 18 72 22 0 7 88 1 3 84 56 95 8 73 44 92 23 37 45 74 25 30 39 91 65 54 29 53 31 15 97 55 4 68 40 79 61 24 13 99 60 46 62 93 50 87 78 83 66 67 63 47 94 10 34 32 19 52 58 98 76 71 35 90 57 17 36 6 16 82 11 69 9 86 2],[64 82 10 32 70 96 0 77 36 17 38 4 12 54 73 94 24 62 78 90 26 79 53 93 74 30 42 13 76 5 87 61 15 51 3 21 31 33 56 14 59 8 85 97 95 88 18 48 1 27 41 58 67 7 92 55 80 81 83 86 9 23 39 66 84 29 72 50 68 19 57 69 65 99 25 46 98 45 63 89 44 49 11 71 60 37 91 35 52 40 2 34 20 28 22 47 43 6 75 16],152002,177456
greedy/sko100a,6,154680,535,119456,30827900,[16 48 11 65 20 34 7 67 32 2 6 50 39 99 58 92 45 42 5 14 28 91 25 68 51 54 33 93 76 89 27 71 1 37 97 85 31 18 24 62 52 47 60 49 55 15 21 13 12 10 40 81 46 95 66 98 53 74 73 70 75 63 29 35 3 79 80 30 94 26 57 22 84 69 59 8 88 61 82 43 64 9 72 44 41 23 56 4 78 36 17 90 96 86 83 19 87 0 38 77],[64 82 10 32 70 96 0 77 36 17 38 4 12 54 73 94 24 62 78 90 26 79 53 93 74 30 42 13 76 5 87 61 15 51 3 21 31 33 56 14 59 8 85 97 95 88 18 48 1 27 41 58 67 7 92 55 80 81 83 86 9 23 39 66 84 29 72 50 68 19 57 69 65 99 25 46 98 45 63 89 44 49 11 71 60 37 91 35 52 40 2 34 20 28 22 47 43 6 75 16],152002,177674
steepest/sko100a,6,155980,106,529650,142184500,[48 89 5 65 14 79 11 92 26 17 16 6 71 27 76 1 91 75 52 90 28 68 42 7 56 54 55 23 24 78 39 63 99 59 31 3 37 10 62 96 50 58 25 80 33 45 47 13 4 19 72 46 29 97 21 30 60 12 94 0 9 83 88 66 18 51 15 20 38 32 86 40 69 67 85 35 98 93 44 70 57 41 95 84 74 53 81 49 36 82 64 22 43 8 87 73 61 34 2 77],[64 82 10 32 70 96 0 77 36 17 38 4 12 54 73 94 24 62 78 90 26 79 53 93 74 30 42 13 76 5 87 61 15 51 3 21 31 33 56 14 59 8 85 97 95 88 18 48 1 27 41 58 67 7 92 55 80 81 83 86 9 23 39 66 84 29 72 50 68 19 57 69 65 99 25 46 98 45 63 89 44 49 11 71 60 37 91 35 52 40 2 34 20 28 22 47 43 6 75 16],152002,177674
random/sko100a,6,173008,21295,21295,223797100,[27 91 98 1 86 66 16 65 2 85 21 14 28 69 49 44 53 34 23 76 30 37 99 47 10 87 61 58 18 79 56 93 57 42 89 22 62 60 67 32 9 35 71 72 78 88 59 3 96 84 40 31 36 52 68 45 25 77 8 4 39 81 73 80 63 11 13 15 7 20 94 5 29 43 19 54 51 90 92 82 70 75 0 24 46 33 95 97 83 26 41 55 6 50 17 74 12 64 48 38],[64 82 10 32 70 96 0 77 36 17 38 4 12 54 73 94 24 62 78 90 26 79 53 93 74 30 42 13 76 5 87 61 15 51 3 21 31 33 56 14 59 8 85 97 95 88 18 48 1 27 41 58 67 7 92 55 80 81 83 86 9 23 39 66 84 29 72 50 68 19 57 69 65 99 25 46 98 45 63 89 44 49 11 71 60 37 91 35 52 40 2 34 20 28 22 47 43 6 75 16],152002,177674
randomWalk/sko100a,6,177382,690099,690099,224668400,[39 19 92 49 61 51 60 85 14 53 18 82 46 69 17 54 41 96 5 40 47 80 56 55 68 33 57 8 13 65 44 58 21 34 31 76 98 15 37 7 11 97 81 22 48 30 24 70 75 20 78 88 1 72 36 27 50 66 77 95 43 74 35 42 94 87 73 29 90 3 89 79 99 67 59 32 10 23 26 63 28 52 16 45 71 93 0 64 2 86 9 84 62 12 6 4 91 25 38 83],[64 82 10 32 70 96 0 77 36 17 38 4 12 54 73 94 24 62 78 90 26 79 53 93 74 30 42 13 76 5 87 61 15 51 3 21 31 33 56 14 59 8 85 97 95 88 18 48 1 27 41 58 67 7 92 55 80 81 83 86 9 23 39 66 84 29 72 50 68 19 57 69 65 99 25 46 98 45 63 89 44 49 11 71 60 37 91 35 52 40 2 34 20 28 22 47 43 6 75 16],152002,177674
heuristic/sko100a,6,171862,0,0,0,[64 26 89 5 70 41 20 28 48 77 14 96 27 49 33 59 81 12 75 43 38 42 85 51 21 80 18 72 22 0 7 88 1 3 84 56 95 8 73 44 92 23 37 45 74 25 30 39 91 65 54 29 53 31 15 97 55 4 68 40 79 61 24 13 99 60 46 62 93 50 87 78 83 66 67 63 47 94 10 34 32 19 52 58 98 76 71 35 90 57 17 36 6 16 82 11 69 9 86 2],[64 82 10 32 70 96 0 77 36 17 38 4 12 54 73 94 24 62 78 90 26 79 53 93 74 30 42 13 76 5 87 61 15 51 3 21 31 33 56 14 59 8 85 97 95 88 18 48 1 27 41 58 67 7 92 55 80 81 83 86 9 23 39 66 84 29 72 50 68 19 57 69 65 99 25 46 98 45 63 89 44 49 11 71 60 37 91 35 52 40 2 34 20 28 22 47 43 6 75 16],152002,177674
greedy/sko100a,7,153638,431,147496,43289800,[28 43 89 0 96 26 4 79 17 77 16 19 80 83 62 23 56 12 54 90 48 42 13 76 92 88 78 24 10 5 91 81 37 1 55 30 93 74 94 70 47 35 45 63 18 8 21 33 53 73 75 40 98 60 84 66 51 15 27 32 52 68 25 29 3 97 31 85 14 86 6 50 99 39 95 58 67 59 82 36 34 69 46 22 72 41 61 38 87 57 2 44 71 11 65 7 49 20 9 64],[64 82 10 32 70 96 0 77 36 17 38 4 12 54 73 94 24 62 78 90 26 79 53 93 74 30 42 13 76 5 87 61 15 51 3 21 31 33 56 14 59 8 85 97 95 88 18 48 1 27 41 58 67 7 92 55 80 81 83 86 9 23 39 66 84 29 72 50 68 19 57 69 65 99 25 46 98 45 63 89 44 49 11 71 60 37 91 35 52 40 2 34 20 28 22 47 43 6 75 16],152002,176152
steepest/sko100a,7,154206,142,707850,186306400,[77 0 78 20 12 54 96 17 38 64 70 90 94 24 10 59 4 26 82 57 32 53 73 74 93 15 79 51 85 9 14 27 76 33 13 1 23 21 31 87 5 56 30 62 88 8 92 18 83 86 36 81 84 66 67 97 55 58 61 41 19 35 98 80 7 95 3 37 44 49 89 45 29 72 65 39 99 25 60 40 43 50 46 63 71 68 91 47 11 22 2 34 42 16 48 69 6 52 75 28],[64 82 10 32 70 96 0 77 36 17 38 4 12 54 73 94 24 62 78 90 26 79 53 93 74 30 42 13 76 5 87 61 15 51 3 21 31 33 56 14 59 8 85 97 95 88 18 48 1 27 41 58 67 7 92 55 80 81 83 86 9 23 39 66 84 29 72 50 68 19 57 69 65 99 25 46 98 45 63 89 44 49 11 71 60 37 91 35 52 40 2 34 20 28 22 47 43 6 75 16],152002,176152
random/sko100a,7,173204,23055,23055,231825800,[76 4 47 73 9 88 82 38 10 15 0 44 16 12 18 22 2 52 91 31 19 50 43 53 94 21 48 49 92 69 75 24 59 72 5 37 40 99 25 71 29 87 65 42 79 60 23 1 85 8 62 81 57 54 39 70 68 14 11 89 86 78 64 55 66 46 77 95 20 7 63 30 58 97 83 41 74 80 84 98 45 13 26 67 33 34 51 36 17 61 35 56 3 90 6 32 93 28 27 96],[64 82 10 32 70 96 0 77 36 17 38 4 12 54 73 94 24 62 78 90 26 79 53 93 74 30 42 13 76 5 87 61 15 51 3 21 31 33 56 14 59 8 85 97 95 88 18 48 1 27 41 58 67 7 92 55 80 81 83 86 9 23 39 66 84 29 72 50 68 19 57 69 65 99 25 46 98 45 63 89 44 49 11 71 60 37 91 35 52 40 2 34 20 28 22 47 43 6 75 16],152002,176152
randomWalk/sko100a,7,178432,719336,719336,222786100,[27 7 47 26 12 51 5 45 73 85 18 67 56 82 28 54 21 76 96 74 48 17 32 87 29 39 6 49 62 46 10 31 58 37 89 69 57 41 55 97 14 52 70 53 60 38 1 0 75 66 15 35 95 30 22 92 11 81 9 64 19 79 71 42 24 13 44 99 33 78 88 94 50 84 93 65 90 34 20 23 63 43 98 77 16 72 59 83 40 68 91 25 8 80 61 86 4 3 36 2],[64 82 10 32 70 96 0 77 36 17 38 4 12 54 73 94 24 62 78 90 26 79 53 93 74 30 42 13 76 5 87 61 15 51 3 21 31 33 56 14 59 8 85 97 95 88 18 48 1 27 41 58 67 7 92 55 80 81 83 86 9 23 39 66 84 29 72 50 68 19 57 69 65 99 25 46 98 45 63 89 44 49 11 71 60 37 91 35 52 40 2 34 20 28 22 47 43 6 75 16],152002,176152
heuristic/sko100a,7,171862,0,0,0,[64 26 89 5 70 41 20 28 48 77 14 96 27 49 33 59 81 12 75 43 38 42 85 51 21 80 18 72 22 0 7 88 1 3 84 56 95 8 73 44 92 23 37 45 74 25 30 39 91 65 54 29 53 31 15 97 55 4 68 40 79 61 24 13 99 60 46 62 93 50 87 78 83 66 67 63 47 94 10 34 32 19 52 58 98 76 71 35 90 57 17 36 6 16 82 11 69 9 86 2],[64 82 10 32 70 96 0 77 36 17 38 4 12 54 73 94 24 62 78 90 26 79 53 93 74 30 42 13 76 5 87 61 15 51 3 21 31 33 56 14 59 8 85 97 95 88 18 48 1 27 41 58 67 7 92 55 80 81 83 86 9 23 39 66 84 29 72 50 68 19 57 69 65 99 25 46 98 45 63 89 44 49 11 71 60 37 91 35 52 40 2 34 20 28 22 47 43 6 75 16],152002,176152
greedy/sko100a,8,155734,488,65816,17428500,[75 35 48 69 42 88 93 70 32 44 19 92 29 11 60 21 73 79 87 38 40 47 33 80 30 94 53 12 15 49 83 81 13 37 66 55 74 24 10 20 52 23 76 45 62 3 95 4 26 41 16 91 1 71 25 28 97 54 51 9 63 6 68 99 39 31 58 8 59 82 90 98 50 56 72 84 18 0 22 57 17 34 27 46 89 96 85 78 61 64 86 5 14 65 43 7 67 77 36 2],[64 82 10 32 70 96 0 77 36 17 38 4 12 54 73 94 24 62 78 90 26 79 53 93 74 30 42 13 76 5 87 61 15 51 3 21 31 33 56 14 59 8 85 97 95 88 18 48 1 27 41 58 67 7 92 55 80 81 83 86 9 23 39 66 84 29 72 50 68 19 57 69 65 99 25 46 98 45 63 89 44 49 11 71 60 37 91 35 52 40 2 34 20 28 22 47 43 6 75 16],152002,179466
steepest/sko100a,8,155780,123,613800,161764100,[2 52 20 6 11 48 16 47 44 75 34 13 71 69 1 37 49 40 81 35 91 45 93 42 76 32 80 66 98 19 92 0 12 99 55 30 24 60 94 70 89 10 25 46 58 3 62 29 63 96 23 50 65 68 97 15 95 84 59 41 26 4 67 7 18 51 31 39 72 43 79 73 53 74 21 33 88 8 9 28 38 54 61 85 78 56 82 22 36 77 17 90 5 27 14 87 86 83 57 64],[64 82 10 32 70 96 0 77 36 17 38 4 12 54 73 94 24 62 78 90 26 79 53 93 74 30 42 13 76 5 87 61 15 51 3 21 31 33 56 14 59 8 85 97 95 88 18 48 1 27 41 58 67 7 92 55 80 81 83 86 9 23 39 66 84 29 72 50 68 19 57 69 65 99 25 46 98 45 63 89 44 49 11 71 60 37 91 35 52 40 2 34 20 28 22 47 43 6 75 16],152002,179466
random/sko100a,8,173404,21440,21440,223024300,[96 76 37 7 5 72 31 69 50 65 60 32 80 77 62 94 10 29 83 39 16 28 73 4 48 2 93 74 90 79 46 23 84 6 92 27 9 13 49 67 0 70 36 52 71 8 91 1 81 14 75 64 34 11 25 82 18 55 53 68 26 58 17 97 42 88 43 21 63 89 51 56 33 15 3 86 99 95 35 41 20 30 57 78 59 61 54 45 85 40 47 24 38 44 66 19 87 22 12 98],[64 82 10 32 70 96 0 77 36 17 38 4 12 54 73 94 24 62 78 90 26 79 53 93 74 30 42 13 76 5 87 61 15 51 3 21 31 33 56 14 59 8 85 97 95 88 18 48 1 27 41 58 67 7 92 55 80 81 83 86 9 23 39 66 84 29 72 50 68 19 57 69 65 99 25 46 98 45 63 89 44 49 11 71 60 37 91 35 52 40 2 34 20 28 22 47 43 6 75 16],152002,179466
randomWalk/sko100a,8,176642,706502,706502,224397900,[97 66 28 55 0 3 36 29 86 8 21 44 60 95 84 31 71 6 93 12 2 47 75 34 69 20 88 40 54 15 94 41 79 25 81 62 82 64 9 13 43 14 92 46 5 17 19 16 39 65 58 76 53 42 45 67 37 35 99 68 80 56 23 7 48 70 91 73 26 49 72 89 27 18 32 87 74 38 90 1 4 24 77 78 10 85 30 50 63 98 11 59 33 22 52 57 83 51 96 61],[64 82 10 32 70 96 0 77 36 17 38 4 12 54 73 94 24 62 78 90 26 79 53 93 74 30 42 13 76 5 87 61 15 51 3 21 31 33 56 14 59 8 85 97 95 88 18 48 1 27 41 58 67 7 92 55 80 81 83 86 9 23 39 66 84 29 72 50 68 19 57 69 65 99 25 46 98 45 63 89 44 49 11 71 60 37 91 35 52 40 2 34 20 28 22 47 43 6 75 16],152002,179466
heuristic/sko100a,8,171862,0,0,0,[64 26 89 5 70 41 20 28 48 77 14 96 27 49 33 59 81 12 75 43 38 42 85 51 21 80 18 72 22 0 7 88 1 3 84 56 95 8 73 44 92 23 37 45 74 25 30 39 91 65 54 29 53 31 15 97 55 4 68 40 79 61 24 13 99 60 46 62 93 50 87 78 83 66 67 63 47 94 10 34 32 19 52 58 98 76 71 35 90 57 17 36 6 16 82 11 69 9 86 2],[64 82 10 32 70 96 0 77 36 17 38 4 12 54 73 94 24 62 78 90 26 79 53 93 74 30 42 13 76 5 87 61 15 51 3 21 31 33 56 14 59 8 85 97 95 88 18 48 1 27 41 58 67 7 92 55 80 81 83 86 9 23 39 66 84 29 72 50 68 19 57 69 65 99 25 46 98 45 63 89 44 49 11 71 60 37 91 35 52 40 2 34 20 28 22 47 43 6 75 16],152002,179466
greedy/sko100a,9,155348,473,101154,26177200,[2 5 89 69 42 80 43 88 48 77 65 50 46 62 45 81 72 22 34 6 7 71 99 98 13 37 39 29 25 11 67 61 95 12 3 74 54 84 91 92 85 18 97 66 15 33 8 1 47 79 32 58 68 51 30 55 73 27 60 28 14 78 93 31 76 53 56 83 52 16 41 38 10 4 21 24 94 63 23 96 49 82 44 59 0 20 35 40 9 75 86 36 70 26 87 19 90 17 57 64],[64 82 10 32 70 96 0 77 36 17 38 4 12 54 73 94 24 62 78 90 26 79 53 93 74 30 42 13 76 5 87 61 15 51 3 21 31 33 56 14 59 8 85 97 95 88 18 48 1 27 41 58 67 7 92 55 80 81 83 86 9 23 39 66 84 29 72 50 68 19 57 69 65 99 25 46 98 45 63 89 44 49 11 71 60 37 91 35 52 40 2 34 20 28 22 47 43 6 75 16],152002,176662
steepest/sko100a,9,156198,102,509850,134587400,[2 26 89 65 62 16 6 20 11 34 5 10 42 46 50 72 71 48 69 43 90 54 63 91 45 39 80 12 22 77 27 59 96 3 56 25 29 23 84 35 32 79 30 37 99 7 66 15 88 98 53 51 85 58 13 97 67 93 95 8 33 24 4 55 18 74 47 92 41 81 73 94 21 76 31 68 60 1 70 61 14 87 86 44 0 19 40 83 49 36 57 9 17 52 78 28 75 38 82 64],[64 82 10 32 70 96 0 77 36 17 38 4 12 54 73 94 24 62 78 90 26 79 53 93 74 30 42 13 76 5 87 61 15 51 3 21 31 33 56 14 59 8 85 97 95 88 18 48 1 27 41 58 67 7 92 55 80 81 83 86 9 23 39 66 84 29 72 50 68 19 57 69 65 99 25 46 98 45 63 89 44 49 11 71 60 37 91 35 52 40 2 34 20 28 22 47 43 6 75 16],152002,176662
random/sko100a,9,172684,21999,21999,222822800,[83 28 52 50 80 40 92 54 87 19 68 71 7 14 16 75 39 89 24 31 46 95 97 81 47 86 93 10 66 17 69 67 72 21 63 23 82 91 49 60 85 13 11 30 9 22 90 45 88 59 43 29 51 42 76 18 15 20 94 36 99 4 6 56 2 55 37 96 25 34 38 58 65 0 33 57 73 98 53 84 61 5 35 41 1 74 8 12 32 64 26 48 79 62 27 77 44 70 3 78],[64 82 10 32 70 96 0 77 36 17 38 4 12 54 73 94 24 62 78 90 26 79 53 93 74 30 42 13 76 5 87 61 15 51 3 21 31 33 56 14 59 8 85 97 95 88 18 48 1 27 41 58 67 7 92 55 80 81 83 86 9 23 39 66 84 29 72 50 68 19 57 69 65 99 25 46 98 45 63 89 44 49 11 71 60 37 91 35 52 40 2 34 20 28 22 47 43 6 75 16],152002,176662
randomWalk/sko100a,9,177764,711687,711687,222366100,[79 98 60 65 30 57 56 96 33 1 36 97 52 59 25 49 19 23 68 72 88 89 46 82 4 8 81 83 71 76 2 21 20 37 43 77 93 63 34 18 28 84 87 47 90 40 7 13 70 61 24 29 58 41 74 53 12 75 91 62 11 55 35 66 86 27 50 54 99 48 14 15 6 69 38 22 3 45 32 16 85 44 10 73 92 95 5 17 78 9 64 31 0 67 39 94 42 26 51 80],[64 82 10 32 70 96 0 77 36 17 38 4 12 54 73 94 24 62 78 90 26 79 53 93 74 30 42 13 76 5 87 61 15 51 3 21 31 33 56 14 59 8 85 97 95 88 18 48 1 27 41 58 67 7 92 55 80 81 83 86 9 23 39 66 84 29 72 50 68 19 57 69 65 99 25 46 98 45 63 89 44 49 11 71 60 37 91 35 52 40 2 34 20 28 22 47 43 6 75 16],152002,176662
heuristic/sko100a,9,171862,0,0,0,[64 26 89 5 70 41 20 28 48 77 14 96 27 49 33 59 81 12 75 43 38 42 85 51 21 80 18 72 22 0 7 88 1 3 84 56 95 8 73 44 92 23 37 45 74 25 30 39 91 65 54 29 53 31 15 97 55 4 68 40 79 61 24 13 99 60 46 62 93 50 87 78 83 66 67 63 47 94 10 34 32 19 52 58 98 76 71 35 90 57 17 36 6 16 82 11 69 9 86 2],[64 82 10 32 70 96 0 77 36 17 38 4 12 54 73 94 24 62 78 90 26 79 53 93 74 30 42 13 76 5 87 61 15 51 3 21 31 33 56 14 59 8 85 97 95 88 18 48 1 27 41 58 67 7 92 55 80 81 83 86 9 23 39 66 84 29 72 50 68 19 57 69 65 99 25 46 98 45 63 89 44 49 11 71 60 37 91 35 52 40 2 34 20 28 22 47 43 6 75 16],152002,176662
greedy/sko100a,10,155250,543,93562,24509600,[64 5 73 53 27 79 9 57 28 2 14 76 94 74 33 29 81 35 6 75 93 42 21 45 50 84 39 25 47 34 61 24 83 67 95 8 88 23 48 92 78 62 31 56 68 99 55 1 22 11 82 4 18 85 51 15 54 60 91 52 32 10 13 30 97 66 3 37 98 44 38 12 58 7 46 71 80 69 40 49 70 89 0 59 72 65 63 87 41 20 36 77 86 26 90 43 19 96 16 17],[64 82 10 32 70 96 0 77 36 17 38 4 12 54 73 94 24 62 78 90 26 79 53 93 74 30 42 13 76 5 87 61 15 51 3 21 31 33 56 14 59 8 85 97 95 88 18 48 1 27 41 58 67 7 92 55 80 81 83 86 9 23 39 66 84 29 72 50 68 19 57 69 65 99 25 46 98 45 63 89 44 49 11 71 60 37 91 35 52 40 2 34 20 28 22 47 43 6 75 16],152002,180182
steepest/sko100a,10,153272,150,747450,196091000,[2 44 34 6 75 98 81 35 19 43 28 69 99 68 40 52 37 13 1 16 22 49 46 71 47 50 91 45 63 89 57 20 11 25 60 84 93 80 42 48 9 59 65 39 51 66 27 33 0 12 61 85 7 97 31 3 55 56 76 54 86 58 67 29 21 18 30 53 94 5 41 72 95 8 15 83 88 62 24 10 87 26 74 79 4 23 92 73 96 90 64 38 36 82 14 78 32 70 17 77],[64 82 10 32 70 96 0 77 36 17 38 4 12 54 73 94 24 62 78 90 26 79 53 93 74 30 42 13 76 5 87 61 15 51 3 21 31 33 56 14 59 8 85 97 95 88 18 48 1 27 41 58 67 7 92 55 80 81 83 86 9 23 39 66 84 29 72 50 68 19 57 69 65 99 25 46 98 45 63 89 44 49 11 71 60 37 91 35 52 40 2 34 20 28 22 47 43 6 75 16],152002,180182
random/sko100a,10,173252,22322,22322,228699300,[12 1 33 13 52 4 20 56 48 22 73 86 85 69 6 49 19 14 65 5 51 21 67 7 25 87 89 93 32 58 75 68 18 28 76 30 54 78 0 38 79 74 92 8 61 53 77 99 31 70 43 26 39 41 15 47 90 11 2 80 35 29 10 97 88 63 98 62 24 36 72 55 66 81 94 3 96 17 60 37 9 95 44 34 91 42 50 84 82 59 64 27 16 45 71 83 46 57 40 23],[64 82 10 32 70 96 0 77 36 17 38 4 12 54 73 94 24 62 78 90 26 79 53 93 74 30 42 13 76 5 87 61 15 51 3 21 31 33 56 14 59 8 85 97 95 88 18 48 1 27 41 58 67 7 92 55 80 81 83 86 9 23 39 66 84 29 72 50 68 19 57 69 65 99 25 46 98 45 63 89 44 49 11 71 60 37 91 35 52 40 2 34 20 28 22 47 43 6 75 16],152002,180182
randomWalk/sko100a,10,178972,725083,725083,223551700,[19 80 31 91 84 25 35 8 0 96 51 97 48 72 83 20 82 63 52 45 18 94 28 5 55 59 14 38 16 88 61 76 90 24 74 39 42 27 56 15 4 64 70 32 11 69 7 36 33 65 40 21 22 10 58 75 79 57 13 12 68 85 29 81 50 66 6 99 73 49 98 71 3 87 9 89 95 23 86 67 46 77 17 43 37 41 60 1 53 47 34 30 54 26 92 44 93 62 78 2],[64 82 10 32 70 96 0 77 36 17 38 4 12 54 73 94 24 62 78 90 26 79 53 93 74 30 42 13 76 5 87 61 15 51 3 21 31 33 56 14 59 8 85 97 95 88 18 48 1 27 41 58 67 7 92 55 80 81 83 86 9 23 39 66 84 29 72 50 68 19 57 69 65 99 25 46 98 45 63 89 44 49 11 71 60 37 91 35 52 40 2 34 20 28 22 47 43 6 75 16],152002,180182
heuristic/sko100a,10,171862,0,0,0,[64 26 89 5 70 41 20 28 48 77 14 96 27 49 33 59 81 12 75 43 38 42 85 51 21 80 18 72 22 0 7 88 1 3 84 56 95 8 73 44 92 23 37 45 74 25 30 39 91 65 54 29 53 31 15 97 55 4 68 40 79 61 24 13 99 60 46 62 93 50 87 78 83 66 67 63 47 94 10 34 32 19 52 58 98 76 71 35 90 57 17 36 6 16 82 11 69 9 86 2],[64 82 10 32 70 96 0 77 36 17 38 4 12 54 73 94 24 62 78 90 26 79 53 93 74 30 42 13 76 5 87 61 15 51 3 21 31 33 56 14 59 8 85 97 95 88 18 48 1 27 41 58 67 7 92 55 80 81 83 86 9 23 39 66 84 29 72 50 68 19 57 69 65 99 25 46 98 45 63 89 44 49 11 71 60 37 91 35 52 40 2 34 20 28 22 47 43 6 75 16],152002,180182
greedy/sko90,1,117392,469,103600,26654700,[10 58 59 68 18 56 78 76 86 24 74 48 70 11 14 64 15 16 19 52 26 83 39 77 5 65 43 13 63 81 29 60 35 73 12 62 80 28 57 42 45 22 67 53 36 89 32 31 20 0 87 25 88 50 2 79 37 72 54 23 17 44 9 82 6 84 3 34 1 41 55 8 30 27 51 69 46 38 71 7 85 47 49 33 21 40 75 61 66 4],[85 26 8 87 75 40 51 37 78 7 47 58 74 83 15 43 39 60 57 24 49 29 48 79 56 65 62 73 42 81 70 68 14 2 6 18 77 12 16 52 22 35 11 36 27 50 5 13 76 28 33 55 69 64 82 46 53 3 0 1 30 59 9 88 89 25 80 72 20 63 21 44 54 67 84 34 31 61 86 41 10 17 45 19 32 71 38 66 23 4],115534,136960
steepest/sko90,1,117656,114,460575,106209400,[21 33 22 29 58 8 30 74 47 85 68 11 48 35 69 14 55 54 87 26 70 50 18 37 65 40 79 83 6 49 46 82 56 27 43 36 5 2 15 75 53 77 45 59 62 12 17 44 51 7 73 25 84 89 57 60 3 88 31 32 78 80 64 72 67 9 39 38 34 23 86 16 71 13 0 20 42 28 61 1 4 19 10 76 63 81 52 66 24 41],[85 26 8 87 75 40 51 37 78 7 47 58 74 83 15 43 39 60 57 24 49 29 48 79 56 65 62 73 42 81 70 68 14 2 6 18 77 12 16 52 22 35 11 36 27 50 5 13 76 28 33 55 69 64 82 46 53 3 0 1 30 59 9 88 89 25 80 72 20 63 21 44 54 67 84 34 31 61 86 41 10 17 45 19 32 71 38 66 23 4],115534,136960
random/sko90,1,133094,11730,11730,94334300,[36 22 33 26 9 74 14 41 89 44 45 63 65 52 84 85 48 31 77 23 83 43 40 81 5 20 15 55 12 42 7 27 28 30 54 32 50 17 0 62 72 79 19 69 8 47 88 16 60 49 76 71 21 53 59 29 3 61 25 2 4 70 67 1 46 64 34 87 68 10 11 58 66 24 35 82 39 6 86 38 73 18 57 13 37 80 51 56 78 75],[85 26 8 87 75 40 51 37 78 7 47 58 74 83 15 43 39 60 57 24 49 29 48 79 56 65 62 73 42 81 70 68 14 2 6 18 77 12 16 52 22 35 11 36 27 50 5 13 76 28 33 55 69 64 82 46 53 3 0 1 30 59 9 88 89 25 80 72 20 63 21 44 54 67 84 34 31 61 86 41 10 17 45 19 32 71 38 66 23 4],115534,136960
randomWalk/sko90,1,136864,331750,331750,100615800,[41 48 89 80 65 64 31 33 23 20 79 12 59 22 17 56 1 51 18 46 5 60 82 6 68 28 83 26 78 8 7 66 54 0 55 67 71 4 88 30 50 15 42 58 43 87 62 39 40 24 32 69 16 44 35 84 63 75 47 10 49 13 9 3 85 74 34 2 14 53 25 29 70 57 61 72 86 73 37 38 21 77 81 36 11 27 19 76 52 45],[85 26 8 87 75 40 51 37 78 7 47 58 74 83 15 43 39 60 57 24 49 29 48 79 56 65 62 73 42 81 70 68 14 2 6 18 77 12 16 52 22 35 11 36 27 50 5 13 76 28 33 55 69 64 82 46 53 3 0 1 30 59 9 88 89 25 80 72 20 63 21 44 54 67 84 34 31 61 86 41 10 17 45 19 32 71 38 66 23 4],115534,136960
heuristic/sko90,1,131136,0,0,0,[85 68 23 20 32 9 44 71 24 21 10 57 48 46 77 79 55 76 52 86 26 38 64 59 13 56 6 34 58 81 47 60 37 88 89 35 50 11 18 78 74 83 80 36 5 2 67 87 15 40 73 0 16 14 27 62 3 12 72 8 75 45 61 65 82 84 43 42 29 41 7 17 53 39 31 28 70 54 22 19 66 49 1 25 51 69 63 30 33 4],[85 26 8 87 75 40 51 37 78 7 47 58 74 83 15 43 39 60 57 24 49 29 48 79 56 65 62 73 42 81 70 68 14 2 6 18 77 12 16 52 22 35 11 36 27 50 5 13 76 28 33 55 69 64 82 46 53 3 0 1 30 59 9 88 89 25 80 72 20 63 21 44 54 67 84 34 31 61 86 41 10 17 45 19 32 71 38 66 23 4],115534,136960
greedy/sko90,2,117536,423,114361,23324300,[21 86 61 19 32 68 69 34 38 41 75 81 64 31 18 14 15 84 52 71 22 40 42 67 36 35 8 6 48 30 43 57 56 0 46 79 2 76 28 1 24 51 13 50 5 11 9 27 72 20 70 73 62 65 12 53 59 89 37 49 33 78 16 77 80 55 88 82 3 7 39 60 47 83 87 45 44 85 25 23 26 10 29 58 74 17 63 54 66 4],[85 26 8 87 75 40 51 37 78 7 47 58 74 83 15 43 39 60 57 24 49 29 48 79 56 65 62 73 42 81 70 68 14 2 6 18 77 12 16 52 22 35 11 36 27 50 5 13 76 28 33 55 69 64 82 46 53 3 0 1 30 59 9 88 89 25 80 72 20 63 21 44 54 67 84 34 31 61 86 41 10 17 45 19 32 71 38 66 23 4],115534,134166
steepest/sko90,2,117000,103,416520,101200800,[10 33 21 78 76 16 73 86 63 4 22 70 39 9 11 77 64 80 24 19 8 60 43 65 56 62 12 57 52 81 75 68 69 14 36 18 46 3 28 1 48 35 40 67 50 13 42 20 0 71 87 59 83 15 2 51 5 31 61 32 74 58 30 88 6 37 89 34 38 41 29 47 55 44 79 27 82 84 54 7 26 85 49 17 45 25 53 72 66 23],[85 26 8 87 75 40 51 37 78 7 47 58 74 83 15 43 39 60 57 24 49 29 48 79 56 65 62 73 42 81 70 68 14 2 6 18 77 12 16 52 22 35 11 36 27 50 5 13 76 28 33 55 69 64 82 46 53 3 0 1 30 59 9 88 89 25 80 72 20 63 21 44 54 67 84 34 31 61 86 41 10 17 45 19 32 71 38 66 23 4],115534,134166
random/sko90,2,132662,11945,11945,94963800,[9 71 41 87 21 88 10 28 51 81 73 8 22 45 82 80 47 25 19 16 58 11 66 50 0 62 89 74 78 6 60 72 52 33 65 27 53 14 61 15 59 70 30 13 79 56 77 20 40 39 84 83 85 63 5 55 86 76 32 38 12 46 2 43 69 75 64 44 36 26 68 37 35 18 3 31 48 29 34 67 57 1 24 54 49 4 42 23 17 7],[85 26 8 87 75 40 51 37 78 7 47 58 74 83 15 43 39 60 57 24 49 29 48 79 56 65 62 73 42 81 70 68 14 2 6 18 77 12 16 52 22 35 11 36 27 50 5 13 76 28 33 55 69 64 82 46 53 3 0 1 30 59 9 88 89 25 80 72 20 63 21 44 54 67 84 34 31 61 86 41 10 17 45 19 32 71 38 66 23 4],115534,134166
randomWalk/sko90,2,135484,351742,351742,94871000,[62 8 3 33 26 44 78 11 10 32 55 5 73 52 40 28 12 66 15 24 17 7 1 56 27 82 46 69 2 72 50 41 63 54 85 47 14 68 49 23 30 20 70 6 37 80 83 22 16 18 88 38 81 77 59 89 76 53 58 65 42 87 21 39 29 25 36 19 79 84 0 35 67 31 9 75 4 60 57 13 64 43 48 45 61 74 86 51 71 34],[85 26 8 87 75 40 51 37 78 7 47 58 74 83 15 43 39 60 57 24 49 29 48 79 56 65 62 73 42 81 70 68 14 2 6 18 77 12 16 52 22 35 11 36 27 50 5 13 76 28 33 55 69 64 82 46 53 3 0 1 30 59 9 88 89 25 80 72 20 63 21 44 54 67 84 34 31 61 86 41 10 17 45 19 32 71 38 66 23 4],115534,134166
heuristic/sko90,2,131136,0,0,0,[85 68 23 20 32 9 44 71 24 21 10 57 48 46 77 79 55 76 52 86 26 38 64 59 13 56 6 34 58 81 47 60 37 88 89 35 50 11 18 78 74 83 80 36 5 2 67 87 15 40 73 0 16 14 27 62 3 12 72 8 75 45 61 65 82 84 43 42 29 41 7 17 53 39 31 28 70 54 22 19 66 49 1 25 51 69 63 30 33 4],[85 26 8 87 75 40 51 37 78 7 47 58 74 83 15 43 39 60 57 24 49 29 48 79 56 65 62 73 42 81 70 68 14 2 6 18 77 12 16 52 22 35 11 36 27 50 5 13 76 28 33 55 69 64 82 46 53 3 0 1 30 59 9 88 89 25 80 72 20 63 21 44 54 67 84 34 31 61 86 41 10 17 45 19 32 71 38 66 23 4],115534,134166
greedy/sko90,3,118706,415,110659,26698300,[66 63 52 81 11 76 19 42 49 85 30 72 73 39 13 79 54 15 55 74 9 80 82 77 62 27 12 6 48 47 44 25 88 83 65 50 0 2 29 87 28 16 60 53 5 89 38 31 14 8 1 3 57 56 37 67 64 18 35 69 17 86 78 58 46 84 61 51 40 75 41 23 70 59 43 34 36 32 68 26 4 33 24 7 45 21 20 71 22 10],[85 26 8 87 75 40 51 37 78 7 47 58 74 83 15 43 39 60 57 24 49 29 48 79 56 65 62 73 42 81 70 68 14 2 6 18 77 12 16 52 22 35 11 36 27 50 5 13 76 28 33 55 69 64 82 46 53 3 0 1 30 59 9 88 89 25 80 72 20 63 21 44 54 67 84 34 31 61 86 41 10 17 45 19 32 71 38 66 23 4],115534,135820
steepest/sko90,3,117520,100,404505,140152600,[4 7 23 41 46 34 32 51 75 24 66 1 20 28 69 61 6 54 15 85 63 3 88 0 14 38 31 8 87 52 9 80 72 37 65 5 36 12 40 81 30 57 89 71 83 2 18 79 42 49 33 16 77 82 50 13 27 62 43 47 17 60 25 53 44 67 56 55 74 39 22 29 45 84 35 11 64 19 48 26 70 73 59 86 58 68 21 76 78 10],[85 26 8 87 75 40 51 37 78 7 47 58 74 83 15 43 39 60 57 24 49 29 48 79 56 65 62 73 42 81 70 68 14 2 6 18 77 12 16 52 22 35 11 36 27 50 5 13 76 28 33 55 69 64 82 46 53 3 0 1 30 59 9 88 89 25 80 72 20 63 21 44 54 67 84 34 31 61 86 41 10 17 45 19 32 71 38 66 23 4],115534,135820
random/sko90,3,132632,12608,12608,96141500,[19 20 64 78 66 30 56 75 8 4 33 73 69 16 72 79 58 45 43 7 10 13 54 38 85 36 50 34 63 88 1 41 86 62 22 6 0 53 21 89 24 14 65 11 77 87 83 25 18 71 40 9 59 23 17 49 84 57 27 39 47 67 29 28 31 55 12 46 35 3 61 70 42 68 37 51 82 5 2 74 44 80 81 32 60 76 15 48 52 26],[85 26 8 87 75 40 51 37 78 7 47 58 74 83 15 43 39 60 57 24 49 29 48 79 56 65 62 73 42 81 70 68 14 2 6 18 77 12 16 52 22 35 11 36 27 50 5 13 76 28 33 55 69 64 82 46 53 3 0 1 30 59 9 88 89 25 80 72 20 63 21 44 54 67 84 34 31 61 86 41 10 17 45 19 32 71 38 66 23 4],115534,135820
randomWalk/sko90,3,136222,345509,345509,94035800,[34 42 64 86 24 62 87 7 10 31 80 51 46 49 8 78 68 48 52 71 55 29 77 17 60 50 14 41 0 67 2 54 59 12 47 83 53 74 84 58 9 85 88 13 61 3 5 1 28 22 43 70 6 39 4 66 20 73 44 33 76 21 11 40 57 35 81 56 75 45 36 26 30 19 65 79 32 37 25 27 16 69 89 38 82 15 18 72 23 63],[85 26 8 87 75 40 51 37 78 7 47 58 74 83 15 43 39 60 57 24 49 29 48 79 56 65 62 73 42 81 70 68 14 2 6 18 77 12 16 52 22 35 11 36 27 50 5 13 76 28 33 55 69 64 82 46 53 3 0 1 30 59 9 88 89 25 80 72 20 63 21 44 54 67 84 34 31 61 86 41 10 17 45 19 32 71 38 66 23 4],115534,135820
heuristic/sko90,3,131136,0,0,0,[85 68 23 20 32 9 44 71 24 21 10 57 48 46 77 79 55 76 52 86 26 38 64 59 13 56 6 34 58 81 47 60 37 88 89 35 50 11 18 78 74 83 80 36 5 2 67 87 15 40 73 0 16 14 27 62 3 12 72 8 75 45 61 65 82 84 43 42 29 41 7 17 53 39 31 28 70 54 22 19 66 49 1 25 51 69 63 30 33 4],[85 26 8 87 75 40 51 37 78 7 47 58 74 83 15 43 39 60 57 24 49 29 48 79 56 65 62 73 42 81 70 68 14 2 6 18 77 12 16 52 22 35 11 36 27 50 5 13 76 28 33 55 69 64 82 46 53 3 0 1 30 59 9 88 89 25 80 72 20 63 21 44 54 67 84 34 31 61 86 41 10 17 45 19 32 71 38 66 23 4],115534,135820
greedy/sko90,4,118082,424,106675,27710900,[81 40 8 68 58 43 15 75 26 85 78 76 37 18 56 39 79 51 87 47 52 42 35 12 64 6 27 48 74 49 24 13 11 5 62 36 2 32 83 55 86 61 28 14 31 65 34 19 29 44 16 0 67 57 77 50 89 38 54 30 63 73 22 60 72 80 88 82 25 66 1 20 71 9 53 46 84 3 45 17 4 41 10 70 59 21 69 7 23 33],[85 26 8 87 75 40 51 37 78 7 47 58 74 83 15 43 39 60 57 24 49 29 48 79 56 65 62 73 42 81 70 68 14 2 6 18 77 12 16 52 22 35 11 36 27 50 5 13 76 28 33 55 69 64 82 46 53 3 0 1 30 59 9 88 89 25 80 72 20 63 21 44 54 67 84 34 31 61 86 41 10 17 45 19 32 71 38 66 23 4],115534,137488
steepest/sko90,4,118898,95,384480,104977500,[26 24 52 43 85 58 39 47 74 49 21 75 31 51 87 83 65 62 42 81 30 40 34 32 15 79 54 27 55 19 29 6 61 36 2 13 12 50 0 17 68 69 14 64 46 44 35 76 48 45 33 18 38 56 5 82 11 77 80 66 70 16 84 67 28 88 53 89 72 25 22 86 37 8 3 59 60 57 7 23 1 78 41 71 20 9 73 63 10 4],[85 26 8 87 75 40 51 37 78 7 47 58 74 83 15 43 39 60 57 24 49 29 48 79 56 65 62 73 42 81 70 68 14 2 6 18 77 12 16 52 22 35 11 36 27 50 5 13 76 28 33 55 69 64 82 46 53 3 0 1 30 59 9 88 89 25 80 72 20 63 21 44 54 67 84 34 31 61 86 41 10 17 45 19 32 71 38 66 23 4],115534,137488
random/sko90,4,132450,12646,12646,100252500,[72 16 61 81 75 18 38 76 40 71 74 80 49 11 14 1 29 62 22 31 52 13 57 73 51 54 2 78 43 82 9 28 63 77 15 42 33 3 88 70 68 65 26 0 86 8 39 89 20 19 48 55 35 87 24 41 79 67 60 83 85 23 47 25 69 37 34 27 6 30 7 21 66 84 64 12 53 56 44 17 59 50 46 58 10 45 5 36 4 32],[85 26 8 87 75 40 51 37 78 7 47 58 74 83 15 43 39 60 57 24 49 29 48 79 56 65 62 73 42 81 70 68 14 2 6 18 77 12 16 52 22 35 11 36 27 50 5 13 76 28 33 55 69 64 82 46 53 3 0 1 30 59 9 88 89 25 80 72 20 63 21 44 54 67 84 34 31 61 86 41 10 17 45 19 32 71 38 66 23 4],115534,137488
randomWalk/sko90,4,138510,359887,359887,98825400,[40 31 81 34 73 14 8 67 66 0 59 16 77 45 69 27 50 82 7 38 39 54 57 88 36 2 87 11 4 49 80 3 85 70 78 32 61 51 10 12 22 25 58 68 60 83 20 28 30 13 79 19 64 24 75 35 63 71 89 18 21 44 74 6 5 41 72 17 1 46 29 9 53 33 15 37 48 26 52 84 55 76 62 47 43 86 42 23 56 65],[85 26 8 87 75 40 51 37 78 7 47 58 74 83 15 43 39 60 57 24 49 29 48 79 56 65 62 73 42 81 70 68 14 2 6 18 77 12 16 52 22 35 11 36 27 50 5 13 76 28 33 55 69 64 82 46 53 3 0 1 30 59 9 88 89 25 80 72 20 63 21 44 54 67 84 34 31 61 86 41 10 17 45 19 32 71 38 66 23 4],115534,137488
heuristic/sko90,4,131136,0,0,0,[85 68 23 20 32 9 44 71 24 21 10 57 48 46 77 79 55 76 52 86 26 38 64 59 13 56 6 34 58 81 47 60 37 88 89 35 50 11 18 78 74 83 80 36 5 2 67 87 15 40 73 0 16 14 27 62 3 12 72 8 75 45 61 65 82 84 43 42 29 41 7 17 53 39 31 28 70 54 22 19 66 49 1 25 51 69 63 30 33 4],[85 26 8 87 75 40 51 37 78 7 47 58 74 83 15 43 39 60 57 24 49 29 48 79 56 65 62 73 42 81 70 68 14 2 6 18 77 12 16 52 22 35 11 36 27 50 5 13 76 28 33 55 69 64 82 46 53 3 0 1 30 59 9 88 89 25 80 72 20 63 21 44 54 67 84 34 31 61 86 41 10 17 45 19 32 71 38 66 23 4],115534,137488
greedy/sko90,5,117502,485,77495,21809700,[26 74 87 45 44 47 49 75 85 23 29 58 48 25 37 40 8 51 71 7 86 57 18 53 89 64 81 84 31 52 78 60 83 12 2 42 0 3 61 41 22 43 6 36 67 35 15 32 38 1 21 76 50 65 5 27 14 69 28 34 68 11 56 62 79 55 82 46 54 30 70 39 77 73 59 13 88 72 20 24 33 10 16 80 17 19 9 63 66 4],[85 26 8 87 75 40 51 37 78 7 47 58 74 83 15 43 39 60 57 24 49 29 48 79 56 65 62 73 42 81 70 68 14 2 6 18 77 12 16 52 22 35 11 36 27 50 5 13 76 28 33 55 69 64 82 46 53 3 0 1 30 59 9 88 89 25 80 72 20 63 21 44 54 67 84 34 31 61 86 41 10 17 45 19 32 71 38 66 23 4],115534,138146
steepest/sko90,5,118276,86,348435,96970100,[7 86 44 55 51 40 49 85 47 30 38 61 74 54 37 48 29 8 58 22 71 31 2 79 67 6 87 26 17 10 45 84 89 25 27 82 88 3 83 1 32 34 64 15 14 36 46 75 39 20 19 42 13 50 53 77 35 69 60 59 23 0 72 12 62 80 65 73 9 70 41 52 28 57 5 56 16 43 63 24 66 81 76 11 18 68 78 21 4 33],[85 26 8 87 75 40 51 37 78 7 47 58 74 83 15 43 39 60 57 24 49 29 48 79 56 65 62 73 42 81 70 68 14 2 6 18 77 12 16 52 22 35 11 36 27 50 5 13 76 28 33 55 69 64 82 46 53 3 0 1 30 59 9 88 89 25 80 72 20 63 21 44 54 67 84 34 31 61 86 41 10 17 45 19 32 71 38 66 23 4],115534,138146
random/sko90,5,132798,7944,7944,98308300,[54 38 87 51 71 46 39 43 89 8 47 57 0 52 15 9 35 64 48 21 79 26 34 40 6 36 31 65 56 73 49 68 5 61 13 67 69 30 53 37 85 20 42 75 33 45 80 58 76 27 12 32 50 22 29 60 17 81 14 55 78 59 77 10 41 1 18 66 25 3 19 2 44 62 72 88 74 83 82 23 24 4 84 7 11 63 28 16 70 86],[85 26 8 87 75 40 51 37 78 7 47 58 74 83 15 43 39 60 57 24 49 29 48 79 56 65 62 73 42 81 70 68 14 2 6 18 77 12 16 52 22 35 11 36 27 50 5 13 76 28 33 55 69 64 82 46 53 3 0 1 30 59 9 88 89 25 80 72 20 63 21 44 54 67 84 34 31 61 86 41 10 17 45 19 32 71 38 66 23 4],115534,138146
randomWalk/sko90,5,135886,337838,337838,94857500,[47 18 88 2 6 85 38 75 20 0 29 67 3 25 36 9 70 56 44 45 72 55 13 41 19 60 15 21 87 84 66 11 57 12 80 51 89 23 30 54 77 37 35 76 42 46 34 1 52 68 71 27 7 31 49 10 82 58 40 64 62 86 53 48 17 59 26 74 32 28 73 69 24 8 14 16 65 81 79 33 61 39 22 50 83 4 43 78 63 5],[85 26 8 87 75 40 51 37 78 7 47 58 74 83 15 43 39 60 57 24 49 29 48 79 56 65 62 73 42 81 70 68 14 2 6 18 77 12 16 52 22 35 11 36 27 50 5 13 76 28 33 55 69 64 82 46 53 3 0 1 30 59 9 88 89 25 80 72 20 63 21 44 54 67 84 34 31 61 86 41 10 17 45 19 32 71 38 66 23 4],115534,138146
heuristic/sko90,5,131136,0,0,0,[85 68 23 20 32 9 44 71 24 21 10 57 48 46 77 79 55 76 52 86 26 38 64 59 13 56 6 34 58 81 47 60 37 88 89 35 50 11 18 78 74 83 80 36 5 2 67 87 15 40 73 0 16 14 27 62 3 12 72 8 75 45 61 65 82 84 43 42 29 41 7 17 53 39 31 28 70 54 22 19 66 49 1 25 51 69 63 30 33 4],[85 26 8 87 75 40 51 37 78 7 47 58 74 83 15 43 39 60 57 24 49 29 48 79 56 65 62 73 42 81 70 68 14 2 6 18 77 12 16 52 22 35 11 36 27 50 5 13 76 28 33 55 69 64 82 46 53 3 0 1 30 59 9 88 89 25 80 72 20 63 21 44 54 67 84 34 31 61 86 41 10 17 45 19 32 71 38 66 23 4],115534,138146
greedy/sko90,6,119128,344,52643,11203600,[66 80 72 25 79 46 39 32 19 4 1 30 48 82 27 56 6 38 34 23 63 81 28 3 18 5 64 36 52 41 76 9 69 88 53 35 89 31 84 71 86 68 14 54 55 2 44 67 59 17 16 11 15 12 77 50 13 0 20 45 78 75 73 60 57 62 51 61 70 10 33 40 8 87 37 42 65 29 22 7 49 85 74 47 58 83 43 26 21 24],[85 26 8 87 75 40 51 37 78 7 47 58 74 83 15 43 39 60 57 24 49 29 48 79 56 65 62 73 42 81 70 68 14 2 6 18 77 12 16 52 22 35 11 36 27 50 5 13 76 28 33 55 69 64 82 46 53 3 0 1 30 59 9 88 89 25 80 72 20 63 21 44 54 67 84 34 31 61 86 41 10 17 45 19 32 71 38 66 23 4],115534,136892
steepest/sko90,6,117870,90,364455,94809600,[4 63 1 28 76 0 20 81 41 23 66 9 88 3 68 72 54 52 31 38 16 24 6 5 18 12 69 14 34 61 10 80 83 65 59 13 2 15 32 7 56 39 43 36 62 37 89 75 51 71 70 17 77 46 82 27 79 64 84 19 78 60 73 57 53 67 35 48 42 40 21 22 58 50 11 8 55 30 86 49 33 29 26 87 25 45 44 74 47 85],[85 26 8 87 75 40 51 37 78 7 47 58 74 83 15 43 39 60 57 24 49 29 48 79 56 65 62 73 42 81 70 68 14 2 6 18 77 12 16 52 22 35 11 36 27 50 5 13 76 28 33 55 69 64 82 46 53 3 0 1 30 59 9 88 89 25 80 72 20 63 21 44 54 67 84 34 31 61 86 41 10 17 45 19 32 71 38 66 23 4],115534,136892
random/sko90,6,132858,11785,11785,95791800,[29 59 20 18 36 22 61 7 55 60 17 23 5 69 16 21 76 41 10 65 66 44 11 34 28 35 1 9 70 39 46 72 24 30 40 79 85 87 13 33 15 56 4 51 68 62 86 67 12 75 54 63 14 50 45 58 32 3 37 26 49 89 8 88 48 71 80 2 73 57 64 25 27 82 78 74 81 19 42 77 6 53 38 84 52 83 0 31 47 43],[85 26 8 87 75 40 51 37 78 7 47 58 74 83 15 43 39 60 57 24 49 29 48 79 56 65 62 73 42 81 70 68 14 2 6 18 77 12 16 52 22 35 11 36 27 50 5 13 76 28 33 55 69 64 82 46 53 3 0 1 30 59 9 88 89 25 80 72 20 63 21 44 54 67 84 34 31 61 86 41 10 17 45 19 32 71 38 66 23 4],115534,136892
randomWalk/sko90,6,136606,348080,348080,96401700,[70 74 39 45 77 24 89 56 1 37 14 79 62 53 63 47 55 48 61 7 51 8 25 0 22 68 30 33 80 5 86 40 50 85 6 9 72 81 84 12 20 69 60 87 32 54 43 11 59 16 23 71 41 57 58 31 29 65 82 19 52 21 75 78 67 2 18 64 42 49 27 17 66 28 10 3 35 38 46 26 44 36 34 76 4 83 88 15 13 73],[85 26 8 87 75 40 51 37 78 7 47 58 74 83 15 43 39 60 57 24 49 29 48 79 56 65 62 73 42 81 70 68 14 2 6 18 77 12 16 52 22 35 11 36 27 50 5 13 76 28 33 55 69 64 82 46 53 3 0 1 30 59 9 88 89 25 80 72 20 63 21 44 54 67 84 34 31 61 86 41 10 17 45 19 32 71 38 66 23 4],115534,136892
heuristic/sko90,6,131136,0,0,0,[85 68 23 20 32 9 44 71 24 21 10 57 48 46 77 79 55 76 52 86 26 38 64 59 13 56 6 34 58 81 47 60 37 88 89 35 50 11 18 78 74 83 80 36 5 2 67 87 15 40 73 0 16 14 27 62 3 12 72 8 75 45 61 65 82 84 43 42 29 41 7 17 53 39 31 28 70 54 22 19 66 49 1 25 51 69 63 30 33 4],[85 26 8 87 75 40 51 37 78 7 47 58 74 83 15 43 39 60 57 24 49 29 48 79 56 65 62 73 42 81 70 68 14 2 6 18 77 12 16 52 22 35 11 36 27 50 5 13 76 28 33 55 69 64 82 46 53 3 0 1 30 59 9 88 89 25 80 72 20 63 21 44 54 67 84 34 31 61 86 41 10 17 45 19 32 71 38 66 23 4],115534,136892
greedy/sko90,7,118028,393,80571,25967200,[86 78 21 68 11 22 29 33 70 4 58 18 56 46 5 83 77 16 24 63 64 12 65 69 36 14 80 9 59 17 73 40 0 35 13 82 61 19 20 10 60 43 62 76 53 37 84 3 28 41 57 42 50 2 67 45 89 71 52 7 81 15 32 6 48 44 25 88 34 23 74 75 87 79 27 8 31 72 54 66 47 85 26 51 39 55 49 38 30 1],[85 26 8 87 75 40 51 37 78 7 47 58 74 83 15 43 39 60 57 24 49 29 48 79 56 65 62 73 42 81 70 68 14 2 6 18 77 12 16 52 22 35 11 36 27 50 5 13 76 28 33 55 69 64 82 46 53 3 0 1 30 59 9 88 89 25 80 72 20 63 21 44 54 67 84 34 31 61 86 41 10 17 45 19 32 71 38 66 23 4],115534,136132
steepest/sko90,7,118274,104,420525,116723500,[24 78 81 19 52 16 73 70 33 4 74 26 39 60 77 53 48 80 45 10 86 43 42 62 76 11 25 29 17 63 58 56 13 65 12 37 89 82 59 23 83 57 64 0 46 35 3 22 20 7 68 40 18 36 28 5 67 84 71 41 61 79 2 32 14 31 72 88 38 66 21 87 51 50 69 55 27 6 34 54 47 85 75 15 44 8 49 9 30 1],[85 26 8 87 75 40 51 37 78 7 47 58 74 83 15 43 39 60 57 24 49 29 48 79 56 65 62 73 42 81 70 68 14 2 6 18 77 12 16 52 22 35 11 36 27 50 5 13 76 28 33 55 69 64 82 46 53 3 0 1 30 59 9 88 89 25 80 72 20 63 21 44 54 67 84 34 31 61 86 41 10 17 45 19 32 71 38 66 23 4],115534,136132
random/sko90,7,131822,10910,10910,95236100,[36 39 20 54 66 82 58 72 86 22 77 18 7 12 15 33 14 63 60 55 37 83 62 17 68 40 53 64 42 70 56 21 79 0 59 81 11 25 8 3 41 6 31 30 34 29 13 85 23 46 47 5 88 9 89 50 80 28 4 45 24 67 2 27 75 69 48 19 32 74 38 51 16 35 43 65 87 44 84 78 73 71 49 76 61 57 1 10 52 26],[85 26 8 87 75 40 51 37 78 7 47 58 74 83 15 43 39 60 57 24 49 29 48 79 56 65 62 73 42 81 70 68 14 2 6 18 77 12 16 52 22 35 11 36 27 50 5 13 76 28 33 55 69 64 82 46 53 3 0 1 30 59 9 88 89 25 80 72 20 63 21 44 54 67 84 34 31 61 86 41 10 17 45 19 32 71 38 66 23 4],115534,136132
randomWalk/sko90,7,135744,313632,313632,94867100,[65 46 36 18 44 7 62 82 4 41 35 11 29 63 64 58 8 37 31 70 85 83 87 10 69 12 52 47 13 1 88 55 79 42 53 72 9 73 51 71 14 32 61 86 6 15 39 67 57 20 68 49 40 21 80 78 59 19 76 25 60 5 30 77 26 27 66 75 2 23 22 34 56 38 50 28 54 0 3 43 45 16 24 17 89 81 33 48 74 84],[85 26 8 87 75 40 51 37 78 7 47 58 74 83 15 43 39 60 57 24 49 29 48 79 56 65 62 73 42 81 70 68 14 2 6 18 77 12 16 52 22 35 11 36 27 50 5 13 76 28 33 55 69 64 82 46 53 3 0 1 30 59 9 88 89 25 80 72 20 63 21 44 54 67 84 34 31 61 86 41 10 17 45 19 32 71 38 66 23 4],115534,136132
heuristic/sko90,7,131136,0,0,0,[85 68 23 20 32 9 44 71 24 21 10 57 48 46 77 79 55 76 52 86 26 38 64 59 13 56 6 34 58 81 47 60 37 88 89 35 50 11 18 78 74 83 80 36 5 2 67 87 15 40 73 0 16 14 27 62 3 12 72 8 75 45 61 65 82 84 43 42 29 41 7 17 53 39 31 28 70 54 22 19 66 49 1 25 51 69 63 30 33 4],[85 26 8 87 75 40 51 37 78 7 47 58 74 83 15 43 39 60 57 24 49 29 48 79 56 65 62 73 42 81 70 68 14 2 6 18 77 12 16 52 22 35 11 36 27 50 5 13 76 28 33 55 69 64 82 46 53 3 0 1 30 59 9 88 89 25 80 72 20 63 21 44 54 67 84 34 31 61 86 41 10 17 45 19 32 71 38 66 23 4],115534,136132
greedy/sko90,8,117394,395,93413,21542200,[19 30 49 71 32 31 38 34 1 41 48 67 64 84 75 6 15 42 52 81 22 8 35 36 69 14 40 61 20 85 70 29 68 2 9 18 50 13 0 21 33 59 89 27 88 5 12 37 72 54 17 44 55 79 3 82 65 76 28 66 45 25 11 46 53 77 80 16 7 23 10 74 47 87 51 56 62 73 57 63 26 86 58 83 39 60 43 78 24 4],[85 26 8 87 75 40 51 37 78 7 47 58 74 83 15 43 39 60 57 24 49 29 48 79 56 65 62 73 42 81 70 68 14 2 6 18 77 12 16 52 22 35 11 36 27 50 5 13 76 28 33 55 69 64 82 46 53 3 0 1 30 59 9 88 89 25 80 72 20 63 21 44 54 67 84 34 31 61 86 41 10 17 45 19 32 71 38 66 23 4],115534,135860
steepest/sko90,8,118348,106,428535,123862700,[68 30 71 64 18 51 20 75 1 7 52 38 3 84 6 31 61 34 69 41 19 48 67 35 36 14 40 15 46 32 79 55 88 8 2 37 54 87 28 85 76 72 89 27 5 13 12 50 0 57 26 49 25 44 74 47 53 42 65 81 10 45 59 11 56 39 82 62 43 23 86 66 17 29 83 77 60 80 9 63 78 33 70 22 58 16 73 24 21 4],[85 26 8 87 75 40 51 37 78 7 47 58 74 83 15 43 39 60 57 24 49 29 48 79 56 65 62 73 42 81 70 68 14 2 6 18 77 12 16 52 22 35 11 36 27 50 5 13 76 28 33 55 69 64 82 46 53 3 0 1 30 59 9 88 89 25 80 72 20 63 21 44 54 67 84 34 31 61 86 41 10 17 45 19 32 71 38 66 23 4],115534,135860
random/sko90,8,132220,12633,12633,99483300,[10 16 88 80 60 1 22 76 7 24 85 44 67 86 73 49 2 61 81 20 45 42 43 28 79 35 71 15 58 17 55 74 3 56 52 29 38 64 8 34 57 65 33 13 30 89 18 11 50 37 87 23 39 4 72 48 83 6 21 84 47 63 32 27 26 12 78 36 5 40 53 51 68 46 77 0 82 31 25 75 19 66 9 41 62 70 14 54 69 59],[85 26 8 87 75 40 51 37 78 7 47 58 74 83 15 43 39 60 57 24 49 29 48 79 56 65 62 73 42 81 70 68 14 2 6 18 77 12 16 52 22 35 11 36 27 50 5 13 76 28 33 55 69 64 82 46 53 3 0 1 30 59 9 88 89 25 80 72 20 63 21 44 54 67 84 34 31 61 86 41 10 17 45 19 32 71 38 66 23 4],115534,135860
randomWalk/sko90,8,136656,336026,336026,94820800,[56 57 41 65 86 2 53 28 63 43 71 36 5 1 3 51 66 17 18 12 45 88 46 23 48 59 81 13 33 42 20 83 8 49 82 24 7 73 87 21 14 22 26 85 77 52 15 80 89 19 10 68 61 39 38 72 55 27 35 60 79 9 25 50 44 34 84 37 29 6 69 11 47 62 0 75 54 78 74 40 58 30 70 32 16 31 76 64 4 67],[85 26 8 87 75 40 51 37 78 7 47 58 74 83 15 43 39 60 57 24 49 29 48 79 56 65 62 73 42 81 70 68 14 2 6 18 77 12 16 52 22 35 11 36 27 50 5 13 76 28 33 55 69 64 82 46 53 3 0 1 30 59 9 88 89 25 80 72 20 63 21 44 54 67 84 34 31 61 86 41 10 17 45 19 32 71 38 66 23 4],115534,135860
heuristic/sko90,8,131136,0,0,0,[85 68 23 20 32 9 44 71 24 21 10 57 48 46 77 79 55 76 52 86 26 38 64 59 13 56 6 34 58 81 47 60 37 88 89 35 50 11 18 78 74 83 80 36 5 2 67 87 15 40 73 0 16 14 27 62 3 12 72 8 75 45 61 65 82 84 43 42 29 41 7 17 53 39 31 28 70 54 22 19 66 49 1 25 51 69 63 30 33 4],[85 26 8 87 75 40 51 37 78 7 47 58 74 83 15 43 39 60 57 24 49 29 48 79 56 65 62 73 42 81 70 68 14 2 6 18 77 12 16 52 22 35 11 36 27 50 5 13 76 28 33 55 69 64 82 46 53 3 0 1 30 59 9 88 89 25 80 72 20 63 21 44 54 67 84 34 31 61 86 41 10 17 45 19 32 71 38 66 23 4],115534,135860
greedy/sko90,9,118182,388,43196,11110400,[7 10 20 71 0 68 59 1 23 41 24 37 16 76 13 11 28 72 66 4 22 78 56 18 12 14 5 38 81 63 70 40 8 35 64 36 48 89 9 52 60 43 57 67 46 65 53 3 80 39 33 73 62 77 6 27 82 88 25 45 58 75 15 50 2 34 84 83 29 17 21 51 87 61 69 32 31 54 44 26 85 47 42 86 79 19 55 49 74 30],[85 26 8 87 75 40 51 37 78 7 47 58 74 83 15 43 39 60 57 24 49 29 48 79 56 65 62 73 42 81 70 68 14 2 6 18 77 12 16 52 22 35 11 36 27 50 5 13 76 28 33 55 69 64 82 46 53 3 0 1 30 59 9 88 89 25 80 72 20 63 21 44 54 67 84 34 31 61 86 41 10 17 45 19 32 71 38 66 23 4],115534,136742
steepest/sko90,9,117808,104,420525,121486600,[4 63 78 76 11 18 68 10 21 85 66 54 73 16 12 29 70 37 33 22 86 30 82 77 14 56 59 40 58 8 24 1 15 9 13 6 88 20 69 75 41 61 84 28 53 2 3 35 50 60 52 34 64 72 5 36 67 0 46 57 81 42 31 80 62 79 83 65 43 87 23 38 32 25 27 89 48 71 51 7 17 19 49 44 45 74 55 39 47 26],[85 26 8 87 75 40 51 37 78 7 47 58 74 83 15 43 39 60 57 24 49 29 48 79 56 65 62 73 42 81 70 68 14 2 6 18 77 12 16 52 22 35 11 36 27 50 5 13 76 28 33 55 69 64 82 46 53 3 0 1 30 59 9 88 89 25 80 72 20 63 21 44 54 67 84 34 31 61 86 41 10 17 45 19 32 71 38 66 23 4],115534,136742
random/sko90,9,132730,11658,11658,94492900,[27 42 75 25 71 5 4 13 24 86 67 6 28 72 61 70 30 26 3 79 49 82 1 46 18 84 38 64 43 16 50 34 32 44 60 56 68 19 78 36 58 73 29 57 69 53 14 11 52 80 22 12 15 31 39 54 51 47 20 10 63 8 89 45 76 62 55 23 40 21 41 35 66 88 87 0 17 81 59 65 85 2 9 74 77 83 33 37 7 48],[85 26 8 87 75 40 51 37 78 7 47 58 74 83 15 43 39 60 57 24 49 29 48 79 56 65 62 73 42 81 70 68 14 2 6 18 77 12 16 52 22 35 11 36 27 50 5 13 76 28 33 55 69 64 82 46 53 3 0 1 30 59 9 88 89 25 80 72 20 63 21 44 54 67 84 34 31 61 86 41 10 17 45 19 32 71 38 66 23 4],115534,136742
randomWalk/sko90,9,137534,352450,352450,100917800,[80 83 33 51 68 60 29 79 54 88 31 77 13 89 78 18 47 59 15 53 26 41 50 62 28 87 16 11 5 22 73 71 1 32 24 82 23 42 70 44 8 76 58 35 36 55 34 2 38 12 45 84 48 37 66 52 57 72 40 43 74 69 30 7 14 81 0 3 19 10 86 17 27 56 46 6 64 85 21 9 63 67 65 61 75 49 25 20 4 39],[85 26 8 87 75 40 51 37 78 7 47 58 74 83 15 43 39 60 57 24 49 29 48 79 56 65 62 73 42 81 70 68 14 2 6 18 77 12 16 52 22 35 11 36 27 50 5 13 76 28 33 55 69 64 82 46 53 3 0 1 30 59 9 88 89 25 80 72 20 63 21 44 54 67 84 34 31 61 86 41 10 17 45 19 32 71 38 66 23 4],115534,136742
heuristic/sko90,9,131136,0,0,0,[85 68 23 20 32 9 44 71 24 21 10 57 48 46 77 79 55 76 52 86 26 38 64 59 13 56 6 34 58 81 47 60 37 88 89 35 50 11 18 78 74 83 80 36 5 2 67 87 15 40 73 0 16 14 27 62 3 12 72 8 75 45 61 65 82 84 43 42 29 41 7 17 53 39 31 28 70 54 22 19 66 49 1 25 51 69 63 30 33 4],[85 26 8 87 75 40 51 37 78 7 47 58 74 83 15 43 39 60 57 24 49 29 48 79 56 65 62 73 42 81 70 68 14 2 6 18 77 12 16 52 22 35 11 36 27 50 5 13 76 28 33 55 69 64 82 46 53 3 0 1 30 59 9 88 89 25 80 72 20 63 21 44 54 67 84 34 31 61 86 41 10 17 45 19 32 71 38 66 23 4],115534,136742
greedy/sko90,10,117756,429,70484,17491500,[75 68 18 56 43 57 70 33 21 10 40 69 14 29 65 37 22 16 24 7 8 48 35 6 77 11 67 59 76 71 15 79 2 54 50 13 88 0 20 19 42 27 36 12 62 73 89 72 34 23 55 32 64 53 31 45 84 38 61 41 49 87 46 82 5 25 9 80 28 66 47 74 44 58 83 60 3 30 1 17 85 26 51 78 81 39 86 52 63 4],[85 26 8 87 75 40 51 37 78 7 47 58 74 83 15 43 39 60 57 24 49 29 48 79 56 65 62 73 42 81 70 68 14 2 6 18 77 12 16 52 22 35 11 36 27 50 5 13 76 28 33 55 69 64 82 46 53 3 0 1 30 59 9 88 89 25 80 72 20 63 21 44 54 67 84 34 31 61 86 41 10 17 45 19 32 71 38 66 23 4],115534,134840
steepest/sko90,10,118024,125,504630,149210300,[7 24 78 73 60 42 12 57 40 85 58 37 8 53 56 62 65 18 43 49 70 22 16 82 14 77 83 5 51 33 29 54 11 74 35 55 13 50 87 47 68 59 44 25 48 79 2 27 39 26 17 10 76 45 89 15 88 67 6 30 23 20 80 3 28 46 72 36 34 75 66 63 9 84 69 32 0 38 31 1 4 41 86 52 64 19 81 71 61 21],[85 26 8 87 75 40 51 37 78 7 47 58 74 83 15 43 39 60 57 24 49 29 48 79 56 65 62 73 42 81 70 68 14 2 6 18 77 12 16 52 22 35 11 36 27 50 5 13 76 28 33 55 69 64 82 46 53 3 0 1 30 59 9 88 89 25 80 72 20 63 21 44 54 67 84 34 31 61 86 41 10 17 45 19 32 71 38 66 23 4],115534,134840
random/sko90,10,132678,11926,11926,95701600,[10 67 4 72 78 36 49 77 50 68 83 28 85 53 40 14 30 1 19 38 75 8 61 7 16 13 35 56 70 45 18 88 3 57 21 31 62 5 71 43 63 2 82 73 59 87 11 46 47 55 48 25 0 89 6 22 27 84 29 79 60 74 37 66 42 52 69 17 33 24 54 12 86 15 32 81 44 80 58 23 76 26 39 20 41 9 34 51 64 65],[85 26 8 87 75 40 51 37 78 7 47 58 74 83 15 43 39 60 57 24 49 29 48 79 56 65 62 73 42 81 70 68 14 2 6 18 77 12 16 52 22 35 11 36 27 50 5 13 76 28 33 55 69 64 82 46 53 3 0 1 30 59 9 88 89 25 80 72 20 63 21 44 54 67 84 34 31 61 86 41 10 17 45 19 32 71 38 66 23 4],115534,134840
randomWalk/sko90,10,137032,327898,327898,96073300,[1 58 49 73 13 33 89 4 69 64 66 57 86 65 67 35 28 87 34 70 43 22 71 26 10 53 51 45 16 23 83 0 8 88 25 79 21 74 31 12 50 36 11 85 72 78 56 47 46 6 9 7 40 5 37 2 55 20 15 52 82 24 32 59 68 38 61 76 29 62 42 75 14 60 77 18 19 84 54 17 41 44 63 3 27 30 81 39 48 80],[85 26 8 87 75 40 51 37 78 7 47 58 74 83 15 43 39 60 57 24 49 29 48 79 56 65 62 73 42 81 70 68 14 2 6 18 77 12 16 52 22 35 11 36 27 50 5 13 76 28 33 55 69 64 82 46 53 3 0 1 30 59 9 88 89 25 80 72 20 63 21 44 54 67 84 34 31 61 86 41 10 17 45 19 32 71 38 66 23 4],115534,134840
heuristic/sko90,10,131136,0,0,0,[85 68 23 20 32 9 44 71 24 21 10 57 48 46 77 79 55 76 52 86 26 38 64 59 13 56 6 34 58 81 47 60 37 88 89 35 50 11 18 78 74 83 80 36 5 2 67 87 15 40 73 0 16 14 27 62 3 12 72 8 75 45 61 65 82 84 43 42 29 41 7 17 53 39 31 28 70 54 22 19 66 49 1 25 51 69 63 30 33 4],[85 26 8 87 75 40 51 37 78 7 47 58 74 83 15 43 39 60 57 24 49 29 48 79 56 65 62 73 42 81 70 68 14 2 6 18 77 12 16 52 22 35 11 36 27 50 5 13 76 28 33 55 69 64 82 46 53 3 0 1 30 59 9 88 89 25 80 72 20 63 21 44 54 67 84 34 31 61 86 41 10 17 45 19 32 71 38 66 23 4],115534,134840
greedy/tai100b,1,1251190713,668,96068,26130500,[38 81 4 14 98 87 53 32 86 69 52 44 77 40 10 84 27 64 5 91 2 25 39 16 66 55 88 79 30 70 67 58 43 51 3 26 17 23 73 0 45 99 93 96 41 65 47 33 1 62 24 13 89 92 31 29 82 72 15 7 63 83 8 12 59 6 36 46 28 80 21 61 74 35 56 94 85 42 9 19 95 37 78 90 76 60 48 57 11 18 97 71 54 22 20 34 50 75 68 49],[84 36 26 80 64 69 49 44 81 47 65 25 93 28 71 94 0 85 98 29 31 52 78 4 18 14 88 79 30 32 67 10 5 76 60 27 42 19 56 40 23 2 77 75 97 53 20 50 86 57 99 38 83 59 63 37 11 35 16 34 43 13 90 91 48 92 74 7 12 68 8 72 89 6 9 73 1 17 70 51 95 33 66 45 24 62 61 41 46 39 96 58 3 82 54 21 55 22 15 87],1185996137,1774939829
steepest/tai100b,1,1243019917,132,658350,189979200,[19 64 80 37 44 86 94 36 85 69 65 49 81 91 13 70 1 51 33 93 43 14 61 41 21 57 88 67 30 32 79 60 75 3 10 23 77 2 73 6 20 5 17 31 82 74 58 68 99 71 15 18 16 47 83 53 59 26 35 63 38 9 22 24 29 96 28 55 25 0 39 62 54 66 92 4 52 12 7 84 95 98 72 46 90 27 34 42 11 97 56 40 50 78 48 8 89 45 76 87],[84 36 26 80 64 69 49 44 81 47 65 25 93 28 71 94 0 85 98 29 31 52 78 4 18 14 88 79 30 32 67 10 5 76 60 27 42 19 56 40 23 2 77 75 97 53 20 50 86 57 99 38 83 59 63 37 11 35 16 34 43 13 90 91 48 92 74 7 12 68 8 72 89 6 9 73 1 17 70 51 95 33 66 45 24 62 61 41 46 39 96 58 3 82 54 21 55 22 15 87],1185996137,1774939829
random/tai100b,1,1619022446,32104,32104,309134700,[45 70 19 27 56 98 24 86 55 5 22 37 75 11 83 94 6 52 9 67 18 44 13 80 61 71 72 63 30 88 28 69 23 38 92 33 66 47 51 68 74 97 15 25 29 89 21 17 8 96 65 1 20 10 54 85 73 35 53 42 60 0 16 3 32 77 99 49 50 82 31 41 57 43 34 14 95 91 2 93 79 40 59 39 62 4 81 64 48 36 26 90 84 76 46 58 7 87 78 12],[84 36 26 80 64 69 49 44 81 47 65 25 93 28 71 94 0 85 98 29 31 52 78 4 18 14 88 79 30 32 67 10 5 76 60 27 42 19 56 40 23 2 77 75 97 53 20 50 86 57 99 38 83 59 63 37 11 35 16 34 43 13 90 91 48 92 74 7 12 68 8 72 89 6 9 73 1 17 70 51 95 33 66 45 24 62 61 41 46 39 96 58 3 82 54 21 55 22 15 87],1185996137,1774939829
randomWalk/tai100b,1,1827056045,978142,978142,310393700,[36 52 42 76 26 89 68 10 54 71 67 6 5 37 88 79 85 16 45 50 40 61 47 53 49 11 77 34 80 3 84 13 39 98 97 33 57 0 95 86 72 14 63 29 59 66 24 18 19 28 43 20 31 83 22 65 91 94 82 58 87 92 78 70 74 4 69 44 8 96 41 51 93 25 23 56 55 17 46 12 75 99 38 64 60 35 73 27 1 30 9 7 81 21 15 32 48 90 2 62],[84 36 26 80 64 69 49 44 81 47 65 25 93 28 71 94 0 85 98 29 31 52 78 4 18 14 88 79 30 32 67 10 5 76 60 27 42 19 56 40 23 2 77 75 97 53 20 50 86 57 99 38 83 59 63 37 11 35 16 34 43 13 90 91 48 92 74 7 12 68 8 72 89 6 9 73 1 17 70 51 95 33 66 45 24 62 61 41 46 39 96 58 3 82 54 21 55 22 15 87],1185996137,1774939829
heuristic/tai100b,1,1468025063,0,0,0,[87 79 30 49 70 28 65 32 67 86 44 85 47 18 35 74 55 19 1 91 76 13 5 6 45 56 88 37 36 93 81 59 26 73 39 16 75 63 92 38 53 23 9 58 27 40 72 24 84 48 68 17 12 25 94 52 42 2 14 8 0 99 31 11 89 21 4 71 41 83 96 66 10 33 95 98 20 80 29 77 64 69 82 43 15 57 78 60 54 90 62 7 50 22 34 97 61 46 3 51],[84 36 26 80 64 69 49 44 81 47 65 25 93 28 71 94 0 85 98 29 31 52 78 4 18 14 88 79 30 32 67 10 5 76 60 27 42 19 56 40 23 2 77 75 97 53 20 50 86 57 99 38 83 59 63 37 11 35 16 34 43 13 90 91 48 92 74 7 12 68 8 72 89 6 9 73 1 17 70 51 95 33 66 45 24 62 61 41 46 39 96 58 3 82 54 21 55 22 15 87],1185996137,1774939829
greedy/tai100b,2,1262328725,653,77554,21073800,[56 81 69 84 70 51 95 88 1 94 19 64 42 10 38 28 20 32 52 76 50 25 22 55 21 58 79 74 36 12 44 23 48 18 7 87 4 98 72 75 62 53 99 31 63 29 14 41 0 15 3 66 86 35 91 80 89 11 97 2 93 33 6 59 24 96 67 68 30 37 54 39 16 83 27 47 26 40 49 5 77 65 85 8 73 57 90 82 78 43 9 34 61 45 71 13 60 17 46 92],[84 36 26 80 64 69 49 44 81 47 65 25 93 28 71 94 0 85 98 29 31 52 78 4 18 14 88 79 30 32 67 10 5 76 60 27 42 19 56 40 23 2 77 75 97 53 20 50 86 57 99 38 83 59 63 37 11 35 16 34 43 13 90 91 48 92 74 7 12 68 8 72 89 6 9 73 1 17 70 51 95 33 66 45 24 62 61 41 46 39 96 58 3 82 54 21 55 22 15 87],1185996137,1799529221
steepest/tai100b,2,1248486928,150,747450,202877900,[81 32 36 26 30 49 25 88 67 64 44 47 84 27 76 86 53 87 20 38 50 59 78 33 23 3 79 77 70 12 74 89 15 6 83 52 19 94 29 8 45 37 31 58 56 72 4 99 48 68 42 95 57 35 73 22 61 98 34 46 9 17 75 43 51 7 93 2 65 13 5 1 63 91 41 16 85 18 80 28 14 69 66 21 24 40 10 82 60 71 55 97 90 0 39 62 96 54 11 92],[84 36 26 80 64 69 49 44 81 47 65 25 93 28 71 94 0 85 98 29 31 52 78 4 18 14 88 79 30 32 67 10 5 76 60 27 42 19 56 40 23 2 77 75 97 53 20 50 86 57 99 38 83 59 63 37 11 35 16 34 43 13 90 91 48 92 74 7 12 68 8 72 89 6 9 73 1 17 70 51 95 33 66 45 24 62 61 41 46 39 96 58 3 82 54 21 55 22 15 87],1185996137,1799529221
random/tai100b,2,1604390533,30505,30505,313806500,[27 56 25 87 32 94 19 26 66 80 65 42 49 97 61 3 77 88 86 39 90 76 83 51 95 40 4 98 63 70 91 69 30 38 71 13 35 31 72 37 59 29 1 45 50 10 44 12 84 7 15 96 0 73 5 6 60 62 75 16 53 57 78 17 85 54 24 48 74 9 41 8 21 89 28 43 55 82 92 52 18 64 81 23 2 36 11 20 68 93 34 22 33 46 79 67 58 47 99 14],[84 36 26 80 64 69 49 44 81 47 65 25 93 28 71 94 0 85 98 29 31 52 78 4 18 14 88 79 30 32 67 10 5 76 60 27 42 19 56 40 23 2 77 75 97 53 20 50 86 57 99 38 83 59 63 37 11 35 16 34 43 13 90 91 48 92 74 7 12 68 8 72 89 6 9 73 1 17 70 51 95 33 66 45 24 62 61 41 46 39 96 58 3 82 54 21 55 22 15 87],1185996137,1799529221
randomWalk/tai100b,2,1793384769,1009699,1009699,314164800,[29 30 76 93 70 20 49 9 2 59 13 54 3 66 22 71 91 7 0 63 17 50 16 79 14 57 72 78 41 11 68 99 94 34 75 23 19 42 86 96 48 8 82 84 47 92 53 28 24 87 10 39 27 97 81 43 85 89 12 88 56 64 83 1 60 46 62 33 6 37 73 26 52 55 45 18 38 31 74 35 98 25 4 95 90 67 51 44 32 58 15 21 5 61 69 40 65 36 77 80],[84 36 26 80 64 69 49 44 81 47 65 25 93 28 71 94 0 85 98 29 31 52 78 4 18 14 88 79 30 32 67 10 5 76 60 27 42 19 56 40 23 2 77 75 97 53 20 50 86 57 99 38 83 59 63 37 11 35 16 34 43 13 90 91 48 92 74 7 12 68 8 72 89 6 9 73 1 17 70 51 95 33 66 45 24 62 61 41 46 39 96 58 3 82 54 21 55 22 15 87],1185996137,1799529221
heuristic/tai100b,2,1468025063,0,0,0,[87 79 30 49 70 28 65 32 67 86 44 85 47 18 35 74 55 19 1 91 76 13 5 6 45 56 88 37 36 93 81 59 26 73 39 16 75 63 92 38 53 23 9 58 27 40 72 24 84 48 68 17 12 25 94 52 42 2 14 8 0 99 31 11 89 21 4 71 41 83 96 66 10 33 95 98 20 80 29 77 64 69 82 43 15 57 78 60 54 90 62 7 50 22 34 97 61 46 3 51],[84 36 26 80 64 69 49 44 81 47 65 25 93 28 71 94 0 85 98 29 31 52 78 4 18 14 88 79 30 32 67 10 5 76 60 27 42 19 56 40 23 2 77 75 97 53 20 50 86 57 99 38 83 59 63 37 11 35 16 34 43 13 90 91 48 92 74 7 12 68 8 72 89 6 9 73 1 17 70 51 95 33 66 45 24 62 61 41 46 39 96 58 3 82 54 21 55 22 15 87],1185996137,1799529221
greedy/tai100b,3,1245112751,860,134459,32212300,[25 32 77 68 30 79 74 88 67 49 81 6 87 85 48 86 53 37 98 75 23 28 9 2 60 0 36 65 44 70 64 27 56 26 91 33 95 5 51 42 84 40 1 43 29 19 47 94 93 10 62 69 58 61 39 57 99 21 3 24 22 54 11 12 71 8 35 34 80 46 90 17 92 73 59 55 66 14 96 16 18 41 76 83 50 52 15 45 82 38 20 7 63 78 97 89 4 72 31 13],[84 36 26 80 64 69 49 44 81 47 65 25 93 28 71 94 0 85 98 29 31 52 78 4 18 14 88 79 30 32 67 10 5 76 60 27 42 19 56 40 23 2 77 75 97 53 20 50 86 57 99 38 83 59 63 37 11 35 16 34 43 13 90 91 48 92 74 7 12 68 8 72 89 6 9 73 1 17 70 51 95 33 66 45 24 62 61 41 46 39 96 58 3 82 54 21 55 22 15 87],1185996137,1800047263
steepest/tai100b,3,1244856586,142,707850,185141700,[56 77 5 84 69 51 1 81 70 42 40 95 27 28 46 85 2 94 9 75 7 93 15 73 62 66 88 79 30 32 67 63 37 41 89 18 86 53 87 83 31 38 14 55 45 26 16 47 0 29 24 25 74 13 91 33 80 65 59 35 6 12 11 71 99 21 44 8 64 17 3 72 34 43 60 52 4 10 92 19 36 98 23 68 76 22 78 58 97 57 48 54 61 96 50 39 82 20 90 49],[84 36 26 80 64 69 49 44 81 47 65 25 93 28 71 94 0 85 98 29 31 52 78 4 18 14 88 79 30 32 67 10 5 76 60 27 42 19 56 40 23 2 77 75 97 53 20 50 86 57 99 38 83 59 63 37 11 35 16 34 43 13 90 91 48 92 74 7 12 68 8 72 89 6 9 73 1 17 70 51 95 33 66 45 24 62 61 41 46 39 96 58 3 82 54 21 55 22 15 87],1185996137,1800047263
random/tai100b,3,1609919604,30379,30379,310659400,[8 86 28 9 30 25 49 16 44 17 66 64 85 71 51 80 90 82 78 53 40 55 63 42 81 33 70 65 99 59 68 97 6 15 3 29 5 4 37 41 20 45 27 34 48 43 13 31 46 76 39 69 60 36 50 26 98 10 18 62 73 83 12 0 1 87 32 93 11 94 72 35 91 95 67 38 54 84 79 22 24 57 56 19 23 2 89 21 88 61 14 7 58 74 77 96 75 52 92 47],[84 36 26 80 64 69 49 44 81 47 65 25 93 28 71 94 0 85 98 29 31 52 78 4 18 14 88 79 30 32 67 10 5 76 60 27 42 19 56 40 23 2 77 75 97 53 20 50 86 57 99 38 83 59 63 37 11 35 16 34 43 13 90 91 48 92 74 7 12 68 8 72 89 6 9 73 1 17 70 51 95 33 66 45 24 62 61 41 46 39 96 58 3 82 54 21 55 22 15 87],1185996137,1800047263
randomWalk/tai100b,3,1809721926,1005718,1005718,309679700,[87 30 80 49 52 63 16 7 75 66 22 37 11 48 70 89 68 36 58 17 21 13 72 8 79 61 2 39 34 54 62 46 33 90 23 98 71 86 65 82 96 27 3 14 95 12 57 99 10 91 28 78 40 74 60 35 88 77 50 45 32 76 44 15 92 41 1 83 73 69 20 55 5 53 26 38 56 47 64 9 84 31 18 24 59 25 6 94 67 4 0 97 42 85 19 29 93 81 51 43],[84 36 26 80 64 69 49 44 81 47 65 25 93 28 71 94 0 85 98 29 31 52 78 4 18 14 88 79 30 32 67 10 5 76 60 27 42 19 56 40 23 2 77 75 97 53 20 50 86 57 99 38 83 59 63 37 11 35 16 34 43 13 90 91 48 92 74 7 12 68 8 72 89 6 9 73 1 17 70 51 95 33 66 45 24 62 61 41 46 39 96 58 3 82 54 21 55 22 15 87],1185996137,1800047263
heuristic/tai100b,3,1468025063,0,0,0,[87 79 30 49 70 28 65 32 67 86 44 85 47 18 35 74 55 19 1 91 76 13 5 6 45 56 88 37 36 93 81 59 26 73 39 16 75 63 92 38 53 23 9 58 27 40 72 24 84 48 68 17 12 25 94 52 42 2 14 8 0 99 31 11 89 21 4 71 41 83 96 66 10 33 95 98 20 80 29 77 64 69 82 43 15 57 78 60 54 90 62 7 50 22 34 97 61 46 3 51],[84 36 26 80 64 69 49 44 81 47 65 25 93 28 71 94 0 85 98 29 31 52 78 4 18 14 88 79 30 32 67 10 5 76 60 27 42 19 56 40 23 2 77 75 97 53 20 50 86 57 99 38 83 59 63 37 11 35 16 34 43 13 90 91 48 92 74 7 12 68 8 72 89 6 9 73 1 17 70 51 95 33 66 45 24 62 61 41 46 39 96 58 3 82 54 21 55 22 15 87],1185996137,1800047263
greedy/tai100b,4,1239698605,818,109842,30132900,[5 32 42 2 94 69 19 85 81 40 77 98 56 91 63 86 53 37 83 38 89 64 62 84 34 35 88 79 30 36 67 54 55 25 24 0 87 14 16 66 96 18 41 73 43 80 49 26 17 22 61 93 92 75 82 4 7 10 9 78 15 72 68 74 65 12 51 6 95 1 13 70 33 59 31 29 46 45 8 28 47 52 23 90 48 39 3 58 99 20 76 21 71 57 97 11 50 27 60 44],[84 36 26 80 64 69 49 44 81 47 65 25 93 28 71 94 0 85 98 29 31 52 78 4 18 14 88 79 30 32 67 10 5 76 60 27 42 19 56 40 23 2 77 75 97 53 20 50 86 57 99 38 83 59 63 37 11 35 16 34 43 13 90 91 48 92 74 7 12 68 8 72 89 6 9 73 1 17 70 51 95 33 66 45 24 62 61 41 46 39 96 58 3 82 54 21 55 22 15 87],1185996137,1794070090
steepest/tai100b,4,1218435272,122,608850,171636900,[95 81 84 49 44 28 26 36 47 69 64 25 51 62 7 94 0 19 29 93 43 85 82 38 89 48 88 79 30 32 67 10 40 99 60 77 42 2 56 27 91 75 5 68 57 20 72 76 23 97 78 74 61 14 46 98 52 22 34 4 13 59 66 17 50 96 41 55 16 87 53 18 73 9 92 33 1 12 35 80 65 70 90 54 83 6 37 8 24 71 45 3 58 15 11 21 31 63 39 86],[84 36 26 80 64 69 49 44 81 47 65 25 93 28 71 94 0 85 98 29 31 52 78 4 18 14 88 79 30 32 67 10 5 76 60 27 42 19 56 40 23 2 77 75 97 53 20 50 86 57 99 38 83 59 63 37 11 35 16 34 43 13 90 91 48 92 74 7 12 68 8 72 89 6 9 73 1 17 70 51 95 33 66 45 24 62 61 41 46 39 96 58 3 82 54 21 55 22 15 87],1185996137,1794070090
random/tai100b,4,1609028941,28563,28563,317260500,[84 53 13 30 27 44 93 88 36 70 14 61 65 2 15 98 24 5 22 51 52 28 42 81 43 73 99 94 75 40 29 55 58 85 69 47 26 78 7 49 31 45 25 9 97 72 23 80 19 62 96 79 64 56 87 0 38 18 11 32 20 12 3 92 33 68 17 90 89 77 83 37 95 46 71 86 8 6 50 66 41 91 39 82 1 34 4 60 16 10 54 21 35 63 76 74 48 57 59 67],[84 36 26 80 64 69 49 44 81 47 65 25 93 28 71 94 0 85 98 29 31 52 78 4 18 14 88 79 30 32 67 10 5 76 60 27 42 19 56 40 23 2 77 75 97 53 20 50 86 57 99 38 83 59 63 37 11 35 16 34 43 13 90 91 48 92 74 7 12 68 8 72 89 6 9 73 1 17 70 51 95 33 66 45 24 62 61 41 46 39 96 58 3 82 54 21 55 22 15 87],1185996137,1794070090
randomWalk/tai100b,4,1738226780,1011636,1011636,313160400,[41 56 65 24 64 76 5 12 80 61 25 3 75 37 11 28 18 59 53 89 91 69 62 88 60 1 14 20 81 93 96 92 48 71 70 42 73 72 34 46 26 35 52 6 36 39 44 31 0 84 29 19 63 38 4 9 83 55 27 82 43 67 8 58 95 45 21 2 77 66 7 99 86 94 13 33 17 87 98 78 16 74 51 30 49 32 40 50 10 23 68 97 85 90 57 15 22 47 54 79],[84 36 26 80 64 69 49 44 81 47 65 25 93 28 71 94 0 85 98 29 31 52 78 4 18 14 88 79 30 32 67 10 5 76 60 27 42 19 56 40 23 2 77 75 97 53 20 50 86 57 99 38 83 59 63 37 11 35 16 34 43 13 90 91 48 92 74 7 12 68 8 72 89 6 9 73 1 17 70 51 95 33 66 45 24 62 61 41 46 39 96 58 3 82 54 21 55 22 15 87],1185996137,1794070090
heuristic/tai100b,4,1468025063,0,0,0,[87 79 30 49 70 28 65 32 67 86 44 85 47 18 35 74 55 19 1 91 76 13 5 6 45 56 88 37 36 93 81 59 26 73 39 16 75 63 92 38 53 23 9 58 27 40 72 24 84 48 68 17 12 25 94 52 42 2 14 8 0 99 31 11 89 21 4 71 41 83 96 66 10 33 95 98 20 80 29 77 64 69 82 43 15 57 78 60 54 90 62 7 50 22 34 97 61 46 3 51],[84 36 26 80 64 69 49 44 81 47 65 25 93 28 71 94 0 85 98 29 31 52 78 4 18 14 88 79 30 32 67 10 5 76 60 27 42 19 56 40 23 2 77 75 97 53 20 50 86 57 99 38 83 59 63 37 11 35 16 34 43 13 90 91 48 92 74 7 12 68 8 72 89 6 9 73 1 17 70 51 95 33 66 45 24 62 61 41 46 39 96 58 3 82 54 21 55 22 15 87],1185996137,1794070090
greedy/tai100b,5,1208042050,702,102246,27153300,[84 65 26 44 80 69 64 49 81 93 47 25 17 91 7 1 13 70 63 71 90 2 68 4 60 10 88 67 30 32 79 97 27 76 74 77 86 38 53 40 50 89 87 75 48 56 20 42 19 5 23 52 85 41 0 94 62 35 16 31 29 9 22 98 72 18 14 34 28 8 57 99 46 6 11 83 37 95 43 33 51 73 92 21 55 78 66 15 61 96 12 82 58 39 45 54 24 59 3 36],[84 36 26 80 64 69 49 44 81 47 65 25 93 28 71 94 0 85 98 29 31 52 78 4 18 14 88 79 30 32 67 10 5 76 60 27 42 19 56 40 23 2 77 75 97 53 20 50 86 57 99 38 83 59 63 37 11 35 16 34 43 13 90 91 48 92 74 7 12 68 8 72 89 6 9 73 1 17 70 51 95 33 66 45 24 62 61 41 46 39 96 58 3 82 54 21 55 22 15 87],1185996137,1737813896
steepest/tai100b,5,1260656345,120,598950,162680000,[17 28 44 64 47 49 26 88 30 93 36 65 73 60 57 98 62 29 99 18 43 69 92 38 10 20 32 95 79 51 67 75 40 72 33 5 1 70 42 27 91 13 56 68 89 6 77 8 4 78 48 52 16 21 34 55 39 80 35 96 22 14 54 85 19 37 84 59 25 94 82 74 9 86 58 24 66 23 87 0 71 41 76 11 31 97 61 2 46 63 50 7 90 15 53 83 45 3 12 81],[84 36 26 80 64 69 49 44 81 47 65 25 93 28 71 94 0 85 98 29 31 52 78 4 18 14 88 79 30 32 67 10 5 76 60 27 42 19 56 40 23 2 77 75 97 53 20 50 86 57 99 38 83 59 63 37 11 35 16 34 43 13 90 91 48 92 74 7 12 68 8 72 89 6 9 73 1 17 70 51 95 33 66 45 24 62 61 41 46 39 96 58 3 82 54 21 55 22 15 87],1185996137,1737813896
random/tai100b,5,1601859194,32451,32451,312738200,[44 18 28 99 84 9 81 56 0 67 86 88 32 22 17 39 43 21 62 82 91 90 78 34 24 96 49 93 92 29 79 2 45 73 71 65 11 7 35 80 36 12 95 16 31 20 55 23 8 76 63 54 72 50 68 59 70 1 41 3 77 69 97 61 48 38 94 14 27 52 66 83 53 4 64 85 5 47 19 51 33 25 75 37 30 74 89 6 10 15 57 98 58 13 40 46 42 26 60 87],[84 36 26 80 64 69 49 44 81 47 65 25 93 28 71 94 0 85 98 29 31 52 78 4 18 14 88 79 30 32 67 10 5 76 60 27 42 19 56 40 23 2 77 75 97 53 20 50 86 57 99 38 83 59 63 37 11 35 16 34 43 13 90 91 48 92 74 7 12 68 8 72 89 6 9 73 1 17 70 51 95 33 66 45 24 62 61 41 46 39 96 58 3 82 54 21 55 22 15 87],1185996137,1737813896
randomWalk/tai100b,5,1792699955,1000776,1000776,310126700,[82 63 51 27 44 79 21 95 75 81 36 8 42 7 22 57 68 15 49 43 45 92 40 16 96 18 3 32 34 41 83 65 31 72 14 17 62 6 99 48 87 33 80 90 50 69 24 20 70 85 98 89 30 74 78 4 23 66 54 1 19 5 46 25 76 88 29 77 37 61 2 0 86 91 73 35 84 39 52 12 10 13 47 60 53 64 56 55 38 94 93 58 9 26 71 59 67 11 97 28],[84 36 26 80 64 69 49 44 81 47 65 25 93 28 71 94 0 85 98 29 31 52 78 4 18 14 88 79 30 32 67 10 5 76 60 27 42 19 56 40 23 2 77 75 97 53 20 50 86 57 99 38 83 59 63 37 11 35 16 34 43 13 90 91 48 92 74 7 12 68 8 72 89 6 9 73 1 17 70 51 95 33 66 45 24 62 61 41 46 39 96 58 3 82 54 21 55 22 15 87],1185996137,1737813896
heuristic/tai100b,5,1468025063,0,0,0,[87 79 30 49 70 28 65 32 67 86 44 85 47 18 35 74 55 19 1 91 76 13 5 6 45 56 88 37 36 93 81 59 26 73 39 16 75 63 92 38 53 23 9 58 27 40 72 24 84 48 68 17 12 25 94 52 42 2 14 8 0 99 31 11 89 21 4 71 41 83 96 66 10 33 95 98 20 80 29 77 64 69 82 43 15 57 78 60 54 90 62 7 50 22 34 97 61 46 3 51],[84 36 26 80 64 69 49 44 81 47 65 25 93 28 71 94 0 85 98 29 31 52 78 4 18 14 88 79 30 32 67 10 5 76 60 27 42 19 56 40 23 2 77 75 97 53 20 50 86 57 99 38 83 59 63 37 11 35 16 34 43 13 90 91 48 92 74 7 12 68 8 72 89 6 9 73 1 17 70 51 95 33 66 45 24 62 61 41 46 39 96 58 3 82 54 21 55 22 15 87],1185996137,1737813896
greedy/tai100b,6,1229561203,864,93723,25105000,[11 32 69 64 44 51 84 36 95 37 81 65 83 46 54 28 22 14 61 25 24 76 7 56 29 68 88 79 30 20 67 15 38 77 82 12 98 85 53 92 89 9 86 8 75 4 74 72 52 48 90 6 13 93 59 70 43 33 1 45 34 31 17 0 10 62 94 71 19 42 40 5 60 27 55 26 47 16 63 80 49 35 58 2 66 18 91 23 73 3 21 50 78 99 41 57 39 96 97 87],[84 36 26 80 64 69 49 44 81 47 65 25 93 28 71 94 0 85 98 29 31 52 78 4 18 14 88 79 30 32 67 10 5 76 60 27 42 19 56 40 23 2 77 75 97 53 20 50 86 57 99 38 83 59 63 37 11 35 16 34 43 13 90 91 48 92 74 7 12 68 8 72 89 6 9 73 1 17 70 51 95 33 66 45 24 62 61 41 46 39 96 58 3 82 54 21 55 22 15 87],1185996137,1780826477
steepest/tai100b,6,1243524755,136,678150,176083300,[65 32 64 4 44 81 52 36 69 94 19 98 80 29 10 12 85 92 9 20 72 37 3 83 22 54 47 28 26 88 49 39 41 96 57 79 74 62 0 66 59 99 18 14 23 25 67 24 55 58 21 16 40 51 5 42 50 84 95 76 27 56 71 73 35 31 13 17 70 93 45 34 43 63 87 46 2 38 8 86 53 77 15 11 89 48 33 82 1 97 75 68 61 78 91 60 90 7 6 30],[84 36 26 80 64 69 49 44 81 47 65 25 93 28 71 94 0 85 98 29 31 52 78 4 18 14 88 79 30 32 67 10 5 76 60 27 42 19 56 40 23 2 77 75 97 53 20 50 86 57 99 38 83 59 63 37 11 35 16 34 43 13 90 91 48 92 74 7 12 68 8 72 89 6 9 73 1 17 70 51 95 33 66 45 24 62 61 41 46 39 96 58 3 82 54 21 55 22 15 87],1185996137,1780826477
random/tai100b,6,1614343633,32117,32117,313467800,[36 72 25 98 81 22 32 41 78 69 85 49 44 63 48 26 33 95 60 0 67 70 38 73 76 20 12 93 88 84 99 28 61 55 89 9 58 34 68 19 91 10 13 23 82 59 94 39 29 71 21 18 11 92 51 79 2 6 27 50 7 87 62 31 30 16 75 8 35 65 80 15 40 17 57 4 64 77 43 83 5 52 1 90 45 46 54 56 86 24 97 53 14 96 3 37 47 74 66 42],[84 36 26 80 64 69 49 44 81 47 65 25 93 28 71 94 0 85 98 29 31 52 78 4 18 14 88 79 30 32 67 10 5 76 60 27 42 19 56 40 23 2 77 75 97 53 20 50 86 57 99 38 83 59 63 37 11 35 16 34 43 13 90 91 48 92 74 7 12 68 8 72 89 6 9 73 1 17 70 51 95 33 66 45 24 62 61 41 46 39 96 58 3 82 54 21 55 22 15 87],1185996137,1780826477
randomWalk/tai100b,6,1713066539,1026228,1026228,309363400,[48 88 25 6 44 75 40 32 24 91 82 80 35 74 53 61 84 15 66 85 31 83 62 69 7 94 41 93 65 77 49 68 18 22 2 42 57 50 45 63 4 38 78 0 27 52 11 9 47 81 14 23 12 71 96 46 28 99 8 29 19 58 43 55 34 67 95 5 16 37 36 70 56 21 64 73 86 97 89 60 90 98 59 39 30 72 33 87 13 51 3 20 79 54 92 17 76 10 26 1],[84 36 26 80 64 69 49 44 81 47 65 25 93 28 71 94 0 85 98 29 31 52 78 4 18 14 88 79 30 32 67 10 5 76 60 27 42 19 56 40 23 2 77 75 97 53 20 50 86 57 99 38 83 59 63 37 11 35 16 34 43 13 90 91 48 92 74 7 12 68 8 72 89 6 9 73 1 17 70 51 95 33 66 45 24 62 61 41 46 39 96 58 3 82 54 21 55 22 15 87],1185996137,1780826477
heuristic/tai100b,6,1468025063,0,0,0,[87 79 30 49 70 28 65 32 67 86 44 85 47 18 35 74 55 19 1 91 76 13 5 6 45 56 88 37 36 93 81 59 26 73 39 16 75 63 92 38 53 23 9 58 27 40 72 24 84 48 68 17 12 25 94 52 42 2 14 8 0 99 31 11 89 21 4 71 41 83 96 66 10 33 95 98 20 80 29 77 64 69 82 43 15 57 78 60 54 90 62 7 50 22 34 97 61 46 3 51],[84 36 26 80 64 69 49 44 81 47 65 25 93 28 71 94 0 85 98 29 31 52 78 4 18 14 88 79 30 32 67 10 5 76 60 27 42 19 56 40 23 2 77 75 97 53 20 50 86 57 99 38 83 59 63 37 11 35 16 34 43 13 90 91 48 92 74 7 12 68 8 72 89 6 9 73 1 17 70 51 95 33 66 45 24 62 61 41 46 39 96 58 3 82 54 21 55 22 15 87],1185996137,1780826477
greedy/tai100b,7,1247358329,781,111013,30330200,[80 70 64 94 44 19 69 36 81 12 65 85 92 87 9 53 52 86 38 7 48 0 15 49 78 99 88 32 30 93 67 2 5 77 60 42 17 75 73 56 23 10 27 8 3 76 40 50 57 72 71 18 68 63 74 33 82 13 91 89 6 79 46 37 43 31 47 29 28 26 55 45 83 16 95 51 1 84 59 4 98 35 24 21 14 97 25 96 61 54 58 62 41 39 22 66 34 90 11 20],[84 36 26 80 64 69 49 44 81 47 65 25 93 28 71 94 0 85 98 29 31 52 78 4 18 14 88 79 30 32 67 10 5 76 60 27 42 19 56 40 23 2 77 75 97 53 20 50 86 57 99 38 83 59 63 37 11 35 16 34 43 13 90 91 48 92 74 7 12 68 8 72 89 6 9 73 1 17 70 51 95 33 66 45 24 62 61 41 46 39 96 58 3 82 54 21 55 22 15 87],1185996137,1745765083
steepest/tai100b,7,1248778001,123,613800,172309100,[12 36 64 80 30 67 65 88 79 74 44 49 92 9 53 52 87 4 38 98 7 0 73 39 3 45 32 26 47 93 28 50 40 20 75 86 77 5 42 27 76 10 56 58 22 99 19 23 18 57 2 14 33 63 1 70 83 13 91 16 95 51 71 94 41 82 55 31 24 66 21 54 85 96 68 35 59 6 84 81 69 25 48 61 29 60 11 97 34 62 72 17 15 78 8 43 90 89 46 37],[84 36 26 80 64 69 49 44 81 47 65 25 93 28 71 94 0 85 98 29 31 52 78 4 18 14 88 79 30 32 67 10 5 76 60 27 42 19 56 40 23 2 77 75 97 53 20 50 86 57 99 38 83 59 63 37 11 35 16 34 43 13 90 91 48 92 74 7 12 68 8 72 89 6 9 73 1 17 70 51 95 33 66 45 24 62 61 41 46 39 96 58 3 82 54 21 55 22 15 87],1185996137,1745765083
random/tai100b,7,1615641101,26197,26197,311100000,[76 89 26 42 30 19 28 80 84 47 64 16 88 37 67 97 73 77 24 45 72 63 66 86 2 48 58 51 74 18 14 93 46 65 35 87 99 90 75 0 43 85 11 9 29 17 41 91 15 83 69 55 96 70 56 50 25 68 71 23 33 79 6 22 31 60 38 78 53 52 8 36 32 12 44 40 5 94 49 98 81 7 95 3 21 27 61 54 82 4 1 62 10 92 39 34 57 20 59 13],[84 36 26 80 64 69 49 44 81 47 65 25 93 28 71 94 0 85 98 29 31 52 78 4 18 14 88 79 30 32 67 10 5 76 60 27 42 19 56 40 23 2 77 75 97 53 20 50 86 57 99 38 83 59 63 37 11 35 16 34 43 13 90 91 48 92 74 7 12 68 8 72 89 6 9 73 1 17 70 51 95 33 66 45 24 62 61 41 46 39 96 58 3 82 54 21 55 22 15 87],1185996137,1745765083
randomWalk/tai100b,7,1743557769,923835,923835,314990500,[67 53 59 39 80 49 52 70 9 29 65 99 73 50 88 79 66 60 44 56 22 72 69 63 19 4 3 25 84 35 83 6 36 17 86 61 85 57 0 45 15 89 30 8 97 43 68 16 93 27 78 47 13 12 18 21 14 94 37 41 95 90 38 58 91 31 96 51 32 28 34 64 23 48 11 55 87 92 76 62 46 42 74 24 26 54 10 33 7 2 5 1 40 71 81 77 20 75 82 98],[84 36 26 80 64 69 49 44 81 47 65 25 93 28 71 94 0 85 98 29 31 52 78 4 18 14 88 79 30 32 67 10 5 76 60 27 42 19 56 40 23 2 77 75 97 53 20 50 86 57 99 38 83 59 63 37 11 35 16 34 43 13 90 91 48 92 74 7 12 68 8 72 89 6 9 73 1 17 70 51 95 33 66 45 24 62 61 41 46 39 96 58 3 82 54 21 55 22 15 87],1185996137,1745765083
heuristic/tai100b,7,1468025063,0,0,0,[87 79 30 49 70 28 65 32 67 86 44 85 47 18 35 74 55 19 1 91 76 13 5 6 45 56 88 37 36 93 81 59 26 73 39 16 75 63 92 38 53 23 9 58 27 40 72 24 84 48 68 17 12 25 94 52 42 2 14 8 0 99 31 11 89 21 4 71 41 83 96 66 10 33 95 98 20 80 29 77 64 69 82 43 15 57 78 60 54 90 62 7 50 22 34 97 61 46 3 51],[84 36 26 80 64 69 49 44 81 47 65 25 93 28 71 94 0 85 98 29 31 52 78 4 18 14 88 79 30 32 67 10 5 76 60 27 42 19 56 40 23 2 77 75 97 53 20 50 86 57 99 38 83 59 63 37 11 35 16 34 43 13 90 91 48 92 74 7 12 68 8 72 89 6 9 73 1 17 70 51 95 33 66 45 24 62 61 41 46 39 96 58 3 82 54 21 55 22 15 87],1185996137,1745765083
greedy/tai100b,8,1254492476,784,91479,27680500,[69 65 94 86 92 98 85 12 81 19 80 53 4 20 90 70 89 32 29 91 72 49 61 58 55 34 88 79 30 36 67 43 71 26 45 93 37 83 63 0 76 31 13 24 54 17 47 73 28 46 16 14 51 64 27 95 7 84 1 33 40 56 99 59 25 66 75 48 2 74 39 22 96 23 10 77 42 9 5 52 38 87 68 18 78 3 50 11 97 6 8 21 41 35 60 62 82 15 57 44],[84 36 26 80 64 69 49 44 81 47 65 25 93 28 71 94 0 85 98 29 31 52 78 4 18 14 88 79 30 32 67 10 5 76 60 27 42 19 56 40 23 2 77 75 97 53 20 50 86 57 99 38 83 59 63 37 11 35 16 34 43 13 90 91 48 92 74 7 12 68 8 72 89 6 9 73 1 17 70 51 95 33 66 45 24 62 61 41 46 39 96 58 3 82 54 21 55 22 15 87],1185996137,1819759624
steepest/tai100b,8,1258050352,147,732600,223936800,[49 32 36 52 30 79 87 88 67 64 44 38 25 31 71 28 45 47 29 55 43 86 12 27 48 53 70 33 1 65 51 3 2 6 15 72 37 83 46 99 92 63 8 89 97 77 4 98 81 68 75 91 16 19 85 94 18 95 80 14 24 41 62 20 69 10 56 60 42 76 23 5 50 40 73 0 9 93 66 17 26 84 82 7 22 11 57 61 96 54 21 74 90 58 39 59 35 34 78 13],[84 36 26 80 64 69 49 44 81 47 65 25 93 28 71 94 0 85 98 29 31 52 78 4 18 14 88 79 30 32 67 10 5 76 60 27 42 19 56 40 23 2 77 75 97 53 20 50 86 57 99 38 83 59 63 37 11 35 16 34 43 13 90 91 48 92 74 7 12 68 8 72 89 6 9 73 1 17 70 51 95 33 66 45 24 62 61 41 46 39 96 58 3 82 54 21 55 22 15 87],1185996137,1819759624
random/tai100b,8,1586040689,26290,26290,310860300,[37 80 81 12 88 36 42 11 70 51 94 91 83 47 21 25 75 73 35 90 61 53 63 50 59 69 30 7 79 99 64 14 55 9 57 97 60 46 38 82 2 1 71 78 92 87 17 62 39 41 95 67 19 16 4 34 24 13 33 65 49 29 58 98 77 8 52 6 48 84 23 72 68 20 76 15 32 18 85 54 86 93 40 43 66 89 3 5 31 45 27 10 96 22 28 26 56 0 74 44],[84 36 26 80 64 69 49 44 81 47 65 25 93 28 71 94 0 85 98 29 31 52 78 4 18 14 88 79 30 32 67 10 5 76 60 27 42 19 56 40 23 2 77 75 97 53 20 50 86 57 99 38 83 59 63 37 11 35 16 34 43 13 90 91 48 92 74 7 12 68 8 72 89 6 9 73 1 17 70 51 95 33 66 45 24 62 61 41 46 39 96 58 3 82 54 21 55 22 15 87],1185996137,1819759624
randomWalk/tai100b,8,1841823017,838977,838977,312112500,[87 16 1 90 41 97 36 81 15 43 40 68 52 60 53 77 11 73 46 44 45 96 0 78 80 29 24 55 64 23 31 66 22 42 59 83 67 18 4 57 47 74 51 56 34 9 88 20 2 30 86 92 61 99 5 6 12 91 8 95 98 17 62 10 71 21 85 37 19 3 7 65 27 39 93 72 70 33 63 79 38 49 28 54 32 48 14 84 58 94 25 76 50 75 26 13 82 69 35 89],[84 36 26 80 64 69 49 44 81 47 65 25 93 28 71 94 0 85 98 29 31 52 78 4 18 14 88 79 30 32 67 10 5 76 60 27 42 19 56 40 23 2 77 75 97 53 20 50 86 57 99 38 83 59 63 37 11 35 16 34 43 13 90 91 48 92 74 7 12 68 8 72 89 6 9 73 1 17 70 51 95 33 66 45 24 62 61 41 46 39 96 58 3 82 54 21 55 22 15 87],1185996137,1819759624
heuristic/tai100b,8,1468025063,0,0,0,[87 79 30 49 70 28 65 32 67 86 44 85 47 18 35 74 55 19 1 91 76 13 5 6 45 56 88 37 36 93 81 59 26 73 39 16 75 63 92 38 53 23 9 58 27 40 72 24 84 48 68 17 12 25 94 52 42 2 14 8 0 99 31 11 89 21 4 71 41 83 96 66 10 33 95 98 20 80 29 77 64 69 82 43 15 57 78 60 54 90 62 7 50 22 34 97 61 46 3 51],[84 36 26 80 64 69 49 44 81 47 65 25 93 28 71 94 0 85 98 29 31 52 78 4 18 14 88 79 30 32 67 10 5 76 60 27 42 19 56 40 23 2 77 75 97 53 20 50 86 57 99 38 83 59 63 37 11 35 16 34 43 13 90 91 48 92 74 7 12 68 8 72 89 6 9 73 1 17 70 51 95 33 66 45 24 62 61 41 46 39 96 58 3 82 54 21 55 22 15 87],1185996137,1819759624
greedy/tai100b,9,1220675750,806,109146,37031800,[84 36 64 80 28 49 65 47 26 81 44 17 69 85 53 1 33 51 98 86 60 37 15 25 96 24 88 67 30 32 79 0 31 12 62 35 18 91 16 63 41 29 83 39 21 74 59 55 68 66 92 6 87 52 23 20 9 14 38 10 50 76 45 13 54 46 93 43 73 77 61 58 8 3 56 5 40 42 27 94 95 19 99 57 2 4 22 89 34 11 48 72 82 90 97 71 75 7 78 70],[84 36 26 80 64 69 49 44 81 47 65 25 93 28 71 94 0 85 98 29 31 52 78 4 18 14 88 79 30 32 67 10 5 76 60 27 42 19 56 40 23 2 77 75 97 53 20 50 86 57 99 38 83 59 63 37 11 35 16 34 43 13 90 91 48 92 74 7 12 68 8 72 89 6 9 73 1 17 70 51 95 33 66 45 24 62 61 41 46 39 96 58 3 82 54 21 55 22 15 87],1185996137,1763536698
steepest/tai100b,9,1271944602,130,648450,209234800,[12 81 80 14 64 28 65 44 36 84 69 87 92 93 23 26 19 47 20 52 10 37 39 6 16 18 88 79 30 32 67 96 95 41 48 51 49 72 99 33 66 56 25 59 78 0 1 62 29 55 57 8 27 5 53 86 91 77 40 89 50 76 63 42 83 71 94 82 85 74 60 31 13 68 9 38 35 73 34 4 17 98 45 15 7 11 2 61 46 58 43 21 54 3 90 97 75 22 24 70],[84 36 26 80 64 69 49 44 81 47 65 25 93 28 71 94 0 85 98 29 31 52 78 4 18 14 88 79 30 32 67 10 5 76 60 27 42 19 56 40 23 2 77 75 97 53 20 50 86 57 99 38 83 59 63 37 11 35 16 34 43 13 90 91 48 92 74 7 12 68 8 72 89 6 9 73 1 17 70 51 95 33 66 45 24 62 61 41 46 39 96 58 3 82 54 21 55 22 15 87],1185996137,1763536698
random/tai100b,9,1601375166,24967,24967,309174800,[62 65 25 19 49 36 84 43 26 64 44 0 14 55 12 50 17 60 21 20 73 97 29 89 95 59 86 81 42 45 93 53 90 34 38 79 35 92 39 46 11 80 75 99 63 4 31 30 32 67 85 23 66 37 22 2 68 13 40 24 5 1 48 57 54 47 6 91 61 96 41 8 83 51 76 28 70 52 56 9 27 88 72 58 3 18 7 15 74 16 78 77 87 71 33 82 98 10 69 94],[84 36 26 80 64 69 49 44 81 47 65 25 93 28 71 94 0 85 98 29 31 52 78 4 18 14 88 79 30 32 67 10 5 76 60 27 42 19 56 40 23 2 77 75 97 53 20 50 86 57 99 38 83 59 63 37 11 35 16 34 43 13 90 91 48 92 74 7 12 68 8 72 89 6 9 73 1 17 70 51 95 33 66 45 24 62 61 41 46 39 96 58 3 82 54 21 55 22 15 87],1185996137,1763536698
randomWalk/tai100b,9,1804375819,813145,813145,312930000,[97 95 23 83 26 5 2 39 3 10 21 89 41 68 50 11 49 78 71 52 81 6 62 66 36 53 42 47 77 57 94 91 24 33 60 30 82 20 80 61 46 58 70 72 31 92 55 74 37 16 32 48 15 35 34 0 4 7 8 17 28 63 75 88 84 98 54 45 1 67 90 86 43 29 87 19 40 9 44 56 13 76 51 25 96 99 79 38 64 18 93 12 27 59 73 85 22 69 14 65],[84 36 26 80 64 69 49 44 81 47 65 25 93 28 71 94 0 85 98 29 31 52 78 4 18 14 88 79 30 32 67 10 5 76 60 27 42 19 56 40 23 2 77 75 97 53 20 50 86 57 99 38 83 59 63 37 11 35 16 34 43 13 90 91 48 92 74 7 12 68 8 72 89 6 9 73 1 17 70 51 95 33 66 45 24 62 61 41 46 39 96 58 3 82 54 21 55 22 15 87],1185996137,1763536698
heuristic/tai100b,9,1468025063,0,0,0,[87 79 30 49 70 28 65 32 67 86 44 85 47 18 35 74 55 19 1 91 76 13 5 6 45 56 88 37 36 93 81 59 26 73 39 16 75 63 92 38 53 23 9 58 27 40 72 24 84 48 68 17 12 25 94 52 42 2 14 8 0 99 31 11 89 21 4 71 41 83 96 66 10 33 95 98 20 80 29 77 64 69 82 43 15 57 78 60 54 90 62 7 50 22 34 97 61 46 3 51],[84 36 26 80 64 69 49 44 81 47 65 25 93 28 71 94 0 85 98 29 31 52 78 4 18 14 88 79 30 32 67 10 5 76 60 27 42 19 56 40 23 2 77 75 97 53 20 50 86 57 99 38 83 59 63 37 11 35 16 34 43 13 90 91 48 92 74 7 12 68 8 72 89 6 9 73 1 17 70 51 95 33 66 45 24 62 61 41 46 39 96 58 3 82 54 21 55 22 15 87],1185996137,1763536698
greedy/tai100b,10,1272284582,809,127909,38306200,[20 32 28 69 67 44 19 79 36 86 14 81 76 0 96 41 18 87 66 50 55 84 29 93 90 89 88 64 30 80 65 95 74 35 72 12 52 38 4 59 6 48 92 91 83 70 16 1 51 68 7 33 58 23 39 21 61 2 46 24 54 82 71 47 13 9 17 37 73 26 31 63 45 43 53 57 22 98 34 94 85 25 56 8 5 62 78 97 60 40 99 11 15 42 27 77 10 75 3 49],[84 36 26 80 64 69 49 44 81 47 65 25 93 28 71 94 0 85 98 29 31 52 78 4 18 14 88 79 30 32 67 10 5 76 60 27 42 19 56 40 23 2 77 75 97 53 20 50 86 57 99 38 83 59 63 37 11 35 16 34 43 13 90 91 48 92 74 7 12 68 8 72 89 6 9 73 1 17 70 51 95 33 66 45 24 62 61 41 46 39 96 58 3 82 54 21 55 22 15 87],1185996137,1807905097
steepest/tai100b,10,1202431800,159,792000,284671400,[84 51 44 13 1 33 64 70 65 95 36 91 93 69 5 19 42 94 40 56 27 80 23 59 96 66 88 79 30 32 67 34 53 57 50 87 81 20 98 14 22 76 86 39 54 85 18 41 16 55 61 25 71 83 73 17 31 37 63 90 7 9 46 28 21 77 92 2 12 74 82 58 24 35 47 10 60 26 62 29 0 43 97 6 78 75 15 99 8 89 38 48 68 72 11 4 45 52 3 49],[84 36 26 80 64 69 49 44 81 47 65 25 93 28 71 94 0 85 98 29 31 52 78 4 18 14 88 79 30 32 67 10 5 76 60 27 42 19 56 40 23 2 77 75 97 53 20 50 86 57 99 38 83 59 63 37 11 35 16 34 43 13 90 91 48 92 74 7 12 68 8 72 89 6 9 73 1 17 70 51 95 33 66 45 24 62 61 41 46 39 96 58 3 82 54 21 55 22 15 87],1185996137,1807905097
random/tai100b,10,1612777928,24749,24749,312044500,[1 74 79 31 67 83 12 94 2 81 42 51 86 77 4 63 24 56 40 54 19 82 36 62 29 34 27 91 88 26 47 53 3 71 25 64 57 87 15 13 46 52 80 97 93 48 14 99 5 35 66 75 84 30 7 8 44 92 89 73 6 70 90 41 59 98 38 60 20 96 37 23 43 28 68 85 72 16 55 17 95 78 65 76 61 58 45 0 39 18 21 10 9 22 49 69 33 11 32 50],[84 36 26 80 64 69 49 44 81 47 65 25 93 28 71 94 0 85 98 29 31 52 78 4 18 14 88 79 30 32 67 10 5 76 60 27 42 19 56 40 23 2 77 75 97 53 20 50 86 57 99 38 83 59 63 37 11 35 16 34 43 13 90 91 48 92 74 7 12 68 8 72 89 6 9 73 1 17 70 51 95 33 66 45 24 62 61 41 46 39 96 58 3 82 54 21 55 22 15 87],1185996137,1807905097
randomWalk/tai100b,10,1746005312,791188,791188,318163000,[87 62 97 88 84 32 95 9 30 64 2 92 90 35 68 94 63 71 46 81 61 41 83 34 19 8 66 27 48 93 49 29 98 31 11 86 33 5 24 42 52 55 80 3 53 76 44 37 12 39 38 23 50 28 65 15 69 96 82 7 10 78 59 85 54 67 91 13 18 22 17 79 73 89 72 0 40 99 20 70 56 60 14 57 36 21 1 75 25 51 47 4 45 26 16 77 58 6 74 43],[84 36 26 80 64 69 49 44 81 47 65 25 93 28 71 94 0 85 98 29 31 52 78 4 18 14 88 79 30 32 67 10 5 76 60 27 42 19 56 40 23 2 77 75 97 53 20 50 86 57 99 38 83 59 63 37 11 35 16 34 43 13 90 91 48 92 74 7 12 68 8 72 89 6 9 73 1 17 70 51 95 33 66 45 24 62 61 41 46 39 96 58 3 82 54 21 55 22 15 87],1185996137,1807905097
heuristic/tai100b,10,1468025063,0,0,0,[87 79 30 49 70 28 65 32 67 86 44 85 47 18 35 74 55 19 1 91 76 13 5 6 45 56 88 37 36 93 81 59 26 73 39 16 75 63 92 38 53 23 9 58 27 40 72 24 84 48 68 17 12 25 94 52 42 2 14 8 0 99 31 11 89 21 4 71 41 83 96 66 10 33 95 98 20 80 29 77 64 69 82 43 15 57 78 60 54 90 62 7 50 22 34 97 61 46 3 51],[84 36 26 80 64 69 49 44 81 47 65 25 93 28 71 94 0 85 98 29 31 52 78 4 18 14 88 79 30 32 67 10 5 76 60 27 42 19 56 40 23 2 77 75 97 53 20 50 86 57 99 38 83 59 63 37 11 35 16 34 43 13 90 91 48 92 74 7 12 68 8 72 89 6 9 73 1 17 70 51 95 33 66 45 24 62 61 41 46 39 96 58 3 82 54 21 55 22 15 87],1185996137,1807905097
greedy/tai150b,1,515955591,1464,238034,126611800,[26 59 70 24 44 56 144 8 2 119 16 22 38 10 23 49 6 139 116 128 47 33 52 97 149 96 1 88 7 86 105 137 19 121 45 131 20 142 43 123 84 93 13 109 143 75 92 79 5 62 99 117 90 148 40 135 37 130 110 77 34 94 138 103 141 65 113 114 81 108 120 18 74 50 78 104 140 11 41 0 28 39 30 101 134 27 57 73 32 58 133 35 91 63 61 129 31 127 36 15 21 95 115 12 124 67 146 89 68 46 112 87 60 106 122 53 125 80 29 132 25 51 136 14 100 9 111 145 72 107 54 66 3 69 4 48 118 83 147 42 17 126 55 71 102 85 76 82 98 64],[83 62 114 18 57 64 50 104 102 5 29 26 82 122 98 24 146 30 124 47 46 115 75 143 103 81 112 60 108 110 131 92 53 87 140 127 109 36 145 63 129 67 123 45 120 72 91 113 73 12 21 74 137 141 118 147 125 68 41 17 52 132 130 15 88 86 136 38 119 23 20 70 1 8 90 3 96 89 148 25 59 65 121 99 55 94 126 135 19 95 76 56 48 101 138 133 34 71 28 111 31 77 40 79 128 93 35 7 13 32 39 11 105 97 33 142 149 27 116 6 66 100 107 80 106 69 4 0 54 2 117 51 9 84 78 14 22 61 42 43 37 134 44 58 144 139 49 85 16 10],498896643,656165158
steepest/tai150b,1,516521322,223,2503200,1515659700,[73 39 142 88 11 116 32 149 97 130 35 37 101 33 93 86 6 7 139 49 56 84 61 121 95 58 119 15 62 96 44 75 16 89 112 143 22 140 144 46 31 79 110 25 117 125 111 148 135 68 99 20 137 5 63 45 133 136 66 2 78 100 19 67 122 65 74 118 107 126 34 18 106 48 42 38 47 23 36 52 1 105 128 40 8 27 129 24 123 70 127 131 80 3 17 21 124 60 72 12 28 92 0 109 26 115 146 108 57 85 59 64 104 76 30 102 134 54 87 53 4 77 69 9 91 147 10 120 43 51 103 141 14 94 83 113 138 132 145 90 13 29 41 71 114 50 55 98 82 81],[83 62 114 18 57 64 50 104 102 5 29 26 82 122 98 24 146 30 124 47 46 115 75 143 103 81 112 60 108 110 131 92 53 87 140 127 109 36 145 63 129 67 123 45 120 72 91 113 73 12 21 74 137 141 118 147 125 68 41 17 52 132 130 15 88 86 136 38 119 23 20 70 1 8 90 3 96 89 148 25 59 65 121 99 55 94 126 135 19 95 76 56 48 101 138 133 34 71 28 111 31 77 40 79 128 93 35 7 13 32 39 11 105 97 33 142 149 27 116 6 66 100 107 80 106 69 4 0 54 2 117 51 9 84 78 14 22 61 42 43 37 134 44 58 144 139 49 85 16 10],498896643,656165158
random/tai150b,1,621462920,56297,56297,1482184900,[7 30 126 91 29 28 124 50 62 87 135 37 105 22 41 80 75 82 116 110 19 101 58 148 43 60 88 52 15 3 12 147 14 68 23 49 70 53 51 10 16 42 100 9 128 79 69 67 81 2 93 47 38 35 83 4 129 104 31 0 74 85 122 65 98 46 11 8 111 138 133 21 95 39 149 123 115 26 113 45 57 125 131 56 146 96 89 77 84 121 18 33 140 139 54 20 97 127 90 120 137 71 40 86 76 17 117 61 55 102 99 59 64 118 5 94 36 78 107 48 144 44 108 136 73 119 114 63 109 34 103 132 134 32 112 1 92 24 130 6 66 145 13 142 141 25 27 72 106 143],[83 62 114 18 57 64 50 104 102 5 29 26 82 122 98 24 146 30 124 47 46 115 75 143 103 81 112 60 108 110 131 92 53 87 140 127 109 36 145 63 129 67 123 45 120 72 91 113 73 12 21 74 137 141 118 147 125 68 41 17 52 132 130 15 88 86 136 38 119 23 20 70 1 8 90 3 96 89 148 25 59 65 121 99 55 94 126 135 19 95 76 56 48 101 138 133 34 71 28 111 31 77 40 79 128 93 35 7 13 32 39 11 105 97 33 142 149 27 116 6 66 100 107 80 106 69 4 0 54 2 117 51 9 84 78 14 22 61 42 43 37 134 44 58 144 139 49 85 16 10],498896643,656165158
randomWalk/tai150b,1,637735321,1196927,1196927,1479528600,[40 127 104 130 143 5 51 73 119 11 1 99 111 110 77 80 15 32 58 20 96 34 115 112 69 82 64 147 67 9 88 133 35 36 50 13 2 95 126 3 37 102 52 41 22 75 125 118 107 19 113 146 123 91 61 139 78 86 33 66 93 141 120 81 128 39 27 16 8 62 7 100 116 101 97 48 140 121 117 47 28 10 65 12 53 129 4 18 21 144 145 25 83 29 89 85 0 132 122 87 79 49 105 6 44 149 92 98 57 148 135 70 71 17 76 108 45 90 23 68 54 46 106 94 103 24 63 59 74 30 26 136 124 31 109 14 142 138 114 72 84 55 38 56 42 60 131 43 137 134],[83 62 114 18 57 64 50 104 102 5 29 26 82 122 98 24 146 30 124 47 46 115 75 143 103 81 112 60 108 110 131 92 53 87 140 127 109 36 145 63 129 67 123 45 120 72 91 113 73 12 21 74 137 141 118 147 125 68 41 17 52 132 130 15 88 86 136 38 119 23 20 70 1 8 90 3 96 89 148 25 59 65 121 99 55 94 126 135 19 95 76 56 48 101 138 133 34 71 28 111 31 77 40 79 128 93 35 7 13 32 39 11 105 97 33 142 149 27 116 6 66 100 107 80 106 69 4 0 54 2 117 51 9 84 78 14 22 61 42 43 37 134 44 58 144 139 49 85 16 10],498896643,656165158
heuristic/tai150b,1,620457677,0,0,0,[110 24 46 87 71 16 146 140 144 126 56 85 70 64 35 18 134 98 145 38 11 148 127 105 114 19 45 51 3 49 119 62 122 15 59 149 142 131 4 101 67 128 93 0 129 34 17 109 61 40 147 22 111 69 12 21 90 138 135 94 92 125 76 104 123 41 141 26 136 2 103 39 52 33 60 116 29 113 78 74 27 81 8 65 50 48 89 95 121 53 102 47 75 107 42 112 9 120 63 72 124 99 84 5 77 108 57 30 28 32 73 132 25 86 23 68 96 139 7 88 43 100 130 118 54 83 36 117 66 91 79 14 13 37 97 31 80 143 1 20 137 44 106 133 6 115 55 58 82 10],[83 62 114 18 57 64 50 104 102 5 29 26 82 122 98 24 146 30 124 47 46 115 75 143 103 81 112 60 108 110 131 92 53 87 140 127 109 36 145 63 129 67 123 45 120 72 91 113 73 12 21 74 137 141 118 147 125 68 41 17 52 132 130 15 88 86 136 38 119 23 20 70 1 8 90 3 96 89 148 25 59 65 121 99 55 94 126 135 19 95 76 56 48 101 138 133 34 71 28 111 31 77 40 79 128 93 35 7 13 32 39 11 105 97 33 142 149 27 116 6 66 100 107 80 106 69 4 0 54 2 117 51 9 84 78 14 22 61 42 43 37 134 44 58 144 139 49 85 16 10],498896643,656165158
greedy/tai150b,2,514044790,1447,413058,388133200,[65 126 146 64 83 108 98 50 122 26 24 58 143 44 29 62 85 57 76 102 104 113 79 4 27 32 92 109 11 59 114 103 30 35 66 3 34 1 48 78 9 23 107 33 14 60 20 12 88 21 112 101 61 90 111 141 99 37 132 22 130 117 139 41 10 49 55 84 137 119 123 16 2 121 17 91 140 118 63 110 145 73 133 95 47 39 82 38 31 18 28 71 75 46 40 131 127 72 124 129 0 69 142 36 54 93 134 53 77 89 68 144 15 13 149 7 67 125 87 86 51 43 147 106 135 45 94 100 136 81 74 138 120 42 97 148 25 80 52 115 5 70 116 19 8 128 105 96 56 6],[83 62 114 18 57 64 50 104 102 5 29 26 82 122 98 24 146 30 124 47 46 115 75 143 103 81 112 60 108 110 131 92 53 87 140 127 109 36 145 63 129 67 123 45 120 72 91 113 73 12 21 74 137 141 118 147 125 68 41 17 52 132 130 15 88 86 136 38 119 23 20 70 1 8 90 3 96 89 148 25 59 65 121 99 55 94 126 135 19 95 76 56 48 101 138 133 34 71 28 111 31 77 40 79 128 93 35 7 13 32 39 11 105 97 33 142 149 27 116 6 66 100 107 80 106 69 4 0 54 2 117 51 9 84 78 14 22 61 42 43 37 134 44 58 144 139 49 85 16 10],498896643,649194076
steepest/tai150b,2,516117423,183,2056200,1823350800,[148 25 146 44 112 121 126 46 62 63 140 31 143 39 133 110 89 95 115 67 48 66 21 118 108 64 72 76 53 102 13 123 87 107 111 12 137 30 125 106 34 104 2 11 101 131 69 20 9 59 68 5 109 40 28 79 37 60 130 0 7 86 38 23 22 134 144 139 15 70 149 16 58 10 1 65 19 6 116 97 57 122 96 119 56 18 105 80 24 27 128 47 36 26 92 54 142 84 129 127 124 93 4 99 103 82 85 32 94 35 83 113 91 77 71 136 98 145 141 73 90 52 43 61 45 49 138 17 135 100 42 117 78 120 51 41 55 14 147 3 75 132 33 50 114 74 81 8 29 88],[83 62 114 18 57 64 50 104 102 5 29 26 82 122 98 24 146 30 124 47 46 115 75 143 103 81 112 60 108 110 131 92 53 87 140 127 109 36 145 63 129 67 123 45 120 72 91 113 73 12 21 74 137 141 118 147 125 68 41 17 52 132 130 15 88 86 136 38 119 23 20 70 1 8 90 3 96 89 148 25 59 65 121 99 55 94 126 135 19 95 76 56 48 101 138 133 34 71 28 111 31 77 40 79 128 93 35 7 13 32 39 11 105 97 33 142 149 27 116 6 66 100 107 80 106 69 4 0 54 2 117 51 9 84 78 14 22 61 42 43 37 134 44 58 144 139 49 85 16 10],498896643,649194076
random/tai150b,2,620026669,48720,48720,1479791600,[14 8 140 57 49 119 106 65 60 142 19 101 44 70 24 102 100 87 89 75 16 15 84 94 28 7 107 143 52 116 56 117 45 26 98 51 90 83 122 128 138 96 46 42 126 125 43 78 53 37 91 71 47 86 63 61 109 97 80 31 123 141 68 77 144 1 0 6 21 129 9 48 103 69 27 148 38 110 108 59 120 34 50 114 36 127 17 58 29 135 25 40 74 41 20 12 4 95 13 3 62 99 124 133 33 88 139 55 23 121 54 134 131 73 79 132 130 2 146 72 85 149 64 118 112 5 115 22 82 145 147 66 35 111 93 104 81 10 67 92 137 105 32 18 136 30 76 11 39 113],[83 62 114 18 57 64 50 104 102 5 29 26 82 122 98 24 146 30 124 47 46 115 75 143 103 81 112 60 108 110 131 92 53 87 140 127 109 36 145 63 129 67 123 45 120 72 91 113 73 12 21 74 137 141 118 147 125 68 41 17 52 132 130 15 88 86 136 38 119 23 20 70 1 8 90 3 96 89 148 25 59 65 121 99 55 94 126 135 19 95 76 56 48 101 138 133 34 71 28 111 31 77 40 79 128 93 35 7 13 32 39 11 105 97 33 142 149 27 116 6 66 100 107 80 106 69 4 0 54 2 117 51 9 84 78 14 22 61 42 43 37 134 44 58 144 139 49 85 16 10],498896643,649194076
randomWalk/tai150b,2,651007186,2178826,2178826,1479206400,[40 142 132 63 110 139 73 13 79 25 123 54 16 58 14 60 67 146 36 23 50 108 92 55 24 93 69 106 77 30 120 5 91 41 70 122 87 103 136 140 129 35 47 141 18 38 39 98 126 75 137 134 42 89 68 49 149 61 37 100 52 2 43 102 99 119 109 80 88 57 115 11 32 113 121 114 97 95 1 20 28 128 127 74 4 124 71 107 6 133 90 83 81 145 116 31 111 131 7 53 84 59 19 48 144 105 118 147 143 76 85 22 12 34 125 44 130 62 10 94 86 15 72 135 3 78 112 17 104 64 9 21 51 45 148 66 138 82 117 29 65 46 27 96 8 101 26 56 0 33],[83 62 114 18 57 64 50 104 102 5 29 26 82 122 98 24 146 30 124 47 46 115 75 143 103 81 112 60 108 110 131 92 53 87 140 127 109 36 145 63 129 67 123 45 120 72 91 113 73 12 21 74 137 141 118 147 125 68 41 17 52 132 130 15 88 86 136 38 119 23 20 70 1 8 90 3 96 89 148 25 59 65 121 99 55 94 126 135 19 95 76 56 48 101 138 133 34 71 28 111 31 77 40 79 128 93 35 7 13 32 39 11 105 97 33 142 149 27 116 6 66 100 107 80 106 69 4 0 54 2 117 51 9 84 78 14 22 61 42 43 37 134 44 58 144 139 49 85 16 10],498896643,649194076
heuristic/tai150b,2,620457677,0,0,0,[110 24 46 87 71 16 146 140 144 126 56 85 70 64 35 18 134 98 145 38 11 148 127 105 114 19 45 51 3 49 119 62 122 15 59 149 142 131 4 101 67 128 93 0 129 34 17 109 61 40 147 22 111 69 12 21 90 138 135 94 92 125 76 104 123 41 141 26 136 2 103 39 52 33 60 116 29 113 78 74 27 81 8 65 50 48 89 95 121 53 102 47 75 107 42 112 9 120 63 72 124 99 84 5 77 108 57 30 28 32 73 132 25 86 23 68 96 139 7 88 43 100 130 118 54 83 36 117 66 91 79 14 13 37 97 31 80 143 1 20 137 44 106 133 6 115 55 58 82 10],[83 62 114 18 57 64 50 104 102 5 29 26 82 122 98 24 146 30 124 47 46 115 75 143 103 81 112 60 108 110 131 92 53 87 140 127 109 36 145 63 129 67 123 45 120 72 91 113 73 12 21 74 137 141 118 147 125 68 41 17 52 132 130 15 88 86 136 38 119 23 20 70 1 8 90 3 96 89 148 25 59 65 121 99 55 94 126 135 19 95 76 56 48 101 138 133 34 71 28 111 31 77 40 79 128 93 35 7 13 32 39 11 105 97 33 142 149 27 116 6 66 100 107 80 106 69 4 0 54 2 117 51 9 84 78 14 22 61 42 43 37 134 44 58 144 139 49 85 16 10],498896643,649194076
greedy/tai150b,3,513795128,1477,314895,223413100,[70 89 85 141 62 140 82 98 83 113 71 91 94 73 31 44 126 39 145 103 87 110 111 6 143 146 133 79 26 13 108 33 57 18 63 67 120 24 138 65 74 118 81 131 42 102 112 68 124 25 60 9 97 100 109 69 148 136 27 54 107 125 45 121 84 132 52 80 66 8 72 134 123 46 34 58 35 95 76 40 37 101 41 28 55 11 7 116 149 142 93 32 99 122 135 5 59 36 92 75 127 78 51 129 105 115 48 50 47 64 19 30 147 43 114 53 29 128 106 104 12 4 20 117 119 21 0 88 61 10 15 130 17 14 2 139 22 137 38 90 77 144 86 23 96 1 3 16 56 49],[83 62 114 18 57 64 50 104 102 5 29 26 82 122 98 24 146 30 124 47 46 115 75 143 103 81 112 60 108 110 131 92 53 87 140 127 109 36 145 63 129 67 123 45 120 72 91 113 73 12 21 74 137 141 118 147 125 68 41 17 52 132 130 15 88 86 136 38 119 23 20 70 1 8 90 3 96 89 148 25 59 65 121 99 55 94 126 135 19 95 76 56 48 101 138 133 34 71 28 111 31 77 40 79 128 93 35 7 13 32 39 11 105 97 33 142 149 27 116 6 66 100 107 80 106 69 4 0 54 2 117 51 9 84 78 14 22 61 42 43 37 134 44 58 144 139 49 85 16 10],498896643,643714843
steepest/tai150b,3,516062446,200,2246175,1613174200,[104 114 140 76 112 98 46 126 95 60 50 116 4 51 39 110 70 89 91 15 47 24 20 139 52 133 13 136 6 67 38 17 8 65 143 118 63 122 100 96 105 74 19 135 37 93 92 21 147 109 11 115 5 9 99 40 59 23 12 111 130 94 79 73 45 32 141 31 125 113 34 35 87 71 90 0 16 44 80 124 62 121 108 58 102 132 29 84 85 53 56 146 131 28 127 145 129 36 57 69 142 26 42 75 97 149 25 18 120 148 119 64 48 77 33 138 81 128 82 7 106 123 61 88 72 10 22 86 43 117 78 2 14 107 137 68 54 49 101 66 83 144 55 41 27 103 3 134 30 1],[83 62 114 18 57 64 50 104 102 5 29 26 82 122 98 24 146 30 124 47 46 115 75 143 103 81 112 60 108 110 131 92 53 87 140 127 109 36 145 63 129 67 123 45 120 72 91 113 73 12 21 74 137 141 118 147 125 68 41 17 52 132 130 15 88 86 136 38 119 23 20 70 1 8 90 3 96 89 148 25 59 65 121 99 55 94 126 135 19 95 76 56 48 101 138 133 34 71 28 111 31 77 40 79 128 93 35 7 13 32 39 11 105 97 33 142 149 27 116 6 66 100 107 80 106 69 4 0 54 2 117 51 9 84 78 14 22 61 42 43 37 134 44 58 144 139 49 85 16 10],498896643,643714843
random/tai150b,3,622379281,47013,47013,1481548300,[47 133 119 64 113 19 40 0 108 10 134 126 32 48 127 35 53 132 96 2 91 51 39 117 112 135 69 8 76 52 21 46 107 99 4 22 106 23 100 36 72 87 95 130 12 5 17 144 136 54 102 34 45 61 73 71 105 89 70 109 57 86 50 37 125 131 56 149 128 28 139 84 85 98 58 143 121 97 148 118 101 145 25 115 146 31 13 65 15 79 137 11 147 59 138 124 78 20 111 129 83 90 120 49 74 1 27 141 142 103 14 38 104 30 63 80 26 3 42 140 123 9 116 18 88 67 75 94 24 7 66 29 77 68 110 6 122 82 92 41 33 44 43 93 16 114 55 81 60 62],[83 62 114 18 57 64 50 104 102 5 29 26 82 122 98 24 146 30 124 47 46 115 75 143 103 81 112 60 108 110 131 92 53 87 140 127 109 36 145 63 129 67 123 45 120 72 91 113 73 12 21 74 137 141 118 147 125 68 41 17 52 132 130 15 88 86 136 38 119 23 20 70 1 8 90 3 96 89 148 25 59 65 121 99 55 94 126 135 19 95 76 56 48 101 138 133 34 71 28 111 31 77 40 79 128 93 35 7 13 32 39 11 105 97 33 142 149 27 116 6 66 100 107 80 106 69 4 0 54 2 117 51 9 84 78 14 22 61 42 43 37 134 44 58 144 139 49 85 16 10],498896643,643714843
randomWalk/tai150b,3,643888600,2112233,2112233,1479219000,[87 57 107 133 14 51 24 66 20 88 147 76 27 112 149 3 97 35 103 119 47 59 114 32 67 31 75 140 63 62 37 29 91 28 118 23 48 5 41 18 39 126 138 116 136 137 61 144 60 38 17 79 83 122 102 19 78 142 64 81 117 45 95 68 65 72 22 77 54 135 55 49 12 131 71 132 101 43 96 113 106 89 100 128 90 139 123 46 145 94 8 109 10 58 105 33 80 53 134 34 130 50 36 99 146 25 69 92 6 143 84 115 16 104 82 74 125 40 111 0 127 124 52 120 2 108 4 129 1 70 9 98 121 15 13 93 30 44 85 86 42 148 7 21 110 56 73 26 141 11],[83 62 114 18 57 64 50 104 102 5 29 26 82 122 98 24 146 30 124 47 46 115 75 143 103 81 112 60 108 110 131 92 53 87 140 127 109 36 145 63 129 67 123 45 120 72 91 113 73 12 21 74 137 141 118 147 125 68 41 17 52 132 130 15 88 86 136 38 119 23 20 70 1 8 90 3 96 89 148 25 59 65 121 99 55 94 126 135 19 95 76 56 48 101 138 133 34 71 28 111 31 77 40 79 128 93 35 7 13 32 39 11 105 97 33 142 149 27 116 6 66 100 107 80 106 69 4 0 54 2 117 51 9 84 78 14 22 61 42 43 37 134 44 58 144 139 49 85 16 10],498896643,643714843
heuristic/tai150b,3,620457677,0,0,0,[110 24 46 87 71 16 146 140 144 126 56 85 70 64 35 18 134 98 145 38 11 148 127 105 114 19 45 51 3 49 119 62 122 15 59 149 142 131 4 101 67 128 93 0 129 34 17 109 61 40 147 22 111 69 12 21 90 138 135 94 92 125 76 104 123 41 141 26 136 2 103 39 52 33 60 116 29 113 78 74 27 81 8 65 50 48 89 95 121 53 102 47 75 107 42 112 9 120 63 72 124 99 84 5 77 108 57 30 28 32 73 132 25 86 23 68 96 139 7 88 43 100 130 118 54 83 36 117 66 91 79 14 13 37 97 31 80 143 1 20 137 44 106 133 6 115 55 58 82 10],[83 62 114 18 57 64 50 104 102 5 29 26 82 122 98 24 146 30 124 47 46 115 75 143 103 81 112 60 108 110 131 92 53 87 140 127 109 36 145 63 129 67 123 45 120 72 91 113 73 12 21 74 137 141 118 147 125 68 41 17 52 132 130 15 88 86 136 38 119 23 20 70 1 8 90 3 96 89 148 25 59 65 121 99 55 94 126 135 19 95 76 56 48 101 138 133 34 71 28 111 31 77 40 79 128 93 35 7 13 32 39 11 105 97 33 142 149 27 116 6 66 100 107 80 106 69 4 0 54 2 117 51 9 84 78 14 22 61 42 43 37 134 44 58 144 139 49 85 16 10],498896643,643714843
greedy/tai150b,4,518409190,1555,258502,167424300,[88 1 10 6 128 70 32 8 105 27 35 24 119 13 80 44 87 47 127 116 98 141 63 123 103 106 115 129 45 110 43 52 113 77 79 125 138 134 93 131 142 132 120 78 118 109 42 100 14 72 145 22 74 61 75 69 143 40 54 12 90 51 73 148 91 41 50 114 48 55 66 126 71 65 25 121 16 19 36 67 108 139 56 97 53 96 136 130 85 49 86 146 82 92 21 62 20 37 95 83 122 111 147 99 31 28 140 30 137 144 26 18 117 3 104 39 64 68 29 133 124 59 17 5 60 9 33 101 34 2 107 94 135 0 76 11 102 4 81 112 84 57 23 7 58 149 38 89 46 15],[83 62 114 18 57 64 50 104 102 5 29 26 82 122 98 24 146 30 124 47 46 115 75 143 103 81 112 60 108 110 131 92 53 87 140 127 109 36 145 63 129 67 123 45 120 72 91 113 73 12 21 74 137 141 118 147 125 68 41 17 52 132 130 15 88 86 136 38 119 23 20 70 1 8 90 3 96 89 148 25 59 65 121 99 55 94 126 135 19 95 76 56 48 101 138 133 34 71 28 111 31 77 40 79 128 93 35 7 13 32 39 11 105 97 33 142 149 27 116 6 66 100 107 80 106 69 4 0 54 2 117 51 9 84 78 14 22 61 42 43 37 134 44 58 144 139 49 85 16 10],498896643,658000793
steepest/tai150b,4,520977383,199,2235000,1432049800,[53 125 74 121 80 134 47 70 138 13 98 97 84 82 83 136 44 85 39 116 146 110 86 31 6 140 91 79 108 113 62 143 89 126 93 142 37 35 95 65 15 32 18 28 60 69 0 117 1 127 10 20 99 88 63 42 75 43 109 26 100 23 135 11 9 55 59 7 68 41 3 57 101 149 38 45 64 145 36 67 133 148 139 111 16 87 25 106 19 71 118 96 105 124 22 112 40 61 14 128 33 129 131 120 27 122 132 92 24 8 94 29 5 81 141 78 103 76 114 102 4 50 51 52 54 12 119 107 77 48 66 72 21 147 115 58 34 104 17 90 73 46 137 30 130 49 123 144 56 2],[83 62 114 18 57 64 50 104 102 5 29 26 82 122 98 24 146 30 124 47 46 115 75 143 103 81 112 60 108 110 131 92 53 87 140 127 109 36 145 63 129 67 123 45 120 72 91 113 73 12 21 74 137 141 118 147 125 68 41 17 52 132 130 15 88 86 136 38 119 23 20 70 1 8 90 3 96 89 148 25 59 65 121 99 55 94 126 135 19 95 76 56 48 101 138 133 34 71 28 111 31 77 40 79 128 93 35 7 13 32 39 11 105 97 33 142 149 27 116 6 66 100 107 80 106 69 4 0 54 2 117 51 9 84 78 14 22 61 42 43 37 134 44 58 144 139 49 85 16 10],498896643,658000793
random/tai150b,4,624438800,62891,62891,1480055600,[12 71 41 65 58 137 15 117 149 95 44 146 98 39 13 94 75 116 138 8 64 132 23 83 38 72 77 51 102 17 62 101 60 100 82 57 110 11 55 97 74 26 14 91 103 142 129 119 80 69 29 96 56 73 111 2 49 45 28 63 133 128 25 134 34 130 90 85 140 114 6 42 120 1 43 122 109 126 87 54 106 18 52 147 46 92 67 47 115 113 53 70 40 99 131 76 93 24 145 9 50 32 141 37 16 81 27 33 7 124 4 127 105 121 68 107 61 20 125 3 66 30 78 21 35 86 139 22 143 5 104 112 0 88 10 79 108 48 148 135 123 36 136 144 31 84 59 118 19 89],[83 62 114 18 57 64 50 104 102 5 29 26 82 122 98 24 146 30 124 47 46 115 75 143 103 81 112 60 108 110 131 92 53 87 140 127 109 36 145 63 129 67 123 45 120 72 91 113 73 12 21 74 137 141 118 147 125 68 41 17 52 132 130 15 88 86 136 38 119 23 20 70 1 8 90 3 96 89 148 25 59 65 121 99 55 94 126 135 19 95 76 56 48 101 138 133 34 71 28 111 31 77 40 79 128 93 35 7 13 32 39 11 105 97 33 142 149 27 116 6 66 100 107 80 106 69 4 0 54 2 117 51 9 84 78 14 22 61 42 43 37 134 44 58 144 139 49 85 16 10],498896643,658000793
randomWalk/tai150b,4,658666865,2825427,2825427,1482432400,[0 8 142 120 105 6 73 77 36 146 69 14 91 31 133 24 83 23 65 126 104 84 124 139 70 138 90 27 10 96 35 82 127 53 123 88 29 44 30 33 136 111 137 48 85 51 47 2 61 81 62 66 74 98 57 28 45 21 87 100 60 38 92 19 68 129 1 107 76 11 64 3 115 58 34 5 148 26 4 135 112 55 52 12 130 43 42 102 110 106 54 75 131 46 49 79 89 99 41 109 71 103 16 25 145 22 122 15 128 118 56 149 125 39 101 113 140 59 78 93 132 116 63 7 144 18 17 80 50 86 141 9 121 32 134 20 147 40 114 108 119 97 94 67 37 117 95 143 72 13],[83 62 114 18 57 64 50 104 102 5 29 26 82 122 98 24 146 30 124 47 46 115 75 143 103 81 112 60 108 110 131 92 53 87 140 127 109 36 145 63 129 67 123 45 120 72 91 113 73 12 21 74 137 141 118 147 125 68 41 17 52 132 130 15 88 86 136 38 119 23 20 70 1 8 90 3 96 89 148 25 59 65 121 99 55 94 126 135 19 95 76 56 48 101 138 133 34 71 28 111 31 77 40 79 128 93 35 7 13 32 39 11 105 97 33 142 149 27 116 6 66 100 107 80 106 69 4 0 54 2 117 51 9 84 78 14 22 61 42 43 37 134 44 58 144 139 49 85 16 10],498896643,658000793
heuristic/tai150b,4,620457677,0,0,647100,[110 24 46 87 71 16 146 140 144 126 56 85 70 64 35 18 134 98 145 38 11 148 127 105 114 19 45 51 3 49 119 62 122 15 59 149 142 131 4 101 67 128 93 0 129 34 17 109 61 40 147 22 111 69 12 21 90 138 135 94 92 125 76 104 123 41 141 26 136 2 103 39 52 33 60 116 29 113 78 74 27 81 8 65 50 48 89 95 121 53 102 47 75 107 42 112 9 120 63 72 124 99 84 5 77 108 57 30 28 32 73 132 25 86 23 68 96 139 7 88 43 100 130 118 54 83 36 117 66 91 79 14 13 37 97 31 80 143 1 20 137 44 106 133 6 115 55 58 82 10],[83 62 114 18 57 64 50 104 102 5 29 26 82 122 98 24 146 30 124 47 46 115 75 143 103 81 112 60 108 110 131 92 53 87 140 127 109 36 145 63 129 67 123 45 120 72 91 113 73 12 21 74 137 141 118 147 125 68 41 17 52 132 130 15 88 86 136 38 119 23 20 70 1 8 90 3 96 89 148 25 59 65 121 99 55 94 126 135 19 95 76 56 48 101 138 133 34 71 28 111 31 77 40 79 128 93 35 7 13 32 39 11 105 97 33 142 149 27 116 6 66 100 107 80 106 69 4 0 54 2 117 51 9 84 78 14 22 61 42 43 37 134 44 58 144 139 49 85 16 10],498896643,658000793
greedy/tai150b,5,516030908,1326,173637,95570600,[78 49 50 58 27 98 122 29 28 103 16 145 0 57 114 24 146 18 70 132 71 118 129 21 34 46 131 139 125 72 89 115 48 87 13 63 1 15 36 53 67 6 12 42 121 112 138 44 147 116 17 40 81 84 75 62 33 136 123 31 111 66 149 113 79 30 3 141 148 144 90 23 77 73 61 101 56 110 5 4 143 11 19 109 35 32 76 59 85 108 92 102 93 20 83 127 74 60 124 142 88 97 120 99 52 38 133 47 119 64 43 140 45 91 128 80 105 106 39 8 68 117 54 107 137 22 41 65 69 26 10 100 2 9 94 25 135 55 51 14 104 134 37 86 96 7 82 126 95 130],[83 62 114 18 57 64 50 104 102 5 29 26 82 122 98 24 146 30 124 47 46 115 75 143 103 81 112 60 108 110 131 92 53 87 140 127 109 36 145 63 129 67 123 45 120 72 91 113 73 12 21 74 137 141 118 147 125 68 41 17 52 132 130 15 88 86 136 38 119 23 20 70 1 8 90 3 96 89 148 25 59 65 121 99 55 94 126 135 19 95 76 56 48 101 138 133 34 71 28 111 31 77 40 79 128 93 35 7 13 32 39 11 105 97 33 142 149 27 116 6 66 100 107 80 106 69 4 0 54 2 117 51 9 84 78 14 22 61 42 43 37 134 44 58 144 139 49 85 16 10],498896643,652156287
steepest/tai150b,5,518094312,245,2749050,1280876100,[6 13 57 49 0 56 58 85 34 130 16 107 4 139 136 2 102 76 28 48 98 95 40 133 37 71 21 125 73 12 101 137 82 87 129 127 123 36 55 41 39 145 118 43 132 141 99 90 75 94 106 83 72 116 117 91 62 44 109 60 100 147 112 81 51 74 115 46 148 65 19 126 31 140 124 1 35 11 52 119 59 10 134 17 8 86 70 23 32 15 38 89 69 26 14 104 61 30 131 9 45 142 103 20 63 143 50 29 108 146 78 18 5 92 64 114 53 67 110 122 79 33 3 80 135 54 88 149 22 138 113 84 66 97 120 77 93 68 25 42 111 47 128 105 24 27 7 96 121 144],[83 62 114 18 57 64 50 104 102 5 29 26 82 122 98 24 146 30 124 47 46 115 75 143 103 81 112 60 108 110 131 92 53 87 140 127 109 36 145 63 129 67 123 45 120 72 91 113 73 12 21 74 137 141 118 147 125 68 41 17 52 132 130 15 88 86 136 38 119 23 20 70 1 8 90 3 96 89 148 25 59 65 121 99 55 94 126 135 19 95 76 56 48 101 138 133 34 71 28 111 31 77 40 79 128 93 35 7 13 32 39 11 105 97 33 142 149 27 116 6 66 100 107 80 106 69 4 0 54 2 117 51 9 84 78 14 22 61 42 43 37 134 44 58 144 139 49 85 16 10],498896643,652156287
random/tai150b,5,620139427,66618,66618,1480455500,[84 14 90 132 27 70 109 117 76 102 59 140 46 78 128 88 33 15 85 4 38 91 40 35 56 131 22 1 6 16 89 127 48 72 34 32 37 49 80 93 19 86 120 104 129 67 116 21 24 17 87 83 144 47 145 130 20 55 139 53 63 65 98 141 39 30 135 57 108 77 122 54 147 13 60 3 111 96 18 110 29 97 119 25 106 121 61 137 68 125 112 99 138 0 5 66 36 92 44 142 74 123 69 100 73 28 23 94 52 134 45 124 71 103 146 2 126 148 42 12 10 114 75 136 101 115 82 11 41 58 9 81 105 62 149 31 7 133 43 64 118 79 113 107 95 143 51 26 50 8],[83 62 114 18 57 64 50 104 102 5 29 26 82 122 98 24 146 30 124 47 46 115 75 143 103 81 112 60 108 110 131 92 53 87 140 127 109 36 145 63 129 67 123 45 120 72 91 113 73 12 21 74 137 141 118 147 125 68 41 17 52 132 130 15 88 86 136 38 119 23 20 70 1 8 90 3 96 89 148 25 59 65 121 99 55 94 126 135 19 95 76 56 48 101 138 133 34 71 28 111 31 77 40 79 128 93 35 7 13 32 39 11 105 97 33 142 149 27 116 6 66 100 107 80 106 69 4 0 54 2 117 51 9 84 78 14 22 61 42 43 37 134 44 58 144 139 49 85 16 10],498896643,652156287
randomWalk/tai150b,5,655320164,2788040,2788040,1479432800,[56 43 131 5 54 59 60 94 20 119 143 145 87 70 25 77 0 63 61 86 136 76 99 16 84 45 29 38 120 142 44 138 39 52 111 104 82 33 37 81 21 129 62 42 22 135 31 36 65 140 127 69 96 13 41 18 71 34 24 124 79 115 57 147 75 55 14 106 133 132 118 112 58 40 78 110 148 105 48 109 101 66 64 123 7 102 93 6 10 98 95 1 117 128 88 67 91 144 103 73 146 72 116 121 47 90 139 113 122 28 9 97 149 92 26 23 2 15 68 46 30 27 49 126 83 50 35 3 53 12 134 141 80 74 114 11 100 137 19 32 89 17 51 4 8 108 85 107 130 125],[83 62 114 18 57 64 50 104 102 5 29 26 82 122 98 24 146 30 124 47 46 115 75 143 103 81 112 60 108 110 131 92 53 87 140 127 109 36 145 63 129 67 123 45 120 72 91 113 73 12 21 74 137 141 118 147 125 68 41 17 52 132 130 15 88 86 136 38 119 23 20 70 1 8 90 3 96 89 148 25 59 65 121 99 55 94 126 135 19 95 76 56 48 101 138 133 34 71 28 111 31 77 40 79 128 93 35 7 13 32 39 11 105 97 33 142 149 27 116 6 66 100 107 80 106 69 4 0 54 2 117 51 9 84 78 14 22 61 42 43 37 134 44 58 144 139 49 85 16 10],498896643,652156287
heuristic/tai150b,5,620457677,0,0,0,[110 24 46 87 71 16 146 140 144 126 56 85 70 64 35 18 134 98 145 38 11 148 127 105 114 19 45 51 3 49 119 62 122 15 59 149 142 131 4 101 67 128 93 0 129 34 17 109 61 40 147 22 111 69 12 21 90 138 135 94 92 125 76 104 123 41 141 26 136 2 103 39 52 33 60 116 29 113 78 74 27 81 8 65 50 48 89 95 121 53 102 47 75 107 42 112 9 120 63 72 124 99 84 5 77 108 57 30 28 32 73 132 25 86 23 68 96 139 7 88 43 100 130 118 54 83 36 117 66 91 79 14 13 37 97 31 80 143 1 20 137 44 106 133 6 115 55 58 82 10],[83 62 114 18 57 64 50 104 102 5 29 26 82 122 98 24 146 30 124 47 46 115 75 143 103 81 112 60 108 110 131 92 53 87 140 127 109 36 145 63 129 67 123 45 120 72 91 113 73 12 21 74 137 141 118 147 125 68 41 17 52 132 130 15 88 86 136 38 119 23 20 70 1 8 90 3 96 89 148 25 59 65 121 99 55 94 126 135 19 95 76 56 48 101 138 133 34 71 28 111 31 77 40 79 128 93 35 7 13 32 39 11 105 97 33 142 149 27 116 6 66 100 107 80 106 69 4 0 54 2 117 51 9 84 78 14 22 61 42 43 37 134 44 58 144 139 49 85 16 10],498896643,652156287
greedy/tai150b,6,516150945,1594,394030,217869300,[81 26 19 92 93 35 56 24 142 149 122 99 11 96 18 7 32 27 33 97 8 13 43 120 138 128 40 106 6 36 116 100 105 53 90 39 77 67 113 70 10 87 132 143 118 69 112 130 61 111 42 78 136 145 110 0 48 86 17 79 12 58 76 95 3 44 62 89 31 134 125 85 71 46 21 37 114 141 23 88 103 55 98 1 146 82 41 101 29 121 73 50 9 147 34 25 107 51 14 94 63 66 20 5 45 4 65 15 52 126 148 140 83 80 91 119 38 74 133 47 22 135 75 72 108 59 60 104 129 102 131 124 84 127 68 57 115 54 28 117 109 16 137 144 2 139 123 64 30 49],[83 62 114 18 57 64 50 104 102 5 29 26 82 122 98 24 146 30 124 47 46 115 75 143 103 81 112 60 108 110 131 92 53 87 140 127 109 36 145 63 129 67 123 45 120 72 91 113 73 12 21 74 137 141 118 147 125 68 41 17 52 132 130 15 88 86 136 38 119 23 20 70 1 8 90 3 96 89 148 25 59 65 121 99 55 94 126 135 19 95 76 56 48 101 138 133 34 71 28 111 31 77 40 79 128 93 35 7 13 32 39 11 105 97 33 142 149 27 116 6 66 100 107 80 106 69 4 0 54 2 117 51 9 84 78 14 22 61 42 43 37 134 44 58 144 139 49 85 16 10],498896643,648907980
steepest/tai150b,6,512108008,213,2391450,1892275700,[71 101 70 28 62 18 95 131 145 129 98 141 127 82 89 37 29 68 116 103 50 110 36 142 57 146 109 92 143 32 108 5 122 106 118 31 63 46 24 6 19 87 64 34 111 60 93 107 15 72 112 84 4 125 75 54 53 43 13 119 135 83 120 25 91 33 148 74 138 149 97 7 77 81 11 58 16 44 40 22 78 49 10 0 35 139 86 130 56 85 136 134 104 124 115 79 21 114 59 102 99 132 67 76 27 8 105 133 80 140 38 126 94 39 121 128 47 113 65 96 48 51 9 69 3 42 117 12 61 88 1 90 100 14 20 45 17 52 147 66 26 23 123 137 55 2 41 30 144 73],[83 62 114 18 57 64 50 104 102 5 29 26 82 122 98 24 146 30 124 47 46 115 75 143 103 81 112 60 108 110 131 92 53 87 140 127 109 36 145 63 129 67 123 45 120 72 91 113 73 12 21 74 137 141 118 147 125 68 41 17 52 132 130 15 88 86 136 38 119 23 20 70 1 8 90 3 96 89 148 25 59 65 121 99 55 94 126 135 19 95 76 56 48 101 138 133 34 71 28 111 31 77 40 79 128 93 35 7 13 32 39 11 105 97 33 142 149 27 116 6 66 100 107 80 106 69 4 0 54 2 117 51 9 84 78 14 22 61 42 43 37 134 44 58 144 139 49 85 16 10],498896643,648907980
random/tai150b,6,619925910,37162,37162,1488555300,[82 98 52 84 78 136 34 133 16 15 80 91 95 3 119 59 92 132 67 21 139 105 125 110 22 112 116 68 33 97 115 6 138 63 117 40 36 129 142 131 47 75 148 45 127 8 37 4 76 130 149 38 50 32 144 42 93 72 30 108 11 122 48 104 137 25 58 124 9 1 143 88 94 121 7 66 5 146 51 43 31 19 18 81 39 55 56 0 96 89 46 90 114 79 107 111 60 70 17 29 120 118 54 77 147 2 53 103 13 10 20 23 113 61 74 123 140 86 44 73 101 141 28 57 49 83 109 100 126 85 24 69 26 135 134 35 64 12 71 27 128 65 62 14 87 41 99 145 102 106],[83 62 114 18 57 64 50 104 102 5 29 26 82 122 98 24 146 30 124 47 46 115 75 143 103 81 112 60 108 110 131 92 53 87 140 127 109 36 145 63 129 67 123 45 120 72 91 113 73 12 21 74 137 141 118 147 125 68 41 17 52 132 130 15 88 86 136 38 119 23 20 70 1 8 90 3 96 89 148 25 59 65 121 99 55 94 126 135 19 95 76 56 48 101 138 133 34 71 28 111 31 77 40 79 128 93 35 7 13 32 39 11 105 97 33 142 149 27 116 6 66 100 107 80 106 69 4 0 54 2 117 51 9 84 78 14 22 61 42 43 37 134 44 58 144 139 49 85 16 10],498896643,648907980
randomWalk/tai150b,6,659170123,2310848,2310848,1484529900,[108 27 149 131 67 80 16 21 24 11 102 64 59 124 146 34 8 84 126 132 43 62 112 31 52 1 40 120 35 68 98 14 99 130 32 125 19 79 133 97 15 81 94 5 2 147 107 118 71 113 74 46 86 53 65 89 28 17 127 13 63 144 0 70 33 92 38 44 56 139 23 93 37 104 114 100 141 138 54 121 22 36 55 12 90 45 73 105 78 57 58 140 47 3 48 72 129 111 103 82 26 50 136 41 110 148 9 134 7 10 29 117 61 39 101 66 51 4 96 91 60 18 85 119 20 76 109 128 83 88 142 135 145 106 49 77 95 122 25 137 6 143 115 87 30 75 42 116 123 69],[83 62 114 18 57 64 50 104 102 5 29 26 82 122 98 24 146 30 124 47 46 115 75 143 103 81 112 60 108 110 131 92 53 87 140 127 109 36 145 63 129 67 123 45 120 72 91 113 73 12 21 74 137 141 118 147 125 68 41 17 52 132 130 15 88 86 136 38 119 23 20 70 1 8 90 3 96 89 148 25 59 65 121 99 55 94 126 135 19 95 76 56 48 101 138 133 34 71 28 111 31 77 40 79 128 93 35 7 13 32 39 11 105 97 33 142 149 27 116 6 66 100 107 80 106 69 4 0 54 2 117 51 9 84 78 14 22 61 42 43 37 134 44 58 144 139 49 85 16 10],498896643,648907980
heuristic/tai150b,6,620457677,0,0,0,[110 24 46 87 71 16 146 140 144 126 56 85 70 64 35 18 134 98 145 38 11 148 127 105 114 19 45 51 3 49 119 62 122 15 59 149 142 131 4 101 67 128 93 0 129 34 17 109 61 40 147 22 111 69 12 21 90 138 135 94 92 125 76 104 123 41 141 26 136 2 103 39 52 33 60 116 29 113 78 74 27 81 8 65 50 48 89 95 121 53 102 47 75 107 42 112 9 120 63 72 124 99 84 5 77 108 57 30 28 32 73 132 25 86 23 68 96 139 7 88 43 100 130 118 54 83 36 117 66 91 79 14 13 37 97 31 80 143 1 20 137 44 106 133 6 115 55 58 82 10],[83 62 114 18 57 64 50 104 102 5 29 26 82 122 98 24 146 30 124 47 46 115 75 143 103 81 112 60 108 110 131 92 53 87 140 127 109 36 145 63 129 67 123 45 120 72 91 113 73 12 21 74 137 141 118 147 125 68 41 17 52 132 130 15 88 86 136 38 119 23 20 70 1 8 90 3 96 89 148 25 59 65 121 99 55 94 126 135 19 95 76 56 48 101 138 133 34 71 28 111 31 77 40 79 128 93 35 7 13 32 39 11 105 97 33 142 149 27 116 6 66 100 107 80 106 69 4 0 54 2 117 51 9 84 78 14 22 61 42 43 37 134 44 58 144 139 49 85 16 10],498896643,648907980
greedy/tai150b,7,515056454,1470,433166,229603900,[141 77 89 2 38 116 70 15 139 136 16 4 73 144 113 23 39 91 110 6 76 62 138 61 83 85 119 128 44 14 95 3 126 140 79 31 58 30 47 94 133 134 105 27 111 66 88 0 60 48 51 90 147 54 75 1 20 22 63 33 117 49 41 102 78 82 37 149 81 71 120 98 55 7 86 106 146 45 10 43 84 67 53 52 56 87 121 13 132 80 125 8 107 9 21 69 34 42 112 12 104 72 17 115 143 118 96 25 135 64 5 19 100 26 148 59 65 74 57 24 137 101 123 145 99 127 103 93 36 124 108 109 129 40 11 142 131 32 28 130 97 18 35 50 114 122 92 46 29 68],[83 62 114 18 57 64 50 104 102 5 29 26 82 122 98 24 146 30 124 47 46 115 75 143 103 81 112 60 108 110 131 92 53 87 140 127 109 36 145 63 129 67 123 45 120 72 91 113 73 12 21 74 137 141 118 147 125 68 41 17 52 132 130 15 88 86 136 38 119 23 20 70 1 8 90 3 96 89 148 25 59 65 121 99 55 94 126 135 19 95 76 56 48 101 138 133 34 71 28 111 31 77 40 79 128 93 35 7 13 32 39 11 105 97 33 142 149 27 116 6 66 100 107 80 106 69 4 0 54 2 117 51 9 84 78 14 22 61 42 43 37 134 44 58 144 139 49 85 16 10],498896643,647251589
steepest/tai150b,7,514415257,207,2324400,1243274400,[35 32 140 113 39 126 30 65 31 79 144 91 108 18 133 138 134 74 94 3 4 48 15 118 20 85 80 106 64 38 83 42 76 55 0 51 17 117 147 14 52 102 61 137 2 72 135 143 22 9 107 63 100 5 88 33 25 45 124 139 59 62 49 44 26 24 58 96 122 46 99 57 19 56 75 110 70 119 105 136 27 116 23 47 73 1 13 97 87 8 128 6 12 66 125 69 21 90 112 34 148 78 60 120 10 115 50 132 68 16 84 146 43 53 121 104 81 54 29 114 40 131 77 109 67 123 141 93 36 149 103 145 129 92 41 11 142 101 28 127 111 95 71 89 37 7 130 98 82 86],[83 62 114 18 57 64 50 104 102 5 29 26 82 122 98 24 146 30 124 47 46 115 75 143 103 81 112 60 108 110 131 92 53 87 140 127 109 36 145 63 129 67 123 45 120 72 91 113 73 12 21 74 137 141 118 147 125 68 41 17 52 132 130 15 88 86 136 38 119 23 20 70 1 8 90 3 96 89 148 25 59 65 121 99 55 94 126 135 19 95 76 56 48 101 138 133 34 71 28 111 31 77 40 79 128 93 35 7 13 32 39 11 105 97 33 142 149 27 116 6 66 100 107 80 106 69 4 0 54 2 117 51 9 84 78 14 22 61 42 43 37 134 44 58 144 139 49 85 16 10],498896643,647251589
random/tai150b,7,623622453,67918,67918,1480973700,[137 80 58 23 125 145 124 21 64 98 16 85 147 122 118 81 105 33 50 7 128 18 67 143 19 36 35 95 47 138 39 107 17 93 76 131 27 139 22 149 144 51 15 43 83 1 104 3 59 96 75 113 112 89 100 12 5 45 2 92 142 111 37 126 136 90 60 63 101 140 103 133 14 73 127 148 48 42 30 120 77 52 87 146 38 25 34 29 141 72 24 94 97 79 119 106 121 20 132 49 110 8 91 32 135 46 130 11 116 10 55 9 70 114 61 44 41 57 31 84 78 68 74 26 28 88 65 123 54 86 62 108 69 40 115 134 129 13 109 102 71 82 53 99 66 0 117 6 4 56],[83 62 114 18 57 64 50 104 102 5 29 26 82 122 98 24 146 30 124 47 46 115 75 143 103 81 112 60 108 110 131 92 53 87 140 127 109 36 145 63 129 67 123 45 120 72 91 113 73 12 21 74 137 141 118 147 125 68 41 17 52 132 130 15 88 86 136 38 119 23 20 70 1 8 90 3 96 89 148 25 59 65 121 99 55 94 126 135 19 95 76 56 48 101 138 133 34 71 28 111 31 77 40 79 128 93 35 7 13 32 39 11 105 97 33 142 149 27 116 6 66 100 107 80 106 69 4 0 54 2 117 51 9 84 78 14 22 61 42 43 37 134 44 58 144 139 49 85 16 10],498896643,647251589
randomWalk/tai150b,7,647159756,2792259,2792259,1487553400,[51 108 101 15 29 31 21 95 28 99 43 80 67 37 106 11 24 122 104 137 116 60 74 134 105 22 40 26 79 55 111 23 17 92 75 69 27 57 112 88 48 139 50 149 82 32 89 7 100 49 63 120 148 10 56 135 78 52 13 123 117 118 140 103 115 72 91 146 16 128 3 53 97 14 127 142 38 45 90 19 62 30 138 86 144 4 59 0 130 145 131 93 2 34 121 25 125 132 5 96 54 9 58 109 124 8 68 85 73 41 6 113 71 136 147 64 42 102 84 129 76 110 77 98 44 65 39 126 114 66 35 83 12 70 18 143 36 1 81 107 94 20 46 47 87 61 141 119 33 133],[83 62 114 18 57 64 50 104 102 5 29 26 82 122 98 24 146 30 124 47 46 115 75 143 103 81 112 60 108 110 131 92 53 87 140 127 109 36 145 63 129 67 123 45 120 72 91 113 73 12 21 74 137 141 118 147 125 68 41 17 52 132 130 15 88 86 136 38 119 23 20 70 1 8 90 3 96 89 148 25 59 65 121 99 55 94 126 135 19 95 76 56 48 101 138 133 34 71 28 111 31 77 40 79 128 93 35 7 13 32 39 11 105 97 33 142 149 27 116 6 66 100 107 80 106 69 4 0 54 2 117 51 9 84 78 14 22 61 42 43 37 134 44 58 144 139 49 85 16 10],498896643,647251589
heuristic/tai150b,7,620457677,0,0,0,[110 24 46 87 71 16 146 140 144 126 56 85 70 64 35 18 134 98 145 38 11 148 127 105 114 19 45 51 3 49 119 62 122 15 59 149 142 131 4 101 67 128 93 0 129 34 17 109 61 40 147 22 111 69 12 21 90 138 135 94 92 125 76 104 123 41 141 26 136 2 103 39 52 33 60 116 29 113 78 74 27 81 8 65 50 48 89 95 121 53 102 47 75 107 42 112 9 120 63 72 124 99 84 5 77 108 57 30 28 32 73 132 25 86 23 68 96 139 7 88 43 100 130 118 54 83 36 117 66 91 79 14 13 37 97 31 80 143 1 20 137 44 106 133 6 115 55 58 82 10],[83 62 114 18 57 64 50 104 102 5 29 26 82 122 98 24 146 30 124 47 46 115 75 143 103 81 112 60 108 110 131 92 53 87 140 127 109 36 145 63 129 67 123 45 120 72 91 113 73 12 21 74 137 141 118 147 125 68 41 17 52 132 130 15 88 86 136 38 119 23 20 70 1 8 90 3 96 89 148 25 59 65 121 99 55 94 126 135 19 95 76 56 48 101 138 133 34 71 28 111 31 77 40 79 128 93 35 7 13 32 39 11 105 97 33 142 149 27 116 6 66 100 107 80 106 69 4 0 54 2 117 51 9 84 78 14 22 61 42 43 37 134 44 58 144 139 49 85 16 10],498896643,647251589
greedy/tai150b,8,518103254,1290,178351,73595100,[113 79 89 39 47 70 46 6 112 80 140 38 28 31 8 133 116 110 23 61 44 37 119 88 136 85 14 73 95 1 15 101 62 16 2 0 130 22 86 10 139 144 49 124 131 123 51 72 9 129 43 12 40 100 60 21 45 81 30 104 66 94 141 92 135 114 5 132 115 122 107 50 78 29 42 138 64 128 33 120 105 118 82 63 71 145 143 74 19 24 27 98 52 137 20 75 17 117 106 127 69 90 26 91 54 93 146 96 68 56 84 53 99 142 7 41 134 3 55 121 34 11 36 125 149 58 97 103 111 87 13 148 77 67 59 109 4 57 25 147 83 102 32 35 108 76 65 18 126 48],[83 62 114 18 57 64 50 104 102 5 29 26 82 122 98 24 146 30 124 47 46 115 75 143 103 81 112 60 108 110 131 92 53 87 140 127 109 36 145 63 129 67 123 45 120 72 91 113 73 12 21 74 137 141 118 147 125 68 41 17 52 132 130 15 88 86 136 38 119 23 20 70 1 8 90 3 96 89 148 25 59 65 121 99 55 94 126 135 19 95 76 56 48 101 138 133 34 71 28 111 31 77 40 79 128 93 35 7 13 32 39 11 105 97 33 142 149 27 116 6 66 100 107 80 106 69 4 0 54 2 117 51 9 84 78 14 22 61 42 43 37 134 44 58 144 139 49 85 16 10],498896643,643473593
steepest/tai150b,8,517752307,191,2145600,1356237700,[122 50 82 131 81 47 98 95 112 60 71 124 108 46 110 89 70 37 143 62 44 33 9 61 74 85 94 10 136 14 83 69 80 86 130 1 100 19 116 6 8 23 88 42 3 84 120 63 138 107 22 5 51 144 127 72 137 26 25 73 40 12 65 133 21 18 28 58 101 140 148 56 39 11 0 92 30 24 113 141 102 114 132 78 134 104 35 103 64 29 27 146 54 2 147 68 115 106 43 123 75 66 135 129 49 128 16 96 119 121 13 41 20 17 105 117 139 97 7 55 111 91 79 32 149 15 93 76 142 59 118 99 34 109 38 126 4 45 52 90 31 48 77 57 67 36 145 87 53 125],[83 62 114 18 57 64 50 104 102 5 29 26 82 122 98 24 146 30 124 47 46 115 75 143 103 81 112 60 108 110 131 92 53 87 140 127 109 36 145 63 129 67 123 45 120 72 91 113 73 12 21 74 137 141 118 147 125 68 41 17 52 132 130 15 88 86 136 38 119 23 20 70 1 8 90 3 96 89 148 25 59 65 121 99 55 94 126 135 19 95 76 56 48 101 138 133 34 71 28 111 31 77 40 79 128 93 35 7 13 32 39 11 105 97 33 142 149 27 116 6 66 100 107 80 106 69 4 0 54 2 117 51 9 84 78 14 22 61 42 43 37 134 44 58 144 139 49 85 16 10],498896643,643473593
random/tai150b,8,625263342,54470,54470,1485157700,[127 118 149 148 29 62 41 40 39 135 134 74 36 57 101 97 23 73 121 141 81 99 75 0 22 128 37 105 76 102 126 146 58 45 66 103 95 94 14 114 52 47 140 72 54 4 16 137 88 78 145 5 53 51 21 48 26 25 93 112 131 129 92 122 20 106 15 119 125 86 49 89 82 80 63 3 64 83 42 35 2 8 71 55 59 100 130 109 31 91 60 144 123 104 111 1 7 17 27 28 9 87 70 34 116 124 115 77 110 120 96 98 13 10 19 138 139 50 147 133 136 117 12 56 142 69 38 79 108 11 132 6 33 143 32 67 65 85 18 30 107 68 24 84 90 113 44 43 46 61],[83 62 114 18 57 64 50 104 102 5 29 26 82 122 98 24 146 30 124 47 46 115 75 143 103 81 112 60 108 110 131 92 53 87 140 127 109 36 145 63 129 67 123 45 120 72 91 113 73 12 21 74 137 141 118 147 125 68 41 17 52 132 130 15 88 86 136 38 119 23 20 70 1 8 90 3 96 89 148 25 59 65 121 99 55 94 126 135 19 95 76 56 48 101 138 133 34 71 28 111 31 77 40 79 128 93 35 7 13 32 39 11 105 97 33 142 149 27 116 6 66 100 107 80 106 69 4 0 54 2 117 51 9 84 78 14 22 61 42 43 37 134 44 58 144 139 49 85 16 10],498896643,643473593
randomWalk/tai150b,8,641510370,2187896,2187896,1479238400,[72 28 142 90 148 147 119 91 99 87 101 121 141 88 31 70 16 79 103 139 92 59 38 5 135 12 116 3 8 124 53 29 58 118 115 2 104 60 7 39 73 54 68 78 21 23 128 61 129 85 97 14 66 65 71 15 117 45 69 143 82 95 13 140 122 84 9 43 98 83 100 27 81 127 63 56 0 112 25 109 137 62 17 41 11 136 34 6 107 77 113 26 46 40 30 76 146 131 108 94 47 57 93 55 18 144 149 1 42 80 37 19 20 114 24 126 134 36 105 4 130 123 51 96 35 89 138 132 75 10 52 106 49 32 67 74 22 33 110 50 120 48 64 102 133 145 111 86 44 125],[83 62 114 18 57 64 50 104 102 5 29 26 82 122 98 24 146 30 124 47 46 115 75 143 103 81 112 60 108 110 131 92 53 87 140 127 109 36 145 63 129 67 123 45 120 72 91 113 73 12 21 74 137 141 118 147 125 68 41 17 52 132 130 15 88 86 136 38 119 23 20 70 1 8 90 3 96 89 148 25 59 65 121 99 55 94 126 135 19 95 76 56 48 101 138 133 34 71 28 111 31 77 40 79 128 93 35 7 13 32 39 11 105 97 33 142 149 27 116 6 66 100 107 80 106 69 4 0 54 2 117 51 9 84 78 14 22 61 42 43 37 134 44 58 144 139 49 85 16 10],498896643,643473593
heuristic/tai150b,8,620457677,0,0,0,[110 24 46 87 71 16 146 140 144 126 56 85 70 64 35 18 134 98 145 38 11 148 127 105 114 19 45 51 3 49 119 62 122 15 59 149 142 131 4 101 67 128 93 0 129 34 17 109 61 40 147 22 111 69 12 21 90 138 135 94 92 125 76 104 123 41 141 26 136 2 103 39 52 33 60 116 29 113 78 74 27 81 8 65 50 48 89 95 121 53 102 47 75 107 42 112 9 120 63 72 124 99 84 5 77 108 57 30 28 32 73 132 25 86 23 68 96 139 7 88 43 100 130 118 54 83 36 117 66 91 79 14 13 37 97 31 80 143 1 20 137 44 106 133 6 115 55 58 82 10],[83 62 114 18 57 64 50 104 102 5 29 26 82 122 98 24 146 30 124 47 46 115 75 143 103 81 112 60 108 110 131 92 53 87 140 127 109 36 145 63 129 67 123 45 120 72 91 113 73 12 21 74 137 141 118 147 125 68 41 17 52 132 130 15 88 86 136 38 119 23 20 70 1 8 90 3 96 89 148 25 59 65 121 99 55 94 126 135 19 95 76 56 48 101 138 133 34 71 28 111 31 77 40 79 128 93 35 7 13 32 39 11 105 97 33 142 149 27 116 6 66 100 107 80 106 69 4 0 54 2 117 51 9 84 78 14 22 61 42 43 37 134 44 58 144 139 49 85 16 10],498896643,643473593
greedy/tai150b,9,516689115,1496,314324,190530200,[54 134 8 136 15 126 76 128 6 119 85 91 52 4 94 38 65 105 132 74 41 116 0 14 11 73 44 58 39 83 17 61 55 29 51 114 148 50 88 101 110 81 32 36 78 25 109 59 92 93 142 117 147 67 97 135 20 10 35 145 75 66 118 106 103 140 26 72 37 48 63 64 31 46 127 84 96 89 86 22 23 2 144 1 56 121 139 3 47 70 80 16 99 5 40 69 13 9 100 43 42 120 33 90 62 27 98 24 124 146 112 71 95 143 122 102 19 60 108 82 79 77 111 21 113 149 45 133 130 7 125 34 12 107 57 87 28 129 141 138 49 18 123 115 131 104 68 53 30 137],[83 62 114 18 57 64 50 104 102 5 29 26 82 122 98 24 146 30 124 47 46 115 75 143 103 81 112 60 108 110 131 92 53 87 140 127 109 36 145 63 129 67 123 45 120 72 91 113 73 12 21 74 137 141 118 147 125 68 41 17 52 132 130 15 88 86 136 38 119 23 20 70 1 8 90 3 96 89 148 25 59 65 121 99 55 94 126 135 19 95 76 56 48 101 138 133 34 71 28 111 31 77 40 79 128 93 35 7 13 32 39 11 105 97 33 142 149 27 116 6 66 100 107 80 106 69 4 0 54 2 117 51 9 84 78 14 22 61 42 43 37 134 44 58 144 139 49 85 16 10],498896643,660962878
steepest/tai150b,9,518475962,192,2156775,1156554100,[106 87 47 80 23 18 105 96 6 13 8 36 1 128 65 121 38 133 15 142 7 120 12 97 81 93 20 138 33 119 32 74 149 144 147 125 52 58 77 11 42 132 28 129 21 136 66 109 3 69 130 0 111 127 90 63 82 124 48 4 67 143 115 62 75 146 95 53 49 64 135 85 76 44 72 51 55 92 5 94 122 103 29 148 50 39 114 141 41 27 73 35 100 118 99 83 9 71 145 34 91 40 139 25 86 26 57 70 59 134 24 56 37 30 131 104 98 79 16 89 54 2 107 112 45 22 60 78 68 19 117 61 14 43 137 101 88 10 123 84 17 46 108 102 113 31 110 140 126 116],[83 62 114 18 57 64 50 104 102 5 29 26 82 122 98 24 146 30 124 47 46 115 75 143 103 81 112 60 108 110 131 92 53 87 140 127 109 36 145 63 129 67 123 45 120 72 91 113 73 12 21 74 137 141 118 147 125 68 41 17 52 132 130 15 88 86 136 38 119 23 20 70 1 8 90 3 96 89 148 25 59 65 121 99 55 94 126 135 19 95 76 56 48 101 138 133 34 71 28 111 31 77 40 79 128 93 35 7 13 32 39 11 105 97 33 142 149 27 116 6 66 100 107 80 106 69 4 0 54 2 117 51 9 84 78 14 22 61 42 43 37 134 44 58 144 139 49 85 16 10],498896643,660962878
random/tai150b,9,624468636,54682,54682,1481324000,[128 146 77 102 95 138 113 70 84 79 89 76 23 27 98 1 24 104 109 107 51 32 131 56 52 135 149 58 124 141 67 16 31 55 140 2 9 47 144 49 30 75 48 22 39 119 147 117 112 63 37 97 96 136 6 36 59 73 110 46 60 82 64 50 83 81 28 29 21 74 132 130 45 80 106 137 68 92 10 143 108 0 99 62 8 111 94 19 54 13 26 78 133 33 53 93 134 17 126 42 34 35 65 57 114 3 38 14 18 103 125 44 91 87 69 71 88 120 90 4 142 101 61 129 12 127 100 145 115 40 86 5 122 72 85 41 66 15 139 11 105 25 123 148 20 116 121 118 43 7],[83 62 114 18 57 64 50 104 102 5 29 26 82 122 98 24 146 30 124 47 46 115 75 143 103 81 112 60 108 110 131 92 53 87 140 127 109 36 145 63 129 67 123 45 120 72 91 113 73 12 21 74 137 141 118 147 125 68 41 17 52 132 130 15 88 86 136 38 119 23 20 70 1 8 90 3 96 89 148 25 59 65 121 99 55 94 126 135 19 95 76 56 48 101 138 133 34 71 28 111 31 77 40 79 128 93 35 7 13 32 39 11 105 97 33 142 149 27 116 6 66 100 107 80 106 69 4 0 54 2 117 51 9 84 78 14 22 61 42 43 37 134 44 58 144 139 49 85 16 10],498896643,660962878
randomWalk/tai150b,9,648672432,2896834,2896834,1481620900,[34 5 33 145 54 141 146 67 7 58 44 48 90 26 4 131 97 39 14 16 1 79 119 136 124 134 138 13 18 51 27 38 46 8 68 92 10 71 109 57 17 75 115 128 86 6 81 139 108 137 15 56 59 93 83 100 140 65 40 87 22 89 50 11 123 112 127 49 101 94 113 47 80 147 106 82 110 20 70 96 91 72 120 73 76 0 28 122 31 143 107 2 42 129 64 30 105 111 53 142 41 43 118 25 130 52 23 104 144 121 132 99 24 21 66 32 84 36 114 37 35 117 12 3 45 98 19 135 125 9 149 78 60 103 61 62 85 55 88 116 74 69 95 77 29 133 126 63 102 148],[83 62 114 18 57 64 50 104 102 5 29 26 82 122 98 24 146 30 124 47 46 115 75 143 103 81 112 60 108 110 131 92 53 87 140 127 109 36 145 63 129 67 123 45 120 72 91 113 73 12 21 74 137 141 118 147 125 68 41 17 52 132 130 15 88 86 136 38 119 23 20 70 1 8 90 3 96 89 148 25 59 65 121 99 55 94 126 135 19 95 76 56 48 101 138 133 34 71 28 111 31 77 40 79 128 93 35 7 13 32 39 11 105 97 33 142 149 27 116 6 66 100 107 80 106 69 4 0 54 2 117 51 9 84 78 14 22 61 42 43 37 134 44 58 144 139 49 85 16 10],498896643,660962878
heuristic/tai150b,9,620457677,0,0,0,[110 24 46 87 71 16 146 140 144 126 56 85 70 64 35 18 134 98 145 38 11 148 127 105 114 19 45 51 3 49 119 62 122 15 59 149 142 131 4 101 67 128 93 0 129 34 17 109 61 40 147 22 111 69 12 21 90 138 135 94 92 125 76 104 123 41 141 26 136 2 103 39 52 33 60 116 29 113 78 74 27 81 8 65 50 48 89 95 121 53 102 47 75 107 42 112 9 120 63 72 124 99 84 5 77 108 57 30 28 32 73 132 25 86 23 68 96 139 7 88 43 100 130 118 54 83 36 117 66 91 79 14 13 37 97 31 80 143 1 20 137 44 106 133 6 115 55 58 82 10],[83 62 114 18 57 64 50 104 102 5 29 26 82 122 98 24 146 30 124 47 46 115 75 143 103 81 112 60 108 110 131 92 53 87 140 127 109 36 145 63 129 67 123 45 120 72 91 113 73 12 21 74 137 141 118 147 125 68 41 17 52 132 130 15 88 86 136 38 119 23 20 70 1 8 90 3 96 89 148 25 59 65 121 99 55 94 126 135 19 95 76 56 48 101 138 133 34 71 28 111 31 77 40 79 128 93 35 7 13 32 39 11 105 97 33 142 149 27 116 6 66 100 107 80 106 69 4 0 54 2 117 51 9 84 78 14 22 61 42 43 37 134 44 58 144 139 49 85 16 10],498896643,660962878
greedy/tai150b,10,509617562,1701,568057,264859600,[85 76 133 15 31 116 46 70 80 4 140 38 132 89 39 47 6 8 105 67 87 119 20 52 128 16 36 63 13 139 53 12 121 2 34 45 21 123 115 97 84 137 125 142 131 88 93 11 120 117 28 100 147 149 91 9 42 124 138 111 3 118 25 32 79 96 18 27 7 19 130 56 113 35 99 94 50 110 60 136 112 114 29 51 146 81 55 74 41 65 148 126 69 90 23 127 61 129 33 14 1 40 77 75 43 54 30 48 66 64 72 134 86 107 106 104 144 22 10 68 109 58 145 122 0 26 83 95 5 44 49 135 59 143 57 37 62 24 78 92 17 71 102 108 103 141 73 98 82 101],[83 62 114 18 57 64 50 104 102 5 29 26 82 122 98 24 146 30 124 47 46 115 75 143 103 81 112 60 108 110 131 92 53 87 140 127 109 36 145 63 129 67 123 45 120 72 91 113 73 12 21 74 137 141 118 147 125 68 41 17 52 132 130 15 88 86 136 38 119 23 20 70 1 8 90 3 96 89 148 25 59 65 121 99 55 94 126 135 19 95 76 56 48 101 138 133 34 71 28 111 31 77 40 79 128 93 35 7 13 32 39 11 105 97 33 142 149 27 116 6 66 100 107 80 106 69 4 0 54 2 117 51 9 84 78 14 22 61 42 43 37 134 44 58 144 139 49 85 16 10],498896643,642935647
steepest/tai150b,10,514731252,230,2581425,1234277300,[114 73 144 89 49 35 16 70 22 86 56 84 121 96 10 139 2 23 107 130 46 131 99 135 54 68 43 9 123 106 137 59 7 149 6 33 142 25 93 11 116 97 119 34 12 128 67 63 111 88 105 112 127 72 69 5 129 94 148 15 53 79 133 80 91 47 87 38 65 134 125 132 28 8 117 82 140 55 3 37 41 102 50 51 29 98 110 78 95 76 101 126 36 17 60 20 124 13 66 1 40 21 90 75 42 147 30 115 77 81 138 57 100 74 52 104 45 120 26 58 141 31 32 61 27 92 39 143 4 44 62 103 109 14 83 108 85 145 113 0 136 18 19 24 64 48 118 122 146 71],[83 62 114 18 57 64 50 104 102 5 29 26 82 122 98 24 146 30 124 47 46 115 75 143 103 81 112 60 108 110 131 92 53 87 140 127 109 36 145 63 129 67 123 45 120 72 91 113 73 12 21 74 137 141 118 147 125 68 41 17 52 132 130 15 88 86 136 38 119 23 20 70 1 8 90 3 96 89 148 25 59 65 121 99 55 94 126 135 19 95 76 56 48 101 138 133 34 71 28 111 31 77 40 79 128 93 35 7 13 32 39 11 105 97 33 142 149 27 116 6 66 100 107 80 106 69 4 0 54 2 117 51 9 84 78 14 22 61 42 43 37 134 44 58 144 139 49 85 16 10],498896643,642935647
random/tai150b,10,621650058,73980,73980,1479568200,[132 13 48 68 82 44 3 10 11 63 20 57 146 34 58 96 118 92 139 41 55 1 54 78 99 43 7 93 15 36 62 105 95 33 133 119 109 16 37 6 76 64 117 61 67 66 120 116 137 2 130 26 50 21 75 111 40 22 49 90 122 84 149 23 28 106 81 0 141 85 144 102 25 60 124 52 38 8 71 143 53 31 56 100 145 128 103 91 27 39 29 45 107 42 59 113 114 148 17 83 5 123 97 12 131 19 30 88 14 89 18 70 127 32 72 142 98 87 121 129 51 77 104 135 9 110 46 69 134 140 80 136 94 138 108 35 101 24 115 86 147 47 65 73 112 79 74 126 4 125],[83 62 114 18 57 64 50 104 102 5 29 26 82 122 98 24 146 30 124 47 46 115 75 143 103 81 112 60 108 110 131 92 53 87 140 127 109 36 145 63 129 67 123 45 120 72 91 113 73 12 21 74 137 141 118 147 125 68 41 17 52 132 130 15 88 86 136 38 119 23 20 70 1 8 90 3 96 89 148 25 59 65 121 99 55 94 126 135 19 95 76 56 48 101 138 133 34 71 28 111 31 77 40 79 128 93 35 7 13 32 39 11 105 97 33 142 149 27 116 6 66 100 107 80 106 69 4 0 54 2 117 51 9 84 78 14 22 61 42 43 37 134 44 58 144 139 49 85 16 10],498896643,642935647
randomWalk/tai150b,10,638628423,3075119,3075119,1479356500,[27 23 45 71 114 106 49 19 54 2 89 91 61 48 144 108 77 97 65 149 125 79 110 30 105 39 107 100 32 24 116 96 47 146 64 95 87 119 72 145 143 109 148 130 76 12 57 14 92 18 8 115 13 142 103 141 81 59 135 1 51 129 73 123 120 66 124 17 44 38 5 132 50 52 25 140 63 68 9 35 56 128 84 112 139 31 111 3 133 34 10 147 26 6 98 11 83 42 113 75 29 62 7 138 85 58 78 82 60 55 33 136 88 43 131 46 122 94 101 121 21 4 69 137 15 80 74 102 118 99 37 126 28 127 22 40 0 36 70 20 53 86 90 134 93 16 117 104 67 41],[83 62 114 18 57 64 50 104 102 5 29 26 82 122 98 24 146 30 124 47 46 115 75 143 103 81 112 60 108 110 131 92 53 87 140 127 109 36 145 63 129 67 123 45 120 72 91 113 73 12 21 74 137 141 118 147 125 68 41 17 52 132 130 15 88 86 136 38 119 23 20 70 1 8 90 3 96 89 148 25 59 65 121 99 55 94 126 135 19 95 76 56 48 101 138 133 34 71 28 111 31 77 40 79 128 93 35 7 13 32 39 11 105 97 33 142 149 27 116 6 66 100 107 80 106 69 4 0 54 2 117 51 9 84 78 14 22 61 42 43 37 134 44 58 144 139 49 85 16 10],498896643,642935647
heuristic/tai150b,10,620457677,0,0,0,[110 24 46 87 71 16 146 140 144 126 56 85 70 64 35 18 134 98 145 38 11 148 127 105 114 19 45 51 3 49 119 62 122 15 59 149 142 131 4 101 67 128 93 0 129 34 17 109 61 40 147 22 111 69 12 21 90 138 135 94 92 125 76 104 123 41 141 26 136 2 103 39 52 33 60 116 29 113 78 74 27 81 8 65 50 48 89 95 121 53 102 47 75 107 42 112 9 120 63 72 124 99 84 5 77 108 57 30 28 32 73 132 25 86 23 68 96 139 7 88 43 100 130 118 54 83 36 117 66 91 79 14 13 37 97 31 80 143 1 20 137 44 106 133 6 115 55 58 82 10],[83 62 114 18 57 64 50 104 102 5 29 26 82 122 98 24 146 30 124 47 46 115 75 143 103 81 112 60 108 110 131 92 53 87 140 127 109 36 145 63 129 67 123 45 120 72 91 113 73 12 21 74 137 141 118 147 125 68 41 17 52 132 130 15 88 86 136 38 119 23 20 70 1 8 90 3 96 89 148 25 59 65 121 99 55 94 126 135 19 95 76 56 48 101 138 133 34 71 28 111 31 77 40 79 128 93 35 7 13 32 39 11 105 97 33 142 149 27 116 6 66 100 107 80 106 69 4 0 54 2 117 51 9 84 78 14 22 61 42 43 37 134 44 58 144 139 49 85 16 10],498896643,642935647
greedy/tai256c,1,44950652,255,1167078,984833300,[108 158 42 71 146 98 241 163 191 100 182 228 178 254 195 63 111 245 121 85 73 117 169 112 78 93 10 119 167 59 231 13 4 234 239 149 22 161 17 214 248 37 219 32 34 25 54 180 199 141 188 226 192 56 65 202 106 217 144 134 184 39 83 236 19 7 197 51 154 76 28 104 222 30 205 91 251 173 171 68 209 126 156 131 102 45 152 0 243 80 123 129 69 198 9 77 8 88 72 172 90 125 177 181 21 244 204 46 135 224 227 20 157 139 41 142 110 109 82 183 128 187 252 89 218 107 212 113 124 242 23 162 170 55 207 18 151 105 174 194 5 190 67 36 247 81 47 50 24 200 15 215 74 27 186 223 150 160 118 164 43 103 60 86 230 61 232 97 229 99 16 176 213 127 66 147 58 210 44 132 79 35 140 12 153 253 237 255 159 203 84 70 29 206 2 196 114 3 221 33 62 130 48 211 6 49 75 240 235 95 168 87 57 238 31 1 250 136 26 52 208 115 94 133 193 96 120 53 165 220 189 116 38 137 225 175 40 185 14 179 246 138 122 11 166 233 64 92 143 201 216 145 249 155 148 101],[218 108 226 173 171 84 160 192 27 122 203 69 113 196 139 239 40 13 48 152 44 159 47 18 200 101 177 147 10 1 215 99 125 252 132 169 71 91 149 245 103 130 166 211 118 16 179 186 52 142 243 213 23 156 235 54 78 65 135 74 96 35 42 137 190 205 128 30 232 8 222 230 254 88 61 57 249 4 37 6 181 209 82 220 50 105 162 110 76 95 183 240 202 158 150 248 165 176 83 227 46 191 62 60 7 204 70 79 155 219 102 175 199 15 123 24 193 189 25 109 77 94 194 225 29 64 246 229 121 167 120 140 154 31 201 28 161 87 5 234 72 20 231 207 49 141 81 14 68 224 51 98 163 223 80 233 236 182 26 221 151 187 107 168 180 126 117 170 153 55 38 250 206 164 238 104 241 0 148 138 216 92 244 253 39 115 86 134 2 3 75 9 53 85 188 143 100 67 63 217 198 212 145 178 12 19 59 41 174 255 197 157 242 33 36 185 228 34 208 210 56 97 112 32 172 124 17 131 21 43 106 22 66 90 127 73 89 136 116 237 93 111 11 184 114 144 119 129 146 133 45 195 251 214 247 58],44759294,52810162
steepest/tai256c,1,44964390,36,1207680,1219394400,[141 9 58 50 24 61 186 149 112 47 212 243 178 117 195 108 30 53 138 93 217 167 121 111 35 184 56 135 132 147 17 13 245 43 2 164 231 207 173 78 87 169 156 4 182 130 70 143 176 126 188 240 234 190 222 203 115 65 144 214 252 41 83 237 21 6 197 38 171 76 28 104 199 152 97 48 226 161 220 68 209 248 175 239 102 100 90 15 73 80 123 11 72 172 118 77 198 177 136 216 251 228 116 181 10 244 204 46 109 218 227 82 157 139 55 32 110 202 99 183 128 154 69 89 249 122 129 113 124 242 23 162 170 51 192 18 151 105 255 194 5 36 67 88 247 81 64 79 27 200 0 215 74 42 219 223 158 160 125 148 25 103 60 86 22 94 232 98 229 114 16 1 213 127 66 163 75 210 37 134 150 19 140 12 153 253 236 241 159 44 84 54 29 205 34 196 206 3 221 33 62 8 91 211 7 49 59 254 235 95 168 71 57 238 31 142 250 119 26 52 208 224 180 133 193 96 120 20 165 187 189 45 39 137 225 191 40 185 14 179 246 230 107 146 166 233 63 92 174 201 131 145 106 155 85 101],[218 108 226 173 171 84 160 192 27 122 203 69 113 196 139 239 40 13 48 152 44 159 47 18 200 101 177 147 10 1 215 99 125 252 132 169 71 91 149 245 103 130 166 211 118 16 179 186 52 142 243 213 23 156 235 54 78 65 135 74 96 35 42 137 190 205 128 30 232 8 222 230 254 88 61 57 249 4 37 6 181 209 82 220 50 105 162 110 76 95 183 240 202 158 150 248 165 176 83 227 46 191 62 60 7 204 70 79 155 219 102 175 199 15 123 24 193 189 25 109 77 94 194 225 29 64 246 229 121 167 120 140 154 31 201 28 161 87 5 234 72 20 231 207 49 141 81 14 68 224 51 98 163 223 80 233 236 182 26 221 151 187 107 168 180 126 117 170 153 55 38 250 206 164 238 104 241 0 148 138 216 92 244 253 39 115 86 134 2 3 75 9 53 85 188 143 100 67 63 217 198 212 145 178 12 19 59 41 174 255 197 157 242 33 36 185 228 34 208 210 56 97 112 32 172 124 17 131 21 43 106 22 66 90 127 73 89 136 116 237 93 111 11 184 114 144 119 129 146 133 45 195 251 214 247 58],44759294,52810162
random/tai256c,1,49969940,23413,23413,1880126900,[173 123 103 152 48 51 112 37 42 147 9 180 53 47 69 134 232 109 220 212 15 186 245 72 201 161 110 40 28 32 121 252 166 101 44 79 209 183 177 198 10 155 1 61 18 124 231 106 126 90 242 226 255 195 179 66 116 253 119 233 150 125 31 57 59 138 80 39 184 223 208 68 98 167 7 169 55 113 89 234 140 248 189 2 25 175 131 91 197 159 21 145 23 235 160 27 118 12 83 149 81 137 50 247 165 254 199 190 52 71 26 24 154 45 172 156 85 133 93 240 218 210 202 49 11 196 58 211 33 19 168 171 203 200 214 144 229 206 219 87 38 225 65 146 178 107 17 224 96 136 94 241 8 99 246 34 237 141 228 88 249 36 191 70 132 216 207 43 193 104 170 128 174 105 76 77 236 230 54 41 158 151 243 194 3 108 102 95 84 143 181 14 185 100 82 188 22 227 6 63 115 162 60 148 164 20 120 16 62 5 205 74 67 122 244 153 30 0 46 135 56 157 250 221 117 114 176 187 182 75 222 238 73 163 129 13 4 251 92 217 239 213 78 29 215 142 127 192 64 35 130 204 111 139 86 97],[218 108 226 173 171 84 160 192 27 122 203 69 113 196 139 239 40 13 48 152 44 159 47 18 200 101 177 147 10 1 215 99 125 252 132 169 71 91 149 245 103 130 166 211 118 16 179 186 52 142 243 213 23 156 235 54 78 65 135 74 96 35 42 137 190 205 128 30 232 8 222 230 254 88 61 57 249 4 37 6 181 209 82 220 50 105 162 110 76 95 183 240 202 158 150 248 165 176 83 227 46 191 62 60 7 204 70 79 155 219 102 175 199 15 123 24 193 189 25 109 77 94 194 225 29 64 246 229 121 167 120 140 154 31 201 28 161 87 5 234 72 20 231 207 49 141 81 14 68 224 51 98 163 223 80 233 236 182 26 221 151 187 107 168 180 126 117 170 153 55 38 250 206 164 238 104 241 0 148 138 216 92 244 253 39 115 86 134 2 3 75 9 53 85 188 143 100 67 63 217 198 212 145 178 12 19 59 41 174 255 197 157 242 33 36 185 228 34 208 210 56 97 112 32 172 124 17 131 21 43 106 22 66 90 127 73 89 136 116 237 93 111 11 184 114 144 119 129 146 133 45 195 251 214 247 58],44759294,52810162
randomWalk/tai256c,1,54219328,1423393,1423393,1886231800,[232 137 22 107 242 224 154 42 127 192 245 126 208 37 222 226 114 151 225 41 68 110 26 141 133 248 102 179 165 142 69 8 199 99 27 28 54 9 161 185 132 149 67 252 92 246 183 93 131 75 18 201 255 135 139 120 210 150 182 129 81 70 157 45 84 191 53 29 13 220 5 105 50 117 169 147 15 119 1 113 166 138 88 77 16 176 94 19 106 31 209 47 91 213 78 223 152 87 234 231 236 159 39 130 62 160 72 197 171 38 7 4 186 250 80 83 254 167 187 144 123 239 235 180 140 163 6 216 118 156 85 57 33 104 108 100 241 173 43 155 32 211 20 51 253 205 49 229 230 243 82 221 206 101 136 23 121 174 164 56 237 112 203 153 181 63 36 95 219 143 90 195 251 25 228 189 12 98 65 60 227 64 89 238 188 146 212 215 145 74 177 128 11 240 71 55 198 34 204 244 247 162 46 148 207 109 61 52 178 14 97 44 202 21 233 125 2 116 200 40 193 86 158 115 10 134 194 30 66 172 103 122 48 111 35 175 76 170 217 3 184 73 17 96 0 79 196 214 24 190 59 218 249 168 58 124],[218 108 226 173 171 84 160 192 27 122 203 69 113 196 139 239 40 13 48 152 44 159 47 18 200 101 177 147 10 1 215 99 125 252 132 169 71 91 149 245 103 130 166 211 118 16 179 186 52 142 243 213 23 156 235 54 78 65 135 74 96 35 42 137 190 205 128 30 232 8 222 230 254 88 61 57 249 4 37 6 181 209 82 220 50 105 162 110 76 95 183 240 202 158 150 248 165 176 83 227 46 191 62 60 7 204 70 79 155 219 102 175 199 15 123 24 193 189 25 109 77 94 194 225 29 64 246 229 121 167 120 140 154 31 201 28 161 87 5 234 72 20 231 207 49 141 81 14 68 224 51 98 163 223 80 233 236 182 26 221 151 187 107 168 180 126 117 170 153 55 38 250 206 164 238 104 241 0 148 138 216 92 244 253 39 115 86 134 2 3 75 9 53 85 188 143 100 67 63 217 198 212 145 178 12 19 59 41 174 255 197 157 242 33 36 185 228 34 208 210 56 97 112 32 172 124 17 131 21 43 106 22 66 90 127 73 89 136 116 237 93 111 11 184 114 144 119 129 146 133 45 195 251 214 247 58],44759294,52810162
heuristic/tai256c,1,98685678,0,0,0,[192 166 255 254 253 252 251 250 249 248 247 246 245 244 243 242 241 240 239 238 237 236 235 234 233 232 231 230 229 228 227 226 225 224 223 222 221 220 219 218 217 216 215 214 213 212 211 165 210 209 208 207 206 205 204 203 202 201 200 199 198 197 196 167 164 195 194 193 191 190 189 188 187 186 185 184 183 182 181 180 179 178 177 176 175 174 173 172 171 170 169 168 92 93 94 95 96 97 98 99 100 101 102 103 104 105 106 107 108 109 110 111 112 113 114 115 116 117 118 119 120 121 122 123 124 125 63 64 47 129 130 131 132 133 134 135 136 137 138 139 140 141 142 143 144 145 146 147 148 149 150 151 152 153 154 155 156 157 158 159 160 161 162 163 81 128 127 126 91 90 89 88 87 86 85 84 83 82 1 80 79 78 77 76 75 74 73 72 71 70 69 68 0 67 66 65 62 61 60 59 58 57 56 55 54 53 52 51 50 49 48 46 45 44 43 42 41 40 39 38 37 36 35 34 33 32 31 30 29 28 27 26 25 24 23 22 21 20 19 18 17 16 15 14 13 12 11 10 9 8 7 6 5 4 3 2],[218 108 226 173 171 84 160 192 27 122 203 69 113 196 139 239 40 13 48 152 44 159 47 18 200 101 177 147 10 1 215 99 125 252 132 169 71 91 149 245 103 130 166 211 118 16 179 186 52 142 243 213 23 156 235 54 78 65 135 74 96 35 42 137 190 205 128 30 232 8 222 230 254 88 61 57 249 4 37 6 181 209 82 220 50 105 162 110 76 95 183 240 202 158 150 248 165 176 83 227 46 191 62 60 7 204 70 79 155 219 102 175 199 15 123 24 193 189 25 109 77 94 194 225 29 64 246 229 121 167 120 140 154 31 201 28 161 87 5 234 72 20 231 207 49 141 81 14 68 224 51 98 163 223 80 233 236 182 26 221 151 187 107 168 180 126 117 170 153 55 38 250 206 164 238 104 241 0 148 138 216 92 244 253 39 115 86 134 2 3 75 9 53 85 188 143 100 67 63 217 198 212 145 178 12 19 59 41 174 255 197 157 242 33 36 185 228 34 208 210 56 97 112 32 172 124 17 131 21 43 106 22 66 90 127 73 89 136 116 237 93 111 11 184 114 144 119 129 146 133 45 195 251 214 247 58],44759294,52810162
greedy/tai256c,2,44899670,294,1606306,1739934100,[152 62 119 155 84 16 212 128 6 140 205 182 220 99 238 162 48 251 145 200 131 107 58 188 82 195 234 29 96 192 72 127 101 36 227 110 92 47 197 165 19 40 104 173 231 34 180 12 210 214 253 134 137 185 21 224 203 255 10 65 53 170 217 177 75 125 245 175 55 242 1 4 60 113 67 190 116 77 14 167 223 148 87 95 23 248 122 158 89 43 25 70 27 232 9 52 24 246 121 244 46 71 11 208 66 37 109 225 226 5 216 201 41 31 124 73 141 241 147 250 204 83 3 8 206 64 237 213 51 114 108 18 194 15 35 33 181 74 69 2 144 174 103 17 249 143 94 0 88 198 209 93 56 171 219 254 221 207 215 7 129 115 132 42 186 126 100 160 172 22 86 252 236 32 230 120 157 105 179 169 199 20 68 63 28 44 222 176 85 218 57 38 13 138 156 240 239 243 193 229 235 117 98 153 136 79 178 130 97 112 76 159 187 154 78 184 30 80 54 59 139 49 163 149 196 91 142 161 228 168 164 135 39 151 233 45 189 133 123 202 247 150 118 106 211 183 81 146 111 26 90 191 102 61 166 50],[218 108 226 173 171 84 160 192 27 122 203 69 113 196 139 239 40 13 48 152 44 159 47 18 200 101 177 147 10 1 215 99 125 252 132 169 71 91 149 245 103 130 166 211 118 16 179 186 52 142 243 213 23 156 235 54 78 65 135 74 96 35 42 137 190 205 128 30 232 8 222 230 254 88 61 57 249 4 37 6 181 209 82 220 50 105 162 110 76 95 183 240 202 158 150 248 165 176 83 227 46 191 62 60 7 204 70 79 155 219 102 175 199 15 123 24 193 189 25 109 77 94 194 225 29 64 246 229 121 167 120 140 154 31 201 28 161 87 5 234 72 20 231 207 49 141 81 14 68 224 51 98 163 223 80 233 236 182 26 221 151 187 107 168 180 126 117 170 153 55 38 250 206 164 238 104 241 0 148 138 216 92 244 253 39 115 86 134 2 3 75 9 53 85 188 143 100 67 63 217 198 212 145 178 12 19 59 41 174 255 197 157 242 33 36 185 228 34 208 210 56 97 112 32 172 124 17 131 21 43 106 22 66 90 127 73 89 136 116 237 93 111 11 184 114 144 119 129 146 133 45 195 251 214 247 58],44759294,55074252
steepest/tai256c,2,44965548,37,1240320,1218666400,[113 162 128 180 48 139 202 88 215 52 223 225 20 124 22 204 200 228 145 230 236 37 131 141 77 65 134 28 98 192 73 111 101 154 33 116 40 47 197 165 18 119 206 172 194 50 105 11 94 84 253 7 137 250 92 90 182 58 233 187 69 185 211 219 75 126 245 175 55 242 177 238 45 86 67 189 3 148 15 167 25 1 152 80 240 248 122 158 109 43 62 30 72 160 241 34 68 226 163 210 133 10 203 209 66 21 89 136 16 5 140 231 41 14 32 87 170 205 132 79 195 83 229 8 96 212 237 213 51 186 227 19 93 232 36 143 181 74 53 2 144 174 103 17 135 178 6 0 57 198 147 27 56 171 12 254 234 207 199 179 129 115 216 42 24 125 100 222 173 23 70 252 220 38 246 120 157 104 201 249 95 4 110 63 29 44 121 176 85 218 31 46 13 138 156 255 239 243 193 214 235 117 114 153 107 155 108 130 97 112 76 159 188 208 78 184 82 64 54 59 217 49 71 149 196 91 142 161 244 168 164 99 39 151 251 60 190 9 123 169 247 150 118 106 221 183 81 146 127 26 224 191 102 61 166 35],[218 108 226 173 171 84 160 192 27 122 203 69 113 196 139 239 40 13 48 152 44 159 47 18 200 101 177 147 10 1 215 99 125 252 132 169 71 91 149 245 103 130 166 211 118 16 179 186 52 142 243 213 23 156 235 54 78 65 135 74 96 35 42 137 190 205 128 30 232 8 222 230 254 88 61 57 249 4 37 6 181 209 82 220 50 105 162 110 76 95 183 240 202 158 150 248 165 176 83 227 46 191 62 60 7 204 70 79 155 219 102 175 199 15 123 24 193 189 25 109 77 94 194 225 29 64 246 229 121 167 120 140 154 31 201 28 161 87 5 234 72 20 231 207 49 141 81 14 68 224 51 98 163 223 80 233 236 182 26 221 151 187 107 168 180 126 117 170 153 55 38 250 206 164 238 104 241 0 148 138 216 92 244 253 39 115 86 134 2 3 75 9 53 85 188 143 100 67 63 217 198 212 145 178 12 19 59 41 174 255 197 157 242 33 36 185 228 34 208 210 56 97 112 32 172 124 17 131 21 43 106 22 66 90 127 73 89 136 116 237 93 111 11 184 114 144 119 129 146 133 45 195 251 214 247 58],44759294,55074252
random/tai256c,2,49797010,24224,24224,1880661100,[169 72 217 51 178 15 19 43 114 112 53 219 126 52 78 129 240 80 85 44 4 251 237 21 231 225 185 87 197 205 244 157 16 33 182 173 186 253 29 40 133 163 30 118 207 248 152 35 180 119 136 154 179 150 82 208 200 90 141 65 227 230 143 75 241 95 156 116 18 38 41 193 54 23 147 232 6 254 221 108 188 187 92 61 20 176 67 48 140 160 234 71 8 55 79 109 222 175 3 203 22 165 122 100 242 106 191 214 184 37 243 249 196 73 144 96 195 56 212 125 120 168 146 198 101 12 134 132 164 228 183 155 162 39 97 63 210 113 159 202 128 167 24 107 209 13 27 76 145 45 135 245 199 194 220 151 192 117 252 14 181 68 99 170 98 216 215 36 172 83 211 11 103 81 189 60 158 102 127 121 49 34 190 0 171 137 47 25 46 115 77 124 5 204 166 238 17 201 69 94 130 104 62 7 138 31 70 9 66 213 26 233 32 91 93 235 153 148 177 139 111 250 218 2 10 226 28 1 88 247 224 131 59 123 64 142 161 74 84 255 246 50 223 110 58 89 174 105 149 239 229 236 42 86 57 206],[218 108 226 173 171 84 160 192 27 122 203 69 113 196 139 239 40 13 48 152 44 159 47 18 200 101 177 147 10 1 215 99 125 252 132 169 71 91 149 245 103 130 166 211 118 16 179 186 52 142 243 213 23 156 235 54 78 65 135 74 96 35 42 137 190 205 128 30 232 8 222 230 254 88 61 57 249 4 37 6 181 209 82 220 50 105 162 110 76 95 183 240 202 158 150 248 165 176 83 227 46 191 62 60 7 204 70 79 155 219 102 175 199 15 123 24 193 189 25 109 77 94 194 225 29 64 246 229 121 167 120 140 154 31 201 28 161 87 5 234 72 20 231 207 49 141 81 14 68 224 51 98 163 223 80 233 236 182 26 221 151 187 107 168 180 126 117 170 153 55 38 250 206 164 238 104 241 0 148 138 216 92 244 253 39 115 86 134 2 3 75 9 53 85 188 143 100 67 63 217 198 212 145 178 12 19 59 41 174 255 197 157 242 33 36 185 228 34 208 210 56 97 112 32 172 124 17 131 21 43 106 22 66 90 127 73 89 136 116 237 93 111 11 184 114 144 119 129 146 133 45 195 251 214 247 58],44759294,55074252
randomWalk/tai256c,2,55136502,1864156,1864156,1880665100,[199 61 108 9 57 64 212 62 111 125 110 54 25 170 66 215 68 113 138 95 225 2 228 40 60 32 193 214 86 244 44 160 104 96 74 231 92 237 161 188 23 213 93 158 144 150 30 53 35 128 230 26 201 50 189 123 126 198 167 41 180 71 174 103 218 202 29 234 186 236 89 159 155 45 229 196 15 136 235 17 209 121 19 49 97 211 151 226 203 90 112 63 152 146 179 247 11 181 162 56 114 106 124 88 72 205 177 223 238 227 80 102 34 183 77 84 73 176 163 51 240 224 216 69 134 118 122 27 129 241 75 5 249 78 87 0 16 8 52 210 145 100 148 21 1 171 13 184 221 99 55 139 168 149 220 79 127 31 182 43 36 22 156 191 20 204 76 24 81 116 253 185 255 120 165 251 105 70 39 141 140 101 242 187 219 217 153 195 14 197 42 178 207 222 83 154 67 190 137 200 7 94 169 33 166 254 82 248 175 4 164 18 208 47 107 252 239 3 246 6 48 28 250 130 147 232 58 12 194 192 91 233 46 98 115 173 109 133 132 117 157 142 119 206 243 135 65 143 38 37 85 10 131 245 59 172],[218 108 226 173 171 84 160 192 27 122 203 69 113 196 139 239 40 13 48 152 44 159 47 18 200 101 177 147 10 1 215 99 125 252 132 169 71 91 149 245 103 130 166 211 118 16 179 186 52 142 243 213 23 156 235 54 78 65 135 74 96 35 42 137 190 205 128 30 232 8 222 230 254 88 61 57 249 4 37 6 181 209 82 220 50 105 162 110 76 95 183 240 202 158 150 248 165 176 83 227 46 191 62 60 7 204 70 79 155 219 102 175 199 15 123 24 193 189 25 109 77 94 194 225 29 64 246 229 121 167 120 140 154 31 201 28 161 87 5 234 72 20 231 207 49 141 81 14 68 224 51 98 163 223 80 233 236 182 26 221 151 187 107 168 180 126 117 170 153 55 38 250 206 164 238 104 241 0 148 138 216 92 244 253 39 115 86 134 2 3 75 9 53 85 188 143 100 67 63 217 198 212 145 178 12 19 59 41 174 255 197 157 242 33 36 185 228 34 208 210 56 97 112 32 172 124 17 131 21 43 106 22 66 90 127 73 89 136 116 237 93 111 11 184 114 144 119 129 146 133 45 195 251 214 247 58],44759294,55074252
heuristic/tai256c,2,98685678,0,0,0,[192 166 255 254 253 252 251 250 249 248 247 246 245 244 243 242 241 240 239 238 237 236 235 234 233 232 231 230 229 228 227 226 225 224 223 222 221 220 219 218 217 216 215 214 213 212 211 165 210 209 208 207 206 205 204 203 202 201 200 199 198 197 196 167 164 195 194 193 191 190 189 188 187 186 185 184 183 182 181 180 179 178 177 176 175 174 173 172 171 170 169 168 92 93 94 95 96 97 98 99 100 101 102 103 104 105 106 107 108 109 110 111 112 113 114 115 116 117 118 119 120 121 122 123 124 125 63 64 47 129 130 131 132 133 134 135 136 137 138 139 140 141 142 143 144 145 146 147 148 149 150 151 152 153 154 155 156 157 158 159 160 161 162 163 81 128 127 126 91 90 89 88 87 86 85 84 83 82 1 80 79 78 77 76 75 74 73 72 71 70 69 68 0 67 66 65 62 61 60 59 58 57 56 55 54 53 52 51 50 49 48 46 45 44 43 42 41 40 39 38 37 36 35 34 33 32 31 30 29 28 27 26 25 24 23 22 21 20 19 18 17 16 15 14 13 12 11 10 9 8 7 6 5 4 3 2],[218 108 226 173 171 84 160 192 27 122 203 69 113 196 139 239 40 13 48 152 44 159 47 18 200 101 177 147 10 1 215 99 125 252 132 169 71 91 149 245 103 130 166 211 118 16 179 186 52 142 243 213 23 156 235 54 78 65 135 74 96 35 42 137 190 205 128 30 232 8 222 230 254 88 61 57 249 4 37 6 181 209 82 220 50 105 162 110 76 95 183 240 202 158 150 248 165 176 83 227 46 191 62 60 7 204 70 79 155 219 102 175 199 15 123 24 193 189 25 109 77 94 194 225 29 64 246 229 121 167 120 140 154 31 201 28 161 87 5 234 72 20 231 207 49 141 81 14 68 224 51 98 163 223 80 233 236 182 26 221 151 187 107 168 180 126 117 170 153 55 38 250 206 164 238 104 241 0 148 138 216 92 244 253 39 115 86 134 2 3 75 9 53 85 188 143 100 67 63 217 198 212 145 178 12 19 59 41 174 255 197 157 242 33 36 185 228 34 208 210 56 97 112 32 172 124 17 131 21 43 106 22 66 90 127 73 89 136 116 237 93 111 11 184 114 144 119 129 146 133 45 195 251 214 247 58],44759294,55074252
greedy/tai256c,3,44928372,274,1328168,1246545200,[125 252 204 153 77 53 145 214 197 162 30 72 92 170 229 225 210 75 62 23 3 43 218 90 255 65 105 173 180 94 97 58 112 143 242 0 41 190 247 47 140 111 45 34 82 158 84 249 38 227 28 221 13 118 147 48 168 201 51 80 36 138 101 175 123 235 155 70 195 130 223 216 99 55 87 150 132 21 192 244 165 199 17 120 177 238 6 135 10 8 187 182 200 151 116 134 115 15 56 64 174 164 211 54 12 207 250 114 95 67 122 148 7 179 46 219 24 124 44 14 209 88 226 113 18 161 121 171 203 172 176 35 245 254 246 169 156 31 11 149 248 233 144 49 93 42 181 236 159 142 194 81 206 189 61 141 217 178 239 166 89 234 198 215 224 131 96 26 57 59 222 109 163 167 40 107 127 129 100 128 98 104 237 39 117 50 137 251 154 37 213 243 232 185 184 230 29 108 73 66 20 27 69 91 196 205 16 25 241 160 186 202 32 220 110 4 68 193 22 208 33 231 60 78 74 253 136 76 71 9 228 2 79 83 1 240 212 103 102 126 86 188 152 191 5 183 119 63 85 106 139 157 133 19 52 146],[218 108 226 173 171 84 160 192 27 122 203 69 113 196 139 239 40 13 48 152 44 159 47 18 200 101 177 147 10 1 215 99 125 252 132 169 71 91 149 245 103 130 166 211 118 16 179 186 52 142 243 213 23 156 235 54 78 65 135 74 96 35 42 137 190 205 128 30 232 8 222 230 254 88 61 57 249 4 37 6 181 209 82 220 50 105 162 110 76 95 183 240 202 158 150 248 165 176 83 227 46 191 62 60 7 204 70 79 155 219 102 175 199 15 123 24 193 189 25 109 77 94 194 225 29 64 246 229 121 167 120 140 154 31 201 28 161 87 5 234 72 20 231 207 49 141 81 14 68 224 51 98 163 223 80 233 236 182 26 221 151 187 107 168 180 126 117 170 153 55 38 250 206 164 238 104 241 0 148 138 216 92 244 253 39 115 86 134 2 3 75 9 53 85 188 143 100 67 63 217 198 212 145 178 12 19 59 41 174 255 197 157 242 33 36 185 228 34 208 210 56 97 112 32 172 124 17 131 21 43 106 22 66 90 127 73 89 136 116 237 93 111 11 184 114 144 119 129 146 133 45 195 251 214 247 58],44759294,52787510
steepest/tai256c,3,44967966,42,1403520,1200528900,[2 102 5 82 105 214 111 226 212 63 199 229 64 197 168 209 67 90 250 77 205 43 188 72 224 125 137 142 164 94 25 203 144 84 49 241 40 115 38 149 140 162 252 32 7 157 60 151 186 147 28 218 13 11 129 52 134 201 117 223 20 237 233 175 123 220 190 154 195 112 57 216 46 69 87 75 132 243 192 108 15 55 17 120 177 254 246 35 97 248 171 182 158 58 219 99 122 222 56 163 114 54 211 127 62 113 21 10 95 255 161 179 23 180 31 19 139 107 66 14 210 88 106 235 187 172 89 200 80 59 176 51 207 238 6 135 156 150 12 165 128 145 189 34 93 26 181 236 159 173 194 81 126 79 61 141 217 178 239 166 24 234 198 215 225 131 96 42 251 76 221 174 227 167 41 138 8 148 100 231 98 104 103 39 101 50 121 169 116 37 213 244 232 185 44 230 29 92 249 65 36 27 68 109 196 206 16 153 0 160 170 202 30 4 110 124 48 193 22 208 33 247 73 78 74 253 136 91 71 9 228 3 130 83 1 240 18 70 118 143 86 204 152 191 245 183 119 47 85 184 155 45 133 242 53 146],[218 108 226 173 171 84 160 192 27 122 203 69 113 196 139 239 40 13 48 152 44 159 47 18 200 101 177 147 10 1 215 99 125 252 132 169 71 91 149 245 103 130 166 211 118 16 179 186 52 142 243 213 23 156 235 54 78 65 135 74 96 35 42 137 190 205 128 30 232 8 222 230 254 88 61 57 249 4 37 6 181 209 82 220 50 105 162 110 76 95 183 240 202 158 150 248 165 176 83 227 46 191 62 60 7 204 70 79 155 219 102 175 199 15 123 24 193 189 25 109 77 94 194 225 29 64 246 229 121 167 120 140 154 31 201 28 161 87 5 234 72 20 231 207 49 141 81 14 68 224 51 98 163 223 80 233 236 182 26 221 151 187 107 168 180 126 117 170 153 55 38 250 206 164 238 104 241 0 148 138 216 92 244 253 39 115 86 134 2 3 75 9 53 85 188 143 100 67 63 217 198 212 145 178 12 19 59 41 174 255 197 157 242 33 36 185 228 34 208 210 56 97 112 32 172 124 17 131 21 43 106 22 66 90 127 73 89 136 116 237 93 111 11 184 114 144 119 129 146 133 45 195 251 214 247 58],44759294,52787510
random/tai256c,3,49141948,29222,29222,1882415200,[113 77 224 252 150 73 230 223 92 26 38 32 106 167 121 140 87 184 191 250 203 80 69 255 79 13 34 180 209 68 182 192 30 172 254 72 100 122 222 66 110 178 227 214 145 109 161 54 181 173 82 24 152 221 163 75 218 46 127 124 96 17 116 85 164 148 153 236 233 245 51 19 57 244 37 200 158 27 247 197 246 235 138 186 49 44 3 115 102 1 131 16 35 134 52 99 206 228 207 11 55 133 50 111 159 253 251 4 112 39 141 114 239 25 63 216 15 67 129 20 213 248 23 196 198 231 2 212 147 220 237 43 204 123 170 155 59 183 58 179 119 28 9 188 232 125 86 171 166 128 60 187 226 6 45 41 160 53 81 40 93 95 107 139 21 10 36 97 47 194 168 210 238 98 62 165 142 137 84 76 240 154 74 8 120 88 175 146 22 33 199 229 136 169 151 130 149 157 242 117 202 104 241 208 217 174 48 56 243 14 185 90 144 101 108 126 70 211 83 31 5 42 193 0 105 135 12 215 234 162 118 78 219 91 132 201 103 205 71 61 94 195 18 190 156 7 143 64 225 29 177 249 176 89 189 65],[218 108 226 173 171 84 160 192 27 122 203 69 113 196 139 239 40 13 48 152 44 159 47 18 200 101 177 147 10 1 215 99 125 252 132 169 71 91 149 245 103 130 166 211 118 16 179 186 52 142 243 213 23 156 235 54 78 65 135 74 96 35 42 137 190 205 128 30 232 8 222 230 254 88 61 57 249 4 37 6 181 209 82 220 50 105 162 110 76 95 183 240 202 158 150 248 165 176 83 227 46 191 62 60 7 204 70 79 155 219 102 175 199 15 123 24 193 189 25 109 77 94 194 225 29 64 246 229 121 167 120 140 154 31 201 28 161 87 5 234 72 20 231 207 49 141 81 14 68 224 51 98 163 223 80 233 236 182 26 221 151 187 107 168 180 126 117 170 153 55 38 250 206 164 238 104 241 0 148 138 216 92 244 253 39 115 86 134 2 3 75 9 53 85 188 143 100 67 63 217 198 212 145 178 12 19 59 41 174 255 197 157 242 33 36 185 228 34 208 210 56 97 112 32 172 124 17 131 21 43 106 22 66 90 127 73 89 136 116 237 93 111 11 184 114 144 119 129 146 133 45 195 251 214 247 58],44759294,52787510
randomWalk/tai256c,3,54825978,2256812,2256812,1880147400,[55 207 240 189 194 60 85 205 90 138 159 246 110 25 100 52 227 128 178 200 114 9 171 86 233 222 113 232 157 181 231 188 228 122 65 215 3 125 249 190 243 165 247 162 80 74 149 109 170 59 167 15 150 182 186 97 45 175 124 212 141 220 121 191 123 183 71 57 4 173 7 1 176 44 144 147 47 112 111 155 41 211 168 130 161 76 163 22 79 152 218 34 89 6 101 234 219 13 197 250 61 120 106 226 195 193 136 93 17 129 14 198 18 84 78 146 92 192 213 160 236 235 224 244 143 11 115 116 21 64 95 148 12 58 134 119 131 62 81 73 88 32 137 43 102 126 238 223 169 199 217 36 230 177 225 28 216 208 174 166 237 19 75 103 201 105 107 96 91 33 54 29 142 153 38 77 87 214 50 2 39 145 187 206 66 203 53 229 40 31 72 245 132 135 68 69 16 172 156 94 48 35 42 0 5 117 30 63 185 37 49 221 99 253 133 104 158 140 180 254 239 70 202 204 20 82 118 67 248 108 26 24 196 252 98 242 8 23 241 164 27 251 179 10 154 46 51 210 139 151 209 83 184 127 56 255],[218 108 226 173 171 84 160 192 27 122 203 69 113 196 139 239 40 13 48 152 44 159 47 18 200 101 177 147 10 1 215 99 125 252 132 169 71 91 149 245 103 130 166 211 118 16 179 186 52 142 243 213 23 156 235 54 78 65 135 74 96 35 42 137 190 205 128 30 232 8 222 230 254 88 61 57 249 4 37 6 181 209 82 220 50 105 162 110 76 95 183 240 202 158 150 248 165 176 83 227 46 191 62 60 7 204 70 79 155 219 102 175 199 15 123 24 193 189 25 109 77 94 194 225 29 64 246 229 121 167 120 140 154 31 201 28 161 87 5 234 72 20 231 207 49 141 81 14 68 224 51 98 163 223 80 233 236 182 26 221 151 187 107 168 180 126 117 170 153 55 38 250 206 164 238 104 241 0 148 138 216 92 244 253 39 115 86 134 2 3 75 9 53 85 188 143 100 67 63 217 198 212 145 178 12 19 59 41 174 255 197 157 242 33 36 185 228 34 208 210 56 97 112 32 172 124 17 131 21 43 106 22 66 90 127 73 89 136 116 237 93 111 11 184 114 144 119 129 146 133 45 195 251 214 247 58],44759294,52787510
heuristic/tai256c,3,98685678,0,0,670900,[192 166 255 254 253 252 251 250 249 248 247 246 245 244 243 242 241 240 239 238 237 236 235 234 233 232 231 230 229 228 227 226 225 224 223 222 221 220 219 218 217 216 215 214 213 212 211 165 210 209 208 207 206 205 204 203 202 201 200 199 198 197 196 167 164 195 194 193 191 190 189 188 187 186 185 184 183 182 181 180 179 178 177 176 175 174 173 172 171 170 169 168 92 93 94 95 96 97 98 99 100 101 102 103 104 105 106 107 108 109 110 111 112 113 114 115 116 117 118 119 120 121 122 123 124 125 63 64 47 129 130 131 132 133 134 135 136 137 138 139 140 141 142 143 144 145 146 147 148 149 150 151 152 153 154 155 156 157 158 159 160 161 162 163 81 128 127 126 91 90 89 88 87 86 85 84 83 82 1 80 79 78 77 76 75 74 73 72 71 70 69 68 0 67 66 65 62 61 60 59 58 57 56 55 54 53 52 51 50 49 48 46 45 44 43 42 41 40 39 38 37 36 35 34 33 32 31 30 29 28 27 26 25 24 23 22 21 20 19 18 17 16 15 14 13 12 11 10 9 8 7 6 5 4 3 2],[218 108 226 173 171 84 160 192 27 122 203 69 113 196 139 239 40 13 48 152 44 159 47 18 200 101 177 147 10 1 215 99 125 252 132 169 71 91 149 245 103 130 166 211 118 16 179 186 52 142 243 213 23 156 235 54 78 65 135 74 96 35 42 137 190 205 128 30 232 8 222 230 254 88 61 57 249 4 37 6 181 209 82 220 50 105 162 110 76 95 183 240 202 158 150 248 165 176 83 227 46 191 62 60 7 204 70 79 155 219 102 175 199 15 123 24 193 189 25 109 77 94 194 225 29 64 246 229 121 167 120 140 154 31 201 28 161 87 5 234 72 20 231 207 49 141 81 14 68 224 51 98 163 223 80 233 236 182 26 221 151 187 107 168 180 126 117 170 153 55 38 250 206 164 238 104 241 0 148 138 216 92 244 253 39 115 86 134 2 3 75 9 53 85 188 143 100 67 63 217 198 212 145 178 12 19 59 41 174 255 197 157 242 33 36 185 228 34 208 210 56 97 112 32 172 124 17 131 21 43 106 22 66 90 127 73 89 136 116 237 93 111 11 184 114 144 119 129 146 133 45 195 251 214 247 58],44759294,52787510
greedy/tai256c,4,44897642,292,1453674,1236474900,[5 63 203 159 249 2 181 142 161 218 92 226 102 238 68 152 252 49 37 243 232 223 22 122 54 100 75 215 46 140 255 66 61 72 174 220 44 39 10 96 87 95 147 27 185 120 0 198 105 58 167 31 85 189 224 206 178 117 193 125 211 196 24 34 20 155 13 150 230 110 128 164 107 247 235 113 135 98 90 176 51 132 78 17 170 228 81 172 41 130 137 200 138 163 86 180 165 71 69 59 57 148 134 9 171 184 101 158 183 29 146 97 80 74 124 186 118 108 4 192 77 229 25 190 225 84 201 216 251 82 149 89 188 248 129 253 47 103 106 55 254 18 131 177 173 233 114 179 76 126 208 62 234 241 45 1 60 52 112 94 21 70 199 144 236 202 239 227 195 19 23 244 104 3 33 168 109 145 26 156 64 11 151 166 204 143 153 250 205 219 162 246 136 43 32 50 133 197 116 222 169 154 231 6 210 242 240 217 191 141 38 53 187 221 79 42 93 212 207 115 7 214 65 14 15 16 245 91 8 139 182 48 209 111 28 56 119 40 127 194 88 121 160 36 73 99 157 67 213 35 30 83 175 237 123 12],[218 108 226 173 171 84 160 192 27 122 203 69 113 196 139 239 40 13 48 152 44 159 47 18 200 101 177 147 10 1 215 99 125 252 132 169 71 91 149 245 103 130 166 211 118 16 179 186 52 142 243 213 23 156 235 54 78 65 135 74 96 35 42 137 190 205 128 30 232 8 222 230 254 88 61 57 249 4 37 6 181 209 82 220 50 105 162 110 76 95 183 240 202 158 150 248 165 176 83 227 46 191 62 60 7 204 70 79 155 219 102 175 199 15 123 24 193 189 25 109 77 94 194 225 29 64 246 229 121 167 120 140 154 31 201 28 161 87 5 234 72 20 231 207 49 141 81 14 68 224 51 98 163 223 80 233 236 182 26 221 151 187 107 168 180 126 117 170 153 55 38 250 206 164 238 104 241 0 148 138 216 92 244 253 39 115 86 134 2 3 75 9 53 85 188 143 100 67 63 217 198 212 145 178 12 19 59 41 174 255 197 157 242 33 36 185 228 34 208 210 56 97 112 32 172 124 17 131 21 43 106 22 66 90 127 73 89 136 116 237 93 111 11 184 114 144 119 129 146 133 45 195 251 214 247 58],44759294,54442674
steepest/tai256c,4,44941056,47,1566720,1482745800,[180 201 95 59 52 223 66 71 86 110 92 153 42 98 29 250 252 220 244 33 11 206 107 69 54 255 138 214 47 25 3 160 61 141 174 193 44 172 96 127 16 5 150 131 187 135 101 165 124 88 167 14 22 218 241 116 178 146 83 189 229 105 199 248 37 7 197 233 226 231 129 224 78 40 235 120 133 48 90 191 35 184 237 18 170 159 163 155 57 211 103 81 196 87 23 204 85 243 144 117 24 70 119 200 166 254 185 84 72 13 158 192 210 74 106 41 118 17 4 10 77 230 171 190 225 114 227 9 251 38 148 58 188 216 128 164 31 8 123 39 100 34 27 177 173 249 113 99 93 126 208 62 234 75 45 222 60 1 112 94 21 55 91 161 236 202 239 80 149 19 246 228 104 183 64 168 109 145 26 156 63 15 151 132 76 152 137 157 205 219 162 102 136 43 32 50 134 198 28 179 169 154 247 6 0 242 240 217 176 125 20 53 186 221 79 253 232 212 207 142 140 215 65 203 97 147 245 68 130 139 182 82 209 111 2 56 108 181 195 194 89 121 143 36 73 115 46 67 213 51 30 49 175 238 122 12],[218 108 226 173 171 84 160 192 27 122 203 69 113 196 139 239 40 13 48 152 44 159 47 18 200 101 177 147 10 1 215 99 125 252 132 169 71 91 149 245 103 130 166 211 118 16 179 186 52 142 243 213 23 156 235 54 78 65 135 74 96 35 42 137 190 205 128 30 232 8 222 230 254 88 61 57 249 4 37 6 181 209 82 220 50 105 162 110 76 95 183 240 202 158 150 248 165 176 83 227 46 191 62 60 7 204 70 79 155 219 102 175 199 15 123 24 193 189 25 109 77 94 194 225 29 64 246 229 121 167 120 140 154 31 201 28 161 87 5 234 72 20 231 207 49 141 81 14 68 224 51 98 163 223 80 233 236 182 26 221 151 187 107 168 180 126 117 170 153 55 38 250 206 164 238 104 241 0 148 138 216 92 244 253 39 115 86 134 2 3 75 9 53 85 188 143 100 67 63 217 198 212 145 178 12 19 59 41 174 255 197 157 242 33 36 185 228 34 208 210 56 97 112 32 172 124 17 131 21 43 106 22 66 90 127 73 89 136 116 237 93 111 11 184 114 144 119 129 146 133 45 195 251 214 247 58],44759294,54442674
random/tai256c,4,49968418,26553,26553,1882148800,[155 94 198 84 127 55 66 9 38 189 134 191 62 203 122 10 71 76 101 75 41 193 231 236 79 52 39 131 165 152 89 14 199 27 1 123 172 30 32 212 253 234 77 146 168 243 20 115 170 64 220 106 200 157 174 140 36 149 160 254 143 59 25 246 213 48 11 97 54 225 28 68 181 233 7 242 159 195 208 99 124 103 82 245 88 137 109 163 80 110 148 128 206 56 67 23 0 205 49 100 224 211 138 240 187 232 4 188 154 83 255 214 150 12 186 87 126 136 16 35 207 244 132 18 161 201 34 158 215 121 130 73 228 222 250 218 219 142 113 239 40 182 247 70 112 81 57 223 86 129 217 117 3 108 237 119 96 33 251 249 190 13 248 46 37 210 85 118 175 51 50 105 145 53 183 8 173 252 153 169 5 194 2 202 114 65 125 196 197 29 102 235 221 43 133 216 104 90 241 177 19 178 107 78 58 44 204 116 179 98 22 15 26 176 93 69 21 180 141 184 229 185 74 91 144 47 42 166 230 92 156 238 151 45 139 162 227 63 226 167 72 135 95 192 31 17 209 60 147 171 164 6 61 24 120 111],[218 108 226 173 171 84 160 192 27 122 203 69 113 196 139 239 40 13 48 152 44 159 47 18 200 101 177 147 10 1 215 99 125 252 132 169 71 91 149 245 103 130 166 211 118 16 179 186 52 142 243 213 23 156 235 54 78 65 135 74 96 35 42 137 190 205 128 30 232 8 222 230 254 88 61 57 249 4 37 6 181 209 82 220 50 105 162 110 76 95 183 240 202 158 150 248 165 176 83 227 46 191 62 60 7 204 70 79 155 219 102 175 199 15 123 24 193 189 25 109 77 94 194 225 29 64 246 229 121 167 120 140 154 31 201 28 161 87 5 234 72 20 231 207 49 141 81 14 68 224 51 98 163 223 80 233 236 182 26 221 151 187 107 168 180 126 117 170 153 55 38 250 206 164 238 104 241 0 148 138 216 92 244 253 39 115 86 134 2 3 75 9 53 85 188 143 100 67 63 217 198 212 145 178 12 19 59 41 174 255 197 157 242 33 36 185 228 34 208 210 56 97 112 32 172 124 17 131 21 43 106 22 66 90 127 73 89 136 116 237 93 111 11 184 114 144 119 129 146 133 45 195 251 214 247 58],44759294,54442674
randomWalk/tai256c,4,52490802,2158817,2158817,1881512000,[186 80 207 223 243 118 1 241 209 40 249 252 29 69 191 192 251 52 197 151 239 56 238 13 75 7 76 122 125 106 137 61 146 28 124 46 37 15 35 184 88 34 178 90 117 200 205 142 97 194 92 174 104 244 19 138 206 247 185 73 4 81 199 134 57 203 130 159 24 188 168 36 183 109 26 156 136 33 195 179 99 166 214 202 210 54 248 139 165 171 215 145 232 47 5 9 161 164 227 182 158 74 53 78 113 89 22 108 41 196 213 132 221 25 198 173 27 250 240 120 119 44 175 154 131 55 114 84 234 66 83 129 121 143 70 144 20 147 14 112 71 128 187 237 180 3 103 127 169 110 255 31 163 60 95 101 49 116 204 82 91 170 218 8 190 140 21 224 167 153 72 216 253 229 30 225 87 149 50 51 135 123 254 155 65 160 133 235 102 17 242 150 212 58 45 211 126 115 105 62 42 111 85 152 16 11 96 98 79 32 233 189 2 177 219 208 236 39 246 231 107 228 18 193 148 23 201 63 94 141 43 59 0 220 38 67 68 217 162 245 12 226 86 10 48 157 172 181 64 176 100 6 93 230 222 77],[218 108 226 173 171 84 160 192 27 122 203 69 113 196 139 239 40 13 48 152 44 159 47 18 200 101 177 147 10 1 215 99 125 252 132 169 71 91 149 245 103 130 166 211 118 16 179 186 52 142 243 213 23 156 235 54 78 65 135 74 96 35 42 137 190 205 128 30 232 8 222 230 254 88 61 57 249 4 37 6 181 209 82 220 50 105 162 110 76 95 183 240 202 158 150 248 165 176 83 227 46 191 62 60 7 204 70 79 155 219 102 175 199 15 123 24 193 189 25 109 77 94 194 225 29 64 246 229 121 167 120 140 154 31 201 28 161 87 5 234 72 20 231 207 49 141 81 14 68 224 51 98 163 223 80 233 236 182 26 221 151 187 107 168 180 126 117 170 153 55 38 250 206 164 238 104 241 0 148 138 216 92 244 253 39 115 86 134 2 3 75 9 53 85 188 143 100 67 63 217 198 212 145 178 12 19 59 41 174 255 197 157 242 33 36 185 228 34 208 210 56 97 112 32 172 124 17 131 21 43 106 22 66 90 127 73 89 136 116 237 93 111 11 184 114 144 119 129 146 133 45 195 251 214 247 58],44759294,54442674
heuristic/tai256c,4,98685678,0,0,0,[192 166 255 254 253 252 251 250 249 248 247 246 245 244 243 242 241 240 239 238 237 236 235 234 233 232 231 230 229 228 227 226 225 224 223 222 221 220 219 218 217 216 215 214 213 212 211 165 210 209 208 207 206 205 204 203 202 201 200 199 198 197 196 167 164 195 194 193 191 190 189 188 187 186 185 184 183 182 181 180 179 178 177 176 175 174 173 172 171 170 169 168 92 93 94 95 96 97 98 99 100 101 102 103 104 105 106 107 108 109 110 111 112 113 114 115 116 117 118 119 120 121 122 123 124 125 63 64 47 129 130 131 132 133 134 135 136 137 138 139 140 141 142 143 144 145 146 147 148 149 150 151 152 153 154 155 156 157 158 159 160 161 162 163 81 128 127 126 91 90 89 88 87 86 85 84 83 82 1 80 79 78 77 76 75 74 73 72 71 70 69 68 0 67 66 65 62 61 60 59 58 57 56 55 54 53 52 51 50 49 48 46 45 44 43 42 41 40 39 38 37 36 35 34 33 32 31 30 29 28 27 26 25 24 23 22 21 20 19 18 17 16 15 14 13 12 11 10 9 8 7 6 5 4 3 2],[218 108 226 173 171 84 160 192 27 122 203 69 113 196 139 239 40 13 48 152 44 159 47 18 200 101 177 147 10 1 215 99 125 252 132 169 71 91 149 245 103 130 166 211 118 16 179 186 52 142 243 213 23 156 235 54 78 65 135 74 96 35 42 137 190 205 128 30 232 8 222 230 254 88 61 57 249 4 37 6 181 209 82 220 50 105 162 110 76 95 183 240 202 158 150 248 165 176 83 227 46 191 62 60 7 204 70 79 155 219 102 175 199 15 123 24 193 189 25 109 77 94 194 225 29 64 246 229 121 167 120 140 154 31 201 28 161 87 5 234 72 20 231 207 49 141 81 14 68 224 51 98 163 223 80 233 236 182 26 221 151 187 107 168 180 126 117 170 153 55 38 250 206 164 238 104 241 0 148 138 216 92 244 253 39 115 86 134 2 3 75 9 53 85 188 143 100 67 63 217 198 212 145 178 12 19 59 41 174 255 197 157 242 33 36 185 228 34 208 210 56 97 112 32 172 124 17 131 21 43 106 22 66 90 127 73 89 136 116 237 93 111 11 184 114 144 119 129 146 133 45 195 251 214 247 58],44759294,54442674
greedy/tai256c,5,44971816,305,1685200,1578008700,[224 176 108 197 203 68 235 82 170 212 53 71 149 199 111 79 159 106 223 41 201 136 253 20 85 121 209 178 117 206 24 172 94 3 250 229 255 151 47 103 182 56 91 112 218 100 0 246 88 30 74 155 140 157 60 115 123 35 220 77 132 48 164 45 231 195 227 9 65 174 22 146 43 5 33 129 28 11 168 161 97 189 134 216 238 242 50 39 248 153 18 126 55 228 131 200 232 116 114 226 23 81 27 72 254 160 196 237 210 10 204 93 83 191 107 78 15 221 70 230 49 190 175 119 14 2 87 147 133 110 247 241 84 234 58 12 29 61 98 239 225 19 162 137 21 219 188 17 192 46 213 120 180 4 105 127 75 222 51 249 113 185 1 13 233 202 152 104 31 181 145 173 165 169 243 63 245 138 73 54 66 67 89 90 42 96 186 207 211 124 57 179 101 163 154 25 44 194 40 37 215 150 187 92 95 205 184 158 59 32 244 240 166 130 142 109 26 251 118 183 167 217 171 128 99 34 76 69 148 144 236 143 102 141 52 7 208 38 8 36 252 122 80 64 125 193 62 86 6 16 135 198 139 177 214 156],[218 108 226 173 171 84 160 192 27 122 203 69 113 196 139 239 40 13 48 152 44 159 47 18 200 101 177 147 10 1 215 99 125 252 132 169 71 91 149 245 103 130 166 211 118 16 179 186 52 142 243 213 23 156 235 54 78 65 135 74 96 35 42 137 190 205 128 30 232 8 222 230 254 88 61 57 249 4 37 6 181 209 82 220 50 105 162 110 76 95 183 240 202 158 150 248 165 176 83 227 46 191 62 60 7 204 70 79 155 219 102 175 199 15 123 24 193 189 25 109 77 94 194 225 29 64 246 229 121 167 120 140 154 31 201 28 161 87 5 234 72 20 231 207 49 141 81 14 68 224 51 98 163 223 80 233 236 182 26 221 151 187 107 168 180 126 117 170 153 55 38 250 206 164 238 104 241 0 148 138 216 92 244 253 39 115 86 134 2 3 75 9 53 85 188 143 100 67 63 217 198 212 145 178 12 19 59 41 174 255 197 157 242 33 36 185 228 34 208 210 56 97 112 32 172 124 17 131 21 43 106 22 66 90 127 73 89 136 116 237 93 111 11 184 114 144 119 129 146 133 45 195 251 214 247 58],44759294,53081798
steepest/tai256c,5,44949940,48,1599360,1485245100,[213 186 58 123 103 237 239 189 163 218 143 95 86 37 254 82 90 105 15 134 201 120 88 64 192 248 210 129 117 174 24 100 92 10 246 45 172 151 5 222 182 56 177 225 168 17 240 69 233 180 41 30 157 60 27 203 140 35 220 78 112 132 7 97 231 195 227 67 138 191 54 146 251 244 3 109 12 199 165 160 75 155 115 216 63 242 50 39 32 153 20 126 73 11 55 43 236 8 141 190 23 18 57 83 62 161 74 49 194 204 133 93 196 184 128 207 77 205 71 230 4 200 175 119 212 0 87 96 42 46 114 241 99 94 171 28 29 61 98 33 21 208 162 137 235 219 144 84 16 170 226 136 9 2 106 127 229 206 51 249 113 185 1 13 228 202 152 104 31 181 145 173 166 169 243 48 245 19 72 38 66 234 89 154 116 238 224 47 211 107 197 179 102 85 91 25 44 193 40 149 215 150 187 108 80 221 121 158 59 131 14 255 53 130 142 110 26 250 118 183 167 217 188 176 65 34 76 68 148 159 252 147 101 124 52 247 223 164 22 36 253 122 79 81 125 209 232 70 6 111 135 198 139 178 214 156],[218 108 226 173 171 84 160 192 27 122 203 69 113 196 139 239 40 13 48 152 44 159 47 18 200 101 177 147 10 1 215 99 125 252 132 169 71 91 149 245 103 130 166 211 118 16 179 186 52 142 243 213 23 156 235 54 78 65 135 74 96 35 42 137 190 205 128 30 232 8 222 230 254 88 61 57 249 4 37 6 181 209 82 220 50 105 162 110 76 95 183 240 202 158 150 248 165 176 83 227 46 191 62 60 7 204 70 79 155 219 102 175 199 15 123 24 193 189 25 109 77 94 194 225 29 64 246 229 121 167 120 140 154 31 201 28 161 87 5 234 72 20 231 207 49 141 81 14 68 224 51 98 163 223 80 233 236 182 26 221 151 187 107 168 180 126 117 170 153 55 38 250 206 164 238 104 241 0 148 138 216 92 244 253 39 115 86 134 2 3 75 9 53 85 188 143 100 67 63 217 198 212 145 178 12 19 59 41 174 255 197 157 242 33 36 185 228 34 208 210 56 97 112 32 172 124 17 131 21 43 106 22 66 90 127 73 89 136 116 237 93 111 11 184 114 144 119 129 146 133 45 195 251 214 247 58],44759294,53081798
random/tai256c,5,50176156,19996,19996,1881892500,[13 80 46 8 170 145 123 38 158 245 113 213 215 235 148 41 106 43 86 139 250 34 252 19 40 206 45 150 131 28 68 49 211 216 204 134 79 167 99 197 32 218 210 255 76 95 190 187 246 166 97 44 81 75 169 52 247 126 208 85 101 236 26 104 71 152 94 22 198 20 157 50 120 137 194 15 117 163 253 109 172 140 114 143 178 57 16 127 242 238 98 14 227 128 55 186 244 37 103 7 72 209 239 132 73 241 66 171 240 160 6 182 115 12 27 47 231 138 91 233 60 102 124 35 183 220 64 116 251 105 21 77 136 188 69 225 185 9 176 224 83 153 62 254 222 42 2 10 201 119 193 181 110 151 249 232 174 36 159 33 90 74 142 107 89 147 0 118 155 11 219 4 23 18 234 180 108 39 56 54 67 78 146 207 92 135 175 189 196 133 205 96 161 53 199 165 243 156 125 226 30 217 162 237 1 223 192 3 58 202 51 5 122 177 144 88 17 230 141 84 191 65 168 129 149 173 112 229 61 200 48 248 195 203 25 179 111 24 100 121 59 93 214 82 228 31 154 63 221 184 87 70 164 29 130 212],[218 108 226 173 171 84 160 192 27 122 203 69 113 196 139 239 40 13 48 152 44 159 47 18 200 101 177 147 10 1 215 99 125 252 132 169 71 91 149 245 103 130 166 211 118 16 179 186 52 142 243 213 23 156 235 54 78 65 135 74 96 35 42 137 190 205 128 30 232 8 222 230 254 88 61 57 249 4 37 6 181 209 82 220 50 105 162 110 76 95 183 240 202 158 150 248 165 176 83 227 46 191 62 60 7 204 70 79 155 219 102 175 199 15 123 24 193 189 25 109 77 94 194 225 29 64 246 229 121 167 120 140 154 31 201 28 161 87 5 234 72 20 231 207 49 141 81 14 68 224 51 98 163 223 80 233 236 182 26 221 151 187 107 168 180 126 117 170 153 55 38 250 206 164 238 104 241 0 148 138 216 92 244 253 39 115 86 134 2 3 75 9 53 85 188 143 100 67 63 217 198 212 145 178 12 19 59 41 174 255 197 157 242 33 36 185 228 34 208 210 56 97 112 32 172 124 17 131 21 43 106 22 66 90 127 73 89 136 116 237 93 111 11 184 114 144 119 129 146 133 45 195 251 214 247 58],44759294,53081798
randomWalk/tai256c,5,53179052,1528287,1528287,1881352400,[177 140 144 149 232 72 82 235 58 159 88 242 63 3 176 9 160 60 196 181 234 166 187 106 238 127 252 199 153 208 44 49 156 105 118 186 179 183 15 6 137 173 243 17 212 236 8 27 215 38 239 10 129 110 45 146 255 203 22 254 89 83 168 248 221 84 40 99 61 133 23 190 112 13 37 101 250 92 145 206 249 210 90 184 4 131 151 124 28 42 204 117 170 143 120 158 216 70 48 195 26 34 56 91 35 39 87 135 141 225 111 227 194 53 66 93 171 113 189 25 218 157 81 69 95 148 245 231 185 139 47 224 2 98 241 67 207 165 52 100 12 134 125 119 79 24 123 198 188 220 14 68 114 247 163 136 16 5 103 94 41 104 62 126 64 80 172 191 130 76 251 167 31 74 202 19 75 33 192 209 169 228 55 1 77 43 46 152 154 65 200 11 108 96 132 246 73 122 147 0 237 213 229 197 222 233 85 30 240 214 138 180 182 244 211 18 7 217 57 71 109 97 54 50 51 253 59 32 21 164 150 162 193 128 121 205 161 116 102 178 155 142 115 230 36 20 219 86 78 174 107 29 201 175 223 226],[218 108 226 173 171 84 160 192 27 122 203 69 113 196 139 239 40 13 48 152 44 159 47 18 200 101 177 147 10 1 215 99 125 252 132 169 71 91 149 245 103 130 166 211 118 16 179 186 52 142 243 213 23 156 235 54 78 65 135 74 96 35 42 137 190 205 128 30 232 8 222 230 254 88 61 57 249 4 37 6 181 209 82 220 50 105 162 110 76 95 183 240 202 158 150 248 165 176 83 227 46 191 62 60 7 204 70 79 155 219 102 175 199 15 123 24 193 189 25 109 77 94 194 225 29 64 246 229 121 167 120 140 154 31 201 28 161 87 5 234 72 20 231 207 49 141 81 14 68 224 51 98 163 223 80 233 236 182 26 221 151 187 107 168 180 126 117 170 153 55 38 250 206 164 238 104 241 0 148 138 216 92 244 253 39 115 86 134 2 3 75 9 53 85 188 143 100 67 63 217 198 212 145 178 12 19 59 41 174 255 197 157 242 33 36 185 228 34 208 210 56 97 112 32 172 124 17 131 21 43 106 22 66 90 127 73 89 136 116 237 93 111 11 184 114 144 119 129 146 133 45 195 251 214 247 58],44759294,53081798
heuristic/tai256c,5,98685678,0,0,0,[192 166 255 254 253 252 251 250 249 248 247 246 245 244 243 242 241 240 239 238 237 236 235 234 233 232 231 230 229 228 227 226 225 224 223 222 221 220 219 218 217 216 215 214 213 212 211 165 210 209 208 207 206 205 204 203 202 201 200 199 198 197 196 167 164 195 194 193 191 190 189 188 187 186 185 184 183 182 181 180 179 178 177 176 175 174 173 172 171 170 169 168 92 93 94 95 96 97 98 99 100 101 102 103 104 105 106 107 108 109 110 111 112 113 114 115 116 117 118 119 120 121 122 123 124 125 63 64 47 129 130 131 132 133 134 135 136 137 138 139 140 141 142 143 144 145 146 147 148 149 150 151 152 153 154 155 156 157 158 159 160 161 162 163 81 128 127 126 91 90 89 88 87 86 85 84 83 82 1 80 79 78 77 76 75 74 73 72 71 70 69 68 0 67 66 65 62 61 60 59 58 57 56 55 54 53 52 51 50 49 48 46 45 44 43 42 41 40 39 38 37 36 35 34 33 32 31 30 29 28 27 26 25 24 23 22 21 20 19 18 17 16 15 14 13 12 11 10 9 8 7 6 5 4 3 2],[218 108 226 173 171 84 160 192 27 122 203 69 113 196 139 239 40 13 48 152 44 159 47 18 200 101 177 147 10 1 215 99 125 252 132 169 71 91 149 245 103 130 166 211 118 16 179 186 52 142 243 213 23 156 235 54 78 65 135 74 96 35 42 137 190 205 128 30 232 8 222 230 254 88 61 57 249 4 37 6 181 209 82 220 50 105 162 110 76 95 183 240 202 158 150 248 165 176 83 227 46 191 62 60 7 204 70 79 155 219 102 175 199 15 123 24 193 189 25 109 77 94 194 225 29 64 246 229 121 167 120 140 154 31 201 28 161 87 5 234 72 20 231 207 49 141 81 14 68 224 51 98 163 223 80 233 236 182 26 221 151 187 107 168 180 126 117 170 153 55 38 250 206 164 238 104 241 0 148 138 216 92 244 253 39 115 86 134 2 3 75 9 53 85 188 143 100 67 63 217 198 212 145 178 12 19 59 41 174 255 197 157 242 33 36 185 228 34 208 210 56 97 112 32 172 124 17 131 21 43 106 22 66 90 127 73 89 136 116 237 93 111 11 184 114 144 119 129 146 133 45 195 251 214 247 58],44759294,53081798
greedy/tai256c,6,44887860,303,1782267,2075093300,[222 236 249 140 244 14 148 134 119 57 146 88 247 136 212 127 187 153 90 27 75 138 8 163 117 100 239 208 217 142 92 175 113 25 157 77 2 131 161 123 86 207 52 45 69 190 151 31 193 96 62 37 54 22 34 105 64 49 253 227 219 172 185 183 144 19 234 204 12 241 95 180 251 42 197 71 98 83 230 170 215 178 210 200 166 60 66 5 40 32 109 0 199 195 182 80 16 46 82 143 1 159 79 145 70 38 4 137 53 214 211 164 111 194 47 147 106 152 93 15 139 55 91 158 245 58 118 246 125 122 167 61 133 132 39 224 84 252 78 235 128 23 28 94 165 50 120 232 101 171 110 59 26 103 102 36 65 112 186 116 130 198 18 13 126 233 17 114 35 104 44 76 221 255 177 29 202 173 231 41 220 9 223 68 87 67 107 154 73 115 21 43 124 169 179 81 74 250 20 191 11 89 205 156 162 240 160 248 3 24 56 225 226 184 108 203 229 155 201 213 33 85 141 216 63 218 174 242 192 168 129 149 48 209 72 7 99 6 135 243 254 206 121 228 10 181 51 196 189 188 238 97 176 237 150 30],[218 108 226 173 171 84 160 192 27 122 203 69 113 196 139 239 40 13 48 152 44 159 47 18 200 101 177 147 10 1 215 99 125 252 132 169 71 91 149 245 103 130 166 211 118 16 179 186 52 142 243 213 23 156 235 54 78 65 135 74 96 35 42 137 190 205 128 30 232 8 222 230 254 88 61 57 249 4 37 6 181 209 82 220 50 105 162 110 76 95 183 240 202 158 150 248 165 176 83 227 46 191 62 60 7 204 70 79 155 219 102 175 199 15 123 24 193 189 25 109 77 94 194 225 29 64 246 229 121 167 120 140 154 31 201 28 161 87 5 234 72 20 231 207 49 141 81 14 68 224 51 98 163 223 80 233 236 182 26 221 151 187 107 168 180 126 117 170 153 55 38 250 206 164 238 104 241 0 148 138 216 92 244 253 39 115 86 134 2 3 75 9 53 85 188 143 100 67 63 217 198 212 145 178 12 19 59 41 174 255 197 157 242 33 36 185 228 34 208 210 56 97 112 32 172 124 17 131 21 43 106 22 66 90 127 73 89 136 116 237 93 111 11 184 114 144 119 129 146 133 45 195 251 214 247 58],44759294,55288030
steepest/tai256c,6,44901204,46,1534080,1798898200,[35 166 212 60 26 111 13 62 160 58 98 126 16 136 134 159 204 174 217 242 43 7 73 104 132 115 206 192 234 162 139 128 209 83 157 92 20 147 124 107 254 18 56 154 69 130 45 169 80 177 1 37 49 246 77 121 237 249 15 227 39 5 90 183 244 52 171 189 113 151 197 180 195 24 219 71 252 119 231 186 86 224 11 200 79 101 66 149 214 47 109 223 95 105 225 8 211 240 216 4 207 102 64 202 172 38 29 117 239 153 229 191 230 12 91 131 106 114 40 81 235 88 253 158 245 96 118 6 110 122 167 61 133 137 54 194 222 221 78 10 175 23 28 94 165 50 120 232 84 100 250 59 75 148 42 36 93 112 170 116 145 185 33 46 142 182 238 140 34 53 44 76 127 255 161 30 233 173 19 41 220 25 0 68 87 67 123 138 57 146 21 27 125 103 179 176 74 248 3 155 143 89 188 156 178 9 82 247 2 152 199 241 226 184 108 203 144 228 201 213 55 85 141 215 63 218 190 17 208 168 129 164 48 210 72 163 99 22 135 243 14 198 251 32 65 181 51 196 205 187 70 97 193 236 150 31],[218 108 226 173 171 84 160 192 27 122 203 69 113 196 139 239 40 13 48 152 44 159 47 18 200 101 177 147 10 1 215 99 125 252 132 169 71 91 149 245 103 130 166 211 118 16 179 186 52 142 243 213 23 156 235 54 78 65 135 74 96 35 42 137 190 205 128 30 232 8 222 230 254 88 61 57 249 4 37 6 181 209 82 220 50 105 162 110 76 95 183 240 202 158 150 248 165 176 83 227 46 191 62 60 7 204 70 79 155 219 102 175 199 15 123 24 193 189 25 109 77 94 194 225 29 64 246 229 121 167 120 140 154 31 201 28 161 87 5 234 72 20 231 207 49 141 81 14 68 224 51 98 163 223 80 233 236 182 26 221 151 187 107 168 180 126 117 170 153 55 38 250 206 164 238 104 241 0 148 138 216 92 244 253 39 115 86 134 2 3 75 9 53 85 188 143 100 67 63 217 198 212 145 178 12 19 59 41 174 255 197 157 242 33 36 185 228 34 208 210 56 97 112 32 172 124 17 131 21 43 106 22 66 90 127 73 89 136 116 237 93 111 11 184 114 144 119 129 146 133 45 195 251 214 247 58],44759294,55288030
random/tai256c,6,49693254,33193,33193,1880239100,[133 195 217 229 139 98 60 83 173 39 61 237 157 129 236 100 104 63 186 200 219 69 209 155 8 191 17 109 15 94 192 201 43 97 72 234 19 130 188 80 40 149 120 23 134 247 198 168 3 147 68 205 110 48 50 124 45 144 13 22 163 223 178 148 210 122 141 233 65 57 106 75 232 253 113 32 127 53 119 212 151 10 101 107 160 20 208 255 243 159 71 199 235 240 218 241 37 142 86 16 197 156 88 108 143 30 150 25 70 231 105 27 166 81 41 59 117 102 93 79 224 245 52 161 28 12 11 185 111 85 1 172 171 140 179 177 21 74 5 182 9 73 154 76 206 78 153 99 42 158 170 225 194 14 146 31 2 7 35 249 176 189 230 82 38 87 125 103 54 116 26 92 29 138 169 222 252 24 238 118 244 196 91 62 167 213 204 165 95 0 250 66 220 184 181 174 77 51 254 67 84 135 162 175 137 112 215 131 228 221 216 128 18 55 239 6 145 64 46 121 33 190 214 115 180 242 187 89 193 152 207 132 226 47 56 202 34 126 248 203 4 183 246 58 90 44 227 123 164 136 96 114 49 211 251 36],[218 108 226 173 171 84 160 192 27 122 203 69 113 196 139 239 40 13 48 152 44 159 47 18 200 101 177 147 10 1 215 99 125 252 132 169 71 91 149 245 103 130 166 211 118 16 179 186 52 142 243 213 23 156 235 54 78 65 135 74 96 35 42 137 190 205 128 30 232 8 222 230 254 88 61 57 249 4 37 6 181 209 82 220 50 105 162 110 76 95 183 240 202 158 150 248 165 176 83 227 46 191 62 60 7 204 70 79 155 219 102 175 199 15 123 24 193 189 25 109 77 94 194 225 29 64 246 229 121 167 120 140 154 31 201 28 161 87 5 234 72 20 231 207 49 141 81 14 68 224 51 98 163 223 80 233 236 182 26 221 151 187 107 168 180 126 117 170 153 55 38 250 206 164 238 104 241 0 148 138 216 92 244 253 39 115 86 134 2 3 75 9 53 85 188 143 100 67 63 217 198 212 145 178 12 19 59 41 174 255 197 157 242 33 36 185 228 34 208 210 56 97 112 32 172 124 17 131 21 43 106 22 66 90 127 73 89 136 116 237 93 111 11 184 114 144 119 129 146 133 45 195 251 214 247 58],44759294,55288030
randomWalk/tai256c,6,56208636,2228560,2228560,1884189500,[31 4 37 23 245 239 34 117 246 74 136 168 151 253 46 92 160 192 174 79 90 188 217 139 207 198 215 197 248 161 144 167 155 208 54 251 131 76 240 173 209 152 233 80 91 142 89 220 156 171 28 191 75 180 178 15 250 42 5 237 129 71 218 70 108 213 111 16 175 228 11 38 0 206 146 252 20 30 254 14 205 128 219 236 103 107 72 22 25 137 57 118 43 52 115 163 185 195 104 59 182 211 210 35 82 126 247 243 26 33 66 106 153 7 162 102 64 145 154 232 123 177 203 51 135 61 78 199 133 36 186 138 164 67 184 212 187 8 122 109 21 189 143 29 13 97 181 132 116 121 48 255 2 1 53 172 158 85 242 101 165 149 183 60 105 226 49 100 119 19 141 229 114 169 93 45 73 176 214 44 157 87 58 62 234 55 112 95 231 3 159 202 47 10 204 225 94 140 244 150 147 200 235 227 41 69 223 17 120 166 134 18 96 170 194 56 238 110 190 113 39 179 216 193 224 127 40 230 98 27 12 124 9 86 88 83 249 222 63 6 32 148 84 130 50 201 125 24 99 65 221 81 196 68 241 77],[218 108 226 173 171 84 160 192 27 122 203 69 113 196 139 239 40 13 48 152 44 159 47 18 200 101 177 147 10 1 215 99 125 252 132 169 71 91 149 245 103 130 166 211 118 16 179 186 52 142 243 213 23 156 235 54 78 65 135 74 96 35 42 137 190 205 128 30 232 8 222 230 254 88 61 57 249 4 37 6 181 209 82 220 50 105 162 110 76 95 183 240 202 158 150 248 165 176 83 227 46 191 62 60 7 204 70 79 155 219 102 175 199 15 123 24 193 189 25 109 77 94 194 225 29 64 246 229 121 167 120 140 154 31 201 28 161 87 5 234 72 20 231 207 49 141 81 14 68 224 51 98 163 223 80 233 236 182 26 221 151 187 107 168 180 126 117 170 153 55 38 250 206 164 238 104 241 0 148 138 216 92 244 253 39 115 86 134 2 3 75 9 53 85 188 143 100 67 63 217 198 212 145 178 12 19 59 41 174 255 197 157 242 33 36 185 228 34 208 210 56 97 112 32 172 124 17 131 21 43 106 22 66 90 127 73 89 136 116 237 93 111 11 184 114 144 119 129 146 133 45 195 251 214 247 58],44759294,55288030
heuristic/tai256c,6,98685678,0,0,0,[192 166 255 254 253 252 251 250 249 248 247 246 245 244 243 242 241 240 239 238 237 236 235 234 233 232 231 230 229 228 227 226 225 224 223 222 221 220 219 218 217 216 215 214 213 212 211 165 210 209 208 207 206 205 204 203 202 201 200 199 198 197 196 167 164 195 194 193 191 190 189 188 187 186 185 184 183 182 181 180 179 178 177 176 175 174 173 172 171 170 169 168 92 93 94 95 96 97 98 99 100 101 102 103 104 105 106 107 108 109 110 111 112 113 114 115 116 117 118 119 120 121 122 123 124 125 63 64 47 129 130 131 132 133 134 135 136 137 138 139 140 141 142 143 144 145 146 147 148 149 150 151 152 153 154 155 156 157 158 159 160 161 162 163 81 128 127 126 91 90 89 88 87 86 85 84 83 82 1 80 79 78 77 76 75 74 73 72 71 70 69 68 0 67 66 65 62 61 60 59 58 57 56 55 54 53 52 51 50 49 48 46 45 44 43 42 41 40 39 38 37 36 35 34 33 32 31 30 29 28 27 26 25 24 23 22 21 20 19 18 17 16 15 14 13 12 11 10 9 8 7 6 5 4 3 2],[218 108 226 173 171 84 160 192 27 122 203 69 113 196 139 239 40 13 48 152 44 159 47 18 200 101 177 147 10 1 215 99 125 252 132 169 71 91 149 245 103 130 166 211 118 16 179 186 52 142 243 213 23 156 235 54 78 65 135 74 96 35 42 137 190 205 128 30 232 8 222 230 254 88 61 57 249 4 37 6 181 209 82 220 50 105 162 110 76 95 183 240 202 158 150 248 165 176 83 227 46 191 62 60 7 204 70 79 155 219 102 175 199 15 123 24 193 189 25 109 77 94 194 225 29 64 246 229 121 167 120 140 154 31 201 28 161 87 5 234 72 20 231 207 49 141 81 14 68 224 51 98 163 223 80 233 236 182 26 221 151 187 107 168 180 126 117 170 153 55 38 250 206 164 238 104 241 0 148 138 216 92 244 253 39 115 86 134 2 3 75 9 53 85 188 143 100 67 63 217 198 212 145 178 12 19 59 41 174 255 197 157 242 33 36 185 228 34 208 210 56 97 112 32 172 124 17 131 21 43 106 22 66 90 127 73 89 136 116 237 93 111 11 184 114 144 119 129 146 133 45 195 251 214 247 58],44759294,55288030
greedy/tai256c,7,44998962,275,1275145,1174645200,[142 56 41 21 27 71 84 161 69 227 172 233 62 36 182 210 89 67 163 50 86 157 104 4 2 65 254 169 251 246 95 241 45 237 19 139 205 58 12 154 178 218 148 222 191 121 108 77 24 201 150 130 187 118 115 113 229 239 184 180 125 212 136 133 208 220 193 101 10 199 39 174 48 0 159 54 197 91 98 128 110 60 7 248 47 167 216 30 96 106 231 17 238 117 196 124 132 190 8 194 209 253 134 38 153 99 107 192 221 3 92 219 126 170 37 215 80 53 168 29 173 105 23 232 59 18 183 243 188 152 250 185 40 42 79 206 242 74 252 26 217 85 223 6 249 75 177 119 64 179 244 143 33 35 236 141 16 44 81 112 76 175 131 46 34 78 147 111 146 230 109 83 164 255 88 1 87 20 68 207 213 224 181 100 176 189 94 31 245 11 72 70 120 171 103 198 240 135 66 144 140 158 25 43 15 195 114 123 186 93 149 82 73 225 234 226 55 228 49 14 162 166 156 200 138 52 247 63 127 137 90 102 22 57 61 32 155 129 211 204 151 116 214 51 97 28 122 13 202 165 9 160 203 235 5 145],[218 108 226 173 171 84 160 192 27 122 203 69 113 196 139 239 40 13 48 152 44 159 47 18 200 101 177 147 10 1 215 99 125 252 132 169 71 91 149 245 103 130 166 211 118 16 179 186 52 142 243 213 23 156 235 54 78 65 135 74 96 35 42 137 190 205 128 30 232 8 222 230 254 88 61 57 249 4 37 6 181 209 82 220 50 105 162 110 76 95 183 240 202 158 150 248 165 176 83 227 46 191 62 60 7 204 70 79 155 219 102 175 199 15 123 24 193 189 25 109 77 94 194 225 29 64 246 229 121 167 120 140 154 31 201 28 161 87 5 234 72 20 231 207 49 141 81 14 68 224 51 98 163 223 80 233 236 182 26 221 151 187 107 168 180 126 117 170 153 55 38 250 206 164 238 104 241 0 148 138 216 92 244 253 39 115 86 134 2 3 75 9 53 85 188 143 100 67 63 217 198 212 145 178 12 19 59 41 174 255 197 157 242 33 36 185 228 34 208 210 56 97 112 32 172 124 17 131 21 43 106 22 66 90 127 73 89 136 116 237 93 111 11 184 114 144 119 129 146 133 45 195 251 214 247 58],44759294,53092346
steepest/tai256c,7,44980430,47,1566720,1545068400,[86 141 131 74 252 104 153 139 47 124 68 237 62 215 192 179 233 50 160 21 121 0 40 57 136 65 245 226 241 8 95 93 45 27 19 181 189 42 110 170 177 218 164 222 239 2 156 166 230 113 146 71 116 127 204 98 235 151 168 209 201 212 254 133 25 191 128 107 83 89 38 174 48 30 243 53 198 76 118 250 159 59 6 36 194 187 183 13 96 101 247 33 85 253 10 132 193 154 229 58 135 251 134 7 150 99 225 208 221 17 37 219 119 169 1 216 80 54 184 23 157 249 105 232 60 18 197 242 188 163 16 185 15 108 79 206 227 103 220 196 217 69 223 73 24 214 178 102 64 195 4 143 34 248 236 173 155 44 81 112 90 175 12 46 51 78 147 111 186 246 109 82 148 255 88 26 72 20 52 207 213 240 84 117 176 205 94 31 190 11 130 70 120 171 29 199 115 152 66 144 140 158 41 43 165 145 114 123 202 77 149 142 75 244 234 211 55 228 49 14 56 167 3 200 138 5 231 63 126 137 91 87 22 106 61 32 180 129 210 238 224 100 162 67 97 92 122 28 125 182 9 161 203 39 35 172],[218 108 226 173 171 84 160 192 27 122 203 69 113 196 139 239 40 13 48 152 44 159 47 18 200 101 177 147 10 1 215 99 125 252 132 169 71 91 149 245 103 130 166 211 118 16 179 186 52 142 243 213 23 156 235 54 78 65 135 74 96 35 42 137 190 205 128 30 232 8 222 230 254 88 61 57 249 4 37 6 181 209 82 220 50 105 162 110 76 95 183 240 202 158 150 248 165 176 83 227 46 191 62 60 7 204 70 79 155 219 102 175 199 15 123 24 193 189 25 109 77 94 194 225 29 64 246 229 121 167 120 140 154 31 201 28 161 87 5 234 72 20 231 207 49 141 81 14 68 224 51 98 163 223 80 233 236 182 26 221 151 187 107 168 180 126 117 170 153 55 38 250 206 164 238 104 241 0 148 138 216 92 244 253 39 115 86 134 2 3 75 9 53 85 188 143 100 67 63 217 198 212 145 178 12 19 59 41 174 255 197 157 242 33 36 185 228 34 208 210 56 97 112 32 172 124 17 131 21 43 106 22 66 90 127 73 89 136 116 237 93 111 11 184 114 144 119 129 146 133 45 195 251 214 247 58],44759294,53092346
random/tai256c,7,49612306,31568,31568,1881401100,[53 145 251 24 2 161 108 176 225 65 121 95 139 52 111 182 137 246 104 157 222 116 114 13 230 229 9 73 35 22 119 166 71 211 219 66 32 33 193 77 170 26 221 197 31 132 41 125 42 186 188 97 122 151 18 128 163 174 8 28 213 50 6 198 38 115 45 84 189 209 91 201 215 142 243 207 239 187 58 149 148 98 183 15 254 4 60 78 83 7 118 218 191 69 235 255 202 205 86 138 130 179 252 10 177 100 231 96 81 16 203 39 21 88 87 64 110 184 134 164 181 227 90 70 162 5 220 30 223 135 155 93 232 102 112 199 55 57 233 48 85 106 40 120 37 61 59 76 226 175 44 224 169 217 103 34 234 250 63 80 147 228 25 3 172 36 216 152 143 20 72 158 99 74 185 101 107 12 126 129 136 11 173 165 1 210 133 27 241 141 167 180 127 206 49 154 75 146 43 82 17 140 153 67 68 194 159 237 109 23 212 200 54 236 144 190 19 208 244 117 238 105 131 51 29 113 89 124 214 171 79 240 196 0 14 150 245 156 192 94 195 92 248 242 178 204 168 46 247 249 123 56 62 47 160 253],[218 108 226 173 171 84 160 192 27 122 203 69 113 196 139 239 40 13 48 152 44 159 47 18 200 101 177 147 10 1 215 99 125 252 132 169 71 91 149 245 103 130 166 211 118 16 179 186 52 142 243 213 23 156 235 54 78 65 135 74 96 35 42 137 190 205 128 30 232 8 222 230 254 88 61 57 249 4 37 6 181 209 82 220 50 105 162 110 76 95 183 240 202 158 150 248 165 176 83 227 46 191 62 60 7 204 70 79 155 219 102 175 199 15 123 24 193 189 25 109 77 94 194 225 29 64 246 229 121 167 120 140 154 31 201 28 161 87 5 234 72 20 231 207 49 141 81 14 68 224 51 98 163 223 80 233 236 182 26 221 151 187 107 168 180 126 117 170 153 55 38 250 206 164 238 104 241 0 148 138 216 92 244 253 39 115 86 134 2 3 75 9 53 85 188 143 100 67 63 217 198 212 145 178 12 19 59 41 174 255 197 157 242 33 36 185 228 34 208 210 56 97 112 32 172 124 17 131 21 43 106 22 66 90 127 73 89 136 116 237 93 111 11 184 114 144 119 129 146 133 45 195 251 214 247 58],44759294,53092346
randomWalk/tai256c,7,54066694,2303404,2303404,1881692000,[150 62 164 108 191 167 160 250 13 126 204 185 187 251 242 193 73 7 63 171 240 158 170 186 43 237 22 133 142 80 200 201 118 28 159 157 208 131 16 31 177 12 45 68 11 25 76 93 84 103 89 226 209 222 140 119 212 64 234 238 107 194 79 51 137 74 183 122 19 83 175 147 136 54 116 219 47 99 104 77 14 121 247 123 41 69 246 101 132 174 155 207 34 156 59 197 65 139 72 233 244 71 78 243 152 210 6 215 221 245 66 18 82 50 220 153 228 8 70 165 5 125 224 211 52 97 161 195 188 37 35 100 149 146 214 120 92 235 143 48 141 4 105 58 75 236 17 96 2 254 21 91 95 223 255 178 9 225 148 189 30 110 203 127 230 252 182 38 180 135 213 176 86 241 57 166 163 49 253 88 134 154 181 218 60 109 117 248 196 32 113 199 115 239 67 138 42 0 232 145 15 168 190 172 24 26 36 81 128 90 1 29 85 20 40 56 27 46 111 94 112 98 184 39 151 169 144 55 106 231 130 198 102 229 33 173 192 249 61 205 217 202 124 162 206 10 23 227 44 114 53 216 129 87 179 3],[218 108 226 173 171 84 160 192 27 122 203 69 113 196 139 239 40 13 48 152 44 159 47 18 200 101 177 147 10 1 215 99 125 252 132 169 71 91 149 245 103 130 166 211 118 16 179 186 52 142 243 213 23 156 235 54 78 65 135 74 96 35 42 137 190 205 128 30 232 8 222 230 254 88 61 57 249 4 37 6 181 209 82 220 50 105 162 110 76 95 183 240 202 158 150 248 165 176 83 227 46 191 62 60 7 204 70 79 155 219 102 175 199 15 123 24 193 189 25 109 77 94 194 225 29 64 246 229 121 167 120 140 154 31 201 28 161 87 5 234 72 20 231 207 49 141 81 14 68 224 51 98 163 223 80 233 236 182 26 221 151 187 107 168 180 126 117 170 153 55 38 250 206 164 238 104 241 0 148 138 216 92 244 253 39 115 86 134 2 3 75 9 53 85 188 143 100 67 63 217 198 212 145 178 12 19 59 41 174 255 197 157 242 33 36 185 228 34 208 210 56 97 112 32 172 124 17 131 21 43 106 22 66 90 127 73 89 136 116 237 93 111 11 184 114 144 119 129 146 133 45 195 251 214 247 58],44759294,53092346
heuristic/tai256c,7,98685678,0,0,0,[192 166 255 254 253 252 251 250 249 248 247 246 245 244 243 242 241 240 239 238 237 236 235 234 233 232 231 230 229 228 227 226 225 224 223 222 221 220 219 218 217 216 215 214 213 212 211 165 210 209 208 207 206 205 204 203 202 201 200 199 198 197 196 167 164 195 194 193 191 190 189 188 187 186 185 184 183 182 181 180 179 178 177 176 175 174 173 172 171 170 169 168 92 93 94 95 96 97 98 99 100 101 102 103 104 105 106 107 108 109 110 111 112 113 114 115 116 117 118 119 120 121 122 123 124 125 63 64 47 129 130 131 132 133 134 135 136 137 138 139 140 141 142 143 144 145 146 147 148 149 150 151 152 153 154 155 156 157 158 159 160 161 162 163 81 128 127 126 91 90 89 88 87 86 85 84 83 82 1 80 79 78 77 76 75 74 73 72 71 70 69 68 0 67 66 65 62 61 60 59 58 57 56 55 54 53 52 51 50 49 48 46 45 44 43 42 41 40 39 38 37 36 35 34 33 32 31 30 29 28 27 26 25 24 23 22 21 20 19 18 17 16 15 14 13 12 11 10 9 8 7 6 5 4 3 2],[218 108 226 173 171 84 160 192 27 122 203 69 113 196 139 239 40 13 48 152 44 159 47 18 200 101 177 147 10 1 215 99 125 252 132 169 71 91 149 245 103 130 166 211 118 16 179 186 52 142 243 213 23 156 235 54 78 65 135 74 96 35 42 137 190 205 128 30 232 8 222 230 254 88 61 57 249 4 37 6 181 209 82 220 50 105 162 110 76 95 183 240 202 158 150 248 165 176 83 227 46 191 62 60 7 204 70 79 155 219 102 175 199 15 123 24 193 189 25 109 77 94 194 225 29 64 246 229 121 167 120 140 154 31 201 28 161 87 5 234 72 20 231 207 49 141 81 14 68 224 51 98 163 223 80 233 236 182 26 221 151 187 107 168 180 126 117 170 153 55 38 250 206 164 238 104 241 0 148 138 216 92 244 253 39 115 86 134 2 3 75 9 53 85 188 143 100 67 63 217 198 212 145 178 12 19 59 41 174 255 197 157 242 33 36 185 228 34 208 210 56 97 112 32 172 124 17 131 21 43 106 22 66 90 127 73 89 136 116 237 93 111 11 184 114 144 119 129 146 133 45 195 251 214 247 58],44759294,53092346
greedy/tai256c,8,44972208,293,1517072,1243096400,[34 98 20 139 135 113 128 80 75 251 210 246 1 16 159 29 15 90 73 147 233 150 193 141 242 101 103 227 7 68 25 47 205 86 65 161 222 43 176 218 54 105 56 216 126 48 214 108 137 203 164 229 237 3 244 39 122 115 156 37 93 111 152 62 171 79 197 182 184 118 207 12 71 199 60 248 22 10 173 190 58 186 169 220 195 130 178 51 132 224 254 83 87 200 183 55 134 89 131 116 121 138 208 78 172 153 136 30 140 27 234 129 232 213 177 59 181 144 225 240 202 77 198 133 223 49 100 14 74 187 17 145 92 119 6 64 151 167 252 41 106 36 85 255 166 249 32 33 35 8 185 38 104 124 204 57 149 120 2 217 230 5 231 209 91 192 40 53 157 9 76 168 72 19 239 219 146 247 0 21 196 194 94 170 69 46 45 158 235 238 88 52 160 61 24 42 95 174 110 4 243 125 44 123 175 96 112 23 117 97 109 154 67 215 50 142 189 81 102 82 28 226 241 211 162 236 66 191 84 253 26 63 245 13 114 165 201 221 143 31 163 107 180 179 228 127 70 206 148 99 155 18 188 212 250 11],[218 108 226 173 171 84 160 192 27 122 203 69 113 196 139 239 40 13 48 152 44 159 47 18 200 101 177 147 10 1 215 99 125 252 132 169 71 91 149 245 103 130 166 211 118 16 179 186 52 142 243 213 23 156 235 54 78 65 135 74 96 35 42 137 190 205 128 30 232 8 222 230 254 88 61 57 249 4 37 6 181 209 82 220 50 105 162 110 76 95 183 240 202 158 150 248 165 176 83 227 46 191 62 60 7 204 70 79 155 219 102 175 199 15 123 24 193 189 25 109 77 94 194 225 29 64 246 229 121 167 120 140 154 31 201 28 161 87 5 234 72 20 231 207 49 141 81 14 68 224 51 98 163 223 80 233 236 182 26 221 151 187 107 168 180 126 117 170 153 55 38 250 206 164 238 104 241 0 148 138 216 92 244 253 39 115 86 134 2 3 75 9 53 85 188 143 100 67 63 217 198 212 145 178 12 19 59 41 174 255 197 157 242 33 36 185 228 34 208 210 56 97 112 32 172 124 17 131 21 43 106 22 66 90 127 73 89 136 116 237 93 111 11 184 114 144 119 129 146 133 45 195 251 214 247 58],44759294,53905724
steepest/tai256c,8,45036220,36,1207680,991571000,[58 36 77 193 148 16 144 242 247 21 43 83 100 215 1 81 255 152 235 150 232 121 94 197 47 182 104 205 34 8 25 143 141 180 252 131 222 135 218 60 19 118 56 188 126 186 53 124 138 11 90 230 178 4 175 39 107 245 156 176 92 114 129 62 171 79 73 14 201 133 86 237 220 96 146 167 6 250 158 190 228 71 169 163 225 49 184 68 211 208 29 66 42 172 145 209 195 198 115 207 224 214 76 48 233 153 108 46 140 240 234 127 130 27 88 59 106 159 177 17 202 136 30 120 223 137 54 134 74 187 51 161 93 119 52 64 151 99 7 41 89 248 69 15 166 249 32 33 35 111 185 20 103 125 204 57 149 200 2 217 229 203 216 210 45 192 40 38 173 9 183 168 72 236 239 219 254 22 0 37 157 194 78 170 87 226 213 55 251 238 101 165 5 61 24 105 95 174 110 3 243 139 44 123 199 80 112 23 117 97 109 154 67 231 50 142 189 98 102 82 28 227 241 181 162 12 65 191 84 253 26 63 116 13 113 164 85 221 128 31 147 122 196 179 244 132 70 206 75 91 155 18 160 212 10 246],[218 108 226 173 171 84 160 192 27 122 203 69 113 196 139 239 40 13 48 152 44 159 47 18 200 101 177 147 10 1 215 99 125 252 132 169 71 91 149 245 103 130 166 211 118 16 179 186 52 142 243 213 23 156 235 54 78 65 135 74 96 35 42 137 190 205 128 30 232 8 222 230 254 88 61 57 249 4 37 6 181 209 82 220 50 105 162 110 76 95 183 240 202 158 150 248 165 176 83 227 46 191 62 60 7 204 70 79 155 219 102 175 199 15 123 24 193 189 25 109 77 94 194 225 29 64 246 229 121 167 120 140 154 31 201 28 161 87 5 234 72 20 231 207 49 141 81 14 68 224 51 98 163 223 80 233 236 182 26 221 151 187 107 168 180 126 117 170 153 55 38 250 206 164 238 104 241 0 148 138 216 92 244 253 39 115 86 134 2 3 75 9 53 85 188 143 100 67 63 217 198 212 145 178 12 19 59 41 174 255 197 157 242 33 36 185 228 34 208 210 56 97 112 32 172 124 17 131 21 43 106 22 66 90 127 73 89 136 116 237 93 111 11 184 114 144 119 129 146 133 45 195 251 214 247 58],44759294,53905724
random/tai256c,8,49302078,28786,28786,1880021400,[45 36 152 253 178 226 213 121 255 74 222 21 38 238 131 164 138 7 166 123 186 157 221 32 47 199 80 107 197 37 191 83 133 27 115 248 11 30 230 119 55 70 94 217 34 188 144 176 185 85 156 24 241 28 113 154 103 15 187 19 243 165 78 51 218 2 118 151 40 192 203 168 79 181 251 162 77 126 65 90 71 235 14 209 9 223 68 88 195 129 228 111 93 200 175 60 246 171 42 173 17 233 1 194 137 0 128 136 146 106 73 105 237 250 56 227 170 62 4 231 240 67 57 26 220 184 16 149 132 183 208 140 193 135 97 43 64 236 41 189 101 172 232 142 110 161 244 59 69 163 116 104 147 35 6 245 54 130 49 3 254 33 95 247 224 201 124 169 66 148 96 179 86 22 39 180 127 100 52 202 25 87 50 182 211 239 159 91 53 120 75 112 177 13 48 98 212 108 61 160 207 198 249 99 58 12 102 167 76 44 72 114 219 150 229 81 242 5 225 234 122 89 155 190 125 18 143 31 63 134 174 10 109 92 196 216 141 205 153 214 206 158 82 29 204 117 252 145 46 23 8 84 20 139 210 215],[218 108 226 173 171 84 160 192 27 122 203 69 113 196 139 239 40 13 48 152 44 159 47 18 200 101 177 147 10 1 215 99 125 252 132 169 71 91 149 245 103 130 166 211 118 16 179 186 52 142 243 213 23 156 235 54 78 65 135 74 96 35 42 137 190 205 128 30 232 8 222 230 254 88 61 57 249 4 37 6 181 209 82 220 50 105 162 110 76 95 183 240 202 158 150 248 165 176 83 227 46 191 62 60 7 204 70 79 155 219 102 175 199 15 123 24 193 189 25 109 77 94 194 225 29 64 246 229 121 167 120 140 154 31 201 28 161 87 5 234 72 20 231 207 49 141 81 14 68 224 51 98 163 223 80 233 236 182 26 221 151 187 107 168 180 126 117 170 153 55 38 250 206 164 238 104 241 0 148 138 216 92 244 253 39 115 86 134 2 3 75 9 53 85 188 143 100 67 63 217 198 212 145 178 12 19 59 41 174 255 197 157 242 33 36 185 228 34 208 210 56 97 112 32 172 124 17 131 21 43 106 22 66 90 127 73 89 136 116 237 93 111 11 184 114 144 119 129 146 133 45 195 251 214 247 58],44759294,53905724
randomWalk/tai256c,8,53784586,2073067,2073067,1881847000,[161 164 118 213 165 26 141 88 156 102 113 19 144 168 154 29 159 149 177 7 235 6 79 40 80 82 210 42 189 51 30 180 106 245 207 153 209 117 111 35 67 123 195 201 142 5 18 104 81 57 247 151 56 131 223 226 71 65 39 150 13 202 182 93 172 87 43 60 148 114 170 68 86 253 246 146 27 186 25 181 255 167 76 134 22 219 194 78 2 187 91 199 52 45 179 54 166 254 239 128 119 63 220 191 178 171 115 244 21 218 211 96 125 16 58 126 84 12 108 174 136 229 49 83 143 44 75 69 3 158 121 160 217 192 240 37 112 17 41 15 122 227 188 124 4 196 230 169 38 72 231 98 28 228 138 200 11 34 103 66 132 234 74 243 0 10 90 129 163 23 249 190 237 197 135 193 24 33 204 1 203 109 238 110 216 145 248 241 198 236 101 185 184 85 31 208 232 62 137 100 55 95 175 162 139 206 251 173 152 32 221 59 222 64 252 224 14 97 140 127 8 157 46 176 250 53 183 133 116 130 205 77 215 89 120 92 225 107 50 233 94 147 99 105 155 242 47 9 73 36 48 214 20 61 212 70],[218 108 226 173 171 84 160 192 27 122 203 69 113 196 139 239 40 13 48 152 44 159 47 18 200 101 177 147 10 1 215 99 125 252 132 169 71 91 149 245 103 130 166 211 118 16 179 186 52 142 243 213 23 156 235 54 78 65 135 74 96 35 42 137 190 205 128 30 232 8 222 230 254 88 61 57 249 4 37 6 181 209 82 220 50 105 162 110 76 95 183 240 202 158 150 248 165 176 83 227 46 191 62 60 7 204 70 79 155 219 102 175 199 15 123 24 193 189 25 109 77 94 194 225 29 64 246 229 121 167 120 140 154 31 201 28 161 87 5 234 72 20 231 207 49 141 81 14 68 224 51 98 163 223 80 233 236 182 26 221 151 187 107 168 180 126 117 170 153 55 38 250 206 164 238 104 241 0 148 138 216 92 244 253 39 115 86 134 2 3 75 9 53 85 188 143 100 67 63 217 198 212 145 178 12 19 59 41 174 255 197 157 242 33 36 185 228 34 208 210 56 97 112 32 172 124 17 131 21 43 106 22 66 90 127 73 89 136 116 237 93 111 11 184 114 144 119 129 146 133 45 195 251 214 247 58],44759294,53905724
heuristic/tai256c,8,98685678,0,0,0,[192 166 255 254 253 252 251 250 249 248 247 246 245 244 243 242 241 240 239 238 237 236 235 234 233 232 231 230 229 228 227 226 225 224 223 222 221 220 219 218 217 216 215 214 213 212 211 165 210 209 208 207 206 205 204 203 202 201 200 199 198 197 196 167 164 195 194 193 191 190 189 188 187 186 185 184 183 182 181 180 179 178 177 176 175 174 173 172 171 170 169 168 92 93 94 95 96 97 98 99 100 101 102 103 104 105 106 107 108 109 110 111 112 113 114 115 116 117 118 119 120 121 122 123 124 125 63 64 47 129 130 131 132 133 134 135 136 137 138 139 140 141 142 143 144 145 146 147 148 149 150 151 152 153 154 155 156 157 158 159 160 161 162 163 81 128 127 126 91 90 89 88 87 86 85 84 83 82 1 80 79 78 77 76 75 74 73 72 71 70 69 68 0 67 66 65 62 61 60 59 58 57 56 55 54 53 52 51 50 49 48 46 45 44 43 42 41 40 39 38 37 36 35 34 33 32 31 30 29 28 27 26 25 24 23 22 21 20 19 18 17 16 15 14 13 12 11 10 9 8 7 6 5 4 3 2],[218 108 226 173 171 84 160 192 27 122 203 69 113 196 139 239 40 13 48 152 44 159 47 18 200 101 177 147 10 1 215 99 125 252 132 169 71 91 149 245 103 130 166 211 118 16 179 186 52 142 243 213 23 156 235 54 78 65 135 74 96 35 42 137 190 205 128 30 232 8 222 230 254 88 61 57 249 4 37 6 181 209 82 220 50 105 162 110 76 95 183 240 202 158 150 248 165 176 83 227 46 191 62 60 7 204 70 79 155 219 102 175 199 15 123 24 193 189 25 109 77 94 194 225 29 64 246 229 121 167 120 140 154 31 201 28 161 87 5 234 72 20 231 207 49 141 81 14 68 224 51 98 163 223 80 233 236 182 26 221 151 187 107 168 180 126 117 170 153 55 38 250 206 164 238 104 241 0 148 138 216 92 244 253 39 115 86 134 2 3 75 9 53 85 188 143 100 67 63 217 198 212 145 178 12 19 59 41 174 255 197 157 242 33 36 185 228 34 208 210 56 97 112 32 172 124 17 131 21 43 106 22 66 90 127 73 89 136 116 237 93 111 11 184 114 144 119 129 146 133 45 195 251 214 247 58],44759294,53905724
greedy/tai256c,9,44893442,287,1701702,1615378200,[71 144 199 201 245 240 115 213 242 44 150 132 177 69 15 228 182 216 190 118 121 20 1 86 84 64 254 135 16 49 211 169 129 11 37 162 220 230 172 155 92 138 147 123 34 184 111 41 61 248 157 26 165 56 29 218 63 39 222 106 252 3 109 233 209 205 126 179 140 89 81 78 101 58 9 7 104 175 187 75 22 98 67 112 196 143 52 46 239 235 192 152 141 108 124 79 83 234 42 221 238 119 163 107 158 127 149 142 223 122 102 48 50 134 195 77 212 159 62 68 194 66 60 57 73 253 232 204 82 156 174 110 200 17 23 103 12 139 130 13 6 47 30 40 225 166 181 88 35 45 251 217 74 207 114 21 93 146 255 176 137 14 128 203 59 136 116 99 148 85 36 96 191 65 183 198 185 173 38 117 0 91 133 51 131 70 247 100 43 8 5 24 214 151 229 206 55 160 80 87 33 186 53 243 154 249 161 54 180 4 237 208 210 193 171 224 113 188 72 94 168 32 227 95 25 215 197 202 244 241 153 18 10 120 19 90 2 31 170 145 97 105 76 167 27 226 125 189 231 250 164 28 219 246 178 236],[218 108 226 173 171 84 160 192 27 122 203 69 113 196 139 239 40 13 48 152 44 159 47 18 200 101 177 147 10 1 215 99 125 252 132 169 71 91 149 245 103 130 166 211 118 16 179 186 52 142 243 213 23 156 235 54 78 65 135 74 96 35 42 137 190 205 128 30 232 8 222 230 254 88 61 57 249 4 37 6 181 209 82 220 50 105 162 110 76 95 183 240 202 158 150 248 165 176 83 227 46 191 62 60 7 204 70 79 155 219 102 175 199 15 123 24 193 189 25 109 77 94 194 225 29 64 246 229 121 167 120 140 154 31 201 28 161 87 5 234 72 20 231 207 49 141 81 14 68 224 51 98 163 223 80 233 236 182 26 221 151 187 107 168 180 126 117 170 153 55 38 250 206 164 238 104 241 0 148 138 216 92 244 253 39 115 86 134 2 3 75 9 53 85 188 143 100 67 63 217 198 212 145 178 12 19 59 41 174 255 197 157 242 33 36 185 228 34 208 210 56 97 112 32 172 124 17 131 21 43 106 22 66 90 127 73 89 136 116 237 93 111 11 184 114 144 119 129 146 133 45 195 251 214 247 58],44759294,54130044
steepest/tai256c,9,44980066,43,1436160,1488887000,[6 81 248 199 216 60 37 126 192 194 88 69 223 86 238 63 182 202 206 120 90 20 17 107 135 66 253 122 32 64 211 170 133 250 221 12 139 231 163 245 243 56 2 45 34 167 111 0 101 156 9 26 165 41 204 228 160 173 109 146 31 148 92 233 14 191 137 225 83 128 54 78 73 185 177 23 213 103 187 235 255 98 51 113 196 159 43 131 75 116 141 152 58 68 247 205 84 5 254 121 27 119 169 110 140 127 36 142 246 79 193 48 207 195 172 39 212 143 52 74 24 49 61 57 82 242 208 201 8 157 174 65 220 1 7 175 46 124 115 13 42 47 30 29 241 166 181 77 35 123 251 217 240 244 114 21 93 162 22 176 18 15 158 138 59 136 234 99 108 118 53 96 3 179 183 198 104 203 38 117 222 91 132 67 130 71 214 100 44 150 149 40 134 151 229 190 55 145 50 87 33 186 70 80 155 249 161 237 180 4 236 252 210 89 171 224 112 188 72 94 168 16 227 95 25 200 197 218 125 215 153 105 10 154 19 106 147 62 129 144 97 102 76 184 28 209 239 189 230 226 164 11 219 232 178 85],[218 108 226 173 171 84 160 192 27 122 203 69 113 196 139 239 40 13 48 152 44 159 47 18 200 101 177 147 10 1 215 99 125 252 132 169 71 91 149 245 103 130 166 211 118 16 179 186 52 142 243 213 23 156 235 54 78 65 135 74 96 35 42 137 190 205 128 30 232 8 222 230 254 88 61 57 249 4 37 6 181 209 82 220 50 105 162 110 76 95 183 240 202 158 150 248 165 176 83 227 46 191 62 60 7 204 70 79 155 219 102 175 199 15 123 24 193 189 25 109 77 94 194 225 29 64 246 229 121 167 120 140 154 31 201 28 161 87 5 234 72 20 231 207 49 141 81 14 68 224 51 98 163 223 80 233 236 182 26 221 151 187 107 168 180 126 117 170 153 55 38 250 206 164 238 104 241 0 148 138 216 92 244 253 39 115 86 134 2 3 75 9 53 85 188 143 100 67 63 217 198 212 145 178 12 19 59 41 174 255 197 157 242 33 36 185 228 34 208 210 56 97 112 32 172 124 17 131 21 43 106 22 66 90 127 73 89 136 116 237 93 111 11 184 114 144 119 129 146 133 45 195 251 214 247 58],44759294,54130044
random/tai256c,9,49913360,25461,25461,1881592100,[166 91 207 16 126 201 243 204 104 176 81 159 210 128 15 230 10 13 171 35 209 184 101 233 107 37 213 69 110 61 139 32 63 87 21 75 82 116 115 219 105 79 162 130 50 12 134 23 78 1 228 164 153 142 177 30 190 98 227 237 206 199 9 157 149 137 54 96 42 86 109 93 20 122 235 187 29 146 36 52 192 156 195 186 19 240 24 181 60 251 90 43 135 25 150 247 161 127 193 4 11 169 224 242 17 188 239 143 185 89 83 225 163 74 250 65 174 255 47 59 221 226 58 108 41 53 236 197 179 0 28 8 66 55 51 248 95 245 64 167 117 168 202 154 84 125 144 97 196 211 45 222 112 172 173 220 31 194 191 189 170 253 72 129 254 212 241 131 49 155 119 198 158 124 73 229 138 44 214 27 118 249 71 40 175 62 160 148 26 244 34 48 183 111 33 238 120 136 67 217 100 246 114 22 77 200 234 147 57 216 208 88 102 218 152 151 5 38 178 133 70 123 165 113 252 46 182 68 231 94 203 132 3 7 6 215 106 39 232 2 18 223 56 140 180 205 80 99 76 14 85 92 103 141 121 145],[218 108 226 173 171 84 160 192 27 122 203 69 113 196 139 239 40 13 48 152 44 159 47 18 200 101 177 147 10 1 215 99 125 252 132 169 71 91 149 245 103 130 166 211 118 16 179 186 52 142 243 213 23 156 235 54 78 65 135 74 96 35 42 137 190 205 128 30 232 8 222 230 254 88 61 57 249 4 37 6 181 209 82 220 50 105 162 110 76 95 183 240 202 158 150 248 165 176 83 227 46 191 62 60 7 204 70 79 155 219 102 175 199 15 123 24 193 189 25 109 77 94 194 225 29 64 246 229 121 167 120 140 154 31 201 28 161 87 5 234 72 20 231 207 49 141 81 14 68 224 51 98 163 223 80 233 236 182 26 221 151 187 107 168 180 126 117 170 153 55 38 250 206 164 238 104 241 0 148 138 216 92 244 253 39 115 86 134 2 3 75 9 53 85 188 143 100 67 63 217 198 212 145 178 12 19 59 41 174 255 197 157 242 33 36 185 228 34 208 210 56 97 112 32 172 124 17 131 21 43 106 22 66 90 127 73 89 136 116 237 93 111 11 184 114 144 119 129 146 133 45 195 251 214 247 58],44759294,54130044
randomWalk/tai256c,9,53195270,2053832,2053832,1880533300,[218 57 28 200 238 103 181 236 223 194 95 201 193 42 242 5 66 107 38 176 139 207 119 137 174 82 85 72 113 255 202 75 36 19 120 229 58 148 126 94 227 211 177 47 171 32 45 102 41 212 18 243 10 33 1 76 12 114 166 128 44 230 121 7 77 169 43 68 96 232 210 173 184 67 26 101 90 198 73 29 168 6 254 53 35 50 222 247 64 150 153 20 55 164 179 224 213 8 251 69 233 141 108 104 0 219 52 188 61 117 253 214 40 155 249 98 185 152 74 163 162 228 84 115 161 143 9 105 34 79 186 127 248 217 175 2 165 11 48 99 196 144 78 60 203 241 226 87 83 125 205 231 187 80 156 157 16 220 192 159 27 109 122 131 191 13 240 158 97 37 106 147 46 182 140 124 86 100 93 134 135 21 4 225 70 145 221 49 215 31 14 30 170 65 252 129 197 209 244 54 246 59 56 245 234 39 178 151 133 216 239 160 172 167 89 136 123 63 149 116 146 23 22 154 88 206 250 235 24 91 180 195 92 208 62 142 132 110 204 51 138 130 81 183 25 3 71 237 111 189 190 15 199 118 112 17],[218 108 226 173 171 84 160 192 27 122 203 69 113 196 139 239 40 13 48 152 44 159 47 18 200 101 177 147 10 1 215 99 125 252 132 169 71 91 149 245 103 130 166 211 118 16 179 186 52 142 243 213 23 156 235 54 78 65 135 74 96 35 42 137 190 205 128 30 232 8 222 230 254 88 61 57 249 4 37 6 181 209 82 220 50 105 162 110 76 95 183 240 202 158 150 248 165 176 83 227 46 191 62 60 7 204 70 79 155 219 102 175 199 15 123 24 193 189 25 109 77 94 194 225 29 64 246 229 121 167 120 140 154 31 201 28 161 87 5 234 72 20 231 207 49 141 81 14 68 224 51 98 163 223 80 233 236 182 26 221 151 187 107 168 180 126 117 170 153 55 38 250 206 164 238 104 241 0 148 138 216 92 244 253 39 115 86 134 2 3 75 9 53 85 188 143 100 67 63 217 198 212 145 178 12 19 59 41 174 255 197 157 242 33 36 185 228 34 208 210 56 97 112 32 172 124 17 131 21 43 106 22 66 90 127 73 89 136 116 237 93 111 11 184 114 144 119 129 146 133 45 195 251 214 247 58],44759294,54130044
heuristic/tai256c,9,98685678,0,0,0,[192 166 255 254 253 252 251 250 249 248 247 246 245 244 243 242 241 240 239 238 237 236 235 234 233 232 231 230 229 228 227 226 225 224 223 222 221 220 219 218 217 216 215 214 213 212 211 165 210 209 208 207 206 205 204 203 202 201 200 199 198 197 196 167 164 195 194 193 191 190 189 188 187 186 185 184 183 182 181 180 179 178 177 176 175 174 173 172 171 170 169 168 92 93 94 95 96 97 98 99 100 101 102 103 104 105 106 107 108 109 110 111 112 113 114 115 116 117 118 119 120 121 122 123 124 125 63 64 47 129 130 131 132 133 134 135 136 137 138 139 140 141 142 143 144 145 146 147 148 149 150 151 152 153 154 155 156 157 158 159 160 161 162 163 81 128 127 126 91 90 89 88 87 86 85 84 83 82 1 80 79 78 77 76 75 74 73 72 71 70 69 68 0 67 66 65 62 61 60 59 58 57 56 55 54 53 52 51 50 49 48 46 45 44 43 42 41 40 39 38 37 36 35 34 33 32 31 30 29 28 27 26 25 24 23 22 21 20 19 18 17 16 15 14 13 12 11 10 9 8 7 6 5 4 3 2],[218 108 226 173 171 84 160 192 27 122 203 69 113 196 139 239 40 13 48 152 44 159 47 18 200 101 177 147 10 1 215 99 125 252 132 169 71 91 149 245 103 130 166 211 118 16 179 186 52 142 243 213 23 156 235 54 78 65 135 74 96 35 42 137 190 205 128 30 232 8 222 230 254 88 61 57 249 4 37 6 181 209 82 220 50 105 162 110 76 95 183 240 202 158 150 248 165 176 83 227 46 191 62 60 7 204 70 79 155 219 102 175 199 15 123 24 193 189 25 109 77 94 194 225 29 64 246 229 121 167 120 140 154 31 201 28 161 87 5 234 72 20 231 207 49 141 81 14 68 224 51 98 163 223 80 233 236 182 26 221 151 187 107 168 180 126 117 170 153 55 38 250 206 164 238 104 241 0 148 138 216 92 244 253 39 115 86 134 2 3 75 9 53 85 188 143 100 67 63 217 198 212 145 178 12 19 59 41 174 255 197 157 242 33 36 185 228 34 208 210 56 97 112 32 172 124 17 131 21 43 106 22 66 90 127 73 89 136 116 237 93 111 11 184 114 144 119 129 146 133 45 195 251 214 247 58],44759294,54130044
greedy/tai256c,10,44932608,287,1592410,1477126900,[208 39 50 244 95 172 251 67 19 146 62 108 134 197 77 22 182 36 119 178 241 140 45 2 117 87 42 157 144 123 153 185 91 231 8 246 202 98 191 138 115 15 64 57 132 236 72 127 239 69 212 110 227 16 28 106 167 54 102 25 104 254 233 193 214 84 96 142 219 199 33 187 174 189 206 47 216 161 74 149 210 195 221 129 136 81 164 13 5 10 170 60 237 211 222 14 83 200 186 7 220 103 190 30 183 53 124 196 209 250 135 78 73 252 68 249 154 90 166 204 141 63 49 215 145 177 71 66 184 88 248 243 18 159 152 205 156 253 255 169 32 128 97 235 61 218 238 213 175 70 130 207 46 11 79 203 100 192 101 59 232 12 168 80 94 20 114 162 125 55 120 76 163 224 139 65 17 173 43 143 58 41 23 0 27 9 113 48 229 201 121 112 51 217 133 148 228 131 107 6 1 4 21 109 242 3 89 85 188 26 29 99 223 38 93 198 118 31 225 180 105 194 181 155 230 37 75 160 82 34 176 171 137 240 151 111 35 24 158 52 86 92 247 126 234 122 245 150 40 179 56 226 147 44 116 165],[218 108 226 173 171 84 160 192 27 122 203 69 113 196 139 239 40 13 48 152 44 159 47 18 200 101 177 147 10 1 215 99 125 252 132 169 71 91 149 245 103 130 166 211 118 16 179 186 52 142 243 213 23 156 235 54 78 65 135 74 96 35 42 137 190 205 128 30 232 8 222 230 254 88 61 57 249 4 37 6 181 209 82 220 50 105 162 110 76 95 183 240 202 158 150 248 165 176 83 227 46 191 62 60 7 204 70 79 155 219 102 175 199 15 123 24 193 189 25 109 77 94 194 225 29 64 246 229 121 167 120 140 154 31 201 28 161 87 5 234 72 20 231 207 49 141 81 14 68 224 51 98 163 223 80 233 236 182 26 221 151 187 107 168 180 126 117 170 153 55 38 250 206 164 238 104 241 0 148 138 216 92 244 253 39 115 86 134 2 3 75 9 53 85 188 143 100 67 63 217 198 212 145 178 12 19 59 41 174 255 197 157 242 33 36 185 228 34 208 210 56 97 112 32 172 124 17 131 21 43 106 22 66 90 127 73 89 136 116 237 93 111 11 184 114 144 119 129 146 133 45 195 251 214 247 58],44759294,53012042
steepest/tai256c,10,44925088,42,1403520,1385924300,[104 39 49 72 76 119 102 160 18 180 79 1 227 16 45 252 93 21 250 162 200 140 90 242 83 87 42 203 185 224 121 107 117 245 6 98 218 230 209 138 166 195 254 24 115 151 57 172 189 69 212 110 168 192 28 62 215 247 54 9 66 142 127 147 197 100 155 159 36 11 15 81 174 223 206 47 183 170 132 149 220 177 237 129 136 96 51 30 3 125 233 59 123 246 235 8 225 236 124 67 219 216 48 55 101 53 135 181 106 238 17 97 73 188 68 13 153 191 182 144 141 164 34 214 145 210 71 94 199 88 248 243 19 43 152 205 95 253 255 169 32 128 204 5 60 202 239 213 175 70 130 65 46 251 78 33 91 207 134 77 232 12 167 80 99 20 114 178 89 221 120 249 161 240 139 112 22 173 63 14 58 41 23 0 27 194 113 64 208 201 154 157 50 217 133 148 228 74 186 7 193 244 211 109 2 4 61 85 171 26 29 131 118 38 103 184 84 31 241 163 105 179 198 187 35 37 75 176 82 222 143 156 137 10 92 111 196 25 158 52 86 108 231 126 234 122 229 150 40 190 56 226 146 44 116 165],[218 108 226 173 171 84 160 192 27 122 203 69 113 196 139 239 40 13 48 152 44 159 47 18 200 101 177 147 10 1 215 99 125 252 132 169 71 91 149 245 103 130 166 211 118 16 179 186 52 142 243 213 23 156 235 54 78 65 135 74 96 35 42 137 190 205 128 30 232 8 222 230 254 88 61 57 249 4 37 6 181 209 82 220 50 105 162 110 76 95 183 240 202 158 150 248 165 176 83 227 46 191 62 60 7 204 70 79 155 219 102 175 199 15 123 24 193 189 25 109 77 94 194 225 29 64 246 229 121 167 120 140 154 31 201 28 161 87 5 234 72 20 231 207 49 141 81 14 68 224 51 98 163 223 80 233 236 182 26 221 151 187 107 168 180 126 117 170 153 55 38 250 206 164 238 104 241 0 148 138 216 92 244 253 39 115 86 134 2 3 75 9 53 85 188 143 100 67 63 217 198 212 145 178 12 19 59 41 174 255 197 157 242 33 36 185 228 34 208 210 56 97 112 32 172 124 17 131 21 43 106 22 66 90 127 73 89 136 116 237 93 111 11 184 114 144 119 129 146 133 45 195 251 214 247 58],44759294,53012042
random/tai256c,10,49916034,30010,30010,1887665700,[13 4 82 9 110 220 75 182 237 69 215 226 59 162 213 87 202 165 130 96 157 156 222 193 7 160 125 138 95 120 85 141 189 234 8 79 230 151 198 176 81 229 134 48 163 179 36 33 187 40 183 248 91 174 139 228 5 243 46 100 72 22 111 105 28 93 30 56 16 252 254 113 216 231 242 196 148 144 62 223 217 63 240 170 225 18 102 154 38 153 26 20 109 166 74 239 246 249 147 35 45 158 253 142 169 245 247 137 97 14 210 140 219 149 112 88 57 70 99 150 27 66 114 73 107 232 31 172 136 50 115 0 251 24 199 167 197 152 238 44 127 29 54 98 60 64 121 86 186 78 52 192 211 129 168 118 76 49 53 37 65 32 184 2 124 159 188 146 116 236 178 201 131 61 101 255 41 123 106 108 132 15 164 155 10 185 235 204 195 3 227 241 122 191 43 19 104 89 6 212 77 145 23 126 47 181 117 68 58 42 173 128 208 194 190 12 103 233 218 244 177 90 161 171 84 11 17 214 83 94 221 135 71 119 207 34 209 200 80 25 1 39 55 206 205 250 133 224 180 175 21 92 203 67 143 51],[218 108 226 173 171 84 160 192 27 122 203 69 113 196 139 239 40 13 48 152 44 159 47 18 200 101 177 147 10 1 215 99 125 252 132 169 71 91 149 245 103 130 166 211 118 16 179 186 52 142 243 213 23 156 235 54 78 65 135 74 96 35 42 137 190 205 128 30 232 8 222 230 254 88 61 57 249 4 37 6 181 209 82 220 50 105 162 110 76 95 183 240 202 158 150 248 165 176 83 227 46 191 62 60 7 204 70 79 155 219 102 175 199 15 123 24 193 189 25 109 77 94 194 225 29 64 246 229 121 167 120 140 154 31 201 28 161 87 5 234 72 20 231 207 49 141 81 14 68 224 51 98 163 223 80 233 236 182 26 221 151 187 107 168 180 126 117 170 153 55 38 250 206 164 238 104 241 0 148 138 216 92 244 253 39 115 86 134 2 3 75 9 53 85 188 143 100 67 63 217 198 212 145 178 12 19 59 41 174 255 197 157 242 33 36 185 228 34 208 210 56 97 112 32 172 124 17 131 21 43 106 22 66 90 127 73 89 136 116 237 93 111 11 184 114 144 119 129 146 133 45 195 251 214 247 58],44759294,53012042
randomWalk/tai256c,10,52304392,2040235,2040235,1890050600,[37 46 81 149 199 167 119 171 50 67 241 208 92 105 255 192 63 21 2 211 85 245 17 219 111 190 201 155 132 114 169 136 20 59 96 102 142 173 194 24 10 214 203 225 217 253 87 32 213 175 49 226 161 147 0 163 124 220 193 122 99 195 11 150 184 65 202 84 239 251 204 72 91 144 19 121 215 238 57 187 151 82 158 168 181 152 6 75 146 246 172 130 198 113 240 115 4 36 224 53 189 180 137 216 252 43 229 15 126 13 103 174 12 55 243 39 197 148 5 223 33 123 183 139 120 178 7 227 45 79 26 254 100 94 135 61 90 176 93 143 27 200 62 218 230 186 35 80 83 109 165 128 234 157 73 1 29 159 138 248 242 88 95 164 22 40 179 212 71 209 231 70 68 38 160 34 74 31 145 3 116 89 66 108 51 101 78 233 247 191 16 60 205 162 206 107 153 112 117 54 236 133 182 250 244 141 58 237 25 140 47 48 64 30 42 97 9 177 28 125 221 76 8 196 69 232 98 106 110 129 86 134 222 23 77 104 41 185 14 118 52 228 154 249 127 166 210 235 170 156 131 207 56 18 44 188],[218 108 226 173 171 84 160 192 27 122 203 69 113 196 139 239 40 13 48 152 44 159 47 18 200 101 177 147 10 1 215 99 125 252 132 169 71 91 149 245 103 130 166 211 118 16 179 186 52 142 243 213 23 156 235 54 78 65 135 74 96 35 42 137 190 205 128 30 232 8 222 230 254 88 61 57 249 4 37 6 181 209 82 220 50 105 162 110 76 95 183 240 202 158 150 248 165 176 83 227 46 191 62 60 7 204 70 79 155 219 102 175 199 15 123 24 193 189 25 109 77 94 194 225 29 64 246 229 121 167 120 140 154 31 201 28 161 87 5 234 72 20 231 207 49 141 81 14 68 224 51 98 163 223 80 233 236 182 26 221 151 187 107 168 180 126 117 170 153 55 38 250 206 164 238 104 241 0 148 138 216 92 244 253 39 115 86 134 2 3 75 9 53 85 188 143 100 67 63 217 198 212 145 178 12 19 59 41 174 255 197 157 242 33 36 185 228 34 208 210 56 97 112 32 172 124 17 131 21 43 106 22 66 90 127 73 89 136 116 237 93 111 11 184 114 144 119 129 146 133 45 195 251 214 247 58],44759294,53012042
heuristic/tai256c,10,98685678,0,0,0,[192 166 255 254 253 252 251 250 249 248 247 246 245 244 243 242 241 240 239 238 237 236 235 234 233 232 231 230 229 228 227 226 225 224 223 222 221 220 219 218 217 216 215 214 213 212 211 165 210 209 208 207 206 205 204 203 202 201 200 199 198 197 196 167 164 195 194 193 191 190 189 188 187 186 185 184 183 182 181 180 179 178 177 176 175 174 173 172 171 170 169 168 92 93 94 95 96 97 98 99 100 101 102 103 104 105 106 107 108 109 110 111 112 113 114 115 116 117 118 119 120 121 122 123 124 125 63 64 47 129 130 131 132 133 134 135 136 137 138 139 140 141 142 143 144 145 146 147 148 149 150 151 152 153 154 155 156 157 158 159 160 161 162 163 81 128 127 126 91 90 89 88 87 86 85 84 83 82 1 80 79 78 77 76 75 74 73 72 71 70 69 68 0 67 66 65 62 61 60 59 58 57 56 55 54 53 52 51 50 49 48 46 45 44 43 42 41 40 39 38 37 36 35 34 33 32 31 30 29 28 27 26 25 24 23 22 21 20 19 18 17 16 15 14 13 12 11 10 9 8 7 6 5 4 3 2],[218 108 226 173 171 84 160 192 27 122 203 69 113 196 139 239 40 13 48 152 44 159 47 18 200 101 177 147 10 1 215 99 125 252 132 169 71 91 149 245 103 130 166 211 118 16 179 186 52 142 243 213 23 156 235 54 78 65 135 74 96 35 42 137 190 205 128 30 232 8 222 230 254 88 61 57 249 4 37 6 181 209 82 220 50 105 162 110 76 95 183 240 202 158 150 248 165 176 83 227 46 191 62 60 7 204 70 79 155 219 102 175 199 15 123 24 193 189 25 109 77 94 194 225 29 64 246 229 121 167 120 140 154 31 201 28 161 87 5 234 72 20 231 207 49 141 81 14 68 224 51 98 163 223 80 233 236 182 26 221 151 187 107 168 180 126 117 170 153 55 38 250 206 164 238 104 241 0 148 138 216 92 244 253 39 115 86 134 2 3 75 9 53 85 188 143 100 67 63 217 198 212 145 178 12 19 59 41 174 255 197 157 242 33 36 185 228 34 208 210 56 97 112 32 172 124 17 131 21 43 106 22 66 90 127 73 89 136 116 237 93 111 11 184 114 144 119 129 146 133 45 195 251 214 247 58],44759294,53012042
greedy/esc32f,1,2,5,674,0,[7 1 17 30 2 3 16 27 0 28 19 25 5 4 6 8 31 14 18 15 24 22 21 10 9 12 13 29 11 20 26 23],[0 1 4 5 7 15 12 18 8 31 6 21 23 19 3 11 2 16 28 20 10 24 26 17 29 30 22 27 13 14 25 9],2,32
steepest/esc32f,1,2,3,1984,0,[27 1 7 2 31 3 16 28 17 0 19 25 5 4 14 8 30 6 18 22 24 15 21 10 9 12 13 29 11 20 26 23],[0 1 4 5 7 15 12 18 8 31 6 21 23 19 3 11 2 16 28 20 10 24 26 17 29 30 22 27 13 14 25 9],2,32
random/esc32f,1,32,0,0,0,[27 1 17 30 31 3 16 28 7 0 19 25 5 4 6 8 2 14 18 22 24 15 21 10 9 12 13 29 11 20 26 23],[0 1 4 5 7 15 12 18 8 31 6 21 23 19 3 11 2 16 28 20 10 24 26 17 29 30 22 27 13 14 25 9],2,32
randomWalk/esc32f,1,32,0,0,0,[27 1 17 30 31 3 16 28 7 0 19 25 5 4 6 8 2 14 18 22 24 15 21 10 9 12 13 29 11 20 26 23],[0 1 4 5 7 15 12 18 8 31 6 21 23 19 3 11 2 16 28 20 10 24 26 17 29 30 22 27 13 14 25 9],2,32
heuristic/esc32f,1,10,0,0,538600,[1 10 2 3 4 5 31 27 23 9 0 8 26 25 14 15 24 29 30 28 20 21 22 11 19 18 17 16 13 7 12 6],[0 1 4 5 7 15 12 18 8 31 6 21 23 19 3 11 2 16 28 20 10 24 26 17 29 30 22 27 13 14 25 9],2,32
greedy/esc32f,2,2,7,787,0,[1 3 6 7 14 21 26 27 28 25 15 30 8 12 16 18 31 13 24 5 22 0 11 9 19 20 17 29 4 23 10 2],[0 1 4 5 7 15 12 18 8 31 6 21 23 19 3 11 2 16 28 20 10 24 26 17 29 30 22 27 13 14 25 9],2,32
steepest/esc32f,2,2,4,2480,569800,[6 26 15 10 14 21 3 27 1 25 8 30 28 12 16 18 31 13 7 5 22 0 11 9 19 20 17 29 4 23 24 2],[0 1 4 5 7 15 12 18 8 31 6 21 23 19 3 11 2 16 28 20 10 24 26 17 29 30 22 27 13 14 25 9],2,32
random/esc32f,2,32,0,0,0,[27 26 13 7 14 21 3 28 1 25 8 30 6 12 16 18 31 15 10 5 22 0 11 9 19 20 17 29 4 23 24 2],[0 1 4 5 7 15 12 18 8 31 6 21 23 19 3 11 2 16 28 20 10 24 26 17 29 30 22 27 13 14 25 9],2,32
randomWalk/esc32f,2,32,0,0,0,[27 26 13 7 14 21 3 28 1 25 8 30 6 12 16 18 31 15 10 5 22 0 11 9 19 20 17 29 4 23 24 2],[0 1 4 5 7 15 12 18 8 31 6 21 23 19 3 11 2 16 28 20 10 24 26 17 29 30 22 27 13 14 25 9],2,32
heuristic/esc32f,2,10,0,0,0,[1 10 2 3 4 5 31 27 23 9 0 8 26 25 14 15 24 29 30 28 20 21 22 11 19 18 17 16 13 7 12 6],[0 1 4 5 7 15 12 18 8 31 6 21 23 19 3 11 2 16 28 20 10 24 26 17 29 30 22 27 13 14 25 9],2,32
greedy/esc32f,3,2,5,662,0,[28 24 5 7 10 6 25 9 31 15 2 0 17 21 4 26 8 3 29 11 16 20 30 12 1 18 27 19 13 23 22 14],[0 1 4 5 7 15 12 18 8 31 6 21 23 19 3 11 2 16 28 20 10 24 26 17 29 30 22 27 13 14 25 9],2,56
steepest/esc32f,3,2,4,2480,0,[6 28 31 7 10 9 25 24 17 15 2 0 5 21 4 26 8 3 29 11 16 20 30 12 1 18 27 19 13 23 22 14],[0 1 4 5 7 15 12 18 8 31 6 21 23 19 3 11 2 16 28 20 10 24 26 17 29 30 22 27 13 14 25 9],2,56
random/esc32f,3,56,0,0,0,[17 24 5 7 10 9 25 3 6 15 2 0 31 21 4 26 8 28 29 11 16 20 30 12 1 18 27 19 13 23 22 14],[0 1 4 5 7 15 12 18 8 31 6 21 23 19 3 11 2 16 28 20 10 24 26 17 29 30 22 27 13 14 25 9],2,56
randomWalk/esc32f,3,56,0,0,0,[17 24 5 7 10 9 25 3 6 15 2 0 31 21 4 26 8 28 29 11 16 20 30 12 1 18 27 19 13 23 22 14],[0 1 4 5 7 15 12 18 8 31 6 21 23 19 3 11 2 16 28 20 10 24 26 17 29 30 22 27 13 14 25 9],2,56
heuristic/esc32f,3,10,0,0,0,[1 10 2 3 4 5 31 27 23 9 0 8 26 25 14 15 24 29 30 28 20 21 22 11 19 18 17 16 13 7 12 6],[0 1 4 5 7 15 12 18 8 31 6 21 23 19 3 11 2 16 28 20 10 24 26 17 29 30 22 27 13 14 25 9],2,56
greedy/esc32f,4,2,6,790,0,[8 2 20 5 0 16 23 30 29 15 21 13 27 26 14 24 28 3 31 11 9 1 7 6 17 19 4 18 10 22 12 25],[0 1 4 5 7 15 12 18 8 31 6 21 23 19 3 11 2 16 28 20 10 24 26 17 29 30 22 27 13 14 25 9],2,38
steepest/esc32f,4,2,3,1984,0,[2 20 8 29 0 16 23 31 5 15 28 13 30 26 14 24 27 3 21 11 9 1 7 6 17 19 4 18 10 22 12 25],[0 1 4 5 7 15 12 18 8 31 6 21 23 19 3 11 2 16 28 20 10 24 26 17 29 30 22 27 13 14 25 9],2,38
random/esc32f,4,38,0,0,0,[30 20 31 29 0 16 23 8 5 15 21 13 2 26 14 24 27 3 28 11 9 1 7 6 17 19 4 18 10 22 12 25],[0 1 4 5 7 15 12 18 8 31 6 21 23 19 3 11 2 16 28 20 10 24 26 17 29 30 22 27 13 14 25 9],2,38
randomWalk/esc32f,4,38,0,0,0,[30 20 31 29 0 16 23 8 5 15 21 13 2 26 14 24 27 3 28 11 9 1 7 6 17 19 4 18 10 22 12 25],[0 1 4 5 7 15 12 18 8 31 6 21 23 19 3 11 2 16 28 20 10 24 26 17 29 30 22 27 13 14 25 9],2,38
heuristic/esc32f,4,10,0,0,0,[1 10 2 3 4 5 31 27 23 9 0 8 26 25 14 15 24 29 30 28 20 21 22 11 19 18 17 16 13 7 12 6],[0 1 4 5 7 15 12 18 8 31 6 21 23 19 3 11 2 16 28 20 10 24 26 17 29 30 22 27 13 14 25 9],2,38
greedy/esc32f,5,2,13,974,0,[11 7 2 25 29 31 17 24 3 15 13 10 8 9 18 20 28 6 1 14 21 30 12 26 0 23 19 5 27 22 4 16],[0 1 4 5 7 15 12 18 8 31 6 21 23 19 3 11 2 16 28 20 10 24 26 17 29 30 22 27 13 14 25 9],2,66
steepest/esc32f,5,2,4,2480,0,[28 24 14 25 29 31 9 17 8 15 13 10 6 7 18 20 21 3 11 2 1 30 12 26 0 23 19 5 27 22 4 16],[0 1 4 5 7 15 12 18 8 31 6 21 23 19 3 11 2 16 28 20 10 24 26 17 29 30 22 27 13 14 25 9],2,66
random/esc32f,5,66,0,0,0,[21 8 2 25 29 31 9 17 24 15 13 10 6 11 18 20 28 3 7 14 1 30 12 26 0 23 19 5 27 22 4 16],[0 1 4 5 7 15 12 18 8 31 6 21 23 19 3 11 2 16 28 20 10 24 26 17 29 30 22 27 13 14 25 9],2,66
randomWalk/esc32f,5,66,0,0,0,[21 8 2 25 29 31 9 17 24 15 13 10 6 11 18 20 28 3 7 14 1 30 12 26 0 23 19 5 27 22 4 16],[0 1 4 5 7 15 12 18 8 31 6 21 23 19 3 11 2 16 28 20 10 24 26 17 29 30 22 27 13 14 25 9],2,66
heuristic/esc32f,5,10,0,0,0,[1 10 2 3 4 5 31 27 23 9 0 8 26 25 14 15 24 29 30 28 20 21 22 11 19 18 17 16 13 7 12 6],[0 1 4 5 7 15 12 18 8 31 6 21 23 19 3 11 2 16 28 20 10 24 26 17 29 30 22 27 13 14 25 9],2,66
greedy/esc32f,6,2,8,882,0,[23 28 0 29 27 24 10 9 2 11 13 19 4 12 25 16 1 14 8 15 18 7 20 22 17 5 21 3 31 6 30 26],[0 1 4 5 7 15 12 18 8 31 6 21 23 19 3 11 2 16 28 20 10 24 26 17 29 30 22 27 13 14 25 9],2,66
steepest/esc32f,6,2,4,2480,0,[23 25 19 29 27 24 10 9 15 11 13 18 28 30 12 16 1 0 14 4 8 7 20 22 17 5 21 3 31 6 2 26],[0 1 4 5 7 15 12 18 8 31 6 21 23 19 3 11 2 16 28 20 10 24 26 17 29 30 22 27 13 14 25 9],2,66
random/esc32f,6,66,0,0,0,[9 30 14 29 27 24 10 23 15 11 13 18 4 25 12 16 1 0 19 28 8 7 20 22 17 5 21 3 31 6 2 26],[0 1 4 5 7 15 12 18 8 31 6 21 23 19 3 11 2 16 28 20 10 24 26 17 29 30 22 27 13 14 25 9],2,66
randomWalk/esc32f,6,66,0,0,0,[9 30 14 29 27 24 10 23 15 11 13 18 4 25 12 16 1 0 19 28 8 7 20 22 17 5 21 3 31 6 2 26],[0 1 4 5 7 15 12 18 8 31 6 21 23 19 3 11 2 16 28 20 10 24 26 17 29 30 22 27 13 14 25 9],2,66
heuristic/esc32f,6,10,0,0,0,[1 10 2 3 4 5 31 27 23 9 0 8 26 25 14 15 24 29 30 28 20 21 22 11 19 18 17 16 13 7 12 6],[0 1 4 5 7 15 12 18 8 31 6 21 23 19 3 11 2 16 28 20 10 24 26 17 29 30 22 27 13 14 25 9],2,66
greedy/esc32f,7,2,10,769,0,[6 22 29 3 18 5 10 9 2 30 15 16 31 23 14 24 1 28 8 20 19 25 0 21 7 26 17 27 11 13 12 4],[0 1 4 5 7 15 12 18 8 31 6 21 23 19 3 11 2 16 28 20 10 24 26 17 29 30 22 27 13 14 25 9],2,70
steepest/esc32f,7,2,4,2480,0,[29 20 1 3 2 5 22 24 30 18 15 10 31 23 14 28 16 8 6 9 19 25 0 21 7 26 17 27 11 13 12 4],[0 1 4 5 7 15 12 18 8 31 6 21 23 19 3 11 2 16 28 20 10 24 26 17 29 30 22 27 13 14 25 9],2,70
random/esc32f,7,70,0,0,0,[29 22 16 3 2 5 9 24 30 18 31 10 15 23 14 28 1 8 6 20 19 25 0 21 7 26 17 27 11 13 12 4],[0 1 4 5 7 15 12 18 8 31 6 21 23 19 3 11 2 16 28 20 10 24 26 17 29 30 22 27 13 14 25 9],2,70
randomWalk/esc32f,7,70,0,0,0,[29 22 16 3 2 5 9 24 30 18 31 10 15 23 14 28 1 8 6 20 19 25 0 21 7 26 17 27 11 13 12 4],[0 1 4 5 7 15 12 18 8 31 6 21 23 19 3 11 2 16 28 20 10 24 26 17 29 30 22 27 13 14 25 9],2,70
heuristic/esc32f,7,10,0,0,0,[1 10 2 3 4 5 31 27 23 9 0 8 26 25 14 15 24 29 30 28 20 21 22 11 19 18 17 16 13 7 12 6],[0 1 4 5 7 15 12 18 8 31 6 21 23 19 3 11 2 16 28 20 10 24 26 17 29 30 22 27 13 14 25 9],2,70
greedy/esc32f,8,2,6,794,0,[16 5 3 17 1 13 14 10 11 28 29 6 19 18 27 22 2 25 15 24 0 9 7 8 20 31 23 30 26 12 4 21],[0 1 4 5 7 15 12 18 8 31 6 21 23 19 3 11 2 16 28 20 10 24 26 17 29 30 22 27 13 14 25 9],2,48
steepest/esc32f,8,2,2,1488,0,[29 24 3 17 1 6 13 16 5 28 25 14 19 18 27 22 0 10 15 11 2 9 7 8 20 31 23 30 26 12 4 21],[0 1 4 5 7 15 12 18 8 31 6 21 23 19 3 11 2 16 28 20 10 24 26 17 29 30 22 27 13 14 25 9],2,48
random/esc32f,8,48,0,0,0,[29 24 3 17 1 13 6 10 5 28 25 14 19 18 27 22 0 16 15 11 2 9 7 8 20 31 23 30 26 12 4 21],[0 1 4 5 7 15 12 18 8 31 6 21 23 19 3 11 2 16 28 20 10 24 26 17 29 30 22 27 13 14 25 9],2,48
randomWalk/esc32f,8,48,0,0,0,[29 24 3 17 1 13 6 10 5 28 25 14 19 18 27 22 0 16 15 11 2 9 7 8 20 31 23 30 26 12 4 21],[0 1 4 5 7 15 12 18 8 31 6 21 23 19 3 11 2 16 28 20 10 24 26 17 29 30 22 27 13 14 25 9],2,48
heuristic/esc32f,8,10,0,0,0,[1 10 2 3 4 5 31 27 23 9 0 8 26 25 14 15 24 29 30 28 20 21 22 11 19 18 17 16 13 7 12 6],[0 1 4 5 7 15 12 18 8 31 6 21 23 19 3 11 2 16 28 20 10 24 26 17 29 30 22 27 13 14 25 9],2,48
greedy/esc32f,9,2,7,628,0,[3 26 24 4 20 6 12 0 14 9 19 17 15 7 31 13 1 10 28 2 27 29 18 23 5 25 8 16 22 21 11 30],[0 1 4 5 7 15 12 18 8 31 6 21 23 19 3 11 2 16 28 20 10 24 26 17 29 30 22 27 13 14 25 9],2,66
steepest/esc32f,9,2,4,2480,0,[7 26 24 15 28 9 0 4 3 19 10 17 14 12 31 13 20 6 1 2 27 29 18 23 5 25 8 16 22 21 11 30],[0 1 4 5 7 15 12 18 8 31 6 21 23 19 3 11 2 16 28 20 10 24 26 17 29 30 22 27 13 14 25 9],2,66
random/esc32f,9,66,0,0,0,[12 26 24 4 1 6 0 15 3 19 10 17 14 7 31 13 20 9 28 2 27 29 18 23 5 25 8 16 22 21 11 30],[0 1 4 5 7 15 12 18 8 31 6 21 23 19 3 11 2 16 28 20 10 24 26 17 29 30 22 27 13 14 25 9],2,66
randomWalk/esc32f,9,66,0,0,0,[12 26 24 4 1 6 0 15 3 19 10 17 14 7 31 13 20 9 28 2 27 29 18 23 5 25 8 16 22 21 11 30],[0 1 4 5 7 15 12 18 8 31 6 21 23 19 3 11 2 16 28 20 10 24 26 17 29 30 22 27 13 14 25 9],2,66
heuristic/esc32f,9,10,0,0,0,[1 10 2 3 4 5 31 27 23 9 0 8 26 25 14 15 24 29 30 28 20 21 22 11 19 18 17 16 13 7 12 6],[0 1 4 5 7 15 12 18 8 31 6 21 23 19 3 11 2 16 28 20 10 24 26 17 29 30 22 27 13 14 25 9],2,66
greedy/esc32f,10,2,5,878,0,[17 15 23 28 19 4 22 27 31 9 6 8 0 2 26 13 25 10 30 14 29 1 18 3 20 11 24 16 21 12 7 5],[0 1 4 5 7 15 12 18 8 31 6 21 23 19 3 11 2 16 28 20 10 24 26 17 29 30 22 27 13 14 25 9],2,46
steepest/esc32f,10,2,2,1488,0,[10 15 25 28 19 4 27 22 31 14 23 8 0 2 30 13 6 17 26 1 29 9 18 3 20 11 24 16 21 12 7 5],[0 1 4 5 7 15 12 18 8 31 6 21 23 19 3 11 2 16 28 20 10 24 26 17 29 30 22 27 13 14 25 9],2,46
random/esc32f,10,46,0,0,0,[17 15 25 28 19 4 22 27 31 14 23 8 0 2 30 13 6 10 26 1 29 9 18 3 20 11 24 16 21 12 7 5],[0 1 4 5 7 15 12 18 8 31 6 21 23 19 3 11 2 16 28 20 10 24 26 17 29 30 22 27 13 14 25 9],2,46
randomWalk/esc32f,10,46,0,0,0,[17 15 25 28 19 4 22 27 31 14 23 8 0 2 30 13 6 10 26 1 29 9 18 3 20 11 24 16 21 12 7 5],[0 1 4 5 7 15 12 18 8 31 6 21 23 19 3 11 2 16 28 20 10 24 26 17 29 30 22 27 13 14 25 9],2,46
heuristic/esc32f,10,10,0,0,0,[1 10 2 3 4 5 31 27 23 9 0 8 26 25 14 15 24 29 30 28 20 21 22 11 19 18 17 16 13 7 12 6],[0 1 4 5 7 15 12 18 8 31 6 21 23 19 3 11 2 16 28 20 10 24 26 17 29 30 22 27 13 14 25 9],2,46
greedy/lipa40a,1,31950,83,4406,0,[36 5 0 6 20 1 23 33 9 10 18 25 29 26 4 19 39 11 28 13 12 2 3 22 27 35 14 31 15 30 32 24 37 17 34 16 8 7 38 21],[6 5 13 26 18 36 20 1 15 0 39 23 29 22 4 27 21 7 19 34 31 25 28 2 3 10 35 9 12 37 8 16 30 17 32 14 24 33 38 11],31538,32723
steepest/lipa40a,1,32034,25,20280,6104900,[28 20 1 16 12 2 5 25 23 19 36 35 11 34 18 0 31 39 27 30 6 26 8 3 33 29 14 9 22 10 37 17 7 24 13 21 32 4 15 38],[6 5 13 26 18 36 20 1 15 0 39 23 29 22 4 27 21 7 19 34 31 25 28 2 3 10 35 9 12 37 8 16 30 17 32 14 24 33 38 11],31538,32723
random/lipa40a,1,32510,988,988,3584200,[3 31 14 2 15 16 20 17 5 0 7 32 10 24 35 21 39 18 8 29 34 9 26 22 38 11 28 25 12 4 27 30 33 23 6 36 13 1 37 19],[6 5 13 26 18 36 20 1 15 0 39 23 29 22 4 27 21 7 19 34 31 25 28 2 3 10 35 9 12 37 8 16 30 17 32 14 24 33 38 11],31538,32723
randomWalk/lipa40a,1,32639,11833,11833,3227300,[20 6 2 22 31 11 21 27 9 30 4 37 12 7 26 5 16 0 23 35 28 3 13 18 39 32 33 1 19 10 38 34 15 29 8 36 17 24 14 25],[6 5 13 26 18 36 20 1 15 0 39 23 29 22 4 27 21 7 19 34 31 25 28 2 3 10 35 9 12 37 8 16 30 17 32 14 24 33 38 11],31538,32723
heuristic/lipa40a,1,32760,0,0,0,[35 20 27 22 39 14 4 6 29 24 18 13 9 0 28 25 15 34 10 11 21 17 16 3 2 31 30 33 23 8 5 19 7 37 12 38 1 32 36 26],[6 5 13 26 18 36 20 1 15 0 39 23 29 22 4 27 21 7 19 34 31 25 28 2 3 10 35 9 12 37 8 16 30 17 32 14 24 33 38 11],31538,32723
greedy/lipa40a,2,32014,50,3036,962300,[33 3 1 11 26 39 17 14 16 25 28 19 24 2 35 4 37 30 0 36 21 29 6 27 12 8 13 9 32 7 18 20 5 22 15 23 31 10 38 34],[6 5 13 26 18 36 20 1 15 0 39 23 29 22 4 27 21 7 19 34 31 25 28 2 3 10 35 9 12 37 8 16 30 17 32 14 24 33 38 11],31538,32611
steepest/lipa40a,2,32053,16,13260,3139700,[21 3 12 14 19 9 30 25 2 7 13 11 15 28 20 4 29 8 6 24 33 37 34 16 26 27 1 39 5 23 18 36 22 0 31 35 32 17 38 10],[6 5 13 26 18 36 20 1 15 0 39 23 29 22 4 27 21 7 19 34 31 25 28 2 3 10 35 9 12 37 8 16 30 17 32 14 24 33 38 11],31538,32611
random/lipa40a,2,32489,768,768,3166700,[11 15 32 4 24 21 16 27 22 25 33 10 20 29 14 0 3 35 13 2 6 37 17 30 8 38 34 26 18 5 28 31 12 39 23 7 36 9 19 1],[6 5 13 26 18 36 20 1 15 0 39 23 29 22 4 27 21 7 19 34 31 25 28 2 3 10 35 9 12 37 8 16 30 17 32 14 24 33 38 11],31538,32611
randomWalk/lipa40a,2,32697,12012,12012,3385300,[13 39 23 33 1 8 6 37 36 24 21 15 34 14 27 18 16 17 28 32 38 12 19 11 30 25 2 5 9 3 31 26 22 35 0 20 29 7 4 10],[6 5 13 26 18 36 20 1 15 0 39 23 29 22 4 27 21 7 19 34 31 25 28 2 3 10 35 9 12 37 8 16 30 17 32 14 24 33 38 11],31538,32611
heuristic/lipa40a,2,32760,0,0,0,[35 20 27 22 39 14 4 6 29 24 18 13 9 0 28 25 15 34 10 11 21 17 16 3 2 31 30 33 23 8 5 19 7 37 12 38 1 32 36 26],[6 5 13 26 18 36 20 1 15 0 39 23 29 22 4 27 21 7 19 34 31 25 28 2 3 10 35 9 12 37 8 16 30 17 32 14 24 33 38 11],31538,32611
greedy/lipa40a,3,32071,57,3510,2007100,[14 34 31 9 19 37 11 8 10 33 32 27 3 6 38 29 39 13 16 18 15 26 4 1 28 22 7 30 25 23 21 2 24 12 35 5 17 0 36 20],[6 5 13 26 18 36 20 1 15 0 39 23 29 22 4 27 21 7 19 34 31 25 28 2 3 10 35 9 12 37 8 16 30 17 32 14 24 33 38 11],31538,32802
steepest/lipa40a,3,32077,17,14040,2616700,[37 39 27 9 17 12 3 16 13 1 10 21 38 31 2 15 8 32 6 18 19 30 26 22 7 29 5 11 25 24 33 14 0 35 28 23 4 20 36 34],[6 5 13 26 18 36 20 1 15 0 39 23 29 22 4 27 21 7 19 34 31 25 28 2 3 10 35 9 12 37 8 16 30 17 32 14 24 33 38 11],31538,32802
random/lipa40a,3,32494,2041,2041,5018400,[4 8 34 9 3 27 7 26 38 6 25 20 29 22 12 1 10 37 28 32 33 21 13 2 5 16 31 30 11 36 23 14 19 15 35 39 0 24 17 18],[6 5 13 26 18 36 20 1 15 0 39 23 29 22 4 27 21 7 19 34 31 25 28 2 3 10 35 9 12 37 8 16 30 17 32 14 24 33 38 11],31538,32802
randomWalk/lipa40a,3,32703,17645,17645,3186700,[5 30 3 35 37 22 19 6 20 29 24 28 14 8 13 34 21 2 15 1 32 23 25 39 31 4 17 9 36 11 38 7 16 12 18 0 27 33 26 10],[6 5 13 26 18 36 20 1 15 0 39 23 29 22 4 27 21 7 19 34 31 25 28 2 3 10 35 9 12 37 8 16 30 17 32 14 24 33 38 11],31538,32802
heuristic/lipa40a,3,32760,0,0,0,[35 20 27 22 39 14 4 6 29 24 18 13 9 0 28 25 15 34 10 11 21 17 16 3 2 31 30 33 23 8 5 19 7 37 12 38 1 32 36 26],[6 5 13 26 18 36 20 1 15 0 39 23 29 22 4 27 21 7 19 34 31 25 28 2 3 10 35 9 12 37 8 16 30 17 32 14 24 33 38 11],31538,32802
greedy/lipa40a,4,32057,48,4997,961400,[25 12 32 16 10 26 8 27 37 6 29 11 28 33 38 0 4 17 31 20 21 30 34 3 18 1 9 7 5 22 14 19 35 39 2 24 15 13 23 36],[6 5 13 26 18 36 20 1 15 0 39 23 29 22 4 27 21 7 19 34 31 25 28 2 3 10 35 9 12 37 8 16 30 17 32 14 24 33 38 11],31538,32647
steepest/lipa40a,4,32020,20,16380,3192400,[7 0 3 11 8 31 28 13 39 10 21 18 29 33 32 6 24 19 26 17 36 4 5 12 34 1 38 27 20 35 2 14 9 22 30 16 37 15 23 25],[6 5 13 26 18 36 20 1 15 0 39 23 29 22 4 27 21 7 19 34 31 25 28 2 3 10 35 9 12 37 8 16 30 17 32 14 24 33 38 11],31538,32647
random/lipa40a,4,32526,827,827,3221300,[19 29 9 26 34 11 38 27 33 24 17 36 15 21 37 20 23 0 14 39 25 6 22 32 2 28 4 7 30 12 5 13 31 35 16 8 3 1 10 18],[6 5 13 26 18 36 20 1 15 0 39 23 29 22 4 27 21 7 19 34 31 25 28 2 3 10 35 9 12 37 8 16 30 17 32 14 24 33 38 11],31538,32647
randomWalk/lipa40a,4,32665,11396,11396,3336900,[32 11 27 29 19 9 39 28 21 12 18 38 7 33 24 4 23 10 34 0 35 3 6 16 14 15 17 8 13 20 22 30 37 26 1 25 31 5 36 2],[6 5 13 26 18 36 20 1 15 0 39 23 29 22 4 27 21 7 19 34 31 25 28 2 3 10 35 9 12 37 8 16 30 17 32 14 24 33 38 11],31538,32647
heuristic/lipa40a,4,32760,0,0,0,[35 20 27 22 39 14 4 6 29 24 18 13 9 0 28 25 15 34 10 11 21 17 16 3 2 31 30 33 23 8 5 19 7 37 12 38 1 32 36 26],[6 5 13 26 18 36 20 1 15 0 39 23 29 22 4 27 21 7 19 34 31 25 28 2 3 10 35 9 12 37 8 16 30 17 32 14 24 33 38 11],31538,32647
greedy/lipa40a,5,32009,56,5366,1060900,[17 39 32 33 8 3 37 31 12 18 10 5 21 30 2 19 13 0 11 29 28 1 35 27 9 15 36 24 38 16 20 22 34 25 6 14 4 7 23 26],[6 5 13 26 18 36 20 1 15 0 39 23 29 22 4 27 21 7 19 34 31 25 28 2 3 10 35 9 12 37 8 16 30 17 32 14 24 33 38 11],31538,32681
steepest/lipa40a,5,32053,21,17160,4242900,[39 10 32 24 7 19 31 3 21 17 36 25 12 34 37 33 13 30 4 0 28 27 6 11 38 29 5 15 23 16 20 1 14 8 22 9 18 35 2 26],[6 5 13 26 18 36 20 1 15 0 39 23 29 22 4 27 21 7 19 34 31 25 28 2 3 10 35 9 12 37 8 16 30 17 32 14 24 33 38 11],31538,32681
random/lipa40a,5,32455,651,651,3006900,[21 6 25 16 1 27 7 20 2 39 10 17 0 28 31 8 26 19 33 4 12 29 9 3 36 30 22 18 38 15 32 24 13 37 11 34 23 14 5 35],[6 5 13 26 18 36 20 1 15 0 39 23 29 22 4 27 21 7 19 34 31 25 28 2 3 10 35 9 12 37 8 16 30 17 32 14 24 33 38 11],31538,32681
randomWalk/lipa40a,5,32733,11539,11539,3204300,[24 13 7 27 32 30 26 33 39 6 25 31 14 9 4 11 8 37 1 2 35 21 38 12 15 3 10 5 0 29 34 16 19 22 18 23 28 36 17 20],[6 5 13 26 18 36 20 1 15 0 39 23 29 22 4 27 21 7 19 34 31 25 28 2 3 10 35 9 12 37 8 16 30 17 32 14 24 33 38 11],31538,32681
heuristic/lipa40a,5,32760,0,0,0,[35 20 27 22 39 14 4 6 29 24 18 13 9 0 28 25 15 34 10 11 21 17 16 3 2 31 30 33 23 8 5 19 7 37 12 38 1 32 36 26],[6 5 13 26 18 36 20 1 15 0 39 23 29 22 4 27 21 7 19 34 31 25 28 2 3 10 35 9 12 37 8 16 30 17 32 14 24 33 38 11],31538,32681
greedy/lipa40a,6,31982,66,4859,1229100,[6 33 3 9 12 20 14 17 34 36 32 0 22 19 1 37 15 25 8 35 5 13 30 2 23 24 28 29 27 18 39 31 26 11 16 21 38 10 7 4],[6 5 13 26 18 36 20 1 15 0 39 23 29 22 4 27 21 7 19 34 31 25 28 2 3 10 35 9 12 37 8 16 30 17 32 14 24 33 38 11],31538,32703
steepest/lipa40a,6,32032,26,21060,4333800,[14 35 27 11 24 18 34 39 16 38 33 37 0 21 26 28 19 6 8 29 30 5 36 25 10 32 9 31 13 23 12 7 20 4 2 17 15 1 22 3],[6 5 13 26 18 36 20 1 15 0 39 23 29 22 4 27 21 7 19 34 31 25 28 2 3 10 35 9 12 37 8 16 30 17 32 14 24 33 38 11],31538,32703
random/lipa40a,6,32491,865,865,3190300,[15 11 27 21 6 3 37 34 4 9 19 18 24 2 20 32 26 22 39 16 13 30 12 35 1 8 38 5 7 25 28 31 10 29 17 23 36 14 33 0],[6 5 13 26 18 36 20 1 15 0 39 23 29 22 4 27 21 7 19 34 31 25 28 2 3 10 35 9 12 37 8 16 30 17 32 14 24 33 38 11],31538,32703
randomWalk/lipa40a,6,32675,19986,19986,4504600,[12 36 23 8 20 14 30 26 1 2 29 39 35 34 4 5 31 7 28 16 9 17 10 38 22 33 15 19 27 18 13 25 24 3 37 11 0 6 21 32],[6 5 13 26 18 36 20 1 15 0 39 23 29 22 4 27 21 7 19 34 31 25 28 2 3 10 35 9 12 37 8 16 30 17 32 14 24 33 38 11],31538,32703
heuristic/lipa40a,6,32760,0,0,0,[35 20 27 22 39 14 4 6 29 24 18 13 9 0 28 25 15 34 10 11 21 17 16 3 2 31 30 33 23 8 5 19 7 37 12 38 1 32 36 26],[6 5 13 26 18 36 20 1 15 0 39 23 29 22 4 27 21 7 19 34 31 25 28 2 3 10 35 9 12 37 8 16 30 17 32 14 24 33 38 11],31538,32703
greedy/lipa40a,7,32033,45,3587,0,[14 4 19 39 3 6 11 24 23 38 29 16 17 31 20 9 13 22 33 30 36 10 8 0 26 27 12 25 35 37 34 32 2 28 7 18 21 15 5 1],[6 5 13 26 18 36 20 1 15 0 39 23 29 22 4 27 21 7 19 34 31 25 28 2 3 10 35 9 12 37 8 16 30 17 32 14 24 33 38 11],31538,32731
steepest/lipa40a,7,32032,20,16380,5862000,[2 13 28 18 19 20 0 11 26 22 14 9 34 3 7 8 38 32 16 12 25 35 23 10 31 24 21 33 5 4 17 15 39 36 1 6 37 29 30 27],[6 5 13 26 18 36 20 1 15 0 39 23 29 22 4 27 21 7 19 34 31 25 28 2 3 10 35 9 12 37 8 16 30 17 32 14 24 33 38 11],31538,32731
random/lipa40a,7,32476,1323,1323,5850000,[39 15 20 17 32 6 1 9 23 10 22 29 12 31 4 28 13 25 30 37 18 34 7 24 11 14 27 38 36 5 2 3 16 33 35 26 8 19 21 0],[6 5 13 26 18 36 20 1 15 0 39 23 29 22 4 27 21 7 19 34 31 25 28 2 3 10 35 9 12 37 8 16 30 17 32 14 24 33 38 11],31538,32731
randomWalk/lipa40a,7,32718,25343,25343,6113900,[24 1 23 22 25 29 10 14 33 19 39 11 12 2 7 30 36 31 21 3 34 20 15 0 35 32 28 17 38 8 6 27 13 18 37 5 16 4 9 26],[6 5 13 26 18 36 20 1 15 0 39 23 29 22 4 27 21 7 19 34 31 25 28 2 3 10 35 9 12 37 8 16 30 17 32 14 24 33 38 11],31538,32731
heuristic/lipa40a,7,32760,0,0,0,[35 20 27 22 39 14 4 6 29 24 18 13 9 0 28 25 15 34 10 11 21 17 16 3 2 31 30 33 23 8 5 19 7 37 12 38 1 32 36 26],[6 5 13 26 18 36 20 1 15 0 39 23 29 22 4 27 21 7 19 34 31 25 28 2 3 10 35 9 12 37 8 16 30 17 32 14 24 33 38 11],31538,32731
greedy/lipa40a,8,31989,65,4102,1008000,[6 26 21 19 33 25 11 13 17 4 34 22 10 28 35 9 15 37 7 18 20 38 32 0 2 14 8 30 3 12 5 1 23 39 29 36 24 16 31 27],[6 5 13 26 18 36 20 1 15 0 39 23 29 22 4 27 21 7 19 34 31 25 28 2 3 10 35 9 12 37 8 16 30 17 32 14 24 33 38 11],31538,32743
steepest/lipa40a,8,31998,21,17160,3335500,[11 16 31 19 3 33 14 26 7 17 29 18 38 35 1 37 15 34 25 12 20 21 0 8 39 13 2 23 24 5 4 10 30 32 9 22 36 6 28 27],[6 5 13 26 18 36 20 1 15 0 39 23 29 22 4 27 21 7 19 34 31 25 28 2 3 10 35 9 12 37 8 16 30 17 32 14 24 33 38 11],31538,32743
random/lipa40a,8,32428,2177,2177,7012300,[30 27 28 23 11 26 18 5 21 35 39 16 20 2 15 37 17 9 12 1 7 22 3 25 0 32 33 8 6 10 36 34 19 38 31 13 14 29 4 24],[6 5 13 26 18 36 20 1 15 0 39 23 29 22 4 27 21 7 19 34 31 25 28 2 3 10 35 9 12 37 8 16 30 17 32 14 24 33 38 11],31538,32743
randomWalk/lipa40a,8,32799,32475,32475,7137600,[14 12 1 29 19 35 11 36 18 3 20 7 33 27 39 5 24 38 6 26 13 28 16 30 4 8 9 23 10 32 31 2 22 34 37 25 21 0 17 15],[6 5 13 26 18 36 20 1 15 0 39 23 29 22 4 27 21 7 19 34 31 25 28 2 3 10 35 9 12 37 8 16 30 17 32 14 24 33 38 11],31538,32743
heuristic/lipa40a,8,32760,0,0,0,[35 20 27 22 39 14 4 6 29 24 18 13 9 0 28 25 15 34 10 11 21 17 16 3 2 31 30 33 23 8 5 19 7 37 12 38 1 32 36 26],[6 5 13 26 18 36 20 1 15 0 39 23 29 22 4 27 21 7 19 34 31 25 28 2 3 10 35 9 12 37 8 16 30 17 32 14 24 33 38 11],31538,32743
greedy/lipa40a,9,32063,42,1810,0,[6 27 37 12 4 30 25 14 21 19 31 34 8 11 36 39 7 22 17 0 29 1 35 26 9 18 33 23 3 20 10 15 32 2 16 38 5 24 13 28],[6 5 13 26 18 36 20 1 15 0 39 23 29 22 4 27 21 7 19 34 31 25 28 2 3 10 35 9 12 37 8 16 30 17 32 14 24 33 38 11],31538,32761
steepest/lipa40a,9,32017,25,20280,4357700,[30 36 13 37 3 38 10 5 29 35 9 16 15 25 32 2 20 22 8 17 26 34 6 11 4 18 33 23 21 39 27 7 19 12 0 31 14 24 1 28],[6 5 13 26 18 36 20 1 15 0 39 23 29 22 4 27 21 7 19 34 31 25 28 2 3 10 35 9 12 37 8 16 30 17 32 14 24 33 38 11],31538,32761
random/lipa40a,9,32463,1071,1071,4784100,[24 13 39 36 17 32 19 1 27 2 21 25 33 29 23 30 9 14 31 8 37 5 34 3 18 35 10 28 26 4 11 20 0 38 7 16 12 15 22 6],[6 5 13 26 18 36 20 1 15 0 39 23 29 22 4 27 21 7 19 34 31 25 28 2 3 10 35 9 12 37 8 16 30 17 32 14 24 33 38 11],31538,32761
randomWalk/lipa40a,9,32749,17274,17274,3031100,[31 33 4 14 23 13 16 24 29 18 8 10 19 22 1 25 27 12 28 30 17 3 2 34 35 32 39 7 0 5 37 15 9 26 38 6 11 20 21 36],[6 5 13 26 18 36 20 1 15 0 39 23 29 22 4 27 21 7 19 34 31 25 28 2 3 10 35 9 12 37 8 16 30 17 32 14 24 33 38 11],31538,32761
heuristic/lipa40a,9,32760,0,0,0,[35 20 27 22 39 14 4 6 29 24 18 13 9 0 28 25 15 34 10 11 21 17 16 3 2 31 30 33 23 8 5 19 7 37 12 38 1 32 36 26],[6 5 13 26 18 36 20 1 15 0 39 23 29 22 4 27 21 7 19 34 31 25 28 2 3 10 35 9 12 37 8 16 30 17 32 14 24 33 38 11],31538,32761
greedy/lipa40a,10,32042,49,3026,0,[33 3 27 32 35 17 9 8 10 23 2 6 22 25 7 13 5 39 26 0 34 36 12 31 24 11 29 1 15 18 20 21 19 30 28 38 4 37 14 16],[6 5 13 26 18 36 20 1 15 0 39 23 29 22 4 27 21 7 19 34 31 25 28 2 3 10 35 9 12 37 8 16 30 17 32 14 24 33 38 11],31538,32725
steepest/lipa40a,10,31964,21,17160,0,[8 33 27 10 23 17 6 26 16 39 2 3 13 35 7 15 5 19 0 32 37 38 21 12 22 11 36 29 34 25 18 20 30 24 28 14 4 9 1 31],[6 5 13 26 18 36 20 1 15 0 39 23 29 22 4 27 21 7 19 34 31 25 28 2 3 10 35 9 12 37 8 16 30 17 32 14 24 33 38 11],31538,32725
random/lipa40a,10,32469,361,361,5540900,[36 35 7 29 16 13 34 23 30 17 8 27 37 20 19 4 18 22 26 39 38 11 21 15 3 0 33 5 28 31 2 25 12 14 32 10 6 1 24 9],[6 5 13 26 18 36 20 1 15 0 39 23 29 22 4 27 21 7 19 34 31 25 28 2 3 10 35 9 12 37 8 16 30 17 32 14 24 33 38 11],31538,32725
randomWalk/lipa40a,10,32681,55235,55235,9569100,[21 14 30 32 37 3 10 39 0 16 2 25 35 4 22 15 27 5 24 1 31 12 33 13 23 18 7 28 8 11 19 17 38 20 34 26 29 6 36 9],[6 5 13 26 18 36 20 1 15 0 39 23 29 22 4 27 21 7 19 34 31 25 28 2 3 10 35 9 12 37 8 16 30 17 32 14 24 33 38 11],31538,32725
heuristic/lipa40a,10,32760,0,0,0,[35 20 27 22 39 14 4 6 29 24 18 13 9 0 28 25 15 34 10 11 21 17 16 3 2 31 30 33 23 8 5 19 7 37 12 38 1 32 36 26],[6 5 13 26 18 36 20 1 15 0 39 23 29 22 4 27 21 7 19 34 31 25 28 2 3 10 35 9 12 37 8 16 30 17 32 14 24 33 38 11],31538,32725
