greedy/lipa80a,1,255360,130,25018,6486800,[64 12 55 19 46 7 39 57 33 29 43 37 41 51 74 75 22 79 13 17 5 38 53 30 59 34 63 27 52 48 18 11 16 23 56 1 69 31 44 49 10 36 61 4 60 66 28 20 15 58 26 68 42 21 32 24 9 2 6 0 40 35 72 45 3 62 67 65 54 76 77 78 14 70 25 8 71 73 47 50],[22 71 78 12 65 44 7 70 58 77 39 36 38 45 5 68 56 73 16 66 0 1 28 49 21 79 13 69 40 9 61 26 6 62 55 46 11 19 50 29 53 33 76 43 74 17 27 35 75 48 20 60 4 24 31 2 42 18 63 34 52 47 10 32 25 51 72 67 8 15 57 23 14 64 54 59 30 41 37 3],253195,258470
steepest/lipa80a,1,255396,43,139040,30973600,[2 44 41 14 52 40 76 51 57 27 23 79 37 32 74 19 17 24 9 73 13 48 33 70 78 18 38 49 46 58 62 67 22 65 68 31 11 59 29 60 77 63 64 8 0 1 36 26 20 72 21 6 66 55 75 15 45 7 43 61 12 47 4 50 56 3 71 35 30 69 25 53 16 39 10 42 54 5 28 34],[22 71 78 12 65 44 7 70 58 77 39 36 38 45 5 68 56 73 16 66 0 1 28 49 21 79 13 69 40 9 61 26 6 62 55 46 11 19 50 29 53 33 76 43 74 17 27 35 75 48 20 60 4 24 31 2 42 18 63 34 52 47 10 32 25 51 72 67 8 15 57 23 14 64 54 59 30 41 37 3],253195,258470
random/lipa80a,1,257650,5066,5066,35817400,[69 11 3 57 1 12 68 48 66 40 49 10 35 6 64 21 15 22 19 9 77 39 30 52 26 79 51 46 59 25 76 27 45 36 71 75 55 78 17 14 2 74 32 56 67 73 34 5 43 65 18 44 31 16 70 60 47 63 7 28 33 72 42 41 54 62 50 0 23 61 8 38 37 53 13 24 20 29 58 4],[22 71 78 12 65 44 7 70 58 77 39 36 38 45 5 68 56 73 16 66 0 1 28 49 21 79 13 69 40 9 61 26 6 62 55 46 11 19 50 29 53 33 76 43 74 17 27 35 75 48 20 60 4 24 31 2 42 18 63 34 52 47 10 32 25 51 72 67 8 15 57 23 14 64 54 59 30 41 37 3],253195,258470
randomWalk/lipa80a,1,258421,107733,107733,31223600,[6 15 0 17 78 37 31 32 61 79 22 11 77 29 75 16 14 35 5 42 59 64 55 20 33 24 36 39 34 7 51 54 9 40 47 41 56 27 45 68 28 62 48 65 50 57 26 46 3 43 73 38 12 58 2 66 53 70 13 1 44 72 25 76 21 52 67 19 63 71 23 10 8 60 4 69 74 49 18 30],[22 71 78 12 65 44 7 70 58 77 39 36 38 45 5 68 56 73 16 66 0 1 28 49 21 79 13 69 40 9 61 26 6 62 55 46 11 19 50 29 53 33 76 43 74 17 27 35 75 48 20 60 4 24 31 2 42 18 63 34 52 47 10 32 25 51 72 67 8 15 57 23 14 64 54 59 30 41 37 3],253195,258470
heuristic/lipa80a,1,258667,0,0,0,[33 50 66 42 19 47 40 55 38 78 70 45 48 16 27 53 22 43 79 3 2 11 26 58 62 4 1 68 7 71 72 23 74 76 64 60 44 18 14 20 9 28 57 29 13 56 31 35 10 51 39 75 17 36 30 21 41 46 63 6 5 0 49 12 25 37 69 77 15 34 67 24 54 65 32 61 8 59 73 52],[22 71 78 12 65 44 7 70 58 77 39 36 38 45 5 68 56 73 16 66 0 1 28 49 21 79 13 69 40 9 61 26 6 62 55 46 11 19 50 29 53 33 76 43 74 17 27 35 75 48 20 60 4 24 31 2 42 18 63 34 52 47 10 32 25 51 72 67 8 15 57 23 14 64 54 59 30 41 37 3],253195,258470
greedy/lipa80a,2,255494,113,20582,4718800,[63 53 51 43 73 16 29 75 44 32 38 67 9 41 22 78 11 3 77 6 26 17 39 58 72 1 50 60 35 37 7 10 55 45 36 69 68 70 33 18 12 66 52 28 34 24 30 8 19 13 0 20 4 25 46 56 57 48 2 61 14 27 79 15 31 71 64 5 49 59 21 42 65 62 23 76 40 74 54 47],[22 71 78 12 65 44 7 70 58 77 39 36 38 45 5 68 56 73 16 66 0 1 28 49 21 79 13 69 40 9 61 26 6 62 55 46 11 19 50 29 53 33 76 43 74 17 27 35 75 48 20 60 4 24 31 2 42 18 63 34 52 47 10 32 25 51 72 67 8 15 57 23 14 64 54 59 30 41 37 3],253195,258512
steepest/lipa80a,2,255392,47,151680,39144500,[10 35 11 67 31 63 27 23 30 39 55 20 37 79 56 15 38 9 29 25 58 14 76 7 4 49 18 74 6 72 3 32 16 24 45 28 70 51 1 2 8 26 36 40 59 13 33 41 47 43 5 21 60 68 71 46 78 19 34 48 50 12 73 53 0 57 22 77 69 61 42 62 54 44 66 65 17 52 75 64],[22 71 78 12 65 44 7 70 58 77 39 36 38 45 5 68 56 73 16 66 0 1 28 49 21 79 13 69 40 9 61 26 6 62 55 46 11 19 50 29 53 33 76 43 74 17 27 35 75 48 20 60 4 24 31 2 42 18 63 34 52 47 10 32 25 51 72 67 8 15 57 23 14 64 54 59 30 41 37 3],253195,258512
random/lipa80a,2,257607,5377,5377,40814100,[37 28 38 24 79 62 22 77 15 59 49 65 67 74 11 57 58 41 48 75 0 6 2 60 33 51 9 76 61 44 16 43 40 46 8 13 17 23 55 20 14 68 30 21 45 10 73 64 12 27 69 52 42 50 53 47 18 25 29 32 1 36 26 35 5 63 4 71 66 70 78 19 3 31 54 7 72 39 56 34],[22 71 78 12 65 44 7 70 58 77 39 36 38 45 5 68 56 73 16 66 0 1 28 49 21 79 13 69 40 9 61 26 6 62 55 46 11 19 50 29 53 33 76 43 74 17 27 35 75 48 20 60 4 24 31 2 42 18 63 34 52 47 10 32 25 51 72 67 8 15 57 23 14 64 54 59 30 41 37 3],253195,258512
randomWalk/lipa80a,2,258272,141625,141625,39753600,[25 15 69 12 66 23 14 19 76 5 44 75 27 53 48 55 50 8 61 6 39 31 3 35 17 7 11 46 71 60 57 77 29 21 59 51 4 36 32 10 38 68 9 26 18 65 1 40 13 72 74 58 2 73 45 34 33 24 0 78 41 52 62 22 64 30 54 28 70 16 20 37 63 43 49 42 56 47 79 67],[22 71 78 12 65 44 7 70 58 77 39 36 38 45 5 68 56 73 16 66 0 1 28 49 21 79 13 69 40 9 61 26 6 62 55 46 11 19 50 29 53 33 76 43 74 17 27 35 75 48 20 60 4 24 31 2 42 18 63 34 52 47 10 32 25 51 72 67 8 15 57 23 14 64 54 59 30 41 37 3],253195,258512
heuristic/lipa80a,2,258667,0,0,0,[33 50 66 42 19 47 40 55 38 78 70 45 48 16 27 53 22 43 79 3 2 11 26 58 62 4 1 68 7 71 72 23 74 76 64 60 44 18 14 20 9 28 57 29 13 56 31 35 10 51 39 75 17 36 30 21 41 46 63 6 5 0 49 12 25 37 69 77 15 34 67 24 54 65 32 61 8 59 73 52],[22 71 78 12 65 44 7 70 58 77 39 36 38 45 5 68 56 73 16 66 0 1 28 49 21 79 13 69 40 9 61 26 6 62 55 46 11 19 50 29 53 33 76 43 74 17 27 35 75 48 20 60 4 24 31 2 42 18 63 34 52 47 10 32 25 51 72 67 8 15 57 23 14 64 54 59 30 41 37 3],253195,258512
greedy/lipa80a,3,255578,110,16476,3662600,[47 66 69 68 34 10 25 55 54 23 53 72 58 13 20 29 6 22 39 45 11 30 28 52 65 61 41 46 2 32 76 57 60 14 78 44 9 17 77 74 19 63 59 7 35 27 5 51 31 33 43 75 18 26 50 8 16 38 67 0 70 1 24 73 12 56 79 48 21 71 42 3 40 36 49 64 62 4 37 15],[22 71 78 12 65 44 7 70 58 77 39 36 38 45 5 68 56 73 16 66 0 1 28 49 21 79 13 69 40 9 61 26 6 62 55 46 11 19 50 29 53 33 76 43 74 17 27 35 75 48 20 60 4 24 31 2 42 18 63 34 52 47 10 32 25 51 72 67 8 15 57 23 14 64 54 59 30 41 37 3],253195,258697
steepest/lipa80a,3,255325,52,167480,39557400,[13 61 77 39 42 26 74 71 8 20 31 58 35 12 78 18 62 53 69 56 11 38 24 22 50 25 52 66 36 3 60 59 37 44 76 72 46 2 47 23 57 5 55 68 67 45 32 79 43 14 48 29 17 41 0 63 16 7 6 49 70 21 65 34 28 54 27 9 75 64 40 73 19 4 1 33 51 10 30 15],[22 71 78 12 65 44 7 70 58 77 39 36 38 45 5 68 56 73 16 66 0 1 28 49 21 79 13 69 40 9 61 26 6 62 55 46 11 19 50 29 53 33 76 43 74 17 27 35 75 48 20 60 4 24 31 2 42 18 63 34 52 47 10 32 25 51 72 67 8 15 57 23 14 64 54 59 30 41 37 3],253195,258697
random/lipa80a,3,257722,5736,5736,40118300,[77 4 61 43 23 17 9 26 56 49 46 54 6 33 34 7 19 68 45 16 63 32 67 3 15 35 52 72 22 69 13 62 24 48 39 66 59 27 0 1 79 78 74 36 47 8 60 18 55 31 50 65 21 42 2 14 12 5 71 28 75 76 29 70 25 11 30 73 20 38 58 57 40 44 53 64 51 37 10 41],[22 71 78 12 65 44 7 70 58 77 39 36 38 45 5 68 56 73 16 66 0 1 28 49 21 79 13 69 40 9 61 26 6 62 55 46 11 19 50 29 53 33 76 43 74 17 27 35 75 48 20 60 4 24 31 2 42 18 63 34 52 47 10 32 25 51 72 67 8 15 57 23 14 64 54 59 30 41 37 3],253195,258697
randomWalk/lipa80a,3,258783,151124,151124,41290000,[64 34 21 53 30 40 38 75 62 13 51 58 22 45 43 18 8 78 35 37 29 73 26 10 46 56 16 76 41 68 44 67 0 54 52 70 55 31 25 39 79 32 20 47 63 1 48 17 2 4 15 49 7 66 33 27 28 57 12 36 6 11 3 72 42 60 74 59 14 71 5 23 61 69 65 19 24 9 77 50],[22 71 78 12 65 44 7 70 58 77 39 36 38 45 5 68 56 73 16 66 0 1 28 49 21 79 13 69 40 9 61 26 6 62 55 46 11 19 50 29 53 33 76 43 74 17 27 35 75 48 20 60 4 24 31 2 42 18 63 34 52 47 10 32 25 51 72 67 8 15 57 23 14 64 54 59 30 41 37 3],253195,258697
heuristic/lipa80a,3,258667,0,0,0,[33 50 66 42 19 47 40 55 38 78 70 45 48 16 27 53 22 43 79 3 2 11 26 58 62 4 1 68 7 71 72 23 74 76 64 60 44 18 14 20 9 28 57 29 13 56 31 35 10 51 39 75 17 36 30 21 41 46 63 6 5 0 49 12 25 37 69 77 15 34 67 24 54 65 32 61 8 59 73 52],[22 71 78 12 65 44 7 70 58 77 39 36 38 45 5 68 56 73 16 66 0 1 28 49 21 79 13 69 40 9 61 26 6 62 55 46 11 19 50 29 53 33 76 43 74 17 27 35 75 48 20 60 4 24 31 2 42 18 63 34 52 47 10 32 25 51 72 67 8 15 57 23 14 64 54 59 30 41 37 3],253195,258697
greedy/lipa80a,4,255408,133,17650,5124100,[63 67 45 60 3 20 44 22 66 7 77 36 25 18 50 55 38 27 14 53 19 2 47 8 0 59 65 49 40 78 23 56 12 61 37 39 74 51 26 4 33 15 54 16 58 10 69 48 34 42 71 72 11 64 30 13 32 24 41 1 73 79 46 5 6 35 43 29 76 62 57 68 17 75 70 52 31 28 21 9],[22 71 78 12 65 44 7 70 58 77 39 36 38 45 5 68 56 73 16 66 0 1 28 49 21 79 13 69 40 9 61 26 6 62 55 46 11 19 50 29 53 33 76 43 74 17 27 35 75 48 20 60 4 24 31 2 42 18 63 34 52 47 10 32 25 51 72 67 8 15 57 23 14 64 54 59 30 41 37 3],253195,258402
steepest/lipa80a,4,255359,44,142200,33149800,[78 36 16 40 21 29 20 30 77 5 52 17 48 14 50 37 54 27 2 15 47 56 71 9 8 65 4 60 58 59 1 66 53 3 12 55 26 43 69 63 62 51 45 34 35 24 75 18 10 39 79 70 11 7 74 32 28 64 61 76 19 38 68 72 13 25 41 49 0 44 31 57 67 23 33 42 22 73 6 46],[22 71 78 12 65 44 7 70 58 77 39 36 38 45 5 68 56 73 16 66 0 1 28 49 21 79 13 69 40 9 61 26 6 62 55 46 11 19 50 29 53 33 76 43 74 17 27 35 75 48 20 60 4 24 31 2 42 18 63 34 52 47 10 32 25 51 72 67 8 15 57 23 14 64 54 59 30 41 37 3],253195,258402
random/lipa80a,4,257808,4714,4714,33827100,[58 56 79 33 25 70 19 47 0 36 74 45 40 44 61 7 64 17 48 2 22 60 67 68 24 1 72 15 43 21 37 8 38 9 5 53 77 76 78 73 32 26 69 50 12 57 31 54 41 35 10 11 29 18 51 52 4 55 28 66 42 3 34 6 30 27 46 20 62 65 71 23 63 75 59 49 13 39 16 14],[22 71 78 12 65 44 7 70 58 77 39 36 38 45 5 68 56 73 16 66 0 1 28 49 21 79 13 69 40 9 61 26 6 62 55 46 11 19 50 29 53 33 76 43 74 17 27 35 75 48 20 60 4 24 31 2 42 18 63 34 52 47 10 32 25 51 72 67 8 15 57 23 14 64 54 59 30 41 37 3],253195,258402
randomWalk/lipa80a,4,258543,124627,124627,33467000,[55 76 72 60 31 66 44 39 13 50 54 46 2 33 47 51 40 38 5 59 53 32 4 18 26 73 1 3 48 74 37 9 36 25 77 21 30 17 69 63 20 6 19 16 70 12 67 42 52 34 41 64 23 14 24 71 62 43 22 79 15 61 56 49 8 7 65 11 78 68 35 28 75 0 27 10 57 58 45 29],[22 71 78 12 65 44 7 70 58 77 39 36 38 45 5 68 56 73 16 66 0 1 28 49 21 79 13 69 40 9 61 26 6 62 55 46 11 19 50 29 53 33 76 43 74 17 27 35 75 48 20 60 4 24 31 2 42 18 63 34 52 47 10 32 25 51 72 67 8 15 57 23 14 64 54 59 30 41 37 3],253195,258402
heuristic/lipa80a,4,258667,0,0,0,[33 50 66 42 19 47 40 55 38 78 70 45 48 16 27 53 22 43 79 3 2 11 26 58 62 4 1 68 7 71 72 23 74 76 64 60 44 18 14 20 9 28 57 29 13 56 31 35 10 51 39 75 17 36 30 21 41 46 63 6 5 0 49 12 25 37 69 77 15 34 67 24 54 65 32 61 8 59 73 52],[22 71 78 12 65 44 7 70 58 77 39 36 38 45 5 68 56 73 16 66 0 1 28 49 21 79 13 69 40 9 61 26 6 62 55 46 11 19 50 29 53 33 76 43 74 17 27 35 75 48 20 60 4 24 31 2 42 18 63 34 52 47 10 32 25 51 72 67 8 15 57 23 14 64 54 59 30 41 37 3],253195,258402
greedy/lipa80a,5,255317,131,29436,7937200,[34 40 6 27 19 33 26 21 20 9 1 8 52 25 66 11 2 7 3 28 78 0 10 18 49 38 70 69 22 55 17 5 23 41 36 68 37 79 43 57 77 59 75 42 64 73 45 47 65 31 12 72 63 16 35 24 46 14 51 71 53 13 39 56 76 58 44 67 61 30 74 60 50 62 54 15 48 32 29 4],[22 71 78 12 65 44 7 70 58 77 39 36 38 45 5 68 56 73 16 66 0 1 28 49 21 79 13 69 40 9 61 26 6 62 55 46 11 19 50 29 53 33 76 43 74 17 27 35 75 48 20 60 4 24 31 2 42 18 63 34 52 47 10 32 25 51 72 67 8 15 57 23 14 64 54 59 30 41 37 3],253195,258444
steepest/lipa80a,5,255330,46,148520,35374700,[46 47 5 27 6 71 69 2 9 60 20 25 16 66 34 54 52 14 12 78 35 40 61 7 51 72 32 64 22 44 79 42 36 56 19 24 18 15 50 70 33 55 77 59 68 75 49 38 4 43 62 41 74 45 8 28 58 26 0 39 23 11 10 76 67 37 48 3 29 30 21 31 63 53 17 65 73 13 57 1],[22 71 78 12 65 44 7 70 58 77 39 36 38 45 5 68 56 73 16 66 0 1 28 49 21 79 13 69 40 9 61 26 6 62 55 46 11 19 50 29 53 33 76 43 74 17 27 35 75 48 20 60 4 24 31 2 42 18 63 34 52 47 10 32 25 51 72 67 8 15 57 23 14 64 54 59 30 41 37 3],253195,258444
random/lipa80a,5,257786,5353,5353,37046400,[66 34 14 47 2 26 5 79 1 35 37 57 75 69 7 58 36 12 53 40 15 38 77 46 48 52 49 8 41 74 45 55 22 59 30 65 0 71 76 50 60 39 67 44 61 63 33 19 6 43 32 3 54 31 13 72 68 16 27 20 28 24 17 25 21 29 23 56 62 9 51 78 73 4 42 11 70 64 10 18],[22 71 78 12 65 44 7 70 58 77 39 36 38 45 5 68 56 73 16 66 0 1 28 49 21 79 13 69 40 9 61 26 6 62 55 46 11 19 50 29 53 33 76 43 74 17 27 35 75 48 20 60 4 24 31 2 42 18 63 34 52 47 10 32 25 51 72 67 8 15 57 23 14 64 54 59 30 41 37 3],253195,258444
randomWalk/lipa80a,5,258626,136625,136625,40297400,[42 44 35 6 0 51 45 3 27 49 75 62 38 12 40 71 76 55 54 79 57 70 67 47 39 1 14 72 37 21 48 8 13 41 2 29 18 36 19 23 59 20 50 60 30 73 69 74 63 17 34 66 11 22 46 78 43 5 53 7 32 52 9 10 61 4 15 77 16 58 33 65 64 56 25 24 26 28 68 31],[22 71 78 12 65 44 7 70 58 77 39 36 38 45 5 68 56 73 16 66 0 1 28 49 21 79 13 69 40 9 61 26 6 62 55 46 11 19 50 29 53 33 76 43 74 17 27 35 75 48 20 60 4 24 31 2 42 18 63 34 52 47 10 32 25 51 72 67 8 15 57 23 14 64 54 59 30 41 37 3],253195,258444
heuristic/lipa80a,5,258667,0,0,0,[33 50 66 42 19 47 40 55 38 78 70 45 48 16 27 53 22 43 79 3 2 11 26 58 62 4 1 68 7 71 72 23 74 76 64 60 44 18 14 20 9 28 57 29 13 56 31 35 10 51 39 75 17 36 30 21 41 46 63 6 5 0 49 12 25 37 69 77 15 34 67 24 54 65 32 61 8 59 73 52],[22 71 78 12 65 44 7 70 58 77 39 36 38 45 5 68 56 73 16 66 0 1 28 49 21 79 13 69 40 9 61 26 6 62 55 46 11 19 50 29 53 33 76 43 74 17 27 35 75 48 20 60 4 24 31 2 42 18 63 34 52 47 10 32 25 51 72 67 8 15 57 23 14 64 54 59 30 41 37 3],253195,258444
greedy/lipa80a,6,255365,116,22204,7657000,[74 41 12 75 13 49 9 33 32 39 17 62 56 0 2 46 59 8 57 78 79 16 26 14 28 65 45 53 7 24 68 11 64 35 76 42 50 44 30 55 4 37 60 72 54 36 3 38 22 5 51 31 29 66 61 48 71 23 18 73 27 10 69 1 25 34 20 15 58 77 67 43 63 40 6 52 70 19 47 21],[22 71 78 12 65 44 7 70 58 77 39 36 38 45 5 68 56 73 16 66 0 1 28 49 21 79 13 69 40 9 61 26 6 62 55 46 11 19 50 29 53 33 76 43 74 17 27 35 75 48 20 60 4 24 31 2 42 18 63 34 52 47 10 32 25 51 72 67 8 15 57 23 14 64 54 59 30 41 37 3],253195,258547
steepest/lipa80a,6,255403,41,132720,27513400,[76 37 58 60 75 1 3 4 64 53 11 62 74 59 15 49 16 40 13 18 51 17 65 7 35 39 57 36 26 73 46 6 67 52 0 72 68 32 33 5 34 2 63 55 54 50 69 48 31 30 71 14 29 10 43 9 47 42 20 21 27 61 78 19 45 8 12 28 77 56 22 24 23 70 44 41 38 79 25 66],[22 71 78 12 65 44 7 70 58 77 39 36 38 45 5 68 56 73 16 66 0 1 28 49 21 79 13 69 40 9 61 26 6 62 55 46 11 19 50 29 53 33 76 43 74 17 27 35 75 48 20 60 4 24 31 2 42 18 63 34 52 47 10 32 25 51 72 67 8 15 57 23 14 64 54 59 30 41 37 3],253195,258547
random/lipa80a,6,257760,3459,3459,29137200,[47 79 59 43 50 5 63 3 62 39 36 54 6 71 17 38 26 41 10 16 76 21 46 34 67 14 51 19 20 12 35 65 45 64 48 68 27 37 4 24 8 77 49 52 31 28 25 61 22 58 53 18 74 57 11 30 70 0 56 40 69 33 78 2 15 66 23 13 44 72 29 9 55 75 73 32 42 7 60 1],[22 71 78 12 65 44 7 70 58 77 39 36 38 45 5 68 56 73 16 66 0 1 28 49 21 79 13 69 40 9 61 26 6 62 55 46 11 19 50 29 53 33 76 43 74 17 27 35 75 48 20 60 4 24 31 2 42 18 63 34 52 47 10 32 25 51 72 67 8 15 57 23 14 64 54 59 30 41 37 3],253195,258547
randomWalk/lipa80a,6,258162,100320,100320,27592000,[73 11 15 51 44 20 21 65 48 19 49 55 26 25 28 46 76 8 43 58 40 78 42 29 32 31 64 54 62 69 63 36 34 66 41 56 74 53 2 33 35 77 70 17 39 7 10 5 18 45 37 14 67 75 22 23 50 1 9 38 24 60 13 3 6 27 71 59 68 57 72 79 30 16 61 47 0 52 4 12],[22 71 78 12 65 44 7 70 58 77 39 36 38 45 5 68 56 73 16 66 0 1 28 49 21 79 13 69 40 9 61 26 6 62 55 46 11 19 50 29 53 33 76 43 74 17 27 35 75 48 20 60 4 24 31 2 42 18 63 34 52 47 10 32 25 51 72 67 8 15 57 23 14 64 54 59 30 41 37 3],253195,258547
heuristic/lipa80a,6,258667,0,0,0,[33 50 66 42 19 47 40 55 38 78 70 45 48 16 27 53 22 43 79 3 2 11 26 58 62 4 1 68 7 71 72 23 74 76 64 60 44 18 14 20 9 28 57 29 13 56 31 35 10 51 39 75 17 36 30 21 41 46 63 6 5 0 49 12 25 37 69 77 15 34 67 24 54 65 32 61 8 59 73 52],[22 71 78 12 65 44 7 70 58 77 39 36 38 45 5 68 56 73 16 66 0 1 28 49 21 79 13 69 40 9 61 26 6 62 55 46 11 19 50 29 53 33 76 43 74 17 27 35 75 48 20 60 4 24 31 2 42 18 63 34 52 47 10 32 25 51 72 67 8 15 57 23 14 64 54 59 30 41 37 3],253195,258547
greedy/lipa80a,7,255038,150,29725,7336900,[54 43 69 39 57 75 44 53 0 65 32 5 34 73 20 46 70 56 8 42 50 30 67 36 68 22 14 64 59 27 31 33 79 66 28 26 61 41 40 29 76 38 35 7 47 55 37 10 71 48 1 4 52 45 23 12 77 19 3 16 17 24 9 6 18 60 78 72 62 21 11 58 63 13 25 74 15 49 51 2],[22 71 78 12 65 44 7 70 58 77 39 36 38 45 5 68 56 73 16 66 0 1 28 49 21 79 13 69 40 9 61 26 6 62 55 46 11 19 50 29 53 33 76 43 74 17 27 35 75 48 20 60 4 24 31 2 42 18 63 34 52 47 10 32 25 51 72 67 8 15 57 23 14 64 54 59 30 41 37 3],253195,258402
steepest/lipa80a,7,255285,55,176960,46053900,[7 61 45 4 51 0 42 35 73 43 8 60 59 63 17 67 27 50 74 62 14 29 10 24 9 44 46 3 64 48 37 33 19 77 39 2 53 79 12 20 28 1 30 76 72 66 71 78 25 65 32 55 52 38 47 13 56 69 41 31 15 26 18 75 57 22 11 5 6 21 70 54 23 16 36 68 58 49 40 34],[22 71 78 12 65 44 7 70 58 77 39 36 38 45 5 68 56 73 16 66 0 1 28 49 21 79 13 69 40 9 61 26 6 62 55 46 11 19 50 29 53 33 76 43 74 17 27 35 75 48 20 60 4 24 31 2 42 18 63 34 52 47 10 32 25 51 72 67 8 15 57 23 14 64 54 59 30 41 37 3],253195,258402
random/lipa80a,7,257787,7428,7428,51753500,[60 18 6 73 34 36 20 14 47 22 71 70 48 75 67 13 4 8 51 5 19 63 31 50 30 52 25 9 32 39 42 35 33 10 21 46 38 45 43 54 74 11 66 53 72 26 64 7 57 62 3 41 37 61 68 78 12 40 1 23 77 58 17 56 2 44 16 55 15 28 29 24 65 49 76 69 27 0 79 59],[22 71 78 12 65 44 7 70 58 77 39 36 38 45 5 68 56 73 16 66 0 1 28 49 21 79 13 69 40 9 61 26 6 62 55 46 11 19 50 29 53 33 76 43 74 17 27 35 75 48 20 60 4 24 31 2 42 18 63 34 52 47 10 32 25 51 72 67 8 15 57 23 14 64 54 59 30 41 37 3],253195,258402
randomWalk/lipa80a,7,258695,162570,162570,46797900,[30 36 53 62 76 1 38 25 65 5 64 43 45 79 31 52 29 47 63 39 12 57 2 17 61 23 70 50 67 32 11 55 24 34 44 75 18 27 40 13 46 41 60 0 66 35 58 3 26 42 59 73 4 16 19 15 14 37 9 48 68 49 7 77 69 10 51 6 8 56 28 20 22 21 72 78 33 74 54 71],[22 71 78 12 65 44 7 70 58 77 39 36 38 45 5 68 56 73 16 66 0 1 28 49 21 79 13 69 40 9 61 26 6 62 55 46 11 19 50 29 53 33 76 43 74 17 27 35 75 48 20 60 4 24 31 2 42 18 63 34 52 47 10 32 25 51 72 67 8 15 57 23 14 64 54 59 30 41 37 3],253195,258402
heuristic/lipa80a,7,258667,0,0,0,[33 50 66 42 19 47 40 55 38 78 70 45 48 16 27 53 22 43 79 3 2 11 26 58 62 4 1 68 7 71 72 23 74 76 64 60 44 18 14 20 9 28 57 29 13 56 31 35 10 51 39 75 17 36 30 21 41 46 63 6 5 0 49 12 25 37 69 77 15 34 67 24 54 65 32 61 8 59 73 52],[22 71 78 12 65 44 7 70 58 77 39 36 38 45 5 68 56 73 16 66 0 1 28 49 21 79 13 69 40 9 61 26 6 62 55 46 11 19 50 29 53 33 76 43 74 17 27 35 75 48 20 60 4 24 31 2 42 18 63 34 52 47 10 32 25 51 72 67 8 15 57 23 14 64 54 59 30 41 37 3],253195,258402
greedy/lipa80a,8,255288,128,30531,7222600,[75 61 9 48 4 29 56 67 76 17 6 68 54 5 52 14 64 24 33 41 77 63 46 44 66 25 58 65 3 42 38 11 1 49 36 22 37 73 45 70 43 19 47 57 28 10 60 40 32 27 7 31 26 34 72 12 59 71 20 2 50 16 55 74 39 18 0 8 35 13 69 15 62 21 53 51 23 79 78 30],[22 71 78 12 65 44 7 70 58 77 39 36 38 45 5 68 56 73 16 66 0 1 28 49 21 79 13 69 40 9 61 26 6 62 55 46 11 19 50 29 53 33 76 43 74 17 27 35 75 48 20 60 4 24 31 2 42 18 63 34 52 47 10 32 25 51 72 67 8 15 57 23 14 64 54 59 30 41 37 3],253195,258570
steepest/lipa80a,8,255458,49,158000,37552800,[24 46 64 42 22 8 52 27 43 44 9 71 4 55 45 17 54 78 37 50 77 28 66 47 51 63 26 32 61 23 11 68 6 20 10 48 67 76 21 30 49 16 70 5 57 1 0 53 62 65 58 39 36 60 35 56 69 13 59 29 74 75 7 34 3 19 18 12 73 41 72 15 2 33 25 31 79 14 38 40],[22 71 78 12 65 44 7 70 58 77 39 36 38 45 5 68 56 73 16 66 0 1 28 49 21 79 13 69 40 9 61 26 6 62 55 46 11 19 50 29 53 33 76 43 74 17 27 35 75 48 20 60 4 24 31 2 42 18 63 34 52 47 10 32 25 51 72 67 8 15 57 23 14 64 54 59 30 41 37 3],253195,258570
random/lipa80a,8,257765,5533,5533,39210400,[31 78 32 43 72 55 54 48 13 67 51 3 20 58 38 70 68 40 11 42 41 59 46 27 65 76 35 47 77 16 60 1 15 22 75 28 52 33 25 19 53 24 17 39 7 21 0 10 29 63 44 23 74 73 49 50 36 71 57 9 14 34 26 6 56 2 45 12 69 64 5 62 18 30 4 37 66 79 8 61],[22 71 78 12 65 44 7 70 58 77 39 36 38 45 5 68 56 73 16 66 0 1 28 49 21 79 13 69 40 9 61 26 6 62 55 46 11 19 50 29 53 33 76 43 74 17 27 35 75 48 20 60 4 24 31 2 42 18 63 34 52 47 10 32 25 51 72 67 8 15 57 23 14 64 54 59 30 41 37 3],253195,258570
randomWalk/lipa80a,8,258557,146792,146792,41691900,[27 63 0 30 5 42 22 68 59 39 23 50 45 43 9 74 36 64 69 15 53 57 34 78 8 75 18 3 31 79 47 10 19 54 41 2 55 58 56 4 24 40 44 37 33 46 52 20 60 61 29 71 38 73 49 76 7 26 1 14 70 12 16 21 6 65 25 32 13 77 48 66 62 35 67 28 11 72 51 17],[22 71 78 12 65 44 7 70 58 77 39 36 38 45 5 68 56 73 16 66 0 1 28 49 21 79 13 69 40 9 61 26 6 62 55 46 11 19 50 29 53 33 76 43 74 17 27 35 75 48 20 60 4 24 31 2 42 18 63 34 52 47 10 32 25 51 72 67 8 15 57 23 14 64 54 59 30 41 37 3],253195,258570
heuristic/lipa80a,8,258667,0,0,0,[33 50 66 42 19 47 40 55 38 78 70 45 48 16 27 53 22 43 79 3 2 11 26 58 62 4 1 68 7 71 72 23 74 76 64 60 44 18 14 20 9 28 57 29 13 56 31 35 10 51 39 75 17 36 30 21 41 46 63 6 5 0 49 12 25 37 69 77 15 34 67 24 54 65 32 61 8 59 73 52],[22 71 78 12 65 44 7 70 58 77 39 36 38 45 5 68 56 73 16 66 0 1 28 49 21 79 13 69 40 9 61 26 6 62 55 46 11 19 50 29 53 33 76 43 74 17 27 35 75 48 20 60 4 24 31 2 42 18 63 34 52 47 10 32 25 51 72 67 8 15 57 23 14 64 54 59 30 41 37 3],253195,258570
greedy/lipa80a,9,255311,130,23431,4975900,[57 78 5 17 38 60 61 35 33 25 6 29 65 32 71 73 55 20 69 12 72 40 1 24 68 10 26 13 52 8 22 31 54 42 30 4 0 7 3 51 15 18 39 23 67 45 46 27 16 37 14 76 62 79 21 56 28 75 70 50 47 59 64 2 34 77 63 48 74 36 66 44 43 53 49 41 19 11 58 9],[22 71 78 12 65 44 7 70 58 77 39 36 38 45 5 68 56 73 16 66 0 1 28 49 21 79 13 69 40 9 61 26 6 62 55 46 11 19 50 29 53 33 76 43 74 17 27 35 75 48 20 60 4 24 31 2 42 18 63 34 52 47 10 32 25 51 72 67 8 15 57 23 14 64 54 59 30 41 37 3],253195,258217
steepest/lipa80a,9,255338,42,135880,32542700,[13 69 42 59 16 52 50 64 55 48 30 14 18 20 38 26 5 58 72 61 29 40 1 45 27 39 12 60 68 49 63 77 74 57 56 46 4 3 51 0 36 65 28 32 73 7 9 76 35 10 75 22 8 41 70 66 33 79 21 71 67 11 34 47 15 78 17 31 6 23 62 37 19 44 25 53 43 24 54 2],[22 71 78 12 65 44 7 70 58 77 39 36 38 45 5 68 56 73 16 66 0 1 28 49 21 79 13 69 40 9 61 26 6 62 55 46 11 19 50 29 53 33 76 43 74 17 27 35 75 48 20 60 4 24 31 2 42 18 63 34 52 47 10 32 25 51 72 67 8 15 57 23 14 64 54 59 30 41 37 3],253195,258217
random/lipa80a,9,257774,5743,5743,40864000,[23 56 28 79 52 7 11 12 15 31 44 68 37 42 24 45 55 71 54 67 57 39 64 73 46 66 29 77 75 58 27 13 48 20 50 61 49 8 74 17 43 30 32 78 76 25 69 1 41 6 10 0 35 33 72 26 2 62 21 34 38 60 22 40 18 65 14 47 19 4 59 51 3 70 5 36 16 63 53 9],[22 71 78 12 65 44 7 70 58 77 39 36 38 45 5 68 56 73 16 66 0 1 28 49 21 79 13 69 40 9 61 26 6 62 55 46 11 19 50 29 53 33 76 43 74 17 27 35 75 48 20 60 4 24 31 2 42 18 63 34 52 47 10 32 25 51 72 67 8 15 57 23 14 64 54 59 30 41 37 3],253195,258217
randomWalk/lipa80a,9,258449,133160,133160,35920700,[25 73 60 49 39 28 41 46 66 1 51 20 68 38 32 2 19 13 72 71 52 42 45 33 10 76 56 11 35 74 53 3 67 34 61 26 16 78 15 69 37 4 12 77 62 18 31 24 27 29 8 9 23 21 43 63 79 64 5 55 7 44 54 40 22 58 59 50 65 57 47 30 14 17 6 0 36 48 75 70],[22 71 78 12 65 44 7 70 58 77 39 36 38 45 5 68 56 73 16 66 0 1 28 49 21 79 13 69 40 9 61 26 6 62 55 46 11 19 50 29 53 33 76 43 74 17 27 35 75 48 20 60 4 24 31 2 42 18 63 34 52 47 10 32 25 51 72 67 8 15 57 23 14 64 54 59 30 41 37 3],253195,258217
heuristic/lipa80a,9,258667,0,0,0,[33 50 66 42 19 47 40 55 38 78 70 45 48 16 27 53 22 43 79 3 2 11 26 58 62 4 1 68 7 71 72 23 74 76 64 60 44 18 14 20 9 28 57 29 13 56 31 35 10 51 39 75 17 36 30 21 41 46 63 6 5 0 49 12 25 37 69 77 15 34 67 24 54 65 32 61 8 59 73 52],[22 71 78 12 65 44 7 70 58 77 39 36 38 45 5 68 56 73 16 66 0 1 28 49 21 79 13 69 40 9 61 26 6 62 55 46 11 19 50 29 53 33 76 43 74 17 27 35 75 48 20 60 4 24 31 2 42 18 63 34 52 47 10 32 25 51 72 67 8 15 57 23 14 64 54 59 30 41 37 3],253195,258217
greedy/lipa80a,10,255238,138,31225,0,[51 42 11 29 10 30 54 31 64 28 0 67 36 40 2 57 25 26 21 41 38 7 46 65 15 52 27 39 13 44 35 6 43 63 17 22 48 33 74 8 1 61 60 79 20 23 68 70 14 62 5 34 66 73 3 4 72 37 59 58 50 32 19 16 56 45 69 76 77 55 53 47 49 9 75 78 12 24 18 71],[22 71 78 12 65 44 7 70 58 77 39 36 38 45 5 68 56 73 16 66 0 1 28 49 21 79 13 69 40 9 61 26 6 62 55 46 11 19 50 29 53 33 76 43 74 17 27 35 75 48 20 60 4 24 31 2 42 18 63 34 52 47 10 32 25 51 72 67 8 15 57 23 14 64 54 59 30 41 37 3],253195,258512
steepest/lipa80a,10,255199,53,170640,49851900,[36 6 69 73 7 38 67 40 23 65 1 8 22 0 35 46 59 29 33 51 37 58 68 47 15 63 57 76 48 66 41 14 62 3 17 44 32 18 9 39 75 24 64 27 19 10 30 70 60 55 43 53 54 34 2 12 52 49 56 61 50 28 74 4 20 77 45 31 42 16 21 78 11 79 25 71 26 13 72 5],[22 71 78 12 65 44 7 70 58 77 39 36 38 45 5 68 56 73 16 66 0 1 28 49 21 79 13 69 40 9 61 26 6 62 55 46 11 19 50 29 53 33 76 43 74 17 27 35 75 48 20 60 4 24 31 2 42 18 63 34 52 47 10 32 25 51 72 67 8 15 57 23 14 64 54 59 30 41 37 3],253195,258512
random/lipa80a,10,257694,6878,6878,50357800,[1 36 64 66 55 65 76 46 59 60 33 57 9 79 39 0 48 18 7 17 11 28 77 34 2 71 58 54 45 15 72 32 20 3 78 13 68 37 40 47 42 6 10 30 21 53 22 5 19 38 8 63 4 44 23 24 14 27 49 26 16 41 31 35 73 56 70 75 25 61 62 51 50 52 29 12 69 67 74 43],[22 71 78 12 65 44 7 70 58 77 39 36 38 45 5 68 56 73 16 66 0 1 28 49 21 79 13 69 40 9 61 26 6 62 55 46 11 19 50 29 53 33 76 43 74 17 27 35 75 48 20 60 4 24 31 2 42 18 63 34 52 47 10 32 25 51 72 67 8 15 57 23 14 64 54 59 30 41 37 3],253195,258512
randomWalk/lipa80a,10,259007,148468,148468,50669700,[61 0 12 47 35 54 15 41 14 33 77 9 30 51 79 56 65 55 4 78 74 8 62 60 3 46 16 28 49 70 32 52 29 25 17 23 1 48 21 38 71 67 58 19 72 20 50 53 7 31 22 45 66 57 43 42 24 26 6 39 34 18 44 10 73 13 36 5 75 63 40 59 27 2 68 76 69 37 64 11],[22 71 78 12 65 44 7 70 58 77 39 36 38 45 5 68 56 73 16 66 0 1 28 49 21 79 13 69 40 9 61 26 6 62 55 46 11 19 50 29 53 33 76 43 74 17 27 35 75 48 20 60 4 24 31 2 42 18 63 34 52 47 10 32 25 51 72 67 8 15 57 23 14 64 54 59 30 41 37 3],253195,258512
heuristic/lipa80a,10,258667,0,0,0,[33 50 66 42 19 47 40 55 38 78 70 45 48 16 27 53 22 43 79 3 2 11 26 58 62 4 1 68 7 71 72 23 74 76 64 60 44 18 14 20 9 28 57 29 13 56 31 35 10 51 39 75 17 36 30 21 41 46 63 6 5 0 49 12 25 37 69 77 15 34 67 24 54 65 32 61 8 59 73 52],[22 71 78 12 65 44 7 70 58 77 39 36 38 45 5 68 56 73 16 66 0 1 28 49 21 79 13 69 40 9 61 26 6 62 55 46 11 19 50 29 53 33 76 43 74 17 27 35 75 48 20 60 4 24 31 2 42 18 63 34 52 47 10 32 25 51 72 67 8 15 57 23 14 64 54 59 30 41 37 3],253195,258512
greedy/lipa80a,11,255299,130,31142,10637900,[77 44 68 36 58 72 8 47 63 57 21 9 4 78 62 15 45 55 16 46 28 75 65 33 11 69 43 5 0 66 41 71 56 64 10 24 14 20 13 31 70 52 1 26 3 76 53 35 37 25 67 18 17 12 49 23 2 40 22 74 29 51 54 79 48 27 34 60 7 59 19 38 61 50 39 73 30 32 6 42],[22 71 78 12 65 44 7 70 58 77 39 36 38 45 5 68 56 73 16 66 0 1 28 49 21 79 13 69 40 9 61 26 6 62 55 46 11 19 50 29 53 33 76 43 74 17 27 35 75 48 20 60 4 24 31 2 42 18 63 34 52 47 10 32 25 51 72 67 8 15 57 23 14 64 54 59 30 41 37 3],253195,258580
steepest/lipa80a,11,255306,47,151680,40861600,[1 30 67 54 73 63 45 34 78 38 24 60 4 33 79 62 31 50 11 9 15 7 19 68 77 27 40 66 23 69 0 5 52 70 2 13 61 48 57 6 39 64 18 22 3 44 32 16 10 37 56 20 65 49 74 51 28 75 42 43 17 71 47 36 76 21 25 41 8 26 59 46 29 35 58 53 12 55 14 72],[22 71 78 12 65 44 7 70 58 77 39 36 38 45 5 68 56 73 16 66 0 1 28 49 21 79 13 69 40 9 61 26 6 62 55 46 11 19 50 29 53 33 76 43 74 17 27 35 75 48 20 60 4 24 31 2 42 18 63 34 52 47 10 32 25 51 72 67 8 15 57 23 14 64 54 59 30 41 37 3],253195,258580
random/lipa80a,11,257690,5051,5051,42103300,[71 66 61 5 79 0 56 51 39 36 24 60 45 13 75 34 74 73 9 46 63 2 65 62 37 3 38 32 52 68 72 23 8 20 78 26 18 41 25 28 15 40 43 30 19 76 47 27 55 31 6 21 67 16 53 42 12 64 22 1 54 59 14 57 69 10 35 50 58 49 4 7 77 11 29 17 33 48 44 70],[22 71 78 12 65 44 7 70 58 77 39 36 38 45 5 68 56 73 16 66 0 1 28 49 21 79 13 69 40 9 61 26 6 62 55 46 11 19 50 29 53 33 76 43 74 17 27 35 75 48 20 60 4 24 31 2 42 18 63 34 52 47 10 32 25 51 72 67 8 15 57 23 14 64 54 59 30 41 37 3],253195,258580
randomWalk/lipa80a,11,258586,147429,147429,41502100,[1 44 18 17 72 28 25 36 9 13 43 55 20 66 31 65 70 3 14 8 53 46 27 30 75 50 15 63 34 68 51 64 39 23 42 45 4 35 54 77 71 22 40 58 79 33 12 16 21 59 49 52 60 57 56 38 2 48 62 11 69 5 78 6 61 26 10 41 24 0 74 73 37 32 19 67 47 76 7 29],[22 71 78 12 65 44 7 70 58 77 39 36 38 45 5 68 56 73 16 66 0 1 28 49 21 79 13 69 40 9 61 26 6 62 55 46 11 19 50 29 53 33 76 43 74 17 27 35 75 48 20 60 4 24 31 2 42 18 63 34 52 47 10 32 25 51 72 67 8 15 57 23 14 64 54 59 30 41 37 3],253195,258580
heuristic/lipa80a,11,258667,0,0,0,[33 50 66 42 19 47 40 55 38 78 70 45 48 16 27 53 22 43 79 3 2 11 26 58 62 4 1 68 7 71 72 23 74 76 64 60 44 18 14 20 9 28 57 29 13 56 31 35 10 51 39 75 17 36 30 21 41 46 63 6 5 0 49 12 25 37 69 77 15 34 67 24 54 65 32 61 8 59 73 52],[22 71 78 12 65 44 7 70 58 77 39 36 38 45 5 68 56 73 16 66 0 1 28 49 21 79 13 69 40 9 61 26 6 62 55 46 11 19 50 29 53 33 76 43 74 17 27 35 75 48 20 60 4 24 31 2 42 18 63 34 52 47 10 32 25 51 72 67 8 15 57 23 14 64 54 59 30 41 37 3],253195,258580
greedy/lipa80a,12,255183,161,33316,8079500,[76 11 31 20 53 56 1 4 10 25 70 54 51 23 15 37 40 47 49 67 33 17 66 59 27 38 64 45 34 57 50 42 26 24 22 13 6 69 0 16 3 48 12 43 21 41 68 18 78 75 28 8 52 7 36 46 39 35 58 14 29 65 63 79 62 73 71 74 60 5 77 2 19 9 30 44 72 32 61 55],[22 71 78 12 65 44 7 70 58 77 39 36 38 45 5 68 56 73 16 66 0 1 28 49 21 79 13 69 40 9 61 26 6 62 55 46 11 19 50 29 53 33 76 43 74 17 27 35 75 48 20 60 4 24 31 2 42 18 63 34 52 47 10 32 25 51 72 67 8 15 57 23 14 64 54 59 30 41 37 3],253195,258469
steepest/lipa80a,12,255304,43,139040,26313200,[71 59 74 45 23 64 25 16 31 51 26 15 7 76 50 34 42 48 21 8 65 37 11 79 39 61 68 54 43 1 35 2 46 12 62 9 13 49 0 19 22 55 28 10 20 24 60 69 5 3 6 52 78 17 47 32 14 63 27 29 56 44 72 70 33 53 40 18 58 4 41 38 36 67 77 66 73 30 57 75],[22 71 78 12 65 44 7 70 58 77 39 36 38 45 5 68 56 73 16 66 0 1 28 49 21 79 13 69 40 9 61 26 6 62 55 46 11 19 50 29 53 33 76 43 74 17 27 35 75 48 20 60 4 24 31 2 42 18 63 34 52 47 10 32 25 51 72 67 8 15 57 23 14 64 54 59 30 41 37 3],253195,258469
random/lipa80a,12,257708,2644,2644,27201800,[32 61 57 19 33 36 45 3 65 47 71 18 79 14 20 37 62 30 21 5 29 46 72 42 55 66 12 28 67 31 40 7 6 54 11 63 44 24 60 2 22 35 52 43 51 41 48 10 9 26 1 56 17 16 78 75 8 53 27 25 68 64 76 59 73 39 74 13 50 58 38 4 15 70 49 34 23 0 69 77],[22 71 78 12 65 44 7 70 58 77 39 36 38 45 5 68 56 73 16 66 0 1 28 49 21 79 13 69 40 9 61 26 6 62 55 46 11 19 50 29 53 33 76 43 74 17 27 35 75 48 20 60 4 24 31 2 42 18 63 34 52 47 10 32 25 51 72 67 8 15 57 23 14 64 54 59 30 41 37 3],253195,258469
randomWalk/lipa80a,12,258634,94883,94883,27568700,[40 46 66 27 2 58 26 74 8 15 61 4 77 55 56 64 7 76 73 33 34 16 68 71 9 28 21 60 22 12 57 38 18 19 5 70 6 10 30 14 23 72 11 41 53 51 47 62 67 36 65 45 25 31 78 52 20 49 48 39 32 63 44 35 75 1 42 37 0 3 13 29 50 24 43 69 79 17 59 54],[22 71 78 12 65 44 7 70 58 77 39 36 38 45 5 68 56 73 16 66 0 1 28 49 21 79 13 69 40 9 61 26 6 62 55 46 11 19 50 29 53 33 76 43 74 17 27 35 75 48 20 60 4 24 31 2 42 18 63 34 52 47 10 32 25 51 72 67 8 15 57 23 14 64 54 59 30 41 37 3],253195,258469
heuristic/lipa80a,12,258667,0,0,0,[33 50 66 42 19 47 40 55 38 78 70 45 48 16 27 53 22 43 79 3 2 11 26 58 62 4 1 68 7 71 72 23 74 76 64 60 44 18 14 20 9 28 57 29 13 56 31 35 10 51 39 75 17 36 30 21 41 46 63 6 5 0 49 12 25 37 69 77 15 34 67 24 54 65 32 61 8 59 73 52],[22 71 78 12 65 44 7 70 58 77 39 36 38 45 5 68 56 73 16 66 0 1 28 49 21 79 13 69 40 9 61 26 6 62 55 46 11 19 50 29 53 33 76 43 74 17 27 35 75 48 20 60 4 24 31 2 42 18 63 34 52 47 10 32 25 51 72 67 8 15 57 23 14 64 54 59 30 41 37 3],253195,258469
greedy/lipa80a,13,255442,132,21121,0,[1 5 22 35 61 50 79 20 34 15 57 40 24 46 52 10 69 28 74 75 8 62 14 16 73 7 65 78 37 44 18 36 39 23 19 59 6 0 27 43 26 41 2 30 12 60 49 58 33 76 38 25 70 11 71 66 67 45 68 51 55 72 9 21 77 31 47 48 42 13 63 56 3 64 29 53 17 54 4 32],[22 71 78 12 65 44 7 70 58 77 39 36 38 45 5 68 56 73 16 66 0 1 28 49 21 79 13 69 40 9 61 26 6 62 55 46 11 19 50 29 53 33 76 43 74 17 27 35 75 48 20 60 4 24 31 2 42 18 63 34 52 47 10 32 25 51 72 67 8 15 57 23 14 64 54 59 30 41 37 3],253195,258519
steepest/lipa80a,13,255448,43,139040,41577500,[0 10 65 28 1 15 78 71 67 44 31 61 60 7 55 29 27 30 4 11 22 50 42 69 41 3 17 51 35 73 20 36 59 13 56 14 48 76 12 19 64 34 6 25 2 24 39 37 8 38 57 32 54 18 5 45 46 79 70 63 74 16 49 53 52 9 77 33 23 66 47 68 40 62 75 72 26 58 21 43],[22 71 78 12 65 44 7 70 58 77 39 36 38 45 5 68 56 73 16 66 0 1 28 49 21 79 13 69 40 9 61 26 6 62 55 46 11 19 50 29 53 33 76 43 74 17 27 35 75 48 20 60 4 24 31 2 42 18 63 34 52 47 10 32 25 51 72 67 8 15 57 23 14 64 54 59 30 41 37 3],253195,258519
random/lipa80a,13,257822,5264,5264,41651300,[43 42 32 9 6 58 14 0 57 74 20 50 39 8 47 64 60 5 27 73 63 70 72 3 16 7 18 46 67 51 30 75 54 62 65 79 34 24 13 31 71 41 15 29 56 28 23 55 66 10 2 49 4 37 35 68 59 78 77 33 44 53 45 25 52 69 22 12 76 21 38 36 11 17 1 19 40 61 48 26],[22 71 78 12 65 44 7 70 58 77 39 36 38 45 5 68 56 73 16 66 0 1 28 49 21 79 13 69 40 9 61 26 6 62 55 46 11 19 50 29 53 33 76 43 74 17 27 35 75 48 20 60 4 24 31 2 42 18 63 34 52 47 10 32 25 51 72 67 8 15 57 23 14 64 54 59 30 41 37 3],253195,258519
randomWalk/lipa80a,13,258829,159551,159551,45443700,[11 26 47 37 70 39 15 56 23 34 1 7 42 57 69 30 17 51 62 46 58 29 36 5 6 50 3 43 78 49 63 24 33 16 72 8 77 52 74 25 20 73 75 18 76 65 22 55 61 38 12 71 48 68 27 32 0 67 19 14 35 28 10 59 64 4 41 60 31 40 44 21 66 53 79 45 54 2 13 9],[22 71 78 12 65 44 7 70 58 77 39 36 38 45 5 68 56 73 16 66 0 1 28 49 21 79 13 69 40 9 61 26 6 62 55 46 11 19 50 29 53 33 76 43 74 17 27 35 75 48 20 60 4 24 31 2 42 18 63 34 52 47 10 32 25 51 72 67 8 15 57 23 14 64 54 59 30 41 37 3],253195,258519
heuristic/lipa80a,13,258667,0,0,0,[33 50 66 42 19 47 40 55 38 78 70 45 48 16 27 53 22 43 79 3 2 11 26 58 62 4 1 68 7 71 72 23 74 76 64 60 44 18 14 20 9 28 57 29 13 56 31 35 10 51 39 75 17 36 30 21 41 46 63 6 5 0 49 12 25 37 69 77 15 34 67 24 54 65 32 61 8 59 73 52],[22 71 78 12 65 44 7 70 58 77 39 36 38 45 5 68 56 73 16 66 0 1 28 49 21 79 13 69 40 9 61 26 6 62 55 46 11 19 50 29 53 33 76 43 74 17 27 35 75 48 20 60 4 24 31 2 42 18 63 34 52 47 10 32 25 51 72 67 8 15 57 23 14 64 54 59 30 41 37 3],253195,258519
greedy/lipa80a,14,255314,124,22780,5823300,[12 25 73 38 65 6 8 79 1 56 29 4 41 30 51 18 63 66 15 72 9 14 23 16 49 64 54 52 10 70 11 33 48 40 35 32 57 5 46 78 75 44 2 68 3 67 21 27 19 0 26 42 36 58 55 74 37 28 47 69 53 76 71 39 31 22 17 7 62 50 20 61 45 77 59 43 34 60 24 13],[22 71 78 12 65 44 7 70 58 77 39 36 38 45 5 68 56 73 16 66 0 1 28 49 21 79 13 69 40 9 61 26 6 62 55 46 11 19 50 29 53 33 76 43 74 17 27 35 75 48 20 60 4 24 31 2 42 18 63 34 52 47 10 32 25 51 72 67 8 15 57 23 14 64 54 59 30 41 37 3],253195,258750
steepest/lipa80a,14,255428,57,183280,45102000,[16 73 61 71 72 26 20 13 67 14 78 66 58 77 9 35 39 49 12 79 74 59 45 65 76 62 52 0 7 31 36 8 70 69 55 34 68 28 29 19 22 33 21 38 51 27 43 6 41 63 32 57 5 75 42 3 53 56 48 1 50 44 4 2 60 10 15 25 40 18 24 64 54 17 11 46 30 47 37 23],[22 71 78 12 65 44 7 70 58 77 39 36 38 45 5 68 56 73 16 66 0 1 28 49 21 79 13 69 40 9 61 26 6 62 55 46 11 19 50 29 53 33 76 43 74 17 27 35 75 48 20 60 4 24 31 2 42 18 63 34 52 47 10 32 25 51 72 67 8 15 57 23 14 64 54 59 30 41 37 3],253195,258750
random/lipa80a,14,257715,6314,6314,45914300,[70 13 14 57 29 46 51 23 72 7 74 20 65 61 53 45 18 69 40 78 67 24 17 28 27 32 2 30 39 6 58 33 35 60 34 25 59 26 64 50 22 63 38 54 42 8 48 11 43 1 47 49 36 73 10 19 44 68 31 76 0 15 77 75 4 9 37 52 5 66 71 41 12 62 79 3 16 21 55 56],[22 71 78 12 65 44 7 70 58 77 39 36 38 45 5 68 56 73 16 66 0 1 28 49 21 79 13 69 40 9 61 26 6 62 55 46 11 19 50 29 53 33 76 43 74 17 27 35 75 48 20 60 4 24 31 2 42 18 63 34 52 47 10 32 25 51 72 67 8 15 57 23 14 64 54 59 30 41 37 3],253195,258750
randomWalk/lipa80a,14,258926,165501,165501,46710100,[39 57 12 13 18 48 60 16 50 46 27 65 51 59 25 40 24 70 30 34 5 66 45 32 15 4 23 61 44 63 41 79 8 58 74 6 54 68 77 38 36 3 21 62 17 14 37 72 52 43 78 29 47 69 76 22 56 35 67 33 0 19 53 11 42 75 20 49 10 26 55 28 31 9 71 73 64 2 1 7],[22 71 78 12 65 44 7 70 58 77 39 36 38 45 5 68 56 73 16 66 0 1 28 49 21 79 13 69 40 9 61 26 6 62 55 46 11 19 50 29 53 33 76 43 74 17 27 35 75 48 20 60 4 24 31 2 42 18 63 34 52 47 10 32 25 51 72 67 8 15 57 23 14 64 54 59 30 41 37 3],253195,258750
heuristic/lipa80a,14,258667,0,0,0,[33 50 66 42 19 47 40 55 38 78 70 45 48 16 27 53 22 43 79 3 2 11 26 58 62 4 1 68 7 71 72 23 74 76 64 60 44 18 14 20 9 28 57 29 13 56 31 35 10 51 39 75 17 36 30 21 41 46 63 6 5 0 49 12 25 37 69 77 15 34 67 24 54 65 32 61 8 59 73 52],[22 71 78 12 65 44 7 70 58 77 39 36 38 45 5 68 56 73 16 66 0 1 28 49 21 79 13 69 40 9 61 26 6 62 55 46 11 19 50 29 53 33 76 43 74 17 27 35 75 48 20 60 4 24 31 2 42 18 63 34 52 47 10 32 25 51 72 67 8 15 57 23 14 64 54 59 30 41 37 3],253195,258750
greedy/lipa80a,15,255185,139,37183,6296100,[33 31 32 64 72 1 57 29 14 73 63 45 76 61 26 28 58 10 69 54 7 78 9 36 55 15 68 22 44 77 6 51 21 2 42 41 70 17 79 56 47 13 40 11 53 25 24 34 65 66 35 8 27 60 30 75 46 43 0 49 38 16 23 18 20 62 37 12 3 4 74 67 59 5 50 71 19 48 39 52],[22 71 78 12 65 44 7 70 58 77 39 36 38 45 5 68 56 73 16 66 0 1 28 49 21 79 13 69 40 9 61 26 6 62 55 46 11 19 50 29 53 33 76 43 74 17 27 35 75 48 20 60 4 24 31 2 42 18 63 34 52 47 10 32 25 51 72 67 8 15 57 23 14 64 54 59 30 41 37 3],253195,258466
steepest/lipa80a,15,255337,42,135880,36976500,[46 38 34 49 0 7 31 14 18 11 71 48 68 12 29 36 6 1 8 26 28 61 79 45 70 24 58 17 63 2 44 32 42 41 9 43 39 21 73 33 67 27 76 69 72 55 23 47 65 51 37 15 59 66 54 60 22 4 53 62 25 20 5 77 16 56 19 30 3 78 10 13 75 50 40 35 64 57 74 52],[22 71 78 12 65 44 7 70 58 77 39 36 38 45 5 68 56 73 16 66 0 1 28 49 21 79 13 69 40 9 61 26 6 62 55 46 11 19 50 29 53 33 76 43 74 17 27 35 75 48 20 60 4 24 31 2 42 18 63 34 52 47 10 32 25 51 72 67 8 15 57 23 14 64 54 59 30 41 37 3],253195,258466
random/lipa80a,15,257709,4843,4843,37775400,[13 18 3 63 34 26 76 0 53 40 11 25 47 29 43 39 42 6 68 62 37 45 67 27 35 51 71 78 9 12 70 55 19 4 73 60 2 33 58 36 23 1 17 75 32 38 31 5 77 21 10 14 28 69 30 20 64 56 66 59 57 65 41 61 79 50 7 15 44 48 72 49 46 8 22 16 24 52 54 74],[22 71 78 12 65 44 7 70 58 77 39 36 38 45 5 68 56 73 16 66 0 1 28 49 21 79 13 69 40 9 61 26 6 62 55 46 11 19 50 29 53 33 76 43 74 17 27 35 75 48 20 60 4 24 31 2 42 18 63 34 52 47 10 32 25 51 72 67 8 15 57 23 14 64 54 59 30 41 37 3],253195,258466
randomWalk/lipa80a,15,258991,139537,139537,39469700,[72 44 50 61 54 62 18 25 30 5 14 56 41 46 74 23 16 28 66 45 64 21 60 20 42 71 6 19 77 68 34 53 33 10 24 58 26 4 52 48 73 40 17 31 76 36 39 7 0 43 13 79 63 15 59 3 27 29 2 57 65 8 11 35 75 1 47 32 37 49 78 12 70 69 51 55 22 67 9 38],[22 71 78 12 65 44 7 70 58 77 39 36 38 45 5 68 56 73 16 66 0 1 28 49 21 79 13 69 40 9 61 26 6 62 55 46 11 19 50 29 53 33 76 43 74 17 27 35 75 48 20 60 4 24 31 2 42 18 63 34 52 47 10 32 25 51 72 67 8 15 57 23 14 64 54 59 30 41 37 3],253195,258466
heuristic/lipa80a,15,258667,0,0,0,[33 50 66 42 19 47 40 55 38 78 70 45 48 16 27 53 22 43 79 3 2 11 26 58 62 4 1 68 7 71 72 23 74 76 64 60 44 18 14 20 9 28 57 29 13 56 31 35 10 51 39 75 17 36 30 21 41 46 63 6 5 0 49 12 25 37 69 77 15 34 67 24 54 65 32 61 8 59 73 52],[22 71 78 12 65 44 7 70 58 77 39 36 38 45 5 68 56 73 16 66 0 1 28 49 21 79 13 69 40 9 61 26 6 62 55 46 11 19 50 29 53 33 76 43 74 17 27 35 75 48 20 60 4 24 31 2 42 18 63 34 52 47 10 32 25 51 72 67 8 15 57 23 14 64 54 59 30 41 37 3],253195,258466
greedy/lipa80a,16,255303,137,25487,8983200,[60 0 58 75 35 34 10 77 6 42 74 56 68 23 4 25 72 70 55 36 27 61 41 17 62 40 43 7 47 67 37 76 15 31 49 69 29 78 38 71 48 63 32 79 16 8 9 53 39 24 12 13 50 52 22 21 30 57 46 2 59 5 3 73 44 18 11 1 54 14 19 26 66 33 20 45 64 28 65 51],[22 71 78 12 65 44 7 70 58 77 39 36 38 45 5 68 56 73 16 66 0 1 28 49 21 79 13 69 40 9 61 26 6 62 55 46 11 19 50 29 53 33 76 43 74 17 27 35 75 48 20 60 4 24 31 2 42 18 63 34 52 47 10 32 25 51 72 67 8 15 57 23 14 64 54 59 30 41 37 3],253195,258360
steepest/lipa80a,16,255419,41,132720,31795100,[29 8 67 58 51 18 10 56 30 0 27 61 44 69 5 47 72 70 55 7 6 52 39 12 75 40 48 32 73 68 34 15 78 36 2 33 14 28 43 11 9 60 46 71 20 64 77 31 4 24 50 41 63 74 17 21 35 38 53 23 59 54 76 42 13 25 66 65 19 26 49 22 57 62 79 45 37 3 1 16],[22 71 78 12 65 44 7 70 58 77 39 36 38 45 5 68 56 73 16 66 0 1 28 49 21 79 13 69 40 9 61 26 6 62 55 46 11 19 50 29 53 33 76 43 74 17 27 35 75 48 20 60 4 24 31 2 42 18 63 34 52 47 10 32 25 51 72 67 8 15 57 23 14 64 54 59 30 41 37 3],253195,258360
random/lipa80a,16,257666,4588,4588,32546700,[42 58 41 76 40 61 33 19 39 6 75 21 23 50 46 66 37 62 56 24 38 48 3 1 73 59 67 34 2 53 78 79 25 45 54 60 31 28 7 27 5 68 55 72 16 17 11 52 44 20 18 63 71 32 49 14 10 64 47 30 77 74 0 51 35 70 13 12 43 15 36 29 26 57 8 22 4 9 65 69],[22 71 78 12 65 44 7 70 58 77 39 36 38 45 5 68 56 73 16 66 0 1 28 49 21 79 13 69 40 9 61 26 6 62 55 46 11 19 50 29 53 33 76 43 74 17 27 35 75 48 20 60 4 24 31 2 42 18 63 34 52 47 10 32 25 51 72 67 8 15 57 23 14 64 54 59 30 41 37 3],253195,258360
randomWalk/lipa80a,16,258400,115445,115445,32178300,[16 48 45 19 13 5 64 77 69 51 57 37 29 75 53 34 1 18 10 17 74 27 63 25 3 22 32 70 67 28 20 6 62 49 76 15 56 26 60 0 21 9 39 33 44 65 14 68 11 54 55 31 42 36 35 72 7 38 23 4 30 8 24 46 40 2 12 43 50 71 59 66 41 61 52 47 58 79 78 73],[22 71 78 12 65 44 7 70 58 77 39 36 38 45 5 68 56 73 16 66 0 1 28 49 21 79 13 69 40 9 61 26 6 62 55 46 11 19 50 29 53 33 76 43 74 17 27 35 75 48 20 60 4 24 31 2 42 18 63 34 52 47 10 32 25 51 72 67 8 15 57 23 14 64 54 59 30 41 37 3],253195,258360
heuristic/lipa80a,16,258667,0,0,0,[33 50 66 42 19 47 40 55 38 78 70 45 48 16 27 53 22 43 79 3 2 11 26 58 62 4 1 68 7 71 72 23 74 76 64 60 44 18 14 20 9 28 57 29 13 56 31 35 10 51 39 75 17 36 30 21 41 46 63 6 5 0 49 12 25 37 69 77 15 34 67 24 54 65 32 61 8 59 73 52],[22 71 78 12 65 44 7 70 58 77 39 36 38 45 5 68 56 73 16 66 0 1 28 49 21 79 13 69 40 9 61 26 6 62 55 46 11 19 50 29 53 33 76 43 74 17 27 35 75 48 20 60 4 24 31 2 42 18 63 34 52 47 10 32 25 51 72 67 8 15 57 23 14 64 54 59 30 41 37 3],253195,258360
greedy/lipa80a,17,255159,164,37837,9376200,[3 70 24 19 20 49 39 17 67 31 61 74 73 79 12 23 72 60 18 10 9 34 16 26 69 32 62 36 75 27 4 55 52 77 65 22 54 42 28 33 76 1 44 30 2 59 6 78 51 35 63 5 38 56 13 43 14 41 7 50 64 40 58 0 25 21 47 11 37 45 29 48 71 8 68 57 15 66 53 46],[22 71 78 12 65 44 7 70 58 77 39 36 38 45 5 68 56 73 16 66 0 1 28 49 21 79 13 69 40 9 61 26 6 62 55 46 11 19 50 29 53 33 76 43 74 17 27 35 75 48 20 60 4 24 31 2 42 18 63 34 52 47 10 32 25 51 72 67 8 15 57 23 14 64 54 59 30 41 37 3],253195,258651
steepest/lipa80a,17,255509,37,120080,31206500,[53 12 71 79 37 48 3 4 17 33 72 0 73 60 74 13 35 40 31 23 32 75 43 61 69 55 66 77 34 59 67 76 1 45 10 9 26 22 78 57 56 50 19 39 58 49 7 47 18 51 52 65 38 44 2 54 20 68 21 24 62 6 63 16 29 25 28 11 70 41 14 5 46 30 27 42 64 8 36 15],[22 71 78 12 65 44 7 70 58 77 39 36 38 45 5 68 56 73 16 66 0 1 28 49 21 79 13 69 40 9 61 26 6 62 55 46 11 19 50 29 53 33 76 43 74 17 27 35 75 48 20 60 4 24 31 2 42 18 63 34 52 47 10 32 25 51 72 67 8 15 57 23 14 64 54 59 30 41 37 3],253195,258651
random/lipa80a,17,257809,4003,4003,31354400,[28 32 31 22 44 45 5 51 58 29 14 73 15 6 10 79 53 24 38 17 11 4 19 65 68 7 1 74 63 67 64 69 0 54 2 33 75 8 66 20 18 47 36 55 59 27 40 52 77 23 3 35 9 39 61 43 13 50 48 78 26 46 71 42 70 62 76 21 16 34 56 25 30 49 72 60 41 37 12 57],[22 71 78 12 65 44 7 70 58 77 39 36 38 45 5 68 56 73 16 66 0 1 28 49 21 79 13 69 40 9 61 26 6 62 55 46 11 19 50 29 53 33 76 43 74 17 27 35 75 48 20 60 4 24 31 2 42 18 63 34 52 47 10 32 25 51 72 67 8 15 57 23 14 64 54 59 30 41 37 3],253195,258651
randomWalk/lipa80a,17,258645,124792,124792,36397900,[70 23 7 66 47 21 18 53 43 15 10 2 8 13 14 62 73 12 17 51 77 36 11 31 71 64 9 25 33 63 58 3 26 57 37 56 60 40 79 74 5 1 65 52 78 44 19 61 6 0 46 30 35 45 68 59 76 20 32 69 48 42 72 29 39 27 16 22 28 49 67 50 4 41 54 55 38 34 75 24],[22 71 78 12 65 44 7 70 58 77 39 36 38 45 5 68 56 73 16 66 0 1 28 49 21 79 13 69 40 9 61 26 6 62 55 46 11 19 50 29 53 33 76 43 74 17 27 35 75 48 20 60 4 24 31 2 42 18 63 34 52 47 10 32 25 51 72 67 8 15 57 23 14 64 54 59 30 41 37 3],253195,258651
heuristic/lipa80a,17,258667,0,0,0,[33 50 66 42 19 47 40 55 38 78 70 45 48 16 27 53 22 43 79 3 2 11 26 58 62 4 1 68 7 71 72 23 74 76 64 60 44 18 14 20 9 28 57 29 13 56 31 35 10 51 39 75 17 36 30 21 41 46 63 6 5 0 49 12 25 37 69 77 15 34 67 24 54 65 32 61 8 59 73 52],[22 71 78 12 65 44 7 70 58 77 39 36 38 45 5 68 56 73 16 66 0 1 28 49 21 79 13 69 40 9 61 26 6 62 55 46 11 19 50 29 53 33 76 43 74 17 27 35 75 48 20 60 4 24 31 2 42 18 63 34 52 47 10 32 25 51 72 67 8 15 57 23 14 64 54 59 30 41 37 3],253195,258651
greedy/lipa80a,18,255313,140,28579,7780700,[69 6 7 29 64 47 75 18 25 9 46 54 2 26 66 48 21 35 15 43 31 57 23 38 68 40 65 11 53 61 36 74 3 63 58 39 22 44 76 59 13 12 72 56 77 73 78 8 62 28 55 37 0 1 20 24 51 41 19 49 32 50 5 67 70 17 79 45 16 30 4 34 60 33 71 10 27 14 42 52],[22 71 78 12 65 44 7 70 58 77 39 36 38 45 5 68 56 73 16 66 0 1 28 49 21 79 13 69 40 9 61 26 6 62 55 46 11 19 50 29 53 33 76 43 74 17 27 35 75 48 20 60 4 24 31 2 42 18 63 34 52 47 10 32 25 51 72 67 8 15 57 23 14 64 54 59 30 41 37 3],253195,258564
steepest/lipa80a,18,255386,54,173800,65321400,[6 67 48 30 18 22 15 2 33 78 10 76 64 70 61 55 69 4 45 38 3 42 23 66 28 17 35 21 47 25 62 8 26 5 46 50 14 12 11 52 31 36 72 39 34 37 20 49 77 75 79 73 32 57 65 0 74 1 43 63 59 54 27 56 44 7 68 51 19 60 29 24 40 41 16 58 9 71 13 53],[22 71 78 12 65 44 7 70 58 77 39 36 38 45 5 68 56 73 16 66 0 1 28 49 21 79 13 69 40 9 61 26 6 62 55 46 11 19 50 29 53 33 76 43 74 17 27 35 75 48 20 60 4 24 31 2 42 18 63 34 52 47 10 32 25 51 72 67 8 15 57 23 14 64 54 59 30 41 37 3],253195,258564
random/lipa80a,18,257631,8856,8856,68340900,[45 67 53 46 33 20 17 23 19 58 74 14 76 40 38 28 66 70 26 36 7 21 29 35 34 4 69 55 2 47 15 50 11 73 22 52 27 51 31 79 56 75 10 57 43 30 1 9 72 42 39 61 18 12 68 3 25 54 48 64 37 0 16 77 71 49 41 65 32 24 62 6 60 44 13 59 63 5 8 78],[22 71 78 12 65 44 7 70 58 77 39 36 38 45 5 68 56 73 16 66 0 1 28 49 21 79 13 69 40 9 61 26 6 62 55 46 11 19 50 29 53 33 76 43 74 17 27 35 75 48 20 60 4 24 31 2 42 18 63 34 52 47 10 32 25 51 72 67 8 15 57 23 14 64 54 59 30 41 37 3],253195,258564
randomWalk/lipa80a,18,258671,255800,255800,73319600,[71 69 37 7 41 26 54 31 8 32 49 17 75 36 1 6 73 68 35 60 67 57 38 39 64 74 63 33 43 47 22 11 10 77 9 20 44 66 27 70 24 23 21 0 29 30 19 18 65 48 61 40 58 59 45 15 55 42 2 62 12 51 34 28 5 4 50 16 56 72 13 46 3 52 14 78 53 76 79 25],[22 71 78 12 65 44 7 70 58 77 39 36 38 45 5 68 56 73 16 66 0 1 28 49 21 79 13 69 40 9 61 26 6 62 55 46 11 19 50 29 53 33 76 43 74 17 27 35 75 48 20 60 4 24 31 2 42 18 63 34 52 47 10 32 25 51 72 67 8 15 57 23 14 64 54 59 30 41 37 3],253195,258564
heuristic/lipa80a,18,258667,0,0,0,[33 50 66 42 19 47 40 55 38 78 70 45 48 16 27 53 22 43 79 3 2 11 26 58 62 4 1 68 7 71 72 23 74 76 64 60 44 18 14 20 9 28 57 29 13 56 31 35 10 51 39 75 17 36 30 21 41 46 63 6 5 0 49 12 25 37 69 77 15 34 67 24 54 65 32 61 8 59 73 52],[22 71 78 12 65 44 7 70 58 77 39 36 38 45 5 68 56 73 16 66 0 1 28 49 21 79 13 69 40 9 61 26 6 62 55 46 11 19 50 29 53 33 76 43 74 17 27 35 75 48 20 60 4 24 31 2 42 18 63 34 52 47 10 32 25 51 72 67 8 15 57 23 14 64 54 59 30 41 37 3],253195,258564
greedy/lipa80a,19,255401,137,27082,4830100,[12 51 53 33 75 63 34 38 27 41 5 70 46 1 72 9 19 79 42 16 48 3 6 24 52 69 50 36 66 58 17 29 56 11 71 65 59 73 14 78 13 61 37 40 45 15 22 21 31 30 20 4 18 32 10 8 60 55 62 76 43 25 7 67 49 57 0 77 2 47 68 35 23 54 74 26 44 39 28 64],[22 71 78 12 65 44 7 70 58 77 39 36 38 45 5 68 56 73 16 66 0 1 28 49 21 79 13 69 40 9 61 26 6 62 55 46 11 19 50 29 53 33 76 43 74 17 27 35 75 48 20 60 4 24 31 2 42 18 63 34 52 47 10 32 25 51 72 67 8 15 57 23 14 64 54 59 30 41 37 3],253195,258303
steepest/lipa80a,19,255224,50,161160,43460000,[65 67 30 59 55 27 34 52 43 20 76 29 75 73 24 56 42 8 18 16 7 12 11 60 74 4 38 64 68 21 31 61 40 58 71 44 46 78 32 9 47 50 17 57 33 13 48 62 23 35 1 25 53 15 3 41 36 54 66 39 70 63 5 14 49 37 10 77 26 72 69 45 2 28 6 22 19 0 51 79],[22 71 78 12 65 44 7 70 58 77 39 36 38 45 5 68 56 73 16 66 0 1 28 49 21 79 13 69 40 9 61 26 6 62 55 46 11 19 50 29 53 33 76 43 74 17 27 35 75 48 20 60 4 24 31 2 42 18 63 34 52 47 10 32 25 51 72 67 8 15 57 23 14 64 54 59 30 41 37 3],253195,258303
random/lipa80a,19,257681,6804,6804,48503300,[17 71 0 56 18 41 58 27 60 78 53 21 73 47 48 61 22 34 14 26 77 63 25 45 50 79 11 9 24 69 54 65 39 62 7 16 70 37 59 30 13 12 4 42 35 19 2 57 66 68 6 36 46 49 15 28 40 74 10 44 76 5 3 1 64 29 23 72 55 33 43 38 31 67 8 52 75 32 51 20],[22 71 78 12 65 44 7 70 58 77 39 36 38 45 5 68 56 73 16 66 0 1 28 49 21 79 13 69 40 9 61 26 6 62 55 46 11 19 50 29 53 33 76 43 74 17 27 35 75 48 20 60 4 24 31 2 42 18 63 34 52 47 10 32 25 51 72 67 8 15 57 23 14 64 54 59 30 41 37 3],253195,258303
randomWalk/lipa80a,19,258598,159954,159954,44762500,[3 10 29 40 19 13 9 55 53 68 60 52 44 11 8 75 70 23 79 78 73 27 38 45 33 62 56 20 15 28 12 61 6 36 7 42 66 77 41 76 65 54 69 49 63 57 16 17 31 18 34 43 2 30 46 58 74 51 25 71 35 47 1 50 4 14 0 32 64 37 5 22 72 67 48 26 24 21 39 59],[22 71 78 12 65 44 7 70 58 77 39 36 38 45 5 68 56 73 16 66 0 1 28 49 21 79 13 69 40 9 61 26 6 62 55 46 11 19 50 29 53 33 76 43 74 17 27 35 75 48 20 60 4 24 31 2 42 18 63 34 52 47 10 32 25 51 72 67 8 15 57 23 14 64 54 59 30 41 37 3],253195,258303
heuristic/lipa80a,19,258667,0,0,0,[33 50 66 42 19 47 40 55 38 78 70 45 48 16 27 53 22 43 79 3 2 11 26 58 62 4 1 68 7 71 72 23 74 76 64 60 44 18 14 20 9 28 57 29 13 56 31 35 10 51 39 75 17 36 30 21 41 46 63 6 5 0 49 12 25 37 69 77 15 34 67 24 54 65 32 61 8 59 73 52],[22 71 78 12 65 44 7 70 58 77 39 36 38 45 5 68 56 73 16 66 0 1 28 49 21 79 13 69 40 9 61 26 6 62 55 46 11 19 50 29 53 33 76 43 74 17 27 35 75 48 20 60 4 24 31 2 42 18 63 34 52 47 10 32 25 51 72 67 8 15 57 23 14 64 54 59 30 41 37 3],253195,258303
greedy/lipa80a,20,255296,135,25053,7453400,[78 27 73 37 34 9 10 23 19 35 72 66 55 46 1 32 79 53 5 4 13 42 60 12 70 57 69 43 21 50 63 3 59 38 47 36 71 65 56 49 40 62 18 14 45 0 64 67 11 26 75 74 29 61 41 77 24 30 51 8 2 52 16 68 76 58 33 20 22 28 7 54 31 15 6 17 48 44 25 39],[22 71 78 12 65 44 7 70 58 77 39 36 38 45 5 68 56 73 16 66 0 1 28 49 21 79 13 69 40 9 61 26 6 62 55 46 11 19 50 29 53 33 76 43 74 17 27 35 75 48 20 60 4 24 31 2 42 18 63 34 52 47 10 32 25 51 72 67 8 15 57 23 14 64 54 59 30 41 37 3],253195,258320
steepest/lipa80a,20,255319,38,123240,30016400,[61 25 42 16 27 47 3 18 79 66 19 15 37 67 52 32 17 74 78 73 34 55 30 65 40 77 72 7 21 9 71 50 39 70 63 51 64 36 26 58 62 49 10 45 56 1 24 76 22 60 75 44 29 68 48 4 33 35 23 12 14 46 13 53 6 5 8 11 57 41 20 28 54 2 0 69 38 31 43 59],[22 71 78 12 65 44 7 70 58 77 39 36 38 45 5 68 56 73 16 66 0 1 28 49 21 79 13 69 40 9 61 26 6 62 55 46 11 19 50 29 53 33 76 43 74 17 27 35 75 48 20 60 4 24 31 2 42 18 63 34 52 47 10 32 25 51 72 67 8 15 57 23 14 64 54 59 30 41 37 3],253195,258320
random/lipa80a,20,257708,4462,4462,31513800,[67 62 41 8 11 68 71 17 39 22 21 69 28 52 13 64 9 37 4 18 44 49 78 72 26 58 20 77 0 2 57 31 42 25 60 27 7 3 50 29 59 6 53 40 24 34 38 74 45 47 65 51 19 33 12 5 46 73 70 76 35 32 43 16 66 75 48 1 55 61 36 79 54 14 10 63 56 30 23 15],[22 71 78 12 65 44 7 70 58 77 39 36 38 45 5 68 56 73 16 66 0 1 28 49 21 79 13 69 40 9 61 26 6 62 55 46 11 19 50 29 53 33 76 43 74 17 27 35 75 48 20 60 4 24 31 2 42 18 63 34 52 47 10 32 25 51 72 67 8 15 57 23 14 64 54 59 30 41 37 3],253195,258320
randomWalk/lipa80a,20,258536,101365,101365,31593500,[21 45 6 20 64 11 76 72 73 12 62 52 55 51 15 77 31 48 63 17 13 3 35 19 33 38 68 65 57 22 29 36 32 16 54 25 75 79 53 7 43 1 46 47 50 24 4 78 70 23 41 27 9 18 61 34 59 5 69 40 39 26 56 8 49 37 0 71 66 44 74 60 2 10 67 28 30 58 14 42],[22 71 78 12 65 44 7 70 58 77 39 36 38 45 5 68 56 73 16 66 0 1 28 49 21 79 13 69 40 9 61 26 6 62 55 46 11 19 50 29 53 33 76 43 74 17 27 35 75 48 20 60 4 24 31 2 42 18 63 34 52 47 10 32 25 51 72 67 8 15 57 23 14 64 54 59 30 41 37 3],253195,258320
heuristic/lipa80a,20,258667,0,0,0,[33 50 66 42 19 47 40 55 38 78 70 45 48 16 27 53 22 43 79 3 2 11 26 58 62 4 1 68 7 71 72 23 74 76 64 60 44 18 14 20 9 28 57 29 13 56 31 35 10 51 39 75 17 36 30 21 41 46 63 6 5 0 49 12 25 37 69 77 15 34 67 24 54 65 32 61 8 59 73 52],[22 71 78 12 65 44 7 70 58 77 39 36 38 45 5 68 56 73 16 66 0 1 28 49 21 79 13 69 40 9 61 26 6 62 55 46 11 19 50 29 53 33 76 43 74 17 27 35 75 48 20 60 4 24 31 2 42 18 63 34 52 47 10 32 25 51 72 67 8 15 57 23 14 64 54 59 30 41 37 3],253195,258320
greedy/sko90,1,117676,480,95211,26786300,[19 32 61 31 0 51 21 15 69 75 38 34 84 71 67 50 6 2 44 87 66 54 72 88 13 27 79 64 55 8 17 9 25 45 89 12 36 11 29 68 7 80 5 77 37 65 59 18 14 40 41 46 28 53 20 62 56 76 35 48 23 82 3 16 57 42 43 83 22 74 1 30 24 33 73 60 70 58 47 49 4 63 86 52 81 39 10 78 26 85],[85 26 8 87 75 40 51 37 78 7 47 58 74 83 15 43 39 60 57 24 49 29 48 79 56 65 62 73 42 81 70 68 14 2 6 18 77 12 16 52 22 35 11 36 27 50 5 13 76 28 33 55 69 64 82 46 53 3 0 1 30 59 9 88 89 25 80 72 20 63 21 44 54 67 84 34 31 61 86 41 10 17 45 19 32 71 38 66 23 4],115534,138790
steepest/sko90,1,117708,96,388485,99271300,[4 32 0 75 78 46 36 69 26 21 81 63 31 51 64 12 18 6 87 85 19 42 57 86 80 65 77 50 29 9 7 15 54 40 62 79 14 68 11 55 41 34 61 13 84 56 82 2 8 44 66 28 72 88 67 5 27 35 45 17 23 76 20 37 89 53 48 59 74 30 71 52 38 3 39 43 83 58 49 47 1 24 10 16 73 60 25 70 22 33],[85 26 8 87 75 40 51 37 78 7 47 58 74 83 15 43 39 60 57 24 49 29 48 79 56 65 62 73 42 81 70 68 14 2 6 18 77 12 16 52 22 35 11 36 27 50 5 13 76 28 33 55 69 64 82 46 53 3 0 1 30 59 9 88 89 25 80 72 20 63 21 44 54 67 84 34 31 61 86 41 10 17 45 19 32 71 38 66 23 4],115534,138790
random/sko90,1,132038,11622,11622,103023500,[74 18 77 40 8 15 11 24 42 7 21 56 16 67 34 72 47 81 87 55 73 82 17 60 14 48 44 53 85 31 19 69 78 52 50 33 12 68 13 37 9 70 62 25 3 89 83 2 76 27 23 4 80 6 45 35 10 58 61 38 66 30 29 49 88 28 22 75 20 43 57 1 46 65 84 5 64 63 0 51 36 32 39 41 79 54 86 26 59 71],[85 26 8 87 75 40 51 37 78 7 47 58 74 83 15 43 39 60 57 24 49 29 48 79 56 65 62 73 42 81 70 68 14 2 6 18 77 12 16 52 22 35 11 36 27 50 5 13 76 28 33 55 69 64 82 46 53 3 0 1 30 59 9 88 89 25 80 72 20 63 21 44 54 67 84 34 31 61 86 41 10 17 45 19 32 71 38 66 23 4],115534,138790
randomWalk/sko90,1,135786,324479,324479,99275900,[11 34 85 33 52 72 22 15 26 21 8 0 6 66 23 60 30 36 89 4 80 56 81 2 13 65 58 3 47 43 48 32 57 64 82 17 10 27 61 75 29 77 31 18 54 73 45 51 37 19 69 46 9 41 50 25 49 20 76 16 74 38 35 87 59 86 78 12 53 42 14 28 44 5 63 84 79 55 39 71 67 24 7 40 83 62 88 68 70 1],[85 26 8 87 75 40 51 37 78 7 47 58 74 83 15 43 39 60 57 24 49 29 48 79 56 65 62 73 42 81 70 68 14 2 6 18 77 12 16 52 22 35 11 36 27 50 5 13 76 28 33 55 69 64 82 46 53 3 0 1 30 59 9 88 89 25 80 72 20 63 21 44 54 67 84 34 31 61 86 41 10 17 45 19 32 71 38 66 23 4],115534,138790
heuristic/sko90,1,131136,0,0,0,[85 68 23 20 32 9 44 71 24 21 10 57 48 46 77 79 55 76 52 86 26 38 64 59 13 56 6 34 58 81 47 60 37 88 89 35 50 11 18 78 74 83 80 36 5 2 67 87 15 40 73 0 16 14 27 62 3 12 72 8 75 45 61 65 82 84 43 42 29 41 7 17 53 39 31 28 70 54 22 19 66 49 1 25 51 69 63 30 33 4],[85 26 8 87 75 40 51 37 78 7 47 58 74 83 15 43 39 60 57 24 49 29 48 79 56 65 62 73 42 81 70 68 14 2 6 18 77 12 16 52 22 35 11 36 27 50 5 13 76 28 33 55 69 64 82 46 53 3 0 1 30 59 9 88 89 25 80 72 20 63 21 44 54 67 84 34 31 61 86 41 10 17 45 19 32 71 38 66 23 4],115534,138790
greedy/sko90,2,117232,423,111445,31722000,[85 74 42 15 25 45 81 32 23 7 26 87 57 79 89 53 20 31 52 41 75 51 50 76 2 12 0 72 28 19 40 48 35 6 18 36 64 69 84 71 49 43 62 27 67 65 14 88 34 38 8 37 55 44 59 77 13 80 54 61 78 47 73 56 11 5 82 46 3 86 10 58 60 39 68 83 16 63 1 66 21 22 29 70 33 17 30 9 24 4],[85 26 8 87 75 40 51 37 78 7 47 58 74 83 15 43 39 60 57 24 49 29 48 79 56 65 62 73 42 81 70 68 14 2 6 18 77 12 16 52 22 35 11 36 27 50 5 13 76 28 33 55 69 64 82 46 53 3 0 1 30 59 9 88 89 25 80 72 20 63 21 44 54 67 84 34 31 61 86 41 10 17 45 19 32 71 38 66 23 4],115534,137108
steepest/sko90,2,117978,111,448560,128262100,[26 68 87 51 31 57 32 19 75 81 10 74 8 48 14 18 69 40 15 78 55 29 35 54 12 79 2 64 42 76 45 11 88 77 67 27 53 84 73 71 44 59 25 50 89 62 37 13 20 86 39 58 60 65 6 43 56 72 0 52 63 9 83 80 36 5 82 3 16 28 17 70 22 7 21 46 34 61 24 41 47 49 85 23 33 30 38 66 1 4],[85 26 8 87 75 40 51 37 78 7 47 58 74 83 15 43 39 60 57 24 49 29 48 79 56 65 62 73 42 81 70 68 14 2 6 18 77 12 16 52 22 35 11 36 27 50 5 13 76 28 33 55 69 64 82 46 53 3 0 1 30 59 9 88 89 25 80 72 20 63 21 44 54 67 84 34 31 61 86 41 10 17 45 19 32 71 38 66 23 4],115534,137108
random/sko90,2,132360,14724,14724,128648300,[30 10 63 29 62 71 48 82 37 49 54 5 39 76 47 58 23 84 6 51 79 68 75 78 56 35 7 12 46 59 11 57 70 31 27 50 0 81 86 33 19 36 55 80 61 38 15 66 40 32 14 64 89 25 3 2 34 43 13 28 4 73 77 22 1 69 26 41 87 65 18 53 21 60 67 42 88 85 74 20 9 52 72 16 24 8 83 17 44 45],[85 26 8 87 75 40 51 37 78 7 47 58 74 83 15 43 39 60 57 24 49 29 48 79 56 65 62 73 42 81 70 68 14 2 6 18 77 12 16 52 22 35 11 36 27 50 5 13 76 28 33 55 69 64 82 46 53 3 0 1 30 59 9 88 89 25 80 72 20 63 21 44 54 67 84 34 31 61 86 41 10 17 45 19 32 71 38 66 23 4],115534,137108
randomWalk/sko90,2,136844,404255,404255,128712600,[32 57 42 23 18 53 33 40 76 39 75 16 4 10 25 64 34 41 62 13 73 17 9 66 55 86 82 63 69 78 43 27 74 56 3 80 50 14 49 5 15 88 81 77 61 83 48 1 59 20 45 37 68 47 58 72 70 44 7 2 79 30 36 31 87 54 8 6 24 19 52 84 71 46 67 60 26 85 38 51 65 28 22 11 29 35 89 21 12 0],[85 26 8 87 75 40 51 37 78 7 47 58 74 83 15 43 39 60 57 24 49 29 48 79 56 65 62 73 42 81 70 68 14 2 6 18 77 12 16 52 22 35 11 36 27 50 5 13 76 28 33 55 69 64 82 46 53 3 0 1 30 59 9 88 89 25 80 72 20 63 21 44 54 67 84 34 31 61 86 41 10 17 45 19 32 71 38 66 23 4],115534,137108
heuristic/sko90,2,131136,0,0,0,[85 68 23 20 32 9 44 71 24 21 10 57 48 46 77 79 55 76 52 86 26 38 64 59 13 56 6 34 58 81 47 60 37 88 89 35 50 11 18 78 74 83 80 36 5 2 67 87 15 40 73 0 16 14 27 62 3 12 72 8 75 45 61 65 82 84 43 42 29 41 7 17 53 39 31 28 70 54 22 19 66 49 1 25 51 69 63 30 33 4],[85 26 8 87 75 40 51 37 78 7 47 58 74 83 15 43 39 60 57 24 49 29 48 79 56 65 62 73 42 81 70 68 14 2 6 18 77 12 16 52 22 35 11 36 27 50 5 13 76 28 33 55 69 64 82 46 53 3 0 1 30 59 9 88 89 25 80 72 20 63 21 44 54 67 84 34 31 61 86 41 10 17 45 19 32 71 38 66 23 4],115534,137108
greedy/sko90,3,118370,376,76343,21059200,[68 49 48 26 47 52 39 30 70 33 40 14 74 36 83 43 58 29 22 10 18 12 56 77 5 65 60 80 16 24 78 42 6 31 62 13 73 61 38 37 81 51 87 2 50 0 67 59 1 71 64 79 55 35 53 57 89 20 23 7 86 76 11 27 82 84 72 34 54 21 75 15 8 69 46 3 88 9 41 63 19 32 85 44 45 28 25 17 66 4],[85 26 8 87 75 40 51 37 78 7 47 58 74 83 15 43 39 60 57 24 49 29 48 79 56 65 62 73 42 81 70 68 14 2 6 18 77 12 16 52 22 35 11 36 27 50 5 13 76 28 33 55 69 64 82 46 53 3 0 1 30 59 9 88 89 25 80 72 20 63 21 44 54 67 84 34 31 61 86 41 10 17 45 19 32 71 38 66 23 4],115534,135508
steepest/sko90,3,117800,103,416520,112727400,[78 24 73 12 40 39 57 60 47 49 10 16 62 37 56 43 18 58 70 33 86 11 77 5 14 65 83 59 68 22 76 52 74 82 79 27 53 35 48 8 19 81 42 13 55 36 64 67 6 30 17 80 45 72 15 50 89 25 87 29 63 28 20 0 44 2 31 88 9 26 66 41 54 61 38 34 84 3 1 21 4 23 7 51 32 46 71 75 69 85],[85 26 8 87 75 40 51 37 78 7 47 58 74 83 15 43 39 60 57 24 49 29 48 79 56 65 62 73 42 81 70 68 14 2 6 18 77 12 16 52 22 35 11 36 27 50 5 13 76 28 33 55 69 64 82 46 53 3 0 1 30 59 9 88 89 25 80 72 20 63 21 44 54 67 84 34 31 61 86 41 10 17 45 19 32 71 38 66 23 4],115534,135508
random/sko90,3,132824,12375,12375,112741800,[4 57 66 30 50 43 47 46 19 22 69 12 36 64 60 35 10 40 73 79 81 32 75 62 59 51 55 20 74 72 42 56 58 17 53 49 39 27 14 44 28 65 9 67 34 31 45 70 37 7 78 21 0 54 89 85 18 87 88 84 1 26 61 52 83 80 8 48 38 16 63 68 2 77 86 76 6 3 33 11 29 24 13 23 82 41 25 15 71 5],[85 26 8 87 75 40 51 37 78 7 47 58 74 83 15 43 39 60 57 24 49 29 48 79 56 65 62 73 42 81 70 68 14 2 6 18 77 12 16 52 22 35 11 36 27 50 5 13 76 28 33 55 69 64 82 46 53 3 0 1 30 59 9 88 89 25 80 72 20 63 21 44 54 67 84 34 31 61 86 41 10 17 45 19 32 71 38 66 23 4],115534,135508
randomWalk/sko90,3,138286,302796,302796,113030300,[20 72 77 42 76 2 12 56 71 26 52 6 43 59 85 60 0 11 30 58 75 87 86 45 4 49 10 24 68 27 83 63 65 47 62 50 34 19 82 80 5 41 1 48 31 69 18 78 64 17 9 22 66 38 33 39 67 28 79 54 8 36 84 40 13 44 35 89 51 3 25 29 61 55 70 15 37 32 74 21 16 7 14 53 88 46 73 23 57 81],[85 26 8 87 75 40 51 37 78 7 47 58 74 83 15 43 39 60 57 24 49 29 48 79 56 65 62 73 42 81 70 68 14 2 6 18 77 12 16 52 22 35 11 36 27 50 5 13 76 28 33 55 69 64 82 46 53 3 0 1 30 59 9 88 89 25 80 72 20 63 21 44 54 67 84 34 31 61 86 41 10 17 45 19 32 71 38 66 23 4],115534,135508
heuristic/sko90,3,131136,0,0,0,[85 68 23 20 32 9 44 71 24 21 10 57 48 46 77 79 55 76 52 86 26 38 64 59 13 56 6 34 58 81 47 60 37 88 89 35 50 11 18 78 74 83 80 36 5 2 67 87 15 40 73 0 16 14 27 62 3 12 72 8 75 45 61 65 82 84 43 42 29 41 7 17 53 39 31 28 70 54 22 19 66 49 1 25 51 69 63 30 33 4],[85 26 8 87 75 40 51 37 78 7 47 58 74 83 15 43 39 60 57 24 49 29 48 79 56 65 62 73 42 81 70 68 14 2 6 18 77 12 16 52 22 35 11 36 27 50 5 13 76 28 33 55 69 64 82 46 53 3 0 1 30 59 9 88 89 25 80 72 20 63 21 44 54 67 84 34 31 61 86 41 10 17 45 19 32 71 38 66 23 4],115534,135508
greedy/sko90,4,118654,404,84674,24071900,[10 8 40 71 59 20 7 37 24 23 85 48 35 68 18 14 76 22 52 41 79 15 2 6 61 13 28 30 42 1 19 32 67 34 38 0 12 54 57 81 87 69 36 31 50 65 77 21 16 63 74 51 64 84 83 5 43 58 60 86 26 75 46 88 39 56 62 3 70 78 55 44 47 9 89 11 80 29 33 66 45 17 49 27 25 72 53 82 73 4],[85 26 8 87 75 40 51 37 78 7 47 58 74 83 15 43 39 60 57 24 49 29 48 79 56 65 62 73 42 81 70 68 14 2 6 18 77 12 16 52 22 35 11 36 27 50 5 13 76 28 33 55 69 64 82 46 53 3 0 1 30 59 9 88 89 25 80 72 20 63 21 44 54 67 84 34 31 61 86 41 10 17 45 19 32 71 38 66 23 4],115534,136492
steepest/sko90,4,117796,105,424530,123659900,[85 75 26 51 87 32 47 44 19 86 71 69 46 64 3 84 31 38 61 1 7 8 79 15 2 0 34 28 52 41 49 35 55 67 88 50 57 9 42 81 76 20 27 6 89 45 72 13 30 23 48 40 36 18 14 12 5 77 74 54 68 37 43 39 65 25 62 11 80 63 10 59 58 56 83 53 82 16 17 66 21 22 70 78 29 60 73 33 24 4],[85 26 8 87 75 40 51 37 78 7 47 58 74 83 15 43 39 60 57 24 49 29 48 79 56 65 62 73 42 81 70 68 14 2 6 18 77 12 16 52 22 35 11 36 27 50 5 13 76 28 33 55 69 64 82 46 53 3 0 1 30 59 9 88 89 25 80 72 20 63 21 44 54 67 84 34 31 61 86 41 10 17 45 19 32 71 38 66 23 4],115534,136492
random/sko90,4,132974,7769,7769,123763900,[51 37 38 35 20 72 7 17 41 44 54 16 75 89 43 21 6 62 13 79 84 3 70 2 50 57 66 71 55 26 29 36 82 88 15 73 80 28 23 56 69 68 27 22 45 58 65 1 49 76 60 46 61 53 87 25 34 5 40 39 9 0 31 67 78 83 19 24 52 10 18 12 85 4 63 11 86 14 81 74 30 8 47 33 42 64 77 48 59 32],[85 26 8 87 75 40 51 37 78 7 47 58 74 83 15 43 39 60 57 24 49 29 48 79 56 65 62 73 42 81 70 68 14 2 6 18 77 12 16 52 22 35 11 36 27 50 5 13 76 28 33 55 69 64 82 46 53 3 0 1 30 59 9 88 89 25 80 72 20 63 21 44 54 67 84 34 31 61 86 41 10 17 45 19 32 71 38 66 23 4],115534,136492
randomWalk/sko90,4,136782,280519,280519,124129700,[89 39 56 47 12 64 31 28 19 61 43 21 66 73 6 48 50 76 57 38 45 1 13 77 25 83 63 18 65 52 80 68 10 30 88 14 59 2 85 46 40 74 67 53 54 51 44 86 70 62 3 55 79 49 36 29 84 7 4 41 15 35 42 87 58 17 78 8 69 34 22 0 33 32 37 23 75 11 72 24 26 71 20 60 16 82 9 81 27 5],[85 26 8 87 75 40 51 37 78 7 47 58 74 83 15 43 39 60 57 24 49 29 48 79 56 65 62 73 42 81 70 68 14 2 6 18 77 12 16 52 22 35 11 36 27 50 5 13 76 28 33 55 69 64 82 46 53 3 0 1 30 59 9 88 89 25 80 72 20 63 21 44 54 67 84 34 31 61 86 41 10 17 45 19 32 71 38 66 23 4],115534,136492
heuristic/sko90,4,131136,0,0,0,[85 68 23 20 32 9 44 71 24 21 10 57 48 46 77 79 55 76 52 86 26 38 64 59 13 56 6 34 58 81 47 60 37 88 89 35 50 11 18 78 74 83 80 36 5 2 67 87 15 40 73 0 16 14 27 62 3 12 72 8 75 45 61 65 82 84 43 42 29 41 7 17 53 39 31 28 70 54 22 19 66 49 1 25 51 69 63 30 33 4],[85 26 8 87 75 40 51 37 78 7 47 58 74 83 15 43 39 60 57 24 49 29 48 79 56 65 62 73 42 81 70 68 14 2 6 18 77 12 16 52 22 35 11 36 27 50 5 13 76 28 33 55 69 64 82 46 53 3 0 1 30 59 9 88 89 25 80 72 20 63 21 44 54 67 84 34 31 61 86 41 10 17 45 19 32 71 38 66 23 4],115534,136492
greedy/sko90,5,118250,441,67965,31016000,[52 30 85 49 47 7 45 23 24 26 41 1 54 42 55 44 74 9 63 17 81 51 20 79 87 48 62 80 39 10 15 31 28 2 72 89 25 76 59 29 19 84 6 88 27 3 53 83 16 70 34 61 14 0 50 13 65 77 60 68 32 69 12 35 5 82 73 11 58 78 64 40 36 67 46 37 56 86 22 4 75 38 18 71 8 57 43 21 33 66],[85 26 8 87 75 40 51 37 78 7 47 58 74 83 15 43 39 60 57 24 49 29 48 79 56 65 62 73 42 81 70 68 14 2 6 18 77 12 16 52 22 35 11 36 27 50 5 13 76 28 33 55 69 64 82 46 53 3 0 1 30 59 9 88 89 25 80 72 20 63 21 44 54 67 84 34 31 61 86 41 10 17 45 19 32 71 38 66 23 4],115534,136718
steepest/sko90,5,117256,92,372465,125218400,[23 54 32 19 86 61 38 41 66 4 45 44 31 84 81 82 34 52 17 63 25 55 53 89 64 88 72 3 9 30 49 42 27 69 14 13 0 80 59 20 48 15 2 35 68 11 65 28 76 1 74 29 50 77 18 6 5 83 70 16 26 87 79 62 12 46 36 73 78 24 47 8 51 75 40 56 67 39 22 10 85 7 57 71 37 58 43 60 21 33],[85 26 8 87 75 40 51 37 78 7 47 58 74 83 15 43 39 60 57 24 49 29 48 79 56 65 62 73 42 81 70 68 14 2 6 18 77 12 16 52 22 35 11 36 27 50 5 13 76 28 33 55 69 64 82 46 53 3 0 1 30 59 9 88 89 25 80 72 20 63 21 44 54 67 84 34 31 61 86 41 10 17 45 19 32 71 38 66 23 4],115534,136718
random/sko90,5,132328,13131,13131,125572100,[47 3 49 28 74 86 19 45 37 7 69 55 40 25 46 32 42 11 61 62 24 85 52 89 14 72 15 38 10 80 59 58 75 21 0 33 65 5 64 31 67 63 54 2 84 83 44 70 81 56 76 8 53 82 78 12 88 66 17 18 77 48 27 30 73 16 71 29 79 41 68 39 1 9 50 87 35 13 60 23 20 22 6 26 51 4 34 36 43 57],[85 26 8 87 75 40 51 37 78 7 47 58 74 83 15 43 39 60 57 24 49 29 48 79 56 65 62 73 42 81 70 68 14 2 6 18 77 12 16 52 22 35 11 36 27 50 5 13 76 28 33 55 69 64 82 46 53 3 0 1 30 59 9 88 89 25 80 72 20 63 21 44 54 67 84 34 31 61 86 41 10 17 45 19 32 71 38 66 23 4],115534,136718
randomWalk/sko90,5,136826,379205,379205,125336600,[42 58 54 18 37 76 36 77 13 6 81 83 49 26 27 57 60 41 80 12 11 23 53 29 25 62 44 31 22 71 55 67 43 52 24 3 17 78 48 51 1 84 86 5 10 46 73 2 45 14 89 88 35 4 69 68 82 63 79 39 16 34 50 21 64 70 30 32 61 8 85 66 20 9 0 87 38 33 75 59 19 15 72 65 56 28 74 7 47 40],[85 26 8 87 75 40 51 37 78 7 47 58 74 83 15 43 39 60 57 24 49 29 48 79 56 65 62 73 42 81 70 68 14 2 6 18 77 12 16 52 22 35 11 36 27 50 5 13 76 28 33 55 69 64 82 46 53 3 0 1 30 59 9 88 89 25 80 72 20 63 21 44 54 67 84 34 31 61 86 41 10 17 45 19 32 71 38 66 23 4],115534,136718
heuristic/sko90,5,131136,0,0,0,[85 68 23 20 32 9 44 71 24 21 10 57 48 46 77 79 55 76 52 86 26 38 64 59 13 56 6 34 58 81 47 60 37 88 89 35 50 11 18 78 74 83 80 36 5 2 67 87 15 40 73 0 16 14 27 62 3 12 72 8 75 45 61 65 82 84 43 42 29 41 7 17 53 39 31 28 70 54 22 19 66 49 1 25 51 69 63 30 33 4],[85 26 8 87 75 40 51 37 78 7 47 58 74 83 15 43 39 60 57 24 49 29 48 79 56 65 62 73 42 81 70 68 14 2 6 18 77 12 16 52 22 35 11 36 27 50 5 13 76 28 33 55 69 64 82 46 53 3 0 1 30 59 9 88 89 25 80 72 20 63 21 44 54 67 84 34 31 61 86 41 10 17 45 19 32 71 38 66 23 4],115534,136718
greedy/sko90,6,117630,460,83282,29354300,[81 52 42 49 71 0 24 38 63 4 19 76 12 31 13 61 54 72 20 66 86 11 57 50 77 28 73 25 80 41 32 79 65 62 27 53 34 89 45 23 64 18 36 35 2 5 84 88 59 9 15 14 6 48 67 83 82 55 44 17 69 56 43 46 39 74 47 3 10 30 78 68 26 87 51 60 16 29 70 1 75 40 21 85 8 58 37 22 33 7],[85 26 8 87 75 40 51 37 78 7 47 58 74 83 15 43 39 60 57 24 49 29 48 79 56 65 62 73 42 81 70 68 14 2 6 18 77 12 16 52 22 35 11 36 27 50 5 13 76 28 33 55 69 64 82 46 53 3 0 1 30 59 9 88 89 25 80 72 20 63 21 44 54 67 84 34 31 61 86 41 10 17 45 19 32 71 38 66 23 4],115534,137756
steepest/sko90,6,118018,97,392490,119117100,[33 85 40 47 79 42 55 19 30 49 21 8 58 87 77 15 88 54 83 74 70 68 18 50 14 2 6 29 44 26 9 11 43 5 36 65 27 31 17 45 78 56 39 62 12 13 64 81 82 52 22 76 37 51 35 59 67 89 53 48 10 16 60 46 80 69 61 32 84 86 63 75 73 57 20 0 72 38 3 25 4 66 24 7 28 71 34 1 41 23],[85 26 8 87 75 40 51 37 78 7 47 58 74 83 15 43 39 60 57 24 49 29 48 79 56 65 62 73 42 81 70 68 14 2 6 18 77 12 16 52 22 35 11 36 27 50 5 13 76 28 33 55 69 64 82 46 53 3 0 1 30 59 9 88 89 25 80 72 20 63 21 44 54 67 84 34 31 61 86 41 10 17 45 19 32 71 38 66 23 4],115534,137756
random/sko90,6,132122,13474,13474,119398400,[66 5 36 11 24 9 59 17 80 41 38 76 0 26 86 27 83 14 73 44 4 78 70 68 22 3 87 77 49 62 69 21 29 75 20 50 51 88 52 46 8 18 64 35 67 60 48 63 33 19 37 72 16 57 43 53 89 28 74 45 6 1 71 12 30 58 42 79 25 82 47 32 85 31 56 84 55 10 7 2 65 39 40 81 13 15 61 34 54 23],[85 26 8 87 75 40 51 37 78 7 47 58 74 83 15 43 39 60 57 24 49 29 48 79 56 65 62 73 42 81 70 68 14 2 6 18 77 12 16 52 22 35 11 36 27 50 5 13 76 28 33 55 69 64 82 46 53 3 0 1 30 59 9 88 89 25 80 72 20 63 21 44 54 67 84 34 31 61 86 41 10 17 45 19 32 71 38 66 23 4],115534,137756
randomWalk/sko90,6,140610,376789,376789,119317900,[48 82 30 78 85 39 21 68 84 35 16 0 87 50 42 88 14 5 11 64 59 8 34 83 89 65 19 38 6 2 7 27 41 55 25 57 74 66 36 47 13 33 79 45 26 56 70 20 3 52 18 86 40 4 80 22 58 63 61 10 53 12 44 24 17 73 43 49 54 37 28 69 71 23 31 15 76 81 9 46 51 67 32 75 62 1 72 29 77 60],[85 26 8 87 75 40 51 37 78 7 47 58 74 83 15 43 39 60 57 24 49 29 48 79 56 65 62 73 42 81 70 68 14 2 6 18 77 12 16 52 22 35 11 36 27 50 5 13 76 28 33 55 69 64 82 46 53 3 0 1 30 59 9 88 89 25 80 72 20 63 21 44 54 67 84 34 31 61 86 41 10 17 45 19 32 71 38 66 23 4],115534,137756
heuristic/sko90,6,131136,0,0,0,[85 68 23 20 32 9 44 71 24 21 10 57 48 46 77 79 55 76 52 86 26 38 64 59 13 56 6 34 58 81 47 60 37 88 89 35 50 11 18 78 74 83 80 36 5 2 67 87 15 40 73 0 16 14 27 62 3 12 72 8 75 45 61 65 82 84 43 42 29 41 7 17 53 39 31 28 70 54 22 19 66 49 1 25 51 69 63 30 33 4],[85 26 8 87 75 40 51 37 78 7 47 58 74 83 15 43 39 60 57 24 49 29 48 79 56 65 62 73 42 81 70 68 14 2 6 18 77 12 16 52 22 35 11 36 27 50 5 13 76 28 33 55 69 64 82 46 53 3 0 1 30 59 9 88 89 25 80 72 20 63 21 44 54 67 84 34 31 61 86 41 10 17 45 19 32 71 38 66 23 4],115534,137756
greedy/sko90,7,118994,381,58177,18275100,[33 22 8 60 6 12 51 87 75 85 1 71 88 77 34 50 18 57 15 7 16 73 25 67 53 0 2 31 78 42 24 72 37 82 27 13 56 62 79 40 20 80 89 5 46 65 14 28 43 81 30 9 3 83 36 64 11 45 32 49 4 70 59 58 84 35 68 47 55 23 63 10 29 39 48 69 76 74 26 52 66 17 38 54 21 61 86 44 19 41],[85 26 8 87 75 40 51 37 78 7 47 58 74 83 15 43 39 60 57 24 49 29 48 79 56 65 62 73 42 81 70 68 14 2 6 18 77 12 16 52 22 35 11 36 27 50 5 13 76 28 33 55 69 64 82 46 53 3 0 1 30 59 9 88 89 25 80 72 20 63 21 44 54 67 84 34 31 61 86 41 10 17 45 19 32 71 38 66 23 4],115534,136782
steepest/sko90,7,118158,104,420525,109219200,[4 29 26 17 45 55 44 30 47 85 63 80 39 9 87 74 25 1 49 66 73 60 83 82 57 53 3 28 72 88 33 77 62 81 50 27 89 84 31 54 16 11 65 5 12 42 6 34 38 51 86 46 13 36 0 67 2 32 61 71 21 58 43 64 35 14 69 15 20 75 78 22 56 59 18 48 76 37 40 8 24 70 10 68 19 79 52 41 23 7],[85 26 8 87 75 40 51 37 78 7 47 58 74 83 15 43 39 60 57 24 49 29 48 79 56 65 62 73 42 81 70 68 14 2 6 18 77 12 16 52 22 35 11 36 27 50 5 13 76 28 33 55 69 64 82 46 53 3 0 1 30 59 9 88 89 25 80 72 20 63 21 44 54 67 84 34 31 61 86 41 10 17 45 19 32 71 38 66 23 4],115534,136782
random/sko90,7,132526,11661,11661,109425600,[83 54 3 86 80 72 33 17 58 63 21 1 75 2 81 49 64 41 45 77 55 65 44 7 50 0 79 48 59 23 69 51 19 26 12 89 84 30 73 40 32 66 78 36 9 43 71 74 28 10 52 46 15 82 13 16 53 56 20 8 18 6 14 87 22 67 61 60 35 42 24 34 47 37 25 5 38 29 11 68 4 62 27 76 85 31 88 39 57 70],[85 26 8 87 75 40 51 37 78 7 47 58 74 83 15 43 39 60 57 24 49 29 48 79 56 65 62 73 42 81 70 68 14 2 6 18 77 12 16 52 22 35 11 36 27 50 5 13 76 28 33 55 69 64 82 46 53 3 0 1 30 59 9 88 89 25 80 72 20 63 21 44 54 67 84 34 31 61 86 41 10 17 45 19 32 71 38 66 23 4],115534,136782
randomWalk/sko90,7,139254,355425,355425,109317500,[1 35 63 80 14 30 16 47 42 53 89 27 83 38 75 43 50 4 11 25 79 45 58 24 55 81 86 3 7 64 10 56 17 78 66 70 15 33 21 48 88 51 44 41 6 61 73 85 28 20 77 57 65 71 69 49 26 40 68 72 54 37 74 2 23 36 31 34 12 8 32 87 84 18 76 9 13 29 39 22 62 82 46 67 19 52 59 5 0 60],[85 26 8 87 75 40 51 37 78 7 47 58 74 83 15 43 39 60 57 24 49 29 48 79 56 65 62 73 42 81 70 68 14 2 6 18 77 12 16 52 22 35 11 36 27 50 5 13 76 28 33 55 69 64 82 46 53 3 0 1 30 59 9 88 89 25 80 72 20 63 21 44 54 67 84 34 31 61 86 41 10 17 45 19 32 71 38 66 23 4],115534,136782
heuristic/sko90,7,131136,0,0,0,[85 68 23 20 32 9 44 71 24 21 10 57 48 46 77 79 55 76 52 86 26 38 64 59 13 56 6 34 58 81 47 60 37 88 89 35 50 11 18 78 74 83 80 36 5 2 67 87 15 40 73 0 16 14 27 62 3 12 72 8 75 45 61 65 82 84 43 42 29 41 7 17 53 39 31 28 70 54 22 19 66 49 1 25 51 69 63 30 33 4],[85 26 8 87 75 40 51 37 78 7 47 58 74 83 15 43 39 60 57 24 49 29 48 79 56 65 62 73 42 81 70 68 14 2 6 18 77 12 16 52 22 35 11 36 27 50 5 13 76 28 33 55 69 64 82 46 53 3 0 1 30 59 9 88 89 25 80 72 20 63 21 44 54 67 84 34 31 61 86 41 10 17 45 19 32 71 38 66 23 4],115534,136782
greedy/sko90,8,118948,356,48821,14657300,[86 26 22 52 46 69 21 78 33 4 19 84 29 3 82 11 16 73 70 24 17 45 64 25 53 50 77 80 9 63 32 67 36 89 5 12 0 60 30 1 61 34 83 6 27 72 65 62 39 81 41 31 88 48 35 28 56 43 59 10 44 51 2 15 79 76 13 42 20 49 38 75 87 8 55 14 37 40 47 85 66 71 54 74 18 68 57 58 7 23],[85 26 8 87 75 40 51 37 78 7 47 58 74 83 15 43 39 60 57 24 49 29 48 79 56 65 62 73 42 81 70 68 14 2 6 18 77 12 16 52 22 35 11 36 27 50 5 13 76 28 33 55 69 64 82 46 53 3 0 1 30 59 9 88 89 25 80 72 20 63 21 44 54 67 84 34 31 61 86 41 10 17 45 19 32 71 38 66 23 4],115534,137042
steepest/sko90,8,118460,126,508635,144596800,[33 21 69 75 32 46 9 26 4 85 22 8 84 87 82 3 53 25 45 44 70 29 31 88 36 50 83 72 17 49 30 48 6 64 79 35 27 89 55 47 68 67 14 18 2 11 65 59 58 74 38 19 34 15 56 5 43 39 28 52 66 54 51 77 12 60 80 0 23 81 1 16 61 40 37 57 62 13 41 42 71 10 86 78 76 73 63 20 7 24],[85 26 8 87 75 40 51 37 78 7 47 58 74 83 15 43 39 60 57 24 49 29 48 79 56 65 62 73 42 81 70 68 14 2 6 18 77 12 16 52 22 35 11 36 27 50 5 13 76 28 33 55 69 64 82 46 53 3 0 1 30 59 9 88 89 25 80 72 20 63 21 44 54 67 84 34 31 61 86 41 10 17 45 19 32 71 38 66 23 4],115534,137042
random/sko90,8,132298,17309,17309,146396900,[21 85 32 45 53 49 17 72 83 68 63 30 84 24 50 25 44 3 36 67 43 82 22 86 28 7 89 26 55 18 81 61 41 29 6 65 19 87 33 88 0 57 20 35 14 59 2 79 12 76 4 46 80 71 58 37 13 74 11 39 23 54 40 60 62 5 75 52 48 16 10 69 66 78 1 47 51 77 64 31 70 34 15 56 27 73 8 38 42 9],[85 26 8 87 75 40 51 37 78 7 47 58 74 83 15 43 39 60 57 24 49 29 48 79 56 65 62 73 42 81 70 68 14 2 6 18 77 12 16 52 22 35 11 36 27 50 5 13 76 28 33 55 69 64 82 46 53 3 0 1 30 59 9 88 89 25 80 72 20 63 21 44 54 67 84 34 31 61 86 41 10 17 45 19 32 71 38 66 23 4],115534,137042
randomWalk/sko90,8,135726,403853,403853,145449700,[17 41 64 52 5 56 6 22 71 4 36 76 15 83 67 89 54 48 40 60 26 8 49 59 3 9 2 39 0 10 23 84 44 65 77 42 29 85 86 24 81 13 31 50 21 34 69 20 18 72 43 82 87 79 11 1 35 25 58 51 73 27 28 12 47 19 53 55 74 33 80 7 88 70 78 68 61 30 38 37 62 63 16 32 14 45 46 57 75 66],[85 26 8 87 75 40 51 37 78 7 47 58 74 83 15 43 39 60 57 24 49 29 48 79 56 65 62 73 42 81 70 68 14 2 6 18 77 12 16 52 22 35 11 36 27 50 5 13 76 28 33 55 69 64 82 46 53 3 0 1 30 59 9 88 89 25 80 72 20 63 21 44 54 67 84 34 31 61 86 41 10 17 45 19 32 71 38 66 23 4],115534,137042
heuristic/sko90,8,131136,0,0,0,[85 68 23 20 32 9 44 71 24 21 10 57 48 46 77 79 55 76 52 86 26 38 64 59 13 56 6 34 58 81 47 60 37 88 89 35 50 11 18 78 74 83 80 36 5 2 67 87 15 40 73 0 16 14 27 62 3 12 72 8 75 45 61 65 82 84 43 42 29 41 7 17 53 39 31 28 70 54 22 19 66 49 1 25 51 69 63 30 33 4],[85 26 8 87 75 40 51 37 78 7 47 58 74 83 15 43 39 60 57 24 49 29 48 79 56 65 62 73 42 81 70 68 14 2 6 18 77 12 16 52 22 35 11 36 27 50 5 13 76 28 33 55 69 64 82 46 53 3 0 1 30 59 9 88 89 25 80 72 20 63 21 44 54 67 84 34 31 61 86 41 10 17 45 19 32 71 38 66 23 4],115534,137042
greedy/sko90,9,117998,401,97667,33852900,[4 66 17 9 8 22 54 33 63 21 23 45 59 88 80 29 11 70 10 19 20 0 72 67 35 50 68 77 16 76 71 38 89 2 36 65 5 83 13 61 41 34 31 28 6 14 18 56 43 24 7 32 37 57 64 62 12 58 81 52 51 84 3 53 27 79 55 60 39 42 1 46 25 82 48 15 40 74 78 86 75 69 44 73 30 87 49 47 26 85],[85 26 8 87 75 40 51 37 78 7 47 58 74 83 15 43 39 60 57 24 49 29 48 79 56 65 62 73 42 81 70 68 14 2 6 18 77 12 16 52 22 35 11 36 27 50 5 13 76 28 33 55 69 64 82 46 53 3 0 1 30 59 9 88 89 25 80 72 20 63 21 44 54 67 84 34 31 61 86 41 10 17 45 19 32 71 38 66 23 4],115534,136812
steepest/sko90,9,117944,115,464580,111657900,[7 24 20 41 23 70 59 17 10 4 21 58 43 1 65 83 60 39 63 66 33 22 38 3 28 88 0 9 80 16 61 37 71 34 57 67 89 13 72 76 30 8 52 6 36 18 5 56 29 68 40 54 31 14 35 2 12 77 11 78 49 51 42 55 50 27 73 62 81 86 47 74 15 84 46 79 82 64 48 19 85 75 87 69 32 44 53 45 25 26],[85 26 8 87 75 40 51 37 78 7 47 58 74 83 15 43 39 60 57 24 49 29 48 79 56 65 62 73 42 81 70 68 14 2 6 18 77 12 16 52 22 35 11 36 27 50 5 13 76 28 33 55 69 64 82 46 53 3 0 1 30 59 9 88 89 25 80 72 20 63 21 44 54 67 84 34 31 61 86 41 10 17 45 19 32 71 38 66 23 4],115534,136812
random/sko90,9,132136,15108,15108,116178700,[46 82 70 34 43 71 59 86 40 23 58 3 33 83 76 65 80 45 11 38 1 48 13 73 53 79 26 61 14 21 60 30 24 62 9 52 17 81 74 66 49 39 41 22 7 64 29 4 68 63 35 19 27 89 5 6 20 8 55 67 28 84 44 78 37 36 18 42 15 75 16 56 25 72 51 32 2 10 0 88 31 77 57 47 50 12 69 85 87 54],[85 26 8 87 75 40 51 37 78 7 47 58 74 83 15 43 39 60 57 24 49 29 48 79 56 65 62 73 42 81 70 68 14 2 6 18 77 12 16 52 22 35 11 36 27 50 5 13 76 28 33 55 69 64 82 46 53 3 0 1 30 59 9 88 89 25 80 72 20 63 21 44 54 67 84 34 31 61 86 41 10 17 45 19 32 71 38 66 23 4],115534,136812
randomWalk/sko90,9,135840,396141,396141,112668400,[41 18 13 40 38 4 21 67 63 28 84 85 61 56 71 14 57 5 32 86 0 1 37 58 43 75 87 64 31 36 48 45 78 89 23 29 7 88 39 65 51 76 25 35 66 59 55 46 42 79 54 77 24 82 10 62 50 8 52 47 12 2 19 60 69 26 68 83 3 17 81 30 72 15 80 34 20 70 73 44 6 53 22 49 11 74 33 9 27 16],[85 26 8 87 75 40 51 37 78 7 47 58 74 83 15 43 39 60 57 24 49 29 48 79 56 65 62 73 42 81 70 68 14 2 6 18 77 12 16 52 22 35 11 36 27 50 5 13 76 28 33 55 69 64 82 46 53 3 0 1 30 59 9 88 89 25 80 72 20 63 21 44 54 67 84 34 31 61 86 41 10 17 45 19 32 71 38 66 23 4],115534,136812
heuristic/sko90,9,131136,0,0,0,[85 68 23 20 32 9 44 71 24 21 10 57 48 46 77 79 55 76 52 86 26 38 64 59 13 56 6 34 58 81 47 60 37 88 89 35 50 11 18 78 74 83 80 36 5 2 67 87 15 40 73 0 16 14 27 62 3 12 72 8 75 45 61 65 82 84 43 42 29 41 7 17 53 39 31 28 70 54 22 19 66 49 1 25 51 69 63 30 33 4],[85 26 8 87 75 40 51 37 78 7 47 58 74 83 15 43 39 60 57 24 49 29 48 79 56 65 62 73 42 81 70 68 14 2 6 18 77 12 16 52 22 35 11 36 27 50 5 13 76 28 33 55 69 64 82 46 53 3 0 1 30 59 9 88 89 25 80 72 20 63 21 44 54 67 84 34 31 61 86 41 10 17 45 19 32 71 38 66 23 4],115534,136812
greedy/sko90,10,117652,451,74315,21120200,[10 78 73 17 25 86 76 72 66 4 60 39 57 3 53 80 9 16 28 63 74 83 62 65 45 11 88 19 61 24 58 29 44 59 89 50 77 13 0 23 47 51 37 55 82 5 12 42 38 54 26 87 79 67 27 84 2 31 34 41 8 43 56 35 48 64 18 32 71 81 22 70 40 46 36 6 14 15 20 52 85 21 75 69 49 33 68 30 1 7],[85 26 8 87 75 40 51 37 78 7 47 58 74 83 15 43 39 60 57 24 49 29 48 79 56 65 62 73 42 81 70 68 14 2 6 18 77 12 16 52 22 35 11 36 27 50 5 13 76 28 33 55 69 64 82 46 53 3 0 1 30 59 9 88 89 25 80 72 20 63 21 44 54 67 84 34 31 61 86 41 10 17 45 19 32 71 38 66 23 4],115534,138574
steepest/sko90,10,117744,115,464580,116449700,[21 85 40 42 86 81 54 24 78 63 75 51 62 15 19 61 12 60 73 10 8 87 79 50 11 0 77 57 76 20 22 29 56 14 64 13 18 37 16 7 69 70 65 35 68 2 88 59 80 9 46 58 36 6 67 31 5 53 28 1 32 43 27 34 84 71 82 89 72 41 26 44 39 55 48 38 83 3 25 23 33 47 49 30 74 45 52 17 66 4],[85 26 8 87 75 40 51 37 78 7 47 58 74 83 15 43 39 60 57 24 49 29 48 79 56 65 62 73 42 81 70 68 14 2 6 18 77 12 16 52 22 35 11 36 27 50 5 13 76 28 33 55 69 64 82 46 53 3 0 1 30 59 9 88 89 25 80 72 20 63 21 44 54 67 84 34 31 61 86 41 10 17 45 19 32 71 38 66 23 4],115534,138574
random/sko90,10,132318,15175,15175,116724800,[3 73 71 63 60 34 24 44 21 20 88 4 57 81 9 11 1 0 46 43 17 83 56 12 10 35 42 18 53 66 30 45 5 70 16 82 77 15 54 28 80 25 19 65 2 32 62 76 79 67 23 33 84 58 59 36 68 78 64 22 39 85 38 52 27 61 69 47 7 51 37 29 6 49 72 89 14 40 41 74 55 50 26 48 31 87 13 8 75 86],[85 26 8 87 75 40 51 37 78 7 47 58 74 83 15 43 39 60 57 24 49 29 48 79 56 65 62 73 42 81 70 68 14 2 6 18 77 12 16 52 22 35 11 36 27 50 5 13 76 28 33 55 69 64 82 46 53 3 0 1 30 59 9 88 89 25 80 72 20 63 21 44 54 67 84 34 31 61 86 41 10 17 45 19 32 71 38 66 23 4],115534,138574
randomWalk/sko90,10,137146,400065,400065,117184800,[76 45 46 67 62 83 47 74 12 72 2 63 59 1 79 77 68 71 66 29 86 34 28 26 78 19 14 15 87 57 13 75 32 60 84 0 52 37 73 54 38 56 43 27 41 11 61 16 70 17 53 69 40 81 4 9 82 49 64 50 36 7 5 31 21 51 22 10 55 24 65 18 42 6 88 39 23 35 48 80 30 25 3 58 33 85 20 89 8 44],[85 26 8 87 75 40 51 37 78 7 47 58 74 83 15 43 39 60 57 24 49 29 48 79 56 65 62 73 42 81 70 68 14 2 6 18 77 12 16 52 22 35 11 36 27 50 5 13 76 28 33 55 69 64 82 46 53 3 0 1 30 59 9 88 89 25 80 72 20 63 21 44 54 67 84 34 31 61 86 41 10 17 45 19 32 71 38 66 23 4],115534,138574
heuristic/sko90,10,131136,0,0,0,[85 68 23 20 32 9 44 71 24 21 10 57 48 46 77 79 55 76 52 86 26 38 64 59 13 56 6 34 58 81 47 60 37 88 89 35 50 11 18 78 74 83 80 36 5 2 67 87 15 40 73 0 16 14 27 62 3 12 72 8 75 45 61 65 82 84 43 42 29 41 7 17 53 39 31 28 70 54 22 19 66 49 1 25 51 69 63 30 33 4],[85 26 8 87 75 40 51 37 78 7 47 58 74 83 15 43 39 60 57 24 49 29 48 79 56 65 62 73 42 81 70 68 14 2 6 18 77 12 16 52 22 35 11 36 27 50 5 13 76 28 33 55 69 64 82 46 53 3 0 1 30 59 9 88 89 25 80 72 20 63 21 44 54 67 84 34 31 61 86 41 10 17 45 19 32 71 38 66 23 4],115534,138574
greedy/sko90,11,118460,352,62437,17640600,[85 78 40 15 42 49 30 81 1 4 75 73 82 8 69 48 9 20 76 63 53 25 46 27 14 35 3 72 28 52 87 62 32 79 12 6 88 31 34 22 57 43 37 18 65 36 89 67 16 21 60 39 56 64 50 77 5 80 70 33 51 58 84 2 13 83 59 0 24 41 47 74 44 86 11 29 17 54 61 66 26 45 7 71 55 68 19 38 10 23],[85 26 8 87 75 40 51 37 78 7 47 58 74 83 15 43 39 60 57 24 49 29 48 79 56 65 62 73 42 81 70 68 14 2 6 18 77 12 16 52 22 35 11 36 27 50 5 13 76 28 33 55 69 64 82 46 53 3 0 1 30 59 9 88 89 25 80 72 20 63 21 44 54 67 84 34 31 61 86 41 10 17 45 19 32 71 38 66 23 4],115534,134406
steepest/sko90,11,118814,99,400500,100780300,[49 81 40 75 15 48 76 20 8 1 85 42 78 73 37 64 12 18 6 71 52 60 57 53 25 89 27 67 31 72 26 43 87 79 3 35 28 36 88 69 39 51 62 65 32 50 2 14 34 30 47 55 44 56 46 0 13 5 38 9 74 45 83 84 82 80 77 16 61 33 24 58 86 70 59 29 11 68 22 21 10 7 23 17 19 63 41 54 66 4],[85 26 8 87 75 40 51 37 78 7 47 58 74 83 15 43 39 60 57 24 49 29 48 79 56 65 62 73 42 81 70 68 14 2 6 18 77 12 16 52 22 35 11 36 27 50 5 13 76 28 33 55 69 64 82 46 53 3 0 1 30 59 9 88 89 25 80 72 20 63 21 44 54 67 84 34 31 61 86 41 10 17 45 19 32 71 38 66 23 4],115534,134406
random/sko90,11,131700,12628,12628,104567800,[86 79 61 62 56 38 25 72 12 19 82 13 89 73 8 14 59 23 83 71 53 80 27 45 42 16 2 7 78 37 4 63 35 77 22 36 48 74 24 18 30 20 67 68 46 69 65 66 5 81 9 51 1 31 75 0 41 64 76 26 11 87 50 88 55 34 58 40 52 49 57 15 28 32 3 6 33 17 10 85 21 60 39 84 54 29 70 44 43 47],[85 26 8 87 75 40 51 37 78 7 47 58 74 83 15 43 39 60 57 24 49 29 48 79 56 65 62 73 42 81 70 68 14 2 6 18 77 12 16 52 22 35 11 36 27 50 5 13 76 28 33 55 69 64 82 46 53 3 0 1 30 59 9 88 89 25 80 72 20 63 21 44 54 67 84 34 31 61 86 41 10 17 45 19 32 71 38 66 23 4],115534,134406
randomWalk/sko90,11,138684,378109,378109,103063800,[9 0 46 78 43 68 34 74 29 73 25 54 53 40 45 83 86 55 52 88 87 12 33 20 38 49 11 56 72 22 69 70 35 1 16 60 21 47 64 65 2 37 19 7 31 13 84 66 8 24 85 18 62 4 44 76 5 23 17 50 42 61 10 75 3 67 39 79 57 41 30 58 59 51 27 14 26 63 71 89 15 36 80 28 82 32 6 81 77 48],[85 26 8 87 75 40 51 37 78 7 47 58 74 83 15 43 39 60 57 24 49 29 48 79 56 65 62 73 42 81 70 68 14 2 6 18 77 12 16 52 22 35 11 36 27 50 5 13 76 28 33 55 69 64 82 46 53 3 0 1 30 59 9 88 89 25 80 72 20 63 21 44 54 67 84 34 31 61 86 41 10 17 45 19 32 71 38 66 23 4],115534,134406
heuristic/sko90,11,131136,0,0,0,[85 68 23 20 32 9 44 71 24 21 10 57 48 46 77 79 55 76 52 86 26 38 64 59 13 56 6 34 58 81 47 60 37 88 89 35 50 11 18 78 74 83 80 36 5 2 67 87 15 40 73 0 16 14 27 62 3 12 72 8 75 45 61 65 82 84 43 42 29 41 7 17 53 39 31 28 70 54 22 19 66 49 1 25 51 69 63 30 33 4],[85 26 8 87 75 40 51 37 78 7 47 58 74 83 15 43 39 60 57 24 49 29 48 79 56 65 62 73 42 81 70 68 14 2 6 18 77 12 16 52 22 35 11 36 27 50 5 13 76 28 33 55 69 64 82 46 53 3 0 1 30 59 9 88 89 25 80 72 20 63 21 44 54 67 84 34 31 61 86 41 10 17 45 19 32 71 38 66 23 4],115534,134406
greedy/sko90,12,117866,412,105349,30962700,[85 30 75 15 28 52 34 24 1 41 47 49 40 69 32 46 61 42 20 7 44 55 84 14 64 3 38 51 71 86 8 87 79 2 35 50 31 13 0 81 9 27 88 6 36 65 62 43 67 57 54 25 72 53 89 12 37 73 60 23 74 82 83 58 5 59 80 39 22 63 17 48 45 18 56 76 77 16 10 78 66 29 26 68 11 19 33 70 21 4],[85 26 8 87 75 40 51 37 78 7 47 58 74 83 15 43 39 60 57 24 49 29 48 79 56 65 62 73 42 81 70 68 14 2 6 18 77 12 16 52 22 35 11 36 27 50 5 13 76 28 33 55 69 64 82 46 53 3 0 1 30 59 9 88 89 25 80 72 20 63 21 44 54 67 84 34 31 61 86 41 10 17 45 19 32 71 38 66 23 4],115534,136000
steepest/sko90,12,117626,101,408510,111100500,[7 61 75 40 86 51 19 42 24 85 41 81 31 78 32 15 79 87 52 26 1 71 34 84 64 46 6 67 22 30 0 76 2 69 35 50 36 48 10 21 20 28 13 14 65 62 56 8 39 43 63 68 18 12 11 5 27 9 55 47 57 16 37 3 53 77 59 60 70 58 23 38 54 88 89 80 83 74 29 49 4 66 72 73 25 82 45 44 17 33],[85 26 8 87 75 40 51 37 78 7 47 58 74 83 15 43 39 60 57 24 49 29 48 79 56 65 62 73 42 81 70 68 14 2 6 18 77 12 16 52 22 35 11 36 27 50 5 13 76 28 33 55 69 64 82 46 53 3 0 1 30 59 9 88 89 25 80 72 20 63 21 44 54 67 84 34 31 61 86 41 10 17 45 19 32 71 38 66 23 4],115534,136000
random/sko90,12,132550,14065,14065,111273200,[39 72 71 65 17 88 45 3 10 25 80 13 57 0 59 67 33 36 29 76 1 20 56 77 64 81 82 14 23 53 55 74 7 18 61 6 42 73 52 86 75 9 50 5 27 15 89 49 38 60 28 16 84 34 19 32 41 69 66 35 24 83 68 43 46 40 63 11 4 21 79 87 47 78 85 12 62 22 70 44 51 30 54 2 58 31 37 48 26 8],[85 26 8 87 75 40 51 37 78 7 47 58 74 83 15 43 39 60 57 24 49 29 48 79 56 65 62 73 42 81 70 68 14 2 6 18 77 12 16 52 22 35 11 36 27 50 5 13 76 28 33 55 69 64 82 46 53 3 0 1 30 59 9 88 89 25 80 72 20 63 21 44 54 67 84 34 31 61 86 41 10 17 45 19 32 71 38 66 23 4],115534,136000
randomWalk/sko90,12,136628,401760,401760,113066900,[81 40 39 11 9 70 1 82 69 83 33 49 8 61 42 38 75 4 3 24 63 52 19 2 56 77 55 68 18 12 29 46 20 62 51 17 21 72 6 15 35 34 79 57 80 48 16 10 85 31 47 71 28 74 88 76 27 23 45 32 89 7 53 44 22 13 0 14 26 41 60 25 87 67 78 37 43 64 36 59 84 50 58 66 73 54 86 5 65 30],[85 26 8 87 75 40 51 37 78 7 47 58 74 83 15 43 39 60 57 24 49 29 48 79 56 65 62 73 42 81 70 68 14 2 6 18 77 12 16 52 22 35 11 36 27 50 5 13 76 28 33 55 69 64 82 46 53 3 0 1 30 59 9 88 89 25 80 72 20 63 21 44 54 67 84 34 31 61 86 41 10 17 45 19 32 71 38 66 23 4],115534,136000
heuristic/sko90,12,131136,0,0,0,[85 68 23 20 32 9 44 71 24 21 10 57 48 46 77 79 55 76 52 86 26 38 64 59 13 56 6 34 58 81 47 60 37 88 89 35 50 11 18 78 74 83 80 36 5 2 67 87 15 40 73 0 16 14 27 62 3 12 72 8 75 45 61 65 82 84 43 42 29 41 7 17 53 39 31 28 70 54 22 19 66 49 1 25 51 69 63 30 33 4],[85 26 8 87 75 40 51 37 78 7 47 58 74 83 15 43 39 60 57 24 49 29 48 79 56 65 62 73 42 81 70 68 14 2 6 18 77 12 16 52 22 35 11 36 27 50 5 13 76 28 33 55 69 64 82 46 53 3 0 1 30 59 9 88 89 25 80 72 20 63 21 44 54 67 84 34 31 61 86 41 10 17 45 19 32 71 38 66 23 4],115534,136000
greedy/sko90,13,118268,418,101011,25993500,[49 85 47 75 40 55 69 8 33 21 30 61 38 72 88 3 9 54 22 66 24 20 0 65 83 17 59 58 70 63 1 34 39 43 36 67 35 29 60 10 52 28 13 5 6 80 14 56 16 68 42 15 2 27 50 89 48 77 11 76 41 19 71 62 79 84 64 12 18 86 81 32 51 44 46 25 82 37 73 78 23 7 31 26 87 45 53 74 57 4],[85 26 8 87 75 40 51 37 78 7 47 58 74 83 15 43 39 60 57 24 49 29 48 79 56 65 62 73 42 81 70 68 14 2 6 18 77 12 16 52 22 35 11 36 27 50 5 13 76 28 33 55 69 64 82 46 53 3 0 1 30 59 9 88 89 25 80 72 20 63 21 44 54 67 84 34 31 61 86 41 10 17 45 19 32 71 38 66 23 4],115534,137440
steepest/sko90,13,117856,146,588735,147534800,[24 61 1 41 34 52 49 47 30 85 66 63 28 20 38 39 33 54 23 10 72 80 9 3 88 5 44 55 17 59 73 16 60 25 84 89 83 74 58 70 21 13 0 53 65 67 82 45 29 22 76 11 50 69 35 27 2 6 14 48 86 42 77 62 15 43 56 79 37 8 78 19 64 46 32 12 36 87 40 26 4 81 57 75 31 71 18 51 7 68],[85 26 8 87 75 40 51 37 78 7 47 58 74 83 15 43 39 60 57 24 49 29 48 79 56 65 62 73 42 81 70 68 14 2 6 18 77 12 16 52 22 35 11 36 27 50 5 13 76 28 33 55 69 64 82 46 53 3 0 1 30 59 9 88 89 25 80 72 20 63 21 44 54 67 84 34 31 61 86 41 10 17 45 19 32 71 38 66 23 4],115534,137440
random/sko90,13,132404,19415,19415,147855400,[1 78 57 28 66 40 79 8 24 23 33 85 0 69 55 72 5 38 86 48 52 73 49 81 56 54 36 64 80 16 39 42 71 63 88 87 9 89 74 46 76 15 65 14 26 62 61 77 47 7 25 67 50 60 11 31 12 43 37 68 20 35 34 13 19 32 18 2 45 58 29 82 41 84 4 75 27 44 3 51 17 6 21 22 10 83 30 59 70 53],[85 26 8 87 75 40 51 37 78 7 47 58 74 83 15 43 39 60 57 24 49 29 48 79 56 65 62 73 42 81 70 68 14 2 6 18 77 12 16 52 22 35 11 36 27 50 5 13 76 28 33 55 69 64 82 46 53 3 0 1 30 59 9 88 89 25 80 72 20 63 21 44 54 67 84 34 31 61 86 41 10 17 45 19 32 71 38 66 23 4],115534,137440
randomWalk/sko90,13,136656,478488,478488,148113600,[51 16 28 62 41 25 79 74 22 26 49 58 75 21 78 10 33 77 56 84 14 53 76 4 72 61 54 69 50 43 46 35 3 1 27 5 70 87 65 37 73 81 40 89 31 63 60 39 59 55 32 8 30 38 57 36 67 6 71 88 44 48 15 45 24 19 34 13 85 0 2 52 42 12 82 86 66 17 47 64 83 29 7 80 20 68 11 18 9 23],[85 26 8 87 75 40 51 37 78 7 47 58 74 83 15 43 39 60 57 24 49 29 48 79 56 65 62 73 42 81 70 68 14 2 6 18 77 12 16 52 22 35 11 36 27 50 5 13 76 28 33 55 69 64 82 46 53 3 0 1 30 59 9 88 89 25 80 72 20 63 21 44 54 67 84 34 31 61 86 41 10 17 45 19 32 71 38 66 23 4],115534,137440
heuristic/sko90,13,131136,0,0,0,[85 68 23 20 32 9 44 71 24 21 10 57 48 46 77 79 55 76 52 86 26 38 64 59 13 56 6 34 58 81 47 60 37 88 89 35 50 11 18 78 74 83 80 36 5 2 67 87 15 40 73 0 16 14 27 62 3 12 72 8 75 45 61 65 82 84 43 42 29 41 7 17 53 39 31 28 70 54 22 19 66 49 1 25 51 69 63 30 33 4],[85 26 8 87 75 40 51 37 78 7 47 58 74 83 15 43 39 60 57 24 49 29 48 79 56 65 62 73 42 81 70 68 14 2 6 18 77 12 16 52 22 35 11 36 27 50 5 13 76 28 33 55 69 64 82 46 53 3 0 1 30 59 9 88 89 25 80 72 20 63 21 44 54 67 84 34 31 61 86 41 10 17 45 19 32 71 38 66 23 4],115534,137440
greedy/sko90,14,117706,413,98057,24864000,[7 23 81 0 80 72 38 41 66 4 45 17 25 12 54 31 32 9 19 63 26 44 53 82 88 5 34 28 61 52 74 83 29 77 89 36 84 64 3 86 55 87 65 2 79 18 14 46 69 68 39 51 50 13 6 56 15 11 16 78 47 49 62 27 48 35 30 75 1 76 58 43 42 37 40 59 20 70 33 24 85 60 57 73 8 67 71 22 21 10],[85 26 8 87 75 40 51 37 78 7 47 58 74 83 15 43 39 60 57 24 49 29 48 79 56 65 62 73 42 81 70 68 14 2 6 18 77 12 16 52 22 35 11 36 27 50 5 13 76 28 33 55 69 64 82 46 53 3 0 1 30 59 9 88 89 25 80 72 20 63 21 44 54 67 84 34 31 61 86 41 10 17 45 19 32 71 38 66 23 4],115534,136384
steepest/sko90,14,117680,115,464580,107944100,[24 17 23 81 63 1 41 52 66 4 60 39 73 80 9 3 28 16 76 78 70 45 20 25 88 72 30 54 11 33 29 83 59 77 89 53 84 82 64 86 58 43 65 0 37 13 61 5 56 21 57 47 62 50 44 38 34 12 18 46 22 74 42 35 67 2 14 36 68 69 10 55 49 48 71 27 40 6 79 19 7 26 85 87 8 31 51 15 32 75],[85 26 8 87 75 40 51 37 78 7 47 58 74 83 15 43 39 60 57 24 49 29 48 79 56 65 62 73 42 81 70 68 14 2 6 18 77 12 16 52 22 35 11 36 27 50 5 13 76 28 33 55 69 64 82 46 53 3 0 1 30 59 9 88 89 25 80 72 20 63 21 44 54 67 84 34 31 61 86 41 10 17 45 19 32 71 38 66 23 4],115534,136384
random/sko90,14,132174,13624,13624,110254000,[10 24 66 88 65 8 78 26 87 60 82 70 37 1 80 17 29 6 7 30 28 4 41 48 23 54 14 69 11 77 72 42 0 36 15 22 31 63 21 51 71 20 61 85 55 16 32 79 45 46 40 13 44 9 49 35 67 56 25 50 34 76 3 57 27 74 52 5 68 53 73 84 83 38 81 12 39 43 33 58 64 86 47 2 59 89 62 75 19 18],[85 26 8 87 75 40 51 37 78 7 47 58 74 83 15 43 39 60 57 24 49 29 48 79 56 65 62 73 42 81 70 68 14 2 6 18 77 12 16 52 22 35 11 36 27 50 5 13 76 28 33 55 69 64 82 46 53 3 0 1 30 59 9 88 89 25 80 72 20 63 21 44 54 67 84 34 31 61 86 41 10 17 45 19 32 71 38 66 23 4],115534,136384
randomWalk/sko90,14,136608,401080,401080,109942300,[86 67 61 62 75 43 49 6 20 12 89 16 2 72 71 9 26 8 23 78 44 37 27 15 22 24 21 45 85 39 33 54 4 84 81 19 73 42 51 46 56 70 59 11 82 40 36 35 31 79 3 83 5 34 63 87 30 0 48 80 69 13 65 25 76 32 52 64 77 14 18 28 10 53 41 57 74 7 60 50 88 58 47 38 68 55 29 66 1 17],[85 26 8 87 75 40 51 37 78 7 47 58 74 83 15 43 39 60 57 24 49 29 48 79 56 65 62 73 42 81 70 68 14 2 6 18 77 12 16 52 22 35 11 36 27 50 5 13 76 28 33 55 69 64 82 46 53 3 0 1 30 59 9 88 89 25 80 72 20 63 21 44 54 67 84 34 31 61 86 41 10 17 45 19 32 71 38 66 23 4],115534,136384
heuristic/sko90,14,131136,0,0,0,[85 68 23 20 32 9 44 71 24 21 10 57 48 46 77 79 55 76 52 86 26 38 64 59 13 56 6 34 58 81 47 60 37 88 89 35 50 11 18 78 74 83 80 36 5 2 67 87 15 40 73 0 16 14 27 62 3 12 72 8 75 45 61 65 82 84 43 42 29 41 7 17 53 39 31 28 70 54 22 19 66 49 1 25 51 69 63 30 33 4],[85 26 8 87 75 40 51 37 78 7 47 58 74 83 15 43 39 60 57 24 49 29 48 79 56 65 62 73 42 81 70 68 14 2 6 18 77 12 16 52 22 35 11 36 27 50 5 13 76 28 33 55 69 64 82 46 53 3 0 1 30 59 9 88 89 25 80 72 20 63 21 44 54 67 84 34 31 61 86 41 10 17 45 19 32 71 38 66 23 4],115534,136384
greedy/sko90,15,117640,370,76469,23266700,[41 1 72 28 81 80 9 63 66 4 23 38 0 20 5 88 30 54 16 33 61 31 13 18 12 77 14 52 11 68 34 84 53 89 64 82 3 59 76 86 71 25 2 6 36 67 48 35 29 22 32 45 50 27 46 65 69 19 17 21 7 44 57 15 62 56 73 42 24 70 51 87 37 43 79 39 8 55 60 10 85 26 47 75 40 83 49 74 58 78],[85 26 8 87 75 40 51 37 78 7 47 58 74 83 15 43 39 60 57 24 49 29 48 79 56 65 62 73 42 81 70 68 14 2 6 18 77 12 16 52 22 35 11 36 27 50 5 13 76 28 33 55 69 64 82 46 53 3 0 1 30 59 9 88 89 25 80 72 20 63 21 44 54 67 84 34 31 61 86 41 10 17 45 19 32 71 38 66 23 4],115534,137592
steepest/sko90,15,118930,103,416520,101840600,[7 85 37 40 8 68 58 22 70 10 23 57 48 18 14 59 35 76 73 78 53 74 54 12 77 11 29 20 60 63 25 89 83 72 88 65 28 3 66 16 45 87 82 5 55 62 56 80 17 24 31 47 61 0 50 13 42 9 81 86 51 44 2 49 27 79 36 67 39 52 26 84 41 34 15 6 64 43 30 1 32 71 38 75 19 69 46 21 33 4],[85 26 8 87 75 40 51 37 78 7 47 58 74 83 15 43 39 60 57 24 49 29 48 79 56 65 62 73 42 81 70 68 14 2 6 18 77 12 16 52 22 35 11 36 27 50 5 13 76 28 33 55 69 64 82 46 53 3 0 1 30 59 9 88 89 25 80 72 20 63 21 44 54 67 84 34 31 61 86 41 10 17 45 19 32 71 38 66 23 4],115534,137592
random/sko90,15,132688,13465,13465,103561000,[9 23 66 2 15 46 52 32 18 21 76 36 39 49 75 44 11 68 56 71 28 55 69 88 25 89 27 83 5 72 20 63 70 82 4 17 38 84 34 48 80 10 58 81 78 59 67 73 22 86 74 53 54 13 64 65 60 7 6 29 79 51 30 85 24 87 3 41 37 0 19 40 14 62 1 43 42 33 31 12 47 77 16 8 50 45 35 61 26 57],[85 26 8 87 75 40 51 37 78 7 47 58 74 83 15 43 39 60 57 24 49 29 48 79 56 65 62 73 42 81 70 68 14 2 6 18 77 12 16 52 22 35 11 36 27 50 5 13 76 28 33 55 69 64 82 46 53 3 0 1 30 59 9 88 89 25 80 72 20 63 21 44 54 67 84 34 31 61 86 41 10 17 45 19 32 71 38 66 23 4],115534,137592
randomWalk/sko90,15,135634,377786,377786,104031300,[0 18 52 22 86 43 1 63 39 71 11 30 28 73 42 4 81 82 23 54 58 46 79 36 50 5 83 75 38 61 40 35 76 80 37 65 49 25 19 3 15 32 55 48 84 16 89 74 6 56 27 88 41 85 60 33 45 78 26 87 53 67 12 13 24 7 57 64 69 8 9 70 59 72 20 77 21 44 51 62 29 17 14 47 10 31 34 66 2 68],[85 26 8 87 75 40 51 37 78 7 47 58 74 83 15 43 39 60 57 24 49 29 48 79 56 65 62 73 42 81 70 68 14 2 6 18 77 12 16 52 22 35 11 36 27 50 5 13 76 28 33 55 69 64 82 46 53 3 0 1 30 59 9 88 89 25 80 72 20 63 21 44 54 67 84 34 31 61 86 41 10 17 45 19 32 71 38 66 23 4],115534,137592
heuristic/sko90,15,131136,0,0,531700,[85 68 23 20 32 9 44 71 24 21 10 57 48 46 77 79 55 76 52 86 26 38 64 59 13 56 6 34 58 81 47 60 37 88 89 35 50 11 18 78 74 83 80 36 5 2 67 87 15 40 73 0 16 14 27 62 3 12 72 8 75 45 61 65 82 84 43 42 29 41 7 17 53 39 31 28 70 54 22 19 66 49 1 25 51 69 63 30 33 4],[85 26 8 87 75 40 51 37 78 7 47 58 74 83 15 43 39 60 57 24 49 29 48 79 56 65 62 73 42 81 70 68 14 2 6 18 77 12 16 52 22 35 11 36 27 50 5 13 76 28 33 55 69 64 82 46 53 3 0 1 30 59 9 88 89 25 80 72 20 63 21 44 54 67 84 34 31 61 86 41 10 17 45 19 32 71 38 66 23 4],115534,137592
greedy/sko90,16,117980,352,58769,20387100,[17 33 39 30 21 9 80 63 66 4 45 70 73 82 11 50 77 72 19 81 55 49 25 27 46 5 13 16 38 1 47 83 43 62 36 65 88 0 71 34 26 29 53 84 67 89 6 42 31 32 44 87 60 56 64 3 2 28 61 41 74 8 48 79 35 69 12 15 54 52 85 58 59 37 40 14 75 20 51 24 10 22 78 86 68 18 57 76 7 23],[85 26 8 87 75 40 51 37 78 7 47 58 74 83 15 43 39 60 57 24 49 29 48 79 56 65 62 73 42 81 70 68 14 2 6 18 77 12 16 52 22 35 11 36 27 50 5 13 76 28 33 55 69 64 82 46 53 3 0 1 30 59 9 88 89 25 80 72 20 63 21 44 54 67 84 34 31 61 86 41 10 17 45 19 32 71 38 66 23 4],115534,137164
steepest/sko90,16,117284,114,460575,114322300,[17 23 49 1 41 52 9 30 63 4 44 25 3 88 38 28 72 54 80 66 45 59 84 89 34 32 31 82 81 19 26 83 39 67 20 0 36 5 61 86 55 10 53 71 27 79 46 13 64 76 74 48 69 35 2 15 6 14 11 68 47 58 65 43 62 42 29 56 18 16 87 51 8 37 75 50 70 40 77 78 85 7 60 57 73 24 22 12 33 21],[85 26 8 87 75 40 51 37 78 7 47 58 74 83 15 43 39 60 57 24 49 29 48 79 56 65 62 73 42 81 70 68 14 2 6 18 77 12 16 52 22 35 11 36 27 50 5 13 76 28 33 55 69 64 82 46 53 3 0 1 30 59 9 88 89 25 80 72 20 63 21 44 54 67 84 34 31 61 86 41 10 17 45 19 32 71 38 66 23 4],115534,137164
random/sko90,16,132646,13265,13265,115186900,[60 66 84 76 48 89 50 85 32 57 12 82 37 51 6 40 28 75 14 36 43 53 81 47 55 70 64 54 30 86 49 20 7 25 31 72 22 34 18 71 63 29 88 38 3 13 15 79 35 11 27 65 59 77 26 67 42 2 8 46 10 58 45 61 17 44 78 4 69 87 0 39 83 33 73 80 23 41 5 9 16 21 1 19 62 52 24 56 74 68],[85 26 8 87 75 40 51 37 78 7 47 58 74 83 15 43 39 60 57 24 49 29 48 79 56 65 62 73 42 81 70 68 14 2 6 18 77 12 16 52 22 35 11 36 27 50 5 13 76 28 33 55 69 64 82 46 53 3 0 1 30 59 9 88 89 25 80 72 20 63 21 44 54 67 84 34 31 61 86 41 10 17 45 19 32 71 38 66 23 4],115534,137164
randomWalk/sko90,16,137962,419509,419509,114406400,[0 29 85 86 73 69 48 83 11 2 8 50 25 66 33 84 80 10 12 28 21 15 39 75 36 44 22 72 34 20 3 26 89 60 63 74 58 71 32 65 70 51 49 56 41 46 57 6 4 37 17 47 68 5 13 52 16 24 61 81 14 27 30 77 1 23 59 82 76 55 19 43 40 64 38 67 35 62 53 42 78 7 88 31 9 18 79 45 87 54],[85 26 8 87 75 40 51 37 78 7 47 58 74 83 15 43 39 60 57 24 49 29 48 79 56 65 62 73 42 81 70 68 14 2 6 18 77 12 16 52 22 35 11 36 27 50 5 13 76 28 33 55 69 64 82 46 53 3 0 1 30 59 9 88 89 25 80 72 20 63 21 44 54 67 84 34 31 61 86 41 10 17 45 19 32 71 38 66 23 4],115534,137164
heuristic/sko90,16,131136,0,0,0,[85 68 23 20 32 9 44 71 24 21 10 57 48 46 77 79 55 76 52 86 26 38 64 59 13 56 6 34 58 81 47 60 37 88 89 35 50 11 18 78 74 83 80 36 5 2 67 87 15 40 73 0 16 14 27 62 3 12 72 8 75 45 61 65 82 84 43 42 29 41 7 17 53 39 31 28 70 54 22 19 66 49 1 25 51 69 63 30 33 4],[85 26 8 87 75 40 51 37 78 7 47 58 74 83 15 43 39 60 57 24 49 29 48 79 56 65 62 73 42 81 70 68 14 2 6 18 77 12 16 52 22 35 11 36 27 50 5 13 76 28 33 55 69 64 82 46 53 3 0 1 30 59 9 88 89 25 80 72 20 63 21 44 54 67 84 34 31 61 86 41 10 17 45 19 32 71 38 66 23 4],115534,137164
greedy/sko90,17,117826,416,57263,15106000,[23 17 49 25 44 45 74 48 10 26 66 80 39 83 47 55 29 87 76 19 38 72 88 89 31 59 2 32 79 68 61 0 65 13 27 67 71 35 11 69 34 9 20 5 62 50 51 36 46 64 41 28 3 43 53 84 6 15 56 75 1 81 57 16 42 77 12 14 40 18 24 52 60 73 82 70 37 8 22 78 4 63 30 33 54 58 7 85 21 86],[85 26 8 87 75 40 51 37 78 7 47 58 74 83 15 43 39 60 57 24 49 29 48 79 56 65 62 73 42 81 70 68 14 2 6 18 77 12 16 52 22 35 11 36 27 50 5 13 76 28 33 55 69 64 82 46 53 3 0 1 30 59 9 88 89 25 80 72 20 63 21 44 54 67 84 34 31 61 86 41 10 17 45 19 32 71 38 66 23 4],115534,136656
steepest/sko90,17,117958,86,348435,90050000,[24 60 73 33 4 66 70 22 21 1 86 63 78 16 46 28 3 69 75 41 52 81 53 82 11 64 76 84 61 34 30 39 80 56 18 6 68 9 15 20 42 0 12 13 5 36 14 67 40 38 57 43 65 50 72 2 35 88 31 71 49 83 62 77 27 89 37 59 51 7 85 58 87 54 25 79 48 8 32 23 47 26 74 29 45 17 55 44 19 10],[85 26 8 87 75 40 51 37 78 7 47 58 74 83 15 43 39 60 57 24 49 29 48 79 56 65 62 73 42 81 70 68 14 2 6 18 77 12 16 52 22 35 11 36 27 50 5 13 76 28 33 55 69 64 82 46 53 3 0 1 30 59 9 88 89 25 80 72 20 63 21 44 54 67 84 34 31 61 86 41 10 17 45 19 32 71 38 66 23 4],115534,136656
random/sko90,17,132542,11063,11063,90785200,[19 34 60 78 25 75 36 5 4 71 45 62 23 17 32 76 67 66 46 82 56 41 26 83 28 87 61 12 70 51 0 2 44 42 50 33 47 24 43 40 20 30 6 55 68 81 39 54 3 58 79 63 49 29 80 13 38 69 37 21 10 11 86 89 77 14 35 57 22 7 15 52 27 1 84 72 18 48 85 88 9 16 31 59 8 65 73 64 53 74],[85 26 8 87 75 40 51 37 78 7 47 58 74 83 15 43 39 60 57 24 49 29 48 79 56 65 62 73 42 81 70 68 14 2 6 18 77 12 16 52 22 35 11 36 27 50 5 13 76 28 33 55 69 64 82 46 53 3 0 1 30 59 9 88 89 25 80 72 20 63 21 44 54 67 84 34 31 61 86 41 10 17 45 19 32 71 38 66 23 4],115534,136656
randomWalk/sko90,17,138038,382529,382529,95859800,[60 77 89 80 75 83 50 57 48 76 79 24 65 13 31 8 28 41 35 16 47 44 43 78 71 34 5 27 62 54 20 63 84 86 51 25 4 32 64 53 58 1 72 10 45 38 49 74 88 66 29 30 56 18 55 39 23 67 46 82 52 69 40 7 85 37 0 6 22 73 17 26 2 81 14 59 19 87 9 21 11 36 15 70 3 68 33 61 12 42],[85 26 8 87 75 40 51 37 78 7 47 58 74 83 15 43 39 60 57 24 49 29 48 79 56 65 62 73 42 81 70 68 14 2 6 18 77 12 16 52 22 35 11 36 27 50 5 13 76 28 33 55 69 64 82 46 53 3 0 1 30 59 9 88 89 25 80 72 20 63 21 44 54 67 84 34 31 61 86 41 10 17 45 19 32 71 38 66 23 4],115534,136656
heuristic/sko90,17,131136,0,0,0,[85 68 23 20 32 9 44 71 24 21 10 57 48 46 77 79 55 76 52 86 26 38 64 59 13 56 6 34 58 81 47 60 37 88 89 35 50 11 18 78 74 83 80 36 5 2 67 87 15 40 73 0 16 14 27 62 3 12 72 8 75 45 61 65 82 84 43 42 29 41 7 17 53 39 31 28 70 54 22 19 66 49 1 25 51 69 63 30 33 4],[85 26 8 87 75 40 51 37 78 7 47 58 74 83 15 43 39 60 57 24 49 29 48 79 56 65 62 73 42 81 70 68 14 2 6 18 77 12 16 52 22 35 11 36 27 50 5 13 76 28 33 55 69 64 82 46 53 3 0 1 30 59 9 88 89 25 80 72 20 63 21 44 54 67 84 34 31 61 86 41 10 17 45 19 32 71 38 66 23 4],115534,136656
greedy/sko90,18,117236,411,102115,32775700,[7 20 73 24 37 51 78 40 15 75 81 0 61 32 19 12 76 42 52 85 71 38 31 64 13 2 18 79 87 8 57 72 89 34 62 27 50 6 47 49 28 25 53 46 67 36 43 35 48 21 41 9 84 82 65 5 56 14 44 69 1 3 88 86 16 77 11 68 30 33 23 63 80 59 60 83 58 70 29 22 4 66 45 17 39 54 10 55 74 26],[85 26 8 87 75 40 51 37 78 7 47 58 74 83 15 43 39 60 57 24 49 29 48 79 56 65 62 73 42 81 70 68 14 2 6 18 77 12 16 52 22 35 11 36 27 50 5 13 76 28 33 55 69 64 82 46 53 3 0 1 30 59 9 88 89 25 80 72 20 63 21 44 54 67 84 34 31 61 86 41 10 17 45 19 32 71 38 66 23 4],115534,137030
steepest/sko90,18,117122,106,428535,94380800,[4 81 23 57 42 0 52 41 24 7 66 19 72 31 28 32 38 34 61 1 63 9 16 88 13 12 3 54 20 71 76 80 77 89 50 2 6 84 15 86 73 59 25 53 5 27 18 82 37 30 68 11 48 67 35 36 64 14 40 49 70 17 45 29 65 79 69 22 8 75 78 39 60 62 55 56 46 44 51 33 10 26 74 83 58 43 87 21 47 85],[85 26 8 87 75 40 51 37 78 7 47 58 74 83 15 43 39 60 57 24 49 29 48 79 56 65 62 73 42 81 70 68 14 2 6 18 77 12 16 52 22 35 11 36 27 50 5 13 76 28 33 55 69 64 82 46 53 3 0 1 30 59 9 88 89 25 80 72 20 63 21 44 54 67 84 34 31 61 86 41 10 17 45 19 32 71 38 66 23 4],115534,137030
random/sko90,18,132378,11274,11274,103549400,[10 37 80 24 51 59 71 7 18 68 75 69 88 1 70 6 50 20 9 34 33 76 40 35 46 19 16 22 26 0 85 49 12 63 81 30 8 14 65 66 48 72 28 73 79 74 13 3 36 23 42 31 60 61 52 82 11 56 4 64 55 27 67 89 5 17 2 54 87 45 47 43 44 21 57 53 32 25 29 62 39 83 41 84 38 58 78 15 86 77],[85 26 8 87 75 40 51 37 78 7 47 58 74 83 15 43 39 60 57 24 49 29 48 79 56 65 62 73 42 81 70 68 14 2 6 18 77 12 16 52 22 35 11 36 27 50 5 13 76 28 33 55 69 64 82 46 53 3 0 1 30 59 9 88 89 25 80 72 20 63 21 44 54 67 84 34 31 61 86 41 10 17 45 19 32 71 38 66 23 4],115534,137030
randomWalk/sko90,18,137916,396276,396276,98914700,[76 31 53 63 70 62 82 44 88 11 9 59 75 5 41 69 78 23 55 4 56 33 46 14 43 71 45 35 30 40 20 47 38 26 16 7 66 77 49 85 54 32 83 17 39 10 28 57 12 58 67 80 72 74 89 0 6 15 68 34 8 18 3 79 25 36 51 19 52 21 50 61 29 81 22 87 65 37 1 48 24 27 86 60 64 73 84 2 13 42],[85 26 8 87 75 40 51 37 78 7 47 58 74 83 15 43 39 60 57 24 49 29 48 79 56 65 62 73 42 81 70 68 14 2 6 18 77 12 16 52 22 35 11 36 27 50 5 13 76 28 33 55 69 64 82 46 53 3 0 1 30 59 9 88 89 25 80 72 20 63 21 44 54 67 84 34 31 61 86 41 10 17 45 19 32 71 38 66 23 4],115534,137030
heuristic/sko90,18,131136,0,0,0,[85 68 23 20 32 9 44 71 24 21 10 57 48 46 77 79 55 76 52 86 26 38 64 59 13 56 6 34 58 81 47 60 37 88 89 35 50 11 18 78 74 83 80 36 5 2 67 87 15 40 73 0 16 14 27 62 3 12 72 8 75 45 61 65 82 84 43 42 29 41 7 17 53 39 31 28 70 54 22 19 66 49 1 25 51 69 63 30 33 4],[85 26 8 87 75 40 51 37 78 7 47 58 74 83 15 43 39 60 57 24 49 29 48 79 56 65 62 73 42 81 70 68 14 2 6 18 77 12 16 52 22 35 11 36 27 50 5 13 76 28 33 55 69 64 82 46 53 3 0 1 30 59 9 88 89 25 80 72 20 63 21 44 54 67 84 34 31 61 86 41 10 17 45 19 32 71 38 66 23 4],115534,137030
greedy/sko90,19,117650,418,61857,10505200,[7 71 37 51 75 40 8 87 85 22 34 84 31 61 6 18 54 57 47 24 38 44 82 83 2 14 15 29 58 74 32 46 0 36 13 64 12 81 43 42 41 28 53 5 67 65 62 56 60 52 23 3 89 88 27 35 50 79 39 86 1 45 20 30 73 48 77 55 26 49 66 25 72 80 16 76 11 78 70 33 4 17 59 9 69 68 19 63 10 21],[85 26 8 87 75 40 51 37 78 7 47 58 74 83 15 43 39 60 57 24 49 29 48 79 56 65 62 73 42 81 70 68 14 2 6 18 77 12 16 52 22 35 11 36 27 50 5 13 76 28 33 55 69 64 82 46 53 3 0 1 30 59 9 88 89 25 80 72 20 63 21 44 54 67 84 34 31 61 86 41 10 17 45 19 32 71 38 66 23 4],115534,136668
steepest/sko90,19,118352,99,400500,113337000,[78 22 33 21 56 68 18 57 29 86 26 60 70 43 36 11 12 53 64 45 73 87 83 58 5 77 82 25 74 17 39 51 46 47 62 50 27 79 55 44 75 8 40 35 67 37 13 2 84 71 69 3 59 65 48 14 0 89 61 38 10 9 88 80 6 15 31 32 34 19 63 20 24 49 16 76 72 42 54 7 4 1 85 30 28 52 81 23 41 66],[85 26 8 87 75 40 51 37 78 7 47 58 74 83 15 43 39 60 57 24 49 29 48 79 56 65 62 73 42 81 70 68 14 2 6 18 77 12 16 52 22 35 11 36 27 50 5 13 76 28 33 55 69 64 82 46 53 3 0 1 30 59 9 88 89 25 80 72 20 63 21 44 54 67 84 34 31 61 86 41 10 17 45 19 32 71 38 66 23 4],115534,136668
random/sko90,19,132988,12023,12023,117035500,[8 37 40 42 54 66 43 32 53 46 58 0 9 22 75 52 69 63 4 3 15 87 29 73 36 60 82 51 38 16 85 50 62 64 70 45 17 30 33 39 35 49 61 47 18 28 56 41 24 67 59 25 19 12 48 6 78 57 5 21 13 44 20 86 77 83 80 65 31 11 7 10 14 23 72 88 71 2 34 1 55 81 89 84 74 26 68 27 79 76],[85 26 8 87 75 40 51 37 78 7 47 58 74 83 15 43 39 60 57 24 49 29 48 79 56 65 62 73 42 81 70 68 14 2 6 18 77 12 16 52 22 35 11 36 27 50 5 13 76 28 33 55 69 64 82 46 53 3 0 1 30 59 9 88 89 25 80 72 20 63 21 44 54 67 84 34 31 61 86 41 10 17 45 19 32 71 38 66 23 4],115534,136668
randomWalk/sko90,19,138808,428348,428348,114692400,[76 30 20 66 40 47 17 87 67 18 64 62 51 61 23 46 2 8 29 25 74 53 57 24 39 15 86 48 71 54 28 6 70 9 69 7 12 21 81 33 77 78 79 82 1 41 60 13 56 37 73 59 45 5 32 10 26 52 65 55 34 14 4 80 58 44 38 68 84 22 85 83 3 50 27 0 31 19 16 36 42 72 63 43 88 11 49 75 89 35],[85 26 8 87 75 40 51 37 78 7 47 58 74 83 15 43 39 60 57 24 49 29 48 79 56 65 62 73 42 81 70 68 14 2 6 18 77 12 16 52 22 35 11 36 27 50 5 13 76 28 33 55 69 64 82 46 53 3 0 1 30 59 9 88 89 25 80 72 20 63 21 44 54 67 84 34 31 61 86 41 10 17 45 19 32 71 38 66 23 4],115534,136668
heuristic/sko90,19,131136,0,0,0,[85 68 23 20 32 9 44 71 24 21 10 57 48 46 77 79 55 76 52 86 26 38 64 59 13 56 6 34 58 81 47 60 37 88 89 35 50 11 18 78 74 83 80 36 5 2 67 87 15 40 73 0 16 14 27 62 3 12 72 8 75 45 61 65 82 84 43 42 29 41 7 17 53 39 31 28 70 54 22 19 66 49 1 25 51 69 63 30 33 4],[85 26 8 87 75 40 51 37 78 7 47 58 74 83 15 43 39 60 57 24 49 29 48 79 56 65 62 73 42 81 70 68 14 2 6 18 77 12 16 52 22 35 11 36 27 50 5 13 76 28 33 55 69 64 82 46 53 3 0 1 30 59 9 88 89 25 80 72 20 63 21 44 54 67 84 34 31 61 86 41 10 17 45 19 32 71 38 66 23 4],115534,136668
greedy/sko90,20,117520,464,89920,16527900,[4 66 1 46 81 54 69 63 85 21 41 34 84 82 32 51 15 6 87 75 38 61 31 53 64 12 14 18 8 22 0 28 3 67 36 2 35 50 57 60 71 72 37 88 27 79 48 76 40 73 20 25 89 13 5 83 77 56 16 78 23 45 59 80 39 62 65 11 43 10 7 17 44 9 19 55 42 68 29 70 52 24 30 86 49 47 74 58 26 33],[85 26 8 87 75 40 51 37 78 7 47 58 74 83 15 43 39 60 57 24 49 29 48 79 56 65 62 73 42 81 70 68 14 2 6 18 77 12 16 52 22 35 11 36 27 50 5 13 76 28 33 55 69 64 82 46 53 3 0 1 30 59 9 88 89 25 80 72 20 63 21 44 54 67 84 34 31 61 86 41 10 17 45 19 32 71 38 66 23 4],115534,138024
steepest/sko90,20,118322,108,436545,104995100,[4 24 7 29 9 49 47 30 44 17 63 58 23 74 0 42 85 54 55 66 1 20 59 25 89 72 28 52 45 41 73 83 37 80 88 13 2 82 3 38 60 16 77 53 12 5 11 27 33 61 70 39 62 65 6 14 50 36 84 34 57 43 56 68 18 67 35 46 69 21 78 26 51 87 31 40 15 79 75 32 10 81 71 48 8 22 76 64 86 19],[85 26 8 87 75 40 51 37 78 7 47 58 74 83 15 43 39 60 57 24 49 29 48 79 56 65 62 73 42 81 70 68 14 2 6 18 77 12 16 52 22 35 11 36 27 50 5 13 76 28 33 55 69 64 82 46 53 3 0 1 30 59 9 88 89 25 80 72 20 63 21 44 54 67 84 34 31 61 86 41 10 17 45 19 32 71 38 66 23 4],115534,138024
random/sko90,20,131940,14486,14486,105934400,[29 9 34 36 6 8 51 10 72 68 49 80 18 15 83 39 84 31 75 22 86 43 70 64 77 35 74 60 88 63 27 82 62 32 56 38 26 71 14 65 24 44 25 11 16 54 12 45 28 37 48 17 61 89 21 5 69 58 53 52 50 57 85 67 7 78 76 41 23 59 1 73 2 47 40 13 55 3 81 33 42 66 30 46 0 79 87 20 19 4],[85 26 8 87 75 40 51 37 78 7 47 58 74 83 15 43 39 60 57 24 49 29 48 79 56 65 62 73 42 81 70 68 14 2 6 18 77 12 16 52 22 35 11 36 27 50 5 13 76 28 33 55 69 64 82 46 53 3 0 1 30 59 9 88 89 25 80 72 20 63 21 44 54 67 84 34 31 61 86 41 10 17 45 19 32 71 38 66 23 4],115534,138024
randomWalk/sko90,20,134046,425610,425610,107142200,[12 33 40 59 75 1 4 61 21 87 15 32 43 20 89 44 64 37 57 49 68 78 42 36 83 74 46 79 2 13 54 56 16 70 30 29 67 23 19 65 7 14 25 5 77 55 27 0 71 31 24 86 63 3 17 81 69 82 18 48 62 34 50 53 41 39 35 72 52 22 8 45 60 9 11 80 66 51 84 73 26 85 58 47 10 28 38 6 76 88],[85 26 8 87 75 40 51 37 78 7 47 58 74 83 15 43 39 60 57 24 49 29 48 79 56 65 62 73 42 81 70 68 14 2 6 18 77 12 16 52 22 35 11 36 27 50 5 13 76 28 33 55 69 64 82 46 53 3 0 1 30 59 9 88 89 25 80 72 20 63 21 44 54 67 84 34 31 61 86 41 10 17 45 19 32 71 38 66 23 4],115534,138024
heuristic/sko90,20,131136,0,0,0,[85 68 23 20 32 9 44 71 24 21 10 57 48 46 77 79 55 76 52 86 26 38 64 59 13 56 6 34 58 81 47 60 37 88 89 35 50 11 18 78 74 83 80 36 5 2 67 87 15 40 73 0 16 14 27 62 3 12 72 8 75 45 61 65 82 84 43 42 29 41 7 17 53 39 31 28 70 54 22 19 66 49 1 25 51 69 63 30 33 4],[85 26 8 87 75 40 51 37 78 7 47 58 74 83 15 43 39 60 57 24 49 29 48 79 56 65 62 73 42 81 70 68 14 2 6 18 77 12 16 52 22 35 11 36 27 50 5 13 76 28 33 55 69 64 82 46 53 3 0 1 30 59 9 88 89 25 80 72 20 63 21 44 54 67 84 34 31 61 86 41 10 17 45 19 32 71 38 66 23 4],115534,138024
greedy/tai100b,1,1215038187,681,103619,25623300,[26 36 47 93 65 51 33 70 1 64 44 49 84 42 56 2 5 77 40 75 27 94 89 0 57 41 88 67 30 86 32 76 4 53 48 52 17 73 9 99 20 23 72 96 39 87 38 18 14 50 46 28 35 74 43 13 12 79 59 22 34 63 62 31 66 24 83 29 37 16 54 82 55 71 7 95 91 98 25 81 69 80 97 61 6 58 90 8 11 45 19 92 15 3 78 68 10 60 21 85],[84 36 26 80 64 69 49 44 81 47 65 25 93 28 71 94 0 85 98 29 31 52 78 4 18 14 88 79 30 32 67 10 5 76 60 27 42 19 56 40 23 2 77 75 97 53 20 50 86 57 99 38 83 59 63 37 11 35 16 34 43 13 90 91 48 92 74 7 12 68 8 72 89 6 9 73 1 17 70 51 95 33 66 45 24 62 61 41 46 39 96 58 3 82 54 21 55 22 15 87],1185996137,1692608984
steepest/tai100b,1,1205804719,151,752400,189462900,[84 65 69 47 44 26 81 36 49 80 64 93 25 38 83 86 14 37 53 28 22 8 75 68 66 55 88 67 30 32 79 23 40 16 5 77 87 76 20 42 56 27 50 39 48 57 18 41 99 96 97 72 59 12 43 35 9 17 73 7 34 98 45 3 78 15 4 92 52 6 58 85 21 82 1 13 91 70 63 51 95 33 24 94 11 54 29 60 31 46 71 10 2 62 61 0 89 90 19 74],[84 36 26 80 64 69 49 44 81 47 65 25 93 28 71 94 0 85 98 29 31 52 78 4 18 14 88 79 30 32 67 10 5 76 60 27 42 19 56 40 23 2 77 75 97 53 20 50 86 57 99 38 83 59 63 37 11 35 16 34 43 13 90 91 48 92 74 7 12 68 8 72 89 6 9 73 1 17 70 51 95 33 66 45 24 62 61 41 46 39 96 58 3 82 54 21 55 22 15 87],1185996137,1692608984
random/tai100b,1,1590528864,22833,22833,189707500,[73 96 70 69 29 36 44 2 88 30 99 64 97 76 98 34 59 13 82 91 72 48 12 10 74 53 65 21 51 86 33 24 79 75 18 26 47 57 45 90 27 31 85 54 15 60 63 7 84 37 93 61 8 6 77 80 87 0 52 25 81 35 68 17 83 46 23 78 95 43 3 4 42 56 38 66 32 41 5 16 55 1 22 11 49 92 39 89 71 50 14 9 58 62 67 19 94 28 20 40],[84 36 26 80 64 69 49 44 81 47 65 25 93 28 71 94 0 85 98 29 31 52 78 4 18 14 88 79 30 32 67 10 5 76 60 27 42 19 56 40 23 2 77 75 97 53 20 50 86 57 99 38 83 59 63 37 11 35 16 34 43 13 90 91 48 92 74 7 12 68 8 72 89 6 9 73 1 17 70 51 95 33 66 45 24 62 61 41 46 39 96 58 3 82 54 21 55 22 15 87],1185996137,1692608984
randomWalk/tai100b,1,1781579753,716242,716242,197027200,[20 14 16 39 74 59 85 80 29 51 41 50 26 88 96 43 91 6 89 37 12 17 76 32 92 86 13 83 52 9 42 3 2 75 65 35 47 90 64 67 28 23 10 22 63 82 72 94 81 95 68 44 70 54 46 97 66 15 5 1 19 45 7 38 48 33 11 78 18 98 60 36 79 53 84 55 25 93 58 30 73 31 56 8 27 49 24 87 71 57 69 40 4 99 77 34 21 61 62 0],[84 36 26 80 64 69 49 44 81 47 65 25 93 28 71 94 0 85 98 29 31 52 78 4 18 14 88 79 30 32 67 10 5 76 60 27 42 19 56 40 23 2 77 75 97 53 20 50 86 57 99 38 83 59 63 37 11 35 16 34 43 13 90 91 48 92 74 7 12 68 8 72 89 6 9 73 1 17 70 51 95 33 66 45 24 62 61 41 46 39 96 58 3 82 54 21 55 22 15 87],1185996137,1692608984
heuristic/tai100b,1,1468025063,0,0,0,[87 79 30 49 70 28 65 32 67 86 44 85 47 18 35 74 55 19 1 91 76 13 5 6 45 56 88 37 36 93 81 59 26 73 39 16 75 63 92 38 53 23 9 58 27 40 72 24 84 48 68 17 12 25 94 52 42 2 14 8 0 99 31 11 89 21 4 71 41 83 96 66 10 33 95 98 20 80 29 77 64 69 82 43 15 57 78 60 54 90 62 7 50 22 34 97 61 46 3 51],[84 36 26 80 64 69 49 44 81 47 65 25 93 28 71 94 0 85 98 29 31 52 78 4 18 14 88 79 30 32 67 10 5 76 60 27 42 19 56 40 23 2 77 75 97 53 20 50 86 57 99 38 83 59 63 37 11 35 16 34 43 13 90 91 48 92 74 7 12 68 8 72 89 6 9 73 1 17 70 51 95 33 66 45 24 62 61 41 46 39 96 58 3 82 54 21 55 22 15 87],1185996137,1692608984
greedy/tai100b,2,1249578062,847,106725,21068000,[33 70 1 84 44 64 51 36 65 47 28 95 13 99 62 86 53 29 72 89 90 80 76 94 45 3 88 79 30 49 67 11 40 83 97 77 87 27 56 42 78 2 5 55 21 8 37 68 6 31 15 69 24 85 9 63 82 59 74 48 7 12 34 0 16 73 26 43 93 25 71 35 17 19 4 38 46 52 92 32 98 91 41 58 75 50 22 57 61 66 18 39 20 96 14 54 60 10 23 81],[84 36 26 80 64 69 49 44 81 47 65 25 93 28 71 94 0 85 98 29 31 52 78 4 18 14 88 79 30 32 67 10 5 76 60 27 42 19 56 40 23 2 77 75 97 53 20 50 86 57 99 38 83 59 63 37 11 35 16 34 43 13 90 91 48 92 74 7 12 68 8 72 89 6 9 73 1 17 70 51 95 33 66 45 24 62 61 41 46 39 96 58 3 82 54 21 55 22 15 87],1185996137,1831331594
steepest/tai100b,2,1285476068,121,603900,150539100,[92 36 12 18 44 87 64 32 14 2 28 41 46 72 29 86 53 98 89 4 48 26 21 93 31 63 88 79 30 49 67 11 5 94 97 42 69 27 56 40 8 99 19 37 3 74 77 91 68 83 78 6 59 70 84 16 1 80 35 90 51 95 62 33 47 66 25 61 65 0 55 45 13 43 9 73 17 85 7 38 52 75 76 24 82 20 22 10 96 71 50 57 39 60 23 58 15 34 54 81],[84 36 26 80 64 69 49 44 81 47 65 25 93 28 71 94 0 85 98 29 31 52 78 4 18 14 88 79 30 32 67 10 5 76 60 27 42 19 56 40 23 2 77 75 97 53 20 50 86 57 99 38 83 59 63 37 11 35 16 34 43 13 90 91 48 92 74 7 12 68 8 72 89 6 9 73 1 17 70 51 95 33 66 45 24 62 61 41 46 39 96 58 3 82 54 21 55 22 15 87],1185996137,1831331594
random/tai100b,2,1602922572,17956,17956,154883300,[30 91 40 64 27 84 65 49 80 93 88 36 33 6 26 43 92 77 22 7 4 25 51 97 68 47 81 96 86 85 75 45 55 63 78 72 61 35 41 79 14 76 3 1 32 46 69 15 95 11 52 2 16 17 29 60 13 71 58 94 12 9 5 62 56 89 28 34 20 0 73 87 74 90 31 39 82 50 59 70 83 19 37 10 54 48 42 8 18 57 66 38 98 67 99 24 23 53 21 44],[84 36 26 80 64 69 49 44 81 47 65 25 93 28 71 94 0 85 98 29 31 52 78 4 18 14 88 79 30 32 67 10 5 76 60 27 42 19 56 40 23 2 77 75 97 53 20 50 86 57 99 38 83 59 63 37 11 35 16 34 43 13 90 91 48 92 74 7 12 68 8 72 89 6 9 73 1 17 70 51 95 33 66 45 24 62 61 41 46 39 96 58 3 82 54 21 55 22 15 87],1185996137,1831331594
randomWalk/tai100b,2,1762704104,490076,490076,156581200,[12 56 46 97 5 17 42 92 60 99 57 69 13 72 80 54 21 51 16 31 61 95 50 66 4 3 38 0 96 49 83 23 7 65 64 79 91 40 1 35 15 37 89 41 53 24 76 32 44 14 45 30 62 71 77 81 85 58 27 93 43 29 82 75 28 33 8 22 86 52 10 88 87 55 74 6 20 98 18 48 36 11 63 78 9 2 19 84 34 73 90 47 26 70 94 67 25 68 39 59],[84 36 26 80 64 69 49 44 81 47 65 25 93 28 71 94 0 85 98 29 31 52 78 4 18 14 88 79 30 32 67 10 5 76 60 27 42 19 56 40 23 2 77 75 97 53 20 50 86 57 99 38 83 59 63 37 11 35 16 34 43 13 90 91 48 92 74 7 12 68 8 72 89 6 9 73 1 17 70 51 95 33 66 45 24 62 61 41 46 39 96 58 3 82 54 21 55 22 15 87],1185996137,1831331594
heuristic/tai100b,2,1468025063,0,0,0,[87 79 30 49 70 28 65 32 67 86 44 85 47 18 35 74 55 19 1 91 76 13 5 6 45 56 88 37 36 93 81 59 26 73 39 16 75 63 92 38 53 23 9 58 27 40 72 24 84 48 68 17 12 25 94 52 42 2 14 8 0 99 31 11 89 21 4 71 41 83 96 66 10 33 95 98 20 80 29 77 64 69 82 43 15 57 78 60 54 90 62 7 50 22 34 97 61 46 3 51],[84 36 26 80 64 69 49 44 81 47 65 25 93 28 71 94 0 85 98 29 31 52 78 4 18 14 88 79 30 32 67 10 5 76 60 27 42 19 56 40 23 2 77 75 97 53 20 50 86 57 99 38 83 59 63 37 11 35 16 34 43 13 90 91 48 92 74 7 12 68 8 72 89 6 9 73 1 17 70 51 95 33 66 45 24 62 61 41 46 39 96 58 3 82 54 21 55 22 15 87],1185996137,1831331594
greedy/tai100b,3,1267130071,713,156551,42351800,[38 32 87 12 30 67 74 88 79 53 86 92 65 13 63 37 83 70 31 55 24 85 43 73 40 5 36 81 44 19 69 48 52 77 7 46 29 8 98 72 99 15 4 10 23 2 28 56 42 75 45 9 68 41 91 89 62 14 18 66 6 33 27 26 20 0 84 25 64 93 60 76 47 17 1 35 16 59 49 95 51 80 11 57 39 3 22 90 34 97 61 78 71 82 21 58 54 96 50 94],[84 36 26 80 64 69 49 44 81 47 65 25 93 28 71 94 0 85 98 29 31 52 78 4 18 14 88 79 30 32 67 10 5 76 60 27 42 19 56 40 23 2 77 75 97 53 20 50 86 57 99 38 83 59 63 37 11 35 16 34 43 13 90 91 48 92 74 7 12 68 8 72 89 6 9 73 1 17 70 51 95 33 66 45 24 62 61 41 46 39 96 58 3 82 54 21 55 22 15 87],1185996137,1700704046
steepest/tai100b,3,1255490822,125,623700,152783200,[12 32 69 85 44 94 19 36 64 80 65 86 92 21 61 24 39 28 46 82 54 1 27 52 60 42 88 67 30 70 79 40 47 73 13 77 74 58 2 26 5 63 23 56 75 17 93 9 99 10 48 72 87 83 18 14 53 37 31 22 59 35 38 95 8 62 29 84 98 51 7 6 33 4 66 96 41 0 55 49 25 16 20 90 11 3 15 97 89 57 76 43 68 78 50 45 71 34 91 81],[84 36 26 80 64 69 49 44 81 47 65 25 93 28 71 94 0 85 98 29 31 52 78 4 18 14 88 79 30 32 67 10 5 76 60 27 42 19 56 40 23 2 77 75 97 53 20 50 86 57 99 38 83 59 63 37 11 35 16 34 43 13 90 91 48 92 74 7 12 68 8 72 89 6 9 73 1 17 70 51 95 33 66 45 24 62 61 41 46 39 96 58 3 82 54 21 55 22 15 87],1185996137,1700704046
random/tai100b,3,1619721703,18318,18318,153602700,[28 98 76 32 36 79 26 51 81 47 41 82 20 74 39 71 5 64 45 55 83 88 54 11 21 48 69 4 97 70 77 95 72 29 62 63 34 3 90 15 23 16 56 24 13 68 91 92 53 7 61 2 85 43 86 50 9 0 18 33 60 99 6 87 38 66 44 75 89 27 67 59 84 30 25 93 37 31 57 40 12 65 14 73 17 19 10 42 8 22 1 35 96 58 80 46 78 52 49 94],[84 36 26 80 64 69 49 44 81 47 65 25 93 28 71 94 0 85 98 29 31 52 78 4 18 14 88 79 30 32 67 10 5 76 60 27 42 19 56 40 23 2 77 75 97 53 20 50 86 57 99 38 83 59 63 37 11 35 16 34 43 13 90 91 48 92 74 7 12 68 8 72 89 6 9 73 1 17 70 51 95 33 66 45 24 62 61 41 46 39 96 58 3 82 54 21 55 22 15 87],1185996137,1700704046
randomWalk/tai100b,3,1801444478,537490,537490,156291000,[59 15 0 33 50 69 27 3 68 97 78 48 91 42 76 95 54 56 41 1 39 77 58 64 71 12 51 65 2 36 30 22 5 18 24 21 60 94 61 46 82 86 84 99 92 49 19 10 34 16 79 17 20 38 7 8 40 89 93 74 72 14 67 53 45 57 28 75 52 73 96 62 85 6 35 80 98 37 29 88 55 26 43 66 87 47 44 25 4 31 13 9 11 32 23 70 90 81 63 83],[84 36 26 80 64 69 49 44 81 47 65 25 93 28 71 94 0 85 98 29 31 52 78 4 18 14 88 79 30 32 67 10 5 76 60 27 42 19 56 40 23 2 77 75 97 53 20 50 86 57 99 38 83 59 63 37 11 35 16 34 43 13 90 91 48 92 74 7 12 68 8 72 89 6 9 73 1 17 70 51 95 33 66 45 24 62 61 41 46 39 96 58 3 82 54 21 55 22 15 87],1185996137,1700704046
heuristic/tai100b,3,1468025063,0,0,0,[87 79 30 49 70 28 65 32 67 86 44 85 47 18 35 74 55 19 1 91 76 13 5 6 45 56 88 37 36 93 81 59 26 73 39 16 75 63 92 38 53 23 9 58 27 40 72 24 84 48 68 17 12 25 94 52 42 2 14 8 0 99 31 11 89 21 4 71 41 83 96 66 10 33 95 98 20 80 29 77 64 69 82 43 15 57 78 60 54 90 62 7 50 22 34 97 61 46 3 51],[84 36 26 80 64 69 49 44 81 47 65 25 93 28 71 94 0 85 98 29 31 52 78 4 18 14 88 79 30 32 67 10 5 76 60 27 42 19 56 40 23 2 77 75 97 53 20 50 86 57 99 38 83 59 63 37 11 35 16 34 43 13 90 91 48 92 74 7 12 68 8 72 89 6 9 73 1 17 70 51 95 33 66 45 24 62 61 41 46 39 96 58 3 82 54 21 55 22 15 87],1185996137,1700704046
greedy/tai100b,4,1241597789,788,162674,40354800,[65 70 26 80 79 67 49 88 30 93 47 16 35 44 98 52 12 4 92 74 7 2 57 73 23 58 32 86 85 19 94 22 41 55 53 87 0 48 75 66 96 25 18 82 76 24 14 39 28 54 50 46 63 11 91 13 8 83 95 68 43 64 42 71 20 60 31 29 37 17 10 38 89 9 69 84 51 81 6 1 59 33 15 40 78 72 97 61 5 3 34 99 56 21 62 77 45 90 27 36],[84 36 26 80 64 69 49 44 81 47 65 25 93 28 71 94 0 85 98 29 31 52 78 4 18 14 88 79 30 32 67 10 5 76 60 27 42 19 56 40 23 2 77 75 97 53 20 50 86 57 99 38 83 59 63 37 11 35 16 34 43 13 90 91 48 92 74 7 12 68 8 72 89 6 9 73 1 17 70 51 95 33 66 45 24 62 61 41 46 39 96 58 3 82 54 21 55 22 15 87],1185996137,1827021683
steepest/tai100b,4,1229023508,149,742500,179135900,[18 79 41 25 30 49 16 88 32 87 67 80 14 89 92 86 98 53 38 12 74 26 46 94 73 17 36 65 44 28 64 0 29 1 95 33 37 63 83 51 71 91 31 9 10 13 70 43 93 60 27 84 39 35 66 55 61 21 34 59 24 54 82 2 56 5 69 75 81 85 40 42 77 19 23 58 22 50 96 20 76 57 52 8 6 62 11 90 97 99 4 7 45 15 72 3 48 68 78 47],[84 36 26 80 64 69 49 44 81 47 65 25 93 28 71 94 0 85 98 29 31 52 78 4 18 14 88 79 30 32 67 10 5 76 60 27 42 19 56 40 23 2 77 75 97 53 20 50 86 57 99 38 83 59 63 37 11 35 16 34 43 13 90 91 48 92 74 7 12 68 8 72 89 6 9 73 1 17 70 51 95 33 66 45 24 62 61 41 46 39 96 58 3 82 54 21 55 22 15 87],1185996137,1827021683
random/tai100b,4,1608052209,20902,20902,180573500,[37 0 79 33 20 65 64 67 35 89 76 86 91 26 87 90 53 43 8 50 82 85 84 75 51 77 42 32 81 48 19 14 71 96 80 88 18 12 70 6 52 9 58 10 5 56 57 27 24 39 95 74 69 25 44 55 73 34 60 4 98 49 61 94 83 2 45 72 92 63 3 59 1 78 93 62 36 13 23 97 16 38 29 15 68 17 7 47 46 30 31 21 54 40 66 41 99 28 22 11],[84 36 26 80 64 69 49 44 81 47 65 25 93 28 71 94 0 85 98 29 31 52 78 4 18 14 88 79 30 32 67 10 5 76 60 27 42 19 56 40 23 2 77 75 97 53 20 50 86 57 99 38 83 59 63 37 11 35 16 34 43 13 90 91 48 92 74 7 12 68 8 72 89 6 9 73 1 17 70 51 95 33 66 45 24 62 61 41 46 39 96 58 3 82 54 21 55 22 15 87],1185996137,1827021683
randomWalk/tai100b,4,1845550805,591984,591984,181552600,[6 24 14 33 94 87 78 71 62 66 84 19 54 48 2 47 13 88 76 21 55 27 15 40 63 83 53 46 57 67 96 25 97 98 85 41 86 90 59 69 31 7 74 30 64 42 37 61 8 17 28 1 10 80 22 3 5 82 75 34 60 35 39 99 51 70 92 0 72 20 58 44 32 45 93 18 38 26 91 9 95 68 16 4 49 36 79 81 23 52 65 11 56 89 12 29 73 43 77 50],[84 36 26 80 64 69 49 44 81 47 65 25 93 28 71 94 0 85 98 29 31 52 78 4 18 14 88 79 30 32 67 10 5 76 60 27 42 19 56 40 23 2 77 75 97 53 20 50 86 57 99 38 83 59 63 37 11 35 16 34 43 13 90 91 48 92 74 7 12 68 8 72 89 6 9 73 1 17 70 51 95 33 66 45 24 62 61 41 46 39 96 58 3 82 54 21 55 22 15 87],1185996137,1827021683
heuristic/tai100b,4,1468025063,0,0,0,[87 79 30 49 70 28 65 32 67 86 44 85 47 18 35 74 55 19 1 91 76 13 5 6 45 56 88 37 36 93 81 59 26 73 39 16 75 63 92 38 53 23 9 58 27 40 72 24 84 48 68 17 12 25 94 52 42 2 14 8 0 99 31 11 89 21 4 71 41 83 96 66 10 33 95 98 20 80 29 77 64 69 82 43 15 57 78 60 54 90 62 7 50 22 34 97 61 46 3 51],[84 36 26 80 64 69 49 44 81 47 65 25 93 28 71 94 0 85 98 29 31 52 78 4 18 14 88 79 30 32 67 10 5 76 60 27 42 19 56 40 23 2 77 75 97 53 20 50 86 57 99 38 83 59 63 37 11 35 16 34 43 13 90 91 48 92 74 7 12 68 8 72 89 6 9 73 1 17 70 51 95 33 66 45 24 62 61 41 46 39 96 58 3 82 54 21 55 22 15 87],1185996137,1827021683
greedy/tai100b,5,1216860052,865,135670,31505800,[53 32 38 98 30 79 87 88 67 86 52 81 4 74 97 1 89 70 91 68 78 16 7 25 34 43 36 64 44 80 65 45 31 92 95 37 51 63 33 29 59 13 83 24 66 47 12 35 93 55 71 26 76 99 19 50 10 20 57 60 8 72 14 9 84 28 85 18 94 17 62 0 41 73 40 42 27 5 56 77 69 6 15 61 2 11 75 21 46 82 3 90 96 39 58 54 23 48 22 49],[84 36 26 80 64 69 49 44 81 47 65 25 93 28 71 94 0 85 98 29 31 52 78 4 18 14 88 79 30 32 67 10 5 76 60 27 42 19 56 40 23 2 77 75 97 53 20 50 86 57 99 38 83 59 63 37 11 35 16 34 43 13 90 91 48 92 74 7 12 68 8 72 89 6 9 73 1 17 70 51 95 33 66 45 24 62 61 41 46 39 96 58 3 82 54 21 55 22 15 87],1185996137,1807827052
steepest/tai100b,5,1239966196,132,658350,163251800,[8 32 4 70 30 79 6 88 67 77 52 74 72 50 57 36 76 20 75 10 60 93 39 84 63 83 81 80 69 25 49 54 98 55 96 28 18 87 14 22 34 53 41 66 11 35 16 37 47 24 61 26 78 82 89 68 48 85 94 2 97 91 92 33 0 13 51 12 1 65 43 59 95 64 5 27 56 40 19 99 42 86 73 7 17 58 90 71 45 15 23 21 46 31 3 29 9 38 62 44],[84 36 26 80 64 69 49 44 81 47 65 25 93 28 71 94 0 85 98 29 31 52 78 4 18 14 88 79 30 32 67 10 5 76 60 27 42 19 56 40 23 2 77 75 97 53 20 50 86 57 99 38 83 59 63 37 11 35 16 34 43 13 90 91 48 92 74 7 12 68 8 72 89 6 9 73 1 17 70 51 95 33 66 45 24 62 61 41 46 39 96 58 3 82 54 21 55 22 15 87],1185996137,1807827052
random/tai100b,5,1610637604,17412,17412,163281300,[71 17 30 93 73 94 91 38 64 67 88 3 11 99 9 63 54 48 74 2 5 1 42 37 61 47 65 87 14 75 32 8 70 41 22 66 51 16 26 34 6 50 7 0 58 25 33 92 84 21 40 95 18 29 69 27 77 23 10 20 80 98 82 36 60 12 19 53 31 15 59 39 28 89 96 72 49 76 43 52 81 4 13 56 46 24 90 86 57 78 97 55 45 35 83 44 79 62 68 85],[84 36 26 80 64 69 49 44 81 47 65 25 93 28 71 94 0 85 98 29 31 52 78 4 18 14 88 79 30 32 67 10 5 76 60 27 42 19 56 40 23 2 77 75 97 53 20 50 86 57 99 38 83 59 63 37 11 35 16 34 43 13 90 91 48 92 74 7 12 68 8 72 89 6 9 73 1 17 70 51 95 33 66 45 24 62 61 41 46 39 96 58 3 82 54 21 55 22 15 87],1185996137,1807827052
randomWalk/tai100b,5,1785104135,544660,544660,165966900,[80 96 90 1 77 95 75 39 46 12 59 98 71 78 11 2 4 74 70 92 14 31 44 62 7 8 49 97 51 69 66 18 64 40 36 37 30 19 6 33 50 72 5 26 60 21 28 42 93 82 91 63 48 58 65 9 32 83 0 81 79 45 87 84 73 34 15 85 88 29 57 43 86 47 53 23 41 99 13 68 20 55 24 52 61 56 67 54 25 16 89 10 3 94 35 76 22 38 27 17],[84 36 26 80 64 69 49 44 81 47 65 25 93 28 71 94 0 85 98 29 31 52 78 4 18 14 88 79 30 32 67 10 5 76 60 27 42 19 56 40 23 2 77 75 97 53 20 50 86 57 99 38 83 59 63 37 11 35 16 34 43 13 90 91 48 92 74 7 12 68 8 72 89 6 9 73 1 17 70 51 95 33 66 45 24 62 61 41 46 39 96 58 3 82 54 21 55 22 15 87],1185996137,1807827052
heuristic/tai100b,5,1468025063,0,0,0,[87 79 30 49 70 28 65 32 67 86 44 85 47 18 35 74 55 19 1 91 76 13 5 6 45 56 88 37 36 93 81 59 26 73 39 16 75 63 92 38 53 23 9 58 27 40 72 24 84 48 68 17 12 25 94 52 42 2 14 8 0 99 31 11 89 21 4 71 41 83 96 66 10 33 95 98 20 80 29 77 64 69 82 43 15 57 78 60 54 90 62 7 50 22 34 97 61 46 3 51],[84 36 26 80 64 69 49 44 81 47 65 25 93 28 71 94 0 85 98 29 31 52 78 4 18 14 88 79 30 32 67 10 5 76 60 27 42 19 56 40 23 2 77 75 97 53 20 50 86 57 99 38 83 59 63 37 11 35 16 34 43 13 90 91 48 92 74 7 12 68 8 72 89 6 9 73 1 17 70 51 95 33 66 45 24 62 61 41 46 39 96 58 3 82 54 21 55 22 15 87],1185996137,1807827052
greedy/tai100b,6,1202216185,985,132295,31939800,[84 81 26 80 44 65 49 36 64 47 69 25 93 71 58 73 9 17 23 85 2 4 48 6 89 72 88 79 30 32 67 57 42 77 60 27 20 76 5 56 50 10 40 91 78 86 87 53 38 99 97 52 22 61 96 55 59 37 54 46 39 66 29 12 68 98 51 33 95 1 90 74 92 8 41 16 35 19 24 0 94 28 63 15 21 18 11 3 83 31 13 75 62 45 43 82 14 34 7 70],[84 36 26 80 64 69 49 44 81 47 65 25 93 28 71 94 0 85 98 29 31 52 78 4 18 14 88 79 30 32 67 10 5 76 60 27 42 19 56 40 23 2 77 75 97 53 20 50 86 57 99 38 83 59 63 37 11 35 16 34 43 13 90 91 48 92 74 7 12 68 8 72 89 6 9 73 1 17 70 51 95 33 66 45 24 62 61 41 46 39 96 58 3 82 54 21 55 22 15 87],1185996137,1783326146
steepest/tai100b,6,1272150674,148,737550,180912800,[59 79 12 35 30 70 1 88 67 65 74 80 92 50 57 20 23 99 76 58 97 85 0 44 31 83 32 53 86 81 98 10 56 51 60 69 40 36 27 42 11 2 5 29 73 95 19 84 94 17 71 37 55 18 66 49 62 16 41 24 39 96 89 52 9 63 14 34 87 38 43 93 7 64 48 13 68 72 91 6 4 33 46 90 61 26 21 28 3 8 75 47 78 15 22 82 25 54 45 77],[84 36 26 80 64 69 49 44 81 47 65 25 93 28 71 94 0 85 98 29 31 52 78 4 18 14 88 79 30 32 67 10 5 76 60 27 42 19 56 40 23 2 77 75 97 53 20 50 86 57 99 38 83 59 63 37 11 35 16 34 43 13 90 91 48 92 74 7 12 68 8 72 89 6 9 73 1 17 70 51 95 33 66 45 24 62 61 41 46 39 96 58 3 82 54 21 55 22 15 87],1185996137,1783326146
random/tai100b,6,1605497911,21593,21593,182158000,[79 18 28 88 44 49 66 16 59 41 93 65 14 77 21 17 40 50 97 20 33 58 73 4 3 8 25 80 52 99 84 32 43 48 24 1 6 15 69 78 5 42 39 37 2 85 83 91 45 94 26 36 12 7 30 23 63 76 82 70 22 75 60 11 51 74 81 55 72 68 0 98 34 57 13 61 9 38 62 64 87 35 54 29 95 10 67 90 92 96 71 53 46 19 31 56 86 27 89 47],[84 36 26 80 64 69 49 44 81 47 65 25 93 28 71 94 0 85 98 29 31 52 78 4 18 14 88 79 30 32 67 10 5 76 60 27 42 19 56 40 23 2 77 75 97 53 20 50 86 57 99 38 83 59 63 37 11 35 16 34 43 13 90 91 48 92 74 7 12 68 8 72 89 6 9 73 1 17 70 51 95 33 66 45 24 62 61 41 46 39 96 58 3 82 54 21 55 22 15 87],1185996137,1783326146
randomWalk/tai100b,6,1720118954,586034,586034,188535900,[43 37 47 41 72 96 21 42 40 52 85 83 66 84 97 9 35 94 69 8 82 88 51 50 14 20 24 53 48 87 30 28 0 76 19 34 81 58 55 62 3 6 74 5 67 23 65 46 73 89 31 56 25 61 11 4 12 64 75 1 45 16 29 93 33 49 77 39 54 26 78 2 90 7 92 18 80 86 17 63 91 15 70 36 38 95 10 13 27 71 60 59 99 79 68 32 44 22 98 57],[84 36 26 80 64 69 49 44 81 47 65 25 93 28 71 94 0 85 98 29 31 52 78 4 18 14 88 79 30 32 67 10 5 76 60 27 42 19 56 40 23 2 77 75 97 53 20 50 86 57 99 38 83 59 63 37 11 35 16 34 43 13 90 91 48 92 74 7 12 68 8 72 89 6 9 73 1 17 70 51 95 33 66 45 24 62 61 41 46 39 96 58 3 82 54 21 55 22 15 87],1185996137,1783326146
heuristic/tai100b,6,1468025063,0,0,0,[87 79 30 49 70 28 65 32 67 86 44 85 47 18 35 74 55 19 1 91 76 13 5 6 45 56 88 37 36 93 81 59 26 73 39 16 75 63 92 38 53 23 9 58 27 40 72 24 84 48 68 17 12 25 94 52 42 2 14 8 0 99 31 11 89 21 4 71 41 83 96 66 10 33 95 98 20 80 29 77 64 69 82 43 15 57 78 60 54 90 62 7 50 22 34 97 61 46 3 51],[84 36 26 80 64 69 49 44 81 47 65 25 93 28 71 94 0 85 98 29 31 52 78 4 18 14 88 79 30 32 67 10 5 76 60 27 42 19 56 40 23 2 77 75 97 53 20 50 86 57 99 38 83 59 63 37 11 35 16 34 43 13 90 91 48 92 74 7 12 68 8 72 89 6 9 73 1 17 70 51 95 33 66 45 24 62 61 41 46 39 96 58 3 82 54 21 55 22 15 87],1185996137,1783326146
greedy/tai100b,7,1208571695,896,164485,37605400,[19 49 26 69 44 65 80 36 64 28 47 84 94 14 55 18 62 41 66 24 45 77 76 40 89 72 88 67 30 32 79 75 74 52 7 98 87 59 12 53 48 35 92 99 57 6 4 86 68 38 50 8 83 63 31 37 13 51 33 71 43 29 11 56 91 2 1 95 70 42 78 97 27 5 16 9 17 85 73 0 25 93 58 10 54 23 61 3 46 21 96 15 20 82 39 90 22 34 60 81],[84 36 26 80 64 69 49 44 81 47 65 25 93 28 71 94 0 85 98 29 31 52 78 4 18 14 88 79 30 32 67 10 5 76 60 27 42 19 56 40 23 2 77 75 97 53 20 50 86 57 99 38 83 59 63 37 11 35 16 34 43 13 90 91 48 92 74 7 12 68 8 72 89 6 9 73 1 17 70 51 95 33 66 45 24 62 61 41 46 39 96 58 3 82 54 21 55 22 15 87],1185996137,1755335966
steepest/tai100b,7,1224118199,142,707850,174996900,[80 28 26 81 44 65 84 36 64 49 47 69 25 17 18 0 41 93 73 16 75 56 8 99 60 10 88 70 30 1 32 29 20 53 62 95 67 85 94 76 98 9 19 27 78 87 86 38 52 50 57 42 59 74 39 35 92 12 79 48 66 96 68 4 40 89 33 6 91 72 2 5 97 77 58 22 54 23 55 37 14 24 31 3 63 7 61 45 46 11 71 90 15 43 83 13 21 34 82 51],[84 36 26 80 64 69 49 44 81 47 65 25 93 28 71 94 0 85 98 29 31 52 78 4 18 14 88 79 30 32 67 10 5 76 60 27 42 19 56 40 23 2 77 75 97 53 20 50 86 57 99 38 83 59 63 37 11 35 16 34 43 13 90 91 48 92 74 7 12 68 8 72 89 6 9 73 1 17 70 51 95 33 66 45 24 62 61 41 46 39 96 58 3 82 54 21 55 22 15 87],1185996137,1755335966
random/tai100b,7,1605150756,19242,19242,175983600,[66 98 55 16 51 4 29 79 44 12 95 47 92 73 63 72 58 74 9 35 48 33 96 45 19 84 65 89 99 41 13 49 76 8 42 93 62 17 26 85 86 15 70 91 67 20 39 27 75 90 60 54 22 30 78 23 11 61 0 50 69 43 40 71 5 59 77 25 38 3 82 68 21 28 14 53 83 64 32 88 36 80 31 52 57 1 56 94 24 46 81 37 2 97 6 34 7 18 10 87],[84 36 26 80 64 69 49 44 81 47 65 25 93 28 71 94 0 85 98 29 31 52 78 4 18 14 88 79 30 32 67 10 5 76 60 27 42 19 56 40 23 2 77 75 97 53 20 50 86 57 99 38 83 59 63 37 11 35 16 34 43 13 90 91 48 92 74 7 12 68 8 72 89 6 9 73 1 17 70 51 95 33 66 45 24 62 61 41 46 39 96 58 3 82 54 21 55 22 15 87],1185996137,1755335966
randomWalk/tai100b,7,1796638700,575232,575232,175082600,[58 46 15 80 41 7 32 98 75 13 47 67 74 65 93 8 54 59 79 55 62 83 37 61 84 0 22 4 33 34 36 72 52 5 95 30 66 1 78 87 96 40 19 68 48 11 89 28 10 24 81 63 76 21 56 49 16 94 85 73 23 42 14 88 25 12 50 99 92 90 44 82 57 17 29 64 91 43 31 70 6 86 3 38 60 35 45 77 9 53 39 71 20 97 26 51 18 27 69 2],[84 36 26 80 64 69 49 44 81 47 65 25 93 28 71 94 0 85 98 29 31 52 78 4 18 14 88 79 30 32 67 10 5 76 60 27 42 19 56 40 23 2 77 75 97 53 20 50 86 57 99 38 83 59 63 37 11 35 16 34 43 13 90 91 48 92 74 7 12 68 8 72 89 6 9 73 1 17 70 51 95 33 66 45 24 62 61 41 46 39 96 58 3 82 54 21 55 22 15 87],1185996137,1755335966
heuristic/tai100b,7,1468025063,0,0,0,[87 79 30 49 70 28 65 32 67 86 44 85 47 18 35 74 55 19 1 91 76 13 5 6 45 56 88 37 36 93 81 59 26 73 39 16 75 63 92 38 53 23 9 58 27 40 72 24 84 48 68 17 12 25 94 52 42 2 14 8 0 99 31 11 89 21 4 71 41 83 96 66 10 33 95 98 20 80 29 77 64 69 82 43 15 57 78 60 54 90 62 7 50 22 34 97 61 46 3 51],[84 36 26 80 64 69 49 44 81 47 65 25 93 28 71 94 0 85 98 29 31 52 78 4 18 14 88 79 30 32 67 10 5 76 60 27 42 19 56 40 23 2 77 75 97 53 20 50 86 57 99 38 83 59 63 37 11 35 16 34 43 13 90 91 48 92 74 7 12 68 8 72 89 6 9 73 1 17 70 51 95 33 66 45 24 62 61 41 46 39 96 58 3 82 54 21 55 22 15 87],1185996137,1755335966
greedy/tai100b,8,1237665702,863,127102,38059600,[14 32 94 80 44 65 19 36 64 86 85 87 28 24 39 55 96 37 66 54 82 51 7 6 78 40 88 67 30 70 79 99 43 59 62 13 47 26 93 63 3 0 45 5 72 33 74 91 68 97 48 77 98 38 22 53 35 46 61 21 34 57 2 52 42 84 81 11 69 95 27 56 4 8 49 25 76 16 50 18 41 20 31 12 73 29 15 60 92 9 71 89 90 10 17 83 23 58 75 1],[84 36 26 80 64 69 49 44 81 47 65 25 93 28 71 94 0 85 98 29 31 52 78 4 18 14 88 79 30 32 67 10 5 76 60 27 42 19 56 40 23 2 77 75 97 53 20 50 86 57 99 38 83 59 63 37 11 35 16 34 43 13 90 91 48 92 74 7 12 68 8 72 89 6 9 73 1 17 70 51 95 33 66 45 24 62 61 41 46 39 96 58 3 82 54 21 55 22 15 87],1185996137,1792732878
steepest/tai100b,8,1261014716,154,767250,180688600,[41 32 87 17 44 9 86 36 85 18 14 73 16 99 66 33 0 65 62 55 24 20 74 76 52 10 88 67 30 70 79 45 51 56 43 19 47 26 84 1 27 93 95 13 8 42 69 5 40 60 78 77 53 35 89 38 22 34 98 25 91 63 57 23 6 50 2 46 28 75 68 4 48 72 29 31 37 49 83 64 94 80 7 90 39 12 61 92 58 82 59 3 97 15 71 21 96 54 11 81],[84 36 26 80 64 69 49 44 81 47 65 25 93 28 71 94 0 85 98 29 31 52 78 4 18 14 88 79 30 32 67 10 5 76 60 27 42 19 56 40 23 2 77 75 97 53 20 50 86 57 99 38 83 59 63 37 11 35 16 34 43 13 90 91 48 92 74 7 12 68 8 72 89 6 9 73 1 17 70 51 95 33 66 45 24 62 61 41 46 39 96 58 3 82 54 21 55 22 15 87],1185996137,1792732878
random/tai100b,8,1611586111,20069,20069,182555000,[32 81 79 48 17 25 69 95 85 37 26 0 72 24 36 12 22 74 46 2 58 97 76 57 52 6 21 30 45 75 67 14 3 33 18 83 10 62 20 80 60 44 86 55 53 66 56 99 43 70 51 71 38 5 59 35 31 28 47 29 49 78 40 8 65 93 88 73 15 77 27 13 9 91 63 84 19 42 34 82 11 94 23 16 98 41 89 96 90 68 92 64 39 61 87 4 54 7 50 1],[84 36 26 80 64 69 49 44 81 47 65 25 93 28 71 94 0 85 98 29 31 52 78 4 18 14 88 79 30 32 67 10 5 76 60 27 42 19 56 40 23 2 77 75 97 53 20 50 86 57 99 38 83 59 63 37 11 35 16 34 43 13 90 91 48 92 74 7 12 68 8 72 89 6 9 73 1 17 70 51 95 33 66 45 24 62 61 41 46 39 96 58 3 82 54 21 55 22 15 87],1185996137,1792732878
randomWalk/tai100b,8,1782324727,572452,572452,181888300,[81 5 94 51 18 71 60 16 21 1 97 64 31 13 36 23 77 98 90 96 27 86 8 68 0 70 47 26 72 76 67 17 73 38 63 29 66 3 2 10 48 24 80 85 4 34 25 46 56 42 50 75 62 45 92 78 22 28 44 83 20 87 59 82 55 52 57 74 6 95 15 54 32 14 33 61 79 69 12 99 49 30 7 9 91 19 11 93 89 37 58 35 65 41 43 39 53 84 88 40],[84 36 26 80 64 69 49 44 81 47 65 25 93 28 71 94 0 85 98 29 31 52 78 4 18 14 88 79 30 32 67 10 5 76 60 27 42 19 56 40 23 2 77 75 97 53 20 50 86 57 99 38 83 59 63 37 11 35 16 34 43 13 90 91 48 92 74 7 12 68 8 72 89 6 9 73 1 17 70 51 95 33 66 45 24 62 61 41 46 39 96 58 3 82 54 21 55 22 15 87],1185996137,1792732878
heuristic/tai100b,8,1468025063,0,0,0,[87 79 30 49 70 28 65 32 67 86 44 85 47 18 35 74 55 19 1 91 76 13 5 6 45 56 88 37 36 93 81 59 26 73 39 16 75 63 92 38 53 23 9 58 27 40 72 24 84 48 68 17 12 25 94 52 42 2 14 8 0 99 31 11 89 21 4 71 41 83 96 66 10 33 95 98 20 80 29 77 64 69 82 43 15 57 78 60 54 90 62 7 50 22 34 97 61 46 3 51],[84 36 26 80 64 69 49 44 81 47 65 25 93 28 71 94 0 85 98 29 31 52 78 4 18 14 88 79 30 32 67 10 5 76 60 27 42 19 56 40 23 2 77 75 97 53 20 50 86 57 99 38 83 59 63 37 11 35 16 34 43 13 90 91 48 92 74 7 12 68 8 72 89 6 9 73 1 17 70 51 95 33 66 45 24 62 61 41 46 39 96 58 3 82 54 21 55 22 15 87],1185996137,1792732878
greedy/tai100b,9,1230656729,714,60268,7624200,[38 86 4 81 85 19 52 32 94 53 98 69 87 15 91 83 31 37 63 29 89 49 34 93 21 6 88 67 30 36 79 90 16 35 7 13 74 92 12 59 61 46 8 41 62 65 70 80 64 11 43 25 50 28 76 20 23 14 18 48 75 10 60 17 33 0 26 95 47 84 71 1 73 51 56 40 5 72 27 77 42 9 3 58 99 39 57 55 22 78 68 96 66 45 82 54 97 2 24 44],[84 36 26 80 64 69 49 44 81 47 65 25 93 28 71 94 0 85 98 29 31 52 78 4 18 14 88 79 30 32 67 10 5 76 60 27 42 19 56 40 23 2 77 75 97 53 20 50 86 57 99 38 83 59 63 37 11 35 16 34 43 13 90 91 48 92 74 7 12 68 8 72 89 6 9 73 1 17 70 51 95 33 66 45 24 62 61 41 46 39 96 58 3 82 54 21 55 22 15 87],1185996137,1726047377
steepest/tai100b,9,1270467338,149,742500,190640700,[83 37 53 30 86 88 77 32 81 29 98 63 31 65 12 44 2 36 64 69 7 40 34 42 71 73 28 49 47 79 26 57 41 23 99 87 75 48 14 66 62 74 18 60 10 20 0 76 17 50 96 93 94 16 68 91 80 85 9 19 6 89 35 51 27 84 13 95 70 1 59 5 33 56 15 72 46 92 8 52 4 38 3 54 11 43 24 78 55 21 45 58 22 97 82 39 61 90 25 67],[84 36 26 80 64 69 49 44 81 47 65 25 93 28 71 94 0 85 98 29 31 52 78 4 18 14 88 79 30 32 67 10 5 76 60 27 42 19 56 40 23 2 77 75 97 53 20 50 86 57 99 38 83 59 63 37 11 35 16 34 43 13 90 91 48 92 74 7 12 68 8 72 89 6 9 73 1 17 70 51 95 33 66 45 24 62 61 41 46 39 96 58 3 82 54 21 55 22 15 87],1185996137,1726047377
random/tai100b,9,1604188776,18179,18179,190696000,[31 47 83 28 63 85 24 94 64 35 46 29 2 36 59 69 50 87 12 3 99 52 54 71 44 39 86 30 6 67 58 33 32 40 73 98 75 10 23 92 48 41 4 96 51 19 82 95 68 97 26 89 45 34 7 70 61 9 17 81 27 43 57 66 76 93 91 18 16 13 20 38 62 79 88 65 84 42 49 77 14 1 72 21 55 53 15 78 90 11 60 56 8 22 25 80 74 5 0 37],[84 36 26 80 64 69 49 44 81 47 65 25 93 28 71 94 0 85 98 29 31 52 78 4 18 14 88 79 30 32 67 10 5 76 60 27 42 19 56 40 23 2 77 75 97 53 20 50 86 57 99 38 83 59 63 37 11 35 16 34 43 13 90 91 48 92 74 7 12 68 8 72 89 6 9 73 1 17 70 51 95 33 66 45 24 62 61 41 46 39 96 58 3 82 54 21 55 22 15 87],1185996137,1726047377
randomWalk/tai100b,9,1819532398,631495,631495,191005000,[97 87 52 72 71 6 74 59 46 3 42 8 51 67 47 40 68 62 82 9 36 93 44 22 5 28 32 70 23 54 85 14 76 50 63 27 30 43 35 13 4 96 24 10 83 69 16 58 26 29 0 89 65 94 53 55 64 17 49 60 90 48 98 20 86 92 34 15 88 45 66 99 78 18 81 79 21 37 95 31 73 91 75 80 61 84 56 38 39 57 2 11 33 25 7 12 41 1 77 19],[84 36 26 80 64 69 49 44 81 47 65 25 93 28 71 94 0 85 98 29 31 52 78 4 18 14 88 79 30 32 67 10 5 76 60 27 42 19 56 40 23 2 77 75 97 53 20 50 86 57 99 38 83 59 63 37 11 35 16 34 43 13 90 91 48 92 74 7 12 68 8 72 89 6 9 73 1 17 70 51 95 33 66 45 24 62 61 41 46 39 96 58 3 82 54 21 55 22 15 87],1185996137,1726047377
heuristic/tai100b,9,1468025063,0,0,0,[87 79 30 49 70 28 65 32 67 86 44 85 47 18 35 74 55 19 1 91 76 13 5 6 45 56 88 37 36 93 81 59 26 73 39 16 75 63 92 38 53 23 9 58 27 40 72 24 84 48 68 17 12 25 94 52 42 2 14 8 0 99 31 11 89 21 4 71 41 83 96 66 10 33 95 98 20 80 29 77 64 69 82 43 15 57 78 60 54 90 62 7 50 22 34 97 61 46 3 51],[84 36 26 80 64 69 49 44 81 47 65 25 93 28 71 94 0 85 98 29 31 52 78 4 18 14 88 79 30 32 67 10 5 76 60 27 42 19 56 40 23 2 77 75 97 53 20 50 86 57 99 38 83 59 63 37 11 35 16 34 43 13 90 91 48 92 74 7 12 68 8 72 89 6 9 73 1 17 70 51 95 33 66 45 24 62 61 41 46 39 96 58 3 82 54 21 55 22 15 87],1185996137,1726047377
greedy/tai100b,10,1279202506,737,66502,17109400,[95 85 19 8 79 93 0 32 67 52 94 70 42 99 63 12 37 92 98 83 7 25 54 44 34 35 88 26 30 49 47 57 24 96 50 55 86 53 87 39 59 38 66 22 23 16 41 18 14 21 58 80 78 13 6 45 46 56 43 2 68 3 1 64 73 33 36 51 81 84 9 17 65 69 82 15 4 74 72 29 31 77 97 5 90 76 60 40 71 91 89 20 61 27 11 75 62 48 10 28],[84 36 26 80 64 69 49 44 81 47 65 25 93 28 71 94 0 85 98 29 31 52 78 4 18 14 88 79 30 32 67 10 5 76 60 27 42 19 56 40 23 2 77 75 97 53 20 50 86 57 99 38 83 59 63 37 11 35 16 34 43 13 90 91 48 92 74 7 12 68 8 72 89 6 9 73 1 17 70 51 95 33 66 45 24 62 61 41 46 39 96 58 3 82 54 21 55 22 15 87],1185996137,1819891360
steepest/tai100b,10,1278441881,147,732600,171873400,[8 79 6 19 30 52 4 88 67 47 28 20 45 48 58 77 99 2 23 72 3 49 14 16 26 95 32 70 36 64 44 98 9 33 89 17 86 53 38 73 91 87 85 63 34 51 93 1 84 43 7 13 96 24 39 46 54 55 66 21 15 82 61 25 81 59 37 31 94 80 11 69 35 83 50 57 68 76 78 12 74 92 5 0 10 90 41 27 18 60 56 29 22 62 42 75 40 97 71 65],[84 36 26 80 64 69 49 44 81 47 65 25 93 28 71 94 0 85 98 29 31 52 78 4 18 14 88 79 30 32 67 10 5 76 60 27 42 19 56 40 23 2 77 75 97 53 20 50 86 57 99 38 83 59 63 37 11 35 16 34 43 13 90 91 48 92 74 7 12 68 8 72 89 6 9 73 1 17 70 51 95 33 66 45 24 62 61 41 46 39 96 58 3 82 54 21 55 22 15 87],1185996137,1819891360
random/tai100b,10,1624416084,19598,19598,172042200,[61 44 55 32 94 86 29 10 37 81 9 88 85 20 57 72 16 49 23 38 99 50 22 89 7 95 69 18 52 75 35 47 90 26 51 68 79 28 46 13 31 65 30 76 93 25 5 71 42 24 1 14 36 19 21 98 83 53 64 82 8 2 40 39 11 84 80 58 33 74 87 15 0 63 6 70 73 67 66 3 34 60 17 59 78 41 45 12 54 62 97 92 77 43 4 96 56 27 91 48],[84 36 26 80 64 69 49 44 81 47 65 25 93 28 71 94 0 85 98 29 31 52 78 4 18 14 88 79 30 32 67 10 5 76 60 27 42 19 56 40 23 2 77 75 97 53 20 50 86 57 99 38 83 59 63 37 11 35 16 34 43 13 90 91 48 92 74 7 12 68 8 72 89 6 9 73 1 17 70 51 95 33 66 45 24 62 61 41 46 39 96 58 3 82 54 21 55 22 15 87],1185996137,1819891360
randomWalk/tai100b,10,1821390330,570708,570708,172575700,[25 61 31 98 32 36 75 66 58 21 43 24 33 72 89 13 41 81 0 95 29 14 85 47 16 62 80 10 19 26 50 8 40 88 22 48 65 11 45 23 73 59 68 46 53 4 27 87 84 82 78 17 1 28 9 37 67 92 54 51 94 97 63 44 20 64 96 2 52 5 42 90 91 79 49 83 76 38 7 18 15 70 77 57 71 35 56 12 55 3 74 30 69 99 93 6 39 60 86 34],[84 36 26 80 64 69 49 44 81 47 65 25 93 28 71 94 0 85 98 29 31 52 78 4 18 14 88 79 30 32 67 10 5 76 60 27 42 19 56 40 23 2 77 75 97 53 20 50 86 57 99 38 83 59 63 37 11 35 16 34 43 13 90 91 48 92 74 7 12 68 8 72 89 6 9 73 1 17 70 51 95 33 66 45 24 62 61 41 46 39 96 58 3 82 54 21 55 22 15 87],1185996137,1819891360
heuristic/tai100b,10,1468025063,0,0,0,[87 79 30 49 70 28 65 32 67 86 44 85 47 18 35 74 55 19 1 91 76 13 5 6 45 56 88 37 36 93 81 59 26 73 39 16 75 63 92 38 53 23 9 58 27 40 72 24 84 48 68 17 12 25 94 52 42 2 14 8 0 99 31 11 89 21 4 71 41 83 96 66 10 33 95 98 20 80 29 77 64 69 82 43 15 57 78 60 54 90 62 7 50 22 34 97 61 46 3 51],[84 36 26 80 64 69 49 44 81 47 65 25 93 28 71 94 0 85 98 29 31 52 78 4 18 14 88 79 30 32 67 10 5 76 60 27 42 19 56 40 23 2 77 75 97 53 20 50 86 57 99 38 83 59 63 37 11 35 16 34 43 13 90 91 48 92 74 7 12 68 8 72 89 6 9 73 1 17 70 51 95 33 66 45 24 62 61 41 46 39 96 58 3 82 54 21 55 22 15 87],1185996137,1819891360
greedy/tai100b,11,1263838926,798,109328,31362000,[2 28 92 69 44 64 80 36 65 46 12 81 37 53 22 13 98 70 14 63 34 20 5 18 50 76 88 79 30 32 67 91 26 1 71 49 93 9 73 84 33 85 17 40 60 86 51 95 27 38 23 56 3 6 21 77 45 8 4 55 11 15 72 41 42 66 94 52 19 0 10 57 99 62 16 31 29 83 61 35 47 25 59 96 54 90 39 75 82 74 7 89 97 48 24 68 58 43 78 87],[84 36 26 80 64 69 49 44 81 47 65 25 93 28 71 94 0 85 98 29 31 52 78 4 18 14 88 79 30 32 67 10 5 76 60 27 42 19 56 40 23 2 77 75 97 53 20 50 86 57 99 38 83 59 63 37 11 35 16 34 43 13 90 91 48 92 74 7 12 68 8 72 89 6 9 73 1 17 70 51 95 33 66 45 24 62 61 41 46 39 96 58 3 82 54 21 55 22 15 87],1185996137,1754161089
steepest/tai100b,11,1209607958,149,742500,179529000,[84 49 26 81 44 65 80 36 64 28 47 69 25 83 63 70 14 37 13 54 58 77 60 72 5 42 88 79 30 32 67 10 73 76 1 19 85 95 94 17 23 51 9 40 53 86 20 27 38 56 50 52 34 92 59 35 11 12 98 21 46 61 57 4 91 48 8 2 74 6 97 89 99 68 41 96 66 16 39 55 24 22 29 90 43 33 3 71 45 15 31 82 78 62 18 7 93 0 75 87],[84 36 26 80 64 69 49 44 81 47 65 25 93 28 71 94 0 85 98 29 31 52 78 4 18 14 88 79 30 32 67 10 5 76 60 27 42 19 56 40 23 2 77 75 97 53 20 50 86 57 99 38 83 59 63 37 11 35 16 34 43 13 90 91 48 92 74 7 12 68 8 72 89 6 9 73 1 17 70 51 95 33 66 45 24 62 61 41 46 39 96 58 3 82 54 21 55 22 15 87],1185996137,1754161089
random/tai100b,11,1587143377,20833,20833,180526900,[92 36 45 42 25 88 80 87 49 28 35 38 56 51 18 66 19 57 39 44 46 76 84 81 15 24 85 9 98 32 20 54 50 58 27 7 97 77 11 96 53 82 63 13 40 52 29 86 67 17 31 61 75 3 26 68 16 37 47 65 91 48 1 0 59 79 95 72 78 73 70 33 89 62 30 23 74 5 8 41 10 94 4 12 93 83 21 69 43 14 2 22 64 71 90 6 34 60 55 99],[84 36 26 80 64 69 49 44 81 47 65 25 93 28 71 94 0 85 98 29 31 52 78 4 18 14 88 79 30 32 67 10 5 76 60 27 42 19 56 40 23 2 77 75 97 53 20 50 86 57 99 38 83 59 63 37 11 35 16 34 43 13 90 91 48 92 74 7 12 68 8 72 89 6 9 73 1 17 70 51 95 33 66 45 24 62 61 41 46 39 96 58 3 82 54 21 55 22 15 87],1185996137,1754161089
randomWalk/tai100b,11,1754874754,566601,566601,180740000,[70 58 84 27 12 37 40 76 69 51 45 29 74 50 46 35 82 34 68 19 79 44 52 24 88 55 61 4 86 54 39 95 26 36 59 64 5 75 32 3 10 2 80 89 77 60 90 15 20 17 92 38 18 11 56 72 31 98 91 87 94 8 41 85 25 78 6 49 53 71 73 0 66 99 28 33 81 23 22 97 65 57 14 63 83 21 7 96 42 9 43 47 1 48 93 30 16 13 62 67],[84 36 26 80 64 69 49 44 81 47 65 25 93 28 71 94 0 85 98 29 31 52 78 4 18 14 88 79 30 32 67 10 5 76 60 27 42 19 56 40 23 2 77 75 97 53 20 50 86 57 99 38 83 59 63 37 11 35 16 34 43 13 90 91 48 92 74 7 12 68 8 72 89 6 9 73 1 17 70 51 95 33 66 45 24 62 61 41 46 39 96 58 3 82 54 21 55 22 15 87],1185996137,1754161089
heuristic/tai100b,11,1468025063,0,0,0,[87 79 30 49 70 28 65 32 67 86 44 85 47 18 35 74 55 19 1 91 76 13 5 6 45 56 88 37 36 93 81 59 26 73 39 16 75 63 92 38 53 23 9 58 27 40 72 24 84 48 68 17 12 25 94 52 42 2 14 8 0 99 31 11 89 21 4 71 41 83 96 66 10 33 95 98 20 80 29 77 64 69 82 43 15 57 78 60 54 90 62 7 50 22 34 97 61 46 3 51],[84 36 26 80 64 69 49 44 81 47 65 25 93 28 71 94 0 85 98 29 31 52 78 4 18 14 88 79 30 32 67 10 5 76 60 27 42 19 56 40 23 2 77 75 97 53 20 50 86 57 99 38 83 59 63 37 11 35 16 34 43 13 90 91 48 92 74 7 12 68 8 72 89 6 9 73 1 17 70 51 95 33 66 45 24 62 61 41 46 39 96 58 3 82 54 21 55 22 15 87],1185996137,1754161089
greedy/tai100b,12,1262175296,858,91569,29560100,[26 79 47 44 30 36 28 88 32 49 67 14 87 6 48 52 99 93 4 72 75 9 55 29 63 98 81 19 85 69 94 89 74 92 68 35 65 70 33 59 91 13 1 24 82 51 12 64 84 7 90 95 50 53 20 76 46 86 38 8 73 23 71 16 11 25 0 18 37 83 15 62 41 31 42 5 40 56 27 77 2 17 43 54 57 66 34 96 22 45 97 39 61 3 78 58 10 60 21 80],[84 36 26 80 64 69 49 44 81 47 65 25 93 28 71 94 0 85 98 29 31 52 78 4 18 14 88 79 30 32 67 10 5 76 60 27 42 19 56 40 23 2 77 75 97 53 20 50 86 57 99 38 83 59 63 37 11 35 16 34 43 13 90 91 48 92 74 7 12 68 8 72 89 6 9 73 1 17 70 51 95 33 66 45 24 62 61 41 46 39 96 58 3 82 54 21 55 22 15 87],1185996137,1757982721
steepest/tai100b,12,1256433296,134,668250,158030700,[65 28 49 67 30 36 64 88 44 26 47 79 80 95 21 17 73 93 11 35 34 82 97 89 40 27 32 19 94 86 85 60 33 91 83 1 51 12 87 63 53 59 74 76 10 42 77 56 13 5 50 20 16 52 46 8 18 4 6 41 54 61 39 72 71 48 24 66 55 0 15 31 92 29 98 22 14 84 37 69 81 25 9 62 45 57 75 23 96 7 38 78 99 90 3 68 43 58 2 70],[84 36 26 80 64 69 49 44 81 47 65 25 93 28 71 94 0 85 98 29 31 52 78 4 18 14 88 79 30 32 67 10 5 76 60 27 42 19 56 40 23 2 77 75 97 53 20 50 86 57 99 38 83 59 63 37 11 35 16 34 43 13 90 91 48 92 74 7 12 68 8 72 89 6 9 73 1 17 70 51 95 33 66 45 24 62 61 41 46 39 96 58 3 82 54 21 55 22 15 87],1185996137,1757982721
random/tai100b,12,1609517609,18223,18223,158683000,[32 42 13 99 25 57 94 91 33 31 0 19 10 37 29 88 16 61 71 3 67 4 79 34 65 78 28 93 81 6 84 74 27 44 47 97 14 41 89 11 95 45 9 56 86 59 64 69 38 90 15 73 1 98 60 26 58 7 87 77 43 53 72 23 20 22 66 68 46 35 70 8 55 96 51 85 48 80 49 63 83 17 54 21 36 40 92 82 50 39 2 18 76 12 52 5 75 30 62 24],[84 36 26 80 64 69 49 44 81 47 65 25 93 28 71 94 0 85 98 29 31 52 78 4 18 14 88 79 30 32 67 10 5 76 60 27 42 19 56 40 23 2 77 75 97 53 20 50 86 57 99 38 83 59 63 37 11 35 16 34 43 13 90 91 48 92 74 7 12 68 8 72 89 6 9 73 1 17 70 51 95 33 66 45 24 62 61 41 46 39 96 58 3 82 54 21 55 22 15 87],1185996137,1757982721
randomWalk/tai100b,12,1722973967,556249,556249,158629600,[25 93 2 31 39 29 59 4 79 88 52 77 60 70 37 15 97 34 99 46 58 85 40 78 35 11 41 94 42 95 50 91 63 84 87 57 18 96 83 48 64 19 89 68 54 81 76 44 16 92 47 26 33 22 66 86 9 6 8 17 72 32 73 0 62 12 23 21 55 7 28 20 74 24 82 3 61 80 51 30 90 71 13 67 53 75 10 43 69 1 56 38 98 45 5 65 27 14 49 36],[84 36 26 80 64 69 49 44 81 47 65 25 93 28 71 94 0 85 98 29 31 52 78 4 18 14 88 79 30 32 67 10 5 76 60 27 42 19 56 40 23 2 77 75 97 53 20 50 86 57 99 38 83 59 63 37 11 35 16 34 43 13 90 91 48 92 74 7 12 68 8 72 89 6 9 73 1 17 70 51 95 33 66 45 24 62 61 41 46 39 96 58 3 82 54 21 55 22 15 87],1185996137,1757982721
heuristic/tai100b,12,1468025063,0,0,0,[87 79 30 49 70 28 65 32 67 86 44 85 47 18 35 74 55 19 1 91 76 13 5 6 45 56 88 37 36 93 81 59 26 73 39 16 75 63 92 38 53 23 9 58 27 40 72 24 84 48 68 17 12 25 94 52 42 2 14 8 0 99 31 11 89 21 4 71 41 83 96 66 10 33 95 98 20 80 29 77 64 69 82 43 15 57 78 60 54 90 62 7 50 22 34 97 61 46 3 51],[84 36 26 80 64 69 49 44 81 47 65 25 93 28 71 94 0 85 98 29 31 52 78 4 18 14 88 79 30 32 67 10 5 76 60 27 42 19 56 40 23 2 77 75 97 53 20 50 86 57 99 38 83 59 63 37 11 35 16 34 43 13 90 91 48 92 74 7 12 68 8 72 89 6 9 73 1 17 70 51 95 33 66 45 24 62 61 41 46 39 96 58 3 82 54 21 55 22 15 87],1185996137,1757982721
greedy/tai100b,13,1259097798,758,152738,36920600,[12 79 44 49 30 80 64 88 65 36 67 25 92 98 7 28 14 87 2 46 15 70 23 56 13 33 32 19 94 86 85 89 63 73 43 31 52 45 38 83 26 53 47 71 76 9 93 17 95 91 50 51 66 29 41 99 90 0 62 61 18 16 20 5 84 10 69 77 81 42 60 1 40 27 75 8 6 48 68 4 72 74 22 97 39 24 35 34 59 54 55 58 78 57 82 96 3 21 11 37],[84 36 26 80 64 69 49 44 81 47 65 25 93 28 71 94 0 85 98 29 31 52 78 4 18 14 88 79 30 32 67 10 5 76 60 27 42 19 56 40 23 2 77 75 97 53 20 50 86 57 99 38 83 59 63 37 11 35 16 34 43 13 90 91 48 92 74 7 12 68 8 72 89 6 9 73 1 17 70 51 95 33 66 45 24 62 61 41 46 39 96 58 3 82 54 21 55 22 15 87],1185996137,1737935839
steepest/tai100b,13,1237080803,175,871200,210294000,[80 79 65 69 30 44 64 88 36 49 67 81 25 51 1 47 93 26 33 84 59 77 97 72 9 10 32 53 86 38 87 60 76 42 57 20 95 73 17 50 40 71 23 2 99 19 27 56 94 5 75 85 28 18 46 16 8 14 41 62 22 61 83 92 48 15 29 31 98 4 82 74 12 89 96 39 24 66 54 55 0 37 43 68 34 91 21 45 11 63 13 78 3 7 58 90 70 35 6 52],[84 36 26 80 64 69 49 44 81 47 65 25 93 28 71 94 0 85 98 29 31 52 78 4 18 14 88 79 30 32 67 10 5 76 60 27 42 19 56 40 23 2 77 75 97 53 20 50 86 57 99 38 83 59 63 37 11 35 16 34 43 13 90 91 48 92 74 7 12 68 8 72 89 6 9 73 1 17 70 51 95 33 66 45 24 62 61 41 46 39 96 58 3 82 54 21 55 22 15 87],1185996137,1737935839
random/tai100b,13,1618608040,25122,25122,210352600,[99 71 35 76 80 93 59 1 72 70 2 49 55 83 28 63 96 50 5 38 75 36 25 58 42 77 88 95 29 19 37 14 64 33 54 79 16 65 9 45 82 52 6 32 12 61 91 94 27 40 10 85 31 21 17 87 11 67 92 39 86 0 48 47 60 4 51 98 15 43 13 81 68 89 44 8 53 24 84 56 20 7 78 74 23 34 66 26 62 41 90 57 18 46 3 73 69 22 97 30],[84 36 26 80 64 69 49 44 81 47 65 25 93 28 71 94 0 85 98 29 31 52 78 4 18 14 88 79 30 32 67 10 5 76 60 27 42 19 56 40 23 2 77 75 97 53 20 50 86 57 99 38 83 59 63 37 11 35 16 34 43 13 90 91 48 92 74 7 12 68 8 72 89 6 9 73 1 17 70 51 95 33 66 45 24 62 61 41 46 39 96 58 3 82 54 21 55 22 15 87],1185996137,1737935839
randomWalk/tai100b,13,1818344217,704816,704816,219567800,[25 54 69 77 19 6 17 41 59 29 33 36 9 94 7 49 24 21 74 2 32 67 4 57 95 15 96 89 26 58 71 93 48 37 38 39 35 98 76 27 12 22 62 53 82 40 13 88 52 75 80 46 50 16 73 3 28 14 55 18 99 85 61 8 65 84 42 63 45 23 60 87 97 43 31 1 51 30 90 47 5 70 20 10 92 78 0 91 34 56 86 66 81 44 72 68 79 11 83 64],[84 36 26 80 64 69 49 44 81 47 65 25 93 28 71 94 0 85 98 29 31 52 78 4 18 14 88 79 30 32 67 10 5 76 60 27 42 19 56 40 23 2 77 75 97 53 20 50 86 57 99 38 83 59 63 37 11 35 16 34 43 13 90 91 48 92 74 7 12 68 8 72 89 6 9 73 1 17 70 51 95 33 66 45 24 62 61 41 46 39 96 58 3 82 54 21 55 22 15 87],1185996137,1737935839
heuristic/tai100b,13,1468025063,0,0,0,[87 79 30 49 70 28 65 32 67 86 44 85 47 18 35 74 55 19 1 91 76 13 5 6 45 56 88 37 36 93 81 59 26 73 39 16 75 63 92 38 53 23 9 58 27 40 72 24 84 48 68 17 12 25 94 52 42 2 14 8 0 99 31 11 89 21 4 71 41 83 96 66 10 33 95 98 20 80 29 77 64 69 82 43 15 57 78 60 54 90 62 7 50 22 34 97 61 46 3 51],[84 36 26 80 64 69 49 44 81 47 65 25 93 28 71 94 0 85 98 29 31 52 78 4 18 14 88 79 30 32 67 10 5 76 60 27 42 19 56 40 23 2 77 75 97 53 20 50 86 57 99 38 83 59 63 37 11 35 16 34 43 13 90 91 48 92 74 7 12 68 8 72 89 6 9 73 1 17 70 51 95 33 66 45 24 62 61 41 46 39 96 58 3 82 54 21 55 22 15 87],1185996137,1737935839
greedy/tai100b,14,1212739959,840,108240,26853700,[84 81 49 47 44 65 26 36 64 80 69 28 25 37 71 93 73 85 0 9 60 6 97 86 90 68 88 67 30 32 79 62 83 29 41 95 1 16 51 31 11 18 33 89 7 63 13 91 74 59 35 12 20 61 23 2 50 46 76 75 10 27 14 72 92 48 52 87 38 4 15 98 8 53 77 40 5 42 56 94 17 19 66 78 58 43 57 55 99 39 24 21 3 34 96 82 54 22 45 70],[84 36 26 80 64 69 49 44 81 47 65 25 93 28 71 94 0 85 98 29 31 52 78 4 18 14 88 79 30 32 67 10 5 76 60 27 42 19 56 40 23 2 77 75 97 53 20 50 86 57 99 38 83 59 63 37 11 35 16 34 43 13 90 91 48 92 74 7 12 68 8 72 89 6 9 73 1 17 70 51 95 33 66 45 24 62 61 41 46 39 96 58 3 82 54 21 55 22 15 87],1185996137,1816605211
steepest/tai100b,14,1255394644,146,727650,184961300,[76 32 19 36 30 79 20 88 67 99 52 2 57 49 38 81 47 69 26 87 17 13 35 61 92 12 44 80 64 94 65 89 51 9 93 33 86 98 95 1 91 53 84 16 74 37 29 83 31 63 59 70 4 48 6 72 97 8 23 78 50 75 96 66 55 54 28 39 46 0 82 24 71 25 40 5 42 27 60 56 77 10 90 11 3 43 58 7 22 18 73 34 41 62 15 14 45 68 21 85],[84 36 26 80 64 69 49 44 81 47 65 25 93 28 71 94 0 85 98 29 31 52 78 4 18 14 88 79 30 32 67 10 5 76 60 27 42 19 56 40 23 2 77 75 97 53 20 50 86 57 99 38 83 59 63 37 11 35 16 34 43 13 90 91 48 92 74 7 12 68 8 72 89 6 9 73 1 17 70 51 95 33 66 45 24 62 61 41 46 39 96 58 3 82 54 21 55 22 15 87],1185996137,1816605211
random/tai100b,14,1606100620,19825,19825,185145600,[38 93 49 66 56 67 70 42 69 4 87 25 92 58 77 8 26 94 78 31 24 39 21 43 97 88 0 98 65 74 79 72 12 33 29 14 40 34 76 55 3 13 83 84 11 71 48 99 91 41 35 75 54 15 10 47 36 61 60 32 46 85 17 7 50 82 22 57 81 68 1 53 20 30 2 86 27 6 19 16 90 52 37 63 51 45 96 44 9 89 59 18 73 62 64 95 5 23 80 28],[84 36 26 80 64 69 49 44 81 47 65 25 93 28 71 94 0 85 98 29 31 52 78 4 18 14 88 79 30 32 67 10 5 76 60 27 42 19 56 40 23 2 77 75 97 53 20 50 86 57 99 38 83 59 63 37 11 35 16 34 43 13 90 91 48 92 74 7 12 68 8 72 89 6 9 73 1 17 70 51 95 33 66 45 24 62 61 41 46 39 96 58 3 82 54 21 55 22 15 87],1185996137,1816605211
randomWalk/tai100b,14,1824414178,570662,570662,192117200,[96 90 89 23 35 46 1 14 7 74 92 91 18 15 82 98 51 64 54 59 2 36 99 32 10 81 38 9 28 30 78 12 80 3 97 50 27 94 55 0 56 85 68 58 44 37 86 5 61 33 6 95 17 41 71 4 49 39 75 63 60 22 21 52 19 72 53 11 20 84 69 34 42 62 16 76 88 87 13 70 31 83 25 26 47 93 29 40 43 77 79 45 66 57 24 73 67 8 65 48],[84 36 26 80 64 69 49 44 81 47 65 25 93 28 71 94 0 85 98 29 31 52 78 4 18 14 88 79 30 32 67 10 5 76 60 27 42 19 56 40 23 2 77 75 97 53 20 50 86 57 99 38 83 59 63 37 11 35 16 34 43 13 90 91 48 92 74 7 12 68 8 72 89 6 9 73 1 17 70 51 95 33 66 45 24 62 61 41 46 39 96 58 3 82 54 21 55 22 15 87],1185996137,1816605211
heuristic/tai100b,14,1468025063,0,0,0,[87 79 30 49 70 28 65 32 67 86 44 85 47 18 35 74 55 19 1 91 76 13 5 6 45 56 88 37 36 93 81 59 26 73 39 16 75 63 92 38 53 23 9 58 27 40 72 24 84 48 68 17 12 25 94 52 42 2 14 8 0 99 31 11 89 21 4 71 41 83 96 66 10 33 95 98 20 80 29 77 64 69 82 43 15 57 78 60 54 90 62 7 50 22 34 97 61 46 3 51],[84 36 26 80 64 69 49 44 81 47 65 25 93 28 71 94 0 85 98 29 31 52 78 4 18 14 88 79 30 32 67 10 5 76 60 27 42 19 56 40 23 2 77 75 97 53 20 50 86 57 99 38 83 59 63 37 11 35 16 34 43 13 90 91 48 92 74 7 12 68 8 72 89 6 9 73 1 17 70 51 95 33 66 45 24 62 61 41 46 39 96 58 3 82 54 21 55 22 15 87],1185996137,1816605211
greedy/tai100b,15,1266084517,790,87964,26023400,[20 32 36 94 30 79 19 88 67 64 44 0 76 53 98 86 14 85 87 38 89 65 71 5 63 25 81 49 47 95 26 34 9 35 21 17 37 41 83 73 11 18 16 13 43 93 80 70 84 59 61 1 45 12 31 29 99 74 68 3 82 15 60 42 33 27 77 10 2 40 62 91 56 69 72 46 8 28 92 52 4 6 58 75 57 22 78 24 97 66 55 54 90 96 23 39 48 50 7 51],[84 36 26 80 64 69 49 44 81 47 65 25 93 28 71 94 0 85 98 29 31 52 78 4 18 14 88 79 30 32 67 10 5 76 60 27 42 19 56 40 23 2 77 75 97 53 20 50 86 57 99 38 83 59 63 37 11 35 16 34 43 13 90 91 48 92 74 7 12 68 8 72 89 6 9 73 1 17 70 51 95 33 66 45 24 62 61 41 46 39 96 58 3 82 54 21 55 22 15 87],1185996137,1804243945
steepest/tai100b,15,1267478052,119,594000,149123000,[8 94 42 28 85 2 46 32 36 56 19 77 72 87 38 30 86 67 53 98 89 70 63 1 64 44 88 26 47 93 49 96 18 35 22 16 20 23 76 41 54 58 14 0 71 80 25 73 17 34 59 65 92 3 75 82 45 99 15 78 5 48 60 95 43 9 31 10 29 51 83 13 84 33 74 68 6 79 69 52 81 4 21 90 40 55 7 39 12 91 57 66 24 61 27 11 50 97 62 37],[84 36 26 80 64 69 49 44 81 47 65 25 93 28 71 94 0 85 98 29 31 52 78 4 18 14 88 79 30 32 67 10 5 76 60 27 42 19 56 40 23 2 77 75 97 53 20 50 86 57 99 38 83 59 63 37 11 35 16 34 43 13 90 91 48 92 74 7 12 68 8 72 89 6 9 73 1 17 70 51 95 33 66 45 24 62 61 41 46 39 96 58 3 82 54 21 55 22 15 87],1185996137,1804243945
random/tai100b,15,1606246713,18386,18386,153438900,[70 88 30 69 37 9 74 93 32 62 40 87 18 92 95 7 76 50 20 58 53 84 68 60 29 82 98 65 99 36 24 39 12 21 47 5 11 46 8 66 33 96 80 31 16 34 35 94 3 44 13 90 41 19 67 4 15 17 14 26 97 64 89 27 55 72 25 23 85 48 81 61 6 86 63 22 77 38 52 28 0 1 56 51 75 57 2 71 73 49 45 79 91 10 83 54 43 59 78 42],[84 36 26 80 64 69 49 44 81 47 65 25 93 28 71 94 0 85 98 29 31 52 78 4 18 14 88 79 30 32 67 10 5 76 60 27 42 19 56 40 23 2 77 75 97 53 20 50 86 57 99 38 83 59 63 37 11 35 16 34 43 13 90 91 48 92 74 7 12 68 8 72 89 6 9 73 1 17 70 51 95 33 66 45 24 62 61 41 46 39 96 58 3 82 54 21 55 22 15 87],1185996137,1804243945
randomWalk/tai100b,15,1806018078,486826,486826,155365900,[93 1 85 16 40 59 64 4 86 58 71 32 90 29 27 73 18 77 23 57 97 33 55 47 50 17 37 12 62 9 84 88 89 75 46 53 39 6 44 22 42 19 81 92 45 94 35 66 28 11 70 87 36 24 3 7 26 54 5 82 14 52 2 80 0 30 78 79 49 10 76 72 68 20 61 15 43 38 96 91 25 51 65 13 67 31 34 83 98 99 8 48 41 63 69 21 74 95 56 60],[84 36 26 80 64 69 49 44 81 47 65 25 93 28 71 94 0 85 98 29 31 52 78 4 18 14 88 79 30 32 67 10 5 76 60 27 42 19 56 40 23 2 77 75 97 53 20 50 86 57 99 38 83 59 63 37 11 35 16 34 43 13 90 91 48 92 74 7 12 68 8 72 89 6 9 73 1 17 70 51 95 33 66 45 24 62 61 41 46 39 96 58 3 82 54 21 55 22 15 87],1185996137,1804243945
heuristic/tai100b,15,1468025063,0,0,0,[87 79 30 49 70 28 65 32 67 86 44 85 47 18 35 74 55 19 1 91 76 13 5 6 45 56 88 37 36 93 81 59 26 73 39 16 75 63 92 38 53 23 9 58 27 40 72 24 84 48 68 17 12 25 94 52 42 2 14 8 0 99 31 11 89 21 4 71 41 83 96 66 10 33 95 98 20 80 29 77 64 69 82 43 15 57 78 60 54 90 62 7 50 22 34 97 61 46 3 51],[84 36 26 80 64 69 49 44 81 47 65 25 93 28 71 94 0 85 98 29 31 52 78 4 18 14 88 79 30 32 67 10 5 76 60 27 42 19 56 40 23 2 77 75 97 53 20 50 86 57 99 38 83 59 63 37 11 35 16 34 43 13 90 91 48 92 74 7 12 68 8 72 89 6 9 73 1 17 70 51 95 33 66 45 24 62 61 41 46 39 96 58 3 82 54 21 55 22 15 87],1185996137,1804243945
greedy/tai100b,16,1206035636,752,99080,20164900,[26 36 47 93 65 51 33 70 1 64 44 49 84 2 18 69 14 81 75 25 22 86 45 85 74 8 88 79 30 32 67 57 56 99 60 77 40 5 27 19 20 10 42 68 92 52 72 4 6 48 78 38 9 62 73 17 90 29 0 71 34 24 55 16 53 31 35 59 80 37 89 12 83 94 7 63 13 98 43 91 28 95 23 21 11 97 41 50 66 96 76 3 15 58 54 39 61 46 82 87],[84 36 26 80 64 69 49 44 81 47 65 25 93 28 71 94 0 85 98 29 31 52 78 4 18 14 88 79 30 32 67 10 5 76 60 27 42 19 56 40 23 2 77 75 97 53 20 50 86 57 99 38 83 59 63 37 11 35 16 34 43 13 90 91 48 92 74 7 12 68 8 72 89 6 9 73 1 17 70 51 95 33 66 45 24 62 61 41 46 39 96 58 3 82 54 21 55 22 15 87],1185996137,1780444226
steepest/tai100b,16,1262668023,133,663300,173984900,[92 81 74 6 30 67 68 88 79 12 77 4 72 51 59 49 16 80 95 35 90 47 27 43 76 34 32 70 36 64 44 54 25 22 96 86 55 66 24 87 61 39 84 20 57 14 53 98 28 46 50 26 99 69 3 91 2 48 97 58 21 11 5 56 93 40 45 78 52 19 60 10 42 13 29 31 15 83 63 8 37 89 85 33 9 41 7 18 75 82 38 0 71 94 17 62 73 23 1 65],[84 36 26 80 64 69 49 44 81 47 65 25 93 28 71 94 0 85 98 29 31 52 78 4 18 14 88 79 30 32 67 10 5 76 60 27 42 19 56 40 23 2 77 75 97 53 20 50 86 57 99 38 83 59 63 37 11 35 16 34 43 13 90 91 48 92 74 7 12 68 8 72 89 6 9 73 1 17 70 51 95 33 66 45 24 62 61 41 46 39 96 58 3 82 54 21 55 22 15 87],1185996137,1780444226
random/tai100b,16,1608738212,20975,20975,184079300,[44 32 19 88 70 3 20 93 35 1 28 58 13 51 42 46 60 87 63 17 55 61 99 22 91 38 79 11 6 33 65 80 76 50 86 23 25 62 5 78 75 77 71 82 96 31 37 34 64 97 57 8 98 29 15 67 27 30 7 90 84 92 16 10 69 66 68 81 89 53 24 9 18 4 73 56 72 21 12 52 47 36 2 39 85 48 14 83 95 45 49 0 74 40 59 41 43 26 54 94],[84 36 26 80 64 69 49 44 81 47 65 25 93 28 71 94 0 85 98 29 31 52 78 4 18 14 88 79 30 32 67 10 5 76 60 27 42 19 56 40 23 2 77 75 97 53 20 50 86 57 99 38 83 59 63 37 11 35 16 34 43 13 90 91 48 92 74 7 12 68 8 72 89 6 9 73 1 17 70 51 95 33 66 45 24 62 61 41 46 39 96 58 3 82 54 21 55 22 15 87],1185996137,1780444226
randomWalk/tai100b,16,1796585993,577375,577375,176073500,[34 7 0 64 61 35 67 38 44 21 98 23 22 66 8 78 36 39 70 12 82 46 62 84 13 73 16 33 88 43 18 25 56 52 77 96 14 27 41 15 51 19 53 95 54 29 59 81 42 65 31 80 49 74 3 76 87 28 45 91 1 75 6 55 47 79 11 17 68 89 10 71 63 72 32 90 83 26 57 5 92 37 24 58 69 20 50 94 48 2 97 93 60 86 30 4 9 99 40 85],[84 36 26 80 64 69 49 44 81 47 65 25 93 28 71 94 0 85 98 29 31 52 78 4 18 14 88 79 30 32 67 10 5 76 60 27 42 19 56 40 23 2 77 75 97 53 20 50 86 57 99 38 83 59 63 37 11 35 16 34 43 13 90 91 48 92 74 7 12 68 8 72 89 6 9 73 1 17 70 51 95 33 66 45 24 62 61 41 46 39 96 58 3 82 54 21 55 22 15 87],1185996137,1780444226
heuristic/tai100b,16,1468025063,0,0,0,[87 79 30 49 70 28 65 32 67 86 44 85 47 18 35 74 55 19 1 91 76 13 5 6 45 56 88 37 36 93 81 59 26 73 39 16 75 63 92 38 53 23 9 58 27 40 72 24 84 48 68 17 12 25 94 52 42 2 14 8 0 99 31 11 89 21 4 71 41 83 96 66 10 33 95 98 20 80 29 77 64 69 82 43 15 57 78 60 54 90 62 7 50 22 34 97 61 46 3 51],[84 36 26 80 64 69 49 44 81 47 65 25 93 28 71 94 0 85 98 29 31 52 78 4 18 14 88 79 30 32 67 10 5 76 60 27 42 19 56 40 23 2 77 75 97 53 20 50 86 57 99 38 83 59 63 37 11 35 16 34 43 13 90 91 48 92 74 7 12 68 8 72 89 6 9 73 1 17 70 51 95 33 66 45 24 62 61 41 46 39 96 58 3 82 54 21 55 22 15 87],1185996137,1780444226
greedy/tai100b,17,1239840329,814,131069,32150400,[64 37 94 93 65 47 0 49 26 85 80 19 86 82 3 74 77 12 68 92 15 81 59 69 23 57 88 79 30 32 67 21 96 25 61 41 55 66 24 54 58 28 39 50 76 44 87 14 18 22 34 20 53 98 38 9 4 52 7 13 45 43 10 1 75 42 51 70 95 84 27 40 56 5 91 63 31 89 29 16 83 33 99 60 8 46 17 97 73 62 48 2 35 11 72 71 78 90 6 36],[84 36 26 80 64 69 49 44 81 47 65 25 93 28 71 94 0 85 98 29 31 52 78 4 18 14 88 79 30 32 67 10 5 76 60 27 42 19 56 40 23 2 77 75 97 53 20 50 86 57 99 38 83 59 63 37 11 35 16 34 43 13 90 91 48 92 74 7 12 68 8 72 89 6 9 73 1 17 70 51 95 33 66 45 24 62 61 41 46 39 96 58 3 82 54 21 55 22 15 87],1185996137,1830985687
steepest/tai100b,17,1264497492,145,722700,181269000,[92 79 12 26 30 49 80 88 65 74 67 47 93 95 63 1 13 70 51 59 35 36 54 14 76 20 32 87 86 98 53 10 56 19 60 27 77 84 40 5 2 37 42 50 57 85 69 94 9 23 58 38 62 18 90 29 75 16 0 7 48 89 66 25 17 61 44 41 64 28 34 73 46 22 4 6 68 52 72 33 91 8 97 21 31 71 15 99 55 78 11 24 96 3 45 82 83 43 39 81],[84 36 26 80 64 69 49 44 81 47 65 25 93 28 71 94 0 85 98 29 31 52 78 4 18 14 88 79 30 32 67 10 5 76 60 27 42 19 56 40 23 2 77 75 97 53 20 50 86 57 99 38 83 59 63 37 11 35 16 34 43 13 90 91 48 92 74 7 12 68 8 72 89 6 9 73 1 17 70 51 95 33 66 45 24 62 61 41 46 39 96 58 3 82 54 21 55 22 15 87],1185996137,1830985687
random/tai100b,17,1609718133,18655,18655,185791600,[44 14 56 93 31 16 53 91 51 63 83 12 55 92 95 64 13 19 60 54 5 29 82 0 94 48 35 1 47 80 28 99 33 57 98 66 26 97 67 7 90 41 79 72 32 8 6 25 75 81 68 84 17 9 73 76 87 22 78 34 86 96 52 61 3 27 10 11 39 2 21 74 20 69 58 71 15 89 88 36 37 24 42 45 30 85 40 46 77 23 62 70 50 59 43 38 18 4 49 65],[84 36 26 80 64 69 49 44 81 47 65 25 93 28 71 94 0 85 98 29 31 52 78 4 18 14 88 79 30 32 67 10 5 76 60 27 42 19 56 40 23 2 77 75 97 53 20 50 86 57 99 38 83 59 63 37 11 35 16 34 43 13 90 91 48 92 74 7 12 68 8 72 89 6 9 73 1 17 70 51 95 33 66 45 24 62 61 41 46 39 96 58 3 82 54 21 55 22 15 87],1185996137,1830985687
randomWalk/tai100b,17,1780738562,645595,645595,189674500,[59 73 45 49 9 87 34 74 4 57 25 10 12 78 14 39 70 66 26 37 62 82 91 71 6 89 96 52 29 11 63 86 77 27 43 99 98 31 61 41 83 17 68 79 32 18 15 53 47 51 16 8 5 50 13 44 88 64 80 28 76 81 19 1 23 30 95 7 22 40 97 55 20 35 67 72 94 90 85 58 65 36 84 42 75 3 56 38 69 48 92 54 33 2 21 24 93 46 60 0],[84 36 26 80 64 69 49 44 81 47 65 25 93 28 71 94 0 85 98 29 31 52 78 4 18 14 88 79 30 32 67 10 5 76 60 27 42 19 56 40 23 2 77 75 97 53 20 50 86 57 99 38 83 59 63 37 11 35 16 34 43 13 90 91 48 92 74 7 12 68 8 72 89 6 9 73 1 17 70 51 95 33 66 45 24 62 61 41 46 39 96 58 3 82 54 21 55 22 15 87],1185996137,1830985687
heuristic/tai100b,17,1468025063,0,0,0,[87 79 30 49 70 28 65 32 67 86 44 85 47 18 35 74 55 19 1 91 76 13 5 6 45 56 88 37 36 93 81 59 26 73 39 16 75 63 92 38 53 23 9 58 27 40 72 24 84 48 68 17 12 25 94 52 42 2 14 8 0 99 31 11 89 21 4 71 41 83 96 66 10 33 95 98 20 80 29 77 64 69 82 43 15 57 78 60 54 90 62 7 50 22 34 97 61 46 3 51],[84 36 26 80 64 69 49 44 81 47 65 25 93 28 71 94 0 85 98 29 31 52 78 4 18 14 88 79 30 32 67 10 5 76 60 27 42 19 56 40 23 2 77 75 97 53 20 50 86 57 99 38 83 59 63 37 11 35 16 34 43 13 90 91 48 92 74 7 12 68 8 72 89 6 9 73 1 17 70 51 95 33 66 45 24 62 61 41 46 39 96 58 3 82 54 21 55 22 15 87],1185996137,1830985687
greedy/tai100b,18,1256195547,824,143794,40428500,[74 88 79 84 44 69 64 36 81 67 30 59 12 75 8 77 72 87 48 29 15 80 66 65 73 17 32 49 47 28 26 99 20 42 50 56 40 5 27 10 9 23 76 71 41 94 19 85 0 60 57 18 91 83 7 95 37 51 63 31 89 86 55 13 16 45 70 24 1 33 34 62 43 35 38 6 98 52 53 92 4 68 14 22 97 82 90 54 11 58 78 96 25 39 3 21 2 46 61 93],[84 36 26 80 64 69 49 44 81 47 65 25 93 28 71 94 0 85 98 29 31 52 78 4 18 14 88 79 30 32 67 10 5 76 60 27 42 19 56 40 23 2 77 75 97 53 20 50 86 57 99 38 83 59 63 37 11 35 16 34 43 13 90 91 48 92 74 7 12 68 8 72 89 6 9 73 1 17 70 51 95 33 66 45 24 62 61 41 46 39 96 58 3 82 54 21 55 22 15 87],1185996137,1797298084
steepest/tai100b,18,1268702436,131,653400,167535500,[68 86 4 77 30 81 6 88 79 89 72 74 91 46 76 36 69 44 2 14 50 37 7 84 31 71 32 49 47 28 26 78 10 85 56 42 67 20 52 60 82 8 19 29 62 17 94 9 73 45 90 0 55 35 39 59 34 63 24 96 66 97 80 33 43 83 1 13 70 51 16 64 65 95 92 12 48 38 99 53 87 98 75 25 57 27 22 40 54 21 5 15 11 3 18 61 58 23 41 93],[84 36 26 80 64 69 49 44 81 47 65 25 93 28 71 94 0 85 98 29 31 52 78 4 18 14 88 79 30 32 67 10 5 76 60 27 42 19 56 40 23 2 77 75 97 53 20 50 86 57 99 38 83 59 63 37 11 35 16 34 43 13 90 91 48 92 74 7 12 68 8 72 89 6 9 73 1 17 70 51 95 33 66 45 24 62 61 41 46 39 96 58 3 82 54 21 55 22 15 87],1185996137,1797298084
random/tai100b,18,1626541183,19935,19935,170078700,[12 8 81 85 41 24 98 51 9 63 29 32 79 23 11 47 57 78 52 95 67 37 10 76 7 19 86 49 80 18 16 39 72 4 6 21 70 48 69 99 75 3 56 90 5 28 53 14 88 27 44 93 77 50 83 71 84 20 1 61 40 36 55 17 60 54 35 22 82 38 26 15 42 31 68 92 0 73 65 45 94 74 96 64 87 62 30 89 43 33 97 66 91 34 58 59 13 2 46 25],[84 36 26 80 64 69 49 44 81 47 65 25 93 28 71 94 0 85 98 29 31 52 78 4 18 14 88 79 30 32 67 10 5 76 60 27 42 19 56 40 23 2 77 75 97 53 20 50 86 57 99 38 83 59 63 37 11 35 16 34 43 13 90 91 48 92 74 7 12 68 8 72 89 6 9 73 1 17 70 51 95 33 66 45 24 62 61 41 46 39 96 58 3 82 54 21 55 22 15 87],1185996137,1797298084
randomWalk/tai100b,18,1789310399,612857,612857,173333400,[18 46 31 15 41 65 32 75 51 0 69 10 97 82 1 5 45 50 81 48 98 67 91 9 78 36 73 12 63 94 61 56 28 66 43 68 89 62 55 52 72 49 54 22 29 59 86 44 58 71 74 3 92 4 42 77 88 57 25 2 90 76 37 99 33 26 27 23 17 85 39 16 40 30 35 19 96 11 20 6 95 70 83 87 13 60 7 21 84 93 24 14 8 64 47 34 79 38 53 80],[84 36 26 80 64 69 49 44 81 47 65 25 93 28 71 94 0 85 98 29 31 52 78 4 18 14 88 79 30 32 67 10 5 76 60 27 42 19 56 40 23 2 77 75 97 53 20 50 86 57 99 38 83 59 63 37 11 35 16 34 43 13 90 91 48 92 74 7 12 68 8 72 89 6 9 73 1 17 70 51 95 33 66 45 24 62 61 41 46 39 96 58 3 82 54 21 55 22 15 87],1185996137,1797298084
heuristic/tai100b,18,1468025063,0,0,0,[87 79 30 49 70 28 65 32 67 86 44 85 47 18 35 74 55 19 1 91 76 13 5 6 45 56 88 37 36 93 81 59 26 73 39 16 75 63 92 38 53 23 9 58 27 40 72 24 84 48 68 17 12 25 94 52 42 2 14 8 0 99 31 11 89 21 4 71 41 83 96 66 10 33 95 98 20 80 29 77 64 69 82 43 15 57 78 60 54 90 62 7 50 22 34 97 61 46 3 51],[84 36 26 80 64 69 49 44 81 47 65 25 93 28 71 94 0 85 98 29 31 52 78 4 18 14 88 79 30 32 67 10 5 76 60 27 42 19 56 40 23 2 77 75 97 53 20 50 86 57 99 38 83 59 63 37 11 35 16 34 43 13 90 91 48 92 74 7 12 68 8 72 89 6 9 73 1 17 70 51 95 33 66 45 24 62 61 41 46 39 96 58 3 82 54 21 55 22 15 87],1185996137,1797298084
greedy/tai100b,19,1257972960,748,65667,17457000,[69 36 2 86 81 94 19 32 85 46 28 37 77 39 71 41 17 87 73 21 11 65 62 59 95 84 88 79 30 70 67 61 96 0 18 14 55 58 24 54 22 23 66 51 43 93 25 44 26 16 34 64 92 45 15 29 3 31 83 99 82 89 6 47 1 63 74 68 12 80 91 33 35 13 53 98 4 9 72 52 38 8 57 90 56 20 78 50 97 40 10 76 75 27 5 48 60 42 7 49],[84 36 26 80 64 69 49 44 81 47 65 25 93 28 71 94 0 85 98 29 31 52 78 4 18 14 88 79 30 32 67 10 5 76 60 27 42 19 56 40 23 2 77 75 97 53 20 50 86 57 99 38 83 59 63 37 11 35 16 34 43 13 90 91 48 92 74 7 12 68 8 72 89 6 9 73 1 17 70 51 95 33 66 45 24 62 61 41 46 39 96 58 3 82 54 21 55 22 15 87],1185996137,1841310798
steepest/tai100b,19,1265383281,156,777150,185311600,[56 32 19 72 44 28 46 36 2 85 94 99 42 69 27 77 40 86 5 53 98 70 11 84 64 80 88 26 49 30 47 45 91 83 3 63 81 12 74 6 31 89 68 16 35 65 37 13 33 43 61 93 15 78 92 82 57 67 29 50 17 60 39 66 59 96 51 0 95 1 54 25 24 55 20 38 9 76 10 52 4 8 18 62 48 97 71 7 34 73 75 90 21 58 14 22 87 23 41 79],[84 36 26 80 64 69 49 44 81 47 65 25 93 28 71 94 0 85 98 29 31 52 78 4 18 14 88 79 30 32 67 10 5 76 60 27 42 19 56 40 23 2 77 75 97 53 20 50 86 57 99 38 83 59 63 37 11 35 16 34 43 13 90 91 48 92 74 7 12 68 8 72 89 6 9 73 1 17 70 51 95 33 66 45 24 62 61 41 46 39 96 58 3 82 54 21 55 22 15 87],1185996137,1841310798
random/tai100b,19,1627438857,22111,22111,189730000,[85 32 13 82 81 15 88 37 2 44 9 66 50 76 12 47 52 94 77 42 34 72 86 56 10 11 64 65 29 6 79 26 30 60 54 27 63 20 31 97 8 90 87 4 78 51 22 7 80 18 95 43 39 25 48 23 74 96 17 0 19 3 71 70 83 38 98 89 1 93 49 57 5 55 46 61 84 69 24 99 41 28 16 33 67 68 92 36 40 14 73 62 53 75 59 58 45 21 91 35],[84 36 26 80 64 69 49 44 81 47 65 25 93 28 71 94 0 85 98 29 31 52 78 4 18 14 88 79 30 32 67 10 5 76 60 27 42 19 56 40 23 2 77 75 97 53 20 50 86 57 99 38 83 59 63 37 11 35 16 34 43 13 90 91 48 92 74 7 12 68 8 72 89 6 9 73 1 17 70 51 95 33 66 45 24 62 61 41 46 39 96 58 3 82 54 21 55 22 15 87],1185996137,1841310798
randomWalk/tai100b,19,1786665671,655012,655012,187890900,[27 31 95 78 66 36 38 97 86 84 12 62 0 35 52 25 49 77 22 26 19 28 80 92 34 56 32 76 50 44 11 17 51 58 5 43 23 46 85 88 64 83 63 37 65 7 61 55 82 6 60 1 68 41 45 3 90 69 99 98 48 13 74 39 40 21 10 70 54 67 4 42 29 30 33 14 9 2 8 18 57 47 72 91 15 24 79 94 16 59 75 20 93 81 71 89 96 73 53 87],[84 36 26 80 64 69 49 44 81 47 65 25 93 28 71 94 0 85 98 29 31 52 78 4 18 14 88 79 30 32 67 10 5 76 60 27 42 19 56 40 23 2 77 75 97 53 20 50 86 57 99 38 83 59 63 37 11 35 16 34 43 13 90 91 48 92 74 7 12 68 8 72 89 6 9 73 1 17 70 51 95 33 66 45 24 62 61 41 46 39 96 58 3 82 54 21 55 22 15 87],1185996137,1841310798
heuristic/tai100b,19,1468025063,0,0,526500,[87 79 30 49 70 28 65 32 67 86 44 85 47 18 35 74 55 19 1 91 76 13 5 6 45 56 88 37 36 93 81 59 26 73 39 16 75 63 92 38 53 23 9 58 27 40 72 24 84 48 68 17 12 25 94 52 42 2 14 8 0 99 31 11 89 21 4 71 41 83 96 66 10 33 95 98 20 80 29 77 64 69 82 43 15 57 78 60 54 90 62 7 50 22 34 97 61 46 3 51],[84 36 26 80 64 69 49 44 81 47 65 25 93 28 71 94 0 85 98 29 31 52 78 4 18 14 88 79 30 32 67 10 5 76 60 27 42 19 56 40 23 2 77 75 97 53 20 50 86 57 99 38 83 59 63 37 11 35 16 34 43 13 90 91 48 92 74 7 12 68 8 72 89 6 9 73 1 17 70 51 95 33 66 45 24 62 61 41 46 39 96 58 3 82 54 21 55 22 15 87],1185996137,1841310798
greedy/tai100b,20,1247523014,768,204192,51236100,[80 79 65 69 30 36 64 88 44 49 67 81 25 95 91 1 33 70 51 13 63 53 82 4 23 76 32 77 37 40 86 71 94 10 0 19 17 73 9 2 60 93 85 75 48 27 56 20 5 72 99 52 66 54 24 55 8 96 39 46 61 92 58 14 38 22 87 21 41 28 57 50 18 98 74 12 6 59 68 84 35 16 7 3 43 62 34 89 11 45 90 29 31 97 78 83 47 26 15 42],[84 36 26 80 64 69 49 44 81 47 65 25 93 28 71 94 0 85 98 29 31 52 78 4 18 14 88 79 30 32 67 10 5 76 60 27 42 19 56 40 23 2 77 75 97 53 20 50 86 57 99 38 83 59 63 37 11 35 16 34 43 13 90 91 48 92 74 7 12 68 8 72 89 6 9 73 1 17 70 51 95 33 66 45 24 62 61 41 46 39 96 58 3 82 54 21 55 22 15 87],1185996137,1719438879
steepest/tai100b,20,1228728584,132,658350,157649500,[84 88 64 73 44 69 93 36 81 67 30 17 79 8 6 37 83 95 11 16 12 2 39 20 98 53 32 19 94 86 85 66 92 89 3 4 31 45 29 72 99 55 15 46 50 14 52 38 87 48 97 82 43 63 1 70 91 74 13 34 59 33 71 40 0 23 42 5 77 56 10 9 27 76 25 35 47 80 51 26 49 65 75 24 7 21 78 18 60 22 61 41 96 57 62 58 90 68 54 28],[84 36 26 80 64 69 49 44 81 47 65 25 93 28 71 94 0 85 98 29 31 52 78 4 18 14 88 79 30 32 67 10 5 76 60 27 42 19 56 40 23 2 77 75 97 53 20 50 86 57 99 38 83 59 63 37 11 35 16 34 43 13 90 91 48 92 74 7 12 68 8 72 89 6 9 73 1 17 70 51 95 33 66 45 24 62 61 41 46 39 96 58 3 82 54 21 55 22 15 87],1185996137,1719438879
random/tai100b,20,1624881700,19118,19118,165463100,[66 8 77 87 81 88 47 85 38 73 37 58 15 40 21 90 24 44 2 9 60 22 3 48 35 80 67 30 28 13 79 29 69 32 50 56 82 11 51 33 91 6 1 59 72 57 98 78 71 10 52 42 26 53 64 45 97 12 68 20 76 31 0 75 94 36 18 54 92 17 74 62 34 99 63 14 83 4 49 39 16 86 89 95 55 65 19 5 96 25 46 7 61 93 41 23 43 27 84 70],[84 36 26 80 64 69 49 44 81 47 65 25 93 28 71 94 0 85 98 29 31 52 78 4 18 14 88 79 30 32 67 10 5 76 60 27 42 19 56 40 23 2 77 75 97 53 20 50 86 57 99 38 83 59 63 37 11 35 16 34 43 13 90 91 48 92 74 7 12 68 8 72 89 6 9 73 1 17 70 51 95 33 66 45 24 62 61 41 46 39 96 58 3 82 54 21 55 22 15 87],1185996137,1719438879
randomWalk/tai100b,20,1780982629,563258,563258,159141900,[85 62 57 29 71 70 21 42 65 74 64 14 77 59 37 30 53 61 66 22 76 54 92 96 28 20 86 89 15 36 95 17 98 91 8 35 80 51 9 94 99 82 83 56 46 5 97 45 52 0 88 40 93 87 2 16 39 13 68 49 69 7 26 60 90 19 11 18 33 24 4 58 72 67 79 38 3 48 73 75 55 31 6 12 27 32 44 23 43 41 78 34 50 63 47 84 81 1 25 10],[84 36 26 80 64 69 49 44 81 47 65 25 93 28 71 94 0 85 98 29 31 52 78 4 18 14 88 79 30 32 67 10 5 76 60 27 42 19 56 40 23 2 77 75 97 53 20 50 86 57 99 38 83 59 63 37 11 35 16 34 43 13 90 91 48 92 74 7 12 68 8 72 89 6 9 73 1 17 70 51 95 33 66 45 24 62 61 41 46 39 96 58 3 82 54 21 55 22 15 87],1185996137,1719438879
heuristic/tai100b,20,1468025063,0,0,0,[87 79 30 49 70 28 65 32 67 86 44 85 47 18 35 74 55 19 1 91 76 13 5 6 45 56 88 37 36 93 81 59 26 73 39 16 75 63 92 38 53 23 9 58 27 40 72 24 84 48 68 17 12 25 94 52 42 2 14 8 0 99 31 11 89 21 4 71 41 83 96 66 10 33 95 98 20 80 29 77 64 69 82 43 15 57 78 60 54 90 62 7 50 22 34 97 61 46 3 51],[84 36 26 80 64 69 49 44 81 47 65 25 93 28 71 94 0 85 98 29 31 52 78 4 18 14 88 79 30 32 67 10 5 76 60 27 42 19 56 40 23 2 77 75 97 53 20 50 86 57 99 38 83 59 63 37 11 35 16 34 43 13 90 91 48 92 74 7 12 68 8 72 89 6 9 73 1 17 70 51 95 33 66 45 24 62 61 41 46 39 96 58 3 82 54 21 55 22 15 87],1185996137,1719438879
greedy/tai150b,1,514698830,1680,387970,148324000,[46 4 49 88 2 30 56 144 10 68 16 101 6 139 23 22 137 70 131 84 62 37 1 129 43 44 54 26 86 104 123 127 115 53 93 13 75 67 116 45 110 87 95 14 147 97 39 34 60 42 73 117 136 61 107 20 128 21 28 74 142 0 122 108 5 50 102 114 143 146 33 132 81 29 99 59 96 64 72 118 48 105 24 66 47 57 19 11 25 135 58 7 52 36 69 40 125 106 41 100 130 51 63 9 109 27 35 141 78 134 120 113 138 79 103 92 77 145 18 32 111 148 80 8 90 91 38 94 12 121 133 149 15 112 55 31 3 65 124 17 119 140 76 71 85 126 83 82 98 89],[83 62 114 18 57 64 50 104 102 5 29 26 82 122 98 24 146 30 124 47 46 115 75 143 103 81 112 60 108 110 131 92 53 87 140 127 109 36 145 63 129 67 123 45 120 72 91 113 73 12 21 74 137 141 118 147 125 68 41 17 52 132 130 15 88 86 136 38 119 23 20 70 1 8 90 3 96 89 148 25 59 65 121 99 55 94 126 135 19 95 76 56 48 101 138 133 34 71 28 111 31 77 40 79 128 93 35 7 13 32 39 11 105 97 33 142 149 27 116 6 66 100 107 80 106 69 4 0 54 2 117 51 9 84 78 14 22 61 42 43 37 134 44 58 144 139 49 85 16 10],498896643,643197926
steepest/tai150b,1,518613820,215,2413800,1010416800,[92 5 104 100 8 53 64 30 48 38 56 131 58 57 70 26 23 144 88 60 87 63 112 52 36 115 42 147 67 51 81 1 110 6 28 137 75 139 127 123 129 2 116 72 15 11 91 107 130 14 21 125 61 54 9 34 12 145 105 138 33 95 27 10 37 35 62 83 93 98 120 134 74 85 0 132 29 148 59 135 25 24 122 118 146 46 18 96 114 19 65 50 17 22 90 101 117 45 40 20 69 73 136 41 43 128 133 49 80 16 106 140 13 86 97 39 119 84 44 47 124 68 55 94 121 7 3 76 99 82 142 103 149 109 77 89 126 141 4 111 66 32 108 31 113 79 78 102 71 143],[83 62 114 18 57 64 50 104 102 5 29 26 82 122 98 24 146 30 124 47 46 115 75 143 103 81 112 60 108 110 131 92 53 87 140 127 109 36 145 63 129 67 123 45 120 72 91 113 73 12 21 74 137 141 118 147 125 68 41 17 52 132 130 15 88 86 136 38 119 23 20 70 1 8 90 3 96 89 148 25 59 65 121 99 55 94 126 135 19 95 76 56 48 101 138 133 34 71 28 111 31 77 40 79 128 93 35 7 13 32 39 11 105 97 33 142 149 27 116 6 66 100 107 80 106 69 4 0 54 2 117 51 9 84 78 14 22 61 42 43 37 134 44 58 144 139 49 85 16 10],498896643,643197926
random/tai150b,1,621041116,55354,55354,1010771700,[19 72 48 16 115 83 10 139 31 12 117 84 121 79 78 63 67 30 42 2 75 82 1 37 134 86 64 69 80 7 123 91 44 95 146 131 85 71 22 112 130 100 92 135 142 53 106 109 9 104 96 148 87 88 132 140 149 17 103 145 38 90 57 133 93 125 11 33 59 116 70 4 77 32 40 41 68 13 26 105 21 89 94 66 114 56 20 55 49 29 127 144 108 6 0 141 43 14 147 110 107 25 143 36 47 111 62 8 97 35 18 50 23 65 58 34 27 129 76 126 128 28 99 15 120 119 101 54 5 52 122 3 136 45 102 138 46 73 113 24 137 124 98 61 74 81 60 118 39 51],[83 62 114 18 57 64 50 104 102 5 29 26 82 122 98 24 146 30 124 47 46 115 75 143 103 81 112 60 108 110 131 92 53 87 140 127 109 36 145 63 129 67 123 45 120 72 91 113 73 12 21 74 137 141 118 147 125 68 41 17 52 132 130 15 88 86 136 38 119 23 20 70 1 8 90 3 96 89 148 25 59 65 121 99 55 94 126 135 19 95 76 56 48 101 138 133 34 71 28 111 31 77 40 79 128 93 35 7 13 32 39 11 105 97 33 142 149 27 116 6 66 100 107 80 106 69 4 0 54 2 117 51 9 84 78 14 22 61 42 43 37 134 44 58 144 139 49 85 16 10],498896643,643197926
randomWalk/tai150b,1,654785458,2347383,2347383,1016328300,[97 60 130 11 34 1 6 116 0 102 8 29 144 103 93 41 118 2 124 92 142 76 138 61 57 7 3 46 129 50 33 114 89 16 12 62 49 88 30 148 134 132 25 146 115 19 4 94 95 70 117 71 108 18 83 125 101 107 13 131 31 135 47 38 37 120 24 36 64 78 21 27 137 141 104 112 81 79 82 48 121 67 44 10 80 147 40 85 52 133 73 111 58 53 20 69 139 140 17 149 110 28 96 39 63 91 113 66 145 35 143 136 65 26 9 23 56 106 122 90 43 128 22 75 68 54 51 42 55 86 72 123 5 109 15 14 32 59 126 84 45 127 99 87 77 100 74 119 105 98],[83 62 114 18 57 64 50 104 102 5 29 26 82 122 98 24 146 30 124 47 46 115 75 143 103 81 112 60 108 110 131 92 53 87 140 127 109 36 145 63 129 67 123 45 120 72 91 113 73 12 21 74 137 141 118 147 125 68 41 17 52 132 130 15 88 86 136 38 119 23 20 70 1 8 90 3 96 89 148 25 59 65 121 99 55 94 126 135 19 95 76 56 48 101 138 133 34 71 28 111 31 77 40 79 128 93 35 7 13 32 39 11 105 97 33 142 149 27 116 6 66 100 107 80 106 69 4 0 54 2 117 51 9 84 78 14 22 61 42 43 37 134 44 58 144 139 49 85 16 10],498896643,643197926
heuristic/tai150b,1,620457677,0,0,0,[110 24 46 87 71 16 146 140 144 126 56 85 70 64 35 18 134 98 145 38 11 148 127 105 114 19 45 51 3 49 119 62 122 15 59 149 142 131 4 101 67 128 93 0 129 34 17 109 61 40 147 22 111 69 12 21 90 138 135 94 92 125 76 104 123 41 141 26 136 2 103 39 52 33 60 116 29 113 78 74 27 81 8 65 50 48 89 95 121 53 102 47 75 107 42 112 9 120 63 72 124 99 84 5 77 108 57 30 28 32 73 132 25 86 23 68 96 139 7 88 43 100 130 118 54 83 36 117 66 91 79 14 13 37 97 31 80 143 1 20 137 44 106 133 6 115 55 58 82 10],[83 62 114 18 57 64 50 104 102 5 29 26 82 122 98 24 146 30 124 47 46 115 75 143 103 81 112 60 108 110 131 92 53 87 140 127 109 36 145 63 129 67 123 45 120 72 91 113 73 12 21 74 137 141 118 147 125 68 41 17 52 132 130 15 88 86 136 38 119 23 20 70 1 8 90 3 96 89 148 25 59 65 121 99 55 94 126 135 19 95 76 56 48 101 138 133 34 71 28 111 31 77 40 79 128 93 35 7 13 32 39 11 105 97 33 142 149 27 116 6 66 100 107 80 106 69 4 0 54 2 117 51 9 84 78 14 22 61 42 43 37 134 44 58 144 139 49 85 16 10],498896643,643197926
greedy/tai150b,2,512069473,1808,425780,162214400,[8 100 32 6 140 18 19 35 79 31 56 68 3 27 24 39 122 92 110 47 29 114 99 63 131 57 5 109 28 143 133 103 50 46 36 38 108 102 118 59 145 52 104 42 90 21 51 88 136 20 34 1 12 69 127 17 75 13 87 14 54 73 26 37 61 62 58 83 74 44 65 85 82 95 101 116 7 11 138 113 105 81 25 128 96 148 120 97 149 33 93 77 40 112 119 124 130 60 72 123 129 66 125 111 132 67 98 76 15 146 115 64 91 71 4 89 53 147 48 126 106 2 43 22 0 137 45 10 80 139 141 135 117 84 9 49 78 94 86 107 142 134 55 70 16 23 41 30 144 121],[83 62 114 18 57 64 50 104 102 5 29 26 82 122 98 24 146 30 124 47 46 115 75 143 103 81 112 60 108 110 131 92 53 87 140 127 109 36 145 63 129 67 123 45 120 72 91 113 73 12 21 74 137 141 118 147 125 68 41 17 52 132 130 15 88 86 136 38 119 23 20 70 1 8 90 3 96 89 148 25 59 65 121 99 55 94 126 135 19 95 76 56 48 101 138 133 34 71 28 111 31 77 40 79 128 93 35 7 13 32 39 11 105 97 33 142 149 27 116 6 66 100 107 80 106 69 4 0 54 2 117 51 9 84 78 14 22 61 42 43 37 134 44 58 144 139 49 85 16 10],498896643,669341769
steepest/tai150b,2,518377403,239,2682000,1104139700,[23 1 79 113 98 140 134 57 39 6 46 24 87 32 31 108 71 102 0 85 70 132 12 15 76 146 91 34 89 59 58 125 16 50 145 48 118 29 28 38 133 18 4 115 42 67 84 54 75 20 44 72 99 147 36 40 109 111 66 43 22 106 45 80 3 8 47 10 136 56 135 96 139 2 60 128 35 11 120 105 13 103 141 138 82 73 7 33 149 77 93 27 92 53 97 143 116 122 62 142 63 5 90 21 148 61 64 65 25 126 69 95 51 100 14 117 110 112 19 78 52 130 107 124 74 127 114 86 9 104 131 26 119 129 123 37 81 49 68 17 83 121 101 41 88 55 137 30 144 94],[83 62 114 18 57 64 50 104 102 5 29 26 82 122 98 24 146 30 124 47 46 115 75 143 103 81 112 60 108 110 131 92 53 87 140 127 109 36 145 63 129 67 123 45 120 72 91 113 73 12 21 74 137 141 118 147 125 68 41 17 52 132 130 15 88 86 136 38 119 23 20 70 1 8 90 3 96 89 148 25 59 65 121 99 55 94 126 135 19 95 76 56 48 101 138 133 34 71 28 111 31 77 40 79 128 93 35 7 13 32 39 11 105 97 33 142 149 27 116 6 66 100 107 80 106 69 4 0 54 2 117 51 9 84 78 14 22 61 42 43 37 134 44 58 144 139 49 85 16 10],498896643,669341769
random/tai150b,2,623466384,60336,60336,1105194200,[36 40 108 124 143 58 140 136 106 103 145 5 85 94 29 98 82 35 33 83 18 6 42 126 71 115 110 87 121 65 21 47 64 41 109 56 96 66 34 101 89 118 132 76 122 12 8 0 72 147 114 45 104 1 16 17 77 134 90 19 68 125 25 102 51 11 119 4 138 137 123 10 139 28 133 80 129 84 69 74 61 60 20 75 86 99 93 3 31 81 49 32 7 141 91 15 43 38 92 73 105 52 9 55 97 146 27 63 44 107 39 135 70 111 46 128 14 113 95 24 53 79 112 117 148 131 149 127 26 116 23 2 88 50 59 67 62 57 22 142 13 30 100 78 130 48 144 37 54 120],[83 62 114 18 57 64 50 104 102 5 29 26 82 122 98 24 146 30 124 47 46 115 75 143 103 81 112 60 108 110 131 92 53 87 140 127 109 36 145 63 129 67 123 45 120 72 91 113 73 12 21 74 137 141 118 147 125 68 41 17 52 132 130 15 88 86 136 38 119 23 20 70 1 8 90 3 96 89 148 25 59 65 121 99 55 94 126 135 19 95 76 56 48 101 138 133 34 71 28 111 31 77 40 79 128 93 35 7 13 32 39 11 105 97 33 142 149 27 116 6 66 100 107 80 106 69 4 0 54 2 117 51 9 84 78 14 22 61 42 43 37 134 44 58 144 139 49 85 16 10],498896643,669341769
randomWalk/tai150b,2,663635980,2330696,2330696,1104790600,[44 2 29 62 59 99 34 80 81 100 96 19 28 18 35 51 76 30 27 141 95 57 123 38 104 116 132 127 84 144 58 133 92 91 37 149 142 21 69 120 118 61 124 103 143 66 7 73 77 130 16 134 17 111 10 105 71 11 107 67 74 106 47 109 72 78 108 79 114 4 12 75 32 137 60 45 113 93 46 9 98 138 101 136 26 146 31 55 110 126 5 23 64 36 85 43 140 24 68 86 53 70 112 119 39 135 97 13 102 54 88 82 40 50 6 49 129 117 20 22 121 94 25 148 90 115 63 122 48 131 52 0 87 139 41 83 1 65 125 14 89 3 33 42 128 56 15 145 8 147],[83 62 114 18 57 64 50 104 102 5 29 26 82 122 98 24 146 30 124 47 46 115 75 143 103 81 112 60 108 110 131 92 53 87 140 127 109 36 145 63 129 67 123 45 120 72 91 113 73 12 21 74 137 141 118 147 125 68 41 17 52 132 130 15 88 86 136 38 119 23 20 70 1 8 90 3 96 89 148 25 59 65 121 99 55 94 126 135 19 95 76 56 48 101 138 133 34 71 28 111 31 77 40 79 128 93 35 7 13 32 39 11 105 97 33 142 149 27 116 6 66 100 107 80 106 69 4 0 54 2 117 51 9 84 78 14 22 61 42 43 37 134 44 58 144 139 49 85 16 10],498896643,669341769
heuristic/tai150b,2,620457677,0,0,0,[110 24 46 87 71 16 146 140 144 126 56 85 70 64 35 18 134 98 145 38 11 148 127 105 114 19 45 51 3 49 119 62 122 15 59 149 142 131 4 101 67 128 93 0 129 34 17 109 61 40 147 22 111 69 12 21 90 138 135 94 92 125 76 104 123 41 141 26 136 2 103 39 52 33 60 116 29 113 78 74 27 81 8 65 50 48 89 95 121 53 102 47 75 107 42 112 9 120 63 72 124 99 84 5 77 108 57 30 28 32 73 132 25 86 23 68 96 139 7 88 43 100 130 118 54 83 36 117 66 91 79 14 13 37 97 31 80 143 1 20 137 44 106 133 6 115 55 58 82 10],[83 62 114 18 57 64 50 104 102 5 29 26 82 122 98 24 146 30 124 47 46 115 75 143 103 81 112 60 108 110 131 92 53 87 140 127 109 36 145 63 129 67 123 45 120 72 91 113 73 12 21 74 137 141 118 147 125 68 41 17 52 132 130 15 88 86 136 38 119 23 20 70 1 8 90 3 96 89 148 25 59 65 121 99 55 94 126 135 19 95 76 56 48 101 138 133 34 71 28 111 31 77 40 79 128 93 35 7 13 32 39 11 105 97 33 142 149 27 116 6 66 100 107 80 106 69 4 0 54 2 117 51 9 84 78 14 22 61 42 43 37 134 44 58 144 139 49 85 16 10],498896643,669341769
greedy/tai150b,3,508681705,1681,406059,154419000,[49 135 52 17 33 98 38 6 91 12 8 90 20 15 119 81 132 24 13 105 133 67 138 147 53 47 120 97 87 77 128 115 39 48 72 46 21 27 118 63 125 64 36 86 131 124 68 54 75 93 1 43 28 99 80 84 130 45 82 73 112 5 104 102 41 50 101 114 141 78 110 29 30 134 107 44 96 7 26 62 149 65 139 83 16 58 25 100 19 57 148 56 121 129 116 123 40 34 111 142 127 37 60 106 143 79 140 32 108 35 103 146 109 92 31 113 71 145 122 18 66 3 0 136 88 14 22 59 137 11 117 69 61 10 94 4 9 55 51 42 74 126 23 144 76 95 85 89 70 2],[83 62 114 18 57 64 50 104 102 5 29 26 82 122 98 24 146 30 124 47 46 115 75 143 103 81 112 60 108 110 131 92 53 87 140 127 109 36 145 63 129 67 123 45 120 72 91 113 73 12 21 74 137 141 118 147 125 68 41 17 52 132 130 15 88 86 136 38 119 23 20 70 1 8 90 3 96 89 148 25 59 65 121 99 55 94 126 135 19 95 76 56 48 101 138 133 34 71 28 111 31 77 40 79 128 93 35 7 13 32 39 11 105 97 33 142 149 27 116 6 66 100 107 80 106 69 4 0 54 2 117 51 9 84 78 14 22 61 42 43 37 134 44 58 144 139 49 85 16 10],498896643,641847835
steepest/tai150b,3,512780795,243,2726700,1046162600,[15 59 146 49 44 134 85 29 78 0 16 141 86 58 53 62 113 132 84 68 108 107 79 80 26 87 137 31 106 125 54 3 102 30 111 103 34 27 72 66 48 64 104 123 93 28 127 118 129 43 145 119 40 131 122 95 109 130 63 91 45 148 33 81 60 51 88 41 1 126 67 50 114 55 74 10 46 144 117 115 22 135 19 2 96 24 57 25 149 56 139 7 99 18 37 12 75 21 101 90 92 142 120 143 128 71 140 32 13 35 97 98 36 73 124 133 121 138 39 82 42 14 69 9 52 20 136 11 94 100 65 61 83 5 110 17 47 105 112 147 77 116 38 8 76 6 23 89 70 4],[83 62 114 18 57 64 50 104 102 5 29 26 82 122 98 24 146 30 124 47 46 115 75 143 103 81 112 60 108 110 131 92 53 87 140 127 109 36 145 63 129 67 123 45 120 72 91 113 73 12 21 74 137 141 118 147 125 68 41 17 52 132 130 15 88 86 136 38 119 23 20 70 1 8 90 3 96 89 148 25 59 65 121 99 55 94 126 135 19 95 76 56 48 101 138 133 34 71 28 111 31 77 40 79 128 93 35 7 13 32 39 11 105 97 33 142 149 27 116 6 66 100 107 80 106 69 4 0 54 2 117 51 9 84 78 14 22 61 42 43 37 134 44 58 144 139 49 85 16 10],498896643,641847835
random/tai150b,3,620865186,56725,56725,1046251300,[89 18 94 40 106 19 109 123 56 12 137 122 88 87 2 4 64 91 75 143 115 74 9 125 41 76 120 100 14 21 73 66 48 135 98 69 104 116 63 118 101 72 67 57 90 121 80 128 13 112 145 44 129 102 133 62 20 11 33 46 97 77 38 131 47 22 24 141 68 134 148 130 95 55 42 49 39 96 26 16 111 127 84 92 93 110 139 140 85 30 81 32 23 79 86 147 7 45 124 52 25 58 105 0 37 61 53 117 132 60 126 65 119 35 3 36 103 59 78 144 31 149 27 70 8 114 136 82 54 51 5 34 108 146 71 83 17 6 138 107 28 10 50 43 15 99 142 29 1 113],[83 62 114 18 57 64 50 104 102 5 29 26 82 122 98 24 146 30 124 47 46 115 75 143 103 81 112 60 108 110 131 92 53 87 140 127 109 36 145 63 129 67 123 45 120 72 91 113 73 12 21 74 137 141 118 147 125 68 41 17 52 132 130 15 88 86 136 38 119 23 20 70 1 8 90 3 96 89 148 25 59 65 121 99 55 94 126 135 19 95 76 56 48 101 138 133 34 71 28 111 31 77 40 79 128 93 35 7 13 32 39 11 105 97 33 142 149 27 116 6 66 100 107 80 106 69 4 0 54 2 117 51 9 84 78 14 22 61 42 43 37 134 44 58 144 139 49 85 16 10],498896643,641847835
randomWalk/tai150b,3,653082303,2323270,2323270,1047151500,[79 126 144 19 38 137 139 45 109 33 127 90 108 136 93 20 0 83 74 148 132 106 100 15 82 114 85 98 1 142 146 124 28 31 65 7 94 129 128 60 4 42 58 131 133 135 55 23 26 16 62 9 44 39 8 117 21 101 138 86 119 56 134 6 2 118 102 40 3 18 12 120 51 64 29 61 37 30 27 53 77 25 13 104 84 24 91 46 87 97 63 113 122 125 10 52 121 43 149 68 73 70 89 54 147 143 145 116 76 130 41 49 96 105 67 50 141 69 72 95 5 107 35 11 71 92 22 17 34 123 112 88 78 32 103 111 99 47 36 80 75 115 66 110 140 48 81 57 14 59],[83 62 114 18 57 64 50 104 102 5 29 26 82 122 98 24 146 30 124 47 46 115 75 143 103 81 112 60 108 110 131 92 53 87 140 127 109 36 145 63 129 67 123 45 120 72 91 113 73 12 21 74 137 141 118 147 125 68 41 17 52 132 130 15 88 86 136 38 119 23 20 70 1 8 90 3 96 89 148 25 59 65 121 99 55 94 126 135 19 95 76 56 48 101 138 133 34 71 28 111 31 77 40 79 128 93 35 7 13 32 39 11 105 97 33 142 149 27 116 6 66 100 107 80 106 69 4 0 54 2 117 51 9 84 78 14 22 61 42 43 37 134 44 58 144 139 49 85 16 10],498896643,641847835
heuristic/tai150b,3,620457677,0,0,0,[110 24 46 87 71 16 146 140 144 126 56 85 70 64 35 18 134 98 145 38 11 148 127 105 114 19 45 51 3 49 119 62 122 15 59 149 142 131 4 101 67 128 93 0 129 34 17 109 61 40 147 22 111 69 12 21 90 138 135 94 92 125 76 104 123 41 141 26 136 2 103 39 52 33 60 116 29 113 78 74 27 81 8 65 50 48 89 95 121 53 102 47 75 107 42 112 9 120 63 72 124 99 84 5 77 108 57 30 28 32 73 132 25 86 23 68 96 139 7 88 43 100 130 118 54 83 36 117 66 91 79 14 13 37 97 31 80 143 1 20 137 44 106 133 6 115 55 58 82 10],[83 62 114 18 57 64 50 104 102 5 29 26 82 122 98 24 146 30 124 47 46 115 75 143 103 81 112 60 108 110 131 92 53 87 140 127 109 36 145 63 129 67 123 45 120 72 91 113 73 12 21 74 137 141 118 147 125 68 41 17 52 132 130 15 88 86 136 38 119 23 20 70 1 8 90 3 96 89 148 25 59 65 121 99 55 94 126 135 19 95 76 56 48 101 138 133 34 71 28 111 31 77 40 79 128 93 35 7 13 32 39 11 105 97 33 142 149 27 116 6 66 100 107 80 106 69 4 0 54 2 117 51 9 84 78 14 22 61 42 43 37 134 44 58 144 139 49 85 16 10],498896643,641847835
greedy/tai150b,4,508344935,1541,362092,139475900,[98 39 47 100 38 56 24 19 80 28 122 133 118 18 8 57 105 96 67 53 106 52 34 36 125 64 128 145 115 63 48 21 87 131 104 30 127 137 123 45 129 2 43 15 88 17 130 91 107 66 20 109 90 54 75 79 77 59 97 49 124 0 58 113 27 11 132 44 86 32 68 35 10 134 135 81 126 74 60 37 143 110 89 26 76 95 46 112 50 65 51 140 147 119 111 40 117 120 12 42 138 72 33 99 13 142 144 116 93 70 84 16 22 1 6 7 121 139 23 149 14 136 61 31 69 92 5 101 148 78 83 3 62 9 94 73 71 141 103 25 4 85 55 114 108 102 41 146 29 82],[83 62 114 18 57 64 50 104 102 5 29 26 82 122 98 24 146 30 124 47 46 115 75 143 103 81 112 60 108 110 131 92 53 87 140 127 109 36 145 63 129 67 123 45 120 72 91 113 73 12 21 74 137 141 118 147 125 68 41 17 52 132 130 15 88 86 136 38 119 23 20 70 1 8 90 3 96 89 148 25 59 65 121 99 55 94 126 135 19 95 76 56 48 101 138 133 34 71 28 111 31 77 40 79 128 93 35 7 13 32 39 11 105 97 33 142 149 27 116 6 66 100 107 80 106 69 4 0 54 2 117 51 9 84 78 14 22 61 42 43 37 134 44 58 144 139 49 85 16 10],498896643,642689313
steepest/tai150b,4,516921840,237,2659650,1109042300,[132 4 123 24 64 2 19 45 105 106 56 26 118 96 43 47 137 30 115 10 16 129 54 21 127 144 125 84 131 22 68 72 139 6 95 37 62 110 119 70 44 98 49 83 20 12 33 143 145 42 61 120 77 82 104 74 14 111 136 142 9 141 149 27 109 32 103 11 93 134 67 35 7 39 107 25 140 133 79 100 80 148 65 3 126 18 15 113 38 91 31 8 90 63 138 28 17 117 75 147 48 69 130 66 128 87 23 1 97 88 36 101 13 58 86 71 116 40 41 73 0 92 135 51 124 5 81 57 112 114 122 99 94 60 78 59 102 121 55 34 52 146 89 29 108 53 85 46 50 76],[83 62 114 18 57 64 50 104 102 5 29 26 82 122 98 24 146 30 124 47 46 115 75 143 103 81 112 60 108 110 131 92 53 87 140 127 109 36 145 63 129 67 123 45 120 72 91 113 73 12 21 74 137 141 118 147 125 68 41 17 52 132 130 15 88 86 136 38 119 23 20 70 1 8 90 3 96 89 148 25 59 65 121 99 55 94 126 135 19 95 76 56 48 101 138 133 34 71 28 111 31 77 40 79 128 93 35 7 13 32 39 11 105 97 33 142 149 27 116 6 66 100 107 80 106 69 4 0 54 2 117 51 9 84 78 14 22 61 42 43 37 134 44 58 144 139 49 85 16 10],498896643,642689313
random/tai150b,4,624949655,54376,54376,1109248300,[132 85 115 40 56 134 23 96 68 11 2 120 32 21 22 149 122 57 136 119 140 65 78 17 7 34 110 20 48 64 109 86 137 135 95 58 102 12 106 117 73 52 30 94 124 13 60 44 97 138 131 39 36 99 54 61 25 104 26 46 128 101 1 92 80 19 121 59 66 72 69 93 107 41 3 103 139 79 6 24 27 29 67 38 146 76 45 144 108 51 130 71 43 88 31 9 133 142 123 15 116 105 112 148 63 75 18 14 62 98 143 49 129 82 141 90 55 145 118 100 89 127 70 10 114 8 35 5 84 74 50 77 113 53 47 83 91 4 147 111 125 42 33 81 16 87 28 0 37 126],[83 62 114 18 57 64 50 104 102 5 29 26 82 122 98 24 146 30 124 47 46 115 75 143 103 81 112 60 108 110 131 92 53 87 140 127 109 36 145 63 129 67 123 45 120 72 91 113 73 12 21 74 137 141 118 147 125 68 41 17 52 132 130 15 88 86 136 38 119 23 20 70 1 8 90 3 96 89 148 25 59 65 121 99 55 94 126 135 19 95 76 56 48 101 138 133 34 71 28 111 31 77 40 79 128 93 35 7 13 32 39 11 105 97 33 142 149 27 116 6 66 100 107 80 106 69 4 0 54 2 117 51 9 84 78 14 22 61 42 43 37 134 44 58 144 139 49 85 16 10],498896643,642689313
randomWalk/tai150b,4,643603171,2387913,2387913,1109670500,[117 129 53 147 86 13 39 83 116 20 149 98 69 63 99 30 142 74 111 9 123 106 12 7 64 75 87 46 56 17 41 148 47 101 60 59 77 134 120 139 1 27 92 29 115 11 31 68 25 81 145 110 108 23 141 48 33 26 93 127 36 57 107 136 37 132 28 78 130 104 10 70 66 144 85 0 43 131 35 121 4 6 88 82 45 135 34 95 103 133 96 3 18 91 67 89 38 49 105 5 94 102 40 80 125 100 52 76 51 71 113 90 122 21 138 126 15 146 50 42 140 124 72 16 24 112 22 128 137 14 84 58 55 118 73 79 119 143 54 32 109 61 8 97 2 65 62 19 114 44],[83 62 114 18 57 64 50 104 102 5 29 26 82 122 98 24 146 30 124 47 46 115 75 143 103 81 112 60 108 110 131 92 53 87 140 127 109 36 145 63 129 67 123 45 120 72 91 113 73 12 21 74 137 141 118 147 125 68 41 17 52 132 130 15 88 86 136 38 119 23 20 70 1 8 90 3 96 89 148 25 59 65 121 99 55 94 126 135 19 95 76 56 48 101 138 133 34 71 28 111 31 77 40 79 128 93 35 7 13 32 39 11 105 97 33 142 149 27 116 6 66 100 107 80 106 69 4 0 54 2 117 51 9 84 78 14 22 61 42 43 37 134 44 58 144 139 49 85 16 10],498896643,642689313
heuristic/tai150b,4,620457677,0,0,0,[110 24 46 87 71 16 146 140 144 126 56 85 70 64 35 18 134 98 145 38 11 148 127 105 114 19 45 51 3 49 119 62 122 15 59 149 142 131 4 101 67 128 93 0 129 34 17 109 61 40 147 22 111 69 12 21 90 138 135 94 92 125 76 104 123 41 141 26 136 2 103 39 52 33 60 116 29 113 78 74 27 81 8 65 50 48 89 95 121 53 102 47 75 107 42 112 9 120 63 72 124 99 84 5 77 108 57 30 28 32 73 132 25 86 23 68 96 139 7 88 43 100 130 118 54 83 36 117 66 91 79 14 13 37 97 31 80 143 1 20 137 44 106 133 6 115 55 58 82 10],[83 62 114 18 57 64 50 104 102 5 29 26 82 122 98 24 146 30 124 47 46 115 75 143 103 81 112 60 108 110 131 92 53 87 140 127 109 36 145 63 129 67 123 45 120 72 91 113 73 12 21 74 137 141 118 147 125 68 41 17 52 132 130 15 88 86 136 38 119 23 20 70 1 8 90 3 96 89 148 25 59 65 121 99 55 94 126 135 19 95 76 56 48 101 138 133 34 71 28 111 31 77 40 79 128 93 35 7 13 32 39 11 105 97 33 142 149 27 116 6 66 100 107 80 106 69 4 0 54 2 117 51 9 84 78 14 22 61 42 43 37 134 44 58 144 139 49 85 16 10],498896643,642689313
greedy/tai150b,5,516703763,1612,322522,135040600,[48 12 18 121 96 56 47 19 131 68 140 7 105 133 118 28 57 24 104 64 32 11 60 31 79 46 124 112 59 26 30 111 35 110 101 109 145 92 37 130 82 122 143 9 49 88 55 94 41 36 75 34 54 0 137 84 127 80 5 93 136 69 61 14 43 132 83 95 86 98 10 44 142 62 3 65 70 119 87 100 128 15 58 106 16 139 89 2 38 23 6 8 117 27 22 129 1 123 72 40 21 135 99 107 76 78 29 108 4 146 115 134 141 113 102 114 53 103 85 50 138 81 74 147 13 66 52 149 17 25 20 77 42 125 33 144 97 90 51 120 63 116 91 73 39 45 67 126 71 148],[83 62 114 18 57 64 50 104 102 5 29 26 82 122 98 24 146 30 124 47 46 115 75 143 103 81 112 60 108 110 131 92 53 87 140 127 109 36 145 63 129 67 123 45 120 72 91 113 73 12 21 74 137 141 118 147 125 68 41 17 52 132 130 15 88 86 136 38 119 23 20 70 1 8 90 3 96 89 148 25 59 65 121 99 55 94 126 135 19 95 76 56 48 101 138 133 34 71 28 111 31 77 40 79 128 93 35 7 13 32 39 11 105 97 33 142 149 27 116 6 66 100 107 80 106 69 4 0 54 2 117 51 9 84 78 14 22 61 42 43 37 134 44 58 144 139 49 85 16 10],498896643,661052138
steepest/tai150b,5,515216789,233,2614950,1031497600,[144 38 134 4 76 56 30 16 79 59 64 54 11 58 104 26 57 85 115 87 53 114 99 132 122 146 34 21 102 125 50 72 108 81 62 29 68 32 124 31 60 46 92 119 130 103 112 136 40 24 35 15 75 101 22 7 141 135 109 1 74 77 138 128 120 47 105 97 6 82 13 98 88 33 43 3 126 2 118 80 107 133 65 111 96 19 55 117 121 106 94 140 137 27 139 78 49 113 5 44 84 28 142 10 95 63 89 129 37 131 110 18 145 36 123 93 127 143 86 67 9 83 51 14 61 20 66 91 25 12 48 90 42 148 45 52 17 149 147 69 0 71 116 23 41 73 39 70 8 100],[83 62 114 18 57 64 50 104 102 5 29 26 82 122 98 24 146 30 124 47 46 115 75 143 103 81 112 60 108 110 131 92 53 87 140 127 109 36 145 63 129 67 123 45 120 72 91 113 73 12 21 74 137 141 118 147 125 68 41 17 52 132 130 15 88 86 136 38 119 23 20 70 1 8 90 3 96 89 148 25 59 65 121 99 55 94 126 135 19 95 76 56 48 101 138 133 34 71 28 111 31 77 40 79 128 93 35 7 13 32 39 11 105 97 33 142 149 27 116 6 66 100 107 80 106 69 4 0 54 2 117 51 9 84 78 14 22 61 42 43 37 134 44 58 144 139 49 85 16 10],498896643,661052138
random/tai150b,5,621309935,57372,57372,1031562000,[35 18 121 67 50 56 87 15 21 34 48 68 145 60 146 81 94 140 127 78 123 99 22 115 114 30 79 57 125 43 106 133 53 97 124 36 109 139 84 85 64 80 32 39 141 61 47 71 132 26 25 45 27 24 12 117 142 37 42 19 4 110 101 93 2 77 54 16 38 14 112 46 5 65 44 88 7 113 51 82 119 147 33 55 111 73 58 83 128 63 96 120 137 86 74 102 118 92 72 17 13 69 108 0 89 8 135 75 103 131 59 122 136 28 129 144 105 3 138 49 23 9 62 29 41 20 6 1 100 91 31 134 52 10 104 143 66 148 90 149 70 11 76 95 126 116 40 130 107 98],[83 62 114 18 57 64 50 104 102 5 29 26 82 122 98 24 146 30 124 47 46 115 75 143 103 81 112 60 108 110 131 92 53 87 140 127 109 36 145 63 129 67 123 45 120 72 91 113 73 12 21 74 137 141 118 147 125 68 41 17 52 132 130 15 88 86 136 38 119 23 20 70 1 8 90 3 96 89 148 25 59 65 121 99 55 94 126 135 19 95 76 56 48 101 138 133 34 71 28 111 31 77 40 79 128 93 35 7 13 32 39 11 105 97 33 142 149 27 116 6 66 100 107 80 106 69 4 0 54 2 117 51 9 84 78 14 22 61 42 43 37 134 44 58 144 139 49 85 16 10],498896643,661052138
randomWalk/tai150b,5,652683126,2194635,2194635,1032167200,[131 72 95 102 14 65 111 36 59 115 85 12 25 118 106 74 125 55 138 107 28 100 140 148 143 122 145 93 1 15 89 37 46 31 29 19 73 61 58 32 11 54 26 66 126 8 18 128 86 88 23 98 5 129 142 62 144 92 50 52 69 135 71 70 108 45 33 112 117 87 56 64 9 127 94 137 13 40 114 43 110 44 76 21 146 90 30 27 3 77 97 141 60 109 17 24 123 103 47 121 68 2 42 81 139 133 78 99 22 20 10 51 96 39 6 136 34 41 80 7 134 116 53 38 79 124 75 82 4 91 130 63 120 84 104 132 67 119 101 48 49 83 0 57 35 147 105 113 149 16],[83 62 114 18 57 64 50 104 102 5 29 26 82 122 98 24 146 30 124 47 46 115 75 143 103 81 112 60 108 110 131 92 53 87 140 127 109 36 145 63 129 67 123 45 120 72 91 113 73 12 21 74 137 141 118 147 125 68 41 17 52 132 130 15 88 86 136 38 119 23 20 70 1 8 90 3 96 89 148 25 59 65 121 99 55 94 126 135 19 95 76 56 48 101 138 133 34 71 28 111 31 77 40 79 128 93 35 7 13 32 39 11 105 97 33 142 149 27 116 6 66 100 107 80 106 69 4 0 54 2 117 51 9 84 78 14 22 61 42 43 37 134 44 58 144 139 49 85 16 10],498896643,661052138
heuristic/tai150b,5,620457677,0,0,0,[110 24 46 87 71 16 146 140 144 126 56 85 70 64 35 18 134 98 145 38 11 148 127 105 114 19 45 51 3 49 119 62 122 15 59 149 142 131 4 101 67 128 93 0 129 34 17 109 61 40 147 22 111 69 12 21 90 138 135 94 92 125 76 104 123 41 141 26 136 2 103 39 52 33 60 116 29 113 78 74 27 81 8 65 50 48 89 95 121 53 102 47 75 107 42 112 9 120 63 72 124 99 84 5 77 108 57 30 28 32 73 132 25 86 23 68 96 139 7 88 43 100 130 118 54 83 36 117 66 91 79 14 13 37 97 31 80 143 1 20 137 44 106 133 6 115 55 58 82 10],[83 62 114 18 57 64 50 104 102 5 29 26 82 122 98 24 146 30 124 47 46 115 75 143 103 81 112 60 108 110 131 92 53 87 140 127 109 36 145 63 129 67 123 45 120 72 91 113 73 12 21 74 137 141 118 147 125 68 41 17 52 132 130 15 88 86 136 38 119 23 20 70 1 8 90 3 96 89 148 25 59 65 121 99 55 94 126 135 19 95 76 56 48 101 138 133 34 71 28 111 31 77 40 79 128 93 35 7 13 32 39 11 105 97 33 142 149 27 116 6 66 100 107 80 106 69 4 0 54 2 117 51 9 84 78 14 22 61 42 43 37 134 44 58 144 139 49 85 16 10],498896643,661052138
greedy/tai150b,6,510501743,1451,196820,92839300,[29 18 89 83 95 46 126 53 4 44 146 13 62 85 67 76 35 87 14 110 15 136 115 20 10 132 112 61 6 33 91 69 38 8 90 139 52 128 119 86 130 105 17 80 22 97 107 28 9 66 137 125 117 51 129 124 42 63 11 39 43 106 60 65 100 25 135 47 116 81 45 148 133 19 94 92 64 71 109 118 32 102 79 145 134 78 113 74 31 108 143 140 48 12 54 21 72 40 123 147 127 84 2 36 88 73 70 144 101 16 1 56 3 55 49 41 23 58 121 96 0 37 120 93 99 141 5 27 138 59 82 111 142 77 7 103 149 131 68 34 75 98 104 114 24 26 30 57 50 122],[83 62 114 18 57 64 50 104 102 5 29 26 82 122 98 24 146 30 124 47 46 115 75 143 103 81 112 60 108 110 131 92 53 87 140 127 109 36 145 63 129 67 123 45 120 72 91 113 73 12 21 74 137 141 118 147 125 68 41 17 52 132 130 15 88 86 136 38 119 23 20 70 1 8 90 3 96 89 148 25 59 65 121 99 55 94 126 135 19 95 76 56 48 101 138 133 34 71 28 111 31 77 40 79 128 93 35 7 13 32 39 11 105 97 33 142 149 27 116 6 66 100 107 80 106 69 4 0 54 2 117 51 9 84 78 14 22 61 42 43 37 134 44 58 144 139 49 85 16 10],498896643,641969077
steepest/tai150b,6,516464167,228,2559075,1024896200,[68 131 35 27 6 10 32 128 119 31 140 113 133 87 39 13 8 105 15 46 29 139 43 38 67 132 20 17 4 130 53 36 50 33 90 91 129 2 123 52 115 14 127 88 1 137 58 60 101 117 103 75 28 93 21 0 125 142 45 9 83 144 74 25 100 96 135 94 138 18 42 65 23 126 49 62 146 108 124 143 116 121 85 112 16 44 89 84 47 80 110 70 97 145 22 69 109 136 12 86 40 34 11 61 120 149 41 114 77 71 147 82 141 7 73 148 81 51 98 55 5 99 37 95 92 111 106 59 107 118 79 66 48 72 76 26 54 3 102 78 63 56 30 57 122 19 24 134 64 104],[83 62 114 18 57 64 50 104 102 5 29 26 82 122 98 24 146 30 124 47 46 115 75 143 103 81 112 60 108 110 131 92 53 87 140 127 109 36 145 63 129 67 123 45 120 72 91 113 73 12 21 74 137 141 118 147 125 68 41 17 52 132 130 15 88 86 136 38 119 23 20 70 1 8 90 3 96 89 148 25 59 65 121 99 55 94 126 135 19 95 76 56 48 101 138 133 34 71 28 111 31 77 40 79 128 93 35 7 13 32 39 11 105 97 33 142 149 27 116 6 66 100 107 80 106 69 4 0 54 2 117 51 9 84 78 14 22 61 42 43 37 134 44 58 144 139 49 85 16 10],498896643,641969077
random/tai150b,6,620442838,56306,56306,1027404300,[82 91 25 92 56 40 64 132 35 18 63 116 111 38 87 99 24 4 57 144 31 138 126 115 2 148 27 43 23 122 125 22 117 0 140 59 15 14 13 61 51 30 46 42 141 10 37 113 95 77 49 71 8 9 106 97 93 90 109 103 68 11 53 5 94 88 112 129 76 65 96 69 149 1 21 58 100 20 19 84 26 146 108 118 66 127 128 72 85 142 143 67 135 86 121 39 107 52 102 3 32 17 47 147 133 45 41 60 104 81 36 73 110 28 101 44 29 114 55 78 54 70 6 136 16 12 124 75 105 123 139 98 74 134 120 145 7 130 48 137 50 80 89 131 62 119 79 83 33 34],[83 62 114 18 57 64 50 104 102 5 29 26 82 122 98 24 146 30 124 47 46 115 75 143 103 81 112 60 108 110 131 92 53 87 140 127 109 36 145 63 129 67 123 45 120 72 91 113 73 12 21 74 137 141 118 147 125 68 41 17 52 132 130 15 88 86 136 38 119 23 20 70 1 8 90 3 96 89 148 25 59 65 121 99 55 94 126 135 19 95 76 56 48 101 138 133 34 71 28 111 31 77 40 79 128 93 35 7 13 32 39 11 105 97 33 142 149 27 116 6 66 100 107 80 106 69 4 0 54 2 117 51 9 84 78 14 22 61 42 43 37 134 44 58 144 139 49 85 16 10],498896643,641969077
randomWalk/tai150b,6,650696338,2219249,2219249,1025999900,[24 69 38 49 8 117 94 74 66 43 109 28 35 79 55 140 130 111 53 123 0 120 14 26 129 141 144 96 12 97 4 135 127 76 124 90 36 40 110 85 7 87 25 20 63 13 47 147 16 108 145 119 54 105 83 118 60 148 58 102 6 101 134 122 30 143 39 41 107 37 149 100 21 114 61 5 56 46 128 44 17 142 51 82 32 59 136 57 112 68 98 104 89 10 81 106 113 3 73 116 27 88 125 133 23 99 48 9 22 131 52 115 138 31 29 11 2 50 86 62 45 137 91 103 65 80 146 132 121 77 92 33 34 93 18 42 84 15 75 72 19 78 67 1 95 64 70 139 126 71],[83 62 114 18 57 64 50 104 102 5 29 26 82 122 98 24 146 30 124 47 46 115 75 143 103 81 112 60 108 110 131 92 53 87 140 127 109 36 145 63 129 67 123 45 120 72 91 113 73 12 21 74 137 141 118 147 125 68 41 17 52 132 130 15 88 86 136 38 119 23 20 70 1 8 90 3 96 89 148 25 59 65 121 99 55 94 126 135 19 95 76 56 48 101 138 133 34 71 28 111 31 77 40 79 128 93 35 7 13 32 39 11 105 97 33 142 149 27 116 6 66 100 107 80 106 69 4 0 54 2 117 51 9 84 78 14 22 61 42 43 37 134 44 58 144 139 49 85 16 10],498896643,641969077
heuristic/tai150b,6,620457677,0,0,0,[110 24 46 87 71 16 146 140 144 126 56 85 70 64 35 18 134 98 145 38 11 148 127 105 114 19 45 51 3 49 119 62 122 15 59 149 142 131 4 101 67 128 93 0 129 34 17 109 61 40 147 22 111 69 12 21 90 138 135 94 92 125 76 104 123 41 141 26 136 2 103 39 52 33 60 116 29 113 78 74 27 81 8 65 50 48 89 95 121 53 102 47 75 107 42 112 9 120 63 72 124 99 84 5 77 108 57 30 28 32 73 132 25 86 23 68 96 139 7 88 43 100 130 118 54 83 36 117 66 91 79 14 13 37 97 31 80 143 1 20 137 44 106 133 6 115 55 58 82 10],[83 62 114 18 57 64 50 104 102 5 29 26 82 122 98 24 146 30 124 47 46 115 75 143 103 81 112 60 108 110 131 92 53 87 140 127 109 36 145 63 129 67 123 45 120 72 91 113 73 12 21 74 137 141 118 147 125 68 41 17 52 132 130 15 88 86 136 38 119 23 20 70 1 8 90 3 96 89 148 25 59 65 121 99 55 94 126 135 19 95 76 56 48 101 138 133 34 71 28 111 31 77 40 79 128 93 35 7 13 32 39 11 105 97 33 142 149 27 116 6 66 100 107 80 106 69 4 0 54 2 117 51 9 84 78 14 22 61 42 43 37 134 44 58 144 139 49 85 16 10],498896643,641969077
greedy/tai150b,7,514591879,1638,322169,128885500,[101 124 16 89 121 70 144 139 49 137 134 123 86 30 23 96 47 2 105 6 44 80 52 13 38 8 136 17 15 128 119 20 85 133 83 10 117 140 61 132 116 39 14 34 106 147 40 118 79 107 138 0 78 111 51 63 100 104 65 125 3 33 77 142 67 149 93 48 66 7 90 11 87 64 103 24 29 110 112 27 115 81 50 1 146 114 46 60 41 19 88 55 84 97 75 42 135 69 74 43 9 120 94 22 62 148 73 113 95 35 58 32 12 25 91 45 126 31 141 71 54 4 145 5 72 109 36 76 129 92 131 68 143 127 26 59 99 28 37 21 130 53 82 102 108 18 57 98 56 122],[83 62 114 18 57 64 50 104 102 5 29 26 82 122 98 24 146 30 124 47 46 115 75 143 103 81 112 60 108 110 131 92 53 87 140 127 109 36 145 63 129 67 123 45 120 72 91 113 73 12 21 74 137 141 118 147 125 68 41 17 52 132 130 15 88 86 136 38 119 23 20 70 1 8 90 3 96 89 148 25 59 65 121 99 55 94 126 135 19 95 76 56 48 101 138 133 34 71 28 111 31 77 40 79 128 93 35 7 13 32 39 11 105 97 33 142 149 27 116 6 66 100 107 80 106 69 4 0 54 2 117 51 9 84 78 14 22 61 42 43 37 134 44 58 144 139 49 85 16 10],498896643,655637021
steepest/tai150b,7,513036953,246,2760225,1104753500,[27 24 50 133 47 140 146 53 51 112 46 13 36 89 126 39 87 67 6 110 29 115 52 61 75 95 63 147 116 31 62 14 44 64 123 106 119 30 45 132 80 43 104 40 105 138 109 111 79 90 42 118 77 120 136 34 66 12 130 68 107 92 148 65 3 18 122 25 117 56 54 96 121 19 99 93 71 15 33 124 91 82 32 20 35 73 108 142 85 83 38 98 72 97 127 74 129 125 128 48 69 21 4 145 22 78 70 134 139 144 84 16 113 100 86 10 2 137 8 49 114 141 81 76 131 26 60 41 37 1 103 17 5 59 94 0 55 88 135 9 143 7 149 102 23 101 28 57 58 11],[83 62 114 18 57 64 50 104 102 5 29 26 82 122 98 24 146 30 124 47 46 115 75 143 103 81 112 60 108 110 131 92 53 87 140 127 109 36 145 63 129 67 123 45 120 72 91 113 73 12 21 74 137 141 118 147 125 68 41 17 52 132 130 15 88 86 136 38 119 23 20 70 1 8 90 3 96 89 148 25 59 65 121 99 55 94 126 135 19 95 76 56 48 101 138 133 34 71 28 111 31 77 40 79 128 93 35 7 13 32 39 11 105 97 33 142 149 27 116 6 66 100 107 80 106 69 4 0 54 2 117 51 9 84 78 14 22 61 42 43 37 134 44 58 144 139 49 85 16 10],498896643,655637021
random/tai150b,7,619117962,56142,56142,1105627700,[94 64 79 102 80 26 99 85 122 112 61 127 78 44 3 30 84 92 146 60 58 135 24 50 33 76 149 108 41 100 89 144 59 136 55 128 14 133 138 65 134 111 114 96 42 35 117 15 97 116 124 47 147 0 7 106 91 16 109 36 145 141 8 81 40 62 69 27 83 39 120 113 107 82 137 56 31 25 73 2 68 45 29 54 98 28 125 95 148 121 51 43 10 49 57 72 66 77 32 119 88 103 11 90 105 129 23 1 52 74 71 20 115 18 17 104 131 53 70 9 21 93 130 63 6 123 110 19 48 67 126 12 46 34 37 86 101 118 142 13 140 143 22 4 38 87 75 132 139 5],[83 62 114 18 57 64 50 104 102 5 29 26 82 122 98 24 146 30 124 47 46 115 75 143 103 81 112 60 108 110 131 92 53 87 140 127 109 36 145 63 129 67 123 45 120 72 91 113 73 12 21 74 137 141 118 147 125 68 41 17 52 132 130 15 88 86 136 38 119 23 20 70 1 8 90 3 96 89 148 25 59 65 121 99 55 94 126 135 19 95 76 56 48 101 138 133 34 71 28 111 31 77 40 79 128 93 35 7 13 32 39 11 105 97 33 142 149 27 116 6 66 100 107 80 106 69 4 0 54 2 117 51 9 84 78 14 22 61 42 43 37 134 44 58 144 139 49 85 16 10],498896643,655637021
randomWalk/tai150b,7,653228503,2441701,2441701,1113229200,[141 49 21 89 38 94 8 87 126 82 122 73 10 145 128 31 62 37 68 74 140 85 97 142 48 23 130 91 117 79 123 92 136 111 90 110 80 65 43 17 121 132 0 11 109 55 44 47 99 76 3 25 146 144 124 18 5 27 12 39 60 81 139 28 13 64 106 6 149 116 86 108 105 57 118 77 26 101 96 83 20 78 127 120 63 30 50 69 4 131 35 72 58 16 22 119 125 1 45 67 98 66 115 135 41 129 19 52 2 84 113 34 70 103 143 93 46 7 71 95 36 51 137 53 61 134 104 75 147 148 29 14 88 133 40 32 54 112 42 100 56 102 15 107 24 9 114 138 59 33],[83 62 114 18 57 64 50 104 102 5 29 26 82 122 98 24 146 30 124 47 46 115 75 143 103 81 112 60 108 110 131 92 53 87 140 127 109 36 145 63 129 67 123 45 120 72 91 113 73 12 21 74 137 141 118 147 125 68 41 17 52 132 130 15 88 86 136 38 119 23 20 70 1 8 90 3 96 89 148 25 59 65 121 99 55 94 126 135 19 95 76 56 48 101 138 133 34 71 28 111 31 77 40 79 128 93 35 7 13 32 39 11 105 97 33 142 149 27 116 6 66 100 107 80 106 69 4 0 54 2 117 51 9 84 78 14 22 61 42 43 37 134 44 58 144 139 49 85 16 10],498896643,655637021
heuristic/tai150b,7,620457677,0,0,0,[110 24 46 87 71 16 146 140 144 126 56 85 70 64 35 18 134 98 145 38 11 148 127 105 114 19 45 51 3 49 119 62 122 15 59 149 142 131 4 101 67 128 93 0 129 34 17 109 61 40 147 22 111 69 12 21 90 138 135 94 92 125 76 104 123 41 141 26 136 2 103 39 52 33 60 116 29 113 78 74 27 81 8 65 50 48 89 95 121 53 102 47 75 107 42 112 9 120 63 72 124 99 84 5 77 108 57 30 28 32 73 132 25 86 23 68 96 139 7 88 43 100 130 118 54 83 36 117 66 91 79 14 13 37 97 31 80 143 1 20 137 44 106 133 6 115 55 58 82 10],[83 62 114 18 57 64 50 104 102 5 29 26 82 122 98 24 146 30 124 47 46 115 75 143 103 81 112 60 108 110 131 92 53 87 140 127 109 36 145 63 129 67 123 45 120 72 91 113 73 12 21 74 137 141 118 147 125 68 41 17 52 132 130 15 88 86 136 38 119 23 20 70 1 8 90 3 96 89 148 25 59 65 121 99 55 94 126 135 19 95 76 56 48 101 138 133 34 71 28 111 31 77 40 79 128 93 35 7 13 32 39 11 105 97 33 142 149 27 116 6 66 100 107 80 106 69 4 0 54 2 117 51 9 84 78 14 22 61 42 43 37 134 44 58 144 139 49 85 16 10],498896643,655637021
greedy/tai150b,8,513550692,1509,382182,146890700,[144 23 55 91 73 82 140 41 148 65 126 133 32 35 51 39 98 50 83 114 29 89 147 74 76 71 111 120 85 138 81 77 18 108 118 124 145 53 67 121 13 87 102 1 78 143 106 80 107 122 92 3 109 9 141 45 5 42 60 68 112 21 48 101 66 149 11 137 72 7 54 24 88 46 135 2 132 52 17 20 100 136 10 90 70 15 14 69 38 4 25 8 99 63 125 31 0 79 103 36 94 34 110 33 115 26 64 30 131 134 123 146 59 105 104 57 47 129 128 27 127 37 43 84 40 93 61 119 117 142 116 97 12 22 130 86 6 95 28 75 113 19 96 58 49 62 44 56 16 139],[83 62 114 18 57 64 50 104 102 5 29 26 82 122 98 24 146 30 124 47 46 115 75 143 103 81 112 60 108 110 131 92 53 87 140 127 109 36 145 63 129 67 123 45 120 72 91 113 73 12 21 74 137 141 118 147 125 68 41 17 52 132 130 15 88 86 136 38 119 23 20 70 1 8 90 3 96 89 148 25 59 65 121 99 55 94 126 135 19 95 76 56 48 101 138 133 34 71 28 111 31 77 40 79 128 93 35 7 13 32 39 11 105 97 33 142 149 27 116 6 66 100 107 80 106 69 4 0 54 2 117 51 9 84 78 14 22 61 42 43 37 134 44 58 144 139 49 85 16 10],498896643,645830633
steepest/tai150b,8,512149664,217,2436150,968274200,[46 47 126 53 29 102 140 76 78 110 89 83 4 95 146 50 98 85 39 55 82 145 11 136 114 71 51 9 101 94 41 67 73 35 92 113 109 13 141 108 103 87 32 40 63 37 88 42 127 60 74 135 99 104 69 1 26 0 34 25 111 123 84 2 118 64 137 97 54 30 72 18 66 48 79 6 58 116 10 31 61 57 38 14 8 24 23 15 44 62 132 70 112 81 115 143 147 5 122 75 100 36 129 59 131 120 77 93 33 121 138 7 107 128 142 106 27 124 68 149 52 22 20 12 3 21 80 133 105 117 148 45 43 17 130 65 28 119 125 90 91 134 139 96 144 86 49 16 56 19],[83 62 114 18 57 64 50 104 102 5 29 26 82 122 98 24 146 30 124 47 46 115 75 143 103 81 112 60 108 110 131 92 53 87 140 127 109 36 145 63 129 67 123 45 120 72 91 113 73 12 21 74 137 141 118 147 125 68 41 17 52 132 130 15 88 86 136 38 119 23 20 70 1 8 90 3 96 89 148 25 59 65 121 99 55 94 126 135 19 95 76 56 48 101 138 133 34 71 28 111 31 77 40 79 128 93 35 7 13 32 39 11 105 97 33 142 149 27 116 6 66 100 107 80 106 69 4 0 54 2 117 51 9 84 78 14 22 61 42 43 37 134 44 58 144 139 49 85 16 10],498896643,645830633
random/tai150b,8,623694646,52918,52918,968514900,[142 68 113 82 12 37 32 9 139 55 124 101 2 43 81 80 30 107 92 58 60 25 134 71 46 63 70 39 78 10 34 130 86 64 129 36 144 84 110 95 48 3 125 4 29 18 31 52 90 59 136 69 148 143 149 97 54 26 5 14 74 105 53 126 50 76 135 147 16 42 141 13 57 0 128 127 87 56 112 17 133 94 8 102 122 33 109 108 119 116 6 145 49 131 111 21 11 40 140 22 41 75 114 65 1 35 132 19 96 118 103 23 138 44 123 137 117 73 121 115 20 51 24 83 88 106 38 62 27 45 66 15 47 28 146 98 85 67 120 104 79 99 77 72 7 91 93 100 89 61],[83 62 114 18 57 64 50 104 102 5 29 26 82 122 98 24 146 30 124 47 46 115 75 143 103 81 112 60 108 110 131 92 53 87 140 127 109 36 145 63 129 67 123 45 120 72 91 113 73 12 21 74 137 141 118 147 125 68 41 17 52 132 130 15 88 86 136 38 119 23 20 70 1 8 90 3 96 89 148 25 59 65 121 99 55 94 126 135 19 95 76 56 48 101 138 133 34 71 28 111 31 77 40 79 128 93 35 7 13 32 39 11 105 97 33 142 149 27 116 6 66 100 107 80 106 69 4 0 54 2 117 51 9 84 78 14 22 61 42 43 37 134 44 58 144 139 49 85 16 10],498896643,645830633
randomWalk/tai150b,8,654806332,2209042,2209042,971804500,[118 74 60 75 116 110 108 7 37 137 92 97 122 88 8 47 119 20 53 52 25 66 36 13 43 76 79 128 135 117 58 109 126 1 50 39 120 55 104 77 49 3 22 72 81 64 59 35 147 85 5 124 40 28 93 134 131 87 21 16 2 0 144 89 38 65 95 26 142 51 136 70 111 84 83 12 96 4 82 63 138 141 17 15 31 29 86 129 45 9 10 18 105 148 41 23 90 130 140 46 91 6 61 149 68 32 114 102 78 24 112 80 146 115 98 123 44 113 103 99 48 27 143 62 139 133 106 57 19 14 73 67 145 121 30 94 33 42 11 132 34 69 101 54 125 107 100 71 127 56],[83 62 114 18 57 64 50 104 102 5 29 26 82 122 98 24 146 30 124 47 46 115 75 143 103 81 112 60 108 110 131 92 53 87 140 127 109 36 145 63 129 67 123 45 120 72 91 113 73 12 21 74 137 141 118 147 125 68 41 17 52 132 130 15 88 86 136 38 119 23 20 70 1 8 90 3 96 89 148 25 59 65 121 99 55 94 126 135 19 95 76 56 48 101 138 133 34 71 28 111 31 77 40 79 128 93 35 7 13 32 39 11 105 97 33 142 149 27 116 6 66 100 107 80 106 69 4 0 54 2 117 51 9 84 78 14 22 61 42 43 37 134 44 58 144 139 49 85 16 10],498896643,645830633
heuristic/tai150b,8,620457677,0,0,0,[110 24 46 87 71 16 146 140 144 126 56 85 70 64 35 18 134 98 145 38 11 148 127 105 114 19 45 51 3 49 119 62 122 15 59 149 142 131 4 101 67 128 93 0 129 34 17 109 61 40 147 22 111 69 12 21 90 138 135 94 92 125 76 104 123 41 141 26 136 2 103 39 52 33 60 116 29 113 78 74 27 81 8 65 50 48 89 95 121 53 102 47 75 107 42 112 9 120 63 72 124 99 84 5 77 108 57 30 28 32 73 132 25 86 23 68 96 139 7 88 43 100 130 118 54 83 36 117 66 91 79 14 13 37 97 31 80 143 1 20 137 44 106 133 6 115 55 58 82 10],[83 62 114 18 57 64 50 104 102 5 29 26 82 122 98 24 146 30 124 47 46 115 75 143 103 81 112 60 108 110 131 92 53 87 140 127 109 36 145 63 129 67 123 45 120 72 91 113 73 12 21 74 137 141 118 147 125 68 41 17 52 132 130 15 88 86 136 38 119 23 20 70 1 8 90 3 96 89 148 25 59 65 121 99 55 94 126 135 19 95 76 56 48 101 138 133 34 71 28 111 31 77 40 79 128 93 35 7 13 32 39 11 105 97 33 142 149 27 116 6 66 100 107 80 106 69 4 0 54 2 117 51 9 84 78 14 22 61 42 43 37 134 44 58 144 139 49 85 16 10],498896643,645830633
greedy/tai150b,9,513841994,1643,470201,180103600,[53 115 134 31 59 85 30 76 135 149 140 7 26 57 89 79 94 126 95 62 3 137 37 83 23 68 86 9 49 78 44 61 144 16 141 77 84 2 10 22 4 70 113 13 120 106 42 67 100 34 142 75 87 97 0 74 116 104 117 40 111 6 136 139 119 82 130 12 25 98 69 35 15 71 20 112 146 108 92 110 102 65 18 5 46 64 122 148 50 114 143 29 80 107 103 43 1 45 93 109 125 138 121 99 51 132 58 41 14 11 90 32 147 91 101 48 55 66 39 73 88 36 123 129 21 28 60 118 72 81 63 124 127 131 52 133 38 17 33 145 54 8 47 19 105 128 27 56 96 24],[83 62 114 18 57 64 50 104 102 5 29 26 82 122 98 24 146 30 124 47 46 115 75 143 103 81 112 60 108 110 131 92 53 87 140 127 109 36 145 63 129 67 123 45 120 72 91 113 73 12 21 74 137 141 118 147 125 68 41 17 52 132 130 15 88 86 136 38 119 23 20 70 1 8 90 3 96 89 148 25 59 65 121 99 55 94 126 135 19 95 76 56 48 101 138 133 34 71 28 111 31 77 40 79 128 93 35 7 13 32 39 11 105 97 33 142 149 27 116 6 66 100 107 80 106 69 4 0 54 2 117 51 9 84 78 14 22 61 42 43 37 134 44 58 144 139 49 85 16 10],498896643,649179097
steepest/tai150b,9,517919768,200,2246175,931545600,[127 81 104 115 76 134 102 30 26 54 57 59 53 108 85 89 86 144 78 103 132 110 1 109 95 29 101 23 4 92 114 9 50 87 94 141 34 113 14 107 2 10 106 42 66 80 90 147 100 44 84 22 61 48 5 122 43 112 51 138 45 52 97 25 111 65 148 128 82 133 130 140 119 39 74 72 64 131 60 129 68 24 7 124 46 149 27 88 47 123 137 146 75 3 49 142 0 99 93 62 83 67 69 135 55 73 8 126 136 32 121 35 13 91 116 6 70 41 38 15 77 58 120 145 17 40 21 71 117 63 31 125 36 143 11 12 118 105 79 20 37 18 139 16 98 28 19 96 56 33],[83 62 114 18 57 64 50 104 102 5 29 26 82 122 98 24 146 30 124 47 46 115 75 143 103 81 112 60 108 110 131 92 53 87 140 127 109 36 145 63 129 67 123 45 120 72 91 113 73 12 21 74 137 141 118 147 125 68 41 17 52 132 130 15 88 86 136 38 119 23 20 70 1 8 90 3 96 89 148 25 59 65 121 99 55 94 126 135 19 95 76 56 48 101 138 133 34 71 28 111 31 77 40 79 128 93 35 7 13 32 39 11 105 97 33 142 149 27 116 6 66 100 107 80 106 69 4 0 54 2 117 51 9 84 78 14 22 61 42 43 37 134 44 58 144 139 49 85 16 10],498896643,649179097
random/tai150b,9,622133226,49357,49357,932484200,[116 73 68 93 145 50 65 124 57 140 29 97 34 4 39 21 15 31 42 117 64 86 80 28 38 25 144 82 24 44 56 84 100 148 91 45 54 85 19 48 72 71 142 114 130 66 101 27 6 67 20 127 7 14 70 118 112 69 17 120 89 138 131 143 18 63 149 119 110 96 74 62 83 79 40 35 11 30 81 139 87 32 61 122 16 55 128 10 146 126 132 76 137 125 98 109 37 43 105 106 8 123 95 136 51 52 1 47 33 77 9 60 23 41 88 133 99 129 26 59 2 36 141 121 13 115 49 102 92 94 78 0 107 5 75 46 113 22 3 90 58 134 104 53 135 111 103 12 147 108],[83 62 114 18 57 64 50 104 102 5 29 26 82 122 98 24 146 30 124 47 46 115 75 143 103 81 112 60 108 110 131 92 53 87 140 127 109 36 145 63 129 67 123 45 120 72 91 113 73 12 21 74 137 141 118 147 125 68 41 17 52 132 130 15 88 86 136 38 119 23 20 70 1 8 90 3 96 89 148 25 59 65 121 99 55 94 126 135 19 95 76 56 48 101 138 133 34 71 28 111 31 77 40 79 128 93 35 7 13 32 39 11 105 97 33 142 149 27 116 6 66 100 107 80 106 69 4 0 54 2 117 51 9 84 78 14 22 61 42 43 37 134 44 58 144 139 49 85 16 10],498896643,649179097
randomWalk/tai150b,9,654664004,1973626,1973626,932344600,[44 13 80 87 111 67 42 116 77 81 29 124 21 118 58 123 69 82 129 40 35 119 30 86 57 6 126 78 72 144 110 134 117 96 1 114 46 105 31 148 19 28 26 103 32 99 61 90 55 146 15 113 122 125 121 47 10 18 50 79 91 54 84 8 22 89 92 88 132 130 115 142 112 20 27 36 12 145 3 39 45 135 43 147 127 143 73 53 93 104 131 48 17 62 33 85 14 4 74 66 64 101 24 106 149 25 52 137 98 60 34 2 75 138 76 100 70 109 0 136 16 128 94 59 9 51 56 7 49 68 83 140 139 23 120 65 41 71 95 5 97 63 11 133 38 108 102 141 107 37],[83 62 114 18 57 64 50 104 102 5 29 26 82 122 98 24 146 30 124 47 46 115 75 143 103 81 112 60 108 110 131 92 53 87 140 127 109 36 145 63 129 67 123 45 120 72 91 113 73 12 21 74 137 141 118 147 125 68 41 17 52 132 130 15 88 86 136 38 119 23 20 70 1 8 90 3 96 89 148 25 59 65 121 99 55 94 126 135 19 95 76 56 48 101 138 133 34 71 28 111 31 77 40 79 128 93 35 7 13 32 39 11 105 97 33 142 149 27 116 6 66 100 107 80 106 69 4 0 54 2 117 51 9 84 78 14 22 61 42 43 37 134 44 58 144 139 49 85 16 10],498896643,649179097
heuristic/tai150b,9,620457677,0,0,0,[110 24 46 87 71 16 146 140 144 126 56 85 70 64 35 18 134 98 145 38 11 148 127 105 114 19 45 51 3 49 119 62 122 15 59 149 142 131 4 101 67 128 93 0 129 34 17 109 61 40 147 22 111 69 12 21 90 138 135 94 92 125 76 104 123 41 141 26 136 2 103 39 52 33 60 116 29 113 78 74 27 81 8 65 50 48 89 95 121 53 102 47 75 107 42 112 9 120 63 72 124 99 84 5 77 108 57 30 28 32 73 132 25 86 23 68 96 139 7 88 43 100 130 118 54 83 36 117 66 91 79 14 13 37 97 31 80 143 1 20 137 44 106 133 6 115 55 58 82 10],[83 62 114 18 57 64 50 104 102 5 29 26 82 122 98 24 146 30 124 47 46 115 75 143 103 81 112 60 108 110 131 92 53 87 140 127 109 36 145 63 129 67 123 45 120 72 91 113 73 12 21 74 137 141 118 147 125 68 41 17 52 132 130 15 88 86 136 38 119 23 20 70 1 8 90 3 96 89 148 25 59 65 121 99 55 94 126 135 19 95 76 56 48 101 138 133 34 71 28 111 31 77 40 79 128 93 35 7 13 32 39 11 105 97 33 142 149 27 116 6 66 100 107 80 106 69 4 0 54 2 117 51 9 84 78 14 22 61 42 43 37 134 44 58 144 139 49 85 16 10],498896643,649179097
greedy/tai150b,10,512730191,1677,481749,198274400,[25 135 146 49 55 134 85 58 0 102 16 78 101 108 62 41 29 44 50 86 88 112 136 51 124 46 61 9 60 81 23 130 1 107 80 106 13 34 6 110 116 87 121 12 22 139 67 120 21 36 138 103 127 63 69 109 33 83 84 125 45 105 4 113 90 10 77 132 52 35 147 8 14 70 100 148 140 73 94 141 95 28 65 37 18 133 126 31 98 71 39 82 40 97 145 20 143 17 42 75 117 129 43 74 54 123 64 2 66 48 72 144 128 27 53 137 115 119 104 30 15 93 89 99 38 92 3 118 5 59 79 111 76 26 142 68 131 11 32 91 114 47 24 7 19 122 149 96 56 57],[83 62 114 18 57 64 50 104 102 5 29 26 82 122 98 24 146 30 124 47 46 115 75 143 103 81 112 60 108 110 131 92 53 87 140 127 109 36 145 63 129 67 123 45 120 72 91 113 73 12 21 74 137 141 118 147 125 68 41 17 52 132 130 15 88 86 136 38 119 23 20 70 1 8 90 3 96 89 148 25 59 65 121 99 55 94 126 135 19 95 76 56 48 101 138 133 34 71 28 111 31 77 40 79 128 93 35 7 13 32 39 11 105 97 33 142 149 27 116 6 66 100 107 80 106 69 4 0 54 2 117 51 9 84 78 14 22 61 42 43 37 134 44 58 144 139 49 85 16 10],498896643,656694480
steepest/tai150b,10,521310898,226,2536725,1219885800,[73 23 44 148 25 96 16 62 139 26 85 37 100 64 19 58 56 95 136 82 126 133 107 111 86 65 28 145 18 130 121 143 140 134 54 79 84 33 138 74 120 81 97 124 69 66 93 129 142 127 60 17 112 99 48 109 34 0 119 83 90 10 105 113 3 132 14 4 91 47 128 8 80 38 115 7 89 49 117 137 2 102 71 22 70 144 76 30 55 101 78 41 12 51 21 42 40 106 43 75 88 20 63 72 67 6 53 32 13 35 36 146 1 15 108 87 98 110 50 29 61 114 116 94 31 52 135 11 9 45 123 131 68 5 92 59 104 141 103 147 118 46 122 149 27 77 39 24 57 125],[83 62 114 18 57 64 50 104 102 5 29 26 82 122 98 24 146 30 124 47 46 115 75 143 103 81 112 60 108 110 131 92 53 87 140 127 109 36 145 63 129 67 123 45 120 72 91 113 73 12 21 74 137 141 118 147 125 68 41 17 52 132 130 15 88 86 136 38 119 23 20 70 1 8 90 3 96 89 148 25 59 65 121 99 55 94 126 135 19 95 76 56 48 101 138 133 34 71 28 111 31 77 40 79 128 93 35 7 13 32 39 11 105 97 33 142 149 27 116 6 66 100 107 80 106 69 4 0 54 2 117 51 9 84 78 14 22 61 42 43 37 134 44 58 144 139 49 85 16 10],498896643,656694480
random/tai150b,10,623729816,66051,66051,1220266200,[145 106 2 94 35 23 39 9 99 10 7 100 25 128 119 115 98 4 137 78 19 125 92 32 55 93 69 41 142 53 21 146 42 120 144 97 102 126 60 5 136 16 123 149 36 129 51 74 127 118 75 34 110 63 13 121 56 131 77 138 95 14 148 26 22 139 82 91 143 67 68 24 31 113 44 122 140 88 17 83 18 65 33 37 11 64 40 58 114 109 133 104 59 107 117 96 81 135 20 105 112 76 85 130 147 90 54 116 108 124 46 84 49 111 1 12 86 132 8 141 89 101 61 27 134 71 0 28 48 87 103 52 15 79 50 57 30 45 80 73 70 43 6 47 3 66 72 29 62 38],[83 62 114 18 57 64 50 104 102 5 29 26 82 122 98 24 146 30 124 47 46 115 75 143 103 81 112 60 108 110 131 92 53 87 140 127 109 36 145 63 129 67 123 45 120 72 91 113 73 12 21 74 137 141 118 147 125 68 41 17 52 132 130 15 88 86 136 38 119 23 20 70 1 8 90 3 96 89 148 25 59 65 121 99 55 94 126 135 19 95 76 56 48 101 138 133 34 71 28 111 31 77 40 79 128 93 35 7 13 32 39 11 105 97 33 142 149 27 116 6 66 100 107 80 106 69 4 0 54 2 117 51 9 84 78 14 22 61 42 43 37 134 44 58 144 139 49 85 16 10],498896643,656694480
randomWalk/tai150b,10,660399982,2495286,2495286,1220218300,[64 115 45 116 62 73 99 109 21 68 138 135 133 10 94 126 31 41 57 50 112 47 104 37 56 84 6 36 75 54 92 134 83 90 16 46 97 100 32 108 118 96 111 4 129 42 34 17 39 18 139 12 127 71 102 142 8 35 136 3 52 105 53 49 76 2 22 60 25 128 106 67 40 44 140 24 121 38 131 30 14 29 149 119 5 143 0 70 61 27 145 66 114 65 122 98 23 141 19 125 103 148 89 7 11 78 55 85 101 91 33 26 123 124 9 146 77 63 95 59 120 51 58 28 74 48 15 87 82 132 107 69 93 113 147 79 144 110 137 43 13 130 117 80 88 72 1 86 81 20],[83 62 114 18 57 64 50 104 102 5 29 26 82 122 98 24 146 30 124 47 46 115 75 143 103 81 112 60 108 110 131 92 53 87 140 127 109 36 145 63 129 67 123 45 120 72 91 113 73 12 21 74 137 141 118 147 125 68 41 17 52 132 130 15 88 86 136 38 119 23 20 70 1 8 90 3 96 89 148 25 59 65 121 99 55 94 126 135 19 95 76 56 48 101 138 133 34 71 28 111 31 77 40 79 128 93 35 7 13 32 39 11 105 97 33 142 149 27 116 6 66 100 107 80 106 69 4 0 54 2 117 51 9 84 78 14 22 61 42 43 37 134 44 58 144 139 49 85 16 10],498896643,656694480
heuristic/tai150b,10,620457677,0,0,0,[110 24 46 87 71 16 146 140 144 126 56 85 70 64 35 18 134 98 145 38 11 148 127 105 114 19 45 51 3 49 119 62 122 15 59 149 142 131 4 101 67 128 93 0 129 34 17 109 61 40 147 22 111 69 12 21 90 138 135 94 92 125 76 104 123 41 141 26 136 2 103 39 52 33 60 116 29 113 78 74 27 81 8 65 50 48 89 95 121 53 102 47 75 107 42 112 9 120 63 72 124 99 84 5 77 108 57 30 28 32 73 132 25 86 23 68 96 139 7 88 43 100 130 118 54 83 36 117 66 91 79 14 13 37 97 31 80 143 1 20 137 44 106 133 6 115 55 58 82 10],[83 62 114 18 57 64 50 104 102 5 29 26 82 122 98 24 146 30 124 47 46 115 75 143 103 81 112 60 108 110 131 92 53 87 140 127 109 36 145 63 129 67 123 45 120 72 91 113 73 12 21 74 137 141 118 147 125 68 41 17 52 132 130 15 88 86 136 38 119 23 20 70 1 8 90 3 96 89 148 25 59 65 121 99 55 94 126 135 19 95 76 56 48 101 138 133 34 71 28 111 31 77 40 79 128 93 35 7 13 32 39 11 105 97 33 142 149 27 116 6 66 100 107 80 106 69 4 0 54 2 117 51 9 84 78 14 22 61 42 43 37 134 44 58 144 139 49 85 16 10],498896643,656694480
greedy/tai150b,11,510324192,1437,290935,143191300,[41 100 64 48 112 140 146 102 72 124 46 66 60 18 31 65 126 108 76 3 30 54 143 59 26 133 106 111 104 57 79 107 134 96 62 121 37 95 131 68 47 89 80 45 142 99 21 116 34 0 117 61 78 127 94 1 109 74 67 136 4 113 13 6 93 32 7 15 130 35 86 10 119 70 40 39 29 19 88 43 24 51 82 27 98 55 81 148 114 122 25 50 103 75 36 63 145 110 135 141 5 129 28 92 137 44 16 53 115 56 84 144 125 22 85 2 87 123 139 49 97 83 138 12 149 9 120 17 42 90 33 20 69 147 91 38 52 23 14 77 118 132 73 105 128 11 58 8 71 101],[83 62 114 18 57 64 50 104 102 5 29 26 82 122 98 24 146 30 124 47 46 115 75 143 103 81 112 60 108 110 131 92 53 87 140 127 109 36 145 63 129 67 123 45 120 72 91 113 73 12 21 74 137 141 118 147 125 68 41 17 52 132 130 15 88 86 136 38 119 23 20 70 1 8 90 3 96 89 148 25 59 65 121 99 55 94 126 135 19 95 76 56 48 101 138 133 34 71 28 111 31 77 40 79 128 93 35 7 13 32 39 11 105 97 33 142 149 27 116 6 66 100 107 80 106 69 4 0 54 2 117 51 9 84 78 14 22 61 42 43 37 134 44 58 144 139 49 85 16 10],498896643,642211466
steepest/tai150b,11,516448927,186,2089725,817875600,[44 62 117 85 102 18 41 28 76 78 55 107 0 121 57 101 134 19 137 104 114 54 106 65 26 29 1 3 68 88 30 80 131 133 129 60 103 123 108 64 124 47 81 111 75 109 127 34 72 99 118 135 74 130 94 21 143 40 63 6 31 17 105 147 119 48 52 15 32 132 13 8 128 38 120 84 58 49 11 93 89 7 144 86 70 23 139 22 96 56 2 16 37 110 136 92 95 122 145 59 5 79 112 9 27 67 126 50 36 146 24 140 87 35 53 51 46 115 39 98 42 97 61 14 66 20 125 45 83 12 10 4 43 69 33 91 90 142 116 138 100 113 25 141 73 77 149 82 71 148],[83 62 114 18 57 64 50 104 102 5 29 26 82 122 98 24 146 30 124 47 46 115 75 143 103 81 112 60 108 110 131 92 53 87 140 127 109 36 145 63 129 67 123 45 120 72 91 113 73 12 21 74 137 141 118 147 125 68 41 17 52 132 130 15 88 86 136 38 119 23 20 70 1 8 90 3 96 89 148 25 59 65 121 99 55 94 126 135 19 95 76 56 48 101 138 133 34 71 28 111 31 77 40 79 128 93 35 7 13 32 39 11 105 97 33 142 149 27 116 6 66 100 107 80 106 69 4 0 54 2 117 51 9 84 78 14 22 61 42 43 37 134 44 58 144 139 49 85 16 10],498896643,642211466
random/tai150b,11,622542942,44812,44812,818721100,[51 107 146 4 53 59 47 76 122 48 64 58 126 67 113 74 114 112 10 32 23 105 6 57 37 89 65 28 11 133 9 135 30 80 124 109 46 121 83 136 78 87 123 60 69 116 111 7 137 31 34 40 100 118 63 73 39 134 66 45 26 72 52 145 71 120 143 95 56 82 103 142 96 132 1 94 61 127 125 50 5 81 38 20 115 131 117 99 147 29 42 36 22 70 49 2 8 15 140 130 41 77 86 79 14 110 98 44 3 138 62 90 33 144 139 119 12 84 16 25 102 91 55 13 101 54 19 92 129 27 24 68 35 141 97 43 106 17 75 148 18 85 128 108 93 88 0 21 149 104],[83 62 114 18 57 64 50 104 102 5 29 26 82 122 98 24 146 30 124 47 46 115 75 143 103 81 112 60 108 110 131 92 53 87 140 127 109 36 145 63 129 67 123 45 120 72 91 113 73 12 21 74 137 141 118 147 125 68 41 17 52 132 130 15 88 86 136 38 119 23 20 70 1 8 90 3 96 89 148 25 59 65 121 99 55 94 126 135 19 95 76 56 48 101 138 133 34 71 28 111 31 77 40 79 128 93 35 7 13 32 39 11 105 97 33 142 149 27 116 6 66 100 107 80 106 69 4 0 54 2 117 51 9 84 78 14 22 61 42 43 37 134 44 58 144 139 49 85 16 10],498896643,642211466
randomWalk/tai150b,11,651902533,1877348,1877348,818885100,[51 104 9 96 6 31 91 21 78 54 131 59 11 60 67 144 113 25 26 132 34 102 87 106 142 2 129 105 28 35 98 16 100 79 57 5 136 92 137 74 55 85 141 76 145 120 24 80 97 125 37 19 149 3 53 139 117 124 44 148 52 112 71 65 110 70 62 43 103 128 68 49 4 12 114 38 123 81 130 111 20 36 93 29 119 94 146 23 95 27 7 8 133 22 45 140 126 72 61 134 127 0 66 143 69 101 75 109 107 108 64 73 83 39 48 138 47 118 147 89 40 18 50 86 116 13 115 135 15 33 121 1 41 58 122 14 10 30 82 42 84 46 99 56 63 77 88 90 32 17],[83 62 114 18 57 64 50 104 102 5 29 26 82 122 98 24 146 30 124 47 46 115 75 143 103 81 112 60 108 110 131 92 53 87 140 127 109 36 145 63 129 67 123 45 120 72 91 113 73 12 21 74 137 141 118 147 125 68 41 17 52 132 130 15 88 86 136 38 119 23 20 70 1 8 90 3 96 89 148 25 59 65 121 99 55 94 126 135 19 95 76 56 48 101 138 133 34 71 28 111 31 77 40 79 128 93 35 7 13 32 39 11 105 97 33 142 149 27 116 6 66 100 107 80 106 69 4 0 54 2 117 51 9 84 78 14 22 61 42 43 37 134 44 58 144 139 49 85 16 10],498896643,642211466
heuristic/tai150b,11,620457677,0,0,0,[110 24 46 87 71 16 146 140 144 126 56 85 70 64 35 18 134 98 145 38 11 148 127 105 114 19 45 51 3 49 119 62 122 15 59 149 142 131 4 101 67 128 93 0 129 34 17 109 61 40 147 22 111 69 12 21 90 138 135 94 92 125 76 104 123 41 141 26 136 2 103 39 52 33 60 116 29 113 78 74 27 81 8 65 50 48 89 95 121 53 102 47 75 107 42 112 9 120 63 72 124 99 84 5 77 108 57 30 28 32 73 132 25 86 23 68 96 139 7 88 43 100 130 118 54 83 36 117 66 91 79 14 13 37 97 31 80 143 1 20 137 44 106 133 6 115 55 58 82 10],[83 62 114 18 57 64 50 104 102 5 29 26 82 122 98 24 146 30 124 47 46 115 75 143 103 81 112 60 108 110 131 92 53 87 140 127 109 36 145 63 129 67 123 45 120 72 91 113 73 12 21 74 137 141 118 147 125 68 41 17 52 132 130 15 88 86 136 38 119 23 20 70 1 8 90 3 96 89 148 25 59 65 121 99 55 94 126 135 19 95 76 56 48 101 138 133 34 71 28 111 31 77 40 79 128 93 35 7 13 32 39 11 105 97 33 142 149 27 116 6 66 100 107 80 106 69 4 0 54 2 117 51 9 84 78 14 22 61 42 43 37 134 44 58 144 139 49 85 16 10],498896643,642211466
greedy/tai150b,12,521617811,1534,330569,121687800,[24 68 140 11 31 35 79 126 6 105 134 128 27 10 32 113 56 8 49 132 110 93 40 119 142 29 38 116 78 130 86 101 92 18 120 138 37 141 109 97 95 77 28 12 99 43 103 21 5 25 111 100 148 75 61 88 90 0 122 115 147 114 108 30 137 64 102 82 123 48 129 98 118 71 72 3 16 44 1 84 62 23 70 22 144 47 149 80 96 58 139 7 19 73 42 39 65 91 133 17 14 69 136 117 20 36 81 33 13 74 52 87 125 145 63 127 143 45 53 67 60 51 54 9 26 112 83 4 94 2 106 107 66 135 131 50 59 124 104 34 15 46 121 89 76 41 55 85 146 57],[83 62 114 18 57 64 50 104 102 5 29 26 82 122 98 24 146 30 124 47 46 115 75 143 103 81 112 60 108 110 131 92 53 87 140 127 109 36 145 63 129 67 123 45 120 72 91 113 73 12 21 74 137 141 118 147 125 68 41 17 52 132 130 15 88 86 136 38 119 23 20 70 1 8 90 3 96 89 148 25 59 65 121 99 55 94 126 135 19 95 76 56 48 101 138 133 34 71 28 111 31 77 40 79 128 93 35 7 13 32 39 11 105 97 33 142 149 27 116 6 66 100 107 80 106 69 4 0 54 2 117 51 9 84 78 14 22 61 42 43 37 134 44 58 144 139 49 85 16 10],498896643,662420533
steepest/tai150b,12,516555493,206,2313225,869023600,[44 83 64 68 27 48 144 148 72 66 46 3 106 7 31 149 88 25 111 118 65 128 1 79 63 140 12 34 133 90 39 60 18 74 36 97 125 119 77 138 120 81 33 54 80 142 110 69 84 0 99 51 40 117 28 100 127 43 52 78 109 139 134 136 86 85 10 32 132 16 92 70 8 35 115 62 56 47 59 26 105 50 146 11 98 29 57 58 19 24 122 96 5 17 75 116 147 6 20 143 42 22 124 112 91 108 126 67 15 53 121 89 93 102 13 113 87 38 76 4 14 141 61 123 145 103 135 9 131 114 104 30 137 45 107 94 23 2 130 129 21 95 71 82 73 37 101 55 41 49],[83 62 114 18 57 64 50 104 102 5 29 26 82 122 98 24 146 30 124 47 46 115 75 143 103 81 112 60 108 110 131 92 53 87 140 127 109 36 145 63 129 67 123 45 120 72 91 113 73 12 21 74 137 141 118 147 125 68 41 17 52 132 130 15 88 86 136 38 119 23 20 70 1 8 90 3 96 89 148 25 59 65 121 99 55 94 126 135 19 95 76 56 48 101 138 133 34 71 28 111 31 77 40 79 128 93 35 7 13 32 39 11 105 97 33 142 149 27 116 6 66 100 107 80 106 69 4 0 54 2 117 51 9 84 78 14 22 61 42 43 37 134 44 58 144 139 49 85 16 10],498896643,662420533
random/tai150b,12,623168065,47235,47235,869636900,[113 15 52 51 60 97 84 68 29 50 128 106 96 88 79 43 122 110 26 121 99 44 41 148 87 117 3 112 10 56 127 119 66 100 17 42 54 25 123 7 14 143 36 64 116 111 58 5 82 124 139 32 63 135 71 46 45 78 107 104 108 53 109 70 115 38 47 11 24 144 18 30 12 118 136 75 131 4 138 142 91 74 13 31 80 2 137 83 20 149 93 98 33 22 6 8 72 90 55 145 9 130 69 76 49 120 92 40 86 133 19 21 73 34 57 129 59 132 134 28 94 146 140 65 16 37 23 1 141 89 101 0 103 39 95 62 35 61 114 27 85 125 77 105 67 48 81 102 126 147],[83 62 114 18 57 64 50 104 102 5 29 26 82 122 98 24 146 30 124 47 46 115 75 143 103 81 112 60 108 110 131 92 53 87 140 127 109 36 145 63 129 67 123 45 120 72 91 113 73 12 21 74 137 141 118 147 125 68 41 17 52 132 130 15 88 86 136 38 119 23 20 70 1 8 90 3 96 89 148 25 59 65 121 99 55 94 126 135 19 95 76 56 48 101 138 133 34 71 28 111 31 77 40 79 128 93 35 7 13 32 39 11 105 97 33 142 149 27 116 6 66 100 107 80 106 69 4 0 54 2 117 51 9 84 78 14 22 61 42 43 37 134 44 58 144 139 49 85 16 10],498896643,662420533
randomWalk/tai150b,12,640968509,1791396,1791396,879171200,[111 62 100 63 71 123 49 18 131 75 5 127 108 93 59 120 26 122 90 83 24 77 29 133 82 132 16 94 50 79 89 54 147 124 87 4 129 45 33 130 119 143 43 13 114 15 46 139 138 64 52 22 41 92 3 30 10 103 65 107 109 61 6 140 102 39 110 117 97 11 53 146 56 57 105 86 101 8 0 118 134 20 42 73 104 99 144 136 55 106 126 70 14 47 125 21 113 31 40 36 95 37 74 60 27 12 149 78 84 38 96 116 44 17 128 51 121 9 48 66 69 135 112 58 7 80 19 68 35 34 85 67 23 76 81 28 148 142 2 115 98 32 1 145 141 72 137 25 88 91],[83 62 114 18 57 64 50 104 102 5 29 26 82 122 98 24 146 30 124 47 46 115 75 143 103 81 112 60 108 110 131 92 53 87 140 127 109 36 145 63 129 67 123 45 120 72 91 113 73 12 21 74 137 141 118 147 125 68 41 17 52 132 130 15 88 86 136 38 119 23 20 70 1 8 90 3 96 89 148 25 59 65 121 99 55 94 126 135 19 95 76 56 48 101 138 133 34 71 28 111 31 77 40 79 128 93 35 7 13 32 39 11 105 97 33 142 149 27 116 6 66 100 107 80 106 69 4 0 54 2 117 51 9 84 78 14 22 61 42 43 37 134 44 58 144 139 49 85 16 10],498896643,662420533
heuristic/tai150b,12,620457677,0,0,0,[110 24 46 87 71 16 146 140 144 126 56 85 70 64 35 18 134 98 145 38 11 148 127 105 114 19 45 51 3 49 119 62 122 15 59 149 142 131 4 101 67 128 93 0 129 34 17 109 61 40 147 22 111 69 12 21 90 138 135 94 92 125 76 104 123 41 141 26 136 2 103 39 52 33 60 116 29 113 78 74 27 81 8 65 50 48 89 95 121 53 102 47 75 107 42 112 9 120 63 72 124 99 84 5 77 108 57 30 28 32 73 132 25 86 23 68 96 139 7 88 43 100 130 118 54 83 36 117 66 91 79 14 13 37 97 31 80 143 1 20 137 44 106 133 6 115 55 58 82 10],[83 62 114 18 57 64 50 104 102 5 29 26 82 122 98 24 146 30 124 47 46 115 75 143 103 81 112 60 108 110 131 92 53 87 140 127 109 36 145 63 129 67 123 45 120 72 91 113 73 12 21 74 137 141 118 147 125 68 41 17 52 132 130 15 88 86 136 38 119 23 20 70 1 8 90 3 96 89 148 25 59 65 121 99 55 94 126 135 19 95 76 56 48 101 138 133 34 71 28 111 31 77 40 79 128 93 35 7 13 32 39 11 105 97 33 142 149 27 116 6 66 100 107 80 106 69 4 0 54 2 117 51 9 84 78 14 22 61 42 43 37 134 44 58 144 139 49 85 16 10],498896643,662420533
greedy/tai150b,13,519122703,1430,406805,155945900,[81 60 48 95 104 70 30 98 37 124 64 112 114 26 82 131 46 89 148 39 55 90 17 91 12 71 52 43 66 45 73 20 41 132 125 142 77 7 68 144 3 93 149 76 40 62 2 111 22 21 116 28 69 4 123 99 83 42 80 106 0 1 113 94 141 6 103 108 107 32 34 35 87 58 102 138 65 29 118 36 51 53 18 145 56 96 133 74 126 50 67 140 115 14 75 117 129 137 61 72 31 101 10 127 119 136 146 44 15 16 54 85 130 13 49 86 139 84 134 121 25 23 135 5 109 9 63 128 120 110 143 79 59 33 38 92 105 78 11 97 147 57 19 122 27 8 100 24 47 88],[83 62 114 18 57 64 50 104 102 5 29 26 82 122 98 24 146 30 124 47 46 115 75 143 103 81 112 60 108 110 131 92 53 87 140 127 109 36 145 63 129 67 123 45 120 72 91 113 73 12 21 74 137 141 118 147 125 68 41 17 52 132 130 15 88 86 136 38 119 23 20 70 1 8 90 3 96 89 148 25 59 65 121 99 55 94 126 135 19 95 76 56 48 101 138 133 34 71 28 111 31 77 40 79 128 93 35 7 13 32 39 11 105 97 33 142 149 27 116 6 66 100 107 80 106 69 4 0 54 2 117 51 9 84 78 14 22 61 42 43 37 134 44 58 144 139 49 85 16 10],498896643,652723849
steepest/tai150b,13,515631560,197,2212650,915596500,[19 118 121 76 89 53 29 55 51 67 56 36 99 114 46 50 146 41 123 4 70 80 117 68 43 132 112 124 84 137 125 45 2 8 61 1 88 23 14 3 22 144 10 72 12 15 34 48 136 127 20 75 69 21 54 107 139 100 0 97 119 33 128 6 149 31 105 116 13 27 77 39 138 113 120 104 95 74 135 131 81 26 30 59 64 37 25 7 96 65 148 126 115 38 9 52 129 90 17 147 66 40 91 42 73 58 98 85 141 16 94 71 103 62 108 83 87 106 44 82 101 11 78 130 49 93 5 143 145 92 109 110 86 111 32 63 79 35 142 102 60 140 24 18 133 47 28 134 57 122],[83 62 114 18 57 64 50 104 102 5 29 26 82 122 98 24 146 30 124 47 46 115 75 143 103 81 112 60 108 110 131 92 53 87 140 127 109 36 145 63 129 67 123 45 120 72 91 113 73 12 21 74 137 141 118 147 125 68 41 17 52 132 130 15 88 86 136 38 119 23 20 70 1 8 90 3 96 89 148 25 59 65 121 99 55 94 126 135 19 95 76 56 48 101 138 133 34 71 28 111 31 77 40 79 128 93 35 7 13 32 39 11 105 97 33 142 149 27 116 6 66 100 107 80 106 69 4 0 54 2 117 51 9 84 78 14 22 61 42 43 37 134 44 58 144 139 49 85 16 10],498896643,652723849
random/tai150b,13,624903646,50722,50722,921073700,[52 113 45 110 11 102 40 122 16 106 35 139 78 9 60 103 23 73 28 51 98 50 27 18 48 39 92 141 44 61 134 65 12 125 85 42 34 145 43 121 2 81 36 57 6 109 107 74 10 124 142 21 84 144 99 135 72 114 116 87 0 108 20 88 126 31 30 119 54 41 86 147 128 130 66 140 70 143 136 32 19 68 56 138 93 82 146 22 69 55 49 4 62 1 24 75 47 83 91 8 104 97 29 5 80 77 37 111 132 95 67 64 15 58 26 71 53 100 94 63 137 149 38 96 127 59 13 120 33 148 7 25 115 76 14 129 90 17 123 101 79 118 112 117 3 105 133 131 89 46],[83 62 114 18 57 64 50 104 102 5 29 26 82 122 98 24 146 30 124 47 46 115 75 143 103 81 112 60 108 110 131 92 53 87 140 127 109 36 145 63 129 67 123 45 120 72 91 113 73 12 21 74 137 141 118 147 125 68 41 17 52 132 130 15 88 86 136 38 119 23 20 70 1 8 90 3 96 89 148 25 59 65 121 99 55 94 126 135 19 95 76 56 48 101 138 133 34 71 28 111 31 77 40 79 128 93 35 7 13 32 39 11 105 97 33 142 149 27 116 6 66 100 107 80 106 69 4 0 54 2 117 51 9 84 78 14 22 61 42 43 37 134 44 58 144 139 49 85 16 10],498896643,652723849
randomWalk/tai150b,13,651147112,2060828,2060828,923024200,[55 134 118 21 32 4 136 0 43 119 56 125 133 18 108 103 113 114 23 33 61 129 149 132 88 60 2 81 90 37 11 110 92 47 17 101 123 7 107 59 25 8 131 115 31 16 27 15 10 79 116 109 22 86 106 13 126 57 97 127 75 66 142 5 73 71 45 46 105 84 137 67 30 102 135 53 143 91 77 83 95 64 69 29 93 96 130 41 87 50 111 51 36 148 72 89 82 65 26 120 147 9 44 52 117 98 49 99 20 54 24 141 12 124 112 122 40 35 48 58 76 128 62 3 121 74 38 80 146 104 28 68 34 94 14 63 139 42 6 70 145 78 1 100 144 138 140 19 39 85],[83 62 114 18 57 64 50 104 102 5 29 26 82 122 98 24 146 30 124 47 46 115 75 143 103 81 112 60 108 110 131 92 53 87 140 127 109 36 145 63 129 67 123 45 120 72 91 113 73 12 21 74 137 141 118 147 125 68 41 17 52 132 130 15 88 86 136 38 119 23 20 70 1 8 90 3 96 89 148 25 59 65 121 99 55 94 126 135 19 95 76 56 48 101 138 133 34 71 28 111 31 77 40 79 128 93 35 7 13 32 39 11 105 97 33 142 149 27 116 6 66 100 107 80 106 69 4 0 54 2 117 51 9 84 78 14 22 61 42 43 37 134 44 58 144 139 49 85 16 10],498896643,652723849
heuristic/tai150b,13,620457677,0,0,0,[110 24 46 87 71 16 146 140 144 126 56 85 70 64 35 18 134 98 145 38 11 148 127 105 114 19 45 51 3 49 119 62 122 15 59 149 142 131 4 101 67 128 93 0 129 34 17 109 61 40 147 22 111 69 12 21 90 138 135 94 92 125 76 104 123 41 141 26 136 2 103 39 52 33 60 116 29 113 78 74 27 81 8 65 50 48 89 95 121 53 102 47 75 107 42 112 9 120 63 72 124 99 84 5 77 108 57 30 28 32 73 132 25 86 23 68 96 139 7 88 43 100 130 118 54 83 36 117 66 91 79 14 13 37 97 31 80 143 1 20 137 44 106 133 6 115 55 58 82 10],[83 62 114 18 57 64 50 104 102 5 29 26 82 122 98 24 146 30 124 47 46 115 75 143 103 81 112 60 108 110 131 92 53 87 140 127 109 36 145 63 129 67 123 45 120 72 91 113 73 12 21 74 137 141 118 147 125 68 41 17 52 132 130 15 88 86 136 38 119 23 20 70 1 8 90 3 96 89 148 25 59 65 121 99 55 94 126 135 19 95 76 56 48 101 138 133 34 71 28 111 31 77 40 79 128 93 35 7 13 32 39 11 105 97 33 142 149 27 116 6 66 100 107 80 106 69 4 0 54 2 117 51 9 84 78 14 22 61 42 43 37 134 44 58 144 139 49 85 16 10],498896643,652723849
greedy/tai150b,14,514361291,1382,266687,107923200,[11 38 128 86 44 32 70 27 121 93 8 13 136 10 105 85 35 134 80 47 87 77 125 91 116 73 84 83 39 79 113 94 141 98 103 106 111 71 45 138 43 82 120 100 55 20 67 9 36 69 48 21 66 41 1 72 3 142 145 112 118 143 110 65 74 18 28 126 60 29 63 50 133 140 88 2 139 23 0 22 132 15 119 130 49 6 96 58 7 144 149 16 40 147 61 90 62 52 12 14 34 42 51 107 127 123 64 104 129 30 33 81 75 95 115 37 131 124 26 114 137 102 101 78 117 108 25 135 17 5 148 68 109 92 76 59 4 99 31 54 97 46 57 24 19 122 53 56 146 89],[83 62 114 18 57 64 50 104 102 5 29 26 82 122 98 24 146 30 124 47 46 115 75 143 103 81 112 60 108 110 131 92 53 87 140 127 109 36 145 63 129 67 123 45 120 72 91 113 73 12 21 74 137 141 118 147 125 68 41 17 52 132 130 15 88 86 136 38 119 23 20 70 1 8 90 3 96 89 148 25 59 65 121 99 55 94 126 135 19 95 76 56 48 101 138 133 34 71 28 111 31 77 40 79 128 93 35 7 13 32 39 11 105 97 33 142 149 27 116 6 66 100 107 80 106 69 4 0 54 2 117 51 9 84 78 14 22 61 42 43 37 134 44 58 144 139 49 85 16 10],498896643,649275896
steepest/tai150b,14,516565844,229,2570250,992307500,[35 10 96 26 38 64 19 47 105 25 24 135 100 118 148 8 65 133 80 30 95 138 52 114 37 81 120 43 74 106 45 127 126 82 39 73 103 41 94 113 91 55 141 9 69 77 61 12 14 42 115 117 51 112 129 60 147 111 124 145 119 125 84 132 36 29 15 67 136 89 97 70 93 53 54 4 57 68 99 109 131 79 140 3 50 31 59 92 28 122 76 18 90 33 48 143 66 63 75 17 123 20 128 5 116 32 85 44 83 146 110 87 142 6 62 108 98 71 13 121 27 1 72 102 0 88 137 2 78 7 149 40 21 101 86 22 23 130 34 107 104 16 46 144 49 139 58 134 56 11],[83 62 114 18 57 64 50 104 102 5 29 26 82 122 98 24 146 30 124 47 46 115 75 143 103 81 112 60 108 110 131 92 53 87 140 127 109 36 145 63 129 67 123 45 120 72 91 113 73 12 21 74 137 141 118 147 125 68 41 17 52 132 130 15 88 86 136 38 119 23 20 70 1 8 90 3 96 89 148 25 59 65 121 99 55 94 126 135 19 95 76 56 48 101 138 133 34 71 28 111 31 77 40 79 128 93 35 7 13 32 39 11 105 97 33 142 149 27 116 6 66 100 107 80 106 69 4 0 54 2 117 51 9 84 78 14 22 61 42 43 37 134 44 58 144 139 49 85 16 10],498896643,649275896
random/tai150b,14,622317863,49662,49662,995365800,[132 18 134 137 149 110 14 101 136 117 126 107 7 95 141 46 3 121 49 78 51 68 92 57 24 81 45 42 142 79 144 2 135 30 44 80 120 145 61 147 54 9 22 63 138 84 143 76 52 26 131 64 10 73 97 130 86 29 116 21 115 98 88 100 48 38 1 109 127 4 47 65 53 41 123 133 74 96 118 148 15 140 106 112 5 19 71 77 55 60 11 113 119 27 36 114 91 102 62 125 16 31 67 0 66 58 6 105 82 108 35 32 43 85 111 56 146 33 37 94 40 50 39 103 20 28 59 129 25 93 139 83 72 12 128 17 99 8 122 69 87 89 23 90 34 70 75 124 104 13],[83 62 114 18 57 64 50 104 102 5 29 26 82 122 98 24 146 30 124 47 46 115 75 143 103 81 112 60 108 110 131 92 53 87 140 127 109 36 145 63 129 67 123 45 120 72 91 113 73 12 21 74 137 141 118 147 125 68 41 17 52 132 130 15 88 86 136 38 119 23 20 70 1 8 90 3 96 89 148 25 59 65 121 99 55 94 126 135 19 95 76 56 48 101 138 133 34 71 28 111 31 77 40 79 128 93 35 7 13 32 39 11 105 97 33 142 149 27 116 6 66 100 107 80 106 69 4 0 54 2 117 51 9 84 78 14 22 61 42 43 37 134 44 58 144 139 49 85 16 10],498896643,649275896
randomWalk/tai150b,14,661584737,2251375,2251375,996622100,[19 5 90 109 110 103 66 33 78 56 139 48 75 124 131 29 50 94 88 36 133 24 106 91 28 2 21 62 135 82 105 84 49 102 14 31 116 9 141 149 144 121 86 64 117 73 95 136 93 143 0 148 7 130 43 129 123 120 118 80 69 63 77 108 57 107 89 47 45 51 13 145 98 10 83 99 53 11 79 8 35 16 38 125 81 138 37 119 46 12 23 41 146 96 85 127 111 147 92 52 40 142 22 25 76 15 58 101 104 60 112 113 67 34 42 18 20 97 59 32 44 6 27 39 132 100 61 17 114 30 54 140 72 71 26 134 68 1 74 70 3 126 122 115 87 128 137 65 55 4],[83 62 114 18 57 64 50 104 102 5 29 26 82 122 98 24 146 30 124 47 46 115 75 143 103 81 112 60 108 110 131 92 53 87 140 127 109 36 145 63 129 67 123 45 120 72 91 113 73 12 21 74 137 141 118 147 125 68 41 17 52 132 130 15 88 86 136 38 119 23 20 70 1 8 90 3 96 89 148 25 59 65 121 99 55 94 126 135 19 95 76 56 48 101 138 133 34 71 28 111 31 77 40 79 128 93 35 7 13 32 39 11 105 97 33 142 149 27 116 6 66 100 107 80 106 69 4 0 54 2 117 51 9 84 78 14 22 61 42 43 37 134 44 58 144 139 49 85 16 10],498896643,649275896
heuristic/tai150b,14,620457677,0,0,0,[110 24 46 87 71 16 146 140 144 126 56 85 70 64 35 18 134 98 145 38 11 148 127 105 114 19 45 51 3 49 119 62 122 15 59 149 142 131 4 101 67 128 93 0 129 34 17 109 61 40 147 22 111 69 12 21 90 138 135 94 92 125 76 104 123 41 141 26 136 2 103 39 52 33 60 116 29 113 78 74 27 81 8 65 50 48 89 95 121 53 102 47 75 107 42 112 9 120 63 72 124 99 84 5 77 108 57 30 28 32 73 132 25 86 23 68 96 139 7 88 43 100 130 118 54 83 36 117 66 91 79 14 13 37 97 31 80 143 1 20 137 44 106 133 6 115 55 58 82 10],[83 62 114 18 57 64 50 104 102 5 29 26 82 122 98 24 146 30 124 47 46 115 75 143 103 81 112 60 108 110 131 92 53 87 140 127 109 36 145 63 129 67 123 45 120 72 91 113 73 12 21 74 137 141 118 147 125 68 41 17 52 132 130 15 88 86 136 38 119 23 20 70 1 8 90 3 96 89 148 25 59 65 121 99 55 94 126 135 19 95 76 56 48 101 138 133 34 71 28 111 31 77 40 79 128 93 35 7 13 32 39 11 105 97 33 142 149 27 116 6 66 100 107 80 106 69 4 0 54 2 117 51 9 84 78 14 22 61 42 43 37 134 44 58 144 139 49 85 16 10],498896643,649275896
greedy/tai150b,15,513253723,1642,327539,126462600,[71 82 46 81 60 89 50 146 112 101 29 88 51 114 41 102 76 55 14 110 16 1 17 61 144 85 78 117 23 0 132 22 70 15 136 139 86 116 2 49 4 6 10 58 137 95 62 37 40 107 75 109 99 30 3 97 90 147 130 127 36 63 91 73 129 24 141 128 121 39 67 47 13 105 131 138 140 122 92 57 148 79 108 42 18 113 31 143 134 65 74 126 66 135 26 9 25 69 94 54 100 104 84 59 52 80 19 53 38 56 119 96 123 45 44 43 8 115 106 87 34 118 72 111 12 20 124 64 125 68 48 145 83 103 11 142 93 28 133 21 5 98 77 33 27 7 149 32 35 120],[83 62 114 18 57 64 50 104 102 5 29 26 82 122 98 24 146 30 124 47 46 115 75 143 103 81 112 60 108 110 131 92 53 87 140 127 109 36 145 63 129 67 123 45 120 72 91 113 73 12 21 74 137 141 118 147 125 68 41 17 52 132 130 15 88 86 136 38 119 23 20 70 1 8 90 3 96 89 148 25 59 65 121 99 55 94 126 135 19 95 76 56 48 101 138 133 34 71 28 111 31 77 40 79 128 93 35 7 13 32 39 11 105 97 33 142 149 27 116 6 66 100 107 80 106 69 4 0 54 2 117 51 9 84 78 14 22 61 42 43 37 134 44 58 144 139 49 85 16 10],498896643,639853243
steepest/tai150b,15,512898689,216,2424975,940005100,[28 37 96 76 94 16 56 121 144 135 85 22 126 89 55 49 139 41 10 2 19 105 17 15 4 70 65 25 38 100 8 148 6 106 45 43 84 110 24 116 44 47 80 34 20 69 72 111 21 42 112 1 90 142 83 88 66 59 122 67 119 68 31 77 36 145 63 98 147 82 52 71 39 140 74 141 134 95 9 40 136 101 57 107 102 73 58 11 78 23 130 86 99 51 5 117 26 61 14 62 91 54 12 3 123 115 46 29 125 146 137 53 118 48 50 30 132 133 87 64 60 108 104 114 143 13 113 131 79 103 27 128 138 92 97 127 109 124 129 75 0 18 7 93 33 120 81 32 35 149],[83 62 114 18 57 64 50 104 102 5 29 26 82 122 98 24 146 30 124 47 46 115 75 143 103 81 112 60 108 110 131 92 53 87 140 127 109 36 145 63 129 67 123 45 120 72 91 113 73 12 21 74 137 141 118 147 125 68 41 17 52 132 130 15 88 86 136 38 119 23 20 70 1 8 90 3 96 89 148 25 59 65 121 99 55 94 126 135 19 95 76 56 48 101 138 133 34 71 28 111 31 77 40 79 128 93 35 7 13 32 39 11 105 97 33 142 149 27 116 6 66 100 107 80 106 69 4 0 54 2 117 51 9 84 78 14 22 61 42 43 37 134 44 58 144 139 49 85 16 10],498896643,639853243
random/tai150b,15,623304218,52390,52390,949081700,[8 135 2 25 92 100 56 84 77 130 114 94 122 96 102 41 5 93 12 27 82 116 120 49 140 98 148 76 126 0 121 107 134 142 22 104 10 73 30 39 53 34 75 86 89 71 124 42 149 69 115 45 65 62 59 101 32 118 97 147 138 43 13 108 85 20 103 74 139 38 31 128 136 143 16 19 61 78 37 1 79 24 129 90 33 111 3 141 14 125 81 18 7 21 119 132 117 145 11 83 9 137 112 64 133 63 6 99 70 95 35 105 28 146 52 44 47 15 40 54 58 23 80 106 36 29 144 110 123 109 88 72 87 131 113 66 57 48 68 91 55 4 127 26 67 50 60 17 51 46],[83 62 114 18 57 64 50 104 102 5 29 26 82 122 98 24 146 30 124 47 46 115 75 143 103 81 112 60 108 110 131 92 53 87 140 127 109 36 145 63 129 67 123 45 120 72 91 113 73 12 21 74 137 141 118 147 125 68 41 17 52 132 130 15 88 86 136 38 119 23 20 70 1 8 90 3 96 89 148 25 59 65 121 99 55 94 126 135 19 95 76 56 48 101 138 133 34 71 28 111 31 77 40 79 128 93 35 7 13 32 39 11 105 97 33 142 149 27 116 6 66 100 107 80 106 69 4 0 54 2 117 51 9 84 78 14 22 61 42 43 37 134 44 58 144 139 49 85 16 10],498896643,639853243
randomWalk/tai150b,15,653401714,2132721,2132721,946216400,[61 133 19 6 49 55 10 50 102 113 96 118 143 111 30 38 35 88 91 31 71 0 32 97 42 26 131 90 135 57 39 128 59 78 81 17 22 100 67 74 4 149 69 142 95 5 28 48 64 70 73 147 107 36 58 86 18 132 110 93 139 82 138 117 119 105 66 115 126 98 44 52 43 104 84 109 80 103 20 129 101 148 123 121 14 12 9 21 106 62 15 141 33 89 16 7 27 56 124 11 146 72 79 41 29 3 125 40 122 130 51 140 8 127 145 136 75 53 83 116 134 45 76 92 1 34 37 68 54 108 60 77 87 25 47 114 144 24 85 2 137 99 13 120 65 23 112 94 46 63],[83 62 114 18 57 64 50 104 102 5 29 26 82 122 98 24 146 30 124 47 46 115 75 143 103 81 112 60 108 110 131 92 53 87 140 127 109 36 145 63 129 67 123 45 120 72 91 113 73 12 21 74 137 141 118 147 125 68 41 17 52 132 130 15 88 86 136 38 119 23 20 70 1 8 90 3 96 89 148 25 59 65 121 99 55 94 126 135 19 95 76 56 48 101 138 133 34 71 28 111 31 77 40 79 128 93 35 7 13 32 39 11 105 97 33 142 149 27 116 6 66 100 107 80 106 69 4 0 54 2 117 51 9 84 78 14 22 61 42 43 37 134 44 58 144 139 49 85 16 10],498896643,639853243
heuristic/tai150b,15,620457677,0,0,0,[110 24 46 87 71 16 146 140 144 126 56 85 70 64 35 18 134 98 145 38 11 148 127 105 114 19 45 51 3 49 119 62 122 15 59 149 142 131 4 101 67 128 93 0 129 34 17 109 61 40 147 22 111 69 12 21 90 138 135 94 92 125 76 104 123 41 141 26 136 2 103 39 52 33 60 116 29 113 78 74 27 81 8 65 50 48 89 95 121 53 102 47 75 107 42 112 9 120 63 72 124 99 84 5 77 108 57 30 28 32 73 132 25 86 23 68 96 139 7 88 43 100 130 118 54 83 36 117 66 91 79 14 13 37 97 31 80 143 1 20 137 44 106 133 6 115 55 58 82 10],[83 62 114 18 57 64 50 104 102 5 29 26 82 122 98 24 146 30 124 47 46 115 75 143 103 81 112 60 108 110 131 92 53 87 140 127 109 36 145 63 129 67 123 45 120 72 91 113 73 12 21 74 137 141 118 147 125 68 41 17 52 132 130 15 88 86 136 38 119 23 20 70 1 8 90 3 96 89 148 25 59 65 121 99 55 94 126 135 19 95 76 56 48 101 138 133 34 71 28 111 31 77 40 79 128 93 35 7 13 32 39 11 105 97 33 142 149 27 116 6 66 100 107 80 106 69 4 0 54 2 117 51 9 84 78 14 22 61 42 43 37 134 44 58 144 139 49 85 16 10],498896643,639853243
greedy/tai150b,16,510360460,1675,487789,185034800,[63 148 50 95 44 57 29 24 37 26 56 49 78 96 122 62 98 146 101 102 121 93 99 92 142 82 59 76 41 11 114 109 55 35 103 94 131 7 108 32 124 149 27 43 28 58 1 129 34 86 130 36 40 127 25 145 120 83 111 23 4 117 45 137 80 2 123 125 84 71 54 87 73 70 13 65 46 19 51 74 143 67 126 100 140 53 112 88 89 110 60 47 75 107 97 9 136 135 104 69 81 116 106 33 22 113 134 18 10 85 141 16 138 77 3 79 68 0 144 30 115 48 14 61 42 90 118 38 72 17 20 139 132 21 12 91 52 15 66 147 5 8 6 64 128 119 105 133 39 31],[83 62 114 18 57 64 50 104 102 5 29 26 82 122 98 24 146 30 124 47 46 115 75 143 103 81 112 60 108 110 131 92 53 87 140 127 109 36 145 63 129 67 123 45 120 72 91 113 73 12 21 74 137 141 118 147 125 68 41 17 52 132 130 15 88 86 136 38 119 23 20 70 1 8 90 3 96 89 148 25 59 65 121 99 55 94 126 135 19 95 76 56 48 101 138 133 34 71 28 111 31 77 40 79 128 93 35 7 13 32 39 11 105 97 33 142 149 27 116 6 66 100 107 80 106 69 4 0 54 2 117 51 9 84 78 14 22 61 42 43 37 134 44 58 144 139 49 85 16 10],498896643,645143435
steepest/tai150b,16,515324602,221,2480850,1073793500,[140 133 132 86 49 29 56 126 67 101 53 37 130 89 110 46 78 95 59 76 50 81 75 4 115 146 131 109 114 104 102 99 57 24 142 93 5 149 135 122 92 7 11 20 33 51 69 42 90 17 147 36 0 43 74 40 136 112 148 77 97 6 138 108 13 32 71 113 91 98 25 35 82 10 124 1 16 19 88 118 28 15 58 60 144 139 23 38 18 96 65 70 63 55 127 41 123 9 100 129 143 52 120 145 116 141 128 27 103 8 61 39 14 83 105 94 47 45 85 73 21 3 68 54 44 31 22 137 117 111 125 84 119 72 66 79 12 34 80 62 26 87 48 134 106 121 107 30 64 2],[83 62 114 18 57 64 50 104 102 5 29 26 82 122 98 24 146 30 124 47 46 115 75 143 103 81 112 60 108 110 131 92 53 87 140 127 109 36 145 63 129 67 123 45 120 72 91 113 73 12 21 74 137 141 118 147 125 68 41 17 52 132 130 15 88 86 136 38 119 23 20 70 1 8 90 3 96 89 148 25 59 65 121 99 55 94 126 135 19 95 76 56 48 101 138 133 34 71 28 111 31 77 40 79 128 93 35 7 13 32 39 11 105 97 33 142 149 27 116 6 66 100 107 80 106 69 4 0 54 2 117 51 9 84 78 14 22 61 42 43 37 134 44 58 144 139 49 85 16 10],498896643,645143435
random/tai150b,16,621997471,56000,56000,1082274000,[114 42 57 131 79 19 123 122 126 6 129 105 28 26 113 145 51 102 33 90 77 60 101 18 29 30 67 99 127 120 132 41 43 124 24 100 25 53 58 5 121 48 27 9 148 98 125 34 21 108 40 107 91 61 147 52 64 69 85 137 84 4 13 49 141 68 86 73 62 135 45 119 55 78 0 47 144 134 115 37 96 20 3 140 2 82 66 22 139 50 31 8 93 65 72 10 15 38 56 7 36 111 149 11 88 87 39 32 81 83 92 104 71 103 17 146 12 138 128 1 133 95 109 143 75 74 54 46 112 117 89 142 94 44 118 76 136 14 130 116 35 70 59 23 16 110 106 63 80 97],[83 62 114 18 57 64 50 104 102 5 29 26 82 122 98 24 146 30 124 47 46 115 75 143 103 81 112 60 108 110 131 92 53 87 140 127 109 36 145 63 129 67 123 45 120 72 91 113 73 12 21 74 137 141 118 147 125 68 41 17 52 132 130 15 88 86 136 38 119 23 20 70 1 8 90 3 96 89 148 25 59 65 121 99 55 94 126 135 19 95 76 56 48 101 138 133 34 71 28 111 31 77 40 79 128 93 35 7 13 32 39 11 105 97 33 142 149 27 116 6 66 100 107 80 106 69 4 0 54 2 117 51 9 84 78 14 22 61 42 43 37 134 44 58 144 139 49 85 16 10],498896643,645143435
randomWalk/tai150b,16,646478010,2212776,2212776,1076053700,[81 145 14 115 25 57 87 110 59 28 16 32 108 89 79 24 21 135 76 141 5 80 124 109 70 118 44 20 123 133 66 97 35 83 73 106 136 36 68 144 54 69 77 140 23 125 129 8 130 55 58 63 112 100 65 146 84 99 71 37 78 95 90 60 50 126 116 3 104 128 91 93 41 17 33 102 52 149 148 29 13 119 38 98 42 12 2 47 107 15 64 56 94 114 85 18 10 101 39 46 142 40 30 9 147 27 51 143 120 49 92 4 43 139 131 11 138 6 134 22 137 86 67 88 75 117 31 127 53 7 0 111 103 113 121 45 62 122 1 19 82 48 132 72 34 74 26 96 61 105],[83 62 114 18 57 64 50 104 102 5 29 26 82 122 98 24 146 30 124 47 46 115 75 143 103 81 112 60 108 110 131 92 53 87 140 127 109 36 145 63 129 67 123 45 120 72 91 113 73 12 21 74 137 141 118 147 125 68 41 17 52 132 130 15 88 86 136 38 119 23 20 70 1 8 90 3 96 89 148 25 59 65 121 99 55 94 126 135 19 95 76 56 48 101 138 133 34 71 28 111 31 77 40 79 128 93 35 7 13 32 39 11 105 97 33 142 149 27 116 6 66 100 107 80 106 69 4 0 54 2 117 51 9 84 78 14 22 61 42 43 37 134 44 58 144 139 49 85 16 10],498896643,645143435
heuristic/tai150b,16,620457677,0,0,0,[110 24 46 87 71 16 146 140 144 126 56 85 70 64 35 18 134 98 145 38 11 148 127 105 114 19 45 51 3 49 119 62 122 15 59 149 142 131 4 101 67 128 93 0 129 34 17 109 61 40 147 22 111 69 12 21 90 138 135 94 92 125 76 104 123 41 141 26 136 2 103 39 52 33 60 116 29 113 78 74 27 81 8 65 50 48 89 95 121 53 102 47 75 107 42 112 9 120 63 72 124 99 84 5 77 108 57 30 28 32 73 132 25 86 23 68 96 139 7 88 43 100 130 118 54 83 36 117 66 91 79 14 13 37 97 31 80 143 1 20 137 44 106 133 6 115 55 58 82 10],[83 62 114 18 57 64 50 104 102 5 29 26 82 122 98 24 146 30 124 47 46 115 75 143 103 81 112 60 108 110 131 92 53 87 140 127 109 36 145 63 129 67 123 45 120 72 91 113 73 12 21 74 137 141 118 147 125 68 41 17 52 132 130 15 88 86 136 38 119 23 20 70 1 8 90 3 96 89 148 25 59 65 121 99 55 94 126 135 19 95 76 56 48 101 138 133 34 71 28 111 31 77 40 79 128 93 35 7 13 32 39 11 105 97 33 142 149 27 116 6 66 100 107 80 106 69 4 0 54 2 117 51 9 84 78 14 22 61 42 43 37 134 44 58 144 139 49 85 16 10],498896643,645143435
greedy/tai150b,17,519029919,1583,394062,147738100,[13 97 50 25 148 29 126 64 115 42 140 147 66 65 110 51 18 48 78 122 53 62 61 5 142 146 112 60 95 88 92 72 132 58 141 103 109 114 108 143 85 102 145 91 73 74 4 40 149 136 36 34 9 15 0 21 83 3 101 17 20 111 127 130 52 86 79 81 38 134 118 35 24 33 125 128 56 87 39 27 100 70 96 133 19 105 8 6 80 106 116 47 1 67 12 99 90 63 75 69 94 23 129 14 131 59 71 89 28 46 26 98 37 124 76 11 57 104 32 82 54 93 117 135 113 120 43 2 138 137 10 45 77 22 7 84 139 123 68 107 31 30 121 44 41 49 55 144 16 119],[83 62 114 18 57 64 50 104 102 5 29 26 82 122 98 24 146 30 124 47 46 115 75 143 103 81 112 60 108 110 131 92 53 87 140 127 109 36 145 63 129 67 123 45 120 72 91 113 73 12 21 74 137 141 118 147 125 68 41 17 52 132 130 15 88 86 136 38 119 23 20 70 1 8 90 3 96 89 148 25 59 65 121 99 55 94 126 135 19 95 76 56 48 101 138 133 34 71 28 111 31 77 40 79 128 93 35 7 13 32 39 11 105 97 33 142 149 27 116 6 66 100 107 80 106 69 4 0 54 2 117 51 9 84 78 14 22 61 42 43 37 134 44 58 144 139 49 85 16 10],498896643,661834657
steepest/tai150b,17,513730326,228,2559075,999028500,[33 46 41 81 65 56 50 55 25 100 114 42 74 29 148 96 126 51 57 67 71 147 11 9 77 58 7 135 23 149 53 59 73 132 66 3 12 4 83 48 91 14 90 21 88 136 130 72 40 34 101 39 102 125 5 111 0 120 54 43 115 68 123 80 116 62 106 137 84 95 104 44 45 30 119 118 98 38 36 145 138 27 24 97 146 19 122 105 82 8 128 18 93 15 52 69 142 76 26 20 17 1 107 99 78 22 85 2 49 16 61 134 86 113 139 89 144 117 70 10 103 112 127 60 141 87 79 124 109 13 143 108 129 92 110 31 6 131 37 75 94 64 133 47 32 121 63 35 140 28],[83 62 114 18 57 64 50 104 102 5 29 26 82 122 98 24 146 30 124 47 46 115 75 143 103 81 112 60 108 110 131 92 53 87 140 127 109 36 145 63 129 67 123 45 120 72 91 113 73 12 21 74 137 141 118 147 125 68 41 17 52 132 130 15 88 86 136 38 119 23 20 70 1 8 90 3 96 89 148 25 59 65 121 99 55 94 126 135 19 95 76 56 48 101 138 133 34 71 28 111 31 77 40 79 128 93 35 7 13 32 39 11 105 97 33 142 149 27 116 6 66 100 107 80 106 69 4 0 54 2 117 51 9 84 78 14 22 61 42 43 37 134 44 58 144 139 49 85 16 10],498896643,661834657
random/tai150b,17,620119246,54796,54796,1005837300,[116 59 89 32 120 104 109 124 33 30 13 67 97 19 118 112 56 121 47 102 140 50 92 79 123 133 1 46 81 57 147 87 128 4 94 142 23 44 53 35 29 6 48 132 8 127 18 22 108 119 96 146 61 113 21 40 105 27 41 31 58 77 43 93 91 111 110 69 134 5 106 90 99 84 145 49 51 138 15 37 45 17 9 36 20 71 74 11 125 83 55 98 52 135 80 101 12 72 129 0 85 63 24 3 25 54 130 143 62 141 122 7 149 68 26 66 103 38 64 131 75 86 117 34 126 60 42 16 136 10 88 139 95 39 114 115 76 100 107 82 144 73 137 148 78 28 2 70 14 65],[83 62 114 18 57 64 50 104 102 5 29 26 82 122 98 24 146 30 124 47 46 115 75 143 103 81 112 60 108 110 131 92 53 87 140 127 109 36 145 63 129 67 123 45 120 72 91 113 73 12 21 74 137 141 118 147 125 68 41 17 52 132 130 15 88 86 136 38 119 23 20 70 1 8 90 3 96 89 148 25 59 65 121 99 55 94 126 135 19 95 76 56 48 101 138 133 34 71 28 111 31 77 40 79 128 93 35 7 13 32 39 11 105 97 33 142 149 27 116 6 66 100 107 80 106 69 4 0 54 2 117 51 9 84 78 14 22 61 42 43 37 134 44 58 144 139 49 85 16 10],498896643,661834657
randomWalk/tai150b,17,646459307,2005925,2005925,999987700,[138 57 139 102 37 91 8 44 28 93 101 61 126 90 30 104 45 105 60 108 79 24 87 46 67 124 21 3 65 81 33 100 134 96 48 88 63 144 40 136 133 1 5 75 92 132 141 68 135 56 10 25 117 129 148 119 130 15 32 106 17 49 55 22 78 53 64 77 99 6 149 31 128 72 38 113 131 19 18 146 143 121 12 20 109 50 145 51 142 16 35 27 54 36 0 122 11 120 111 58 116 97 137 7 13 9 42 76 69 29 86 26 107 71 34 73 110 140 127 39 84 89 2 43 23 98 103 114 80 41 70 112 85 118 82 94 123 47 95 62 66 4 125 147 14 74 115 83 52 59],[83 62 114 18 57 64 50 104 102 5 29 26 82 122 98 24 146 30 124 47 46 115 75 143 103 81 112 60 108 110 131 92 53 87 140 127 109 36 145 63 129 67 123 45 120 72 91 113 73 12 21 74 137 141 118 147 125 68 41 17 52 132 130 15 88 86 136 38 119 23 20 70 1 8 90 3 96 89 148 25 59 65 121 99 55 94 126 135 19 95 76 56 48 101 138 133 34 71 28 111 31 77 40 79 128 93 35 7 13 32 39 11 105 97 33 142 149 27 116 6 66 100 107 80 106 69 4 0 54 2 117 51 9 84 78 14 22 61 42 43 37 134 44 58 144 139 49 85 16 10],498896643,661834657
heuristic/tai150b,17,620457677,0,0,0,[110 24 46 87 71 16 146 140 144 126 56 85 70 64 35 18 134 98 145 38 11 148 127 105 114 19 45 51 3 49 119 62 122 15 59 149 142 131 4 101 67 128 93 0 129 34 17 109 61 40 147 22 111 69 12 21 90 138 135 94 92 125 76 104 123 41 141 26 136 2 103 39 52 33 60 116 29 113 78 74 27 81 8 65 50 48 89 95 121 53 102 47 75 107 42 112 9 120 63 72 124 99 84 5 77 108 57 30 28 32 73 132 25 86 23 68 96 139 7 88 43 100 130 118 54 83 36 117 66 91 79 14 13 37 97 31 80 143 1 20 137 44 106 133 6 115 55 58 82 10],[83 62 114 18 57 64 50 104 102 5 29 26 82 122 98 24 146 30 124 47 46 115 75 143 103 81 112 60 108 110 131 92 53 87 140 127 109 36 145 63 129 67 123 45 120 72 91 113 73 12 21 74 137 141 118 147 125 68 41 17 52 132 130 15 88 86 136 38 119 23 20 70 1 8 90 3 96 89 148 25 59 65 121 99 55 94 126 135 19 95 76 56 48 101 138 133 34 71 28 111 31 77 40 79 128 93 35 7 13 32 39 11 105 97 33 142 149 27 116 6 66 100 107 80 106 69 4 0 54 2 117 51 9 84 78 14 22 61 42 43 37 134 44 58 144 139 49 85 16 10],498896643,661834657
greedy/tai150b,18,517737674,1493,303970,116194500,[68 3 132 87 114 85 50 146 102 124 29 81 121 44 53 62 108 46 27 103 113 77 143 92 142 94 5 78 149 83 141 109 31 71 13 136 93 116 55 145 41 6 110 12 8 36 17 21 20 128 1 34 40 90 60 97 51 99 11 28 130 72 133 88 111 48 118 82 101 64 86 70 37 98 119 139 56 106 107 125 43 47 96 84 16 7 57 58 24 122 80 19 127 9 75 67 129 33 112 105 63 100 69 120 23 91 140 32 15 35 14 126 4 38 73 76 39 61 89 95 148 74 138 22 52 66 79 123 45 59 135 49 42 10 2 115 137 117 25 147 0 134 104 18 65 26 54 30 144 131],[83 62 114 18 57 64 50 104 102 5 29 26 82 122 98 24 146 30 124 47 46 115 75 143 103 81 112 60 108 110 131 92 53 87 140 127 109 36 145 63 129 67 123 45 120 72 91 113 73 12 21 74 137 141 118 147 125 68 41 17 52 132 130 15 88 86 136 38 119 23 20 70 1 8 90 3 96 89 148 25 59 65 121 99 55 94 126 135 19 95 76 56 48 101 138 133 34 71 28 111 31 77 40 79 128 93 35 7 13 32 39 11 105 97 33 142 149 27 116 6 66 100 107 80 106 69 4 0 54 2 117 51 9 84 78 14 22 61 42 43 37 134 44 58 144 139 49 85 16 10],498896643,666054143
steepest/tai150b,18,523034703,195,2190300,950730500,[7 96 48 66 68 146 85 70 43 90 16 14 54 3 144 84 132 29 49 44 24 108 115 61 116 19 78 117 110 95 62 92 122 64 128 105 119 30 6 143 31 8 137 101 12 75 21 109 37 65 114 69 148 41 83 25 26 9 74 127 67 145 60 87 36 28 53 33 129 18 63 133 81 88 40 113 50 2 135 59 10 106 121 22 140 107 55 94 51 76 4 126 91 102 136 72 139 5 104 15 100 97 13 42 112 45 47 71 38 89 20 46 118 124 125 80 52 17 123 131 34 120 130 73 103 93 23 149 99 39 27 111 86 0 77 142 141 82 1 138 147 35 11 57 32 98 79 56 134 58],[83 62 114 18 57 64 50 104 102 5 29 26 82 122 98 24 146 30 124 47 46 115 75 143 103 81 112 60 108 110 131 92 53 87 140 127 109 36 145 63 129 67 123 45 120 72 91 113 73 12 21 74 137 141 118 147 125 68 41 17 52 132 130 15 88 86 136 38 119 23 20 70 1 8 90 3 96 89 148 25 59 65 121 99 55 94 126 135 19 95 76 56 48 101 138 133 34 71 28 111 31 77 40 79 128 93 35 7 13 32 39 11 105 97 33 142 149 27 116 6 66 100 107 80 106 69 4 0 54 2 117 51 9 84 78 14 22 61 42 43 37 134 44 58 144 139 49 85 16 10],498896643,666054143
random/tai150b,18,620744619,51006,51006,950829500,[79 47 1 9 8 31 3 57 56 19 83 17 85 15 132 11 147 80 122 6 116 28 118 55 14 32 104 90 91 113 146 99 117 13 81 40 48 61 18 141 128 92 37 41 27 130 21 142 26 33 115 73 74 125 87 101 139 107 145 106 103 22 5 78 121 38 86 60 2 89 16 53 42 75 50 36 25 46 124 45 30 119 112 10 59 123 148 39 51 35 98 7 76 94 143 44 71 135 137 52 127 96 95 20 65 67 62 70 0 138 126 58 144 4 109 114 136 110 23 97 43 131 72 29 68 24 82 134 12 133 77 102 111 66 129 34 93 69 140 120 49 88 64 105 63 149 100 108 54 84],[83 62 114 18 57 64 50 104 102 5 29 26 82 122 98 24 146 30 124 47 46 115 75 143 103 81 112 60 108 110 131 92 53 87 140 127 109 36 145 63 129 67 123 45 120 72 91 113 73 12 21 74 137 141 118 147 125 68 41 17 52 132 130 15 88 86 136 38 119 23 20 70 1 8 90 3 96 89 148 25 59 65 121 99 55 94 126 135 19 95 76 56 48 101 138 133 34 71 28 111 31 77 40 79 128 93 35 7 13 32 39 11 105 97 33 142 149 27 116 6 66 100 107 80 106 69 4 0 54 2 117 51 9 84 78 14 22 61 42 43 37 134 44 58 144 139 49 85 16 10],498896643,666054143
randomWalk/tai150b,18,647211562,2208040,2208040,955256300,[62 114 68 106 55 45 18 46 123 98 134 5 103 70 0 121 148 38 127 74 90 23 56 48 73 30 83 136 84 57 36 58 141 109 17 47 144 79 14 54 113 139 51 31 28 60 76 131 34 82 6 1 39 137 24 16 12 59 149 43 61 133 95 142 64 53 8 20 120 32 126 147 132 105 94 87 100 13 97 130 19 41 52 3 63 88 27 111 108 140 91 93 115 101 67 104 143 116 35 65 107 92 11 80 26 9 15 122 49 10 138 22 145 117 37 112 128 7 40 89 29 124 69 4 78 33 81 66 71 77 119 25 99 135 75 96 21 42 125 86 85 129 50 118 146 102 44 72 2 110],[83 62 114 18 57 64 50 104 102 5 29 26 82 122 98 24 146 30 124 47 46 115 75 143 103 81 112 60 108 110 131 92 53 87 140 127 109 36 145 63 129 67 123 45 120 72 91 113 73 12 21 74 137 141 118 147 125 68 41 17 52 132 130 15 88 86 136 38 119 23 20 70 1 8 90 3 96 89 148 25 59 65 121 99 55 94 126 135 19 95 76 56 48 101 138 133 34 71 28 111 31 77 40 79 128 93 35 7 13 32 39 11 105 97 33 142 149 27 116 6 66 100 107 80 106 69 4 0 54 2 117 51 9 84 78 14 22 61 42 43 37 134 44 58 144 139 49 85 16 10],498896643,666054143
heuristic/tai150b,18,620457677,0,0,554100,[110 24 46 87 71 16 146 140 144 126 56 85 70 64 35 18 134 98 145 38 11 148 127 105 114 19 45 51 3 49 119 62 122 15 59 149 142 131 4 101 67 128 93 0 129 34 17 109 61 40 147 22 111 69 12 21 90 138 135 94 92 125 76 104 123 41 141 26 136 2 103 39 52 33 60 116 29 113 78 74 27 81 8 65 50 48 89 95 121 53 102 47 75 107 42 112 9 120 63 72 124 99 84 5 77 108 57 30 28 32 73 132 25 86 23 68 96 139 7 88 43 100 130 118 54 83 36 117 66 91 79 14 13 37 97 31 80 143 1 20 137 44 106 133 6 115 55 58 82 10],[83 62 114 18 57 64 50 104 102 5 29 26 82 122 98 24 146 30 124 47 46 115 75 143 103 81 112 60 108 110 131 92 53 87 140 127 109 36 145 63 129 67 123 45 120 72 91 113 73 12 21 74 137 141 118 147 125 68 41 17 52 132 130 15 88 86 136 38 119 23 20 70 1 8 90 3 96 89 148 25 59 65 121 99 55 94 126 135 19 95 76 56 48 101 138 133 34 71 28 111 31 77 40 79 128 93 35 7 13 32 39 11 105 97 33 142 149 27 116 6 66 100 107 80 106 69 4 0 54 2 117 51 9 84 78 14 22 61 42 43 37 134 44 58 144 139 49 85 16 10],498896643,666054143
greedy/tai150b,19,513147424,1566,214409,84139700,[102 51 32 108 132 140 35 98 13 20 87 83 69 10 15 14 39 6 119 8 82 133 17 90 12 73 38 3 128 52 91 66 71 31 111 79 147 77 47 48 105 113 138 100 88 72 122 5 92 97 27 0 125 109 124 99 21 112 129 24 28 22 135 144 117 19 11 149 59 56 115 96 57 7 127 121 146 4 110 84 53 70 2 67 16 139 89 46 76 126 136 85 145 118 1 63 36 74 120 143 33 42 103 34 137 68 64 65 45 18 123 134 54 26 25 131 148 141 104 30 93 116 142 23 94 61 130 78 60 43 86 107 9 106 37 62 95 58 40 75 80 81 114 29 101 49 44 41 55 50],[83 62 114 18 57 64 50 104 102 5 29 26 82 122 98 24 146 30 124 47 46 115 75 143 103 81 112 60 108 110 131 92 53 87 140 127 109 36 145 63 129 67 123 45 120 72 91 113 73 12 21 74 137 141 118 147 125 68 41 17 52 132 130 15 88 86 136 38 119 23 20 70 1 8 90 3 96 89 148 25 59 65 121 99 55 94 126 135 19 95 76 56 48 101 138 133 34 71 28 111 31 77 40 79 128 93 35 7 13 32 39 11 105 97 33 142 149 27 116 6 66 100 107 80 106 69 4 0 54 2 117 51 9 84 78 14 22 61 42 43 37 134 44 58 144 139 49 85 16 10],498896643,653357241
steepest/tai150b,19,513104106,247,2771400,1225903600,[126 94 96 6 133 56 47 105 100 148 19 25 80 24 38 65 128 8 52 17 33 120 12 139 130 81 91 90 74 136 119 111 35 88 3 1 79 134 18 138 97 86 27 53 123 34 107 67 0 106 66 20 64 45 40 145 48 117 84 59 99 101 104 122 109 78 92 4 131 102 26 76 57 89 93 46 82 11 87 124 58 73 55 13 41 71 39 31 98 32 121 140 63 42 129 21 60 28 72 36 127 43 54 118 137 77 7 144 2 16 22 70 49 10 23 149 30 125 68 113 9 83 51 116 135 37 112 44 69 142 5 143 75 61 14 95 62 110 115 147 15 29 103 85 50 132 114 108 146 141],[83 62 114 18 57 64 50 104 102 5 29 26 82 122 98 24 146 30 124 47 46 115 75 143 103 81 112 60 108 110 131 92 53 87 140 127 109 36 145 63 129 67 123 45 120 72 91 113 73 12 21 74 137 141 118 147 125 68 41 17 52 132 130 15 88 86 136 38 119 23 20 70 1 8 90 3 96 89 148 25 59 65 121 99 55 94 126 135 19 95 76 56 48 101 138 133 34 71 28 111 31 77 40 79 128 93 35 7 13 32 39 11 105 97 33 142 149 27 116 6 66 100 107 80 106 69 4 0 54 2 117 51 9 84 78 14 22 61 42 43 37 134 44 58 144 139 49 85 16 10],498896643,653357241
random/tai150b,19,622043186,53487,53487,1225950200,[135 113 51 47 11 144 18 38 82 147 8 79 85 53 6 64 56 28 2 45 139 65 72 103 133 39 106 105 132 61 66 42 87 27 142 60 115 148 90 124 80 86 96 100 17 4 13 95 20 43 62 30 25 112 71 75 111 54 19 120 149 29 46 141 68 118 3 83 140 50 146 48 136 127 84 70 94 74 101 10 108 130 58 32 57 134 16 102 14 88 26 5 35 99 129 52 128 41 138 31 34 21 55 15 131 125 114 121 137 145 33 12 23 122 77 110 93 81 126 1 119 98 40 104 73 67 78 0 44 22 97 116 109 123 36 76 107 49 69 89 37 63 92 7 117 91 9 143 24 59],[83 62 114 18 57 64 50 104 102 5 29 26 82 122 98 24 146 30 124 47 46 115 75 143 103 81 112 60 108 110 131 92 53 87 140 127 109 36 145 63 129 67 123 45 120 72 91 113 73 12 21 74 137 141 118 147 125 68 41 17 52 132 130 15 88 86 136 38 119 23 20 70 1 8 90 3 96 89 148 25 59 65 121 99 55 94 126 135 19 95 76 56 48 101 138 133 34 71 28 111 31 77 40 79 128 93 35 7 13 32 39 11 105 97 33 142 149 27 116 6 66 100 107 80 106 69 4 0 54 2 117 51 9 84 78 14 22 61 42 43 37 134 44 58 144 139 49 85 16 10],498896643,653357241
randomWalk/tai150b,19,654553950,2605899,2605899,1226126900,[119 135 94 19 69 141 133 79 123 120 109 9 100 66 136 107 96 45 40 48 134 114 112 110 105 149 72 57 113 60 42 92 54 52 12 22 68 51 116 111 17 138 49 53 39 106 1 21 38 115 64 78 46 77 87 139 23 67 104 143 132 73 70 55 50 124 147 82 24 3 36 31 81 131 88 148 13 20 140 61 91 59 4 58 93 32 25 43 5 16 65 26 95 108 74 27 125 118 84 146 28 103 15 7 47 34 117 2 80 90 71 11 41 102 83 126 128 33 127 35 44 86 6 137 14 129 56 89 29 76 10 98 30 144 18 75 101 97 85 121 145 8 99 142 62 37 122 0 130 63],[83 62 114 18 57 64 50 104 102 5 29 26 82 122 98 24 146 30 124 47 46 115 75 143 103 81 112 60 108 110 131 92 53 87 140 127 109 36 145 63 129 67 123 45 120 72 91 113 73 12 21 74 137 141 118 147 125 68 41 17 52 132 130 15 88 86 136 38 119 23 20 70 1 8 90 3 96 89 148 25 59 65 121 99 55 94 126 135 19 95 76 56 48 101 138 133 34 71 28 111 31 77 40 79 128 93 35 7 13 32 39 11 105 97 33 142 149 27 116 6 66 100 107 80 106 69 4 0 54 2 117 51 9 84 78 14 22 61 42 43 37 134 44 58 144 139 49 85 16 10],498896643,653357241
heuristic/tai150b,19,620457677,0,0,0,[110 24 46 87 71 16 146 140 144 126 56 85 70 64 35 18 134 98 145 38 11 148 127 105 114 19 45 51 3 49 119 62 122 15 59 149 142 131 4 101 67 128 93 0 129 34 17 109 61 40 147 22 111 69 12 21 90 138 135 94 92 125 76 104 123 41 141 26 136 2 103 39 52 33 60 116 29 113 78 74 27 81 8 65 50 48 89 95 121 53 102 47 75 107 42 112 9 120 63 72 124 99 84 5 77 108 57 30 28 32 73 132 25 86 23 68 96 139 7 88 43 100 130 118 54 83 36 117 66 91 79 14 13 37 97 31 80 143 1 20 137 44 106 133 6 115 55 58 82 10],[83 62 114 18 57 64 50 104 102 5 29 26 82 122 98 24 146 30 124 47 46 115 75 143 103 81 112 60 108 110 131 92 53 87 140 127 109 36 145 63 129 67 123 45 120 72 91 113 73 12 21 74 137 141 118 147 125 68 41 17 52 132 130 15 88 86 136 38 119 23 20 70 1 8 90 3 96 89 148 25 59 65 121 99 55 94 126 135 19 95 76 56 48 101 138 133 34 71 28 111 31 77 40 79 128 93 35 7 13 32 39 11 105 97 33 142 149 27 116 6 66 100 107 80 106 69 4 0 54 2 117 51 9 84 78 14 22 61 42 43 37 134 44 58 144 139 49 85 16 10],498896643,653357241
greedy/tai150b,20,511249968,1357,298856,136295000,[95 89 93 17 149 32 8 73 141 45 7 148 91 38 41 52 11 101 77 105 82 142 123 120 138 113 127 81 6 33 128 129 71 31 63 68 27 46 47 131 39 140 124 112 67 21 147 99 115 116 36 90 97 75 20 43 125 40 103 34 104 83 106 53 80 62 58 57 48 44 132 146 87 50 0 10 56 130 15 136 37 96 134 137 144 30 86 139 23 35 49 70 1 72 74 133 88 28 13 111 12 60 109 79 143 118 122 64 145 98 92 29 5 108 24 19 18 110 102 114 54 59 42 117 26 25 22 4 69 51 9 61 100 14 135 107 2 78 66 84 119 85 55 126 76 94 3 16 121 65],[83 62 114 18 57 64 50 104 102 5 29 26 82 122 98 24 146 30 124 47 46 115 75 143 103 81 112 60 108 110 131 92 53 87 140 127 109 36 145 63 129 67 123 45 120 72 91 113 73 12 21 74 137 141 118 147 125 68 41 17 52 132 130 15 88 86 136 38 119 23 20 70 1 8 90 3 96 89 148 25 59 65 121 99 55 94 126 135 19 95 76 56 48 101 138 133 34 71 28 111 31 77 40 79 128 93 35 7 13 32 39 11 105 97 33 142 149 27 116 6 66 100 107 80 106 69 4 0 54 2 117 51 9 84 78 14 22 61 42 43 37 134 44 58 144 139 49 85 16 10],498896643,636666939
steepest/tai150b,20,517391839,189,2123250,899165800,[113 2 105 52 38 56 8 96 17 45 47 148 23 7 128 149 46 11 12 139 73 28 21 15 133 16 33 20 119 91 58 40 71 6 136 41 86 140 49 39 130 31 101 138 145 36 0 42 27 72 60 3 124 18 127 66 112 123 61 67 74 103 76 92 109 122 114 53 143 81 99 115 102 87 141 43 30 125 22 84 137 64 132 77 29 104 131 10 144 89 68 70 25 97 118 1 111 63 88 69 129 65 82 80 142 44 146 95 13 35 93 126 75 110 37 62 32 116 108 85 48 55 147 9 5 121 117 106 14 24 19 100 51 120 94 107 135 34 78 83 90 98 79 57 26 54 59 50 134 4],[83 62 114 18 57 64 50 104 102 5 29 26 82 122 98 24 146 30 124 47 46 115 75 143 103 81 112 60 108 110 131 92 53 87 140 127 109 36 145 63 129 67 123 45 120 72 91 113 73 12 21 74 137 141 118 147 125 68 41 17 52 132 130 15 88 86 136 38 119 23 20 70 1 8 90 3 96 89 148 25 59 65 121 99 55 94 126 135 19 95 76 56 48 101 138 133 34 71 28 111 31 77 40 79 128 93 35 7 13 32 39 11 105 97 33 142 149 27 116 6 66 100 107 80 106 69 4 0 54 2 117 51 9 84 78 14 22 61 42 43 37 134 44 58 144 139 49 85 16 10],498896643,636666939
random/tai150b,20,620390326,47089,47089,903179500,[38 116 115 134 63 20 3 64 98 78 50 84 43 77 148 53 5 30 141 132 79 108 2 100 47 34 94 36 143 69 26 60 75 135 81 104 119 31 88 25 107 28 106 86 103 92 125 117 123 22 33 58 10 95 12 0 114 73 76 4 15 49 93 111 9 6 7 8 139 14 124 96 70 121 101 97 133 82 66 118 65 48 1 44 51 71 90 146 56 74 113 55 80 149 27 127 59 68 105 129 85 46 145 62 112 57 102 109 87 35 40 131 24 18 128 89 130 136 13 120 137 72 19 142 32 126 138 42 61 16 91 122 83 11 54 52 21 29 67 110 99 23 144 39 17 45 41 140 37 147],[83 62 114 18 57 64 50 104 102 5 29 26 82 122 98 24 146 30 124 47 46 115 75 143 103 81 112 60 108 110 131 92 53 87 140 127 109 36 145 63 129 67 123 45 120 72 91 113 73 12 21 74 137 141 118 147 125 68 41 17 52 132 130 15 88 86 136 38 119 23 20 70 1 8 90 3 96 89 148 25 59 65 121 99 55 94 126 135 19 95 76 56 48 101 138 133 34 71 28 111 31 77 40 79 128 93 35 7 13 32 39 11 105 97 33 142 149 27 116 6 66 100 107 80 106 69 4 0 54 2 117 51 9 84 78 14 22 61 42 43 37 134 44 58 144 139 49 85 16 10],498896643,636666939
randomWalk/tai150b,20,658374628,1724584,1724584,899808800,[80 134 129 140 130 24 55 96 25 39 23 135 97 11 9 77 123 14 48 28 43 41 131 102 82 91 4 120 86 31 147 20 12 49 3 57 5 81 21 118 34 132 36 37 58 50 111 146 115 101 141 136 128 87 143 105 47 64 59 16 85 89 18 30 98 125 90 6 76 107 113 133 139 32 65 122 26 121 88 110 74 66 67 138 2 70 13 15 84 75 68 104 1 51 35 92 108 144 61 46 7 114 33 93 109 83 0 60 116 103 148 52 10 124 22 95 27 53 17 127 38 78 117 79 63 73 62 56 71 45 54 145 112 8 94 100 149 44 42 137 72 126 69 40 142 99 119 29 106 19],[83 62 114 18 57 64 50 104 102 5 29 26 82 122 98 24 146 30 124 47 46 115 75 143 103 81 112 60 108 110 131 92 53 87 140 127 109 36 145 63 129 67 123 45 120 72 91 113 73 12 21 74 137 141 118 147 125 68 41 17 52 132 130 15 88 86 136 38 119 23 20 70 1 8 90 3 96 89 148 25 59 65 121 99 55 94 126 135 19 95 76 56 48 101 138 133 34 71 28 111 31 77 40 79 128 93 35 7 13 32 39 11 105 97 33 142 149 27 116 6 66 100 107 80 106 69 4 0 54 2 117 51 9 84 78 14 22 61 42 43 37 134 44 58 144 139 49 85 16 10],498896643,636666939
heuristic/tai150b,20,620457677,0,0,0,[110 24 46 87 71 16 146 140 144 126 56 85 70 64 35 18 134 98 145 38 11 148 127 105 114 19 45 51 3 49 119 62 122 15 59 149 142 131 4 101 67 128 93 0 129 34 17 109 61 40 147 22 111 69 12 21 90 138 135 94 92 125 76 104 123 41 141 26 136 2 103 39 52 33 60 116 29 113 78 74 27 81 8 65 50 48 89 95 121 53 102 47 75 107 42 112 9 120 63 72 124 99 84 5 77 108 57 30 28 32 73 132 25 86 23 68 96 139 7 88 43 100 130 118 54 83 36 117 66 91 79 14 13 37 97 31 80 143 1 20 137 44 106 133 6 115 55 58 82 10],[83 62 114 18 57 64 50 104 102 5 29 26 82 122 98 24 146 30 124 47 46 115 75 143 103 81 112 60 108 110 131 92 53 87 140 127 109 36 145 63 129 67 123 45 120 72 91 113 73 12 21 74 137 141 118 147 125 68 41 17 52 132 130 15 88 86 136 38 119 23 20 70 1 8 90 3 96 89 148 25 59 65 121 99 55 94 126 135 19 95 76 56 48 101 138 133 34 71 28 111 31 77 40 79 128 93 35 7 13 32 39 11 105 97 33 142 149 27 116 6 66 100 107 80 106 69 4 0 54 2 117 51 9 84 78 14 22 61 42 43 37 134 44 58 144 139 49 85 16 10],498896643,636666939
greedy/tai256c,1,45016924,253,1221126,922930100,[178 89 203 124 249 205 155 245 32 66 100 114 56 150 237 207 85 8 173 168 20 81 228 70 102 23 193 63 0 188 145 41 133 95 163 96 46 31 127 28 216 39 77 148 165 104 74 26 107 128 121 197 158 186 218 231 138 87 6 37 11 35 160 119 43 131 110 208 241 18 180 136 226 183 64 141 201 60 214 254 13 235 83 52 3 211 153 190 239 92 252 49 44 67 62 38 122 198 182 154 68 196 15 238 184 105 123 144 69 16 129 181 250 97 143 55 176 242 253 99 76 204 103 53 139 78 255 58 161 130 9 187 14 215 246 189 24 94 230 213 135 51 192 223 45 147 25 118 146 217 109 227 40 30 112 21 149 167 234 162 93 179 132 1 98 157 36 191 17 5 134 240 71 156 236 125 61 202 166 159 232 195 2 174 88 209 171 229 140 65 19 126 194 116 106 244 172 82 34 137 84 113 175 101 79 200 50 151 115 4 73 221 212 29 54 80 42 22 233 185 117 219 210 48 75 224 57 120 72 33 7 251 10 170 12 206 247 199 177 86 169 164 248 111 47 222 91 220 225 108 90 27 152 243 142 59],[218 108 226 173 171 84 160 192 27 122 203 69 113 196 139 239 40 13 48 152 44 159 47 18 200 101 177 147 10 1 215 99 125 252 132 169 71 91 149 245 103 130 166 211 118 16 179 186 52 142 243 213 23 156 235 54 78 65 135 74 96 35 42 137 190 205 128 30 232 8 222 230 254 88 61 57 249 4 37 6 181 209 82 220 50 105 162 110 76 95 183 240 202 158 150 248 165 176 83 227 46 191 62 60 7 204 70 79 155 219 102 175 199 15 123 24 193 189 25 109 77 94 194 225 29 64 246 229 121 167 120 140 154 31 201 28 161 87 5 234 72 20 231 207 49 141 81 14 68 224 51 98 163 223 80 233 236 182 26 221 151 187 107 168 180 126 117 170 153 55 38 250 206 164 238 104 241 0 148 138 216 92 244 253 39 115 86 134 2 3 75 9 53 85 188 143 100 67 63 217 198 212 145 178 12 19 59 41 174 255 197 157 242 33 36 185 228 34 208 210 56 97 112 32 172 124 17 131 21 43 106 22 66 90 127 73 89 136 116 237 93 111 11 184 114 144 119 129 146 133 45 195 251 214 247 58],44759294,53204894
steepest/tai256c,1,44929742,45,1501440,1163371700,[208 24 196 250 237 9 101 124 94 227 103 83 72 118 32 161 69 7 172 58 41 97 244 136 239 52 193 79 0 22 146 183 49 66 80 248 45 31 89 28 133 121 231 164 151 127 77 26 106 128 252 179 158 187 217 235 3 86 13 37 210 5 166 139 43 220 109 114 241 18 181 175 207 131 55 141 200 62 153 254 116 205 168 176 35 229 170 190 214 92 202 75 243 39 51 63 242 160 216 145 6 15 204 236 184 120 123 144 16 74 53 180 143 81 20 126 238 221 253 70 198 246 17 150 76 96 255 60 105 99 14 186 38 215 61 44 185 78 230 213 119 68 192 223 46 147 25 102 129 218 110 226 40 30 112 73 149 167 189 162 93 163 178 1 98 157 36 191 195 4 194 240 71 156 65 125 188 203 165 159 232 211 2 174 88 209 171 228 140 134 19 130 182 100 107 245 173 82 34 137 84 113 138 85 222 201 50 212 115 234 104 132 57 29 54 64 42 23 233 67 117 219 10 48 155 224 95 135 56 33 8 251 11 154 12 206 247 199 177 87 169 148 249 111 47 197 91 122 225 108 90 27 152 21 142 59],[218 108 226 173 171 84 160 192 27 122 203 69 113 196 139 239 40 13 48 152 44 159 47 18 200 101 177 147 10 1 215 99 125 252 132 169 71 91 149 245 103 130 166 211 118 16 179 186 52 142 243 213 23 156 235 54 78 65 135 74 96 35 42 137 190 205 128 30 232 8 222 230 254 88 61 57 249 4 37 6 181 209 82 220 50 105 162 110 76 95 183 240 202 158 150 248 165 176 83 227 46 191 62 60 7 204 70 79 155 219 102 175 199 15 123 24 193 189 25 109 77 94 194 225 29 64 246 229 121 167 120 140 154 31 201 28 161 87 5 234 72 20 231 207 49 141 81 14 68 224 51 98 163 223 80 233 236 182 26 221 151 187 107 168 180 126 117 170 153 55 38 250 206 164 238 104 241 0 148 138 216 92 244 253 39 115 86 134 2 3 75 9 53 85 188 143 100 67 63 217 198 212 145 178 12 19 59 41 174 255 197 157 242 33 36 185 228 34 208 210 56 97 112 32 172 124 17 131 21 43 106 22 66 90 127 73 89 136 116 237 93 111 11 184 114 144 119 129 146 133 45 195 251 214 247 58],44759294,53204894
random/tai256c,1,49761020,23040,23040,1169313500,[147 207 196 136 230 39 103 186 208 187 251 44 21 245 191 202 108 228 42 240 31 40 65 120 83 69 198 30 133 14 217 236 255 169 79 242 22 152 18 226 34 239 128 94 90 129 123 209 54 89 248 74 221 190 173 126 150 106 26 112 250 113 222 157 213 215 118 116 165 109 177 17 234 52 172 246 80 63 155 20 178 204 184 72 231 141 130 55 132 41 167 159 219 238 33 56 58 59 176 117 11 119 93 8 214 91 139 45 23 212 143 185 37 35 82 122 28 78 205 170 98 76 210 156 115 15 243 62 180 218 195 142 87 153 36 53 10 158 146 32 105 95 137 224 125 0 114 189 249 134 51 104 160 203 241 84 227 161 171 48 168 197 220 138 192 233 71 124 154 229 88 235 16 140 166 174 247 100 12 85 163 183 97 121 3 9 149 179 75 223 182 237 175 111 162 57 148 67 50 64 7 66 225 211 92 1 144 110 206 81 60 13 127 188 131 164 47 135 46 43 4 102 216 5 201 25 253 2 77 193 99 145 181 232 68 254 29 96 107 49 73 151 244 200 27 86 199 6 61 24 38 252 194 101 70 19],[218 108 226 173 171 84 160 192 27 122 203 69 113 196 139 239 40 13 48 152 44 159 47 18 200 101 177 147 10 1 215 99 125 252 132 169 71 91 149 245 103 130 166 211 118 16 179 186 52 142 243 213 23 156 235 54 78 65 135 74 96 35 42 137 190 205 128 30 232 8 222 230 254 88 61 57 249 4 37 6 181 209 82 220 50 105 162 110 76 95 183 240 202 158 150 248 165 176 83 227 46 191 62 60 7 204 70 79 155 219 102 175 199 15 123 24 193 189 25 109 77 94 194 225 29 64 246 229 121 167 120 140 154 31 201 28 161 87 5 234 72 20 231 207 49 141 81 14 68 224 51 98 163 223 80 233 236 182 26 221 151 187 107 168 180 126 117 170 153 55 38 250 206 164 238 104 241 0 148 138 216 92 244 253 39 115 86 134 2 3 75 9 53 85 188 143 100 67 63 217 198 212 145 178 12 19 59 41 174 255 197 157 242 33 36 185 228 34 208 210 56 97 112 32 172 124 17 131 21 43 106 22 66 90 127 73 89 136 116 237 93 111 11 184 114 144 119 129 146 133 45 195 251 214 247 58],44759294,53204894
randomWalk/tai256c,1,57014480,1440922,1440922,1164010600,[135 225 95 122 69 36 70 207 193 227 81 96 178 202 34 23 117 66 40 216 203 111 196 174 211 42 62 76 64 102 160 17 90 25 243 191 214 176 124 220 57 83 45 149 177 116 114 12 219 157 47 172 241 115 50 236 49 2 248 189 129 91 101 51 151 30 233 159 240 85 205 130 33 133 32 215 7 52 68 204 86 99 118 46 185 65 146 134 107 251 16 38 75 188 19 44 74 147 235 250 195 139 245 208 223 119 144 166 234 131 112 11 10 41 94 164 183 145 244 0 72 242 104 231 93 186 169 218 128 254 8 187 199 171 163 89 209 138 67 79 168 56 222 229 180 103 190 92 77 63 4 127 175 237 22 137 71 6 184 230 224 136 87 206 150 108 253 182 24 5 192 39 55 197 27 228 120 113 73 161 198 109 140 179 28 201 217 125 167 170 80 126 212 255 154 60 142 132 1 200 53 58 238 165 29 106 153 15 239 148 14 9 37 88 156 3 84 143 121 232 43 247 97 210 158 18 13 246 252 110 31 98 78 123 181 54 82 35 194 21 61 221 155 213 59 173 141 249 20 162 48 100 226 26 152 105],[218 108 226 173 171 84 160 192 27 122 203 69 113 196 139 239 40 13 48 152 44 159 47 18 200 101 177 147 10 1 215 99 125 252 132 169 71 91 149 245 103 130 166 211 118 16 179 186 52 142 243 213 23 156 235 54 78 65 135 74 96 35 42 137 190 205 128 30 232 8 222 230 254 88 61 57 249 4 37 6 181 209 82 220 50 105 162 110 76 95 183 240 202 158 150 248 165 176 83 227 46 191 62 60 7 204 70 79 155 219 102 175 199 15 123 24 193 189 25 109 77 94 194 225 29 64 246 229 121 167 120 140 154 31 201 28 161 87 5 234 72 20 231 207 49 141 81 14 68 224 51 98 163 223 80 233 236 182 26 221 151 187 107 168 180 126 117 170 153 55 38 250 206 164 238 104 241 0 148 138 216 92 244 253 39 115 86 134 2 3 75 9 53 85 188 143 100 67 63 217 198 212 145 178 12 19 59 41 174 255 197 157 242 33 36 185 228 34 208 210 56 97 112 32 172 124 17 131 21 43 106 22 66 90 127 73 89 136 116 237 93 111 11 184 114 144 119 129 146 133 45 195 251 214 247 58],44759294,53204894
heuristic/tai256c,1,98685678,0,0,0,[192 166 255 254 253 252 251 250 249 248 247 246 245 244 243 242 241 240 239 238 237 236 235 234 233 232 231 230 229 228 227 226 225 224 223 222 221 220 219 218 217 216 215 214 213 212 211 165 210 209 208 207 206 205 204 203 202 201 200 199 198 197 196 167 164 195 194 193 191 190 189 188 187 186 185 184 183 182 181 180 179 178 177 176 175 174 173 172 171 170 169 168 92 93 94 95 96 97 98 99 100 101 102 103 104 105 106 107 108 109 110 111 112 113 114 115 116 117 118 119 120 121 122 123 124 125 63 64 47 129 130 131 132 133 134 135 136 137 138 139 140 141 142 143 144 145 146 147 148 149 150 151 152 153 154 155 156 157 158 159 160 161 162 163 81 128 127 126 91 90 89 88 87 86 85 84 83 82 1 80 79 78 77 76 75 74 73 72 71 70 69 68 0 67 66 65 62 61 60 59 58 57 56 55 54 53 52 51 50 49 48 46 45 44 43 42 41 40 39 38 37 36 35 34 33 32 31 30 29 28 27 26 25 24 23 22 21 20 19 18 17 16 15 14 13 12 11 10 9 8 7 6 5 4 3 2],[218 108 226 173 171 84 160 192 27 122 203 69 113 196 139 239 40 13 48 152 44 159 47 18 200 101 177 147 10 1 215 99 125 252 132 169 71 91 149 245 103 130 166 211 118 16 179 186 52 142 243 213 23 156 235 54 78 65 135 74 96 35 42 137 190 205 128 30 232 8 222 230 254 88 61 57 249 4 37 6 181 209 82 220 50 105 162 110 76 95 183 240 202 158 150 248 165 176 83 227 46 191 62 60 7 204 70 79 155 219 102 175 199 15 123 24 193 189 25 109 77 94 194 225 29 64 246 229 121 167 120 140 154 31 201 28 161 87 5 234 72 20 231 207 49 141 81 14 68 224 51 98 163 223 80 233 236 182 26 221 151 187 107 168 180 126 117 170 153 55 38 250 206 164 238 104 241 0 148 138 216 92 244 253 39 115 86 134 2 3 75 9 53 85 188 143 100 67 63 217 198 212 145 178 12 19 59 41 174 255 197 157 242 33 36 185 228 34 208 210 56 97 112 32 172 124 17 131 21 43 106 22 66 90 127 73 89 136 116 237 93 111 11 184 114 144 119 129 146 133 45 195 251 214 247 58],44759294,53204894
greedy/tai256c,2,44983038,286,1511962,1203116200,[203 200 27 111 232 218 17 210 30 207 45 238 255 136 186 86 244 141 49 212 34 10 105 205 8 146 131 73 190 116 0 122 215 173 253 156 126 119 112 158 166 98 208 53 12 227 168 79 62 101 23 90 88 80 5 235 171 225 197 75 139 153 194 246 36 2 42 68 143 83 108 179 134 56 19 93 229 71 164 183 177 160 249 149 25 38 60 47 220 151 66 129 57 236 128 196 3 199 193 240 150 115 121 252 161 13 40 138 180 132 123 254 82 16 251 37 142 74 1 59 242 209 7 230 152 145 198 195 234 163 107 243 70 250 51 211 192 43 33 188 14 228 241 247 239 97 118 206 95 44 24 21 125 189 223 214 191 110 124 127 48 154 46 165 155 18 204 231 147 219 72 77 35 22 69 104 96 117 41 4 222 185 148 89 175 157 178 87 78 84 29 213 130 20 39 113 61 133 94 137 170 106 58 224 103 217 140 64 76 54 52 81 167 100 67 169 109 176 226 6 92 181 120 216 184 114 201 221 135 31 63 162 85 202 91 233 159 174 55 50 144 15 237 99 187 182 26 32 65 102 9 28 172 245 11 248],[218 108 226 173 171 84 160 192 27 122 203 69 113 196 139 239 40 13 48 152 44 159 47 18 200 101 177 147 10 1 215 99 125 252 132 169 71 91 149 245 103 130 166 211 118 16 179 186 52 142 243 213 23 156 235 54 78 65 135 74 96 35 42 137 190 205 128 30 232 8 222 230 254 88 61 57 249 4 37 6 181 209 82 220 50 105 162 110 76 95 183 240 202 158 150 248 165 176 83 227 46 191 62 60 7 204 70 79 155 219 102 175 199 15 123 24 193 189 25 109 77 94 194 225 29 64 246 229 121 167 120 140 154 31 201 28 161 87 5 234 72 20 231 207 49 141 81 14 68 224 51 98 163 223 80 233 236 182 26 221 151 187 107 168 180 126 117 170 153 55 38 250 206 164 238 104 241 0 148 138 216 92 244 253 39 115 86 134 2 3 75 9 53 85 188 143 100 67 63 217 198 212 145 178 12 19 59 41 174 255 197 157 242 33 36 185 228 34 208 210 56 97 112 32 172 124 17 131 21 43 106 22 66 90 127 73 89 136 116 237 93 111 11 184 114 144 119 129 146 133 45 195 251 214 247 58],44759294,52673020
steepest/tai256c,2,44887870,37,1240320,977666500,[125 27 168 153 139 234 194 12 238 132 226 146 118 120 240 163 53 142 66 253 17 30 236 36 8 108 229 251 174 115 217 122 70 166 15 189 160 72 206 90 202 98 212 55 51 243 231 79 62 4 23 200 25 209 21 49 170 214 197 75 156 34 100 246 177 2 42 85 80 187 159 127 135 128 45 93 192 105 180 183 110 223 249 149 38 57 60 32 204 83 103 113 40 56 208 0 172 143 230 41 150 148 121 138 20 254 141 235 164 255 152 71 107 157 65 242 123 28 1 59 241 43 7 181 225 145 198 179 228 73 193 227 102 250 33 211 96 218 205 124 14 186 199 247 239 97 82 46 95 44 24 5 86 131 92 215 207 94 147 126 48 171 31 165 155 18 220 232 203 219 178 77 52 22 69 104 129 117 88 68 222 74 84 89 175 173 162 87 78 101 29 213 130 201 39 112 61 133 111 137 154 106 58 224 119 216 140 64 191 37 3 81 167 116 67 169 109 176 76 6 161 182 136 16 184 114 185 221 134 19 63 195 210 196 91 233 158 190 54 50 144 13 237 99 10 151 26 47 35 244 9 252 188 245 11 248],[218 108 226 173 171 84 160 192 27 122 203 69 113 196 139 239 40 13 48 152 44 159 47 18 200 101 177 147 10 1 215 99 125 252 132 169 71 91 149 245 103 130 166 211 118 16 179 186 52 142 243 213 23 156 235 54 78 65 135 74 96 35 42 137 190 205 128 30 232 8 222 230 254 88 61 57 249 4 37 6 181 209 82 220 50 105 162 110 76 95 183 240 202 158 150 248 165 176 83 227 46 191 62 60 7 204 70 79 155 219 102 175 199 15 123 24 193 189 25 109 77 94 194 225 29 64 246 229 121 167 120 140 154 31 201 28 161 87 5 234 72 20 231 207 49 141 81 14 68 224 51 98 163 223 80 233 236 182 26 221 151 187 107 168 180 126 117 170 153 55 38 250 206 164 238 104 241 0 148 138 216 92 244 253 39 115 86 134 2 3 75 9 53 85 188 143 100 67 63 217 198 212 145 178 12 19 59 41 174 255 197 157 242 33 36 185 228 34 208 210 56 97 112 32 172 124 17 131 21 43 106 22 66 90 127 73 89 136 116 237 93 111 11 184 114 144 119 129 146 133 45 195 251 214 247 58],44759294,52673020
random/tai256c,2,50025984,19263,19263,978071800,[120 217 32 219 109 1 226 211 130 151 175 161 10 61 15 72 73 230 24 148 36 237 68 117 42 149 131 31 39 186 118 234 107 30 8 198 239 179 102 241 255 95 205 243 83 23 180 181 128 158 48 86 216 111 75 143 112 169 58 12 209 104 252 55 43 196 51 184 45 156 140 170 173 21 246 93 101 70 177 253 244 116 66 64 63 6 137 145 50 152 162 99 165 200 223 38 212 166 74 88 222 202 28 62 27 90 82 225 3 207 105 19 127 80 250 187 54 115 0 113 78 133 232 52 92 108 236 5 25 240 163 171 203 193 134 224 185 106 35 100 168 146 214 40 213 129 98 2 147 65 188 249 89 164 47 26 190 220 16 150 191 201 60 218 160 69 231 91 34 247 172 67 13 251 142 7 84 33 94 210 53 199 167 248 103 228 125 229 46 227 208 29 126 136 96 49 204 155 153 121 176 124 17 59 37 9 245 154 178 242 189 22 57 215 194 138 56 85 123 197 235 182 122 238 157 183 11 71 141 14 77 144 233 119 159 132 81 87 192 135 110 20 97 114 79 18 44 139 76 41 174 195 4 221 206 254],[218 108 226 173 171 84 160 192 27 122 203 69 113 196 139 239 40 13 48 152 44 159 47 18 200 101 177 147 10 1 215 99 125 252 132 169 71 91 149 245 103 130 166 211 118 16 179 186 52 142 243 213 23 156 235 54 78 65 135 74 96 35 42 137 190 205 128 30 232 8 222 230 254 88 61 57 249 4 37 6 181 209 82 220 50 105 162 110 76 95 183 240 202 158 150 248 165 176 83 227 46 191 62 60 7 204 70 79 155 219 102 175 199 15 123 24 193 189 25 109 77 94 194 225 29 64 246 229 121 167 120 140 154 31 201 28 161 87 5 234 72 20 231 207 49 141 81 14 68 224 51 98 163 223 80 233 236 182 26 221 151 187 107 168 180 126 117 170 153 55 38 250 206 164 238 104 241 0 148 138 216 92 244 253 39 115 86 134 2 3 75 9 53 85 188 143 100 67 63 217 198 212 145 178 12 19 59 41 174 255 197 157 242 33 36 185 228 34 208 210 56 97 112 32 172 124 17 131 21 43 106 22 66 90 127 73 89 136 116 237 93 111 11 184 114 144 119 129 146 133 45 195 251 214 247 58],44759294,52673020
randomWalk/tai256c,2,53297166,1228469,1228469,977793600,[8 229 191 97 129 45 88 43 9 116 124 254 216 109 143 186 164 69 120 13 91 230 198 133 35 84 226 21 31 167 29 118 197 135 245 121 38 85 6 252 151 154 208 34 231 87 153 86 172 0 168 204 203 194 100 158 137 96 4 192 240 48 138 115 142 170 27 156 103 239 126 150 251 92 75 161 65 7 144 94 114 246 77 190 222 159 214 93 237 99 95 30 36 51 132 125 188 207 55 66 225 105 89 12 110 136 17 217 199 247 205 248 130 16 180 107 42 101 74 209 146 166 169 72 189 235 232 244 195 243 173 163 196 98 183 160 212 182 213 82 210 224 23 250 39 40 140 155 102 24 122 238 134 33 193 73 123 20 228 219 174 5 119 58 201 19 178 131 3 2 64 57 52 162 41 47 22 76 111 18 220 221 79 148 181 236 128 145 62 202 171 242 90 63 67 15 50 61 184 177 223 70 211 206 10 113 14 104 152 234 187 53 108 59 141 175 11 233 241 49 56 249 44 83 165 37 176 46 71 218 157 227 25 54 253 1 26 28 106 117 185 112 255 60 32 78 80 127 149 147 68 215 139 81 200 179],[218 108 226 173 171 84 160 192 27 122 203 69 113 196 139 239 40 13 48 152 44 159 47 18 200 101 177 147 10 1 215 99 125 252 132 169 71 91 149 245 103 130 166 211 118 16 179 186 52 142 243 213 23 156 235 54 78 65 135 74 96 35 42 137 190 205 128 30 232 8 222 230 254 88 61 57 249 4 37 6 181 209 82 220 50 105 162 110 76 95 183 240 202 158 150 248 165 176 83 227 46 191 62 60 7 204 70 79 155 219 102 175 199 15 123 24 193 189 25 109 77 94 194 225 29 64 246 229 121 167 120 140 154 31 201 28 161 87 5 234 72 20 231 207 49 141 81 14 68 224 51 98 163 223 80 233 236 182 26 221 151 187 107 168 180 126 117 170 153 55 38 250 206 164 238 104 241 0 148 138 216 92 244 253 39 115 86 134 2 3 75 9 53 85 188 143 100 67 63 217 198 212 145 178 12 19 59 41 174 255 197 157 242 33 36 185 228 34 208 210 56 97 112 32 172 124 17 131 21 43 106 22 66 90 127 73 89 136 116 237 93 111 11 184 114 144 119 129 146 133 45 195 251 214 247 58],44759294,52673020
heuristic/tai256c,2,98685678,0,0,614900,[192 166 255 254 253 252 251 250 249 248 247 246 245 244 243 242 241 240 239 238 237 236 235 234 233 232 231 230 229 228 227 226 225 224 223 222 221 220 219 218 217 216 215 214 213 212 211 165 210 209 208 207 206 205 204 203 202 201 200 199 198 197 196 167 164 195 194 193 191 190 189 188 187 186 185 184 183 182 181 180 179 178 177 176 175 174 173 172 171 170 169 168 92 93 94 95 96 97 98 99 100 101 102 103 104 105 106 107 108 109 110 111 112 113 114 115 116 117 118 119 120 121 122 123 124 125 63 64 47 129 130 131 132 133 134 135 136 137 138 139 140 141 142 143 144 145 146 147 148 149 150 151 152 153 154 155 156 157 158 159 160 161 162 163 81 128 127 126 91 90 89 88 87 86 85 84 83 82 1 80 79 78 77 76 75 74 73 72 71 70 69 68 0 67 66 65 62 61 60 59 58 57 56 55 54 53 52 51 50 49 48 46 45 44 43 42 41 40 39 38 37 36 35 34 33 32 31 30 29 28 27 26 25 24 23 22 21 20 19 18 17 16 15 14 13 12 11 10 9 8 7 6 5 4 3 2],[218 108 226 173 171 84 160 192 27 122 203 69 113 196 139 239 40 13 48 152 44 159 47 18 200 101 177 147 10 1 215 99 125 252 132 169 71 91 149 245 103 130 166 211 118 16 179 186 52 142 243 213 23 156 235 54 78 65 135 74 96 35 42 137 190 205 128 30 232 8 222 230 254 88 61 57 249 4 37 6 181 209 82 220 50 105 162 110 76 95 183 240 202 158 150 248 165 176 83 227 46 191 62 60 7 204 70 79 155 219 102 175 199 15 123 24 193 189 25 109 77 94 194 225 29 64 246 229 121 167 120 140 154 31 201 28 161 87 5 234 72 20 231 207 49 141 81 14 68 224 51 98 163 223 80 233 236 182 26 221 151 187 107 168 180 126 117 170 153 55 38 250 206 164 238 104 241 0 148 138 216 92 244 253 39 115 86 134 2 3 75 9 53 85 188 143 100 67 63 217 198 212 145 178 12 19 59 41 174 255 197 157 242 33 36 185 228 34 208 210 56 97 112 32 172 124 17 131 21 43 106 22 66 90 127 73 89 136 116 237 93 111 11 184 114 144 119 129 146 133 45 195 251 214 247 58],44759294,52673020
greedy/tai256c,3,44921980,290,1579228,1204315100,[213 188 50 113 130 163 132 200 29 37 77 118 156 94 183 128 70 24 193 101 225 232 236 52 22 230 217 46 247 150 165 98 137 2 206 80 57 9 115 173 135 84 195 203 221 171 87 5 210 39 44 159 254 92 42 160 111 65 142 90 178 208 67 107 63 72 139 228 109 145 104 239 198 20 124 152 180 169 191 17 27 240 59 122 243 15 35 32 186 251 234 12 244 226 91 0 229 36 110 250 79 168 33 155 127 214 205 99 125 25 56 175 105 3 13 49 14 224 96 123 116 202 102 66 187 19 170 223 138 157 131 192 43 73 26 184 30 172 28 149 176 10 55 76 47 83 140 242 209 245 134 235 161 78 1 252 212 58 4 53 190 117 64 141 41 238 253 246 95 23 45 158 74 199 204 93 81 146 231 108 40 136 167 166 151 7 21 174 85 16 121 237 18 196 179 11 48 97 120 177 34 143 68 185 62 106 60 144 6 147 197 82 126 103 114 194 182 227 71 201 189 216 220 249 89 248 119 133 153 222 219 233 241 86 61 69 207 75 255 38 154 129 164 88 8 112 211 218 51 54 181 215 162 31 148 100],[218 108 226 173 171 84 160 192 27 122 203 69 113 196 139 239 40 13 48 152 44 159 47 18 200 101 177 147 10 1 215 99 125 252 132 169 71 91 149 245 103 130 166 211 118 16 179 186 52 142 243 213 23 156 235 54 78 65 135 74 96 35 42 137 190 205 128 30 232 8 222 230 254 88 61 57 249 4 37 6 181 209 82 220 50 105 162 110 76 95 183 240 202 158 150 248 165 176 83 227 46 191 62 60 7 204 70 79 155 219 102 175 199 15 123 24 193 189 25 109 77 94 194 225 29 64 246 229 121 167 120 140 154 31 201 28 161 87 5 234 72 20 231 207 49 141 81 14 68 224 51 98 163 223 80 233 236 182 26 221 151 187 107 168 180 126 117 170 153 55 38 250 206 164 238 104 241 0 148 138 216 92 244 253 39 115 86 134 2 3 75 9 53 85 188 143 100 67 63 217 198 212 145 178 12 19 59 41 174 255 197 157 242 33 36 185 228 34 208 210 56 97 112 32 172 124 17 131 21 43 106 22 66 90 127 73 89 136 116 237 93 111 11 184 114 144 119 129 146 133 45 195 251 214 247 58],44759294,52469822
steepest/tai256c,3,44926942,46,1534080,1239099200,[69 129 28 107 82 176 25 169 252 46 76 213 114 87 230 42 93 141 84 119 181 171 121 139 189 178 201 61 8 150 80 6 124 154 126 52 57 224 144 174 13 116 0 210 237 35 112 164 216 39 11 196 186 219 204 3 111 206 143 90 227 223 78 99 63 72 247 244 167 161 104 254 198 20 193 184 50 250 102 17 147 54 59 156 241 31 37 32 136 133 233 65 9 105 36 226 170 22 125 149 91 109 33 155 180 214 168 12 253 74 195 128 106 26 79 68 14 191 96 113 71 118 190 66 187 19 122 208 138 172 131 192 43 73 89 200 29 44 209 231 24 10 55 77 47 49 140 243 225 83 134 235 145 62 1 236 212 58 5 94 183 117 64 157 41 239 238 246 95 23 175 158 60 199 152 92 81 146 232 108 40 137 120 166 151 7 21 173 85 16 251 221 18 163 179 27 48 97 135 177 34 142 67 185 30 215 75 160 53 4 197 127 110 103 115 194 182 211 70 217 188 249 220 234 159 248 101 205 153 222 203 228 242 240 45 98 207 2 255 38 123 130 165 88 148 86 56 218 51 245 229 202 162 15 132 100],[218 108 226 173 171 84 160 192 27 122 203 69 113 196 139 239 40 13 48 152 44 159 47 18 200 101 177 147 10 1 215 99 125 252 132 169 71 91 149 245 103 130 166 211 118 16 179 186 52 142 243 213 23 156 235 54 78 65 135 74 96 35 42 137 190 205 128 30 232 8 222 230 254 88 61 57 249 4 37 6 181 209 82 220 50 105 162 110 76 95 183 240 202 158 150 248 165 176 83 227 46 191 62 60 7 204 70 79 155 219 102 175 199 15 123 24 193 189 25 109 77 94 194 225 29 64 246 229 121 167 120 140 154 31 201 28 161 87 5 234 72 20 231 207 49 141 81 14 68 224 51 98 163 223 80 233 236 182 26 221 151 187 107 168 180 126 117 170 153 55 38 250 206 164 238 104 241 0 148 138 216 92 244 253 39 115 86 134 2 3 75 9 53 85 188 143 100 67 63 217 198 212 145 178 12 19 59 41 174 255 197 157 242 33 36 185 228 34 208 210 56 97 112 32 172 124 17 131 21 43 106 22 66 90 127 73 89 136 116 237 93 111 11 184 114 144 119 129 146 133 45 195 251 214 247 58],44759294,52469822
random/tai256c,3,50004040,22485,22485,1240550000,[37 219 59 66 175 242 236 167 95 3 67 93 106 198 235 190 187 56 113 192 102 104 9 110 211 117 79 120 205 14 157 131 247 36 248 122 222 112 170 129 223 245 201 73 166 16 240 49 119 43 123 184 226 41 146 116 39 179 81 178 45 196 60 13 232 100 229 155 161 188 213 151 58 17 48 7 250 212 140 61 141 255 133 62 135 239 86 108 30 52 0 69 2 70 208 19 28 207 214 168 220 128 54 164 230 31 83 137 132 84 90 136 25 163 234 77 221 174 50 142 96 33 125 145 241 251 5 143 139 6 215 75 182 109 153 243 191 118 111 1 87 57 20 24 88 51 172 169 82 246 210 154 47 197 94 91 177 199 22 124 18 228 176 34 224 194 217 134 144 10 202 233 231 15 42 252 127 195 38 63 29 32 97 218 114 99 185 160 27 76 11 206 158 237 156 254 68 55 150 204 64 107 35 65 105 53 12 26 40 165 103 203 181 162 23 138 46 148 21 71 180 126 249 8 115 193 186 244 189 80 227 78 152 101 216 92 209 171 200 98 4 149 130 89 44 74 238 225 72 159 147 85 121 183 253 173],[218 108 226 173 171 84 160 192 27 122 203 69 113 196 139 239 40 13 48 152 44 159 47 18 200 101 177 147 10 1 215 99 125 252 132 169 71 91 149 245 103 130 166 211 118 16 179 186 52 142 243 213 23 156 235 54 78 65 135 74 96 35 42 137 190 205 128 30 232 8 222 230 254 88 61 57 249 4 37 6 181 209 82 220 50 105 162 110 76 95 183 240 202 158 150 248 165 176 83 227 46 191 62 60 7 204 70 79 155 219 102 175 199 15 123 24 193 189 25 109 77 94 194 225 29 64 246 229 121 167 120 140 154 31 201 28 161 87 5 234 72 20 231 207 49 141 81 14 68 224 51 98 163 223 80 233 236 182 26 221 151 187 107 168 180 126 117 170 153 55 38 250 206 164 238 104 241 0 148 138 216 92 244 253 39 115 86 134 2 3 75 9 53 85 188 143 100 67 63 217 198 212 145 178 12 19 59 41 174 255 197 157 242 33 36 185 228 34 208 210 56 97 112 32 172 124 17 131 21 43 106 22 66 90 127 73 89 136 116 237 93 111 11 184 114 144 119 129 146 133 45 195 251 214 247 58],44759294,52469822
randomWalk/tai256c,3,53196736,1519210,1519210,1239580200,[125 37 205 180 121 82 110 78 223 169 27 226 162 126 73 139 84 171 70 117 160 217 241 212 199 145 149 211 43 128 193 174 252 9 230 170 32 60 19 50 183 255 134 92 109 59 13 195 74 197 112 132 220 25 18 108 146 244 206 123 33 203 152 41 83 26 235 236 55 147 173 89 138 7 172 103 224 75 141 53 148 42 44 124 116 153 233 135 248 151 85 187 54 100 245 31 215 122 247 157 190 209 2 228 250 181 95 86 254 167 69 136 200 94 111 12 20 214 56 137 17 30 131 38 16 76 182 175 232 88 219 58 64 178 51 253 5 71 39 237 177 246 105 72 201 240 142 194 168 120 176 213 68 6 52 101 11 127 159 242 185 63 191 165 231 45 34 161 81 216 57 115 238 0 80 66 225 204 36 87 218 35 227 4 189 29 98 93 21 221 48 198 28 49 40 79 114 97 10 99 46 184 202 143 196 113 61 65 133 179 104 243 150 222 207 208 186 107 77 140 47 8 1 62 154 251 15 234 102 67 118 210 90 166 3 239 164 158 24 106 130 192 188 156 155 129 96 22 14 163 249 91 119 229 144 23],[218 108 226 173 171 84 160 192 27 122 203 69 113 196 139 239 40 13 48 152 44 159 47 18 200 101 177 147 10 1 215 99 125 252 132 169 71 91 149 245 103 130 166 211 118 16 179 186 52 142 243 213 23 156 235 54 78 65 135 74 96 35 42 137 190 205 128 30 232 8 222 230 254 88 61 57 249 4 37 6 181 209 82 220 50 105 162 110 76 95 183 240 202 158 150 248 165 176 83 227 46 191 62 60 7 204 70 79 155 219 102 175 199 15 123 24 193 189 25 109 77 94 194 225 29 64 246 229 121 167 120 140 154 31 201 28 161 87 5 234 72 20 231 207 49 141 81 14 68 224 51 98 163 223 80 233 236 182 26 221 151 187 107 168 180 126 117 170 153 55 38 250 206 164 238 104 241 0 148 138 216 92 244 253 39 115 86 134 2 3 75 9 53 85 188 143 100 67 63 217 198 212 145 178 12 19 59 41 174 255 197 157 242 33 36 185 228 34 208 210 56 97 112 32 172 124 17 131 21 43 106 22 66 90 127 73 89 136 116 237 93 111 11 184 114 144 119 129 146 133 45 195 251 214 247 58],44759294,52469822
heuristic/tai256c,3,98685678,0,0,0,[192 166 255 254 253 252 251 250 249 248 247 246 245 244 243 242 241 240 239 238 237 236 235 234 233 232 231 230 229 228 227 226 225 224 223 222 221 220 219 218 217 216 215 214 213 212 211 165 210 209 208 207 206 205 204 203 202 201 200 199 198 197 196 167 164 195 194 193 191 190 189 188 187 186 185 184 183 182 181 180 179 178 177 176 175 174 173 172 171 170 169 168 92 93 94 95 96 97 98 99 100 101 102 103 104 105 106 107 108 109 110 111 112 113 114 115 116 117 118 119 120 121 122 123 124 125 63 64 47 129 130 131 132 133 134 135 136 137 138 139 140 141 142 143 144 145 146 147 148 149 150 151 152 153 154 155 156 157 158 159 160 161 162 163 81 128 127 126 91 90 89 88 87 86 85 84 83 82 1 80 79 78 77 76 75 74 73 72 71 70 69 68 0 67 66 65 62 61 60 59 58 57 56 55 54 53 52 51 50 49 48 46 45 44 43 42 41 40 39 38 37 36 35 34 33 32 31 30 29 28 27 26 25 24 23 22 21 20 19 18 17 16 15 14 13 12 11 10 9 8 7 6 5 4 3 2],[218 108 226 173 171 84 160 192 27 122 203 69 113 196 139 239 40 13 48 152 44 159 47 18 200 101 177 147 10 1 215 99 125 252 132 169 71 91 149 245 103 130 166 211 118 16 179 186 52 142 243 213 23 156 235 54 78 65 135 74 96 35 42 137 190 205 128 30 232 8 222 230 254 88 61 57 249 4 37 6 181 209 82 220 50 105 162 110 76 95 183 240 202 158 150 248 165 176 83 227 46 191 62 60 7 204 70 79 155 219 102 175 199 15 123 24 193 189 25 109 77 94 194 225 29 64 246 229 121 167 120 140 154 31 201 28 161 87 5 234 72 20 231 207 49 141 81 14 68 224 51 98 163 223 80 233 236 182 26 221 151 187 107 168 180 126 117 170 153 55 38 250 206 164 238 104 241 0 148 138 216 92 244 253 39 115 86 134 2 3 75 9 53 85 188 143 100 67 63 217 198 212 145 178 12 19 59 41 174 255 197 157 242 33 36 185 228 34 208 210 56 97 112 32 172 124 17 131 21 43 106 22 66 90 127 73 89 136 116 237 93 111 11 184 114 144 119 129 146 133 45 195 251 214 247 58],44759294,52469822
greedy/tai256c,4,45006280,274,1630847,1351737400,[91 161 205 6 93 52 54 194 222 237 247 199 103 37 216 56 243 176 165 202 152 226 106 182 207 81 135 13 99 123 8 2 50 47 114 120 154 179 241 188 112 126 28 89 197 129 245 30 71 252 150 41 255 171 156 249 143 141 43 108 116 0 101 33 111 169 67 137 219 209 174 234 10 58 230 148 76 19 45 48 86 184 133 4 146 79 212 23 144 62 224 84 250 159 235 29 142 9 139 64 11 153 130 98 164 196 244 218 3 223 220 74 170 26 5 35 59 14 44 134 185 88 117 83 90 221 128 113 238 18 34 16 166 183 124 140 94 200 215 155 178 38 248 236 40 92 24 36 95 20 49 213 246 227 239 82 68 225 73 177 127 191 32 51 97 163 206 208 147 132 204 63 96 189 77 151 240 198 172 233 75 57 69 31 162 80 192 87 118 12 107 115 1 254 85 229 66 251 65 110 211 187 7 210 39 61 104 195 27 173 157 109 214 203 121 21 46 100 22 242 42 131 15 145 168 102 181 125 136 138 190 72 53 186 175 158 160 25 55 17 122 228 70 253 201 60 180 193 167 149 119 105 231 217 78 232],[218 108 226 173 171 84 160 192 27 122 203 69 113 196 139 239 40 13 48 152 44 159 47 18 200 101 177 147 10 1 215 99 125 252 132 169 71 91 149 245 103 130 166 211 118 16 179 186 52 142 243 213 23 156 235 54 78 65 135 74 96 35 42 137 190 205 128 30 232 8 222 230 254 88 61 57 249 4 37 6 181 209 82 220 50 105 162 110 76 95 183 240 202 158 150 248 165 176 83 227 46 191 62 60 7 204 70 79 155 219 102 175 199 15 123 24 193 189 25 109 77 94 194 225 29 64 246 229 121 167 120 140 154 31 201 28 161 87 5 234 72 20 231 207 49 141 81 14 68 224 51 98 163 223 80 233 236 182 26 221 151 187 107 168 180 126 117 170 153 55 38 250 206 164 238 104 241 0 148 138 216 92 244 253 39 115 86 134 2 3 75 9 53 85 188 143 100 67 63 217 198 212 145 178 12 19 59 41 174 255 197 157 242 33 36 185 228 34 208 210 56 97 112 32 172 124 17 131 21 43 106 22 66 90 127 73 89 136 116 237 93 111 11 184 114 144 119 129 146 133 45 195 251 214 247 58],44759294,52317676
steepest/tai256c,4,44948146,48,1599360,1300615200,[121 216 248 12 167 53 195 193 253 165 225 66 178 42 60 197 229 45 119 87 243 210 171 201 207 152 246 98 83 34 126 36 32 73 145 104 27 160 1 189 113 116 218 154 39 62 235 204 70 199 148 25 240 90 141 233 128 96 31 214 64 14 92 4 22 150 68 139 186 208 174 221 10 107 95 163 75 19 77 49 56 169 156 102 131 159 212 133 7 109 238 85 5 237 30 23 223 18 123 230 11 153 146 13 105 200 244 220 3 89 202 74 166 26 20 144 88 184 0 134 185 33 118 99 57 55 143 111 239 2 50 179 59 183 108 140 79 41 250 155 65 9 164 236 117 93 24 35 206 101 17 213 142 227 224 82 67 80 43 209 127 191 251 51 97 86 177 6 147 132 170 63 112 188 29 151 255 182 172 249 76 245 52 16 162 247 192 28 54 252 91 115 241 254 84 38 194 198 81 110 47 187 215 226 8 61 120 196 37 173 157 94 124 203 137 21 46 100 228 242 58 129 15 114 168 103 181 125 136 138 190 72 69 219 175 130 234 40 161 48 106 211 71 158 231 44 180 176 222 149 135 122 205 217 78 232],[218 108 226 173 171 84 160 192 27 122 203 69 113 196 139 239 40 13 48 152 44 159 47 18 200 101 177 147 10 1 215 99 125 252 132 169 71 91 149 245 103 130 166 211 118 16 179 186 52 142 243 213 23 156 235 54 78 65 135 74 96 35 42 137 190 205 128 30 232 8 222 230 254 88 61 57 249 4 37 6 181 209 82 220 50 105 162 110 76 95 183 240 202 158 150 248 165 176 83 227 46 191 62 60 7 204 70 79 155 219 102 175 199 15 123 24 193 189 25 109 77 94 194 225 29 64 246 229 121 167 120 140 154 31 201 28 161 87 5 234 72 20 231 207 49 141 81 14 68 224 51 98 163 223 80 233 236 182 26 221 151 187 107 168 180 126 117 170 153 55 38 250 206 164 238 104 241 0 148 138 216 92 244 253 39 115 86 134 2 3 75 9 53 85 188 143 100 67 63 217 198 212 145 178 12 19 59 41 174 255 197 157 242 33 36 185 228 34 208 210 56 97 112 32 172 124 17 131 21 43 106 22 66 90 127 73 89 136 116 237 93 111 11 184 114 144 119 129 146 133 45 195 251 214 247 58],44759294,52317676
random/tai256c,4,50292010,15425,15425,1310117700,[161 214 144 134 175 63 189 109 184 62 74 140 131 192 89 123 111 139 247 11 54 176 19 158 41 52 255 83 234 102 0 2 31 61 225 195 217 92 7 43 70 146 133 98 222 72 90 126 167 157 107 171 208 197 38 190 49 5 121 40 65 248 227 26 59 243 245 130 87 169 56 67 155 211 152 114 213 119 202 148 221 241 177 93 250 35 34 154 30 244 100 105 166 39 127 254 51 170 20 220 6 147 50 103 81 36 219 163 194 8 210 17 226 15 1 12 122 96 252 66 188 200 13 10 237 24 79 112 230 42 78 14 183 55 236 160 47 239 75 80 132 21 212 113 151 142 186 228 215 29 193 205 84 233 229 235 37 173 71 172 179 199 115 203 106 9 48 16 251 156 18 224 27 23 218 207 3 198 191 204 145 141 46 149 82 116 69 118 22 60 57 25 187 68 94 150 129 178 4 238 137 120 240 28 101 162 153 143 117 249 206 124 108 201 110 95 223 73 86 33 138 196 76 64 209 168 104 45 135 216 97 165 91 32 136 53 242 85 128 77 125 164 174 99 182 181 44 253 180 185 231 232 159 246 88 58],[218 108 226 173 171 84 160 192 27 122 203 69 113 196 139 239 40 13 48 152 44 159 47 18 200 101 177 147 10 1 215 99 125 252 132 169 71 91 149 245 103 130 166 211 118 16 179 186 52 142 243 213 23 156 235 54 78 65 135 74 96 35 42 137 190 205 128 30 232 8 222 230 254 88 61 57 249 4 37 6 181 209 82 220 50 105 162 110 76 95 183 240 202 158 150 248 165 176 83 227 46 191 62 60 7 204 70 79 155 219 102 175 199 15 123 24 193 189 25 109 77 94 194 225 29 64 246 229 121 167 120 140 154 31 201 28 161 87 5 234 72 20 231 207 49 141 81 14 68 224 51 98 163 223 80 233 236 182 26 221 151 187 107 168 180 126 117 170 153 55 38 250 206 164 238 104 241 0 148 138 216 92 244 253 39 115 86 134 2 3 75 9 53 85 188 143 100 67 63 217 198 212 145 178 12 19 59 41 174 255 197 157 242 33 36 185 228 34 208 210 56 97 112 32 172 124 17 131 21 43 106 22 66 90 127 73 89 136 116 237 93 111 11 184 114 144 119 129 146 133 45 195 251 214 247 58],44759294,52317676
randomWalk/tai256c,4,54100078,1372743,1372743,1301249300,[38 229 109 111 50 10 2 51 152 166 85 110 119 197 163 72 192 24 205 158 210 146 112 62 19 127 31 98 159 101 209 103 42 217 121 181 241 247 84 224 155 213 47 80 86 16 194 6 237 128 5 30 169 114 147 28 183 32 20 200 12 33 1 137 61 27 172 161 18 125 199 108 82 81 78 178 83 57 124 89 204 23 70 90 170 94 45 49 15 95 254 65 120 118 55 252 219 130 35 64 7 150 187 105 133 248 148 173 239 135 115 151 113 240 54 233 138 215 13 59 177 66 225 21 100 102 11 25 171 134 107 139 91 232 160 231 26 4 156 141 40 253 143 63 230 201 117 104 145 236 250 48 208 36 53 99 131 220 175 190 76 182 142 73 216 189 202 9 212 17 144 164 44 136 93 37 14 140 174 154 228 123 221 129 43 106 8 244 97 185 251 46 56 245 246 96 168 68 176 41 234 226 227 249 75 67 206 167 88 218 235 184 162 79 29 122 180 3 238 39 195 198 203 186 58 223 188 0 165 191 211 71 77 149 126 179 60 34 207 132 153 157 242 222 243 116 52 87 214 193 92 69 74 22 255 196],[218 108 226 173 171 84 160 192 27 122 203 69 113 196 139 239 40 13 48 152 44 159 47 18 200 101 177 147 10 1 215 99 125 252 132 169 71 91 149 245 103 130 166 211 118 16 179 186 52 142 243 213 23 156 235 54 78 65 135 74 96 35 42 137 190 205 128 30 232 8 222 230 254 88 61 57 249 4 37 6 181 209 82 220 50 105 162 110 76 95 183 240 202 158 150 248 165 176 83 227 46 191 62 60 7 204 70 79 155 219 102 175 199 15 123 24 193 189 25 109 77 94 194 225 29 64 246 229 121 167 120 140 154 31 201 28 161 87 5 234 72 20 231 207 49 141 81 14 68 224 51 98 163 223 80 233 236 182 26 221 151 187 107 168 180 126 117 170 153 55 38 250 206 164 238 104 241 0 148 138 216 92 244 253 39 115 86 134 2 3 75 9 53 85 188 143 100 67 63 217 198 212 145 178 12 19 59 41 174 255 197 157 242 33 36 185 228 34 208 210 56 97 112 32 172 124 17 131 21 43 106 22 66 90 127 73 89 136 116 237 93 111 11 184 114 144 119 129 146 133 45 195 251 214 247 58],44759294,52317676
heuristic/tai256c,4,98685678,0,0,0,[192 166 255 254 253 252 251 250 249 248 247 246 245 244 243 242 241 240 239 238 237 236 235 234 233 232 231 230 229 228 227 226 225 224 223 222 221 220 219 218 217 216 215 214 213 212 211 165 210 209 208 207 206 205 204 203 202 201 200 199 198 197 196 167 164 195 194 193 191 190 189 188 187 186 185 184 183 182 181 180 179 178 177 176 175 174 173 172 171 170 169 168 92 93 94 95 96 97 98 99 100 101 102 103 104 105 106 107 108 109 110 111 112 113 114 115 116 117 118 119 120 121 122 123 124 125 63 64 47 129 130 131 132 133 134 135 136 137 138 139 140 141 142 143 144 145 146 147 148 149 150 151 152 153 154 155 156 157 158 159 160 161 162 163 81 128 127 126 91 90 89 88 87 86 85 84 83 82 1 80 79 78 77 76 75 74 73 72 71 70 69 68 0 67 66 65 62 61 60 59 58 57 56 55 54 53 52 51 50 49 48 46 45 44 43 42 41 40 39 38 37 36 35 34 33 32 31 30 29 28 27 26 25 24 23 22 21 20 19 18 17 16 15 14 13 12 11 10 9 8 7 6 5 4 3 2],[218 108 226 173 171 84 160 192 27 122 203 69 113 196 139 239 40 13 48 152 44 159 47 18 200 101 177 147 10 1 215 99 125 252 132 169 71 91 149 245 103 130 166 211 118 16 179 186 52 142 243 213 23 156 235 54 78 65 135 74 96 35 42 137 190 205 128 30 232 8 222 230 254 88 61 57 249 4 37 6 181 209 82 220 50 105 162 110 76 95 183 240 202 158 150 248 165 176 83 227 46 191 62 60 7 204 70 79 155 219 102 175 199 15 123 24 193 189 25 109 77 94 194 225 29 64 246 229 121 167 120 140 154 31 201 28 161 87 5 234 72 20 231 207 49 141 81 14 68 224 51 98 163 223 80 233 236 182 26 221 151 187 107 168 180 126 117 170 153 55 38 250 206 164 238 104 241 0 148 138 216 92 244 253 39 115 86 134 2 3 75 9 53 85 188 143 100 67 63 217 198 212 145 178 12 19 59 41 174 255 197 157 242 33 36 185 228 34 208 210 56 97 112 32 172 124 17 131 21 43 106 22 66 90 127 73 89 136 116 237 93 111 11 184 114 144 119 129 146 133 45 195 251 214 247 58],44759294,52317676
greedy/tai256c,5,44976428,292,1714369,1626083700,[4 113 144 95 143 188 49 126 58 151 10 117 30 174 240 32 119 64 107 163 104 155 252 121 170 205 140 178 222 157 199 92 56 165 207 146 63 89 21 100 85 134 232 78 176 153 102 148 249 161 41 18 226 71 13 60 202 168 243 109 35 235 193 98 182 6 75 138 228 83 131 237 68 66 208 45 239 96 214 15 185 1 220 247 211 38 53 27 217 24 196 245 37 61 36 246 223 20 29 17 39 70 238 22 194 115 218 233 54 31 180 34 65 80 184 212 192 227 219 79 14 129 156 81 99 132 101 0 136 46 186 206 47 137 166 97 215 225 88 253 197 152 127 177 74 82 52 169 7 210 51 139 195 103 84 72 216 108 203 67 50 149 241 179 40 173 164 229 234 112 224 141 8 209 86 248 55 187 181 154 242 69 255 94 198 190 189 244 44 3 26 120 183 250 116 251 213 57 48 114 175 16 150 123 62 160 191 204 19 124 12 159 236 118 142 221 200 254 111 105 125 90 158 145 230 5 25 93 33 135 91 147 23 167 76 28 73 162 172 9 133 11 43 122 128 110 106 130 171 231 77 42 201 87 2 59],[218 108 226 173 171 84 160 192 27 122 203 69 113 196 139 239 40 13 48 152 44 159 47 18 200 101 177 147 10 1 215 99 125 252 132 169 71 91 149 245 103 130 166 211 118 16 179 186 52 142 243 213 23 156 235 54 78 65 135 74 96 35 42 137 190 205 128 30 232 8 222 230 254 88 61 57 249 4 37 6 181 209 82 220 50 105 162 110 76 95 183 240 202 158 150 248 165 176 83 227 46 191 62 60 7 204 70 79 155 219 102 175 199 15 123 24 193 189 25 109 77 94 194 225 29 64 246 229 121 167 120 140 154 31 201 28 161 87 5 234 72 20 231 207 49 141 81 14 68 224 51 98 163 223 80 233 236 182 26 221 151 187 107 168 180 126 117 170 153 55 38 250 206 164 238 104 241 0 148 138 216 92 244 253 39 115 86 134 2 3 75 9 53 85 188 143 100 67 63 217 198 212 145 178 12 19 59 41 174 255 197 157 242 33 36 185 228 34 208 210 56 97 112 32 172 124 17 131 21 43 106 22 66 90 127 73 89 136 116 237 93 111 11 184 114 144 119 129 146 133 45 195 251 214 247 58],44759294,53198706
steepest/tai256c,5,44941084,43,1436160,1326585200,[15 163 66 32 159 202 219 200 49 227 252 249 168 205 126 60 107 64 190 28 103 188 237 105 170 30 124 155 86 173 215 111 88 71 207 4 222 57 18 99 81 135 254 77 208 114 225 165 150 161 40 21 193 74 176 69 232 185 242 122 35 197 195 141 182 54 8 234 230 84 132 146 52 153 94 45 23 112 129 240 26 1 212 6 180 117 11 43 120 92 63 245 61 218 2 13 228 20 194 206 156 115 160 22 36 53 236 138 131 14 231 58 65 133 0 38 192 152 203 79 255 113 127 70 148 233 101 246 220 46 186 17 199 98 149 97 136 247 56 253 123 217 87 177 55 82 68 169 7 223 51 139 178 121 83 72 216 108 187 67 50 224 241 179 41 157 164 226 235 96 210 174 239 209 109 248 31 172 181 154 243 198 211 37 166 91 189 244 44 27 196 118 183 250 100 175 213 73 48 3 137 16 102 238 62 251 191 204 19 140 12 143 24 119 142 221 184 85 80 42 125 90 158 145 229 5 25 93 33 134 75 147 39 167 76 29 89 162 151 9 116 10 144 47 128 110 106 130 171 214 78 95 201 104 34 59],[218 108 226 173 171 84 160 192 27 122 203 69 113 196 139 239 40 13 48 152 44 159 47 18 200 101 177 147 10 1 215 99 125 252 132 169 71 91 149 245 103 130 166 211 118 16 179 186 52 142 243 213 23 156 235 54 78 65 135 74 96 35 42 137 190 205 128 30 232 8 222 230 254 88 61 57 249 4 37 6 181 209 82 220 50 105 162 110 76 95 183 240 202 158 150 248 165 176 83 227 46 191 62 60 7 204 70 79 155 219 102 175 199 15 123 24 193 189 25 109 77 94 194 225 29 64 246 229 121 167 120 140 154 31 201 28 161 87 5 234 72 20 231 207 49 141 81 14 68 224 51 98 163 223 80 233 236 182 26 221 151 187 107 168 180 126 117 170 153 55 38 250 206 164 238 104 241 0 148 138 216 92 244 253 39 115 86 134 2 3 75 9 53 85 188 143 100 67 63 217 198 212 145 178 12 19 59 41 174 255 197 157 242 33 36 185 228 34 208 210 56 97 112 32 172 124 17 131 21 43 106 22 66 90 127 73 89 136 116 237 93 111 11 184 114 144 119 129 146 133 45 195 251 214 247 58],44759294,53198706
random/tai256c,5,50035916,22689,22689,1329937600,[220 238 64 192 164 43 68 23 251 232 145 98 171 131 155 187 217 122 152 44 48 138 222 240 177 34 110 181 92 169 6 59 78 218 93 3 162 237 194 86 179 141 50 184 77 26 129 174 235 85 247 133 103 200 16 227 106 143 47 210 118 56 15 90 188 135 75 21 51 83 154 167 13 33 72 1 112 132 120 8 101 243 175 70 127 99 242 201 123 38 215 234 190 165 176 115 108 66 10 89 7 57 31 12 105 189 248 158 178 146 193 46 226 27 81 182 236 168 197 228 221 205 144 233 180 203 104 137 107 241 209 140 207 41 185 35 87 95 153 11 100 71 62 183 40 186 250 130 24 147 116 246 159 229 82 65 9 79 212 80 128 172 202 223 134 254 195 25 150 97 198 29 69 36 173 37 191 20 28 208 96 166 244 94 60 113 45 239 199 213 39 14 67 63 225 42 149 151 224 124 17 255 91 0 148 54 136 109 230 32 84 142 245 214 4 161 157 231 126 52 111 49 170 119 160 206 211 216 76 58 196 61 125 163 73 121 19 219 252 30 88 249 5 2 114 156 22 117 139 53 253 18 102 74 204 55],[218 108 226 173 171 84 160 192 27 122 203 69 113 196 139 239 40 13 48 152 44 159 47 18 200 101 177 147 10 1 215 99 125 252 132 169 71 91 149 245 103 130 166 211 118 16 179 186 52 142 243 213 23 156 235 54 78 65 135 74 96 35 42 137 190 205 128 30 232 8 222 230 254 88 61 57 249 4 37 6 181 209 82 220 50 105 162 110 76 95 183 240 202 158 150 248 165 176 83 227 46 191 62 60 7 204 70 79 155 219 102 175 199 15 123 24 193 189 25 109 77 94 194 225 29 64 246 229 121 167 120 140 154 31 201 28 161 87 5 234 72 20 231 207 49 141 81 14 68 224 51 98 163 223 80 233 236 182 26 221 151 187 107 168 180 126 117 170 153 55 38 250 206 164 238 104 241 0 148 138 216 92 244 253 39 115 86 134 2 3 75 9 53 85 188 143 100 67 63 217 198 212 145 178 12 19 59 41 174 255 197 157 242 33 36 185 228 34 208 210 56 97 112 32 172 124 17 131 21 43 106 22 66 90 127 73 89 136 116 237 93 111 11 184 114 144 119 129 146 133 45 195 251 214 247 58],44759294,53198706
randomWalk/tai256c,5,53230436,1437510,1437510,1326819400,[240 100 127 210 226 104 33 206 185 67 60 125 99 200 208 173 9 107 192 93 6 80 64 143 14 111 18 133 84 19 244 128 179 215 25 62 148 229 213 137 89 2 40 157 249 38 41 120 92 82 98 45 227 204 83 68 97 16 199 52 214 195 132 251 87 219 166 238 79 167 58 42 147 122 103 101 46 248 156 202 5 76 81 130 26 55 4 43 116 197 169 136 126 217 198 113 150 171 29 242 154 218 225 63 32 77 177 23 65 74 243 30 233 28 105 48 139 163 37 49 96 236 124 0 59 175 1 196 228 189 178 152 165 237 3 164 220 207 140 190 168 224 22 36 123 8 73 54 141 85 57 255 161 231 247 159 115 254 51 252 112 27 91 182 188 253 66 11 181 39 108 155 129 71 245 222 144 24 211 146 153 235 158 53 232 203 134 216 78 21 212 69 117 205 180 149 44 239 95 47 50 72 35 34 86 193 201 56 223 13 121 110 15 138 75 61 187 160 102 131 183 145 7 31 191 12 94 106 142 118 221 209 114 151 10 90 135 70 194 172 184 176 88 241 174 162 119 234 230 186 17 109 170 246 250 20],[218 108 226 173 171 84 160 192 27 122 203 69 113 196 139 239 40 13 48 152 44 159 47 18 200 101 177 147 10 1 215 99 125 252 132 169 71 91 149 245 103 130 166 211 118 16 179 186 52 142 243 213 23 156 235 54 78 65 135 74 96 35 42 137 190 205 128 30 232 8 222 230 254 88 61 57 249 4 37 6 181 209 82 220 50 105 162 110 76 95 183 240 202 158 150 248 165 176 83 227 46 191 62 60 7 204 70 79 155 219 102 175 199 15 123 24 193 189 25 109 77 94 194 225 29 64 246 229 121 167 120 140 154 31 201 28 161 87 5 234 72 20 231 207 49 141 81 14 68 224 51 98 163 223 80 233 236 182 26 221 151 187 107 168 180 126 117 170 153 55 38 250 206 164 238 104 241 0 148 138 216 92 244 253 39 115 86 134 2 3 75 9 53 85 188 143 100 67 63 217 198 212 145 178 12 19 59 41 174 255 197 157 242 33 36 185 228 34 208 210 56 97 112 32 172 124 17 131 21 43 106 22 66 90 127 73 89 136 116 237 93 111 11 184 114 144 119 129 146 133 45 195 251 214 247 58],44759294,53198706
heuristic/tai256c,5,98685678,0,0,0,[192 166 255 254 253 252 251 250 249 248 247 246 245 244 243 242 241 240 239 238 237 236 235 234 233 232 231 230 229 228 227 226 225 224 223 222 221 220 219 218 217 216 215 214 213 212 211 165 210 209 208 207 206 205 204 203 202 201 200 199 198 197 196 167 164 195 194 193 191 190 189 188 187 186 185 184 183 182 181 180 179 178 177 176 175 174 173 172 171 170 169 168 92 93 94 95 96 97 98 99 100 101 102 103 104 105 106 107 108 109 110 111 112 113 114 115 116 117 118 119 120 121 122 123 124 125 63 64 47 129 130 131 132 133 134 135 136 137 138 139 140 141 142 143 144 145 146 147 148 149 150 151 152 153 154 155 156 157 158 159 160 161 162 163 81 128 127 126 91 90 89 88 87 86 85 84 83 82 1 80 79 78 77 76 75 74 73 72 71 70 69 68 0 67 66 65 62 61 60 59 58 57 56 55 54 53 52 51 50 49 48 46 45 44 43 42 41 40 39 38 37 36 35 34 33 32 31 30 29 28 27 26 25 24 23 22 21 20 19 18 17 16 15 14 13 12 11 10 9 8 7 6 5 4 3 2],[218 108 226 173 171 84 160 192 27 122 203 69 113 196 139 239 40 13 48 152 44 159 47 18 200 101 177 147 10 1 215 99 125 252 132 169 71 91 149 245 103 130 166 211 118 16 179 186 52 142 243 213 23 156 235 54 78 65 135 74 96 35 42 137 190 205 128 30 232 8 222 230 254 88 61 57 249 4 37 6 181 209 82 220 50 105 162 110 76 95 183 240 202 158 150 248 165 176 83 227 46 191 62 60 7 204 70 79 155 219 102 175 199 15 123 24 193 189 25 109 77 94 194 225 29 64 246 229 121 167 120 140 154 31 201 28 161 87 5 234 72 20 231 207 49 141 81 14 68 224 51 98 163 223 80 233 236 182 26 221 151 187 107 168 180 126 117 170 153 55 38 250 206 164 238 104 241 0 148 138 216 92 244 253 39 115 86 134 2 3 75 9 53 85 188 143 100 67 63 217 198 212 145 178 12 19 59 41 174 255 197 157 242 33 36 185 228 34 208 210 56 97 112 32 172 124 17 131 21 43 106 22 66 90 127 73 89 136 116 237 93 111 11 184 114 144 119 129 146 133 45 195 251 214 247 58],44759294,53198706
greedy/tai256c,6,44958040,282,1421967,1504609100,[145 18 99 42 190 117 247 131 21 182 232 184 114 65 10 127 137 222 214 78 52 201 97 252 25 148 128 162 124 139 1 205 30 165 237 72 122 28 69 13 194 173 240 170 74 82 235 33 249 63 242 89 59 176 102 76 8 80 218 87 211 209 35 142 188 207 197 152 16 50 39 6 45 93 4 110 120 54 57 203 245 179 228 15 239 156 150 159 107 84 135 199 86 31 177 88 46 138 47 172 56 48 253 192 109 123 178 236 105 9 27 154 17 24 71 53 206 195 29 125 166 70 210 60 49 155 251 118 187 40 111 7 119 38 132 227 171 250 175 0 106 219 217 104 196 233 191 20 169 101 221 41 79 37 168 163 204 62 94 134 208 198 66 200 229 32 212 238 68 140 248 223 58 81 85 22 36 96 160 147 19 23 143 12 34 115 161 164 254 158 83 149 112 226 55 130 215 146 202 180 151 189 98 186 113 220 157 61 185 174 51 241 234 141 95 243 75 225 213 133 108 2 14 144 11 64 116 193 181 92 43 183 230 167 77 216 90 67 255 153 100 244 136 91 44 224 5 126 121 26 246 103 73 129 231 3],[218 108 226 173 171 84 160 192 27 122 203 69 113 196 139 239 40 13 48 152 44 159 47 18 200 101 177 147 10 1 215 99 125 252 132 169 71 91 149 245 103 130 166 211 118 16 179 186 52 142 243 213 23 156 235 54 78 65 135 74 96 35 42 137 190 205 128 30 232 8 222 230 254 88 61 57 249 4 37 6 181 209 82 220 50 105 162 110 76 95 183 240 202 158 150 248 165 176 83 227 46 191 62 60 7 204 70 79 155 219 102 175 199 15 123 24 193 189 25 109 77 94 194 225 29 64 246 229 121 167 120 140 154 31 201 28 161 87 5 234 72 20 231 207 49 141 81 14 68 224 51 98 163 223 80 233 236 182 26 221 151 187 107 168 180 126 117 170 153 55 38 250 206 164 238 104 241 0 148 138 216 92 244 253 39 115 86 134 2 3 75 9 53 85 188 143 100 67 63 217 198 212 145 178 12 19 59 41 174 255 197 157 242 33 36 185 228 34 208 210 56 97 112 32 172 124 17 131 21 43 106 22 66 90 127 73 89 136 116 237 93 111 11 184 114 144 119 129 146 133 45 195 251 214 247 58],44759294,53520694
steepest/tai256c,6,44953870,45,1501440,1327700300,[199 86 135 171 227 150 203 188 108 123 212 51 45 145 11 30 13 17 214 252 168 182 97 43 78 147 241 162 60 71 205 233 19 222 137 56 106 32 69 174 195 216 0 154 75 66 237 49 250 63 26 89 177 41 101 58 8 111 185 99 130 21 36 143 247 192 220 126 244 191 23 6 84 141 218 2 104 54 118 165 229 180 93 255 224 156 80 209 133 116 160 112 76 166 169 18 46 127 47 210 50 132 206 87 95 155 53 236 105 7 27 35 159 24 72 207 190 179 124 134 219 25 139 57 157 242 228 119 187 40 152 115 92 38 128 4 170 249 178 240 122 82 217 120 196 70 197 20 144 102 221 88 79 37 202 163 204 62 94 235 208 198 251 16 245 33 184 238 68 140 248 223 59 81 85 22 83 96 176 148 226 39 142 12 34 129 161 164 64 158 138 149 52 243 55 211 215 146 29 194 151 189 98 186 113 1 173 61 201 172 109 253 234 107 48 167 74 225 213 28 15 31 14 131 10 65 117 193 181 136 42 183 230 200 77 232 90 67 254 153 100 175 114 91 44 239 5 125 121 9 246 103 73 110 231 3],[218 108 226 173 171 84 160 192 27 122 203 69 113 196 139 239 40 13 48 152 44 159 47 18 200 101 177 147 10 1 215 99 125 252 132 169 71 91 149 245 103 130 166 211 118 16 179 186 52 142 243 213 23 156 235 54 78 65 135 74 96 35 42 137 190 205 128 30 232 8 222 230 254 88 61 57 249 4 37 6 181 209 82 220 50 105 162 110 76 95 183 240 202 158 150 248 165 176 83 227 46 191 62 60 7 204 70 79 155 219 102 175 199 15 123 24 193 189 25 109 77 94 194 225 29 64 246 229 121 167 120 140 154 31 201 28 161 87 5 234 72 20 231 207 49 141 81 14 68 224 51 98 163 223 80 233 236 182 26 221 151 187 107 168 180 126 117 170 153 55 38 250 206 164 238 104 241 0 148 138 216 92 244 253 39 115 86 134 2 3 75 9 53 85 188 143 100 67 63 217 198 212 145 178 12 19 59 41 174 255 197 157 242 33 36 185 228 34 208 210 56 97 112 32 172 124 17 131 21 43 106 22 66 90 127 73 89 136 116 237 93 111 11 184 114 144 119 129 146 133 45 195 251 214 247 58],44759294,53520694
random/tai256c,6,49931582,22007,22007,1329926600,[57 173 78 106 109 81 134 200 69 130 42 97 114 239 123 116 178 31 40 122 195 55 53 181 206 12 190 62 33 236 179 60 247 241 248 18 163 166 184 68 113 211 143 172 67 75 137 208 21 141 72 99 212 229 19 36 104 203 142 95 43 250 23 170 231 237 89 92 74 183 205 98 194 4 16 155 101 148 120 48 14 41 29 24 245 111 209 176 118 27 201 167 140 244 11 164 80 144 249 47 84 221 253 207 158 1 125 224 128 150 169 9 238 52 135 149 8 13 180 222 2 182 5 188 168 159 185 151 191 199 26 0 50 147 242 228 20 51 28 108 90 216 96 197 156 226 103 93 171 70 232 86 61 192 227 219 119 35 112 225 196 213 37 79 136 161 58 220 102 251 214 34 71 218 240 39 54 115 187 7 138 107 94 246 252 145 162 160 254 17 215 127 63 105 66 38 6 177 157 189 87 129 117 83 243 56 49 25 233 223 10 3 88 82 230 44 131 234 255 121 175 174 210 146 193 126 59 46 45 186 30 100 73 22 15 204 152 153 133 132 110 202 154 165 64 77 124 139 217 91 198 65 235 85 76 32],[218 108 226 173 171 84 160 192 27 122 203 69 113 196 139 239 40 13 48 152 44 159 47 18 200 101 177 147 10 1 215 99 125 252 132 169 71 91 149 245 103 130 166 211 118 16 179 186 52 142 243 213 23 156 235 54 78 65 135 74 96 35 42 137 190 205 128 30 232 8 222 230 254 88 61 57 249 4 37 6 181 209 82 220 50 105 162 110 76 95 183 240 202 158 150 248 165 176 83 227 46 191 62 60 7 204 70 79 155 219 102 175 199 15 123 24 193 189 25 109 77 94 194 225 29 64 246 229 121 167 120 140 154 31 201 28 161 87 5 234 72 20 231 207 49 141 81 14 68 224 51 98 163 223 80 233 236 182 26 221 151 187 107 168 180 126 117 170 153 55 38 250 206 164 238 104 241 0 148 138 216 92 244 253 39 115 86 134 2 3 75 9 53 85 188 143 100 67 63 217 198 212 145 178 12 19 59 41 174 255 197 157 242 33 36 185 228 34 208 210 56 97 112 32 172 124 17 131 21 43 106 22 66 90 127 73 89 136 116 237 93 111 11 184 114 144 119 129 146 133 45 195 251 214 247 58],44759294,53520694
randomWalk/tai256c,6,55681116,1527884,1527884,1333723200,[87 98 152 136 108 200 53 72 211 69 32 120 6 201 1 48 15 147 79 166 148 71 255 38 62 172 140 93 202 30 83 142 124 123 21 129 84 135 215 3 45 65 181 125 131 170 186 176 209 167 151 43 60 197 63 26 47 163 187 221 103 189 193 203 230 78 106 119 174 99 109 41 218 229 130 54 188 128 127 70 198 59 33 237 97 85 225 110 213 194 82 240 112 244 191 252 94 208 220 154 146 91 113 254 248 236 90 253 42 149 104 96 73 222 246 156 238 184 165 199 231 44 210 36 81 183 251 178 46 160 92 9 134 171 168 150 139 145 143 12 179 31 233 182 219 235 121 75 105 100 77 4 49 89 216 164 118 29 122 55 227 158 138 23 58 5 214 153 159 95 107 155 7 74 115 141 57 243 35 180 111 137 185 217 28 20 177 192 228 169 52 226 223 161 133 11 102 212 80 116 101 40 68 13 175 195 239 207 25 34 51 8 144 27 114 206 190 14 76 242 162 250 88 37 157 245 196 86 234 224 0 22 16 50 39 56 24 205 132 66 18 64 2 126 10 249 19 232 61 247 67 204 117 241 173 17],[218 108 226 173 171 84 160 192 27 122 203 69 113 196 139 239 40 13 48 152 44 159 47 18 200 101 177 147 10 1 215 99 125 252 132 169 71 91 149 245 103 130 166 211 118 16 179 186 52 142 243 213 23 156 235 54 78 65 135 74 96 35 42 137 190 205 128 30 232 8 222 230 254 88 61 57 249 4 37 6 181 209 82 220 50 105 162 110 76 95 183 240 202 158 150 248 165 176 83 227 46 191 62 60 7 204 70 79 155 219 102 175 199 15 123 24 193 189 25 109 77 94 194 225 29 64 246 229 121 167 120 140 154 31 201 28 161 87 5 234 72 20 231 207 49 141 81 14 68 224 51 98 163 223 80 233 236 182 26 221 151 187 107 168 180 126 117 170 153 55 38 250 206 164 238 104 241 0 148 138 216 92 244 253 39 115 86 134 2 3 75 9 53 85 188 143 100 67 63 217 198 212 145 178 12 19 59 41 174 255 197 157 242 33 36 185 228 34 208 210 56 97 112 32 172 124 17 131 21 43 106 22 66 90 127 73 89 136 116 237 93 111 11 184 114 144 119 129 146 133 45 195 251 214 247 58],44759294,53520694
heuristic/tai256c,6,98685678,0,0,0,[192 166 255 254 253 252 251 250 249 248 247 246 245 244 243 242 241 240 239 238 237 236 235 234 233 232 231 230 229 228 227 226 225 224 223 222 221 220 219 218 217 216 215 214 213 212 211 165 210 209 208 207 206 205 204 203 202 201 200 199 198 197 196 167 164 195 194 193 191 190 189 188 187 186 185 184 183 182 181 180 179 178 177 176 175 174 173 172 171 170 169 168 92 93 94 95 96 97 98 99 100 101 102 103 104 105 106 107 108 109 110 111 112 113 114 115 116 117 118 119 120 121 122 123 124 125 63 64 47 129 130 131 132 133 134 135 136 137 138 139 140 141 142 143 144 145 146 147 148 149 150 151 152 153 154 155 156 157 158 159 160 161 162 163 81 128 127 126 91 90 89 88 87 86 85 84 83 82 1 80 79 78 77 76 75 74 73 72 71 70 69 68 0 67 66 65 62 61 60 59 58 57 56 55 54 53 52 51 50 49 48 46 45 44 43 42 41 40 39 38 37 36 35 34 33 32 31 30 29 28 27 26 25 24 23 22 21 20 19 18 17 16 15 14 13 12 11 10 9 8 7 6 5 4 3 2],[218 108 226 173 171 84 160 192 27 122 203 69 113 196 139 239 40 13 48 152 44 159 47 18 200 101 177 147 10 1 215 99 125 252 132 169 71 91 149 245 103 130 166 211 118 16 179 186 52 142 243 213 23 156 235 54 78 65 135 74 96 35 42 137 190 205 128 30 232 8 222 230 254 88 61 57 249 4 37 6 181 209 82 220 50 105 162 110 76 95 183 240 202 158 150 248 165 176 83 227 46 191 62 60 7 204 70 79 155 219 102 175 199 15 123 24 193 189 25 109 77 94 194 225 29 64 246 229 121 167 120 140 154 31 201 28 161 87 5 234 72 20 231 207 49 141 81 14 68 224 51 98 163 223 80 233 236 182 26 221 151 187 107 168 180 126 117 170 153 55 38 250 206 164 238 104 241 0 148 138 216 92 244 253 39 115 86 134 2 3 75 9 53 85 188 143 100 67 63 217 198 212 145 178 12 19 59 41 174 255 197 157 242 33 36 185 228 34 208 210 56 97 112 32 172 124 17 131 21 43 106 22 66 90 127 73 89 136 116 237 93 111 11 184 114 144 119 129 146 133 45 195 251 214 247 58],44759294,53520694
greedy/tai256c,7,44921492,278,1281697,1365889400,[244 253 63 51 164 18 104 152 49 238 3 56 14 157 70 145 87 75 11 176 1 183 166 126 134 116 225 211 236 92 23 143 111 41 154 196 221 230 208 97 106 204 207 66 28 140 9 202 187 99 64 123 194 179 38 119 169 21 217 219 32 89 112 172 58 101 175 36 26 53 149 240 31 213 198 109 247 137 232 190 242 77 94 60 84 250 162 114 6 131 200 45 197 241 191 203 69 88 212 81 216 57 86 150 161 37 0 171 74 122 105 7 30 180 127 147 103 206 146 228 226 91 139 174 2 205 25 160 118 117 192 68 46 102 72 186 100 13 185 24 90 93 218 29 223 96 20 27 181 71 79 234 165 80 12 224 73 16 201 4 43 178 113 83 48 50 98 168 44 153 35 239 156 209 15 227 138 155 237 189 8 39 148 76 235 255 82 78 107 54 193 115 67 40 188 130 199 173 128 248 246 42 167 142 95 151 249 233 254 136 124 120 210 132 229 34 252 195 19 33 170 135 159 222 220 163 214 5 133 59 65 110 231 47 125 251 121 215 85 10 108 129 52 22 55 182 245 141 62 177 144 17 158 243 184 61],[218 108 226 173 171 84 160 192 27 122 203 69 113 196 139 239 40 13 48 152 44 159 47 18 200 101 177 147 10 1 215 99 125 252 132 169 71 91 149 245 103 130 166 211 118 16 179 186 52 142 243 213 23 156 235 54 78 65 135 74 96 35 42 137 190 205 128 30 232 8 222 230 254 88 61 57 249 4 37 6 181 209 82 220 50 105 162 110 76 95 183 240 202 158 150 248 165 176 83 227 46 191 62 60 7 204 70 79 155 219 102 175 199 15 123 24 193 189 25 109 77 94 194 225 29 64 246 229 121 167 120 140 154 31 201 28 161 87 5 234 72 20 231 207 49 141 81 14 68 224 51 98 163 223 80 233 236 182 26 221 151 187 107 168 180 126 117 170 153 55 38 250 206 164 238 104 241 0 148 138 216 92 244 253 39 115 86 134 2 3 75 9 53 85 188 143 100 67 63 217 198 212 145 178 12 19 59 41 174 255 197 157 242 33 36 185 228 34 208 210 56 97 112 32 172 124 17 131 21 43 106 22 66 90 127 73 89 136 116 237 93 111 11 184 114 144 119 129 146 133 45 195 251 214 247 58],44759294,54139272
steepest/tai256c,7,44943866,48,1599360,1442547400,[222 197 205 234 136 169 51 182 202 79 5 212 244 157 71 31 121 253 239 165 123 167 227 140 147 8 232 94 40 38 86 73 53 225 172 12 91 230 103 97 106 207 208 66 44 150 138 14 187 99 80 155 23 144 76 101 217 36 112 236 32 88 25 179 58 49 175 129 27 118 132 240 19 215 1 10 247 109 177 190 242 61 142 111 84 219 162 114 194 34 184 46 186 199 37 41 125 203 127 13 81 26 70 171 161 24 92 251 223 15 145 237 30 6 255 131 160 192 146 228 226 119 139 174 2 250 42 133 204 116 206 20 45 245 7 143 100 128 185 43 90 93 104 137 63 96 21 29 216 55 254 87 164 64 117 224 48 16 201 4 134 178 113 83 50 18 98 168 28 102 35 238 156 209 3 211 122 72 252 189 9 39 148 241 235 74 82 78 107 54 193 115 67 220 188 130 198 173 75 248 246 135 183 89 95 151 249 233 57 191 124 120 210 149 229 0 218 195 181 33 170 152 159 221 60 163 213 153 180 59 65 110 231 47 141 11 105 214 85 56 108 68 52 22 69 166 154 126 62 176 196 17 158 243 200 77],[218 108 226 173 171 84 160 192 27 122 203 69 113 196 139 239 40 13 48 152 44 159 47 18 200 101 177 147 10 1 215 99 125 252 132 169 71 91 149 245 103 130 166 211 118 16 179 186 52 142 243 213 23 156 235 54 78 65 135 74 96 35 42 137 190 205 128 30 232 8 222 230 254 88 61 57 249 4 37 6 181 209 82 220 50 105 162 110 76 95 183 240 202 158 150 248 165 176 83 227 46 191 62 60 7 204 70 79 155 219 102 175 199 15 123 24 193 189 25 109 77 94 194 225 29 64 246 229 121 167 120 140 154 31 201 28 161 87 5 234 72 20 231 207 49 141 81 14 68 224 51 98 163 223 80 233 236 182 26 221 151 187 107 168 180 126 117 170 153 55 38 250 206 164 238 104 241 0 148 138 216 92 244 253 39 115 86 134 2 3 75 9 53 85 188 143 100 67 63 217 198 212 145 178 12 19 59 41 174 255 197 157 242 33 36 185 228 34 208 210 56 97 112 32 172 124 17 131 21 43 106 22 66 90 127 73 89 136 116 237 93 111 11 184 114 144 119 129 146 133 45 195 251 214 247 58],44759294,54139272
random/tai256c,7,49754750,24136,24136,1452050200,[61 159 104 49 36 43 182 98 255 86 153 163 138 50 216 249 115 55 180 11 51 192 23 209 122 57 93 103 218 196 141 34 80 171 38 134 220 17 139 203 113 112 109 158 13 229 248 101 142 206 111 234 5 94 27 214 1 239 8 151 149 205 22 244 41 59 118 162 145 69 3 160 223 210 207 78 10 174 31 227 58 221 90 89 184 228 92 70 169 66 188 47 129 83 79 9 170 45 247 54 195 140 114 102 95 96 152 178 241 225 60 230 208 161 135 26 226 137 254 154 44 7 130 121 202 48 30 72 250 197 236 71 106 165 132 42 6 238 251 156 25 243 133 19 84 128 219 119 173 212 233 148 67 21 231 177 116 62 194 224 124 172 126 198 32 24 232 200 4 108 150 100 97 53 63 81 217 20 131 253 35 105 56 75 199 73 136 252 125 235 29 222 193 155 167 146 0 91 28 240 179 15 201 183 107 168 65 143 242 246 191 82 37 110 120 175 237 77 99 190 127 204 181 33 166 185 245 16 176 147 123 40 52 117 46 187 76 14 2 68 74 18 157 87 64 39 186 215 12 213 85 88 189 211 164 144],[218 108 226 173 171 84 160 192 27 122 203 69 113 196 139 239 40 13 48 152 44 159 47 18 200 101 177 147 10 1 215 99 125 252 132 169 71 91 149 245 103 130 166 211 118 16 179 186 52 142 243 213 23 156 235 54 78 65 135 74 96 35 42 137 190 205 128 30 232 8 222 230 254 88 61 57 249 4 37 6 181 209 82 220 50 105 162 110 76 95 183 240 202 158 150 248 165 176 83 227 46 191 62 60 7 204 70 79 155 219 102 175 199 15 123 24 193 189 25 109 77 94 194 225 29 64 246 229 121 167 120 140 154 31 201 28 161 87 5 234 72 20 231 207 49 141 81 14 68 224 51 98 163 223 80 233 236 182 26 221 151 187 107 168 180 126 117 170 153 55 38 250 206 164 238 104 241 0 148 138 216 92 244 253 39 115 86 134 2 3 75 9 53 85 188 143 100 67 63 217 198 212 145 178 12 19 59 41 174 255 197 157 242 33 36 185 228 34 208 210 56 97 112 32 172 124 17 131 21 43 106 22 66 90 127 73 89 136 116 237 93 111 11 184 114 144 119 129 146 133 45 195 251 214 247 58],44759294,54139272
randomWalk/tai256c,7,52399688,1533135,1533135,1443257500,[28 197 207 188 211 212 123 196 58 22 193 200 162 176 90 235 81 80 38 74 221 171 84 86 116 101 225 180 82 241 219 64 143 202 66 138 111 2 63 30 249 234 98 7 185 79 95 231 13 125 31 69 52 237 203 39 120 192 17 67 251 119 137 149 195 140 118 27 42 40 186 167 70 19 33 198 112 217 3 61 160 151 245 100 181 150 174 142 122 175 155 78 208 190 26 134 161 37 158 133 226 227 215 77 99 56 121 173 182 46 12 32 254 157 89 214 113 106 49 107 159 93 21 246 201 141 115 129 103 110 240 183 1 139 44 169 252 247 108 243 184 236 15 53 179 68 87 199 178 25 91 147 187 45 244 152 59 165 209 250 242 166 109 229 117 48 4 223 92 65 8 55 238 224 75 144 41 233 156 76 194 35 104 228 50 97 232 24 43 114 71 130 154 253 191 62 73 205 23 47 146 153 239 5 216 213 29 85 96 218 16 168 36 132 127 51 34 0 14 255 135 230 72 189 177 148 88 210 124 9 83 6 220 145 18 54 248 10 20 126 105 94 163 170 136 222 128 60 57 11 131 172 204 164 102 206],[218 108 226 173 171 84 160 192 27 122 203 69 113 196 139 239 40 13 48 152 44 159 47 18 200 101 177 147 10 1 215 99 125 252 132 169 71 91 149 245 103 130 166 211 118 16 179 186 52 142 243 213 23 156 235 54 78 65 135 74 96 35 42 137 190 205 128 30 232 8 222 230 254 88 61 57 249 4 37 6 181 209 82 220 50 105 162 110 76 95 183 240 202 158 150 248 165 176 83 227 46 191 62 60 7 204 70 79 155 219 102 175 199 15 123 24 193 189 25 109 77 94 194 225 29 64 246 229 121 167 120 140 154 31 201 28 161 87 5 234 72 20 231 207 49 141 81 14 68 224 51 98 163 223 80 233 236 182 26 221 151 187 107 168 180 126 117 170 153 55 38 250 206 164 238 104 241 0 148 138 216 92 244 253 39 115 86 134 2 3 75 9 53 85 188 143 100 67 63 217 198 212 145 178 12 19 59 41 174 255 197 157 242 33 36 185 228 34 208 210 56 97 112 32 172 124 17 131 21 43 106 22 66 90 127 73 89 136 116 237 93 111 11 184 114 144 119 129 146 133 45 195 251 214 247 58],44759294,54139272
heuristic/tai256c,7,98685678,0,0,568500,[192 166 255 254 253 252 251 250 249 248 247 246 245 244 243 242 241 240 239 238 237 236 235 234 233 232 231 230 229 228 227 226 225 224 223 222 221 220 219 218 217 216 215 214 213 212 211 165 210 209 208 207 206 205 204 203 202 201 200 199 198 197 196 167 164 195 194 193 191 190 189 188 187 186 185 184 183 182 181 180 179 178 177 176 175 174 173 172 171 170 169 168 92 93 94 95 96 97 98 99 100 101 102 103 104 105 106 107 108 109 110 111 112 113 114 115 116 117 118 119 120 121 122 123 124 125 63 64 47 129 130 131 132 133 134 135 136 137 138 139 140 141 142 143 144 145 146 147 148 149 150 151 152 153 154 155 156 157 158 159 160 161 162 163 81 128 127 126 91 90 89 88 87 86 85 84 83 82 1 80 79 78 77 76 75 74 73 72 71 70 69 68 0 67 66 65 62 61 60 59 58 57 56 55 54 53 52 51 50 49 48 46 45 44 43 42 41 40 39 38 37 36 35 34 33 32 31 30 29 28 27 26 25 24 23 22 21 20 19 18 17 16 15 14 13 12 11 10 9 8 7 6 5 4 3 2],[218 108 226 173 171 84 160 192 27 122 203 69 113 196 139 239 40 13 48 152 44 159 47 18 200 101 177 147 10 1 215 99 125 252 132 169 71 91 149 245 103 130 166 211 118 16 179 186 52 142 243 213 23 156 235 54 78 65 135 74 96 35 42 137 190 205 128 30 232 8 222 230 254 88 61 57 249 4 37 6 181 209 82 220 50 105 162 110 76 95 183 240 202 158 150 248 165 176 83 227 46 191 62 60 7 204 70 79 155 219 102 175 199 15 123 24 193 189 25 109 77 94 194 225 29 64 246 229 121 167 120 140 154 31 201 28 161 87 5 234 72 20 231 207 49 141 81 14 68 224 51 98 163 223 80 233 236 182 26 221 151 187 107 168 180 126 117 170 153 55 38 250 206 164 238 104 241 0 148 138 216 92 244 253 39 115 86 134 2 3 75 9 53 85 188 143 100 67 63 217 198 212 145 178 12 19 59 41 174 255 197 157 242 33 36 185 228 34 208 210 56 97 112 32 172 124 17 131 21 43 106 22 66 90 127 73 89 136 116 237 93 111 11 184 114 144 119 129 146 133 45 195 251 214 247 58],44759294,54139272
greedy/tai256c,8,44981074,307,1703275,1361960400,[237 68 196 107 44 131 41 124 51 241 179 99 249 70 114 135 198 12 47 102 129 64 176 58 144 229 194 75 16 244 95 66 15 148 224 186 200 87 78 29 246 173 150 121 171 215 217 81 162 175 190 8 158 5 254 38 222 96 234 141 169 207 226 116 156 2 152 133 34 56 90 53 232 167 211 92 209 138 204 85 181 73 109 219 104 49 127 251 20 26 23 61 221 89 39 80 170 54 160 195 172 74 216 155 187 128 77 112 233 203 220 210 126 223 206 231 18 180 143 122 214 188 149 189 225 123 57 157 24 72 164 140 146 142 136 7 184 185 115 213 166 50 205 253 178 168 94 40 177 159 137 165 9 76 110 93 132 255 27 4 55 21 243 235 103 91 6 248 118 79 33 17 48 45 134 42 3 252 183 1 97 30 230 52 13 19 22 236 240 106 88 82 0 98 154 199 108 212 37 218 71 151 46 245 153 208 125 83 201 145 65 192 10 32 139 105 174 227 193 238 202 69 35 11 163 250 25 14 111 228 59 182 120 247 100 117 147 60 161 36 239 63 197 67 43 31 28 191 101 86 242 62 84 119 113 130],[218 108 226 173 171 84 160 192 27 122 203 69 113 196 139 239 40 13 48 152 44 159 47 18 200 101 177 147 10 1 215 99 125 252 132 169 71 91 149 245 103 130 166 211 118 16 179 186 52 142 243 213 23 156 235 54 78 65 135 74 96 35 42 137 190 205 128 30 232 8 222 230 254 88 61 57 249 4 37 6 181 209 82 220 50 105 162 110 76 95 183 240 202 158 150 248 165 176 83 227 46 191 62 60 7 204 70 79 155 219 102 175 199 15 123 24 193 189 25 109 77 94 194 225 29 64 246 229 121 167 120 140 154 31 201 28 161 87 5 234 72 20 231 207 49 141 81 14 68 224 51 98 163 223 80 233 236 182 26 221 151 187 107 168 180 126 117 170 153 55 38 250 206 164 238 104 241 0 148 138 216 92 244 253 39 115 86 134 2 3 75 9 53 85 188 143 100 67 63 217 198 212 145 178 12 19 59 41 174 255 197 157 242 33 36 185 228 34 208 210 56 97 112 32 172 124 17 131 21 43 106 22 66 90 127 73 89 136 116 237 93 111 11 184 114 144 119 129 146 133 45 195 251 214 247 58],44759294,53750860
steepest/tai256c,8,44927210,48,1599360,1251454100,[254 139 99 168 160 110 102 82 209 54 179 237 151 149 192 198 124 4 116 137 35 41 186 58 211 145 158 75 119 71 78 65 188 183 240 229 248 141 46 29 7 173 216 114 171 231 201 96 162 191 206 128 15 164 12 16 239 89 234 134 154 68 243 107 196 226 95 131 50 9 33 37 43 1 203 92 63 22 220 85 181 56 127 177 104 18 246 251 122 26 39 61 157 176 225 150 170 55 194 197 204 74 144 155 20 169 34 152 73 219 222 210 221 195 190 215 51 112 245 80 214 156 148 189 143 123 57 81 253 72 180 140 146 142 138 6 184 185 115 165 166 207 241 224 178 88 94 40 126 159 136 49 249 76 109 79 228 17 8 244 2 125 227 235 103 91 14 233 30 93 200 3 62 45 118 42 130 252 167 255 66 77 230 106 27 205 21 236 70 90 87 83 0 98 67 199 108 213 36 218 38 97 187 5 153 208 121 133 202 19 64 161 10 47 172 105 174 129 193 238 217 69 23 11 163 250 25 13 111 24 59 182 120 247 100 117 147 60 44 53 223 32 212 52 232 31 28 175 101 86 242 48 84 135 113 132],[218 108 226 173 171 84 160 192 27 122 203 69 113 196 139 239 40 13 48 152 44 159 47 18 200 101 177 147 10 1 215 99 125 252 132 169 71 91 149 245 103 130 166 211 118 16 179 186 52 142 243 213 23 156 235 54 78 65 135 74 96 35 42 137 190 205 128 30 232 8 222 230 254 88 61 57 249 4 37 6 181 209 82 220 50 105 162 110 76 95 183 240 202 158 150 248 165 176 83 227 46 191 62 60 7 204 70 79 155 219 102 175 199 15 123 24 193 189 25 109 77 94 194 225 29 64 246 229 121 167 120 140 154 31 201 28 161 87 5 234 72 20 231 207 49 141 81 14 68 224 51 98 163 223 80 233 236 182 26 221 151 187 107 168 180 126 117 170 153 55 38 250 206 164 238 104 241 0 148 138 216 92 244 253 39 115 86 134 2 3 75 9 53 85 188 143 100 67 63 217 198 212 145 178 12 19 59 41 174 255 197 157 242 33 36 185 228 34 208 210 56 97 112 32 172 124 17 131 21 43 106 22 66 90 127 73 89 136 116 237 93 111 11 184 114 144 119 129 146 133 45 195 251 214 247 58],44759294,53750860
random/tai256c,8,49797878,22428,22428,1257963800,[7 60 108 72 5 208 248 255 81 179 229 225 241 86 221 148 70 96 34 215 40 247 119 152 30 127 3 132 185 180 64 137 130 222 218 191 120 43 161 139 242 189 252 203 176 175 16 188 243 192 75 166 235 57 210 37 133 123 155 232 245 25 220 251 168 165 233 182 66 209 28 213 106 100 0 142 145 58 157 14 83 55 48 90 250 111 71 78 128 47 93 4 104 150 84 156 46 109 73 29 97 21 77 67 82 238 195 23 89 54 87 91 9 151 227 27 122 131 50 112 216 51 163 217 207 103 19 159 146 22 240 126 8 11 52 118 20 99 107 1 63 45 143 56 17 211 134 95 2 201 237 160 101 181 94 74 12 236 223 53 254 149 183 92 39 141 32 117 105 85 162 49 61 114 10 79 136 164 35 224 153 65 88 205 36 226 154 193 144 194 31 140 98 69 13 80 178 206 102 231 173 187 239 44 174 138 115 171 249 116 246 18 197 129 219 59 38 68 186 26 199 125 228 113 24 190 62 177 170 121 124 15 167 196 42 135 202 184 169 158 33 6 244 234 172 204 253 214 212 41 147 110 198 76 200 230],[218 108 226 173 171 84 160 192 27 122 203 69 113 196 139 239 40 13 48 152 44 159 47 18 200 101 177 147 10 1 215 99 125 252 132 169 71 91 149 245 103 130 166 211 118 16 179 186 52 142 243 213 23 156 235 54 78 65 135 74 96 35 42 137 190 205 128 30 232 8 222 230 254 88 61 57 249 4 37 6 181 209 82 220 50 105 162 110 76 95 183 240 202 158 150 248 165 176 83 227 46 191 62 60 7 204 70 79 155 219 102 175 199 15 123 24 193 189 25 109 77 94 194 225 29 64 246 229 121 167 120 140 154 31 201 28 161 87 5 234 72 20 231 207 49 141 81 14 68 224 51 98 163 223 80 233 236 182 26 221 151 187 107 168 180 126 117 170 153 55 38 250 206 164 238 104 241 0 148 138 216 92 244 253 39 115 86 134 2 3 75 9 53 85 188 143 100 67 63 217 198 212 145 178 12 19 59 41 174 255 197 157 242 33 36 185 228 34 208 210 56 97 112 32 172 124 17 131 21 43 106 22 66 90 127 73 89 136 116 237 93 111 11 184 114 144 119 129 146 133 45 195 251 214 247 58],44759294,53750860
randomWalk/tai256c,8,54595984,1622199,1622199,1260549400,[252 66 231 9 154 113 222 79 206 129 227 238 254 173 19 102 58 228 4 25 144 56 36 93 39 152 187 134 76 137 35 5 40 103 54 215 114 131 3 124 244 196 69 110 218 90 198 26 220 174 136 13 107 193 116 20 128 72 213 210 253 223 143 158 163 70 229 185 23 226 32 67 12 57 122 142 224 119 51 237 115 31 199 240 24 17 52 94 247 200 123 30 184 250 1 96 169 236 153 149 71 83 177 242 49 34 167 84 171 188 112 28 98 195 43 208 65 64 145 68 89 175 230 246 150 75 205 99 203 60 18 178 80 117 126 212 121 109 233 127 73 221 155 214 202 251 248 38 135 91 182 95 249 33 217 197 180 172 15 78 42 156 62 108 59 157 48 190 45 192 241 209 11 166 120 81 165 86 140 216 201 232 219 138 10 160 14 6 29 92 189 132 245 239 88 133 179 74 87 194 141 181 139 225 243 159 148 61 234 0 146 106 47 183 147 77 7 44 125 21 235 46 2 170 176 168 50 55 164 97 101 255 207 41 8 151 27 85 105 104 22 82 53 191 118 211 111 161 162 130 100 63 37 186 204 16],[218 108 226 173 171 84 160 192 27 122 203 69 113 196 139 239 40 13 48 152 44 159 47 18 200 101 177 147 10 1 215 99 125 252 132 169 71 91 149 245 103 130 166 211 118 16 179 186 52 142 243 213 23 156 235 54 78 65 135 74 96 35 42 137 190 205 128 30 232 8 222 230 254 88 61 57 249 4 37 6 181 209 82 220 50 105 162 110 76 95 183 240 202 158 150 248 165 176 83 227 46 191 62 60 7 204 70 79 155 219 102 175 199 15 123 24 193 189 25 109 77 94 194 225 29 64 246 229 121 167 120 140 154 31 201 28 161 87 5 234 72 20 231 207 49 141 81 14 68 224 51 98 163 223 80 233 236 182 26 221 151 187 107 168 180 126 117 170 153 55 38 250 206 164 238 104 241 0 148 138 216 92 244 253 39 115 86 134 2 3 75 9 53 85 188 143 100 67 63 217 198 212 145 178 12 19 59 41 174 255 197 157 242 33 36 185 228 34 208 210 56 97 112 32 172 124 17 131 21 43 106 22 66 90 127 73 89 136 116 237 93 111 11 184 114 144 119 129 146 133 45 195 251 214 247 58],44759294,53750860
heuristic/tai256c,8,98685678,0,0,0,[192 166 255 254 253 252 251 250 249 248 247 246 245 244 243 242 241 240 239 238 237 236 235 234 233 232 231 230 229 228 227 226 225 224 223 222 221 220 219 218 217 216 215 214 213 212 211 165 210 209 208 207 206 205 204 203 202 201 200 199 198 197 196 167 164 195 194 193 191 190 189 188 187 186 185 184 183 182 181 180 179 178 177 176 175 174 173 172 171 170 169 168 92 93 94 95 96 97 98 99 100 101 102 103 104 105 106 107 108 109 110 111 112 113 114 115 116 117 118 119 120 121 122 123 124 125 63 64 47 129 130 131 132 133 134 135 136 137 138 139 140 141 142 143 144 145 146 147 148 149 150 151 152 153 154 155 156 157 158 159 160 161 162 163 81 128 127 126 91 90 89 88 87 86 85 84 83 82 1 80 79 78 77 76 75 74 73 72 71 70 69 68 0 67 66 65 62 61 60 59 58 57 56 55 54 53 52 51 50 49 48 46 45 44 43 42 41 40 39 38 37 36 35 34 33 32 31 30 29 28 27 26 25 24 23 22 21 20 19 18 17 16 15 14 13 12 11 10 9 8 7 6 5 4 3 2],[218 108 226 173 171 84 160 192 27 122 203 69 113 196 139 239 40 13 48 152 44 159 47 18 200 101 177 147 10 1 215 99 125 252 132 169 71 91 149 245 103 130 166 211 118 16 179 186 52 142 243 213 23 156 235 54 78 65 135 74 96 35 42 137 190 205 128 30 232 8 222 230 254 88 61 57 249 4 37 6 181 209 82 220 50 105 162 110 76 95 183 240 202 158 150 248 165 176 83 227 46 191 62 60 7 204 70 79 155 219 102 175 199 15 123 24 193 189 25 109 77 94 194 225 29 64 246 229 121 167 120 140 154 31 201 28 161 87 5 234 72 20 231 207 49 141 81 14 68 224 51 98 163 223 80 233 236 182 26 221 151 187 107 168 180 126 117 170 153 55 38 250 206 164 238 104 241 0 148 138 216 92 244 253 39 115 86 134 2 3 75 9 53 85 188 143 100 67 63 217 198 212 145 178 12 19 59 41 174 255 197 157 242 33 36 185 228 34 208 210 56 97 112 32 172 124 17 131 21 43 106 22 66 90 127 73 89 136 116 237 93 111 11 184 114 144 119 129 146 133 45 195 251 214 247 58],44759294,53750860
greedy/tai256c,9,44944150,243,1347880,1197926100,[45 199 60 225 255 53 41 154 242 203 12 244 230 152 182 207 24 26 0 43 112 88 160 173 122 135 190 105 233 17 220 55 73 31 196 132 179 159 100 177 213 51 114 103 201 208 238 125 248 68 77 120 227 139 250 66 162 91 235 63 205 5 117 142 64 186 149 156 129 111 83 14 94 81 210 86 164 38 169 147 3 253 188 108 34 9 7 216 58 20 167 32 145 50 194 192 93 113 185 133 252 18 98 124 141 71 240 75 212 181 104 183 127 239 46 11 251 121 21 10 69 82 231 170 39 249 247 195 52 25 110 40 61 224 204 22 42 13 191 171 198 254 36 193 99 80 226 136 118 211 54 157 44 126 131 4 90 144 72 35 67 217 78 128 197 30 56 106 23 87 70 59 221 85 215 174 27 48 153 214 180 175 101 140 143 237 92 102 8 155 206 236 187 29 150 65 109 245 246 146 1 151 134 189 84 6 234 47 15 209 119 74 33 229 168 137 79 115 97 96 37 165 223 178 172 148 130 2 243 166 218 123 116 202 16 228 49 222 19 107 163 62 158 76 89 57 176 219 95 161 138 232 241 200 28 184],[218 108 226 173 171 84 160 192 27 122 203 69 113 196 139 239 40 13 48 152 44 159 47 18 200 101 177 147 10 1 215 99 125 252 132 169 71 91 149 245 103 130 166 211 118 16 179 186 52 142 243 213 23 156 235 54 78 65 135 74 96 35 42 137 190 205 128 30 232 8 222 230 254 88 61 57 249 4 37 6 181 209 82 220 50 105 162 110 76 95 183 240 202 158 150 248 165 176 83 227 46 191 62 60 7 204 70 79 155 219 102 175 199 15 123 24 193 189 25 109 77 94 194 225 29 64 246 229 121 167 120 140 154 31 201 28 161 87 5 234 72 20 231 207 49 141 81 14 68 224 51 98 163 223 80 233 236 182 26 221 151 187 107 168 180 126 117 170 153 55 38 250 206 164 238 104 241 0 148 138 216 92 244 253 39 115 86 134 2 3 75 9 53 85 188 143 100 67 63 217 198 212 145 178 12 19 59 41 174 255 197 157 242 33 36 185 228 34 208 210 56 97 112 32 172 124 17 131 21 43 106 22 66 90 127 73 89 136 116 237 93 111 11 184 114 144 119 129 146 133 45 195 251 214 247 58],44759294,53009062
steepest/tai256c,9,44975730,46,1534080,1300823300,[199 241 17 209 55 243 6 222 31 203 29 212 12 35 96 24 185 75 0 92 128 72 191 32 137 150 50 245 130 84 87 105 90 159 179 147 113 2 52 44 214 124 141 118 216 177 239 109 248 67 155 120 233 152 250 164 21 192 41 62 174 226 101 197 99 189 182 172 145 95 194 254 122 81 9 126 133 38 170 64 4 237 220 116 235 70 231 218 58 27 167 77 251 211 160 71 33 148 162 193 134 198 98 228 131 151 238 76 142 107 104 153 36 224 46 11 34 121 129 10 69 82 215 169 221 249 247 195 53 25 110 40 61 225 188 22 42 13 205 60 117 14 20 3 100 80 183 136 103 227 54 157 43 127 132 242 74 144 88 45 51 217 78 112 196 30 56 106 23 86 111 59 204 85 246 210 26 48 108 213 180 175 39 139 143 230 49 102 8 171 223 236 187 28 149 65 125 244 5 146 66 253 135 186 240 7 234 255 15 208 119 73 47 229 168 154 79 115 68 97 37 140 207 178 156 165 114 18 91 166 232 93 184 202 16 190 181 206 19 123 163 63 158 173 89 57 176 219 94 161 138 201 1 200 252 83],[218 108 226 173 171 84 160 192 27 122 203 69 113 196 139 239 40 13 48 152 44 159 47 18 200 101 177 147 10 1 215 99 125 252 132 169 71 91 149 245 103 130 166 211 118 16 179 186 52 142 243 213 23 156 235 54 78 65 135 74 96 35 42 137 190 205 128 30 232 8 222 230 254 88 61 57 249 4 37 6 181 209 82 220 50 105 162 110 76 95 183 240 202 158 150 248 165 176 83 227 46 191 62 60 7 204 70 79 155 219 102 175 199 15 123 24 193 189 25 109 77 94 194 225 29 64 246 229 121 167 120 140 154 31 201 28 161 87 5 234 72 20 231 207 49 141 81 14 68 224 51 98 163 223 80 233 236 182 26 221 151 187 107 168 180 126 117 170 153 55 38 250 206 164 238 104 241 0 148 138 216 92 244 253 39 115 86 134 2 3 75 9 53 85 188 143 100 67 63 217 198 212 145 178 12 19 59 41 174 255 197 157 242 33 36 185 228 34 208 210 56 97 112 32 172 124 17 131 21 43 106 22 66 90 127 73 89 136 116 237 93 111 11 184 114 144 119 129 146 133 45 195 251 214 247 58],44759294,53009062
random/tai256c,9,49960014,21951,21951,1309579900,[99 250 235 59 128 49 4 217 177 202 120 179 17 236 64 155 40 109 107 149 12 54 53 231 212 45 170 162 226 44 111 38 199 183 127 246 247 196 173 158 24 181 209 204 89 87 243 197 114 188 104 91 79 222 153 134 145 72 67 228 0 81 29 223 190 69 187 62 148 168 9 36 115 27 21 140 126 123 238 251 206 85 108 215 255 93 237 106 47 233 30 198 82 117 102 150 221 152 189 182 35 22 146 65 48 172 80 218 11 144 41 95 194 86 157 239 75 142 220 191 55 138 176 200 252 8 90 15 105 169 97 101 227 68 78 139 208 219 92 171 112 39 19 3 71 58 225 119 178 118 28 137 192 241 6 20 159 214 88 166 77 249 242 74 122 163 84 129 161 94 60 18 32 26 216 50 186 98 141 10 31 33 125 121 66 2 131 201 132 76 130 56 193 14 70 195 57 185 136 165 207 13 42 113 124 245 73 151 164 37 25 16 213 52 175 23 147 232 43 103 248 156 63 244 96 240 83 203 51 1 110 184 5 46 210 154 34 229 100 116 143 167 224 160 230 135 211 133 253 234 254 174 205 180 7 61],[218 108 226 173 171 84 160 192 27 122 203 69 113 196 139 239 40 13 48 152 44 159 47 18 200 101 177 147 10 1 215 99 125 252 132 169 71 91 149 245 103 130 166 211 118 16 179 186 52 142 243 213 23 156 235 54 78 65 135 74 96 35 42 137 190 205 128 30 232 8 222 230 254 88 61 57 249 4 37 6 181 209 82 220 50 105 162 110 76 95 183 240 202 158 150 248 165 176 83 227 46 191 62 60 7 204 70 79 155 219 102 175 199 15 123 24 193 189 25 109 77 94 194 225 29 64 246 229 121 167 120 140 154 31 201 28 161 87 5 234 72 20 231 207 49 141 81 14 68 224 51 98 163 223 80 233 236 182 26 221 151 187 107 168 180 126 117 170 153 55 38 250 206 164 238 104 241 0 148 138 216 92 244 253 39 115 86 134 2 3 75 9 53 85 188 143 100 67 63 217 198 212 145 178 12 19 59 41 174 255 197 157 242 33 36 185 228 34 208 210 56 97 112 32 172 124 17 131 21 43 106 22 66 90 127 73 89 136 116 237 93 111 11 184 114 144 119 129 146 133 45 195 251 214 247 58],44759294,53009062
randomWalk/tai256c,9,54677636,1389418,1389418,1305752500,[57 105 211 95 28 110 163 194 76 138 199 171 88 5 149 67 107 133 219 91 201 13 59 154 4 245 242 79 137 97 160 20 69 0 48 61 210 175 24 44 158 157 178 220 193 162 29 10 70 123 118 174 129 222 53 148 131 165 52 117 247 170 156 45 102 38 49 36 94 104 68 96 246 197 164 115 195 85 198 184 151 224 81 112 62 78 213 212 63 121 217 237 203 75 6 114 204 252 33 215 46 2 127 144 249 108 128 9 233 221 253 234 8 40 47 93 235 183 173 43 50 141 180 65 41 153 74 80 125 109 100 155 27 187 35 116 103 206 51 26 31 77 172 223 231 122 92 190 142 238 168 132 255 119 98 166 120 179 229 186 106 191 200 230 15 225 181 90 218 244 14 167 86 39 54 113 134 16 64 152 11 147 32 30 254 99 126 143 56 130 124 73 89 209 192 243 250 18 176 3 60 241 196 159 21 185 55 207 248 7 83 82 17 226 232 214 177 37 22 19 101 145 25 136 240 169 146 239 84 72 182 202 42 227 140 150 216 71 66 205 161 189 236 208 228 34 111 251 139 58 1 188 87 23 12 135],[218 108 226 173 171 84 160 192 27 122 203 69 113 196 139 239 40 13 48 152 44 159 47 18 200 101 177 147 10 1 215 99 125 252 132 169 71 91 149 245 103 130 166 211 118 16 179 186 52 142 243 213 23 156 235 54 78 65 135 74 96 35 42 137 190 205 128 30 232 8 222 230 254 88 61 57 249 4 37 6 181 209 82 220 50 105 162 110 76 95 183 240 202 158 150 248 165 176 83 227 46 191 62 60 7 204 70 79 155 219 102 175 199 15 123 24 193 189 25 109 77 94 194 225 29 64 246 229 121 167 120 140 154 31 201 28 161 87 5 234 72 20 231 207 49 141 81 14 68 224 51 98 163 223 80 233 236 182 26 221 151 187 107 168 180 126 117 170 153 55 38 250 206 164 238 104 241 0 148 138 216 92 244 253 39 115 86 134 2 3 75 9 53 85 188 143 100 67 63 217 198 212 145 178 12 19 59 41 174 255 197 157 242 33 36 185 228 34 208 210 56 97 112 32 172 124 17 131 21 43 106 22 66 90 127 73 89 136 116 237 93 111 11 184 114 144 119 129 146 133 45 195 251 214 247 58],44759294,53009062
heuristic/tai256c,9,98685678,0,0,0,[192 166 255 254 253 252 251 250 249 248 247 246 245 244 243 242 241 240 239 238 237 236 235 234 233 232 231 230 229 228 227 226 225 224 223 222 221 220 219 218 217 216 215 214 213 212 211 165 210 209 208 207 206 205 204 203 202 201 200 199 198 197 196 167 164 195 194 193 191 190 189 188 187 186 185 184 183 182 181 180 179 178 177 176 175 174 173 172 171 170 169 168 92 93 94 95 96 97 98 99 100 101 102 103 104 105 106 107 108 109 110 111 112 113 114 115 116 117 118 119 120 121 122 123 124 125 63 64 47 129 130 131 132 133 134 135 136 137 138 139 140 141 142 143 144 145 146 147 148 149 150 151 152 153 154 155 156 157 158 159 160 161 162 163 81 128 127 126 91 90 89 88 87 86 85 84 83 82 1 80 79 78 77 76 75 74 73 72 71 70 69 68 0 67 66 65 62 61 60 59 58 57 56 55 54 53 52 51 50 49 48 46 45 44 43 42 41 40 39 38 37 36 35 34 33 32 31 30 29 28 27 26 25 24 23 22 21 20 19 18 17 16 15 14 13 12 11 10 9 8 7 6 5 4 3 2],[218 108 226 173 171 84 160 192 27 122 203 69 113 196 139 239 40 13 48 152 44 159 47 18 200 101 177 147 10 1 215 99 125 252 132 169 71 91 149 245 103 130 166 211 118 16 179 186 52 142 243 213 23 156 235 54 78 65 135 74 96 35 42 137 190 205 128 30 232 8 222 230 254 88 61 57 249 4 37 6 181 209 82 220 50 105 162 110 76 95 183 240 202 158 150 248 165 176 83 227 46 191 62 60 7 204 70 79 155 219 102 175 199 15 123 24 193 189 25 109 77 94 194 225 29 64 246 229 121 167 120 140 154 31 201 28 161 87 5 234 72 20 231 207 49 141 81 14 68 224 51 98 163 223 80 233 236 182 26 221 151 187 107 168 180 126 117 170 153 55 38 250 206 164 238 104 241 0 148 138 216 92 244 253 39 115 86 134 2 3 75 9 53 85 188 143 100 67 63 217 198 212 145 178 12 19 59 41 174 255 197 157 242 33 36 185 228 34 208 210 56 97 112 32 172 124 17 131 21 43 106 22 66 90 127 73 89 136 116 237 93 111 11 184 114 144 119 129 146 133 45 195 251 214 247 58],44759294,53009062
greedy/tai256c,10,44982042,238,1162454,1024696100,[59 249 169 78 137 53 105 44 85 147 76 25 32 159 246 139 12 165 36 192 56 198 22 80 46 201 93 73 162 231 224 195 142 145 17 97 31 5 10 223 216 177 100 127 102 50 190 122 8 160 70 124 42 91 172 88 63 114 150 184 219 132 236 254 82 117 167 39 2 119 241 187 212 157 152 128 229 180 227 67 154 221 29 234 244 110 65 210 0 251 204 19 1 178 250 71 96 16 83 104 161 179 92 3 51 58 9 191 30 218 43 242 98 140 111 129 220 62 112 228 163 252 146 109 182 115 90 49 60 95 232 174 15 245 176 14 37 134 194 131 116 130 27 189 79 120 107 21 133 203 226 230 213 55 188 34 66 199 240 103 57 61 153 214 126 168 24 123 148 247 158 211 35 77 47 193 81 173 237 239 118 87 209 151 171 52 222 175 217 72 4 235 84 41 113 207 13 185 149 68 138 181 26 135 20 233 225 125 255 45 33 156 121 6 28 155 11 164 40 136 238 196 74 18 89 94 205 48 248 215 108 54 202 200 170 253 64 86 208 143 7 106 243 23 101 206 186 166 144 38 141 183 69 99 197 75],[218 108 226 173 171 84 160 192 27 122 203 69 113 196 139 239 40 13 48 152 44 159 47 18 200 101 177 147 10 1 215 99 125 252 132 169 71 91 149 245 103 130 166 211 118 16 179 186 52 142 243 213 23 156 235 54 78 65 135 74 96 35 42 137 190 205 128 30 232 8 222 230 254 88 61 57 249 4 37 6 181 209 82 220 50 105 162 110 76 95 183 240 202 158 150 248 165 176 83 227 46 191 62 60 7 204 70 79 155 219 102 175 199 15 123 24 193 189 25 109 77 94 194 225 29 64 246 229 121 167 120 140 154 31 201 28 161 87 5 234 72 20 231 207 49 141 81 14 68 224 51 98 163 223 80 233 236 182 26 221 151 187 107 168 180 126 117 170 153 55 38 250 206 164 238 104 241 0 148 138 216 92 244 253 39 115 86 134 2 3 75 9 53 85 188 143 100 67 63 217 198 212 145 178 12 19 59 41 174 255 197 157 242 33 36 185 228 34 208 210 56 97 112 32 172 124 17 131 21 43 106 22 66 90 127 73 89 136 116 237 93 111 11 184 114 144 119 129 146 133 45 195 251 214 247 58],44759294,52342326
steepest/tai256c,10,44934606,42,1403520,1650586400,[139 220 178 247 37 134 144 11 237 158 172 176 184 193 165 201 13 169 48 189 91 99 22 71 47 218 208 73 30 212 210 44 126 129 82 97 0 5 250 254 216 199 101 111 86 9 206 122 241 56 69 124 42 76 175 88 94 244 105 233 34 148 52 151 17 116 131 39 2 119 59 187 239 182 136 61 229 180 227 67 154 214 163 19 109 112 65 79 24 252 141 146 142 16 231 15 103 162 8 104 209 92 223 3 242 219 49 155 173 140 43 10 161 55 127 145 1 185 96 228 195 115 177 58 236 137 90 164 78 95 232 174 14 245 60 31 53 128 191 107 133 130 110 194 63 147 204 21 117 203 226 230 29 83 188 50 66 179 240 33 213 167 153 215 246 168 251 123 132 221 157 211 35 77 46 225 81 114 80 160 118 87 159 120 171 36 222 249 217 72 243 235 85 41 113 207 12 62 149 68 138 181 26 135 20 248 224 125 255 45 51 198 121 6 28 150 27 196 40 152 238 234 74 18 89 93 205 32 25 98 108 54 202 200 170 253 64 102 192 143 7 106 4 23 100 190 186 166 57 38 156 183 70 84 197 75],[218 108 226 173 171 84 160 192 27 122 203 69 113 196 139 239 40 13 48 152 44 159 47 18 200 101 177 147 10 1 215 99 125 252 132 169 71 91 149 245 103 130 166 211 118 16 179 186 52 142 243 213 23 156 235 54 78 65 135 74 96 35 42 137 190 205 128 30 232 8 222 230 254 88 61 57 249 4 37 6 181 209 82 220 50 105 162 110 76 95 183 240 202 158 150 248 165 176 83 227 46 191 62 60 7 204 70 79 155 219 102 175 199 15 123 24 193 189 25 109 77 94 194 225 29 64 246 229 121 167 120 140 154 31 201 28 161 87 5 234 72 20 231 207 49 141 81 14 68 224 51 98 163 223 80 233 236 182 26 221 151 187 107 168 180 126 117 170 153 55 38 250 206 164 238 104 241 0 148 138 216 92 244 253 39 115 86 134 2 3 75 9 53 85 188 143 100 67 63 217 198 212 145 178 12 19 59 41 174 255 197 157 242 33 36 185 228 34 208 210 56 97 112 32 172 124 17 131 21 43 106 22 66 90 127 73 89 136 116 237 93 111 11 184 114 144 119 129 146 133 45 195 251 214 247 58],44759294,52342326
random/tai256c,10,49793710,21149,21149,1655296100,[225 56 211 64 109 121 46 125 254 187 31 196 21 147 53 115 119 241 197 227 8 216 82 135 49 140 218 4 155 61 163 165 71 14 245 205 132 201 251 237 19 152 113 52 170 22 81 130 174 75 191 169 26 51 159 138 235 123 33 105 157 247 96 204 47 221 167 79 194 50 209 168 171 59 29 176 55 181 110 18 249 69 161 17 128 24 84 107 70 248 44 117 67 98 240 63 189 91 150 219 202 231 120 186 207 198 199 83 3 193 68 188 20 111 100 143 15 114 116 28 38 94 175 210 5 182 45 90 250 136 74 177 92 60 151 228 234 103 134 158 62 7 36 133 208 88 253 66 153 178 156 154 217 183 30 238 229 179 58 224 65 124 11 146 72 213 243 118 142 99 122 108 54 112 180 23 203 37 246 57 206 220 40 13 41 106 160 131 190 137 233 222 102 223 87 78 43 76 173 232 48 0 6 89 39 73 244 148 126 2 16 141 242 34 129 77 9 214 195 85 97 192 162 86 164 236 12 127 101 42 184 230 27 166 104 255 80 226 144 10 239 212 95 185 149 1 25 172 145 35 215 139 252 200 32 93],[218 108 226 173 171 84 160 192 27 122 203 69 113 196 139 239 40 13 48 152 44 159 47 18 200 101 177 147 10 1 215 99 125 252 132 169 71 91 149 245 103 130 166 211 118 16 179 186 52 142 243 213 23 156 235 54 78 65 135 74 96 35 42 137 190 205 128 30 232 8 222 230 254 88 61 57 249 4 37 6 181 209 82 220 50 105 162 110 76 95 183 240 202 158 150 248 165 176 83 227 46 191 62 60 7 204 70 79 155 219 102 175 199 15 123 24 193 189 25 109 77 94 194 225 29 64 246 229 121 167 120 140 154 31 201 28 161 87 5 234 72 20 231 207 49 141 81 14 68 224 51 98 163 223 80 233 236 182 26 221 151 187 107 168 180 126 117 170 153 55 38 250 206 164 238 104 241 0 148 138 216 92 244 253 39 115 86 134 2 3 75 9 53 85 188 143 100 67 63 217 198 212 145 178 12 19 59 41 174 255 197 157 242 33 36 185 228 34 208 210 56 97 112 32 172 124 17 131 21 43 106 22 66 90 127 73 89 136 116 237 93 111 11 184 114 144 119 129 146 133 45 195 251 214 247 58],44759294,52342326
randomWalk/tai256c,10,53033512,1738342,1738342,1650913600,[129 50 209 233 51 88 235 169 158 246 118 244 237 147 251 40 54 196 190 159 153 100 145 76 143 135 14 178 231 224 134 215 70 58 78 253 31 234 217 112 89 138 36 45 61 1 114 23 2 46 15 174 28 103 98 164 113 9 53 122 214 68 43 64 85 243 146 189 11 154 128 208 132 228 92 111 187 226 152 202 25 126 218 47 94 232 16 245 49 96 173 229 210 136 252 205 163 171 199 116 95 176 130 149 191 225 124 165 236 39 180 10 168 150 213 160 162 109 107 192 17 241 195 19 86 172 8 105 216 110 26 104 55 27 77 48 211 206 56 32 13 239 80 83 170 127 6 119 44 101 250 222 52 41 73 219 161 198 201 137 254 66 204 97 247 151 230 106 37 148 84 62 166 42 74 22 221 60 144 248 139 72 99 141 240 24 255 35 131 223 193 183 140 0 125 179 93 38 227 117 120 115 3 175 177 7 20 90 63 21 18 220 33 142 203 12 102 249 57 156 67 81 182 181 242 207 34 65 186 188 123 157 79 133 5 30 200 59 69 212 4 82 155 194 238 87 197 184 167 75 108 71 121 91 185 29],[218 108 226 173 171 84 160 192 27 122 203 69 113 196 139 239 40 13 48 152 44 159 47 18 200 101 177 147 10 1 215 99 125 252 132 169 71 91 149 245 103 130 166 211 118 16 179 186 52 142 243 213 23 156 235 54 78 65 135 74 96 35 42 137 190 205 128 30 232 8 222 230 254 88 61 57 249 4 37 6 181 209 82 220 50 105 162 110 76 95 183 240 202 158 150 248 165 176 83 227 46 191 62 60 7 204 70 79 155 219 102 175 199 15 123 24 193 189 25 109 77 94 194 225 29 64 246 229 121 167 120 140 154 31 201 28 161 87 5 234 72 20 231 207 49 141 81 14 68 224 51 98 163 223 80 233 236 182 26 221 151 187 107 168 180 126 117 170 153 55 38 250 206 164 238 104 241 0 148 138 216 92 244 253 39 115 86 134 2 3 75 9 53 85 188 143 100 67 63 217 198 212 145 178 12 19 59 41 174 255 197 157 242 33 36 185 228 34 208 210 56 97 112 32 172 124 17 131 21 43 106 22 66 90 127 73 89 136 116 237 93 111 11 184 114 144 119 129 146 133 45 195 251 214 247 58],44759294,52342326
heuristic/tai256c,10,98685678,0,0,0,[192 166 255 254 253 252 251 250 249 248 247 246 245 244 243 242 241 240 239 238 237 236 235 234 233 232 231 230 229 228 227 226 225 224 223 222 221 220 219 218 217 216 215 214 213 212 211 165 210 209 208 207 206 205 204 203 202 201 200 199 198 197 196 167 164 195 194 193 191 190 189 188 187 186 185 184 183 182 181 180 179 178 177 176 175 174 173 172 171 170 169 168 92 93 94 95 96 97 98 99 100 101 102 103 104 105 106 107 108 109 110 111 112 113 114 115 116 117 118 119 120 121 122 123 124 125 63 64 47 129 130 131 132 133 134 135 136 137 138 139 140 141 142 143 144 145 146 147 148 149 150 151 152 153 154 155 156 157 158 159 160 161 162 163 81 128 127 126 91 90 89 88 87 86 85 84 83 82 1 80 79 78 77 76 75 74 73 72 71 70 69 68 0 67 66 65 62 61 60 59 58 57 56 55 54 53 52 51 50 49 48 46 45 44 43 42 41 40 39 38 37 36 35 34 33 32 31 30 29 28 27 26 25 24 23 22 21 20 19 18 17 16 15 14 13 12 11 10 9 8 7 6 5 4 3 2],[218 108 226 173 171 84 160 192 27 122 203 69 113 196 139 239 40 13 48 152 44 159 47 18 200 101 177 147 10 1 215 99 125 252 132 169 71 91 149 245 103 130 166 211 118 16 179 186 52 142 243 213 23 156 235 54 78 65 135 74 96 35 42 137 190 205 128 30 232 8 222 230 254 88 61 57 249 4 37 6 181 209 82 220 50 105 162 110 76 95 183 240 202 158 150 248 165 176 83 227 46 191 62 60 7 204 70 79 155 219 102 175 199 15 123 24 193 189 25 109 77 94 194 225 29 64 246 229 121 167 120 140 154 31 201 28 161 87 5 234 72 20 231 207 49 141 81 14 68 224 51 98 163 223 80 233 236 182 26 221 151 187 107 168 180 126 117 170 153 55 38 250 206 164 238 104 241 0 148 138 216 92 244 253 39 115 86 134 2 3 75 9 53 85 188 143 100 67 63 217 198 212 145 178 12 19 59 41 174 255 197 157 242 33 36 185 228 34 208 210 56 97 112 32 172 124 17 131 21 43 106 22 66 90 127 73 89 136 116 237 93 111 11 184 114 144 119 129 146 133 45 195 251 214 247 58],44759294,52342326
greedy/tai256c,11,44898034,224,1089433,975214400,[11 140 151 114 74 14 64 31 173 194 237 125 52 233 131 22 102 123 146 112 59 32 42 67 255 171 137 134 34 49 183 7 91 54 166 108 175 252 248 224 144 214 154 97 120 100 207 161 222 220 163 17 202 40 62 158 94 209 231 227 241 19 82 235 185 143 57 205 117 244 168 25 37 44 111 5 197 250 105 188 71 176 77 2 180 148 212 229 29 88 85 200 116 3 232 96 201 189 251 159 186 234 193 93 138 38 107 239 155 24 48 20 9 210 240 136 230 195 78 98 109 21 10 191 135 61 56 87 51 177 174 47 167 128 127 225 152 156 211 12 182 160 104 242 147 8 115 204 28 133 245 184 150 187 83 216 192 149 43 198 208 181 153 179 121 118 55 219 69 132 172 16 60 101 13 196 70 110 58 15 103 215 119 157 89 206 162 92 236 6 254 126 223 73 23 80 130 26 63 65 68 75 99 249 53 79 226 170 86 165 106 39 243 4 113 35 50 145 122 45 141 18 129 66 246 221 190 142 247 46 169 33 218 178 84 217 203 1 139 76 0 213 30 27 95 124 238 90 228 41 36 253 81 199 72 164],[218 108 226 173 171 84 160 192 27 122 203 69 113 196 139 239 40 13 48 152 44 159 47 18 200 101 177 147 10 1 215 99 125 252 132 169 71 91 149 245 103 130 166 211 118 16 179 186 52 142 243 213 23 156 235 54 78 65 135 74 96 35 42 137 190 205 128 30 232 8 222 230 254 88 61 57 249 4 37 6 181 209 82 220 50 105 162 110 76 95 183 240 202 158 150 248 165 176 83 227 46 191 62 60 7 204 70 79 155 219 102 175 199 15 123 24 193 189 25 109 77 94 194 225 29 64 246 229 121 167 120 140 154 31 201 28 161 87 5 234 72 20 231 207 49 141 81 14 68 224 51 98 163 223 80 233 236 182 26 221 151 187 107 168 180 126 117 170 153 55 38 250 206 164 238 104 241 0 148 138 216 92 244 253 39 115 86 134 2 3 75 9 53 85 188 143 100 67 63 217 198 212 145 178 12 19 59 41 174 255 197 157 242 33 36 185 228 34 208 210 56 97 112 32 172 124 17 131 21 43 106 22 66 90 127 73 89 136 116 237 93 111 11 184 114 144 119 129 146 133 45 195 251 214 247 58],44759294,52375716
steepest/tai256c,11,44932658,46,1534080,1491867300,[0 91 8 85 232 236 123 238 192 213 141 14 251 77 244 136 138 185 12 143 200 32 42 67 130 133 20 194 242 49 153 230 162 112 165 34 145 219 177 37 87 215 156 74 119 17 223 247 206 204 106 255 202 39 46 22 94 225 82 171 196 102 99 234 150 126 57 175 116 63 168 104 70 44 111 5 182 10 52 29 72 179 3 158 108 148 211 97 59 25 64 189 226 216 235 19 250 35 137 128 142 224 241 13 93 167 107 239 155 53 48 144 9 210 201 109 231 195 78 246 80 21 183 193 135 61 56 54 51 147 174 47 233 121 127 209 152 154 188 173 197 160 103 2 131 24 115 220 28 134 245 184 151 187 83 161 190 149 43 198 208 181 125 163 122 118 55 252 176 132 172 16 60 86 254 180 105 110 58 15 101 214 120 157 89 222 88 92 237 6 253 7 207 73 23 218 114 26 69 65 68 75 98 249 38 79 186 170 96 166 212 40 243 4 113 117 50 129 27 45 140 18 191 66 229 221 217 159 248 62 169 33 146 178 84 205 203 1 139 76 240 228 30 11 95 124 31 90 227 41 36 100 81 199 71 164],[218 108 226 173 171 84 160 192 27 122 203 69 113 196 139 239 40 13 48 152 44 159 47 18 200 101 177 147 10 1 215 99 125 252 132 169 71 91 149 245 103 130 166 211 118 16 179 186 52 142 243 213 23 156 235 54 78 65 135 74 96 35 42 137 190 205 128 30 232 8 222 230 254 88 61 57 249 4 37 6 181 209 82 220 50 105 162 110 76 95 183 240 202 158 150 248 165 176 83 227 46 191 62 60 7 204 70 79 155 219 102 175 199 15 123 24 193 189 25 109 77 94 194 225 29 64 246 229 121 167 120 140 154 31 201 28 161 87 5 234 72 20 231 207 49 141 81 14 68 224 51 98 163 223 80 233 236 182 26 221 151 187 107 168 180 126 117 170 153 55 38 250 206 164 238 104 241 0 148 138 216 92 244 253 39 115 86 134 2 3 75 9 53 85 188 143 100 67 63 217 198 212 145 178 12 19 59 41 174 255 197 157 242 33 36 185 228 34 208 210 56 97 112 32 172 124 17 131 21 43 106 22 66 90 127 73 89 136 116 237 93 111 11 184 114 144 119 129 146 133 45 195 251 214 247 58],44759294,52375716
random/tai256c,11,49908478,20977,20977,1498418300,[3 86 195 48 101 105 36 228 127 208 139 200 45 52 171 130 189 124 98 197 41 65 186 138 96 157 219 59 232 151 254 1 136 188 231 169 250 56 118 37 227 234 76 194 85 27 238 214 242 81 225 222 62 236 57 148 235 123 181 109 178 156 0 150 6 249 121 244 51 146 245 83 7 93 72 159 175 177 191 110 91 24 205 182 67 180 89 63 28 60 49 132 241 119 215 111 184 113 94 217 179 133 218 23 97 18 55 9 209 87 44 19 116 190 114 142 143 73 26 176 153 145 140 240 79 80 192 15 158 32 165 173 126 239 198 206 199 75 21 35 30 216 230 107 54 22 141 31 117 202 155 247 40 221 66 92 122 38 174 183 2 226 204 246 104 220 203 187 201 34 8 70 69 212 166 25 71 82 74 224 170 129 210 229 17 5 161 144 53 135 42 163 39 61 47 106 112 162 237 102 115 84 243 78 64 134 152 99 58 255 193 160 147 11 103 68 149 154 50 13 33 12 164 207 90 213 43 120 88 172 248 128 131 253 46 4 196 168 223 20 108 233 185 95 167 100 14 125 211 252 137 10 251 77 16 29],[218 108 226 173 171 84 160 192 27 122 203 69 113 196 139 239 40 13 48 152 44 159 47 18 200 101 177 147 10 1 215 99 125 252 132 169 71 91 149 245 103 130 166 211 118 16 179 186 52 142 243 213 23 156 235 54 78 65 135 74 96 35 42 137 190 205 128 30 232 8 222 230 254 88 61 57 249 4 37 6 181 209 82 220 50 105 162 110 76 95 183 240 202 158 150 248 165 176 83 227 46 191 62 60 7 204 70 79 155 219 102 175 199 15 123 24 193 189 25 109 77 94 194 225 29 64 246 229 121 167 120 140 154 31 201 28 161 87 5 234 72 20 231 207 49 141 81 14 68 224 51 98 163 223 80 233 236 182 26 221 151 187 107 168 180 126 117 170 153 55 38 250 206 164 238 104 241 0 148 138 216 92 244 253 39 115 86 134 2 3 75 9 53 85 188 143 100 67 63 217 198 212 145 178 12 19 59 41 174 255 197 157 242 33 36 185 228 34 208 210 56 97 112 32 172 124 17 131 21 43 106 22 66 90 127 73 89 136 116 237 93 111 11 184 114 144 119 129 146 133 45 195 251 214 247 58],44759294,52375716
randomWalk/tai256c,11,53197560,1449723,1449723,1492129900,[4 62 231 244 198 173 44 151 26 9 65 210 117 146 39 72 211 250 185 46 142 13 153 133 234 160 195 116 96 108 31 47 128 107 89 136 55 177 225 138 222 206 148 100 162 141 103 90 114 214 238 32 81 106 132 126 2 167 182 239 63 134 144 237 209 165 67 246 79 213 137 232 105 7 122 70 172 84 251 243 196 82 77 120 59 93 11 64 23 76 5 228 174 200 104 0 249 229 53 147 193 22 199 97 127 155 205 163 166 194 255 54 19 49 190 51 245 171 118 183 27 92 112 61 186 123 192 201 115 191 208 130 230 176 94 30 33 45 233 56 73 181 158 242 35 87 143 111 168 17 48 88 41 109 156 212 66 101 58 80 149 223 135 221 227 25 189 38 3 248 203 99 139 220 6 215 154 85 188 241 252 14 197 78 37 236 83 98 110 43 69 121 74 10 16 36 169 175 202 18 21 75 216 164 247 71 34 187 12 129 91 28 159 224 57 125 219 235 29 50 140 95 180 113 60 15 8 161 217 157 253 86 226 240 124 42 207 170 24 254 178 131 119 52 218 40 68 150 184 179 1 145 102 204 20 152],[218 108 226 173 171 84 160 192 27 122 203 69 113 196 139 239 40 13 48 152 44 159 47 18 200 101 177 147 10 1 215 99 125 252 132 169 71 91 149 245 103 130 166 211 118 16 179 186 52 142 243 213 23 156 235 54 78 65 135 74 96 35 42 137 190 205 128 30 232 8 222 230 254 88 61 57 249 4 37 6 181 209 82 220 50 105 162 110 76 95 183 240 202 158 150 248 165 176 83 227 46 191 62 60 7 204 70 79 155 219 102 175 199 15 123 24 193 189 25 109 77 94 194 225 29 64 246 229 121 167 120 140 154 31 201 28 161 87 5 234 72 20 231 207 49 141 81 14 68 224 51 98 163 223 80 233 236 182 26 221 151 187 107 168 180 126 117 170 153 55 38 250 206 164 238 104 241 0 148 138 216 92 244 253 39 115 86 134 2 3 75 9 53 85 188 143 100 67 63 217 198 212 145 178 12 19 59 41 174 255 197 157 242 33 36 185 228 34 208 210 56 97 112 32 172 124 17 131 21 43 106 22 66 90 127 73 89 136 116 237 93 111 11 184 114 144 119 129 146 133 45 195 251 214 247 58],44759294,52375716
heuristic/tai256c,11,98685678,0,0,329200,[192 166 255 254 253 252 251 250 249 248 247 246 245 244 243 242 241 240 239 238 237 236 235 234 233 232 231 230 229 228 227 226 225 224 223 222 221 220 219 218 217 216 215 214 213 212 211 165 210 209 208 207 206 205 204 203 202 201 200 199 198 197 196 167 164 195 194 193 191 190 189 188 187 186 185 184 183 182 181 180 179 178 177 176 175 174 173 172 171 170 169 168 92 93 94 95 96 97 98 99 100 101 102 103 104 105 106 107 108 109 110 111 112 113 114 115 116 117 118 119 120 121 122 123 124 125 63 64 47 129 130 131 132 133 134 135 136 137 138 139 140 141 142 143 144 145 146 147 148 149 150 151 152 153 154 155 156 157 158 159 160 161 162 163 81 128 127 126 91 90 89 88 87 86 85 84 83 82 1 80 79 78 77 76 75 74 73 72 71 70 69 68 0 67 66 65 62 61 60 59 58 57 56 55 54 53 52 51 50 49 48 46 45 44 43 42 41 40 39 38 37 36 35 34 33 32 31 30 29 28 27 26 25 24 23 22 21 20 19 18 17 16 15 14 13 12 11 10 9 8 7 6 5 4 3 2],[218 108 226 173 171 84 160 192 27 122 203 69 113 196 139 239 40 13 48 152 44 159 47 18 200 101 177 147 10 1 215 99 125 252 132 169 71 91 149 245 103 130 166 211 118 16 179 186 52 142 243 213 23 156 235 54 78 65 135 74 96 35 42 137 190 205 128 30 232 8 222 230 254 88 61 57 249 4 37 6 181 209 82 220 50 105 162 110 76 95 183 240 202 158 150 248 165 176 83 227 46 191 62 60 7 204 70 79 155 219 102 175 199 15 123 24 193 189 25 109 77 94 194 225 29 64 246 229 121 167 120 140 154 31 201 28 161 87 5 234 72 20 231 207 49 141 81 14 68 224 51 98 163 223 80 233 236 182 26 221 151 187 107 168 180 126 117 170 153 55 38 250 206 164 238 104 241 0 148 138 216 92 244 253 39 115 86 134 2 3 75 9 53 85 188 143 100 67 63 217 198 212 145 178 12 19 59 41 174 255 197 157 242 33 36 185 228 34 208 210 56 97 112 32 172 124 17 131 21 43 106 22 66 90 127 73 89 136 116 237 93 111 11 184 114 144 119 129 146 133 45 195 251 214 247 58],44759294,52375716
greedy/tai256c,12,44956320,232,1173393,1134385600,[172 224 133 1 209 211 186 14 144 65 150 250 228 147 182 255 194 180 245 215 123 116 53 177 220 169 106 78 143 48 9 36 43 167 11 93 252 18 104 58 91 67 155 126 50 242 31 189 21 152 95 97 247 158 175 6 76 119 46 222 33 84 121 112 73 232 197 162 28 165 56 24 237 200 114 138 87 217 203 230 41 129 3 102 99 61 207 70 108 39 141 235 154 23 107 75 251 120 113 137 234 221 62 191 124 227 34 71 223 88 166 159 20 115 37 35 68 25 45 190 238 176 83 81 85 253 181 128 153 118 139 79 149 136 54 57 44 64 233 7 69 66 101 80 236 185 219 94 134 74 157 77 100 122 38 241 239 201 10 111 179 164 52 192 19 117 130 40 178 127 248 202 187 216 240 110 16 22 17 2 63 125 229 59 26 30 210 4 151 218 168 196 214 226 243 98 198 173 213 103 12 205 49 89 208 249 135 163 86 148 188 160 212 193 183 244 142 13 246 131 55 225 109 5 8 170 82 32 90 0 146 199 132 15 105 51 195 204 42 145 174 92 96 231 27 184 60 156 254 206 29 140 171 72 161 47],[218 108 226 173 171 84 160 192 27 122 203 69 113 196 139 239 40 13 48 152 44 159 47 18 200 101 177 147 10 1 215 99 125 252 132 169 71 91 149 245 103 130 166 211 118 16 179 186 52 142 243 213 23 156 235 54 78 65 135 74 96 35 42 137 190 205 128 30 232 8 222 230 254 88 61 57 249 4 37 6 181 209 82 220 50 105 162 110 76 95 183 240 202 158 150 248 165 176 83 227 46 191 62 60 7 204 70 79 155 219 102 175 199 15 123 24 193 189 25 109 77 94 194 225 29 64 246 229 121 167 120 140 154 31 201 28 161 87 5 234 72 20 231 207 49 141 81 14 68 224 51 98 163 223 80 233 236 182 26 221 151 187 107 168 180 126 117 170 153 55 38 250 206 164 238 104 241 0 148 138 216 92 244 253 39 115 86 134 2 3 75 9 53 85 188 143 100 67 63 217 198 212 145 178 12 19 59 41 174 255 197 157 242 33 36 185 228 34 208 210 56 97 112 32 172 124 17 131 21 43 106 22 66 90 127 73 89 136 116 237 93 111 11 184 114 144 119 129 146 133 45 195 251 214 247 58],44759294,52852228
steepest/tai256c,12,44972120,45,1501440,1330782100,[230 159 169 189 149 166 250 14 127 48 136 96 178 225 215 238 74 245 115 180 123 79 68 193 132 207 160 157 88 71 213 31 0 94 9 57 253 155 198 28 91 83 184 128 118 242 18 50 218 98 163 142 26 174 125 6 77 151 62 106 33 232 121 65 172 201 20 186 11 35 40 23 235 228 113 138 103 59 204 247 86 146 3 101 53 45 208 255 108 38 211 221 78 97 175 217 7 120 165 114 236 150 64 191 37 2 61 41 190 194 212 143 21 116 67 36 251 25 170 203 239 176 82 112 85 252 181 233 153 99 139 152 162 70 54 124 44 49 110 24 234 66 102 80 237 185 219 229 134 75 46 76 84 122 39 241 47 240 10 182 179 164 69 192 19 117 130 56 27 126 248 202 167 58 171 52 16 22 17 34 63 187 197 199 12 30 210 4 119 222 168 196 205 226 243 100 183 173 227 87 95 156 177 104 224 249 135 73 89 148 188 220 141 223 137 244 144 13 246 131 55 147 109 5 8 209 81 32 90 1 129 214 133 15 105 216 195 93 42 145 158 92 111 231 43 200 60 154 254 206 29 140 107 72 161 51],[218 108 226 173 171 84 160 192 27 122 203 69 113 196 139 239 40 13 48 152 44 159 47 18 200 101 177 147 10 1 215 99 125 252 132 169 71 91 149 245 103 130 166 211 118 16 179 186 52 142 243 213 23 156 235 54 78 65 135 74 96 35 42 137 190 205 128 30 232 8 222 230 254 88 61 57 249 4 37 6 181 209 82 220 50 105 162 110 76 95 183 240 202 158 150 248 165 176 83 227 46 191 62 60 7 204 70 79 155 219 102 175 199 15 123 24 193 189 25 109 77 94 194 225 29 64 246 229 121 167 120 140 154 31 201 28 161 87 5 234 72 20 231 207 49 141 81 14 68 224 51 98 163 223 80 233 236 182 26 221 151 187 107 168 180 126 117 170 153 55 38 250 206 164 238 104 241 0 148 138 216 92 244 253 39 115 86 134 2 3 75 9 53 85 188 143 100 67 63 217 198 212 145 178 12 19 59 41 174 255 197 157 242 33 36 185 228 34 208 210 56 97 112 32 172 124 17 131 21 43 106 22 66 90 127 73 89 136 116 237 93 111 11 184 114 144 119 129 146 133 45 195 251 214 247 58],44759294,52852228
random/tai256c,12,49894184,15698,15698,1330995100,[253 232 96 169 138 185 170 149 103 92 195 145 54 2 132 106 46 115 162 172 155 125 39 8 222 208 157 187 128 4 82 245 26 47 117 124 251 29 212 237 111 57 181 97 59 143 198 190 36 127 231 0 174 241 152 183 3 27 161 76 189 90 140 216 34 207 49 12 217 176 197 30 107 78 219 53 224 116 180 62 166 35 202 24 101 105 9 226 80 194 84 234 210 246 139 60 109 15 122 81 126 243 196 68 28 31 71 137 112 38 61 37 146 134 193 144 206 79 114 48 192 93 19 67 42 156 89 88 118 199 242 150 94 221 178 254 233 119 69 43 215 72 75 142 55 179 65 131 184 218 123 235 151 22 85 188 14 120 16 44 148 52 102 159 87 21 104 203 25 18 33 135 191 73 10 209 23 77 66 110 40 244 230 147 228 20 165 225 95 168 1 163 248 56 41 17 153 255 229 13 239 250 63 182 154 204 5 213 240 133 64 214 70 32 249 177 50 51 175 201 6 141 227 173 58 83 45 91 108 167 98 74 205 223 186 99 200 164 247 86 220 236 11 100 238 158 130 211 121 136 171 252 129 113 160 7],[218 108 226 173 171 84 160 192 27 122 203 69 113 196 139 239 40 13 48 152 44 159 47 18 200 101 177 147 10 1 215 99 125 252 132 169 71 91 149 245 103 130 166 211 118 16 179 186 52 142 243 213 23 156 235 54 78 65 135 74 96 35 42 137 190 205 128 30 232 8 222 230 254 88 61 57 249 4 37 6 181 209 82 220 50 105 162 110 76 95 183 240 202 158 150 248 165 176 83 227 46 191 62 60 7 204 70 79 155 219 102 175 199 15 123 24 193 189 25 109 77 94 194 225 29 64 246 229 121 167 120 140 154 31 201 28 161 87 5 234 72 20 231 207 49 141 81 14 68 224 51 98 163 223 80 233 236 182 26 221 151 187 107 168 180 126 117 170 153 55 38 250 206 164 238 104 241 0 148 138 216 92 244 253 39 115 86 134 2 3 75 9 53 85 188 143 100 67 63 217 198 212 145 178 12 19 59 41 174 255 197 157 242 33 36 185 228 34 208 210 56 97 112 32 172 124 17 131 21 43 106 22 66 90 127 73 89 136 116 237 93 111 11 184 114 144 119 129 146 133 45 195 251 214 247 58],44759294,52852228
randomWalk/tai256c,12,53029764,1429569,1429569,1331383800,[12 181 163 94 78 176 222 231 211 117 204 229 201 162 97 139 197 250 175 56 236 122 136 96 69 251 199 148 3 237 143 189 27 80 210 92 16 63 86 255 54 130 39 146 238 133 99 91 116 72 118 228 247 124 5 109 88 165 13 47 129 252 50 138 121 249 207 58 171 20 131 225 55 233 70 36 178 53 202 174 186 195 40 232 177 213 151 150 4 235 172 159 220 60 184 35 194 169 125 18 191 227 15 240 52 221 79 173 200 21 243 206 219 9 108 1 161 74 87 230 11 37 102 212 126 141 110 170 75 209 217 140 203 6 48 34 253 73 106 248 68 149 145 190 112 82 17 180 205 95 26 30 85 127 25 84 65 192 226 198 239 188 164 144 137 193 33 183 23 44 67 135 2 62 123 155 51 42 104 134 128 187 29 120 41 45 224 119 208 98 22 244 14 153 158 132 24 115 185 168 64 242 49 89 182 38 234 66 105 241 0 179 77 101 107 93 167 113 216 246 223 114 147 152 59 196 83 142 8 157 245 43 215 28 19 100 57 10 254 71 90 166 156 160 154 61 76 32 214 103 46 218 31 111 81 7],[218 108 226 173 171 84 160 192 27 122 203 69 113 196 139 239 40 13 48 152 44 159 47 18 200 101 177 147 10 1 215 99 125 252 132 169 71 91 149 245 103 130 166 211 118 16 179 186 52 142 243 213 23 156 235 54 78 65 135 74 96 35 42 137 190 205 128 30 232 8 222 230 254 88 61 57 249 4 37 6 181 209 82 220 50 105 162 110 76 95 183 240 202 158 150 248 165 176 83 227 46 191 62 60 7 204 70 79 155 219 102 175 199 15 123 24 193 189 25 109 77 94 194 225 29 64 246 229 121 167 120 140 154 31 201 28 161 87 5 234 72 20 231 207 49 141 81 14 68 224 51 98 163 223 80 233 236 182 26 221 151 187 107 168 180 126 117 170 153 55 38 250 206 164 238 104 241 0 148 138 216 92 244 253 39 115 86 134 2 3 75 9 53 85 188 143 100 67 63 217 198 212 145 178 12 19 59 41 174 255 197 157 242 33 36 185 228 34 208 210 56 97 112 32 172 124 17 131 21 43 106 22 66 90 127 73 89 136 116 237 93 111 11 184 114 144 119 129 146 133 45 195 251 214 247 58],44759294,52852228
heuristic/tai256c,12,98685678,0,0,0,[192 166 255 254 253 252 251 250 249 248 247 246 245 244 243 242 241 240 239 238 237 236 235 234 233 232 231 230 229 228 227 226 225 224 223 222 221 220 219 218 217 216 215 214 213 212 211 165 210 209 208 207 206 205 204 203 202 201 200 199 198 197 196 167 164 195 194 193 191 190 189 188 187 186 185 184 183 182 181 180 179 178 177 176 175 174 173 172 171 170 169 168 92 93 94 95 96 97 98 99 100 101 102 103 104 105 106 107 108 109 110 111 112 113 114 115 116 117 118 119 120 121 122 123 124 125 63 64 47 129 130 131 132 133 134 135 136 137 138 139 140 141 142 143 144 145 146 147 148 149 150 151 152 153 154 155 156 157 158 159 160 161 162 163 81 128 127 126 91 90 89 88 87 86 85 84 83 82 1 80 79 78 77 76 75 74 73 72 71 70 69 68 0 67 66 65 62 61 60 59 58 57 56 55 54 53 52 51 50 49 48 46 45 44 43 42 41 40 39 38 37 36 35 34 33 32 31 30 29 28 27 26 25 24 23 22 21 20 19 18 17 16 15 14 13 12 11 10 9 8 7 6 5 4 3 2],[218 108 226 173 171 84 160 192 27 122 203 69 113 196 139 239 40 13 48 152 44 159 47 18 200 101 177 147 10 1 215 99 125 252 132 169 71 91 149 245 103 130 166 211 118 16 179 186 52 142 243 213 23 156 235 54 78 65 135 74 96 35 42 137 190 205 128 30 232 8 222 230 254 88 61 57 249 4 37 6 181 209 82 220 50 105 162 110 76 95 183 240 202 158 150 248 165 176 83 227 46 191 62 60 7 204 70 79 155 219 102 175 199 15 123 24 193 189 25 109 77 94 194 225 29 64 246 229 121 167 120 140 154 31 201 28 161 87 5 234 72 20 231 207 49 141 81 14 68 224 51 98 163 223 80 233 236 182 26 221 151 187 107 168 180 126 117 170 153 55 38 250 206 164 238 104 241 0 148 138 216 92 244 253 39 115 86 134 2 3 75 9 53 85 188 143 100 67 63 217 198 212 145 178 12 19 59 41 174 255 197 157 242 33 36 185 228 34 208 210 56 97 112 32 172 124 17 131 21 43 106 22 66 90 127 73 89 136 116 237 93 111 11 184 114 144 119 129 146 133 45 195 251 214 247 58],44759294,52852228
greedy/tai256c,13,44928502,280,1630693,1741948500,[102 227 210 170 251 0 54 43 6 202 241 207 62 148 166 208 232 37 52 172 23 67 114 79 160 174 247 20 77 85 73 140 119 126 193 212 97 100 151 255 244 249 8 238 109 178 60 181 145 121 189 117 123 234 185 18 58 111 71 106 168 204 12 131 48 14 80 31 26 163 3 195 229 29 153 92 221 50 217 236 199 214 128 75 88 40 159 82 138 33 134 157 152 34 161 113 177 91 49 19 51 165 201 15 132 197 228 237 9 99 42 192 107 108 180 17 46 7 63 206 47 248 55 35 89 146 127 22 173 122 125 219 86 191 245 164 205 149 16 136 224 209 213 45 25 233 187 110 98 81 203 211 252 137 10 38 176 250 162 39 216 95 2 129 24 1 66 27 200 194 59 118 65 94 21 142 130 139 182 246 155 28 190 239 116 69 171 32 70 141 179 83 183 235 135 44 225 175 188 167 87 11 30 254 93 13 53 196 90 5 156 230 158 169 112 84 56 143 103 78 74 36 220 124 105 154 223 144 215 133 41 243 64 184 76 198 231 68 61 218 222 101 186 240 242 72 96 4 150 253 147 104 57 115 226 120],[218 108 226 173 171 84 160 192 27 122 203 69 113 196 139 239 40 13 48 152 44 159 47 18 200 101 177 147 10 1 215 99 125 252 132 169 71 91 149 245 103 130 166 211 118 16 179 186 52 142 243 213 23 156 235 54 78 65 135 74 96 35 42 137 190 205 128 30 232 8 222 230 254 88 61 57 249 4 37 6 181 209 82 220 50 105 162 110 76 95 183 240 202 158 150 248 165 176 83 227 46 191 62 60 7 204 70 79 155 219 102 175 199 15 123 24 193 189 25 109 77 94 194 225 29 64 246 229 121 167 120 140 154 31 201 28 161 87 5 234 72 20 231 207 49 141 81 14 68 224 51 98 163 223 80 233 236 182 26 221 151 187 107 168 180 126 117 170 153 55 38 250 206 164 238 104 241 0 148 138 216 92 244 253 39 115 86 134 2 3 75 9 53 85 188 143 100 67 63 217 198 212 145 178 12 19 59 41 174 255 197 157 242 33 36 185 228 34 208 210 56 97 112 32 172 124 17 131 21 43 106 22 66 90 127 73 89 136 116 237 93 111 11 184 114 144 119 129 146 133 45 195 251 214 247 58],44759294,53084876
steepest/tai256c,13,45034576,45,1501440,1760002300,[187 176 118 165 58 0 218 237 5 79 225 125 213 145 183 208 131 75 60 227 235 103 113 110 3 25 108 36 201 85 172 62 23 180 222 216 82 68 151 140 244 233 8 252 51 162 45 88 210 120 189 116 123 93 170 18 239 127 99 133 168 153 13 155 48 30 96 47 27 148 242 195 10 207 33 254 158 193 71 38 204 230 128 106 73 56 175 65 138 53 247 198 197 50 164 15 78 39 141 70 149 212 9 109 132 196 134 142 229 186 42 89 90 91 67 17 46 181 63 206 31 248 203 112 41 146 249 7 173 122 124 19 159 191 245 163 220 174 16 92 224 209 194 43 202 83 95 111 98 81 114 211 251 137 238 253 160 250 178 55 199 94 35 129 24 1 66 26 200 49 59 232 236 136 21 126 130 152 182 246 20 28 190 161 117 69 255 32 217 34 179 166 86 219 135 119 241 177 188 167 87 11 12 14 171 105 54 6 44 228 156 214 205 169 80 84 40 143 102 139 74 52 192 29 22 154 223 144 215 107 37 243 64 184 76 157 231 77 61 234 221 101 100 240 2 72 97 4 150 185 147 104 57 115 226 121],[218 108 226 173 171 84 160 192 27 122 203 69 113 196 139 239 40 13 48 152 44 159 47 18 200 101 177 147 10 1 215 99 125 252 132 169 71 91 149 245 103 130 166 211 118 16 179 186 52 142 243 213 23 156 235 54 78 65 135 74 96 35 42 137 190 205 128 30 232 8 222 230 254 88 61 57 249 4 37 6 181 209 82 220 50 105 162 110 76 95 183 240 202 158 150 248 165 176 83 227 46 191 62 60 7 204 70 79 155 219 102 175 199 15 123 24 193 189 25 109 77 94 194 225 29 64 246 229 121 167 120 140 154 31 201 28 161 87 5 234 72 20 231 207 49 141 81 14 68 224 51 98 163 223 80 233 236 182 26 221 151 187 107 168 180 126 117 170 153 55 38 250 206 164 238 104 241 0 148 138 216 92 244 253 39 115 86 134 2 3 75 9 53 85 188 143 100 67 63 217 198 212 145 178 12 19 59 41 174 255 197 157 242 33 36 185 228 34 208 210 56 97 112 32 172 124 17 131 21 43 106 22 66 90 127 73 89 136 116 237 93 111 11 184 114 144 119 129 146 133 45 195 251 214 247 58],44759294,53084876
random/tai256c,13,49698284,23344,23344,1760171400,[120 195 170 200 255 158 63 202 106 148 154 243 205 237 58 126 181 129 183 3 142 172 8 86 39 74 218 49 40 132 21 94 11 248 134 99 45 213 118 103 96 75 240 2 54 32 190 83 65 147 51 175 53 217 116 31 166 210 102 35 162 128 231 239 91 245 198 138 250 89 16 168 141 223 136 139 164 159 26 30 233 72 77 214 28 178 14 18 41 79 6 59 207 221 140 100 230 4 152 196 67 5 186 251 48 66 247 107 93 29 252 127 254 105 145 81 47 87 201 204 121 179 146 155 56 169 25 189 85 212 203 108 144 10 143 149 9 19 197 17 46 163 92 153 111 165 113 188 82 80 244 69 225 88 150 123 84 23 37 7 133 249 12 156 187 157 110 241 234 216 208 124 62 61 211 194 76 15 44 117 236 60 131 191 242 20 137 90 64 22 182 185 33 57 199 224 176 27 184 24 36 98 226 97 174 220 151 229 192 42 206 78 114 101 135 0 167 50 70 238 73 253 95 173 122 1 119 222 228 219 115 171 55 52 112 71 227 232 130 235 68 13 193 215 34 246 161 177 109 160 209 104 43 180 125 38],[218 108 226 173 171 84 160 192 27 122 203 69 113 196 139 239 40 13 48 152 44 159 47 18 200 101 177 147 10 1 215 99 125 252 132 169 71 91 149 245 103 130 166 211 118 16 179 186 52 142 243 213 23 156 235 54 78 65 135 74 96 35 42 137 190 205 128 30 232 8 222 230 254 88 61 57 249 4 37 6 181 209 82 220 50 105 162 110 76 95 183 240 202 158 150 248 165 176 83 227 46 191 62 60 7 204 70 79 155 219 102 175 199 15 123 24 193 189 25 109 77 94 194 225 29 64 246 229 121 167 120 140 154 31 201 28 161 87 5 234 72 20 231 207 49 141 81 14 68 224 51 98 163 223 80 233 236 182 26 221 151 187 107 168 180 126 117 170 153 55 38 250 206 164 238 104 241 0 148 138 216 92 244 253 39 115 86 134 2 3 75 9 53 85 188 143 100 67 63 217 198 212 145 178 12 19 59 41 174 255 197 157 242 33 36 185 228 34 208 210 56 97 112 32 172 124 17 131 21 43 106 22 66 90 127 73 89 136 116 237 93 111 11 184 114 144 119 129 146 133 45 195 251 214 247 58],44759294,53084876
randomWalk/tai256c,13,55270974,1638465,1638465,1760961600,[56 29 181 169 10 20 228 18 5 6 171 41 196 89 61 253 104 193 14 239 57 185 99 36 225 110 218 13 221 80 188 245 201 67 21 147 111 88 142 46 121 86 101 198 15 145 220 137 160 186 122 162 31 0 58 4 227 199 232 82 180 161 168 78 103 152 9 74 87 126 83 202 229 71 94 133 70 234 93 136 39 219 182 28 76 72 165 81 114 123 97 212 166 157 129 73 206 69 48 2 242 91 50 247 119 248 210 195 139 173 251 27 64 108 179 223 240 112 117 243 150 98 116 30 23 156 146 17 55 170 175 197 159 192 16 158 43 151 3 249 189 65 26 12 194 59 200 60 96 125 45 177 42 184 252 22 68 231 85 132 124 92 19 163 40 135 79 120 143 213 49 207 24 138 178 149 62 34 237 77 51 141 191 230 100 155 33 148 37 209 140 11 106 255 233 176 217 7 203 224 8 204 44 215 164 131 38 115 130 254 95 35 236 109 63 127 54 211 226 250 53 246 134 235 167 174 90 113 216 222 241 102 128 187 1 25 75 47 190 208 154 214 66 32 244 183 153 118 144 205 84 105 52 172 238 107],[218 108 226 173 171 84 160 192 27 122 203 69 113 196 139 239 40 13 48 152 44 159 47 18 200 101 177 147 10 1 215 99 125 252 132 169 71 91 149 245 103 130 166 211 118 16 179 186 52 142 243 213 23 156 235 54 78 65 135 74 96 35 42 137 190 205 128 30 232 8 222 230 254 88 61 57 249 4 37 6 181 209 82 220 50 105 162 110 76 95 183 240 202 158 150 248 165 176 83 227 46 191 62 60 7 204 70 79 155 219 102 175 199 15 123 24 193 189 25 109 77 94 194 225 29 64 246 229 121 167 120 140 154 31 201 28 161 87 5 234 72 20 231 207 49 141 81 14 68 224 51 98 163 223 80 233 236 182 26 221 151 187 107 168 180 126 117 170 153 55 38 250 206 164 238 104 241 0 148 138 216 92 244 253 39 115 86 134 2 3 75 9 53 85 188 143 100 67 63 217 198 212 145 178 12 19 59 41 174 255 197 157 242 33 36 185 228 34 208 210 56 97 112 32 172 124 17 131 21 43 106 22 66 90 127 73 89 136 116 237 93 111 11 184 114 144 119 129 146 133 45 195 251 214 247 58],44759294,53084876
heuristic/tai256c,13,98685678,0,0,0,[192 166 255 254 253 252 251 250 249 248 247 246 245 244 243 242 241 240 239 238 237 236 235 234 233 232 231 230 229 228 227 226 225 224 223 222 221 220 219 218 217 216 215 214 213 212 211 165 210 209 208 207 206 205 204 203 202 201 200 199 198 197 196 167 164 195 194 193 191 190 189 188 187 186 185 184 183 182 181 180 179 178 177 176 175 174 173 172 171 170 169 168 92 93 94 95 96 97 98 99 100 101 102 103 104 105 106 107 108 109 110 111 112 113 114 115 116 117 118 119 120 121 122 123 124 125 63 64 47 129 130 131 132 133 134 135 136 137 138 139 140 141 142 143 144 145 146 147 148 149 150 151 152 153 154 155 156 157 158 159 160 161 162 163 81 128 127 126 91 90 89 88 87 86 85 84 83 82 1 80 79 78 77 76 75 74 73 72 71 70 69 68 0 67 66 65 62 61 60 59 58 57 56 55 54 53 52 51 50 49 48 46 45 44 43 42 41 40 39 38 37 36 35 34 33 32 31 30 29 28 27 26 25 24 23 22 21 20 19 18 17 16 15 14 13 12 11 10 9 8 7 6 5 4 3 2],[218 108 226 173 171 84 160 192 27 122 203 69 113 196 139 239 40 13 48 152 44 159 47 18 200 101 177 147 10 1 215 99 125 252 132 169 71 91 149 245 103 130 166 211 118 16 179 186 52 142 243 213 23 156 235 54 78 65 135 74 96 35 42 137 190 205 128 30 232 8 222 230 254 88 61 57 249 4 37 6 181 209 82 220 50 105 162 110 76 95 183 240 202 158 150 248 165 176 83 227 46 191 62 60 7 204 70 79 155 219 102 175 199 15 123 24 193 189 25 109 77 94 194 225 29 64 246 229 121 167 120 140 154 31 201 28 161 87 5 234 72 20 231 207 49 141 81 14 68 224 51 98 163 223 80 233 236 182 26 221 151 187 107 168 180 126 117 170 153 55 38 250 206 164 238 104 241 0 148 138 216 92 244 253 39 115 86 134 2 3 75 9 53 85 188 143 100 67 63 217 198 212 145 178 12 19 59 41 174 255 197 157 242 33 36 185 228 34 208 210 56 97 112 32 172 124 17 131 21 43 106 22 66 90 127 73 89 136 116 237 93 111 11 184 114 144 119 129 146 133 45 195 251 214 247 58],44759294,53084876
greedy/tai256c,14,44916882,302,1713355,1772281100,[148 91 161 15 7 96 217 131 151 57 108 59 78 4 197 114 185 142 173 36 243 86 129 194 101 231 175 220 81 125 84 246 254 237 123 13 105 2 66 95 27 144 74 248 188 127 54 119 17 156 93 51 214 47 116 182 251 61 71 199 223 192 99 234 168 179 138 39 224 165 10 190 146 69 241 88 228 30 153 209 205 211 48 21 202 24 136 42 44 134 171 34 164 32 147 242 195 11 85 213 28 33 230 120 104 64 174 189 149 135 232 94 172 16 103 115 26 225 250 163 191 183 238 70 244 137 109 68 112 152 72 111 52 79 170 50 132 5 92 98 67 18 8 198 210 247 222 184 130 169 215 49 245 162 38 80 37 118 97 106 143 255 82 121 22 76 58 204 113 178 100 62 107 253 6 212 73 227 226 145 102 55 110 46 87 196 239 35 240 236 25 176 221 128 53 117 31 229 63 160 12 219 159 139 207 252 140 77 201 90 29 166 141 23 126 122 193 200 89 43 154 218 1 203 187 235 83 124 233 155 65 133 150 0 181 3 9 157 158 19 56 75 180 45 60 186 20 41 216 40 177 14 167 208 206 249],[218 108 226 173 171 84 160 192 27 122 203 69 113 196 139 239 40 13 48 152 44 159 47 18 200 101 177 147 10 1 215 99 125 252 132 169 71 91 149 245 103 130 166 211 118 16 179 186 52 142 243 213 23 156 235 54 78 65 135 74 96 35 42 137 190 205 128 30 232 8 222 230 254 88 61 57 249 4 37 6 181 209 82 220 50 105 162 110 76 95 183 240 202 158 150 248 165 176 83 227 46 191 62 60 7 204 70 79 155 219 102 175 199 15 123 24 193 189 25 109 77 94 194 225 29 64 246 229 121 167 120 140 154 31 201 28 161 87 5 234 72 20 231 207 49 141 81 14 68 224 51 98 163 223 80 233 236 182 26 221 151 187 107 168 180 126 117 170 153 55 38 250 206 164 238 104 241 0 148 138 216 92 244 253 39 115 86 134 2 3 75 9 53 85 188 143 100 67 63 217 198 212 145 178 12 19 59 41 174 255 197 157 242 33 36 185 228 34 208 210 56 97 112 32 172 124 17 131 21 43 106 22 66 90 127 73 89 136 116 237 93 111 11 184 114 144 119 129 146 133 45 195 251 214 247 58],44759294,55162460
steepest/tai256c,14,44915408,43,1436160,1471597500,[255 211 109 6 80 14 114 90 194 161 120 192 196 2 199 217 152 135 174 103 92 228 122 220 101 232 11 129 49 141 126 245 237 247 184 44 84 19 67 78 29 144 189 241 73 97 186 118 222 156 25 32 214 107 132 166 56 61 164 252 224 191 53 235 169 179 137 63 82 149 250 139 146 143 243 88 59 0 36 209 171 99 39 21 203 8 111 31 42 181 70 34 242 190 195 205 133 121 187 69 112 127 176 105 158 246 46 52 180 71 10 38 219 16 27 115 26 225 240 238 230 23 173 86 244 138 108 66 212 68 93 64 12 79 172 50 116 5 76 98 81 18 24 198 213 231 175 151 130 153 215 51 28 162 54 200 37 119 96 106 17 136 7 40 22 148 58 204 113 178 100 62 57 253 75 170 104 227 85 145 102 48 15 30 87 197 239 35 223 236 74 147 221 128 72 117 47 229 9 160 233 226 159 123 207 251 140 77 201 163 13 182 125 91 110 154 193 94 89 43 210 254 1 185 188 234 83 124 218 155 65 134 150 33 165 3 249 157 142 131 41 95 168 45 60 55 20 202 216 167 177 248 183 208 206 4],[218 108 226 173 171 84 160 192 27 122 203 69 113 196 139 239 40 13 48 152 44 159 47 18 200 101 177 147 10 1 215 99 125 252 132 169 71 91 149 245 103 130 166 211 118 16 179 186 52 142 243 213 23 156 235 54 78 65 135 74 96 35 42 137 190 205 128 30 232 8 222 230 254 88 61 57 249 4 37 6 181 209 82 220 50 105 162 110 76 95 183 240 202 158 150 248 165 176 83 227 46 191 62 60 7 204 70 79 155 219 102 175 199 15 123 24 193 189 25 109 77 94 194 225 29 64 246 229 121 167 120 140 154 31 201 28 161 87 5 234 72 20 231 207 49 141 81 14 68 224 51 98 163 223 80 233 236 182 26 221 151 187 107 168 180 126 117 170 153 55 38 250 206 164 238 104 241 0 148 138 216 92 244 253 39 115 86 134 2 3 75 9 53 85 188 143 100 67 63 217 198 212 145 178 12 19 59 41 174 255 197 157 242 33 36 185 228 34 208 210 56 97 112 32 172 124 17 131 21 43 106 22 66 90 127 73 89 136 116 237 93 111 11 184 114 144 119 129 146 133 45 195 251 214 247 58],44759294,55162460
random/tai256c,14,50161970,19273,19273,1472531300,[210 13 240 9 161 104 136 39 214 175 91 22 140 44 86 157 187 146 50 215 166 156 197 3 2 18 164 73 121 16 102 65 15 134 26 64 126 151 223 79 51 192 205 149 211 212 206 30 155 84 46 188 201 128 23 248 96 93 131 137 52 43 169 70 129 94 220 88 203 107 61 71 185 217 228 108 251 162 83 246 235 177 110 82 114 0 58 202 24 124 229 163 173 20 133 234 12 69 7 77 241 60 232 120 165 139 218 10 56 100 199 36 85 245 148 98 226 224 204 189 249 180 123 178 125 143 31 53 152 135 72 49 167 74 171 41 141 200 170 95 63 17 40 5 179 111 221 35 138 75 244 28 231 89 154 160 158 103 132 11 225 253 76 238 216 193 21 190 109 150 66 25 250 153 144 29 181 14 252 81 227 119 59 33 237 142 174 213 8 255 78 92 62 191 54 247 37 219 4 68 45 145 122 222 239 242 196 208 32 1 194 113 105 80 87 99 55 172 195 209 159 57 97 182 38 115 127 19 230 254 236 183 117 186 112 47 168 27 6 116 198 207 34 243 67 118 106 176 130 90 101 184 147 48 42 233],[218 108 226 173 171 84 160 192 27 122 203 69 113 196 139 239 40 13 48 152 44 159 47 18 200 101 177 147 10 1 215 99 125 252 132 169 71 91 149 245 103 130 166 211 118 16 179 186 52 142 243 213 23 156 235 54 78 65 135 74 96 35 42 137 190 205 128 30 232 8 222 230 254 88 61 57 249 4 37 6 181 209 82 220 50 105 162 110 76 95 183 240 202 158 150 248 165 176 83 227 46 191 62 60 7 204 70 79 155 219 102 175 199 15 123 24 193 189 25 109 77 94 194 225 29 64 246 229 121 167 120 140 154 31 201 28 161 87 5 234 72 20 231 207 49 141 81 14 68 224 51 98 163 223 80 233 236 182 26 221 151 187 107 168 180 126 117 170 153 55 38 250 206 164 238 104 241 0 148 138 216 92 244 253 39 115 86 134 2 3 75 9 53 85 188 143 100 67 63 217 198 212 145 178 12 19 59 41 174 255 197 157 242 33 36 185 228 34 208 210 56 97 112 32 172 124 17 131 21 43 106 22 66 90 127 73 89 136 116 237 93 111 11 184 114 144 119 129 146 133 45 195 251 214 247 58],44759294,55162460
randomWalk/tai256c,14,54470064,1287161,1287161,1477263900,[86 95 156 82 54 160 159 211 193 243 185 18 67 173 45 118 254 71 203 150 145 233 30 124 253 5 51 204 25 60 220 64 252 32 59 34 44 168 20 3 115 120 85 31 29 148 174 66 24 201 106 218 189 35 65 84 199 154 43 73 78 37 175 119 2 219 244 80 167 96 62 11 112 22 187 226 222 213 236 87 225 172 127 232 239 102 140 164 190 79 19 146 129 231 191 70 109 162 135 8 195 53 176 221 227 143 55 151 205 10 50 111 212 147 74 121 139 117 81 157 0 104 114 52 89 40 72 77 98 229 69 83 122 103 133 6 88 246 116 13 223 14 255 251 141 214 153 132 16 21 101 215 110 247 152 126 41 107 217 210 144 131 207 177 180 250 4 198 108 230 94 33 61 128 155 123 194 63 91 208 149 183 92 238 206 56 249 241 171 23 209 197 184 166 39 134 27 192 234 68 182 48 137 125 235 196 245 170 158 186 138 163 75 26 12 200 57 97 248 179 242 1 46 178 76 42 28 142 105 113 169 49 38 47 228 17 99 36 188 165 240 9 224 136 90 237 58 93 130 7 181 216 15 100 202 161],[218 108 226 173 171 84 160 192 27 122 203 69 113 196 139 239 40 13 48 152 44 159 47 18 200 101 177 147 10 1 215 99 125 252 132 169 71 91 149 245 103 130 166 211 118 16 179 186 52 142 243 213 23 156 235 54 78 65 135 74 96 35 42 137 190 205 128 30 232 8 222 230 254 88 61 57 249 4 37 6 181 209 82 220 50 105 162 110 76 95 183 240 202 158 150 248 165 176 83 227 46 191 62 60 7 204 70 79 155 219 102 175 199 15 123 24 193 189 25 109 77 94 194 225 29 64 246 229 121 167 120 140 154 31 201 28 161 87 5 234 72 20 231 207 49 141 81 14 68 224 51 98 163 223 80 233 236 182 26 221 151 187 107 168 180 126 117 170 153 55 38 250 206 164 238 104 241 0 148 138 216 92 244 253 39 115 86 134 2 3 75 9 53 85 188 143 100 67 63 217 198 212 145 178 12 19 59 41 174 255 197 157 242 33 36 185 228 34 208 210 56 97 112 32 172 124 17 131 21 43 106 22 66 90 127 73 89 136 116 237 93 111 11 184 114 144 119 129 146 133 45 195 251 214 247 58],44759294,55162460
heuristic/tai256c,14,98685678,0,0,0,[192 166 255 254 253 252 251 250 249 248 247 246 245 244 243 242 241 240 239 238 237 236 235 234 233 232 231 230 229 228 227 226 225 224 223 222 221 220 219 218 217 216 215 214 213 212 211 165 210 209 208 207 206 205 204 203 202 201 200 199 198 197 196 167 164 195 194 193 191 190 189 188 187 186 185 184 183 182 181 180 179 178 177 176 175 174 173 172 171 170 169 168 92 93 94 95 96 97 98 99 100 101 102 103 104 105 106 107 108 109 110 111 112 113 114 115 116 117 118 119 120 121 122 123 124 125 63 64 47 129 130 131 132 133 134 135 136 137 138 139 140 141 142 143 144 145 146 147 148 149 150 151 152 153 154 155 156 157 158 159 160 161 162 163 81 128 127 126 91 90 89 88 87 86 85 84 83 82 1 80 79 78 77 76 75 74 73 72 71 70 69 68 0 67 66 65 62 61 60 59 58 57 56 55 54 53 52 51 50 49 48 46 45 44 43 42 41 40 39 38 37 36 35 34 33 32 31 30 29 28 27 26 25 24 23 22 21 20 19 18 17 16 15 14 13 12 11 10 9 8 7 6 5 4 3 2],[218 108 226 173 171 84 160 192 27 122 203 69 113 196 139 239 40 13 48 152 44 159 47 18 200 101 177 147 10 1 215 99 125 252 132 169 71 91 149 245 103 130 166 211 118 16 179 186 52 142 243 213 23 156 235 54 78 65 135 74 96 35 42 137 190 205 128 30 232 8 222 230 254 88 61 57 249 4 37 6 181 209 82 220 50 105 162 110 76 95 183 240 202 158 150 248 165 176 83 227 46 191 62 60 7 204 70 79 155 219 102 175 199 15 123 24 193 189 25 109 77 94 194 225 29 64 246 229 121 167 120 140 154 31 201 28 161 87 5 234 72 20 231 207 49 141 81 14 68 224 51 98 163 223 80 233 236 182 26 221 151 187 107 168 180 126 117 170 153 55 38 250 206 164 238 104 241 0 148 138 216 92 244 253 39 115 86 134 2 3 75 9 53 85 188 143 100 67 63 217 198 212 145 178 12 19 59 41 174 255 197 157 242 33 36 185 228 34 208 210 56 97 112 32 172 124 17 131 21 43 106 22 66 90 127 73 89 136 116 237 93 111 11 184 114 144 119 129 146 133 45 195 251 214 247 58],44759294,55162460
greedy/tai256c,15,45010712,303,1484270,1342326600,[132 152 147 234 88 52 10 169 199 101 28 154 120 201 221 18 187 15 229 3 60 118 240 249 182 16 211 135 129 208 23 179 49 231 253 96 214 57 35 164 103 176 158 37 84 251 114 194 139 67 242 149 20 144 62 64 45 77 92 156 107 206 236 219 47 40 167 225 99 74 173 70 122 8 82 95 175 239 105 125 127 6 204 25 110 161 244 216 43 30 55 196 80 111 63 235 54 126 98 19 81 91 237 90 76 226 207 9 21 241 106 69 210 65 56 22 151 215 141 209 29 224 142 195 59 245 138 68 71 102 38 124 160 222 223 32 100 150 220 247 109 166 86 212 42 85 140 148 14 197 177 198 174 228 218 119 13 93 83 165 252 181 31 121 191 193 157 238 27 168 128 153 44 137 48 75 97 188 123 11 117 233 217 58 0 94 46 159 186 143 116 24 108 33 213 133 66 205 146 248 17 189 183 79 145 113 202 51 136 87 178 72 39 134 2 232 190 163 50 192 255 12 131 7 78 200 185 172 162 53 155 4 41 112 89 180 246 171 26 5 250 73 115 104 61 254 34 170 1 230 203 130 184 243 36 227],[218 108 226 173 171 84 160 192 27 122 203 69 113 196 139 239 40 13 48 152 44 159 47 18 200 101 177 147 10 1 215 99 125 252 132 169 71 91 149 245 103 130 166 211 118 16 179 186 52 142 243 213 23 156 235 54 78 65 135 74 96 35 42 137 190 205 128 30 232 8 222 230 254 88 61 57 249 4 37 6 181 209 82 220 50 105 162 110 76 95 183 240 202 158 150 248 165 176 83 227 46 191 62 60 7 204 70 79 155 219 102 175 199 15 123 24 193 189 25 109 77 94 194 225 29 64 246 229 121 167 120 140 154 31 201 28 161 87 5 234 72 20 231 207 49 141 81 14 68 224 51 98 163 223 80 233 236 182 26 221 151 187 107 168 180 126 117 170 153 55 38 250 206 164 238 104 241 0 148 138 216 92 244 253 39 115 86 134 2 3 75 9 53 85 188 143 100 67 63 217 198 212 145 178 12 19 59 41 174 255 197 157 242 33 36 185 228 34 208 210 56 97 112 32 172 124 17 131 21 43 106 22 66 90 127 73 89 136 116 237 93 111 11 184 114 144 119 129 146 133 45 195 251 214 247 58],44759294,54323118
steepest/tai256c,15,44976594,47,1566720,1413664700,[39 214 234 122 18 22 150 186 169 133 12 3 240 93 204 226 201 8 229 65 76 118 50 84 249 231 116 107 145 104 110 164 87 101 254 96 167 142 35 147 135 237 155 37 199 191 114 162 222 95 69 209 5 128 78 63 15 192 182 159 1 189 45 219 41 56 152 246 99 73 137 174 90 32 52 177 172 239 211 125 10 251 140 179 54 82 244 216 27 30 59 196 160 60 55 70 66 157 6 127 9 121 248 81 250 241 225 48 21 242 106 181 85 100 173 154 187 195 141 224 29 0 215 92 40 245 138 98 71 67 38 188 235 206 223 58 86 119 220 198 109 166 102 212 42 91 139 25 14 197 193 170 175 228 218 120 13 75 210 165 252 16 31 105 207 236 156 238 43 68 144 168 44 88 64 77 97 233 123 11 117 247 217 57 202 94 46 161 151 143 132 24 108 33 213 149 83 205 148 131 17 221 183 79 129 113 49 51 136 232 194 72 23 134 2 103 190 163 89 176 255 28 124 7 62 200 185 171 178 53 158 4 47 112 184 180 208 153 26 20 19 74 115 111 61 253 34 80 146 230 203 130 126 243 36 227],[218 108 226 173 171 84 160 192 27 122 203 69 113 196 139 239 40 13 48 152 44 159 47 18 200 101 177 147 10 1 215 99 125 252 132 169 71 91 149 245 103 130 166 211 118 16 179 186 52 142 243 213 23 156 235 54 78 65 135 74 96 35 42 137 190 205 128 30 232 8 222 230 254 88 61 57 249 4 37 6 181 209 82 220 50 105 162 110 76 95 183 240 202 158 150 248 165 176 83 227 46 191 62 60 7 204 70 79 155 219 102 175 199 15 123 24 193 189 25 109 77 94 194 225 29 64 246 229 121 167 120 140 154 31 201 28 161 87 5 234 72 20 231 207 49 141 81 14 68 224 51 98 163 223 80 233 236 182 26 221 151 187 107 168 180 126 117 170 153 55 38 250 206 164 238 104 241 0 148 138 216 92 244 253 39 115 86 134 2 3 75 9 53 85 188 143 100 67 63 217 198 212 145 178 12 19 59 41 174 255 197 157 242 33 36 185 228 34 208 210 56 97 112 32 172 124 17 131 21 43 106 22 66 90 127 73 89 136 116 237 93 111 11 184 114 144 119 129 146 133 45 195 251 214 247 58],44759294,54323118
random/tai256c,15,49618736,23424,23424,1422595500,[25 192 57 165 215 193 205 113 86 230 135 227 128 4 17 38 97 117 154 28 177 96 127 14 239 197 109 0 80 144 249 234 125 168 228 233 134 180 199 90 51 245 206 140 106 130 43 173 238 190 87 137 68 21 200 172 236 54 63 225 49 219 202 244 231 16 72 55 201 66 88 39 76 20 46 23 251 61 208 147 100 59 119 182 179 253 79 139 175 142 95 30 64 146 189 171 62 241 211 107 132 216 224 98 60 209 121 48 81 5 71 13 254 213 153 94 124 103 47 174 223 31 194 52 214 91 248 160 78 229 220 29 183 58 77 8 203 207 181 237 99 116 159 141 118 195 26 19 42 7 157 129 143 22 110 126 155 115 75 150 151 10 65 242 235 32 69 70 73 250 104 243 240 164 204 40 185 188 186 123 198 85 33 44 45 84 138 27 136 74 152 3 37 11 9 18 246 41 196 50 36 112 56 53 187 114 120 162 122 148 170 212 176 232 156 145 252 35 131 6 167 92 166 184 82 34 149 93 218 247 1 111 161 226 217 101 102 163 210 158 191 108 222 12 67 24 2 89 105 255 83 169 133 221 178 15],[218 108 226 173 171 84 160 192 27 122 203 69 113 196 139 239 40 13 48 152 44 159 47 18 200 101 177 147 10 1 215 99 125 252 132 169 71 91 149 245 103 130 166 211 118 16 179 186 52 142 243 213 23 156 235 54 78 65 135 74 96 35 42 137 190 205 128 30 232 8 222 230 254 88 61 57 249 4 37 6 181 209 82 220 50 105 162 110 76 95 183 240 202 158 150 248 165 176 83 227 46 191 62 60 7 204 70 79 155 219 102 175 199 15 123 24 193 189 25 109 77 94 194 225 29 64 246 229 121 167 120 140 154 31 201 28 161 87 5 234 72 20 231 207 49 141 81 14 68 224 51 98 163 223 80 233 236 182 26 221 151 187 107 168 180 126 117 170 153 55 38 250 206 164 238 104 241 0 148 138 216 92 244 253 39 115 86 134 2 3 75 9 53 85 188 143 100 67 63 217 198 212 145 178 12 19 59 41 174 255 197 157 242 33 36 185 228 34 208 210 56 97 112 32 172 124 17 131 21 43 106 22 66 90 127 73 89 136 116 237 93 111 11 184 114 144 119 129 146 133 45 195 251 214 247 58],44759294,54323118
randomWalk/tai256c,15,53651204,1397029,1397029,1418730500,[218 97 229 233 157 226 118 203 202 62 179 12 71 125 24 65 49 104 103 132 181 246 194 31 96 241 143 89 243 161 186 211 36 136 216 126 106 214 102 119 239 18 249 78 222 209 184 61 200 128 67 121 137 238 242 196 16 34 0 141 98 59 60 154 27 174 90 69 107 204 148 198 2 23 235 201 5 205 210 39 159 131 230 64 178 237 228 234 9 251 117 185 108 166 254 79 50 215 58 43 116 110 26 140 217 38 66 113 86 124 72 82 232 19 99 227 105 164 224 247 213 236 152 120 177 182 162 37 8 83 3 176 47 160 95 109 142 130 150 180 44 53 197 93 147 123 42 188 6 51 253 115 84 187 139 192 144 206 252 92 173 13 111 40 54 77 11 14 112 153 52 81 240 10 145 165 22 28 94 250 223 171 55 87 135 129 138 170 85 199 21 191 168 169 100 101 45 156 70 208 29 151 75 4 175 7 15 122 46 158 133 114 225 91 88 149 207 189 248 63 221 80 183 244 17 127 255 190 57 134 25 155 172 73 212 220 219 245 167 32 56 20 163 30 146 231 68 48 195 1 74 35 33 76 193 41],[218 108 226 173 171 84 160 192 27 122 203 69 113 196 139 239 40 13 48 152 44 159 47 18 200 101 177 147 10 1 215 99 125 252 132 169 71 91 149 245 103 130 166 211 118 16 179 186 52 142 243 213 23 156 235 54 78 65 135 74 96 35 42 137 190 205 128 30 232 8 222 230 254 88 61 57 249 4 37 6 181 209 82 220 50 105 162 110 76 95 183 240 202 158 150 248 165 176 83 227 46 191 62 60 7 204 70 79 155 219 102 175 199 15 123 24 193 189 25 109 77 94 194 225 29 64 246 229 121 167 120 140 154 31 201 28 161 87 5 234 72 20 231 207 49 141 81 14 68 224 51 98 163 223 80 233 236 182 26 221 151 187 107 168 180 126 117 170 153 55 38 250 206 164 238 104 241 0 148 138 216 92 244 253 39 115 86 134 2 3 75 9 53 85 188 143 100 67 63 217 198 212 145 178 12 19 59 41 174 255 197 157 242 33 36 185 228 34 208 210 56 97 112 32 172 124 17 131 21 43 106 22 66 90 127 73 89 136 116 237 93 111 11 184 114 144 119 129 146 133 45 195 251 214 247 58],44759294,54323118
heuristic/tai256c,15,98685678,0,0,0,[192 166 255 254 253 252 251 250 249 248 247 246 245 244 243 242 241 240 239 238 237 236 235 234 233 232 231 230 229 228 227 226 225 224 223 222 221 220 219 218 217 216 215 214 213 212 211 165 210 209 208 207 206 205 204 203 202 201 200 199 198 197 196 167 164 195 194 193 191 190 189 188 187 186 185 184 183 182 181 180 179 178 177 176 175 174 173 172 171 170 169 168 92 93 94 95 96 97 98 99 100 101 102 103 104 105 106 107 108 109 110 111 112 113 114 115 116 117 118 119 120 121 122 123 124 125 63 64 47 129 130 131 132 133 134 135 136 137 138 139 140 141 142 143 144 145 146 147 148 149 150 151 152 153 154 155 156 157 158 159 160 161 162 163 81 128 127 126 91 90 89 88 87 86 85 84 83 82 1 80 79 78 77 76 75 74 73 72 71 70 69 68 0 67 66 65 62 61 60 59 58 57 56 55 54 53 52 51 50 49 48 46 45 44 43 42 41 40 39 38 37 36 35 34 33 32 31 30 29 28 27 26 25 24 23 22 21 20 19 18 17 16 15 14 13 12 11 10 9 8 7 6 5 4 3 2],[218 108 226 173 171 84 160 192 27 122 203 69 113 196 139 239 40 13 48 152 44 159 47 18 200 101 177 147 10 1 215 99 125 252 132 169 71 91 149 245 103 130 166 211 118 16 179 186 52 142 243 213 23 156 235 54 78 65 135 74 96 35 42 137 190 205 128 30 232 8 222 230 254 88 61 57 249 4 37 6 181 209 82 220 50 105 162 110 76 95 183 240 202 158 150 248 165 176 83 227 46 191 62 60 7 204 70 79 155 219 102 175 199 15 123 24 193 189 25 109 77 94 194 225 29 64 246 229 121 167 120 140 154 31 201 28 161 87 5 234 72 20 231 207 49 141 81 14 68 224 51 98 163 223 80 233 236 182 26 221 151 187 107 168 180 126 117 170 153 55 38 250 206 164 238 104 241 0 148 138 216 92 244 253 39 115 86 134 2 3 75 9 53 85 188 143 100 67 63 217 198 212 145 178 12 19 59 41 174 255 197 157 242 33 36 185 228 34 208 210 56 97 112 32 172 124 17 131 21 43 106 22 66 90 127 73 89 136 116 237 93 111 11 184 114 144 119 129 146 133 45 195 251 214 247 58],44759294,54323118
greedy/tai256c,16,44927290,284,1374442,1390177500,[41 30 216 2 199 104 10 160 218 84 87 116 12 130 171 110 220 233 239 157 65 96 154 37 24 159 251 77 99 145 174 211 203 136 56 142 127 73 182 39 228 240 119 35 47 164 60 177 17 208 191 225 90 168 243 248 62 206 20 231 70 151 124 237 48 92 15 52 197 134 121 22 27 214 50 95 246 194 58 45 139 5 113 188 107 254 82 179 101 147 149 185 91 146 155 16 51 209 135 19 21 232 1 195 18 33 54 74 150 131 26 163 81 178 118 106 8 207 76 122 125 152 148 28 133 193 181 42 64 249 253 93 187 117 94 38 198 137 222 9 153 165 226 230 98 176 205 109 236 14 167 192 221 138 44 201 186 111 7 0 143 196 156 166 63 244 189 123 250 161 61 46 129 132 59 68 229 80 245 235 115 180 55 112 212 71 23 11 224 175 105 234 79 49 108 4 6 200 169 75 78 170 57 13 210 36 25 66 255 183 204 85 242 173 247 172 72 53 103 32 213 69 141 215 86 114 158 29 31 126 67 219 89 162 190 34 217 100 223 202 140 88 252 40 144 97 120 238 241 83 184 128 102 227 3 43],[218 108 226 173 171 84 160 192 27 122 203 69 113 196 139 239 40 13 48 152 44 159 47 18 200 101 177 147 10 1 215 99 125 252 132 169 71 91 149 245 103 130 166 211 118 16 179 186 52 142 243 213 23 156 235 54 78 65 135 74 96 35 42 137 190 205 128 30 232 8 222 230 254 88 61 57 249 4 37 6 181 209 82 220 50 105 162 110 76 95 183 240 202 158 150 248 165 176 83 227 46 191 62 60 7 204 70 79 155 219 102 175 199 15 123 24 193 189 25 109 77 94 194 225 29 64 246 229 121 167 120 140 154 31 201 28 161 87 5 234 72 20 231 207 49 141 81 14 68 224 51 98 163 223 80 233 236 182 26 221 151 187 107 168 180 126 117 170 153 55 38 250 206 164 238 104 241 0 148 138 216 92 244 253 39 115 86 134 2 3 75 9 53 85 188 143 100 67 63 217 198 212 145 178 12 19 59 41 174 255 197 157 242 33 36 185 228 34 208 210 56 97 112 32 172 124 17 131 21 43 106 22 66 90 127 73 89 136 116 237 93 111 11 184 114 144 119 129 146 133 45 195 251 214 247 58],44759294,54221378
steepest/tai256c,16,44918728,42,1403520,1371700100,[107 90 147 55 217 87 184 118 252 7 175 220 127 193 161 19 246 51 224 156 96 173 154 83 105 59 135 144 98 25 110 30 187 10 195 116 228 73 40 77 213 2 53 36 47 164 133 65 17 13 215 232 243 169 223 130 62 190 42 198 101 241 120 237 142 92 15 70 152 235 122 176 27 125 34 95 22 68 249 210 139 5 113 205 181 254 48 178 44 202 150 167 196 250 64 82 81 240 80 21 203 18 52 119 179 33 60 188 171 131 121 58 56 29 54 106 230 115 109 136 111 137 148 28 231 185 94 20 16 151 253 93 177 117 9 37 199 91 222 46 153 149 39 126 99 191 189 158 134 14 211 192 221 138 45 233 186 124 245 0 143 229 157 166 63 244 236 123 8 227 61 26 129 214 74 201 225 163 248 219 216 180 72 112 212 71 23 11 239 159 182 234 79 49 108 4 6 200 168 128 78 170 57 76 194 35 3 66 255 183 204 84 207 174 247 172 31 38 103 32 41 69 141 242 86 114 251 209 197 24 132 155 89 162 206 50 67 218 208 146 140 88 12 165 145 97 104 238 226 100 85 1 102 160 75 43],[218 108 226 173 171 84 160 192 27 122 203 69 113 196 139 239 40 13 48 152 44 159 47 18 200 101 177 147 10 1 215 99 125 252 132 169 71 91 149 245 103 130 166 211 118 16 179 186 52 142 243 213 23 156 235 54 78 65 135 74 96 35 42 137 190 205 128 30 232 8 222 230 254 88 61 57 249 4 37 6 181 209 82 220 50 105 162 110 76 95 183 240 202 158 150 248 165 176 83 227 46 191 62 60 7 204 70 79 155 219 102 175 199 15 123 24 193 189 25 109 77 94 194 225 29 64 246 229 121 167 120 140 154 31 201 28 161 87 5 234 72 20 231 207 49 141 81 14 68 224 51 98 163 223 80 233 236 182 26 221 151 187 107 168 180 126 117 170 153 55 38 250 206 164 238 104 241 0 148 138 216 92 244 253 39 115 86 134 2 3 75 9 53 85 188 143 100 67 63 217 198 212 145 178 12 19 59 41 174 255 197 157 242 33 36 185 228 34 208 210 56 97 112 32 172 124 17 131 21 43 106 22 66 90 127 73 89 136 116 237 93 111 11 184 114 144 119 129 146 133 45 195 251 214 247 58],44759294,54221378
random/tai256c,16,50144970,14087,14087,1372197900,[28 210 155 170 225 165 230 237 238 143 91 233 118 49 245 235 7 106 13 175 216 163 33 203 158 226 218 109 153 199 208 116 0 223 247 43 2 196 75 173 104 183 140 135 228 57 29 53 160 23 77 204 38 11 30 244 79 198 126 35 252 39 136 22 100 102 83 181 25 115 221 147 254 110 121 185 117 138 92 161 207 60 80 195 67 145 142 50 71 82 119 68 189 123 156 234 101 55 46 157 166 84 167 211 1 66 212 24 130 72 137 151 131 134 47 222 98 37 133 164 125 241 36 232 154 188 249 206 85 180 219 111 246 113 177 179 14 124 21 93 194 250 96 187 146 191 253 88 86 229 108 42 248 69 184 122 240 132 141 81 186 114 54 63 40 182 209 51 152 202 32 224 129 41 148 95 171 89 231 239 45 197 176 128 65 227 103 251 120 31 107 159 190 200 99 178 4 59 12 205 255 56 217 242 16 3 74 70 94 201 215 48 90 149 172 62 27 76 6 169 168 18 58 220 150 52 26 214 20 61 97 127 15 144 5 162 243 213 17 78 174 87 139 9 8 236 10 64 112 73 193 44 105 192 34 19],[218 108 226 173 171 84 160 192 27 122 203 69 113 196 139 239 40 13 48 152 44 159 47 18 200 101 177 147 10 1 215 99 125 252 132 169 71 91 149 245 103 130 166 211 118 16 179 186 52 142 243 213 23 156 235 54 78 65 135 74 96 35 42 137 190 205 128 30 232 8 222 230 254 88 61 57 249 4 37 6 181 209 82 220 50 105 162 110 76 95 183 240 202 158 150 248 165 176 83 227 46 191 62 60 7 204 70 79 155 219 102 175 199 15 123 24 193 189 25 109 77 94 194 225 29 64 246 229 121 167 120 140 154 31 201 28 161 87 5 234 72 20 231 207 49 141 81 14 68 224 51 98 163 223 80 233 236 182 26 221 151 187 107 168 180 126 117 170 153 55 38 250 206 164 238 104 241 0 148 138 216 92 244 253 39 115 86 134 2 3 75 9 53 85 188 143 100 67 63 217 198 212 145 178 12 19 59 41 174 255 197 157 242 33 36 185 228 34 208 210 56 97 112 32 172 124 17 131 21 43 106 22 66 90 127 73 89 136 116 237 93 111 11 184 114 144 119 129 146 133 45 195 251 214 247 58],44759294,54221378
randomWalk/tai256c,16,53685566,578297,578297,1372045000,[156 197 143 137 79 7 28 87 129 100 161 191 27 72 108 192 41 154 140 11 40 158 171 221 111 237 190 67 22 101 54 169 205 23 29 36 82 229 6 42 178 238 77 20 17 114 69 217 185 25 118 33 71 116 76 97 66 124 228 147 64 245 106 141 24 194 164 99 121 249 56 232 133 131 234 63 139 84 2 75 113 127 235 202 227 43 203 125 39 255 90 109 208 135 38 10 219 240 88 37 31 78 233 157 112 145 3 21 224 142 60 73 207 91 168 13 122 214 225 166 128 144 159 53 239 162 70 30 189 1 92 151 68 146 243 74 102 136 206 218 244 241 130 46 181 83 93 186 247 104 45 209 167 183 32 149 184 165 215 230 115 212 223 180 187 231 62 176 172 15 126 51 50 211 44 120 242 48 177 4 153 61 8 170 19 132 252 246 123 163 196 250 160 201 52 182 175 107 89 179 110 155 58 152 9 213 86 174 98 35 26 195 34 57 0 103 96 14 65 236 216 117 12 95 148 18 105 138 193 220 150 55 59 80 199 253 226 16 119 188 134 5 173 210 85 204 81 198 248 200 49 251 222 47 254 94],[218 108 226 173 171 84 160 192 27 122 203 69 113 196 139 239 40 13 48 152 44 159 47 18 200 101 177 147 10 1 215 99 125 252 132 169 71 91 149 245 103 130 166 211 118 16 179 186 52 142 243 213 23 156 235 54 78 65 135 74 96 35 42 137 190 205 128 30 232 8 222 230 254 88 61 57 249 4 37 6 181 209 82 220 50 105 162 110 76 95 183 240 202 158 150 248 165 176 83 227 46 191 62 60 7 204 70 79 155 219 102 175 199 15 123 24 193 189 25 109 77 94 194 225 29 64 246 229 121 167 120 140 154 31 201 28 161 87 5 234 72 20 231 207 49 141 81 14 68 224 51 98 163 223 80 233 236 182 26 221 151 187 107 168 180 126 117 170 153 55 38 250 206 164 238 104 241 0 148 138 216 92 244 253 39 115 86 134 2 3 75 9 53 85 188 143 100 67 63 217 198 212 145 178 12 19 59 41 174 255 197 157 242 33 36 185 228 34 208 210 56 97 112 32 172 124 17 131 21 43 106 22 66 90 127 73 89 136 116 237 93 111 11 184 114 144 119 129 146 133 45 195 251 214 247 58],44759294,54221378
heuristic/tai256c,16,98685678,0,0,0,[192 166 255 254 253 252 251 250 249 248 247 246 245 244 243 242 241 240 239 238 237 236 235 234 233 232 231 230 229 228 227 226 225 224 223 222 221 220 219 218 217 216 215 214 213 212 211 165 210 209 208 207 206 205 204 203 202 201 200 199 198 197 196 167 164 195 194 193 191 190 189 188 187 186 185 184 183 182 181 180 179 178 177 176 175 174 173 172 171 170 169 168 92 93 94 95 96 97 98 99 100 101 102 103 104 105 106 107 108 109 110 111 112 113 114 115 116 117 118 119 120 121 122 123 124 125 63 64 47 129 130 131 132 133 134 135 136 137 138 139 140 141 142 143 144 145 146 147 148 149 150 151 152 153 154 155 156 157 158 159 160 161 162 163 81 128 127 126 91 90 89 88 87 86 85 84 83 82 1 80 79 78 77 76 75 74 73 72 71 70 69 68 0 67 66 65 62 61 60 59 58 57 56 55 54 53 52 51 50 49 48 46 45 44 43 42 41 40 39 38 37 36 35 34 33 32 31 30 29 28 27 26 25 24 23 22 21 20 19 18 17 16 15 14 13 12 11 10 9 8 7 6 5 4 3 2],[218 108 226 173 171 84 160 192 27 122 203 69 113 196 139 239 40 13 48 152 44 159 47 18 200 101 177 147 10 1 215 99 125 252 132 169 71 91 149 245 103 130 166 211 118 16 179 186 52 142 243 213 23 156 235 54 78 65 135 74 96 35 42 137 190 205 128 30 232 8 222 230 254 88 61 57 249 4 37 6 181 209 82 220 50 105 162 110 76 95 183 240 202 158 150 248 165 176 83 227 46 191 62 60 7 204 70 79 155 219 102 175 199 15 123 24 193 189 25 109 77 94 194 225 29 64 246 229 121 167 120 140 154 31 201 28 161 87 5 234 72 20 231 207 49 141 81 14 68 224 51 98 163 223 80 233 236 182 26 221 151 187 107 168 180 126 117 170 153 55 38 250 206 164 238 104 241 0 148 138 216 92 244 253 39 115 86 134 2 3 75 9 53 85 188 143 100 67 63 217 198 212 145 178 12 19 59 41 174 255 197 157 242 33 36 185 228 34 208 210 56 97 112 32 172 124 17 131 21 43 106 22 66 90 127 73 89 136 116 237 93 111 11 184 114 144 119 129 146 133 45 195 251 214 247 58],44759294,54221378
greedy/tai256c,17,44974214,263,1353581,2720350800,[80 117 227 93 53 51 110 198 46 153 140 229 7 78 170 59 201 26 17 9 146 183 195 212 242 157 83 31 5 125 233 14 49 205 159 150 216 38 187 225 253 220 66 235 90 20 63 114 165 250 163 41 85 208 168 71 177 97 190 119 122 129 112 142 24 136 180 218 246 172 68 29 231 73 155 207 104 239 160 100 76 222 210 107 132 34 56 3 44 0 102 12 40 55 108 72 11 175 58 25 121 124 88 223 174 158 111 252 226 123 184 19 4 57 204 43 209 1 116 213 120 196 118 61 48 245 179 154 240 152 86 224 28 237 50 162 22 243 67 144 96 217 206 54 92 39 95 82 178 143 2 13 241 251 18 191 215 23 139 232 36 75 192 255 126 199 130 109 103 60 94 238 194 128 167 181 236 37 42 15 115 156 135 91 151 70 74 89 171 87 200 45 81 10 169 47 173 133 145 197 106 21 166 228 101 127 244 221 62 27 113 164 134 99 30 193 219 214 247 77 249 137 185 6 203 230 65 189 147 186 8 33 131 16 211 254 52 176 64 138 148 149 84 234 105 35 161 98 69 248 32 79 141 202 182 188],[218 108 226 173 171 84 160 192 27 122 203 69 113 196 139 239 40 13 48 152 44 159 47 18 200 101 177 147 10 1 215 99 125 252 132 169 71 91 149 245 103 130 166 211 118 16 179 186 52 142 243 213 23 156 235 54 78 65 135 74 96 35 42 137 190 205 128 30 232 8 222 230 254 88 61 57 249 4 37 6 181 209 82 220 50 105 162 110 76 95 183 240 202 158 150 248 165 176 83 227 46 191 62 60 7 204 70 79 155 219 102 175 199 15 123 24 193 189 25 109 77 94 194 225 29 64 246 229 121 167 120 140 154 31 201 28 161 87 5 234 72 20 231 207 49 141 81 14 68 224 51 98 163 223 80 233 236 182 26 221 151 187 107 168 180 126 117 170 153 55 38 250 206 164 238 104 241 0 148 138 216 92 244 253 39 115 86 134 2 3 75 9 53 85 188 143 100 67 63 217 198 212 145 178 12 19 59 41 174 255 197 157 242 33 36 185 228 34 208 210 56 97 112 32 172 124 17 131 21 43 106 22 66 90 127 73 89 136 116 237 93 111 11 184 114 144 119 129 146 133 45 195 251 214 247 58],44759294,53849970
steepest/tai256c,17,44933068,41,1370880,2518947700,[24 52 13 22 75 9 117 70 58 215 140 228 43 109 170 143 252 230 213 153 179 185 196 220 4 26 78 15 37 126 63 237 223 145 191 134 183 181 46 225 148 217 66 240 122 34 64 114 1 119 61 41 85 105 151 112 245 97 206 102 92 19 131 158 188 136 177 200 7 173 203 248 28 95 155 192 88 254 160 100 73 162 210 107 83 49 55 166 234 16 11 243 20 204 174 232 3 227 236 25 128 124 184 212 226 157 110 120 242 123 159 116 108 57 250 96 209 2 233 18 86 146 142 111 67 56 12 154 208 152 40 224 44 253 50 130 163 178 150 144 180 79 175 54 76 90 68 82 89 39 118 121 241 235 62 190 216 51 139 246 36 60 207 255 125 202 71 94 103 38 29 238 194 72 167 23 221 21 42 31 115 156 135 91 168 47 104 199 171 87 186 45 81 10 169 187 172 133 129 197 106 5 195 229 101 127 17 205 59 27 113 164 74 99 30 193 219 214 247 77 249 137 201 6 198 231 65 189 147 93 8 33 132 0 211 14 53 176 48 138 165 149 84 251 244 35 161 98 69 239 32 80 141 218 182 222],[218 108 226 173 171 84 160 192 27 122 203 69 113 196 139 239 40 13 48 152 44 159 47 18 200 101 177 147 10 1 215 99 125 252 132 169 71 91 149 245 103 130 166 211 118 16 179 186 52 142 243 213 23 156 235 54 78 65 135 74 96 35 42 137 190 205 128 30 232 8 222 230 254 88 61 57 249 4 37 6 181 209 82 220 50 105 162 110 76 95 183 240 202 158 150 248 165 176 83 227 46 191 62 60 7 204 70 79 155 219 102 175 199 15 123 24 193 189 25 109 77 94 194 225 29 64 246 229 121 167 120 140 154 31 201 28 161 87 5 234 72 20 231 207 49 141 81 14 68 224 51 98 163 223 80 233 236 182 26 221 151 187 107 168 180 126 117 170 153 55 38 250 206 164 238 104 241 0 148 138 216 92 244 253 39 115 86 134 2 3 75 9 53 85 188 143 100 67 63 217 198 212 145 178 12 19 59 41 174 255 197 157 242 33 36 185 228 34 208 210 56 97 112 32 172 124 17 131 21 43 106 22 66 90 127 73 89 136 116 237 93 111 11 184 114 144 119 129 146 133 45 195 251 214 247 58],44759294,53849970
random/tai256c,17,49845460,14805,14805,2519804900,[207 124 14 54 225 248 153 99 43 125 85 211 141 148 191 28 134 32 110 41 122 247 80 109 40 252 19 214 50 120 166 114 228 220 233 42 236 133 100 102 130 52 179 66 29 187 243 235 0 108 113 185 91 205 128 181 242 170 93 10 2 230 72 254 30 203 222 118 177 175 112 105 161 60 63 137 74 33 215 71 250 182 22 173 6 35 163 17 197 144 171 103 156 210 23 202 143 186 168 196 201 145 251 174 184 47 46 31 152 83 18 119 76 218 178 172 164 121 213 176 37 158 107 116 58 4 117 223 253 200 21 26 87 62 154 238 227 84 244 126 27 15 86 75 138 204 79 57 92 217 38 69 146 240 89 231 88 199 140 246 129 209 59 7 123 151 155 147 224 208 131 104 219 48 189 97 115 226 24 64 212 36 77 234 25 81 180 198 11 49 65 232 216 61 8 221 20 73 106 101 245 56 78 132 183 241 206 150 165 3 82 162 94 142 95 13 194 98 67 159 157 45 149 188 16 255 192 53 127 34 139 229 249 160 136 167 239 169 90 70 68 39 193 135 195 9 1 237 12 190 51 44 111 55 5 96],[218 108 226 173 171 84 160 192 27 122 203 69 113 196 139 239 40 13 48 152 44 159 47 18 200 101 177 147 10 1 215 99 125 252 132 169 71 91 149 245 103 130 166 211 118 16 179 186 52 142 243 213 23 156 235 54 78 65 135 74 96 35 42 137 190 205 128 30 232 8 222 230 254 88 61 57 249 4 37 6 181 209 82 220 50 105 162 110 76 95 183 240 202 158 150 248 165 176 83 227 46 191 62 60 7 204 70 79 155 219 102 175 199 15 123 24 193 189 25 109 77 94 194 225 29 64 246 229 121 167 120 140 154 31 201 28 161 87 5 234 72 20 231 207 49 141 81 14 68 224 51 98 163 223 80 233 236 182 26 221 151 187 107 168 180 126 117 170 153 55 38 250 206 164 238 104 241 0 148 138 216 92 244 253 39 115 86 134 2 3 75 9 53 85 188 143 100 67 63 217 198 212 145 178 12 19 59 41 174 255 197 157 242 33 36 185 228 34 208 210 56 97 112 32 172 124 17 131 21 43 106 22 66 90 127 73 89 136 116 237 93 111 11 184 114 144 119 129 146 133 45 195 251 214 247 58],44759294,53849970
randomWalk/tai256c,17,54181222,1042092,1042092,2520748600,[15 216 206 106 124 99 113 134 200 240 29 16 96 35 50 55 127 203 118 66 238 105 137 178 146 152 211 191 100 160 222 111 195 219 1 64 67 94 201 41 110 70 138 27 84 171 89 129 210 149 92 132 176 103 163 47 156 185 123 18 125 217 126 5 215 246 36 135 177 3 136 17 142 253 79 172 49 229 30 24 193 21 48 57 207 53 233 20 209 196 65 162 4 212 91 139 208 63 119 61 40 42 86 179 151 9 175 130 182 168 11 234 144 128 220 254 46 147 221 181 45 88 83 155 115 145 76 44 231 22 54 140 12 184 170 69 117 248 244 241 230 249 250 255 227 186 131 122 23 39 109 243 247 62 213 197 198 192 199 25 72 112 74 78 188 71 223 60 95 59 174 33 148 164 133 93 153 56 237 143 214 202 235 52 161 157 169 58 8 90 245 183 180 87 173 225 28 97 101 204 26 51 187 6 252 37 85 236 165 226 43 107 10 242 120 108 102 14 232 224 239 190 0 114 75 73 68 2 167 98 82 251 81 80 150 32 19 166 228 116 7 159 13 77 158 218 189 141 31 121 194 205 104 154 34 38],[218 108 226 173 171 84 160 192 27 122 203 69 113 196 139 239 40 13 48 152 44 159 47 18 200 101 177 147 10 1 215 99 125 252 132 169 71 91 149 245 103 130 166 211 118 16 179 186 52 142 243 213 23 156 235 54 78 65 135 74 96 35 42 137 190 205 128 30 232 8 222 230 254 88 61 57 249 4 37 6 181 209 82 220 50 105 162 110 76 95 183 240 202 158 150 248 165 176 83 227 46 191 62 60 7 204 70 79 155 219 102 175 199 15 123 24 193 189 25 109 77 94 194 225 29 64 246 229 121 167 120 140 154 31 201 28 161 87 5 234 72 20 231 207 49 141 81 14 68 224 51 98 163 223 80 233 236 182 26 221 151 187 107 168 180 126 117 170 153 55 38 250 206 164 238 104 241 0 148 138 216 92 244 253 39 115 86 134 2 3 75 9 53 85 188 143 100 67 63 217 198 212 145 178 12 19 59 41 174 255 197 157 242 33 36 185 228 34 208 210 56 97 112 32 172 124 17 131 21 43 106 22 66 90 127 73 89 136 116 237 93 111 11 184 114 144 119 129 146 133 45 195 251 214 247 58],44759294,53849970
heuristic/tai256c,17,98685678,0,0,520100,[192 166 255 254 253 252 251 250 249 248 247 246 245 244 243 242 241 240 239 238 237 236 235 234 233 232 231 230 229 228 227 226 225 224 223 222 221 220 219 218 217 216 215 214 213 212 211 165 210 209 208 207 206 205 204 203 202 201 200 199 198 197 196 167 164 195 194 193 191 190 189 188 187 186 185 184 183 182 181 180 179 178 177 176 175 174 173 172 171 170 169 168 92 93 94 95 96 97 98 99 100 101 102 103 104 105 106 107 108 109 110 111 112 113 114 115 116 117 118 119 120 121 122 123 124 125 63 64 47 129 130 131 132 133 134 135 136 137 138 139 140 141 142 143 144 145 146 147 148 149 150 151 152 153 154 155 156 157 158 159 160 161 162 163 81 128 127 126 91 90 89 88 87 86 85 84 83 82 1 80 79 78 77 76 75 74 73 72 71 70 69 68 0 67 66 65 62 61 60 59 58 57 56 55 54 53 52 51 50 49 48 46 45 44 43 42 41 40 39 38 37 36 35 34 33 32 31 30 29 28 27 26 25 24 23 22 21 20 19 18 17 16 15 14 13 12 11 10 9 8 7 6 5 4 3 2],[218 108 226 173 171 84 160 192 27 122 203 69 113 196 139 239 40 13 48 152 44 159 47 18 200 101 177 147 10 1 215 99 125 252 132 169 71 91 149 245 103 130 166 211 118 16 179 186 52 142 243 213 23 156 235 54 78 65 135 74 96 35 42 137 190 205 128 30 232 8 222 230 254 88 61 57 249 4 37 6 181 209 82 220 50 105 162 110 76 95 183 240 202 158 150 248 165 176 83 227 46 191 62 60 7 204 70 79 155 219 102 175 199 15 123 24 193 189 25 109 77 94 194 225 29 64 246 229 121 167 120 140 154 31 201 28 161 87 5 234 72 20 231 207 49 141 81 14 68 224 51 98 163 223 80 233 236 182 26 221 151 187 107 168 180 126 117 170 153 55 38 250 206 164 238 104 241 0 148 138 216 92 244 253 39 115 86 134 2 3 75 9 53 85 188 143 100 67 63 217 198 212 145 178 12 19 59 41 174 255 197 157 242 33 36 185 228 34 208 210 56 97 112 32 172 124 17 131 21 43 106 22 66 90 127 73 89 136 116 237 93 111 11 184 114 144 119 129 146 133 45 195 251 214 247 58],44759294,53849970
greedy/tai256c,18,44931074,265,1271402,3096075300,[246 198 76 1 20 109 157 248 121 193 172 89 18 163 207 143 91 226 138 219 178 148 253 83 112 175 106 37 119 133 23 190 33 170 111 136 208 59 205 31 78 61 98 87 202 239 42 228 10 183 5 180 161 57 65 243 40 80 50 12 129 222 48 123 85 187 151 251 213 25 233 140 14 211 131 72 46 236 44 126 165 102 35 168 185 116 68 231 240 54 216 144 28 191 117 26 220 224 16 62 95 156 167 67 221 22 77 235 63 212 43 110 79 69 107 184 124 241 38 169 215 94 139 206 189 254 204 203 60 103 194 132 218 210 21 127 115 244 55 125 45 160 150 27 92 82 58 134 101 75 141 17 149 4 152 113 130 19 232 217 3 39 200 11 255 214 2 96 6 197 135 88 49 209 90 56 47 53 74 66 238 199 142 154 64 252 225 179 242 164 245 247 177 81 159 52 71 229 0 36 114 171 73 230 105 32 70 237 24 128 9 97 196 93 186 192 195 34 51 176 153 227 182 84 188 181 223 137 30 99 249 104 145 250 173 155 29 86 166 122 162 100 146 13 147 41 234 15 174 201 7 108 8 120 158 118],[218 108 226 173 171 84 160 192 27 122 203 69 113 196 139 239 40 13 48 152 44 159 47 18 200 101 177 147 10 1 215 99 125 252 132 169 71 91 149 245 103 130 166 211 118 16 179 186 52 142 243 213 23 156 235 54 78 65 135 74 96 35 42 137 190 205 128 30 232 8 222 230 254 88 61 57 249 4 37 6 181 209 82 220 50 105 162 110 76 95 183 240 202 158 150 248 165 176 83 227 46 191 62 60 7 204 70 79 155 219 102 175 199 15 123 24 193 189 25 109 77 94 194 225 29 64 246 229 121 167 120 140 154 31 201 28 161 87 5 234 72 20 231 207 49 141 81 14 68 224 51 98 163 223 80 233 236 182 26 221 151 187 107 168 180 126 117 170 153 55 38 250 206 164 238 104 241 0 148 138 216 92 244 253 39 115 86 134 2 3 75 9 53 85 188 143 100 67 63 217 198 212 145 178 12 19 59 41 174 255 197 157 242 33 36 185 228 34 208 210 56 97 112 32 172 124 17 131 21 43 106 22 66 90 127 73 89 136 116 237 93 111 11 184 114 144 119 129 146 133 45 195 251 214 247 58],44759294,52909744
steepest/tai256c,18,44933422,46,1534080,3853111600,[229 56 126 33 79 170 156 247 122 176 107 249 84 179 242 97 41 54 65 198 8 149 12 204 112 132 74 69 119 117 22 47 16 244 102 20 162 59 158 44 104 5 89 71 189 92 141 27 109 67 215 181 164 94 82 15 39 187 184 212 130 1 77 29 175 202 136 145 217 10 254 139 251 227 115 143 62 237 222 194 219 209 35 167 232 207 52 18 224 134 153 80 172 49 73 216 220 123 208 103 40 95 9 245 177 23 3 235 63 151 43 138 68 236 91 200 166 241 38 169 178 111 140 243 76 159 205 203 60 70 61 131 213 210 21 127 116 154 226 125 45 160 150 155 108 83 58 78 101 75 124 17 165 4 152 113 129 19 185 218 2 88 183 11 255 214 157 96 6 197 135 144 50 26 98 146 32 53 206 66 238 199 142 239 64 252 225 163 234 46 106 246 161 81 182 57 87 228 0 36 114 171 37 230 105 168 55 14 24 128 31 133 196 93 186 192 195 34 51 28 72 211 231 85 188 180 223 137 30 99 25 190 120 250 173 221 253 86 148 121 48 100 42 13 147 193 233 240 174 201 7 110 248 90 191 118],[218 108 226 173 171 84 160 192 27 122 203 69 113 196 139 239 40 13 48 152 44 159 47 18 200 101 177 147 10 1 215 99 125 252 132 169 71 91 149 245 103 130 166 211 118 16 179 186 52 142 243 213 23 156 235 54 78 65 135 74 96 35 42 137 190 205 128 30 232 8 222 230 254 88 61 57 249 4 37 6 181 209 82 220 50 105 162 110 76 95 183 240 202 158 150 248 165 176 83 227 46 191 62 60 7 204 70 79 155 219 102 175 199 15 123 24 193 189 25 109 77 94 194 225 29 64 246 229 121 167 120 140 154 31 201 28 161 87 5 234 72 20 231 207 49 141 81 14 68 224 51 98 163 223 80 233 236 182 26 221 151 187 107 168 180 126 117 170 153 55 38 250 206 164 238 104 241 0 148 138 216 92 244 253 39 115 86 134 2 3 75 9 53 85 188 143 100 67 63 217 198 212 145 178 12 19 59 41 174 255 197 157 242 33 36 185 228 34 208 210 56 97 112 32 172 124 17 131 21 43 106 22 66 90 127 73 89 136 116 237 93 111 11 184 114 144 119 129 146 133 45 195 251 214 247 58],44759294,52909744
random/tai256c,18,49975090,18464,18464,3860851400,[223 68 148 38 100 65 191 67 242 66 145 165 196 32 59 46 248 136 29 163 220 11 114 87 47 214 108 39 121 71 112 138 97 103 42 69 243 118 230 135 144 1 149 94 167 95 250 64 184 188 254 211 155 106 228 72 7 156 253 172 217 60 241 24 124 194 177 215 141 205 218 139 164 203 19 0 23 35 120 224 91 245 90 21 153 117 15 127 201 232 226 4 193 104 210 70 75 81 52 55 20 168 231 31 207 28 235 101 137 122 152 174 96 227 186 51 238 14 240 26 116 202 219 197 9 204 199 143 154 99 86 142 130 173 33 234 12 128 170 40 76 37 131 61 132 190 63 98 200 79 176 162 34 126 74 49 102 209 189 159 147 3 5 109 134 183 255 53 239 161 175 10 251 78 246 169 133 85 216 27 225 236 146 17 181 150 115 88 160 166 54 206 77 107 198 80 2 113 179 62 229 185 105 244 45 233 84 187 111 192 247 110 16 212 208 73 30 50 83 48 6 123 22 182 36 93 8 44 58 41 13 89 195 237 180 92 43 129 222 178 25 213 249 125 57 119 171 82 140 18 158 56 151 157 221 252],[218 108 226 173 171 84 160 192 27 122 203 69 113 196 139 239 40 13 48 152 44 159 47 18 200 101 177 147 10 1 215 99 125 252 132 169 71 91 149 245 103 130 166 211 118 16 179 186 52 142 243 213 23 156 235 54 78 65 135 74 96 35 42 137 190 205 128 30 232 8 222 230 254 88 61 57 249 4 37 6 181 209 82 220 50 105 162 110 76 95 183 240 202 158 150 248 165 176 83 227 46 191 62 60 7 204 70 79 155 219 102 175 199 15 123 24 193 189 25 109 77 94 194 225 29 64 246 229 121 167 120 140 154 31 201 28 161 87 5 234 72 20 231 207 49 141 81 14 68 224 51 98 163 223 80 233 236 182 26 221 151 187 107 168 180 126 117 170 153 55 38 250 206 164 238 104 241 0 148 138 216 92 244 253 39 115 86 134 2 3 75 9 53 85 188 143 100 67 63 217 198 212 145 178 12 19 59 41 174 255 197 157 242 33 36 185 228 34 208 210 56 97 112 32 172 124 17 131 21 43 106 22 66 90 127 73 89 136 116 237 93 111 11 184 114 144 119 129 146 133 45 195 251 214 247 58],44759294,52909744
randomWalk/tai256c,18,53490204,1730260,1730260,3858450800,[12 213 216 114 228 200 229 53 204 96 236 240 139 57 226 152 179 97 58 220 140 43 196 239 151 253 48 158 190 162 174 212 173 28 208 92 142 117 61 181 156 143 84 93 1 36 87 252 189 64 115 160 68 198 16 55 218 222 42 244 133 185 104 232 29 127 69 14 231 72 180 176 157 63 67 153 79 44 165 235 194 47 73 241 233 4 126 18 40 192 130 138 11 201 54 56 125 161 21 217 8 225 191 32 251 108 75 85 13 33 134 149 209 242 215 199 243 195 166 17 193 82 137 113 177 35 249 27 210 135 147 246 248 202 19 94 109 78 120 3 37 102 164 121 26 132 144 22 77 91 223 106 15 98 237 0 214 219 205 146 118 6 31 66 99 168 112 155 60 197 182 124 70 175 141 211 20 187 145 238 7 34 184 206 221 224 255 49 30 250 83 170 100 41 107 207 88 65 105 86 2 159 38 52 62 245 123 5 23 9 154 110 39 119 103 122 150 76 81 163 169 254 131 90 89 51 45 167 171 129 148 234 59 80 46 10 71 74 203 95 24 186 230 136 128 101 183 116 247 172 227 111 178 188 50 25],[218 108 226 173 171 84 160 192 27 122 203 69 113 196 139 239 40 13 48 152 44 159 47 18 200 101 177 147 10 1 215 99 125 252 132 169 71 91 149 245 103 130 166 211 118 16 179 186 52 142 243 213 23 156 235 54 78 65 135 74 96 35 42 137 190 205 128 30 232 8 222 230 254 88 61 57 249 4 37 6 181 209 82 220 50 105 162 110 76 95 183 240 202 158 150 248 165 176 83 227 46 191 62 60 7 204 70 79 155 219 102 175 199 15 123 24 193 189 25 109 77 94 194 225 29 64 246 229 121 167 120 140 154 31 201 28 161 87 5 234 72 20 231 207 49 141 81 14 68 224 51 98 163 223 80 233 236 182 26 221 151 187 107 168 180 126 117 170 153 55 38 250 206 164 238 104 241 0 148 138 216 92 244 253 39 115 86 134 2 3 75 9 53 85 188 143 100 67 63 217 198 212 145 178 12 19 59 41 174 255 197 157 242 33 36 185 228 34 208 210 56 97 112 32 172 124 17 131 21 43 106 22 66 90 127 73 89 136 116 237 93 111 11 184 114 144 119 129 146 133 45 195 251 214 247 58],44759294,52909744
heuristic/tai256c,18,98685678,0,0,508100,[192 166 255 254 253 252 251 250 249 248 247 246 245 244 243 242 241 240 239 238 237 236 235 234 233 232 231 230 229 228 227 226 225 224 223 222 221 220 219 218 217 216 215 214 213 212 211 165 210 209 208 207 206 205 204 203 202 201 200 199 198 197 196 167 164 195 194 193 191 190 189 188 187 186 185 184 183 182 181 180 179 178 177 176 175 174 173 172 171 170 169 168 92 93 94 95 96 97 98 99 100 101 102 103 104 105 106 107 108 109 110 111 112 113 114 115 116 117 118 119 120 121 122 123 124 125 63 64 47 129 130 131 132 133 134 135 136 137 138 139 140 141 142 143 144 145 146 147 148 149 150 151 152 153 154 155 156 157 158 159 160 161 162 163 81 128 127 126 91 90 89 88 87 86 85 84 83 82 1 80 79 78 77 76 75 74 73 72 71 70 69 68 0 67 66 65 62 61 60 59 58 57 56 55 54 53 52 51 50 49 48 46 45 44 43 42 41 40 39 38 37 36 35 34 33 32 31 30 29 28 27 26 25 24 23 22 21 20 19 18 17 16 15 14 13 12 11 10 9 8 7 6 5 4 3 2],[218 108 226 173 171 84 160 192 27 122 203 69 113 196 139 239 40 13 48 152 44 159 47 18 200 101 177 147 10 1 215 99 125 252 132 169 71 91 149 245 103 130 166 211 118 16 179 186 52 142 243 213 23 156 235 54 78 65 135 74 96 35 42 137 190 205 128 30 232 8 222 230 254 88 61 57 249 4 37 6 181 209 82 220 50 105 162 110 76 95 183 240 202 158 150 248 165 176 83 227 46 191 62 60 7 204 70 79 155 219 102 175 199 15 123 24 193 189 25 109 77 94 194 225 29 64 246 229 121 167 120 140 154 31 201 28 161 87 5 234 72 20 231 207 49 141 81 14 68 224 51 98 163 223 80 233 236 182 26 221 151 187 107 168 180 126 117 170 153 55 38 250 206 164 238 104 241 0 148 138 216 92 244 253 39 115 86 134 2 3 75 9 53 85 188 143 100 67 63 217 198 212 145 178 12 19 59 41 174 255 197 157 242 33 36 185 228 34 208 210 56 97 112 32 172 124 17 131 21 43 106 22 66 90 127 73 89 136 116 237 93 111 11 184 114 144 119 129 146 133 45 195 251 214 247 58],44759294,52909744
greedy/tai256c,19,44932836,224,1096790,2621215700,[174 104 131 1 127 8 10 159 92 211 197 114 152 116 97 129 14 146 16 156 77 220 209 242 6 139 51 149 3 249 186 217 171 125 53 232 101 177 191 74 169 253 70 137 47 27 235 184 122 203 72 79 194 12 87 188 20 107 199 83 247 55 41 142 66 224 89 167 214 68 179 164 134 160 29 192 182 49 119 255 205 34 23 59 38 44 62 222 80 228 110 245 165 180 204 153 231 84 121 215 21 230 118 147 183 189 198 39 200 207 93 145 75 155 94 238 28 35 128 60 67 100 56 102 151 178 196 96 133 52 243 185 112 241 17 45 120 126 30 37 162 46 64 208 206 115 218 240 233 227 213 108 42 201 106 24 195 176 193 7 223 132 216 111 43 113 226 85 13 90 50 73 40 22 109 140 161 212 5 135 168 148 248 61 78 229 82 124 86 187 190 236 173 150 105 138 157 166 9 36 251 246 181 88 65 172 99 103 31 33 175 32 163 144 69 81 11 158 25 58 123 136 154 98 143 130 26 117 170 252 48 4 54 239 221 2 234 225 237 254 244 202 19 63 95 210 141 57 0 219 18 71 15 76 250 91],[218 108 226 173 171 84 160 192 27 122 203 69 113 196 139 239 40 13 48 152 44 159 47 18 200 101 177 147 10 1 215 99 125 252 132 169 71 91 149 245 103 130 166 211 118 16 179 186 52 142 243 213 23 156 235 54 78 65 135 74 96 35 42 137 190 205 128 30 232 8 222 230 254 88 61 57 249 4 37 6 181 209 82 220 50 105 162 110 76 95 183 240 202 158 150 248 165 176 83 227 46 191 62 60 7 204 70 79 155 219 102 175 199 15 123 24 193 189 25 109 77 94 194 225 29 64 246 229 121 167 120 140 154 31 201 28 161 87 5 234 72 20 231 207 49 141 81 14 68 224 51 98 163 223 80 233 236 182 26 221 151 187 107 168 180 126 117 170 153 55 38 250 206 164 238 104 241 0 148 138 216 92 244 253 39 115 86 134 2 3 75 9 53 85 188 143 100 67 63 217 198 212 145 178 12 19 59 41 174 255 197 157 242 33 36 185 228 34 208 210 56 97 112 32 172 124 17 131 21 43 106 22 66 90 127 73 89 136 116 237 93 111 11 184 114 144 119 129 146 133 45 195 251 214 247 58],44759294,53423118
steepest/tai256c,19,44963508,44,1468800,4062526300,[134 17 255 34 80 175 128 154 227 99 169 59 116 20 162 249 44 114 0 244 92 166 85 119 131 158 51 149 2 5 70 218 186 109 145 246 102 232 196 74 152 253 104 137 61 27 235 30 122 203 72 22 220 7 68 188 37 156 215 87 12 55 41 126 79 224 89 24 10 183 179 164 210 177 238 192 198 48 66 94 139 200 206 141 241 97 47 223 111 213 107 173 118 237 62 39 23 29 204 199 231 146 178 160 75 1 83 49 35 193 93 36 225 205 101 236 28 9 181 60 67 100 56 207 202 201 197 96 133 52 243 170 112 240 110 45 50 142 151 21 113 46 64 208 191 115 217 140 233 209 228 108 42 234 106 8 195 176 82 247 222 147 216 135 43 165 226 120 13 90 159 73 40 38 125 15 161 212 65 167 168 148 248 53 78 229 132 14 86 187 190 33 174 150 105 138 189 153 214 6 251 230 182 88 242 172 98 103 31 180 157 32 163 144 69 81 11 77 25 58 123 136 171 84 143 130 26 117 155 252 127 4 54 239 121 3 221 194 250 254 245 185 19 63 95 211 124 57 16 219 18 71 184 76 129 91],[218 108 226 173 171 84 160 192 27 122 203 69 113 196 139 239 40 13 48 152 44 159 47 18 200 101 177 147 10 1 215 99 125 252 132 169 71 91 149 245 103 130 166 211 118 16 179 186 52 142 243 213 23 156 235 54 78 65 135 74 96 35 42 137 190 205 128 30 232 8 222 230 254 88 61 57 249 4 37 6 181 209 82 220 50 105 162 110 76 95 183 240 202 158 150 248 165 176 83 227 46 191 62 60 7 204 70 79 155 219 102 175 199 15 123 24 193 189 25 109 77 94 194 225 29 64 246 229 121 167 120 140 154 31 201 28 161 87 5 234 72 20 231 207 49 141 81 14 68 224 51 98 163 223 80 233 236 182 26 221 151 187 107 168 180 126 117 170 153 55 38 250 206 164 238 104 241 0 148 138 216 92 244 253 39 115 86 134 2 3 75 9 53 85 188 143 100 67 63 217 198 212 145 178 12 19 59 41 174 255 197 157 242 33 36 185 228 34 208 210 56 97 112 32 172 124 17 131 21 43 106 22 66 90 127 73 89 136 116 237 93 111 11 184 114 144 119 129 146 133 45 195 251 214 247 58],44759294,53423118
random/tai256c,19,49871834,16542,16542,4064931900,[61 134 184 222 99 166 64 241 175 89 103 143 77 22 186 244 9 82 201 254 198 63 69 231 11 133 120 30 50 170 122 187 239 155 116 41 94 182 163 118 91 161 173 51 57 248 225 153 32 237 23 218 123 228 34 90 246 3 92 129 28 2 194 196 73 219 60 156 5 97 1 31 216 159 212 205 250 10 8 192 164 255 181 115 158 113 125 36 101 81 67 245 238 84 76 17 233 169 29 167 100 119 202 80 48 252 230 176 68 165 78 18 39 104 140 171 249 56 211 199 72 217 79 70 208 177 190 142 35 195 152 154 105 43 96 52 215 66 7 128 227 20 45 44 38 109 189 151 88 21 179 172 148 87 188 6 242 75 180 131 197 49 46 178 106 145 251 4 226 209 127 54 234 236 126 138 95 200 174 24 121 33 243 135 157 210 0 235 114 204 185 16 130 247 162 150 19 224 213 168 240 147 112 102 160 139 111 58 59 37 203 110 117 27 53 98 221 136 86 74 40 137 223 26 149 108 146 62 13 141 85 220 124 71 183 253 193 191 12 42 229 132 214 207 47 206 15 93 25 232 144 65 83 14 55 107],[218 108 226 173 171 84 160 192 27 122 203 69 113 196 139 239 40 13 48 152 44 159 47 18 200 101 177 147 10 1 215 99 125 252 132 169 71 91 149 245 103 130 166 211 118 16 179 186 52 142 243 213 23 156 235 54 78 65 135 74 96 35 42 137 190 205 128 30 232 8 222 230 254 88 61 57 249 4 37 6 181 209 82 220 50 105 162 110 76 95 183 240 202 158 150 248 165 176 83 227 46 191 62 60 7 204 70 79 155 219 102 175 199 15 123 24 193 189 25 109 77 94 194 225 29 64 246 229 121 167 120 140 154 31 201 28 161 87 5 234 72 20 231 207 49 141 81 14 68 224 51 98 163 223 80 233 236 182 26 221 151 187 107 168 180 126 117 170 153 55 38 250 206 164 238 104 241 0 148 138 216 92 244 253 39 115 86 134 2 3 75 9 53 85 188 143 100 67 63 217 198 212 145 178 12 19 59 41 174 255 197 157 242 33 36 185 228 34 208 210 56 97 112 32 172 124 17 131 21 43 106 22 66 90 127 73 89 136 116 237 93 111 11 184 114 144 119 129 146 133 45 195 251 214 247 58],44759294,53423118
randomWalk/tai256c,19,54939514,1739596,1739596,4063168100,[126 205 168 137 53 193 79 180 15 95 9 144 61 194 1 248 151 156 42 19 88 188 38 99 214 111 165 48 173 147 139 69 216 232 227 22 187 98 208 77 46 41 73 85 92 94 146 145 128 190 141 236 239 103 152 150 140 54 33 217 170 3 78 186 82 30 25 142 160 255 175 7 50 159 124 174 29 43 176 164 125 74 158 11 189 6 249 211 107 251 17 87 132 76 26 122 5 34 245 105 14 179 118 218 108 100 134 4 243 55 229 223 37 32 196 247 172 16 60 116 241 210 24 212 143 171 148 75 233 254 35 83 181 120 161 246 163 114 21 51 185 133 62 31 127 213 222 155 13 207 197 86 123 183 45 209 110 166 113 234 182 235 65 112 20 221 157 198 102 56 130 203 135 2 253 28 244 121 47 224 109 225 104 117 242 252 97 153 27 131 192 58 90 12 8 240 162 49 231 89 199 71 96 200 84 230 219 119 101 81 177 138 204 201 136 206 57 167 93 80 237 220 226 106 184 228 63 149 191 178 129 67 52 195 66 64 72 70 169 39 0 44 115 250 23 18 36 215 40 91 202 154 59 238 68 10],[218 108 226 173 171 84 160 192 27 122 203 69 113 196 139 239 40 13 48 152 44 159 47 18 200 101 177 147 10 1 215 99 125 252 132 169 71 91 149 245 103 130 166 211 118 16 179 186 52 142 243 213 23 156 235 54 78 65 135 74 96 35 42 137 190 205 128 30 232 8 222 230 254 88 61 57 249 4 37 6 181 209 82 220 50 105 162 110 76 95 183 240 202 158 150 248 165 176 83 227 46 191 62 60 7 204 70 79 155 219 102 175 199 15 123 24 193 189 25 109 77 94 194 225 29 64 246 229 121 167 120 140 154 31 201 28 161 87 5 234 72 20 231 207 49 141 81 14 68 224 51 98 163 223 80 233 236 182 26 221 151 187 107 168 180 126 117 170 153 55 38 250 206 164 238 104 241 0 148 138 216 92 244 253 39 115 86 134 2 3 75 9 53 85 188 143 100 67 63 217 198 212 145 178 12 19 59 41 174 255 197 157 242 33 36 185 228 34 208 210 56 97 112 32 172 124 17 131 21 43 106 22 66 90 127 73 89 136 116 237 93 111 11 184 114 144 119 129 146 133 45 195 251 214 247 58],44759294,53423118
heuristic/tai256c,19,98685678,0,0,0,[192 166 255 254 253 252 251 250 249 248 247 246 245 244 243 242 241 240 239 238 237 236 235 234 233 232 231 230 229 228 227 226 225 224 223 222 221 220 219 218 217 216 215 214 213 212 211 165 210 209 208 207 206 205 204 203 202 201 200 199 198 197 196 167 164 195 194 193 191 190 189 188 187 186 185 184 183 182 181 180 179 178 177 176 175 174 173 172 171 170 169 168 92 93 94 95 96 97 98 99 100 101 102 103 104 105 106 107 108 109 110 111 112 113 114 115 116 117 118 119 120 121 122 123 124 125 63 64 47 129 130 131 132 133 134 135 136 137 138 139 140 141 142 143 144 145 146 147 148 149 150 151 152 153 154 155 156 157 158 159 160 161 162 163 81 128 127 126 91 90 89 88 87 86 85 84 83 82 1 80 79 78 77 76 75 74 73 72 71 70 69 68 0 67 66 65 62 61 60 59 58 57 56 55 54 53 52 51 50 49 48 46 45 44 43 42 41 40 39 38 37 36 35 34 33 32 31 30 29 28 27 26 25 24 23 22 21 20 19 18 17 16 15 14 13 12 11 10 9 8 7 6 5 4 3 2],[218 108 226 173 171 84 160 192 27 122 203 69 113 196 139 239 40 13 48 152 44 159 47 18 200 101 177 147 10 1 215 99 125 252 132 169 71 91 149 245 103 130 166 211 118 16 179 186 52 142 243 213 23 156 235 54 78 65 135 74 96 35 42 137 190 205 128 30 232 8 222 230 254 88 61 57 249 4 37 6 181 209 82 220 50 105 162 110 76 95 183 240 202 158 150 248 165 176 83 227 46 191 62 60 7 204 70 79 155 219 102 175 199 15 123 24 193 189 25 109 77 94 194 225 29 64 246 229 121 167 120 140 154 31 201 28 161 87 5 234 72 20 231 207 49 141 81 14 68 224 51 98 163 223 80 233 236 182 26 221 151 187 107 168 180 126 117 170 153 55 38 250 206 164 238 104 241 0 148 138 216 92 244 253 39 115 86 134 2 3 75 9 53 85 188 143 100 67 63 217 198 212 145 178 12 19 59 41 174 255 197 157 242 33 36 185 228 34 208 210 56 97 112 32 172 124 17 131 21 43 106 22 66 90 127 73 89 136 116 237 93 111 11 184 114 144 119 129 146 133 45 195 251 214 247 58],44759294,53423118
greedy/tai256c,20,44987302,260,1470210,3381716600,[29 224 192 210 81 102 200 116 185 223 9 46 53 230 123 248 171 163 7 98 215 148 217 188 168 87 165 24 35 18 202 79 205 180 108 133 77 90 14 228 178 234 138 161 50 144 243 182 156 120 83 60 48 0 190 150 70 4 158 153 143 75 252 213 26 31 72 55 43 38 94 33 96 85 220 21 241 135 113 68 41 237 58 105 245 141 195 130 126 255 175 11 22 51 71 61 23 203 204 251 49 95 88 73 173 240 136 37 10 242 124 253 225 216 249 194 66 140 214 34 93 76 137 189 179 159 54 97 244 16 149 131 197 155 36 232 132 233 67 32 207 106 19 99 64 239 25 166 107 170 100 128 134 174 101 57 209 28 63 187 121 125 142 6 1 69 103 157 78 129 229 235 146 167 254 62 104 111 176 109 82 13 45 44 206 154 139 117 211 186 247 145 193 246 30 219 199 80 222 160 119 221 164 151 231 2 226 8 236 42 201 169 39 56 114 250 162 218 147 152 92 91 198 5 196 110 86 118 74 191 183 238 177 212 112 40 89 115 15 47 227 17 3 20 12 172 181 84 27 65 59 208 52 122 184 127],[218 108 226 173 171 84 160 192 27 122 203 69 113 196 139 239 40 13 48 152 44 159 47 18 200 101 177 147 10 1 215 99 125 252 132 169 71 91 149 245 103 130 166 211 118 16 179 186 52 142 243 213 23 156 235 54 78 65 135 74 96 35 42 137 190 205 128 30 232 8 222 230 254 88 61 57 249 4 37 6 181 209 82 220 50 105 162 110 76 95 183 240 202 158 150 248 165 176 83 227 46 191 62 60 7 204 70 79 155 219 102 175 199 15 123 24 193 189 25 109 77 94 194 225 29 64 246 229 121 167 120 140 154 31 201 28 161 87 5 234 72 20 231 207 49 141 81 14 68 224 51 98 163 223 80 233 236 182 26 221 151 187 107 168 180 126 117 170 153 55 38 250 206 164 238 104 241 0 148 138 216 92 244 253 39 115 86 134 2 3 75 9 53 85 188 143 100 67 63 217 198 212 145 178 12 19 59 41 174 255 197 157 242 33 36 185 228 34 208 210 56 97 112 32 172 124 17 131 21 43 106 22 66 90 127 73 89 136 116 237 93 111 11 184 114 144 119 129 146 133 45 195 251 214 247 58],44759294,54784252
steepest/tai256c,20,44959576,46,1534080,3976388200,[52 24 9 115 103 100 90 198 107 174 67 50 105 232 124 88 205 153 113 81 215 147 217 168 188 243 165 33 19 2 238 79 141 98 252 132 59 73 11 178 13 250 138 161 22 77 4 245 171 7 47 62 48 0 30 150 130 26 185 120 144 37 180 213 41 220 192 228 44 230 223 183 96 85 235 143 241 135 202 255 156 55 94 92 70 118 195 210 109 224 191 126 237 58 167 82 42 16 23 108 159 246 249 57 10 240 136 53 38 155 140 190 225 209 104 227 173 66 214 34 93 197 142 189 179 145 54 206 244 32 149 6 72 253 36 200 133 233 68 239 51 106 35 99 64 247 40 166 123 170 131 21 134 176 101 242 194 27 63 187 121 157 158 248 1 69 125 204 222 129 229 31 146 83 254 78 137 251 193 8 97 111 45 75 14 154 139 117 211 186 231 87 182 60 29 219 199 80 203 160 119 221 164 151 95 18 226 25 236 43 201 169 39 56 114 234 162 218 148 152 91 128 216 5 196 110 86 102 74 175 49 71 177 212 112 163 89 116 15 46 207 17 3 20 12 172 181 84 28 65 76 208 61 122 184 127],[218 108 226 173 171 84 160 192 27 122 203 69 113 196 139 239 40 13 48 152 44 159 47 18 200 101 177 147 10 1 215 99 125 252 132 169 71 91 149 245 103 130 166 211 118 16 179 186 52 142 243 213 23 156 235 54 78 65 135 74 96 35 42 137 190 205 128 30 232 8 222 230 254 88 61 57 249 4 37 6 181 209 82 220 50 105 162 110 76 95 183 240 202 158 150 248 165 176 83 227 46 191 62 60 7 204 70 79 155 219 102 175 199 15 123 24 193 189 25 109 77 94 194 225 29 64 246 229 121 167 120 140 154 31 201 28 161 87 5 234 72 20 231 207 49 141 81 14 68 224 51 98 163 223 80 233 236 182 26 221 151 187 107 168 180 126 117 170 153 55 38 250 206 164 238 104 241 0 148 138 216 92 244 253 39 115 86 134 2 3 75 9 53 85 188 143 100 67 63 217 198 212 145 178 12 19 59 41 174 255 197 157 242 33 36 185 228 34 208 210 56 97 112 32 172 124 17 131 21 43 106 22 66 90 127 73 89 136 116 237 93 111 11 184 114 144 119 129 146 133 45 195 251 214 247 58],44759294,54784252
random/tai256c,20,49795210,21886,21886,3976488300,[32 182 23 210 237 174 224 116 36 93 47 177 158 88 243 111 77 12 90 72 76 163 249 181 69 236 194 44 149 140 170 148 229 151 81 189 102 87 203 50 25 112 209 227 185 156 59 79 120 42 146 51 187 217 125 222 145 136 30 206 94 183 91 133 215 115 27 80 245 57 2 20 83 161 171 63 38 138 6 172 114 254 200 70 119 52 208 226 117 213 160 10 24 56 110 233 202 85 244 109 242 118 207 252 142 253 223 17 152 67 1 14 33 201 225 73 134 121 150 74 147 247 154 128 205 107 40 95 195 216 130 113 92 228 123 29 78 84 7 58 250 251 129 144 159 86 60 62 214 135 197 65 45 141 104 9 231 127 8 54 169 157 220 96 48 192 16 43 35 68 218 211 240 21 221 22 124 55 101 75 19 11 53 179 82 5 186 13 173 246 31 196 105 49 26 238 39 103 230 232 34 41 132 126 155 46 165 98 28 108 190 188 212 166 191 122 143 180 15 219 241 0 137 248 89 184 61 3 167 235 168 175 176 239 139 164 18 199 198 97 193 99 153 106 64 100 71 37 162 255 66 234 178 131 204 4],[218 108 226 173 171 84 160 192 27 122 203 69 113 196 139 239 40 13 48 152 44 159 47 18 200 101 177 147 10 1 215 99 125 252 132 169 71 91 149 245 103 130 166 211 118 16 179 186 52 142 243 213 23 156 235 54 78 65 135 74 96 35 42 137 190 205 128 30 232 8 222 230 254 88 61 57 249 4 37 6 181 209 82 220 50 105 162 110 76 95 183 240 202 158 150 248 165 176 83 227 46 191 62 60 7 204 70 79 155 219 102 175 199 15 123 24 193 189 25 109 77 94 194 225 29 64 246 229 121 167 120 140 154 31 201 28 161 87 5 234 72 20 231 207 49 141 81 14 68 224 51 98 163 223 80 233 236 182 26 221 151 187 107 168 180 126 117 170 153 55 38 250 206 164 238 104 241 0 148 138 216 92 244 253 39 115 86 134 2 3 75 9 53 85 188 143 100 67 63 217 198 212 145 178 12 19 59 41 174 255 197 157 242 33 36 185 228 34 208 210 56 97 112 32 172 124 17 131 21 43 106 22 66 90 127 73 89 136 116 237 93 111 11 184 114 144 119 129 146 133 45 195 251 214 247 58],44759294,54784252
randomWalk/tai256c,20,54493320,1627366,1627366,3981500100,[147 119 4 123 144 112 175 70 85 55 154 3 49 185 53 45 47 223 240 25 69 101 150 235 152 103 212 76 189 91 139 17 128 151 136 109 117 234 23 12 177 90 228 36 142 114 42 64 137 206 80 238 120 208 9 89 211 245 226 170 44 20 213 104 255 196 171 183 65 16 182 105 66 216 209 205 222 225 107 153 149 188 184 239 86 195 52 11 241 93 143 6 126 161 197 217 28 227 231 224 30 214 57 207 108 34 13 242 243 72 125 237 141 130 133 8 176 229 31 62 218 43 116 33 248 198 180 190 246 168 203 159 18 121 24 54 138 253 210 97 201 27 173 29 106 110 172 61 199 79 122 155 169 56 38 215 192 236 148 0 111 221 81 50 186 63 77 135 40 204 162 92 21 10 247 174 166 140 220 193 244 41 84 194 163 124 118 19 51 232 254 46 71 233 48 37 59 251 35 1 219 22 181 134 157 68 230 88 96 202 127 83 187 250 132 156 113 249 82 14 60 32 252 165 100 73 131 146 15 98 145 191 95 67 158 115 102 129 74 26 167 160 87 94 200 7 179 178 78 2 39 164 99 58 5 75],[218 108 226 173 171 84 160 192 27 122 203 69 113 196 139 239 40 13 48 152 44 159 47 18 200 101 177 147 10 1 215 99 125 252 132 169 71 91 149 245 103 130 166 211 118 16 179 186 52 142 243 213 23 156 235 54 78 65 135 74 96 35 42 137 190 205 128 30 232 8 222 230 254 88 61 57 249 4 37 6 181 209 82 220 50 105 162 110 76 95 183 240 202 158 150 248 165 176 83 227 46 191 62 60 7 204 70 79 155 219 102 175 199 15 123 24 193 189 25 109 77 94 194 225 29 64 246 229 121 167 120 140 154 31 201 28 161 87 5 234 72 20 231 207 49 141 81 14 68 224 51 98 163 223 80 233 236 182 26 221 151 187 107 168 180 126 117 170 153 55 38 250 206 164 238 104 241 0 148 138 216 92 244 253 39 115 86 134 2 3 75 9 53 85 188 143 100 67 63 217 198 212 145 178 12 19 59 41 174 255 197 157 242 33 36 185 228 34 208 210 56 97 112 32 172 124 17 131 21 43 106 22 66 90 127 73 89 136 116 237 93 111 11 184 114 144 119 129 146 133 45 195 251 214 247 58],44759294,54784252
heuristic/tai256c,20,98685678,0,0,0,[192 166 255 254 253 252 251 250 249 248 247 246 245 244 243 242 241 240 239 238 237 236 235 234 233 232 231 230 229 228 227 226 225 224 223 222 221 220 219 218 217 216 215 214 213 212 211 165 210 209 208 207 206 205 204 203 202 201 200 199 198 197 196 167 164 195 194 193 191 190 189 188 187 186 185 184 183 182 181 180 179 178 177 176 175 174 173 172 171 170 169 168 92 93 94 95 96 97 98 99 100 101 102 103 104 105 106 107 108 109 110 111 112 113 114 115 116 117 118 119 120 121 122 123 124 125 63 64 47 129 130 131 132 133 134 135 136 137 138 139 140 141 142 143 144 145 146 147 148 149 150 151 152 153 154 155 156 157 158 159 160 161 162 163 81 128 127 126 91 90 89 88 87 86 85 84 83 82 1 80 79 78 77 76 75 74 73 72 71 70 69 68 0 67 66 65 62 61 60 59 58 57 56 55 54 53 52 51 50 49 48 46 45 44 43 42 41 40 39 38 37 36 35 34 33 32 31 30 29 28 27 26 25 24 23 22 21 20 19 18 17 16 15 14 13 12 11 10 9 8 7 6 5 4 3 2],[218 108 226 173 171 84 160 192 27 122 203 69 113 196 139 239 40 13 48 152 44 159 47 18 200 101 177 147 10 1 215 99 125 252 132 169 71 91 149 245 103 130 166 211 118 16 179 186 52 142 243 213 23 156 235 54 78 65 135 74 96 35 42 137 190 205 128 30 232 8 222 230 254 88 61 57 249 4 37 6 181 209 82 220 50 105 162 110 76 95 183 240 202 158 150 248 165 176 83 227 46 191 62 60 7 204 70 79 155 219 102 175 199 15 123 24 193 189 25 109 77 94 194 225 29 64 246 229 121 167 120 140 154 31 201 28 161 87 5 234 72 20 231 207 49 141 81 14 68 224 51 98 163 223 80 233 236 182 26 221 151 187 107 168 180 126 117 170 153 55 38 250 206 164 238 104 241 0 148 138 216 92 244 253 39 115 86 134 2 3 75 9 53 85 188 143 100 67 63 217 198 212 145 178 12 19 59 41 174 255 197 157 242 33 36 185 228 34 208 210 56 97 112 32 172 124 17 131 21 43 106 22 66 90 127 73 89 136 116 237 93 111 11 184 114 144 119 129 146 133 45 195 251 214 247 58],44759294,54784252
greedy/lipa40a,1,31979,55,4055,441400,[34 3 13 22 18 20 14 23 10 32 27 6 37 28 4 15 11 25 5 0 36 2 39 7 8 9 24 35 31 33 1 29 30 17 21 16 26 12 38 19],[6 5 13 26 18 36 20 1 15 0 39 23 29 22 4 27 21 7 19 34 31 25 28 2 3 10 35 9 12 37 8 16 30 17 32 14 24 33 38 11],31538,32663
steepest/lipa40a,1,32083,16,13260,6429900,[17 27 18 34 12 7 25 31 20 39 23 0 29 37 38 28 9 14 8 24 19 36 30 4 6 26 21 11 32 33 1 22 3 5 2 15 16 10 35 13],[6 5 13 26 18 36 20 1 15 0 39 23 29 22 4 27 21 7 19 34 31 25 28 2 3 10 35 9 12 37 8 16 30 17 32 14 24 33 38 11],31538,32663
random/lipa40a,1,32455,2126,2126,9671200,[26 12 28 13 31 29 4 35 25 38 5 39 9 11 32 1 22 37 2 23 18 6 15 17 36 3 10 16 14 7 34 27 30 8 24 0 33 20 21 19],[6 5 13 26 18 36 20 1 15 0 39 23 29 22 4 27 21 7 19 34 31 25 28 2 3 10 35 9 12 37 8 16 30 17 32 14 24 33 38 11],31538,32663
randomWalk/lipa40a,1,32694,28941,28941,10347400,[9 6 27 29 17 21 34 2 19 33 8 26 7 22 23 11 1 4 39 3 32 18 16 20 5 28 38 14 0 24 25 37 31 36 12 13 10 15 30 35],[6 5 13 26 18 36 20 1 15 0 39 23 29 22 4 27 21 7 19 34 31 25 28 2 3 10 35 9 12 37 8 16 30 17 32 14 24 33 38 11],31538,32663
heuristic/lipa40a,1,32760,0,0,0,[35 20 27 22 39 14 4 6 29 24 18 13 9 0 28 25 15 34 10 11 21 17 16 3 2 31 30 33 23 8 5 19 7 37 12 38 1 32 36 26],[6 5 13 26 18 36 20 1 15 0 39 23 29 22 4 27 21 7 19 34 31 25 28 2 3 10 35 9 12 37 8 16 30 17 32 14 24 33 38 11],31538,32663
greedy/lipa40a,2,31994,57,4454,352300,[10 19 2 11 18 13 12 25 36 38 28 3 8 16 32 35 22 24 1 15 20 5 31 26 27 14 30 4 6 29 0 34 9 17 39 7 33 21 37 23],[6 5 13 26 18 36 20 1 15 0 39 23 29 22 4 27 21 7 19 34 31 25 28 2 3 10 35 9 12 37 8 16 30 17 32 14 24 33 38 11],31538,32723
steepest/lipa40a,2,32005,27,21840,8585100,[24 10 11 13 2 32 38 12 9 4 36 16 27 25 19 5 28 35 26 39 7 22 34 3 18 14 1 15 17 33 21 6 29 23 30 37 8 0 20 31],[6 5 13 26 18 36 20 1 15 0 39 23 29 22 4 27 21 7 19 34 31 25 28 2 3 10 35 9 12 37 8 16 30 17 32 14 24 33 38 11],31538,32723
random/lipa40a,2,32465,1341,1341,8921200,[20 32 8 19 25 35 4 27 2 17 39 23 0 22 18 28 15 30 12 7 31 3 33 26 5 11 24 29 9 10 13 21 6 34 36 38 16 14 1 37],[6 5 13 26 18 36 20 1 15 0 39 23 29 22 4 27 21 7 19 34 31 25 28 2 3 10 35 9 12 37 8 16 30 17 32 14 24 33 38 11],31538,32723
randomWalk/lipa40a,2,32787,16638,16638,8632700,[37 3 1 2 25 34 24 21 15 17 18 20 5 9 27 29 28 16 39 6 0 32 4 10 19 23 14 8 33 11 13 12 30 38 26 31 22 35 36 7],[6 5 13 26 18 36 20 1 15 0 39 23 29 22 4 27 21 7 19 34 31 25 28 2 3 10 35 9 12 37 8 16 30 17 32 14 24 33 38 11],31538,32723
heuristic/lipa40a,2,32760,0,0,0,[35 20 27 22 39 14 4 6 29 24 18 13 9 0 28 25 15 34 10 11 21 17 16 3 2 31 30 33 23 8 5 19 7 37 12 38 1 32 36 26],[6 5 13 26 18 36 20 1 15 0 39 23 29 22 4 27 21 7 19 34 31 25 28 2 3 10 35 9 12 37 8 16 30 17 32 14 24 33 38 11],31538,32723
greedy/lipa40a,3,32003,56,3412,997800,[33 27 37 23 29 17 10 26 32 39 11 13 8 20 15 19 30 18 25 3 7 12 0 5 6 14 4 35 2 24 38 34 21 22 31 9 1 28 36 16],[6 5 13 26 18 36 20 1 15 0 39 23 29 22 4 27 21 7 19 34 31 25 28 2 3 10 35 9 12 37 8 16 30 17 32 14 24 33 38 11],31538,32744
steepest/lipa40a,3,32031,23,18720,7445400,[19 14 35 9 16 30 13 26 39 7 21 1 24 10 3 29 32 18 34 0 23 38 5 20 8 37 11 15 33 12 27 2 25 6 28 4 17 31 36 22],[6 5 13 26 18 36 20 1 15 0 39 23 29 22 4 27 21 7 19 34 31 25 28 2 3 10 35 9 12 37 8 16 30 17 32 14 24 33 38 11],31538,32744
random/lipa40a,3,32491,1709,1709,8342200,[15 28 35 20 11 31 13 6 26 4 33 18 34 3 29 24 2 39 14 32 1 38 27 7 22 19 37 12 16 36 25 23 10 17 21 8 30 5 9 0],[6 5 13 26 18 36 20 1 15 0 39 23 29 22 4 27 21 7 19 34 31 25 28 2 3 10 35 9 12 37 8 16 30 17 32 14 24 33 38 11],31538,32744
randomWalk/lipa40a,3,32634,21427,21427,10367300,[10 23 16 31 21 9 0 15 24 35 37 6 38 8 2 20 28 3 14 33 19 13 25 11 32 18 17 26 5 22 39 29 30 27 34 4 7 36 1 12],[6 5 13 26 18 36 20 1 15 0 39 23 29 22 4 27 21 7 19 34 31 25 28 2 3 10 35 9 12 37 8 16 30 17 32 14 24 33 38 11],31538,32744
heuristic/lipa40a,3,32760,0,0,0,[35 20 27 22 39 14 4 6 29 24 18 13 9 0 28 25 15 34 10 11 21 17 16 3 2 31 30 33 23 8 5 19 7 37 12 38 1 32 36 26],[6 5 13 26 18 36 20 1 15 0 39 23 29 22 4 27 21 7 19 34 31 25 28 2 3 10 35 9 12 37 8 16 30 17 32 14 24 33 38 11],31538,32744
greedy/lipa40a,4,31925,69,5685,1610000,[0 15 19 11 1 33 16 26 37 10 39 7 23 22 3 34 18 32 30 20 8 38 31 2 27 25 21 5 24 29 28 17 6 35 9 14 36 4 12 13],[6 5 13 26 18 36 20 1 15 0 39 23 29 22 4 27 21 7 19 34 31 25 28 2 3 10 35 9 12 37 8 16 30 17 32 14 24 33 38 11],31538,32744
steepest/lipa40a,4,31991,24,19500,7763700,[6 10 34 11 37 36 13 27 3 4 39 7 23 22 28 16 24 14 30 12 31 19 1 2 35 38 25 9 18 32 17 33 20 5 26 15 8 0 21 29],[6 5 13 26 18 36 20 1 15 0 39 23 29 22 4 27 21 7 19 34 31 25 28 2 3 10 35 9 12 37 8 16 30 17 32 14 24 33 38 11],31538,32744
random/lipa40a,4,32472,1843,1843,7845300,[3 13 26 5 19 14 9 22 39 25 0 36 29 16 1 24 34 6 35 7 30 10 8 2 33 28 38 4 27 21 17 15 11 31 32 18 20 37 23 12],[6 5 13 26 18 36 20 1 15 0 39 23 29 22 4 27 21 7 19 34 31 25 28 2 3 10 35 9 12 37 8 16 30 17 32 14 24 33 38 11],31538,32744
randomWalk/lipa40a,4,32775,13582,13582,8118900,[3 13 39 32 9 27 17 2 22 6 0 8 25 10 15 26 30 4 36 18 28 24 35 31 38 21 19 11 34 16 37 33 7 29 14 20 12 1 23 5],[6 5 13 26 18 36 20 1 15 0 39 23 29 22 4 27 21 7 19 34 31 25 28 2 3 10 35 9 12 37 8 16 30 17 32 14 24 33 38 11],31538,32744
heuristic/lipa40a,4,32760,0,0,0,[35 20 27 22 39 14 4 6 29 24 18 13 9 0 28 25 15 34 10 11 21 17 16 3 2 31 30 33 23 8 5 19 7 37 12 38 1 32 36 26],[6 5 13 26 18 36 20 1 15 0 39 23 29 22 4 27 21 7 19 34 31 25 28 2 3 10 35 9 12 37 8 16 30 17 32 14 24 33 38 11],31538,32744
greedy/lipa40a,5,31974,58,5141,0,[15 26 20 4 32 37 12 36 27 34 21 0 5 33 29 23 24 19 18 6 38 9 17 10 11 7 31 22 8 14 3 16 25 13 35 39 1 2 28 30],[6 5 13 26 18 36 20 1 15 0 39 23 29 22 4 27 21 7 19 34 31 25 28 2 3 10 35 9 12 37 8 16 30 17 32 14 24 33 38 11],31538,32635
steepest/lipa40a,5,31977,28,22620,11089500,[5 39 20 12 9 1 0 36 27 34 29 33 14 37 4 8 24 11 18 19 31 10 30 13 32 35 15 25 21 6 3 16 23 17 7 38 26 28 22 2],[6 5 13 26 18 36 20 1 15 0 39 23 29 22 4 27 21 7 19 34 31 25 28 2 3 10 35 9 12 37 8 16 30 17 32 14 24 33 38 11],31538,32635
random/lipa40a,5,32426,2403,2403,15535400,[35 24 11 32 27 5 22 12 0 6 10 20 29 33 15 7 14 21 19 13 8 28 39 26 30 34 1 2 16 18 31 36 25 17 37 4 38 3 9 23],[6 5 13 26 18 36 20 1 15 0 39 23 29 22 4 27 21 7 19 34 31 25 28 2 3 10 35 9 12 37 8 16 30 17 32 14 24 33 38 11],31538,32635
randomWalk/lipa40a,5,32806,25271,25271,15887200,[18 21 33 30 34 28 2 10 15 7 17 20 24 5 31 23 32 37 3 16 1 19 36 4 27 9 0 8 14 22 12 29 11 6 39 25 35 38 13 26],[6 5 13 26 18 36 20 1 15 0 39 23 29 22 4 27 21 7 19 34 31 25 28 2 3 10 35 9 12 37 8 16 30 17 32 14 24 33 38 11],31538,32635
heuristic/lipa40a,5,32760,0,0,0,[35 20 27 22 39 14 4 6 29 24 18 13 9 0 28 25 15 34 10 11 21 17 16 3 2 31 30 33 23 8 5 19 7 37 12 38 1 32 36 26],[6 5 13 26 18 36 20 1 15 0 39 23 29 22 4 27 21 7 19 34 31 25 28 2 3 10 35 9 12 37 8 16 30 17 32 14 24 33 38 11],31538,32635
greedy/lipa40a,6,32048,54,4599,2675600,[1 2 18 26 34 17 37 19 39 31 14 5 0 22 35 23 30 36 4 9 11 15 28 27 3 13 7 33 38 20 12 6 10 29 25 21 16 24 8 32],[6 5 13 26 18 36 20 1 15 0 39 23 29 22 4 27 21 7 19 34 31 25 28 2 3 10 35 9 12 37 8 16 30 17 32 14 24 33 38 11],31538,32867
steepest/lipa40a,6,32044,22,17940,6908700,[5 22 20 12 18 37 2 35 8 36 33 13 14 26 6 10 9 29 7 27 11 4 38 21 28 30 19 25 15 16 1 0 17 31 23 34 24 3 32 39],[6 5 13 26 18 36 20 1 15 0 39 23 29 22 4 27 21 7 19 34 31 25 28 2 3 10 35 9 12 37 8 16 30 17 32 14 24 33 38 11],31538,32867
random/lipa40a,6,32489,1146,1146,7120800,[37 12 29 11 3 17 4 20 0 16 24 8 34 22 23 36 25 13 10 28 14 26 1 6 5 21 30 9 7 33 18 15 2 32 31 39 19 35 38 27],[6 5 13 26 18 36 20 1 15 0 39 23 29 22 4 27 21 7 19 34 31 25 28 2 3 10 35 9 12 37 8 16 30 17 32 14 24 33 38 11],31538,32867
randomWalk/lipa40a,6,32697,11464,11464,6990600,[36 18 32 27 14 19 7 33 9 1 25 34 13 3 6 29 8 0 11 37 4 35 2 5 12 17 30 15 28 23 31 10 26 16 20 21 38 39 24 22],[6 5 13 26 18 36 20 1 15 0 39 23 29 22 4 27 21 7 19 34 31 25 28 2 3 10 35 9 12 37 8 16 30 17 32 14 24 33 38 11],31538,32867
heuristic/lipa40a,6,32760,0,0,0,[35 20 27 22 39 14 4 6 29 24 18 13 9 0 28 25 15 34 10 11 21 17 16 3 2 31 30 33 23 8 5 19 7 37 12 38 1 32 36 26],[6 5 13 26 18 36 20 1 15 0 39 23 29 22 4 27 21 7 19 34 31 25 28 2 3 10 35 9 12 37 8 16 30 17 32 14 24 33 38 11],31538,32867
greedy/lipa40a,7,32079,56,4389,1575900,[39 6 9 29 21 17 10 20 30 5 4 33 11 35 14 26 18 12 7 8 2 24 37 19 16 15 34 0 1 36 32 25 27 22 23 13 38 3 28 31],[6 5 13 26 18 36 20 1 15 0 39 23 29 22 4 27 21 7 19 34 31 25 28 2 3 10 35 9 12 37 8 16 30 17 32 14 24 33 38 11],31538,32814
steepest/lipa40a,7,31996,24,19500,9115900,[9 8 18 14 3 6 38 31 24 36 26 21 7 17 2 39 10 22 4 13 0 19 37 32 16 27 15 34 25 33 1 20 30 28 11 12 23 35 29 5],[6 5 13 26 18 36 20 1 15 0 39 23 29 22 4 27 21 7 19 34 31 25 28 2 3 10 35 9 12 37 8 16 30 17 32 14 24 33 38 11],31538,32814
random/lipa40a,7,32502,1222,1222,12297800,[38 28 0 9 30 20 10 27 4 17 33 22 18 31 24 8 19 13 35 37 36 3 39 1 6 29 11 25 14 7 5 23 32 15 26 34 21 16 2 12],[6 5 13 26 18 36 20 1 15 0 39 23 29 22 4 27 21 7 19 34 31 25 28 2 3 10 35 9 12 37 8 16 30 17 32 14 24 33 38 11],31538,32814
randomWalk/lipa40a,7,32818,16968,16968,10650300,[11 16 14 28 34 25 27 33 5 38 15 2 31 26 35 9 3 17 24 37 18 6 20 39 29 19 7 13 23 8 30 0 12 36 22 1 21 10 32 4],[6 5 13 26 18 36 20 1 15 0 39 23 29 22 4 27 21 7 19 34 31 25 28 2 3 10 35 9 12 37 8 16 30 17 32 14 24 33 38 11],31538,32814
heuristic/lipa40a,7,32760,0,0,0,[35 20 27 22 39 14 4 6 29 24 18 13 9 0 28 25 15 34 10 11 21 17 16 3 2 31 30 33 23 8 5 19 7 37 12 38 1 32 36 26],[6 5 13 26 18 36 20 1 15 0 39 23 29 22 4 27 21 7 19 34 31 25 28 2 3 10 35 9 12 37 8 16 30 17 32 14 24 33 38 11],31538,32814
greedy/lipa40a,8,31985,68,6027,3111800,[0 16 18 32 3 15 1 22 6 17 31 26 29 13 20 33 30 10 9 4 8 37 36 2 23 11 21 19 24 35 39 7 12 28 14 25 38 5 34 27],[6 5 13 26 18 36 20 1 15 0 39 23 29 22 4 27 21 7 19 34 31 25 28 2 3 10 35 9 12 37 8 16 30 17 32 14 24 33 38 11],31538,32765
steepest/lipa40a,8,31978,27,21840,8441300,[8 9 5 29 1 7 17 30 0 33 39 20 24 22 26 4 14 36 27 6 37 23 31 12 32 3 15 10 16 18 25 21 35 28 13 2 11 34 38 19],[6 5 13 26 18 36 20 1 15 0 39 23 29 22 4 27 21 7 19 34 31 25 28 2 3 10 35 9 12 37 8 16 30 17 32 14 24 33 38 11],31538,32765
random/lipa40a,8,32498,1534,1534,8609900,[5 35 23 14 32 10 2 18 7 26 34 20 11 17 25 22 38 3 4 8 0 37 24 16 27 30 12 9 36 6 28 15 33 31 21 1 19 39 29 13],[6 5 13 26 18 36 20 1 15 0 39 23 29 22 4 27 21 7 19 34 31 25 28 2 3 10 35 9 12 37 8 16 30 17 32 14 24 33 38 11],31538,32765
randomWalk/lipa40a,8,32731,23611,23611,8989400,[17 34 22 35 12 23 31 1 20 0 38 5 27 24 15 33 13 21 11 3 37 36 26 19 8 18 29 14 9 39 2 6 28 4 25 32 10 7 16 30],[6 5 13 26 18 36 20 1 15 0 39 23 29 22 4 27 21 7 19 34 31 25 28 2 3 10 35 9 12 37 8 16 30 17 32 14 24 33 38 11],31538,32765
heuristic/lipa40a,8,32760,0,0,0,[35 20 27 22 39 14 4 6 29 24 18 13 9 0 28 25 15 34 10 11 21 17 16 3 2 31 30 33 23 8 5 19 7 37 12 38 1 32 36 26],[6 5 13 26 18 36 20 1 15 0 39 23 29 22 4 27 21 7 19 34 31 25 28 2 3 10 35 9 12 37 8 16 30 17 32 14 24 33 38 11],31538,32765
greedy/lipa40a,9,31976,76,6092,1020000,[18 23 22 12 15 30 14 2 35 17 24 9 32 34 10 3 11 13 0 1 6 29 38 5 33 31 4 27 25 21 19 39 36 20 8 16 26 28 7 37],[6 5 13 26 18 36 20 1 15 0 39 23 29 22 4 27 21 7 19 34 31 25 28 2 3 10 35 9 12 37 8 16 30 17 32 14 24 33 38 11],31538,32770
steepest/lipa40a,9,32001,20,16380,8139700,[10 26 35 20 23 17 14 19 39 36 1 0 29 27 24 22 9 21 8 15 31 38 18 32 13 11 12 30 5 25 28 2 6 33 34 16 7 4 37 3],[6 5 13 26 18 36 20 1 15 0 39 23 29 22 4 27 21 7 19 34 31 25 28 2 3 10 35 9 12 37 8 16 30 17 32 14 24 33 38 11],31538,32770
random/lipa40a,9,32502,1459,1459,8497600,[38 12 37 28 3 5 14 20 8 24 4 6 11 26 23 1 39 21 35 10 25 9 7 30 19 18 34 31 13 29 36 33 32 27 16 17 2 22 15 0],[6 5 13 26 18 36 20 1 15 0 39 23 29 22 4 27 21 7 19 34 31 25 28 2 3 10 35 9 12 37 8 16 30 17 32 14 24 33 38 11],31538,32770
randomWalk/lipa40a,9,32604,24051,24051,8471000,[33 23 31 21 16 20 17 5 3 27 2 25 32 39 10 29 28 6 18 36 1 15 14 12 26 24 34 13 37 19 38 22 9 11 35 30 8 0 4 7],[6 5 13 26 18 36 20 1 15 0 39 23 29 22 4 27 21 7 19 34 31 25 28 2 3 10 35 9 12 37 8 16 30 17 32 14 24 33 38 11],31538,32770
heuristic/lipa40a,9,32760,0,0,0,[35 20 27 22 39 14 4 6 29 24 18 13 9 0 28 25 15 34 10 11 21 17 16 3 2 31 30 33 23 8 5 19 7 37 12 38 1 32 36 26],[6 5 13 26 18 36 20 1 15 0 39 23 29 22 4 27 21 7 19 34 31 25 28 2 3 10 35 9 12 37 8 16 30 17 32 14 24 33 38 11],31538,32770
greedy/lipa40a,10,31989,52,3009,0,[0 16 26 19 18 36 7 29 10 14 2 33 30 35 13 24 38 32 1 4 20 12 37 31 22 5 6 23 34 25 39 17 8 15 11 3 21 9 28 27],[6 5 13 26 18 36 20 1 15 0 39 23 29 22 4 27 21 7 19 34 31 25 28 2 3 10 35 9 12 37 8 16 30 17 32 14 24 33 38 11],31538,32711
steepest/lipa40a,10,31967,21,17160,5110800,[34 16 26 1 39 23 11 19 14 4 2 20 29 30 8 31 38 37 10 25 36 18 7 28 12 9 6 24 3 13 5 15 33 0 21 17 22 32 35 27],[6 5 13 26 18 36 20 1 15 0 39 23 29 22 4 27 21 7 19 34 31 25 28 2 3 10 35 9 12 37 8 16 30 17 32 14 24 33 38 11],31538,32711
random/lipa40a,10,32521,720,720,5320400,[16 29 2 27 10 25 0 18 9 26 19 8 28 4 1 13 24 37 32 38 3 17 11 14 36 30 23 34 20 21 6 22 5 39 12 35 31 7 15 33],[6 5 13 26 18 36 20 1 15 0 39 23 29 22 4 27 21 7 19 34 31 25 28 2 3 10 35 9 12 37 8 16 30 17 32 14 24 33 38 11],31538,32711
randomWalk/lipa40a,10,32671,38551,38551,10511300,[14 39 4 35 36 2 33 30 11 12 27 0 13 16 19 37 28 38 7 21 32 24 9 1 8 17 20 31 23 15 29 10 25 3 6 18 34 22 5 26],[6 5 13 26 18 36 20 1 15 0 39 23 29 22 4 27 21 7 19 34 31 25 28 2 3 10 35 9 12 37 8 16 30 17 32 14 24 33 38 11],31538,32711
heuristic/lipa40a,10,32760,0,0,0,[35 20 27 22 39 14 4 6 29 24 18 13 9 0 28 25 15 34 10 11 21 17 16 3 2 31 30 33 23 8 5 19 7 37 12 38 1 32 36 26],[6 5 13 26 18 36 20 1 15 0 39 23 29 22 4 27 21 7 19 34 31 25 28 2 3 10 35 9 12 37 8 16 30 17 32 14 24 33 38 11],31538,32711
greedy/lipa40a,11,32022,63,3656,0,[37 6 5 2 9 23 38 21 0 20 30 18 31 11 28 15 7 25 24 10 29 14 12 27 33 36 13 8 32 35 16 4 17 39 34 1 26 19 22 3],[6 5 13 26 18 36 20 1 15 0 39 23 29 22 4 27 21 7 19 34 31 25 28 2 3 10 35 9 12 37 8 16 30 17 32 14 24 33 38 11],31538,32763
steepest/lipa40a,11,32009,26,21060,15562700,[30 27 31 12 22 23 5 13 10 18 3 36 4 20 19 35 1 32 25 0 11 8 37 34 16 33 17 28 14 15 24 6 38 21 9 26 39 2 7 29],[6 5 13 26 18 36 20 1 15 0 39 23 29 22 4 27 21 7 19 34 31 25 28 2 3 10 35 9 12 37 8 16 30 17 32 14 24 33 38 11],31538,32763
random/lipa40a,11,32469,2305,2305,16279000,[4 16 21 7 3 1 8 15 2 13 10 18 25 28 0 37 39 30 23 6 17 19 32 27 26 36 29 5 34 31 20 12 24 35 22 33 38 11 9 14],[6 5 13 26 18 36 20 1 15 0 39 23 29 22 4 27 21 7 19 34 31 25 28 2 3 10 35 9 12 37 8 16 30 17 32 14 24 33 38 11],31538,32763
randomWalk/lipa40a,11,32672,53439,53439,20929300,[23 1 26 12 14 36 34 38 29 35 31 21 18 32 0 19 13 11 20 17 25 7 22 5 2 6 16 9 39 15 37 30 8 24 10 27 3 33 28 4],[6 5 13 26 18 36 20 1 15 0 39 23 29 22 4 27 21 7 19 34 31 25 28 2 3 10 35 9 12 37 8 16 30 17 32 14 24 33 38 11],31538,32763
heuristic/lipa40a,11,32760,0,0,0,[35 20 27 22 39 14 4 6 29 24 18 13 9 0 28 25 15 34 10 11 21 17 16 3 2 31 30 33 23 8 5 19 7 37 12 38 1 32 36 26],[6 5 13 26 18 36 20 1 15 0 39 23 29 22 4 27 21 7 19 34 31 25 28 2 3 10 35 9 12 37 8 16 30 17 32 14 24 33 38 11],31538,32763
greedy/lipa40a,12,31990,60,8218,2697700,[33 27 36 2 26 11 30 31 34 19 17 9 4 16 22 7 15 37 25 5 21 18 35 24 20 12 1 39 38 23 0 28 8 32 13 14 3 6 29 10],[6 5 13 26 18 36 20 1 15 0 39 23 29 22 4 27 21 7 19 34 31 25 28 2 3 10 35 9 12 37 8 16 30 17 32 14 24 33 38 11],31538,32705
steepest/lipa40a,12,32009,18,14820,3502700,[6 11 37 2 18 15 20 3 34 0 24 30 13 16 27 23 4 7 38 8 36 32 28 5 35 17 12 19 26 25 9 21 31 10 39 14 33 22 29 1],[6 5 13 26 18 36 20 1 15 0 39 23 29 22 4 27 21 7 19 34 31 25 28 2 3 10 35 9 12 37 8 16 30 17 32 14 24 33 38 11],31538,32705
random/lipa40a,12,32494,454,454,3871900,[23 2 13 36 39 37 28 25 29 8 26 22 31 19 27 30 33 3 9 7 6 20 35 18 5 0 11 34 32 17 24 1 14 21 38 4 15 12 16 10],[6 5 13 26 18 36 20 1 15 0 39 23 29 22 4 27 21 7 19 34 31 25 28 2 3 10 35 9 12 37 8 16 30 17 32 14 24 33 38 11],31538,32705
randomWalk/lipa40a,12,32799,5950,5950,3681000,[33 36 38 2 14 28 12 31 20 17 27 34 7 8 23 30 6 32 21 19 35 15 25 22 26 5 1 0 13 39 29 24 16 9 18 3 4 10 11 37],[6 5 13 26 18 36 20 1 15 0 39 23 29 22 4 27 21 7 19 34 31 25 28 2 3 10 35 9 12 37 8 16 30 17 32 14 24 33 38 11],31538,32705
heuristic/lipa40a,12,32760,0,0,0,[35 20 27 22 39 14 4 6 29 24 18 13 9 0 28 25 15 34 10 11 21 17 16 3 2 31 30 33 23 8 5 19 7 37 12 38 1 32 36 26],[6 5 13 26 18 36 20 1 15 0 39 23 29 22 4 27 21 7 19 34 31 25 28 2 3 10 35 9 12 37 8 16 30 17 32 14 24 33 38 11],31538,32705
greedy/lipa40a,13,32055,51,2836,1620600,[22 11 27 9 2 25 35 4 26 38 13 12 32 15 31 39 21 37 28 8 14 34 3 7 0 1 6 33 23 20 18 16 19 29 5 24 10 17 36 30],[6 5 13 26 18 36 20 1 15 0 39 23 29 22 4 27 21 7 19 34 31 25 28 2 3 10 35 9 12 37 8 16 30 17 32 14 24 33 38 11],31538,32774
steepest/lipa40a,13,32048,23,18720,8450300,[4 13 27 1 15 9 22 29 26 7 10 24 25 3 37 39 21 38 5 8 17 2 33 32 14 34 23 36 18 28 6 16 19 31 11 20 12 0 35 30],[6 5 13 26 18 36 20 1 15 0 39 23 29 22 4 27 21 7 19 34 31 25 28 2 3 10 35 9 12 37 8 16 30 17 32 14 24 33 38 11],31538,32774
random/lipa40a,13,32451,1979,1979,14323000,[32 10 27 3 37 34 24 11 0 38 22 7 18 33 15 39 2 23 30 21 35 29 26 14 36 25 19 8 1 12 6 28 9 5 13 17 20 4 16 31],[6 5 13 26 18 36 20 1 15 0 39 23 29 22 4 27 21 7 19 34 31 25 28 2 3 10 35 9 12 37 8 16 30 17 32 14 24 33 38 11],31538,32774
randomWalk/lipa40a,13,32739,39088,39088,10129800,[13 34 26 39 22 35 9 14 30 16 1 3 8 2 11 23 19 20 7 15 31 38 29 37 12 18 24 27 17 10 21 6 36 4 33 5 25 0 28 32],[6 5 13 26 18 36 20 1 15 0 39 23 29 22 4 27 21 7 19 34 31 25 28 2 3 10 35 9 12 37 8 16 30 17 32 14 24 33 38 11],31538,32774
heuristic/lipa40a,13,32760,0,0,0,[35 20 27 22 39 14 4 6 29 24 18 13 9 0 28 25 15 34 10 11 21 17 16 3 2 31 30 33 23 8 5 19 7 37 12 38 1 32 36 26],[6 5 13 26 18 36 20 1 15 0 39 23 29 22 4 27 21 7 19 34 31 25 28 2 3 10 35 9 12 37 8 16 30 17 32 14 24 33 38 11],31538,32774
greedy/lipa40a,14,31959,66,5780,1258600,[19 23 17 2 18 13 36 16 4 14 24 31 38 0 12 34 29 15 7 28 32 37 39 22 5 9 25 8 6 10 3 26 30 35 33 11 20 27 21 1],[6 5 13 26 18 36 20 1 15 0 39 23 29 22 4 27 21 7 19 34 31 25 28 2 3 10 35 9 12 37 8 16 30 17 32 14 24 33 38 11],31538,32668
steepest/lipa40a,14,32034,21,17160,3165600,[15 11 17 25 19 38 21 8 4 34 23 31 10 35 20 33 29 0 12 6 22 26 24 1 3 13 32 28 9 27 16 7 36 18 2 5 14 37 30 39],[6 5 13 26 18 36 20 1 15 0 39 23 29 22 4 27 21 7 19 34 31 25 28 2 3 10 35 9 12 37 8 16 30 17 32 14 24 33 38 11],31538,32668
random/lipa40a,14,32476,954,954,3272900,[3 17 27 21 36 7 30 4 20 32 5 16 31 38 24 2 25 8 34 39 29 23 33 11 28 35 6 37 12 18 22 19 9 0 14 1 13 10 15 26],[6 5 13 26 18 36 20 1 15 0 39 23 29 22 4 27 21 7 19 34 31 25 28 2 3 10 35 9 12 37 8 16 30 17 32 14 24 33 38 11],31538,32668
randomWalk/lipa40a,14,32757,12502,12502,3453900,[20 32 15 18 39 9 7 31 2 24 23 25 4 34 35 16 12 1 6 19 0 5 17 36 38 3 14 11 28 22 33 37 30 29 27 21 26 10 13 8],[6 5 13 26 18 36 20 1 15 0 39 23 29 22 4 27 21 7 19 34 31 25 28 2 3 10 35 9 12 37 8 16 30 17 32 14 24 33 38 11],31538,32668
heuristic/lipa40a,14,32760,0,0,0,[35 20 27 22 39 14 4 6 29 24 18 13 9 0 28 25 15 34 10 11 21 17 16 3 2 31 30 33 23 8 5 19 7 37 12 38 1 32 36 26],[6 5 13 26 18 36 20 1 15 0 39 23 29 22 4 27 21 7 19 34 31 25 28 2 3 10 35 9 12 37 8 16 30 17 32 14 24 33 38 11],31538,32668
greedy/lipa40a,15,31962,54,6790,1662400,[6 12 1 39 37 24 13 18 11 0 29 34 36 5 31 27 10 14 28 22 3 8 38 9 4 20 30 2 33 32 19 16 35 25 26 15 21 7 17 23],[6 5 13 26 18 36 20 1 15 0 39 23 29 22 4 27 21 7 19 34 31 25 28 2 3 10 35 9 12 37 8 16 30 17 32 14 24 33 38 11],31538,32567
steepest/lipa40a,15,31985,24,19500,3948100,[29 16 35 32 5 36 22 1 23 14 0 20 7 8 28 39 9 38 18 2 10 31 17 26 13 19 3 6 21 12 30 4 37 25 24 15 11 33 34 27],[6 5 13 26 18 36 20 1 15 0 39 23 29 22 4 27 21 7 19 34 31 25 28 2 3 10 35 9 12 37 8 16 30 17 32 14 24 33 38 11],31538,32567
random/lipa40a,15,32503,1127,1127,4349100,[35 39 32 9 3 27 4 26 11 25 8 15 10 16 28 22 23 34 20 12 19 2 33 18 5 0 24 29 7 30 13 38 17 21 31 1 14 6 37 36],[6 5 13 26 18 36 20 1 15 0 39 23 29 22 4 27 21 7 19 34 31 25 28 2 3 10 35 9 12 37 8 16 30 17 32 14 24 33 38 11],31538,32567
randomWalk/lipa40a,15,32784,20634,20634,4820900,[14 23 37 1 19 25 30 18 15 21 5 22 35 36 6 9 31 32 4 11 0 33 8 26 12 27 39 28 29 34 13 17 20 10 24 38 7 2 3 16],[6 5 13 26 18 36 20 1 15 0 39 23 29 22 4 27 21 7 19 34 31 25 28 2 3 10 35 9 12 37 8 16 30 17 32 14 24 33 38 11],31538,32567
heuristic/lipa40a,15,32760,0,0,0,[35 20 27 22 39 14 4 6 29 24 18 13 9 0 28 25 15 34 10 11 21 17 16 3 2 31 30 33 23 8 5 19 7 37 12 38 1 32 36 26],[6 5 13 26 18 36 20 1 15 0 39 23 29 22 4 27 21 7 19 34 31 25 28 2 3 10 35 9 12 37 8 16 30 17 32 14 24 33 38 11],31538,32567
greedy/lipa40a,16,32010,51,4399,0,[3 0 34 2 17 38 26 25 21 24 4 11 36 5 37 30 27 32 31 14 22 8 19 23 6 13 20 28 39 7 18 16 35 33 12 15 1 10 29 9],[6 5 13 26 18 36 20 1 15 0 39 23 29 22 4 27 21 7 19 34 31 25 28 2 3 10 35 9 12 37 8 16 30 17 32 14 24 33 38 11],31538,32702
steepest/lipa40a,16,31997,23,18720,5569300,[33 14 1 7 17 39 26 22 11 8 4 27 36 25 24 32 12 34 16 35 29 21 3 31 13 30 2 10 20 38 0 23 18 5 28 15 19 6 37 9],[6 5 13 26 18 36 20 1 15 0 39 23 29 22 4 27 21 7 19 34 31 25 28 2 3 10 35 9 12 37 8 16 30 17 32 14 24 33 38 11],31538,32702
random/lipa40a,16,32490,493,493,7538900,[18 27 25 15 5 36 6 12 22 38 3 28 10 32 33 31 2 34 29 35 16 4 37 20 23 8 24 30 7 14 21 9 17 1 13 19 39 0 26 11],[6 5 13 26 18 36 20 1 15 0 39 23 29 22 4 27 21 7 19 34 31 25 28 2 3 10 35 9 12 37 8 16 30 17 32 14 24 33 38 11],31538,32702
randomWalk/lipa40a,16,32631,42212,42212,12830300,[5 26 22 4 19 34 16 6 7 13 28 27 36 29 1 39 38 3 2 11 31 33 30 20 24 18 8 21 0 17 35 15 9 23 25 14 32 12 37 10],[6 5 13 26 18 36 20 1 15 0 39 23 29 22 4 27 21 7 19 34 31 25 28 2 3 10 35 9 12 37 8 16 30 17 32 14 24 33 38 11],31538,32702
heuristic/lipa40a,16,32760,0,0,0,[35 20 27 22 39 14 4 6 29 24 18 13 9 0 28 25 15 34 10 11 21 17 16 3 2 31 30 33 23 8 5 19 7 37 12 38 1 32 36 26],[6 5 13 26 18 36 20 1 15 0 39 23 29 22 4 27 21 7 19 34 31 25 28 2 3 10 35 9 12 37 8 16 30 17 32 14 24 33 38 11],31538,32702
greedy/lipa40a,17,32037,54,3727,0,[36 28 2 30 25 7 4 23 39 31 21 1 13 3 26 35 16 24 32 9 11 15 14 12 38 20 17 0 33 37 6 8 22 29 10 34 18 19 27 5],[6 5 13 26 18 36 20 1 15 0 39 23 29 22 4 27 21 7 19 34 31 25 28 2 3 10 35 9 12 37 8 16 30 17 32 14 24 33 38 11],31538,32747
steepest/lipa40a,17,31969,33,26520,13858300,[1 4 10 0 20 12 38 23 15 31 27 2 29 13 30 21 36 28 35 34 11 14 9 22 16 7 39 3 25 37 6 32 24 33 26 18 8 19 17 5],[6 5 13 26 18 36 20 1 15 0 39 23 29 22 4 27 21 7 19 34 31 25 28 2 3 10 35 9 12 37 8 16 30 17 32 14 24 33 38 11],31538,32747
random/lipa40a,17,32466,2839,2839,15709700,[34 24 27 12 2 25 35 9 8 5 39 15 10 0 19 11 16 36 29 6 23 7 20 28 31 14 21 17 38 33 1 18 4 37 30 26 13 32 3 22],[6 5 13 26 18 36 20 1 15 0 39 23 29 22 4 27 21 7 19 34 31 25 28 2 3 10 35 9 12 37 8 16 30 17 32 14 24 33 38 11],31538,32747
randomWalk/lipa40a,17,32743,20198,20198,14126200,[33 36 29 16 39 14 5 34 9 13 31 2 23 25 4 30 22 21 12 10 20 28 1 0 19 37 7 17 11 26 38 6 18 27 8 24 35 15 32 3],[6 5 13 26 18 36 20 1 15 0 39 23 29 22 4 27 21 7 19 34 31 25 28 2 3 10 35 9 12 37 8 16 30 17 32 14 24 33 38 11],31538,32747
heuristic/lipa40a,17,32760,0,0,0,[35 20 27 22 39 14 4 6 29 24 18 13 9 0 28 25 15 34 10 11 21 17 16 3 2 31 30 33 23 8 5 19 7 37 12 38 1 32 36 26],[6 5 13 26 18 36 20 1 15 0 39 23 29 22 4 27 21 7 19 34 31 25 28 2 3 10 35 9 12 37 8 16 30 17 32 14 24 33 38 11],31538,32747
greedy/lipa40a,18,32039,47,3678,444000,[3 25 5 36 39 0 35 29 28 12 11 13 38 20 2 24 19 1 16 17 14 30 37 33 4 21 34 7 15 6 31 22 32 8 10 23 18 27 9 26],[6 5 13 26 18 36 20 1 15 0 39 23 29 22 4 27 21 7 19 34 31 25 28 2 3 10 35 9 12 37 8 16 30 17 32 14 24 33 38 11],31538,32658
steepest/lipa40a,18,31998,22,17940,7256600,[9 26 5 18 15 35 14 22 20 36 12 32 24 38 16 28 19 13 21 25 11 29 27 2 3 17 8 7 37 33 1 4 39 34 10 23 0 6 31 30],[6 5 13 26 18 36 20 1 15 0 39 23 29 22 4 27 21 7 19 34 31 25 28 2 3 10 35 9 12 37 8 16 30 17 32 14 24 33 38 11],31538,32658
random/lipa40a,18,32481,1206,1206,7274900,[13 4 27 37 23 34 9 10 26 38 5 18 29 0 11 14 20 35 8 30 6 32 22 15 33 31 16 2 39 36 25 12 21 17 28 24 3 7 1 19],[6 5 13 26 18 36 20 1 15 0 39 23 29 22 4 27 21 7 19 34 31 25 28 2 3 10 35 9 12 37 8 16 30 17 32 14 24 33 38 11],31538,32658
randomWalk/lipa40a,18,32765,20103,20103,7329300,[17 8 31 27 4 20 33 14 0 13 7 21 30 38 35 16 37 34 25 19 23 39 11 32 15 1 6 36 9 24 29 18 22 26 2 10 12 28 3 5],[6 5 13 26 18 36 20 1 15 0 39 23 29 22 4 27 21 7 19 34 31 25 28 2 3 10 35 9 12 37 8 16 30 17 32 14 24 33 38 11],31538,32658
heuristic/lipa40a,18,32760,0,0,0,[35 20 27 22 39 14 4 6 29 24 18 13 9 0 28 25 15 34 10 11 21 17 16 3 2 31 30 33 23 8 5 19 7 37 12 38 1 32 36 26],[6 5 13 26 18 36 20 1 15 0 39 23 29 22 4 27 21 7 19 34 31 25 28 2 3 10 35 9 12 37 8 16 30 17 32 14 24 33 38 11],31538,32658
greedy/lipa40a,19,31960,69,5990,1100900,[14 3 12 34 16 5 13 24 31 25 27 11 23 29 22 30 1 33 8 18 39 32 21 10 26 36 20 19 6 28 2 38 37 4 0 9 17 7 15 35],[6 5 13 26 18 36 20 1 15 0 39 23 29 22 4 27 21 7 19 34 31 25 28 2 3 10 35 9 12 37 8 16 30 17 32 14 24 33 38 11],31538,32737
steepest/lipa40a,19,31992,21,17160,4318500,[22 32 31 14 27 12 20 5 38 2 13 1 10 15 19 11 16 26 17 28 35 7 39 18 8 34 36 3 33 9 25 6 30 37 4 0 29 24 21 23],[6 5 13 26 18 36 20 1 15 0 39 23 29 22 4 27 21 7 19 34 31 25 28 2 3 10 35 9 12 37 8 16 30 17 32 14 24 33 38 11],31538,32737
random/lipa40a,19,32474,834,834,5005700,[31 23 20 28 15 21 4 29 22 36 9 12 11 3 6 8 0 2 25 1 38 10 7 27 16 5 17 26 37 33 30 39 34 32 19 13 14 24 35 18],[6 5 13 26 18 36 20 1 15 0 39 23 29 22 4 27 21 7 19 34 31 25 28 2 3 10 35 9 12 37 8 16 30 17 32 14 24 33 38 11],31538,32737
randomWalk/lipa40a,19,32703,7112,7112,4361600,[26 38 10 7 28 33 36 3 1 27 29 0 17 13 34 25 2 12 8 20 35 6 19 22 5 24 18 11 23 16 9 32 14 15 39 21 37 4 30 31],[6 5 13 26 18 36 20 1 15 0 39 23 29 22 4 27 21 7 19 34 31 25 28 2 3 10 35 9 12 37 8 16 30 17 32 14 24 33 38 11],31538,32737
heuristic/lipa40a,19,32760,0,0,0,[35 20 27 22 39 14 4 6 29 24 18 13 9 0 28 25 15 34 10 11 21 17 16 3 2 31 30 33 23 8 5 19 7 37 12 38 1 32 36 26],[6 5 13 26 18 36 20 1 15 0 39 23 29 22 4 27 21 7 19 34 31 25 28 2 3 10 35 9 12 37 8 16 30 17 32 14 24 33 38 11],31538,32737
greedy/lipa40a,20,31985,60,4427,1734700,[4 6 19 20 29 16 9 1 23 3 27 36 17 26 15 25 28 13 34 24 5 10 18 39 30 2 35 31 12 8 37 32 14 22 0 38 21 33 7 11],[6 5 13 26 18 36 20 1 15 0 39 23 29 22 4 27 21 7 19 34 31 25 28 2 3 10 35 9 12 37 8 16 30 17 32 14 24 33 38 11],31538,32738
steepest/lipa40a,20,32021,22,17940,4417800,[24 31 19 38 16 32 8 1 21 2 27 39 14 20 11 17 22 13 36 15 18 26 9 29 28 3 10 30 6 12 35 23 5 4 7 25 34 33 37 0],[6 5 13 26 18 36 20 1 15 0 39 23 29 22 4 27 21 7 19 34 31 25 28 2 3 10 35 9 12 37 8 16 30 17 32 14 24 33 38 11],31538,32738
random/lipa40a,20,32527,826,826,4568700,[21 12 7 11 25 35 4 23 39 1 20 30 14 0 31 8 13 10 22 3 17 2 29 6 38 19 34 32 24 15 33 16 36 5 28 37 9 26 18 27],[6 5 13 26 18 36 20 1 15 0 39 23 29 22 4 27 21 7 19 34 31 25 28 2 3 10 35 9 12 37 8 16 30 17 32 14 24 33 38 11],31538,32738
randomWalk/lipa40a,20,32610,11027,11027,4601300,[36 33 6 23 21 7 10 13 29 35 1 12 8 34 30 16 32 18 19 17 11 22 28 31 14 37 3 27 39 5 9 20 26 38 24 2 4 0 25 15],[6 5 13 26 18 36 20 1 15 0 39 23 29 22 4 27 21 7 19 34 31 25 28 2 3 10 35 9 12 37 8 16 30 17 32 14 24 33 38 11],31538,32738
heuristic/lipa40a,20,32760,0,0,0,[35 20 27 22 39 14 4 6 29 24 18 13 9 0 28 25 15 34 10 11 21 17 16 3 2 31 30 33 23 8 5 19 7 37 12 38 1 32 36 26],[6 5 13 26 18 36 20 1 15 0 39 23 29 22 4 27 21 7 19 34 31 25 28 2 3 10 35 9 12 37 8 16 30 17 32 14 24 33 38 11],31538,32738
greedy/lipa60a,1,108373,93,9594,6396000,[45 3 9 11 28 57 42 33 36 16 24 53 51 50 37 43 19 59 52 23 17 56 15 31 35 21 0 48 39 13 49 54 1 7 41 8 14 27 4 6 2 44 26 18 10 30 12 25 22 5 46 40 29 58 38 47 55 32 34 20],[24 47 16 3 49 12 15 40 0 36 21 26 45 33 37 11 8 2 7 32 46 53 30 42 39 9 34 22 28 56 1 5 50 55 48 20 29 35 14 38 58 17 51 27 25 43 13 59 31 4 19 10 54 44 52 23 41 6 57 18],107218,110068
steepest/lipa60a,1,108417,33,60180,26818100,[4 48 25 45 19 15 32 49 59 21 40 57 55 54 17 18 43 51 24 23 9 33 53 3 58 22 1 50 28 12 46 35 52 42 20 7 44 31 14 5 6 16 41 0 8 36 56 13 10 30 2 11 29 47 39 27 26 37 34 38],[24 47 16 3 49 12 15 40 0 36 21 26 45 33 37 11 8 2 7 32 46 53 30 42 39 9 34 22 28 56 1 5 50 55 48 20 29 35 14 38 58 17 51 27 25 43 13 59 31 4 19 10 54 44 52 23 41 6 57 18],107218,110068
random/lipa60a,1,109635,2436,2436,26868500,[22 11 45 0 40 24 37 53 13 16 59 34 56 18 21 57 28 20 49 30 7 31 44 38 26 50 42 3 2 43 9 36 6 10 35 17 46 4 8 41 58 32 47 39 14 1 55 48 33 15 54 27 12 29 5 25 19 23 52 51],[24 47 16 3 49 12 15 40 0 36 21 26 45 33 37 11 8 2 7 32 46 53 30 42 39 9 34 22 28 56 1 5 50 55 48 20 29 35 14 38 58 17 51 27 25 43 13 59 31 4 19 10 54 44 52 23 41 6 57 18],107218,110068
randomWalk/lipa60a,1,109933,55335,55335,27637800,[21 15 4 26 19 24 53 52 56 55 18 20 42 0 57 10 32 46 35 5 48 17 27 29 33 47 6 36 12 30 22 38 51 1 45 59 50 49 43 31 25 7 58 41 9 3 34 44 2 23 8 39 14 16 11 40 37 28 13 54],[24 47 16 3 49 12 15 40 0 36 21 26 45 33 37 11 8 2 7 32 46 53 30 42 39 9 34 22 28 56 1 5 50 55 48 20 29 35 14 38 58 17 51 27 25 43 13 59 31 4 19 10 54 44 52 23 41 6 57 18],107218,110068
heuristic/lipa60a,1,109927,0,0,0,[2 15 51 12 14 30 49 1 50 44 20 52 25 6 23 35 32 19 29 13 17 21 10 34 5 46 54 36 16 8 4 58 57 53 38 39 11 27 9 3 40 24 48 18 41 31 56 55 22 33 42 59 0 47 37 7 45 28 43 26],[24 47 16 3 49 12 15 40 0 36 21 26 45 33 37 11 8 2 7 32 46 53 30 42 39 9 34 22 28 56 1 5 50 55 48 20 29 35 14 38 58 17 51 27 25 43 13 59 31 4 19 10 54 44 52 23 41 6 57 18],107218,110068
greedy/lipa60a,2,108291,111,18315,8534000,[27 55 20 33 4 54 19 28 41 47 57 38 23 50 7 51 3 37 31 15 11 13 49 12 58 6 25 56 43 39 8 9 5 16 30 26 48 17 21 1 44 2 53 52 59 18 42 29 40 34 0 14 10 22 24 36 35 45 32 46],[24 47 16 3 49 12 15 40 0 36 21 26 45 33 37 11 8 2 7 32 46 53 30 42 39 9 34 22 28 56 1 5 50 55 48 20 29 35 14 38 58 17 51 27 25 43 13 59 31 4 19 10 54 44 52 23 41 6 57 18],107218,110115
steepest/lipa60a,2,108343,35,63720,34607300,[55 36 7 59 17 28 49 21 27 41 34 25 53 39 26 15 33 6 35 30 32 37 48 38 45 56 31 19 46 50 9 51 14 52 20 24 10 29 18 0 16 58 2 43 44 42 8 40 11 4 3 47 54 22 5 13 57 12 1 23],[24 47 16 3 49 12 15 40 0 36 21 26 45 33 37 11 8 2 7 32 46 53 30 42 39 9 34 22 28 56 1 5 50 55 48 20 29 35 14 38 58 17 51 27 25 43 13 59 31 4 19 10 54 44 52 23 41 6 57 18],107218,110115
random/lipa60a,2,109648,3386,3386,34658900,[58 15 42 5 7 34 54 53 33 23 36 40 52 18 51 38 9 49 14 6 47 59 29 19 12 27 22 50 56 45 8 16 13 17 55 20 4 26 10 28 3 41 37 31 30 1 48 57 11 21 44 43 0 39 32 2 35 46 25 24],[24 47 16 3 49 12 15 40 0 36 21 26 45 33 37 11 8 2 7 32 46 53 30 42 39 9 34 22 28 56 1 5 50 55 48 20 29 35 14 38 58 17 51 27 25 43 13 59 31 4 19 10 54 44 52 23 41 6 57 18],107218,110115
randomWalk/lipa60a,2,110284,55344,55344,39823400,[12 31 32 2 19 21 15 45 4 35 10 26 5 55 3 0 54 18 24 17 52 37 11 16 20 46 50 59 42 47 30 14 33 13 49 27 36 28 51 1 53 8 34 29 48 23 38 41 7 57 44 43 25 58 39 40 56 6 9 22],[24 47 16 3 49 12 15 40 0 36 21 26 45 33 37 11 8 2 7 32 46 53 30 42 39 9 34 22 28 56 1 5 50 55 48 20 29 35 14 38 58 17 51 27 25 43 13 59 31 4 19 10 54 44 52 23 41 6 57 18],107218,110115
heuristic/lipa60a,2,109927,0,0,0,[2 15 51 12 14 30 49 1 50 44 20 52 25 6 23 35 32 19 29 13 17 21 10 34 5 46 54 36 16 8 4 58 57 53 38 39 11 27 9 3 40 24 48 18 41 31 56 55 22 33 42 59 0 47 37 7 45 28 43 26],[24 47 16 3 49 12 15 40 0 36 21 26 45 33 37 11 8 2 7 32 46 53 30 42 39 9 34 22 28 56 1 5 50 55 48 20 29 35 14 38 58 17 51 27 25 43 13 59 31 4 19 10 54 44 52 23 41 6 57 18],107218,110115
greedy/lipa60a,3,108298,103,18057,9060600,[35 23 7 27 9 25 12 47 46 2 45 29 28 13 18 3 16 6 39 17 1 56 44 49 40 15 53 43 37 55 36 5 8 10 50 48 30 52 38 51 32 34 4 24 11 21 58 26 31 41 19 14 54 0 20 59 22 42 57 33],[24 47 16 3 49 12 15 40 0 36 21 26 45 33 37 11 8 2 7 32 46 53 30 42 39 9 34 22 28 56 1 5 50 55 48 20 29 35 14 38 58 17 51 27 25 43 13 59 31 4 19 10 54 44 52 23 41 6 57 18],107218,110169
steepest/lipa60a,3,108531,30,54870,23964700,[17 23 52 26 41 47 31 19 46 24 55 29 3 37 44 7 20 6 39 48 11 9 13 2 15 27 12 36 1 4 22 57 32 14 38 35 16 18 49 10 40 34 59 30 53 51 25 8 45 56 21 5 54 50 0 43 28 42 58 33],[24 47 16 3 49 12 15 40 0 36 21 26 45 33 37 11 8 2 7 32 46 53 30 42 39 9 34 22 28 56 1 5 50 55 48 20 29 35 14 38 58 17 51 27 25 43 13 59 31 4 19 10 54 44 52 23 41 6 57 18],107218,110169
random/lipa60a,3,109671,2389,2389,25975800,[8 3 33 22 14 12 28 18 45 32 16 23 1 24 20 52 7 34 36 42 25 19 9 57 15 41 48 50 30 58 29 26 10 6 27 51 53 5 38 55 4 21 17 44 35 59 31 54 11 40 47 46 13 56 37 43 2 39 49 0],[24 47 16 3 49 12 15 40 0 36 21 26 45 33 37 11 8 2 7 32 46 53 30 42 39 9 34 22 28 56 1 5 50 55 48 20 29 35 14 38 58 17 51 27 25 43 13 59 31 4 19 10 54 44 52 23 41 6 57 18],107218,110169
randomWalk/lipa60a,3,110034,41557,41557,24248600,[36 32 45 15 52 0 13 47 14 2 56 33 3 58 34 44 46 11 4 28 18 30 38 26 40 12 42 8 31 41 53 6 57 20 48 9 24 35 5 7 29 59 54 1 22 23 49 51 50 17 37 10 21 16 25 19 27 43 55 39],[24 47 16 3 49 12 15 40 0 36 21 26 45 33 37 11 8 2 7 32 46 53 30 42 39 9 34 22 28 56 1 5 50 55 48 20 29 35 14 38 58 17 51 27 25 43 13 59 31 4 19 10 54 44 52 23 41 6 57 18],107218,110169
heuristic/lipa60a,3,109927,0,0,0,[2 15 51 12 14 30 49 1 50 44 20 52 25 6 23 35 32 19 29 13 17 21 10 34 5 46 54 36 16 8 4 58 57 53 38 39 11 27 9 3 40 24 48 18 41 31 56 55 22 33 42 59 0 47 37 7 45 28 43 26],[24 47 16 3 49 12 15 40 0 36 21 26 45 33 37 11 8 2 7 32 46 53 30 42 39 9 34 22 28 56 1 5 50 55 48 20 29 35 14 38 58 17 51 27 25 43 13 59 31 4 19 10 54 44 52 23 41 6 57 18],107218,110169
greedy/lipa60a,4,108419,96,13650,5006100,[15 47 12 24 33 25 53 59 51 55 22 29 9 46 4 42 1 31 37 57 14 45 26 7 28 44 21 11 2 56 48 43 54 35 16 18 3 6 39 32 10 19 17 34 38 58 30 50 36 8 41 52 23 40 49 20 27 13 5 0],[24 47 16 3 49 12 15 40 0 36 21 26 45 33 37 11 8 2 7 32 46 53 30 42 39 9 34 22 28 56 1 5 50 55 48 20 29 35 14 38 58 17 51 27 25 43 13 59 31 4 19 10 54 44 52 23 41 6 57 18],107218,110065
steepest/lipa60a,4,108445,32,58410,31135300,[39 18 20 33 12 57 36 52 14 40 24 43 51 32 21 29 9 1 58 23 26 25 5 7 22 44 55 48 31 56 3 38 4 41 0 35 11 30 8 42 47 10 34 59 45 37 6 50 17 54 53 16 2 15 49 19 13 28 27 46],[24 47 16 3 49 12 15 40 0 36 21 26 45 33 37 11 8 2 7 32 46 53 30 42 39 9 34 22 28 56 1 5 50 55 48 20 29 35 14 38 58 17 51 27 25 43 13 59 31 4 19 10 54 44 52 23 41 6 57 18],107218,110065
random/lipa60a,4,109711,1870,1870,32010600,[27 54 58 13 21 51 45 33 20 30 12 19 57 15 49 26 2 55 4 43 22 34 1 7 46 38 44 10 29 31 25 0 14 32 37 42 48 47 17 8 28 35 6 36 9 16 40 24 52 18 3 53 23 59 39 5 50 41 11 56],[24 47 16 3 49 12 15 40 0 36 21 26 45 33 37 11 8 2 7 32 46 53 30 42 39 9 34 22 28 56 1 5 50 55 48 20 29 35 14 38 58 17 51 27 25 43 13 59 31 4 19 10 54 44 52 23 41 6 57 18],107218,110065
randomWalk/lipa60a,4,110113,36067,36067,31250800,[38 20 41 1 12 36 6 8 47 48 26 45 58 16 18 15 23 32 10 57 52 40 14 43 39 21 28 51 2 27 46 31 5 54 37 42 24 22 3 4 25 44 30 34 53 17 19 11 29 9 50 33 59 7 0 55 56 35 49 13],[24 47 16 3 49 12 15 40 0 36 21 26 45 33 37 11 8 2 7 32 46 53 30 42 39 9 34 22 28 56 1 5 50 55 48 20 29 35 14 38 58 17 51 27 25 43 13 59 31 4 19 10 54 44 52 23 41 6 57 18],107218,110065
heuristic/lipa60a,4,109927,0,0,0,[2 15 51 12 14 30 49 1 50 44 20 52 25 6 23 35 32 19 29 13 17 21 10 34 5 46 54 36 16 8 4 58 57 53 38 39 11 27 9 3 40 24 48 18 41 31 56 55 22 33 42 59 0 47 37 7 45 28 43 26],[24 47 16 3 49 12 15 40 0 36 21 26 45 33 37 11 8 2 7 32 46 53 30 42 39 9 34 22 28 56 1 5 50 55 48 20 29 35 14 38 58 17 51 27 25 43 13 59 31 4 19 10 54 44 52 23 41 6 57 18],107218,110065
greedy/lipa60a,5,108412,97,12926,8478100,[14 59 35 34 25 15 53 24 39 29 48 46 44 21 12 11 16 56 36 20 0 8 7 37 5 17 2 1 47 9 38 28 18 26 19 3 13 55 10 49 31 43 33 27 30 58 40 42 57 41 32 22 23 45 6 54 4 51 50 52],[24 47 16 3 49 12 15 40 0 36 21 26 45 33 37 11 8 2 7 32 46 53 30 42 39 9 34 22 28 56 1 5 50 55 48 20 29 35 14 38 58 17 51 27 25 43 13 59 31 4 19 10 54 44 52 23 41 6 57 18],107218,110078
steepest/lipa60a,5,108383,35,63720,34329800,[56 21 28 32 4 27 58 29 1 38 5 14 53 25 6 10 41 23 35 26 30 45 3 0 20 34 49 9 51 33 55 40 17 44 54 13 8 43 31 48 24 39 18 57 42 37 46 36 16 52 7 47 2 22 50 19 15 12 11 59],[24 47 16 3 49 12 15 40 0 36 21 26 45 33 37 11 8 2 7 32 46 53 30 42 39 9 34 22 28 56 1 5 50 55 48 20 29 35 14 38 58 17 51 27 25 43 13 59 31 4 19 10 54 44 52 23 41 6 57 18],107218,110078
random/lipa60a,5,109684,2802,2802,40612900,[39 19 24 28 40 23 53 31 27 14 25 41 15 29 52 34 1 54 18 21 22 20 17 7 45 56 58 6 46 57 50 5 38 51 0 26 2 47 44 37 35 49 13 16 10 55 3 11 36 9 33 32 48 59 43 30 8 42 4 12],[24 47 16 3 49 12 15 40 0 36 21 26 45 33 37 11 8 2 7 32 46 53 30 42 39 9 34 22 28 56 1 5 50 55 48 20 29 35 14 38 58 17 51 27 25 43 13 59 31 4 19 10 54 44 52 23 41 6 57 18],107218,110078
randomWalk/lipa60a,5,110311,54394,54394,34367700,[8 14 29 10 9 50 1 6 18 56 33 34 36 20 40 37 47 7 41 3 2 46 11 59 42 32 48 25 4 44 26 28 52 43 31 53 5 17 12 0 35 49 55 39 45 13 54 15 51 58 16 21 57 30 19 23 38 24 27 22],[24 47 16 3 49 12 15 40 0 36 21 26 45 33 37 11 8 2 7 32 46 53 30 42 39 9 34 22 28 56 1 5 50 55 48 20 29 35 14 38 58 17 51 27 25 43 13 59 31 4 19 10 54 44 52 23 41 6 57 18],107218,110078
heuristic/lipa60a,5,109927,0,0,0,[2 15 51 12 14 30 49 1 50 44 20 52 25 6 23 35 32 19 29 13 17 21 10 34 5 46 54 36 16 8 4 58 57 53 38 39 11 27 9 3 40 24 48 18 41 31 56 55 22 33 42 59 0 47 37 7 45 28 43 26],[24 47 16 3 49 12 15 40 0 36 21 26 45 33 37 11 8 2 7 32 46 53 30 42 39 9 34 22 28 56 1 5 50 55 48 20 29 35 14 38 58 17 51 27 25 43 13 59 31 4 19 10 54 44 52 23 41 6 57 18],107218,110078
greedy/lipa60a,6,108458,113,16461,11082600,[38 33 28 16 54 50 34 57 10 41 39 42 35 27 45 6 4 53 59 48 22 58 9 11 49 32 25 15 0 52 37 3 55 7 24 18 31 46 21 20 13 14 5 36 2 29 40 8 12 1 19 47 43 56 17 23 51 44 26 30],[24 47 16 3 49 12 15 40 0 36 21 26 45 33 37 11 8 2 7 32 46 53 30 42 39 9 34 22 28 56 1 5 50 55 48 20 29 35 14 38 58 17 51 27 25 43 13 59 31 4 19 10 54 44 52 23 41 6 57 18],107218,110200
steepest/lipa60a,6,108449,29,53100,35046000,[54 14 10 56 52 41 36 12 37 4 55 38 18 44 3 6 7 8 5 2 53 33 9 49 47 22 39 21 28 43 32 35 20 51 30 27 42 13 31 23 50 45 25 58 59 11 0 16 48 34 46 19 40 26 1 57 24 29 17 15],[24 47 16 3 49 12 15 40 0 36 21 26 45 33 37 11 8 2 7 32 46 53 30 42 39 9 34 22 28 56 1 5 50 55 48 20 29 35 14 38 58 17 51 27 25 43 13 59 31 4 19 10 54 44 52 23 41 6 57 18],107218,110200
random/lipa60a,6,109665,2203,2203,35645600,[4 30 35 3 10 14 31 34 48 0 27 24 32 44 9 50 16 37 43 52 25 59 2 39 12 1 54 58 40 49 23 51 33 42 20 38 36 15 5 47 45 55 56 22 17 57 8 28 29 18 53 41 21 26 13 7 46 19 6 11],[24 47 16 3 49 12 15 40 0 36 21 26 45 33 37 11 8 2 7 32 46 53 30 42 39 9 34 22 28 56 1 5 50 55 48 20 29 35 14 38 58 17 51 27 25 43 13 59 31 4 19 10 54 44 52 23 41 6 57 18],107218,110200
randomWalk/lipa60a,6,109960,75547,75547,40201100,[19 20 48 16 33 38 45 54 13 59 57 28 22 3 43 35 36 7 14 39 40 0 50 44 26 31 34 23 49 18 17 1 4 25 21 27 2 46 55 32 5 15 9 42 30 29 53 41 37 24 8 47 51 10 12 6 58 56 52 11],[24 47 16 3 49 12 15 40 0 36 21 26 45 33 37 11 8 2 7 32 46 53 30 42 39 9 34 22 28 56 1 5 50 55 48 20 29 35 14 38 58 17 51 27 25 43 13 59 31 4 19 10 54 44 52 23 41 6 57 18],107218,110200
heuristic/lipa60a,6,109927,0,0,0,[2 15 51 12 14 30 49 1 50 44 20 52 25 6 23 35 32 19 29 13 17 21 10 34 5 46 54 36 16 8 4 58 57 53 38 39 11 27 9 3 40 24 48 18 41 31 56 55 22 33 42 59 0 47 37 7 45 28 43 26],[24 47 16 3 49 12 15 40 0 36 21 26 45 33 37 11 8 2 7 32 46 53 30 42 39 9 34 22 28 56 1 5 50 55 48 20 29 35 14 38 58 17 51 27 25 43 13 59 31 4 19 10 54 44 52 23 41 6 57 18],107218,110200
greedy/lipa60a,7,108406,90,10823,6523600,[54 28 50 48 44 45 2 40 26 34 33 15 23 1 37 8 13 32 21 35 31 46 47 51 14 58 53 5 56 57 42 52 4 0 16 22 6 27 24 20 12 59 49 17 39 29 18 36 11 30 55 3 43 38 41 19 10 7 25 9],[24 47 16 3 49 12 15 40 0 36 21 26 45 33 37 11 8 2 7 32 46 53 30 42 39 9 34 22 28 56 1 5 50 55 48 20 29 35 14 38 58 17 51 27 25 43 13 59 31 4 19 10 54 44 52 23 41 6 57 18],107218,110088
steepest/lipa60a,7,108499,32,58410,31186800,[35 21 29 43 24 33 51 28 44 47 22 20 19 3 59 10 31 34 56 37 18 49 8 6 11 42 0 5 45 58 54 26 52 41 30 40 38 46 17 16 12 39 23 25 36 50 4 15 57 7 48 53 14 13 27 32 55 2 1 9],[24 47 16 3 49 12 15 40 0 36 21 26 45 33 37 11 8 2 7 32 46 53 30 42 39 9 34 22 28 56 1 5 50 55 48 20 29 35 14 38 58 17 51 27 25 43 13 59 31 4 19 10 54 44 52 23 41 6 57 18],107218,110088
random/lipa60a,7,109680,2362,2362,31742900,[37 7 22 2 5 16 52 51 18 27 13 57 47 59 41 0 54 34 35 45 12 44 29 31 53 11 49 8 38 25 14 56 1 17 39 33 43 28 6 20 48 3 40 32 9 26 30 4 55 46 19 42 21 24 15 23 58 10 50 36],[24 47 16 3 49 12 15 40 0 36 21 26 45 33 37 11 8 2 7 32 46 53 30 42 39 9 34 22 28 56 1 5 50 55 48 20 29 35 14 38 58 17 51 27 25 43 13 59 31 4 19 10 54 44 52 23 41 6 57 18],107218,110088
randomWalk/lipa60a,7,110066,44618,44618,33175600,[6 18 2 52 33 47 12 10 17 31 59 23 38 27 58 11 56 16 1 19 15 53 35 36 20 29 5 7 8 57 55 39 42 32 25 14 34 30 45 13 4 44 50 48 51 40 21 9 54 37 22 49 46 43 3 26 0 41 24 28],[24 47 16 3 49 12 15 40 0 36 21 26 45 33 37 11 8 2 7 32 46 53 30 42 39 9 34 22 28 56 1 5 50 55 48 20 29 35 14 38 58 17 51 27 25 43 13 59 31 4 19 10 54 44 52 23 41 6 57 18],107218,110088
heuristic/lipa60a,7,109927,0,0,0,[2 15 51 12 14 30 49 1 50 44 20 52 25 6 23 35 32 19 29 13 17 21 10 34 5 46 54 36 16 8 4 58 57 53 38 39 11 27 9 3 40 24 48 18 41 31 56 55 22 33 42 59 0 47 37 7 45 28 43 26],[24 47 16 3 49 12 15 40 0 36 21 26 45 33 37 11 8 2 7 32 46 53 30 42 39 9 34 22 28 56 1 5 50 55 48 20 29 35 14 38 58 17 51 27 25 43 13 59 31 4 19 10 54 44 52 23 41 6 57 18],107218,110088
greedy/lipa60a,8,108570,101,10368,8536400,[4 25 22 29 21 54 38 52 17 45 44 42 6 34 35 30 5 43 18 32 2 47 46 20 31 33 56 51 14 26 11 12 1 48 7 8 37 40 15 55 58 59 19 50 0 3 41 23 10 27 39 28 36 49 9 53 13 24 57 16],[24 47 16 3 49 12 15 40 0 36 21 26 45 33 37 11 8 2 7 32 46 53 30 42 39 9 34 22 28 56 1 5 50 55 48 20 29 35 14 38 58 17 51 27 25 43 13 59 31 4 19 10 54 44 52 23 41 6 57 18],107218,110357
steepest/lipa60a,8,108413,38,69030,44920800,[35 38 5 11 41 2 8 24 31 54 34 4 57 53 12 16 29 27 43 26 49 52 55 18 45 59 44 47 36 39 3 32 25 42 58 17 30 40 1 56 22 51 6 20 48 14 19 23 10 37 9 21 15 7 33 46 0 50 28 13],[24 47 16 3 49 12 15 40 0 36 21 26 45 33 37 11 8 2 7 32 46 53 30 42 39 9 34 22 28 56 1 5 50 55 48 20 29 35 14 38 58 17 51 27 25 43 13 59 31 4 19 10 54 44 52 23 41 6 57 18],107218,110357
random/lipa60a,8,109643,4082,4082,45846800,[29 33 26 16 9 6 30 37 31 35 5 56 50 19 32 27 55 52 22 8 10 14 59 45 41 28 17 21 36 49 11 53 7 24 42 43 46 47 51 3 38 18 20 40 39 1 2 12 23 0 34 54 57 44 4 25 58 13 48 15],[24 47 16 3 49 12 15 40 0 36 21 26 45 33 37 11 8 2 7 32 46 53 30 42 39 9 34 22 28 56 1 5 50 55 48 20 29 35 14 38 58 17 51 27 25 43 13 59 31 4 19 10 54 44 52 23 41 6 57 18],107218,110357
randomWalk/lipa60a,8,110060,87994,87994,48303700,[14 43 22 44 39 30 12 8 16 51 47 31 57 48 40 19 5 34 56 50 26 23 37 58 41 38 25 21 10 46 59 24 35 33 36 28 1 20 42 18 49 53 54 32 29 7 15 2 11 9 45 4 52 3 0 55 6 17 27 13],[24 47 16 3 49 12 15 40 0 36 21 26 45 33 37 11 8 2 7 32 46 53 30 42 39 9 34 22 28 56 1 5 50 55 48 20 29 35 14 38 58 17 51 27 25 43 13 59 31 4 19 10 54 44 52 23 41 6 57 18],107218,110357
heuristic/lipa60a,8,109927,0,0,0,[2 15 51 12 14 30 49 1 50 44 20 52 25 6 23 35 32 19 29 13 17 21 10 34 5 46 54 36 16 8 4 58 57 53 38 39 11 27 9 3 40 24 48 18 41 31 56 55 22 33 42 59 0 47 37 7 45 28 43 26],[24 47 16 3 49 12 15 40 0 36 21 26 45 33 37 11 8 2 7 32 46 53 30 42 39 9 34 22 28 56 1 5 50 55 48 20 29 35 14 38 58 17 51 27 25 43 13 59 31 4 19 10 54 44 52 23 41 6 57 18],107218,110357
greedy/lipa60a,9,108317,115,14940,5050600,[58 4 48 51 1 56 55 17 59 6 18 13 9 53 34 20 49 38 3 52 2 39 30 10 29 22 5 37 28 26 45 19 11 54 57 36 42 31 41 7 8 40 25 12 35 47 50 15 32 14 33 23 43 46 27 24 21 44 0 16],[24 47 16 3 49 12 15 40 0 36 21 26 45 33 37 11 8 2 7 32 46 53 30 42 39 9 34 22 28 56 1 5 50 55 48 20 29 35 14 38 58 17 51 27 25 43 13 59 31 4 19 10 54 44 52 23 41 6 57 18],107218,110169
steepest/lipa60a,9,108482,35,63720,36366400,[50 22 1 49 48 45 36 10 59 9 17 39 33 38 20 18 37 12 2 25 3 35 57 40 19 51 54 29 32 44 31 52 28 21 53 11 6 24 15 43 30 16 23 56 34 41 0 13 42 47 14 55 27 46 5 8 4 26 58 7],[24 47 16 3 49 12 15 40 0 36 21 26 45 33 37 11 8 2 7 32 46 53 30 42 39 9 34 22 28 56 1 5 50 55 48 20 29 35 14 38 58 17 51 27 25 43 13 59 31 4 19 10 54 44 52 23 41 6 57 18],107218,110169
random/lipa60a,9,109745,2196,2196,37752200,[56 47 26 21 14 33 0 9 8 58 29 6 54 53 35 5 16 57 4 45 31 55 43 1 7 46 36 49 15 18 17 37 44 10 34 22 42 24 3 19 30 50 39 40 23 38 12 32 59 25 28 13 41 27 52 11 2 51 20 48],[24 47 16 3 49 12 15 40 0 36 21 26 45 33 37 11 8 2 7 32 46 53 30 42 39 9 34 22 28 56 1 5 50 55 48 20 29 35 14 38 58 17 51 27 25 43 13 59 31 4 19 10 54 44 52 23 41 6 57 18],107218,110169
randomWalk/lipa60a,9,110220,46835,46835,42080200,[19 7 56 14 31 38 50 20 29 17 0 36 2 28 34 1 27 5 44 26 6 22 18 52 59 41 51 10 11 55 8 42 21 13 53 45 37 49 54 3 40 15 43 23 57 39 48 32 33 47 46 16 30 24 4 35 58 9 25 12],[24 47 16 3 49 12 15 40 0 36 21 26 45 33 37 11 8 2 7 32 46 53 30 42 39 9 34 22 28 56 1 5 50 55 48 20 29 35 14 38 58 17 51 27 25 43 13 59 31 4 19 10 54 44 52 23 41 6 57 18],107218,110169
heuristic/lipa60a,9,109927,0,0,0,[2 15 51 12 14 30 49 1 50 44 20 52 25 6 23 35 32 19 29 13 17 21 10 34 5 46 54 36 16 8 4 58 57 53 38 39 11 27 9 3 40 24 48 18 41 31 56 55 22 33 42 59 0 47 37 7 45 28 43 26],[24 47 16 3 49 12 15 40 0 36 21 26 45 33 37 11 8 2 7 32 46 53 30 42 39 9 34 22 28 56 1 5 50 55 48 20 29 35 14 38 58 17 51 27 25 43 13 59 31 4 19 10 54 44 52 23 41 6 57 18],107218,110169
greedy/lipa60a,10,108303,133,19937,12171900,[54 41 7 19 53 4 24 11 21 13 38 45 58 36 46 33 32 34 22 27 59 25 20 30 40 57 52 51 15 28 26 0 3 10 49 9 55 48 23 14 42 5 29 35 6 16 31 2 8 37 47 18 43 17 39 50 12 44 56 1],[24 47 16 3 49 12 15 40 0 36 21 26 45 33 37 11 8 2 7 32 46 53 30 42 39 9 34 22 28 56 1 5 50 55 48 20 29 35 14 38 58 17 51 27 25 43 13 59 31 4 19 10 54 44 52 23 41 6 57 18],107218,110314
steepest/lipa60a,10,108382,34,61950,40850400,[57 11 33 48 12 45 41 29 23 51 42 55 56 14 24 5 52 44 59 19 40 49 13 38 18 9 46 43 16 22 21 32 7 34 39 37 30 15 6 10 47 28 3 53 0 1 26 4 54 2 8 50 27 35 31 25 20 58 17 36],[24 47 16 3 49 12 15 40 0 36 21 26 45 33 37 11 8 2 7 32 46 53 30 42 39 9 34 22 28 56 1 5 50 55 48 20 29 35 14 38 58 17 51 27 25 43 13 59 31 4 19 10 54 44 52 23 41 6 57 18],107218,110314
random/lipa60a,10,109597,2381,2381,41385100,[44 51 6 19 9 16 5 59 0 54 12 8 52 10 53 57 28 55 38 2 30 31 11 40 7 15 21 45 58 47 37 13 29 22 14 41 56 33 35 3 23 25 32 24 17 36 42 27 39 49 50 26 18 34 4 20 43 1 48 46],[24 47 16 3 49 12 15 40 0 36 21 26 45 33 37 11 8 2 7 32 46 53 30 42 39 9 34 22 28 56 1 5 50 55 48 20 29 35 14 38 58 17 51 27 25 43 13 59 31 4 19 10 54 44 52 23 41 6 57 18],107218,110314
randomWalk/lipa60a,10,109908,60926,60926,42975700,[46 58 54 28 53 40 6 13 44 0 21 23 48 32 59 57 2 17 30 4 31 10 24 47 26 5 8 50 14 45 20 3 52 29 41 55 56 34 1 11 51 39 33 42 16 15 37 9 43 35 12 22 19 49 7 25 38 36 18 27],[24 47 16 3 49 12 15 40 0 36 21 26 45 33 37 11 8 2 7 32 46 53 30 42 39 9 34 22 28 56 1 5 50 55 48 20 29 35 14 38 58 17 51 27 25 43 13 59 31 4 19 10 54 44 52 23 41 6 57 18],107218,110314
heuristic/lipa60a,10,109927,0,0,0,[2 15 51 12 14 30 49 1 50 44 20 52 25 6 23 35 32 19 29 13 17 21 10 34 5 46 54 36 16 8 4 58 57 53 38 39 11 27 9 3 40 24 48 18 41 31 56 55 22 33 42 59 0 47 37 7 45 28 43 26],[24 47 16 3 49 12 15 40 0 36 21 26 45 33 37 11 8 2 7 32 46 53 30 42 39 9 34 22 28 56 1 5 50 55 48 20 29 35 14 38 58 17 51 27 25 43 13 59 31 4 19 10 54 44 52 23 41 6 57 18],107218,110314
greedy/lipa60a,11,108444,104,8015,6337400,[15 7 29 53 3 42 40 58 16 2 13 20 44 51 14 54 59 43 27 39 19 1 31 8 30 28 32 34 22 23 36 50 26 52 11 0 48 10 21 9 17 56 18 37 4 45 33 35 5 24 25 55 41 47 12 57 49 46 38 6],[24 47 16 3 49 12 15 40 0 36 21 26 45 33 37 11 8 2 7 32 46 53 30 42 39 9 34 22 28 56 1 5 50 55 48 20 29 35 14 38 58 17 51 27 25 43 13 59 31 4 19 10 54 44 52 23 41 6 57 18],107218,110082
steepest/lipa60a,11,108505,35,63720,41262500,[38 56 6 41 9 39 2 46 29 58 44 49 3 50 15 24 11 16 30 17 35 23 31 4 37 1 40 51 13 28 21 20 36 32 22 0 8 48 19 53 54 57 52 34 10 14 33 12 55 18 59 47 45 25 7 26 5 27 43 42],[24 47 16 3 49 12 15 40 0 36 21 26 45 33 37 11 8 2 7 32 46 53 30 42 39 9 34 22 28 56 1 5 50 55 48 20 29 35 14 38 58 17 51 27 25 43 13 59 31 4 19 10 54 44 52 23 41 6 57 18],107218,110082
random/lipa60a,11,109703,2968,2968,41324200,[52 55 5 31 10 39 36 51 34 25 38 48 20 22 3 47 28 1 13 16 0 4 50 17 40 32 15 42 7 46 24 37 35 30 8 11 18 59 29 43 49 9 41 44 27 19 54 23 56 58 57 53 12 6 14 26 2 33 45 21],[24 47 16 3 49 12 15 40 0 36 21 26 45 33 37 11 8 2 7 32 46 53 30 42 39 9 34 22 28 56 1 5 50 55 48 20 29 35 14 38 58 17 51 27 25 43 13 59 31 4 19 10 54 44 52 23 41 6 57 18],107218,110082
randomWalk/lipa60a,11,110046,45264,45264,41480600,[3 0 36 6 27 19 57 10 54 17 58 1 56 4 49 34 21 50 25 15 35 52 30 13 8 44 41 22 28 23 48 11 38 29 31 26 5 40 46 2 55 7 32 18 47 51 37 24 9 14 20 42 12 43 16 59 53 33 39 45],[24 47 16 3 49 12 15 40 0 36 21 26 45 33 37 11 8 2 7 32 46 53 30 42 39 9 34 22 28 56 1 5 50 55 48 20 29 35 14 38 58 17 51 27 25 43 13 59 31 4 19 10 54 44 52 23 41 6 57 18],107218,110082
heuristic/lipa60a,11,109927,0,0,0,[2 15 51 12 14 30 49 1 50 44 20 52 25 6 23 35 32 19 29 13 17 21 10 34 5 46 54 36 16 8 4 58 57 53 38 39 11 27 9 3 40 24 48 18 41 31 56 55 22 33 42 59 0 47 37 7 45 28 43 26],[24 47 16 3 49 12 15 40 0 36 21 26 45 33 37 11 8 2 7 32 46 53 30 42 39 9 34 22 28 56 1 5 50 55 48 20 29 35 14 38 58 17 51 27 25 43 13 59 31 4 19 10 54 44 52 23 41 6 57 18],107218,110082
greedy/lipa60a,12,108390,95,19752,12974200,[11 22 7 30 35 4 29 46 1 20 3 54 14 47 37 55 57 45 27 26 59 19 58 15 51 23 12 38 36 21 33 48 13 10 0 9 5 25 34 2 41 28 53 17 43 50 31 39 49 42 24 8 16 6 56 18 52 44 32 40],[24 47 16 3 49 12 15 40 0 36 21 26 45 33 37 11 8 2 7 32 46 53 30 42 39 9 34 22 28 56 1 5 50 55 48 20 29 35 14 38 58 17 51 27 25 43 13 59 31 4 19 10 54 44 52 23 41 6 57 18],107218,110066
steepest/lipa60a,12,108413,36,65490,40854500,[48 3 37 47 2 17 19 52 42 57 30 7 35 55 59 28 27 56 41 46 50 25 33 0 1 11 24 14 58 32 43 26 44 36 6 31 45 5 54 12 29 22 20 23 10 38 13 53 51 4 15 18 49 9 16 39 21 34 8 40],[24 47 16 3 49 12 15 40 0 36 21 26 45 33 37 11 8 2 7 32 46 53 30 42 39 9 34 22 28 56 1 5 50 55 48 20 29 35 14 38 58 17 51 27 25 43 13 59 31 4 19 10 54 44 52 23 41 6 57 18],107218,110066
random/lipa60a,12,109665,2867,2867,43731100,[41 25 56 39 31 48 21 34 50 55 15 18 27 4 33 28 43 29 58 5 2 24 13 16 59 10 8 30 20 26 51 53 19 49 37 22 14 44 32 7 3 38 0 46 11 6 1 42 57 9 36 52 17 12 40 47 54 23 35 45],[24 47 16 3 49 12 15 40 0 36 21 26 45 33 37 11 8 2 7 32 46 53 30 42 39 9 34 22 28 56 1 5 50 55 48 20 29 35 14 38 58 17 51 27 25 43 13 59 31 4 19 10 54 44 52 23 41 6 57 18],107218,110066
randomWalk/lipa60a,12,110066,45676,45676,43634500,[13 8 15 37 53 10 28 56 9 38 51 14 49 27 2 43 57 22 18 42 5 20 24 31 33 47 21 41 34 6 16 29 30 54 59 0 44 50 11 7 36 23 48 52 55 1 32 45 12 19 17 26 4 39 35 46 3 25 40 58],[24 47 16 3 49 12 15 40 0 36 21 26 45 33 37 11 8 2 7 32 46 53 30 42 39 9 34 22 28 56 1 5 50 55 48 20 29 35 14 38 58 17 51 27 25 43 13 59 31 4 19 10 54 44 52 23 41 6 57 18],107218,110066
heuristic/lipa60a,12,109927,0,0,0,[2 15 51 12 14 30 49 1 50 44 20 52 25 6 23 35 32 19 29 13 17 21 10 34 5 46 54 36 16 8 4 58 57 53 38 39 11 27 9 3 40 24 48 18 41 31 56 55 22 33 42 59 0 47 37 7 45 28 43 26],[24 47 16 3 49 12 15 40 0 36 21 26 45 33 37 11 8 2 7 32 46 53 30 42 39 9 34 22 28 56 1 5 50 55 48 20 29 35 14 38 58 17 51 27 25 43 13 59 31 4 19 10 54 44 52 23 41 6 57 18],107218,110066
greedy/lipa60a,13,108462,109,8974,7888900,[50 7 0 30 19 47 29 55 26 3 44 18 42 28 39 16 5 38 25 48 43 23 31 9 14 34 37 4 51 6 33 2 12 15 36 24 20 45 17 40 22 56 1 54 13 57 32 53 27 35 58 52 41 49 59 46 8 10 21 11],[24 47 16 3 49 12 15 40 0 36 21 26 45 33 37 11 8 2 7 32 46 53 30 42 39 9 34 22 28 56 1 5 50 55 48 20 29 35 14 38 58 17 51 27 25 43 13 59 31 4 19 10 54 44 52 23 41 6 57 18],107218,110254
steepest/lipa60a,13,108365,41,74340,45510100,[25 5 58 46 24 19 10 49 38 39 32 34 56 8 53 20 16 23 37 15 44 21 30 1 0 2 6 13 35 40 4 7 9 33 54 51 36 45 57 31 27 22 29 52 18 12 11 26 48 3 55 47 59 17 50 41 28 14 42 43],[24 47 16 3 49 12 15 40 0 36 21 26 45 33 37 11 8 2 7 32 46 53 30 42 39 9 34 22 28 56 1 5 50 55 48 20 29 35 14 38 58 17 51 27 25 43 13 59 31 4 19 10 54 44 52 23 41 6 57 18],107218,110254
random/lipa60a,13,109657,2794,2794,46251600,[5 48 58 8 24 33 46 3 49 0 10 23 11 16 43 25 57 51 4 40 44 22 30 15 26 56 27 50 28 41 32 29 54 9 20 12 38 7 42 1 39 21 53 52 13 34 36 18 45 17 35 2 47 59 14 31 37 55 6 19],[24 47 16 3 49 12 15 40 0 36 21 26 45 33 37 11 8 2 7 32 46 53 30 42 39 9 34 22 28 56 1 5 50 55 48 20 29 35 14 38 58 17 51 27 25 43 13 59 31 4 19 10 54 44 52 23 41 6 57 18],107218,110254
randomWalk/lipa60a,13,110166,68627,68627,48196200,[56 21 53 39 10 47 8 29 42 18 46 59 37 5 0 52 40 19 17 58 34 3 36 45 27 49 11 35 24 25 12 9 38 54 41 7 48 1 33 13 32 23 44 15 20 30 2 55 14 26 22 16 28 43 4 31 50 6 57 51],[24 47 16 3 49 12 15 40 0 36 21 26 45 33 37 11 8 2 7 32 46 53 30 42 39 9 34 22 28 56 1 5 50 55 48 20 29 35 14 38 58 17 51 27 25 43 13 59 31 4 19 10 54 44 52 23 41 6 57 18],107218,110254
heuristic/lipa60a,13,109927,0,0,0,[2 15 51 12 14 30 49 1 50 44 20 52 25 6 23 35 32 19 29 13 17 21 10 34 5 46 54 36 16 8 4 58 57 53 38 39 11 27 9 3 40 24 48 18 41 31 56 55 22 33 42 59 0 47 37 7 45 28 43 26],[24 47 16 3 49 12 15 40 0 36 21 26 45 33 37 11 8 2 7 32 46 53 30 42 39 9 34 22 28 56 1 5 50 55 48 20 29 35 14 38 58 17 51 27 25 43 13 59 31 4 19 10 54 44 52 23 41 6 57 18],107218,110254
greedy/lipa60a,14,108395,77,9509,2614800,[36 30 51 29 25 50 12 53 39 43 58 6 11 32 14 9 46 3 18 23 17 56 10 42 21 38 41 15 22 16 28 34 49 48 7 37 44 31 8 55 13 54 20 27 5 2 26 33 19 59 40 1 0 45 52 24 35 47 4 57],[24 47 16 3 49 12 15 40 0 36 21 26 45 33 37 11 8 2 7 32 46 53 30 42 39 9 34 22 28 56 1 5 50 55 48 20 29 35 14 38 58 17 51 27 25 43 13 59 31 4 19 10 54 44 52 23 41 6 57 18],107218,109895
steepest/lipa60a,14,108440,39,70800,38203700,[13 32 53 52 41 39 33 40 22 11 9 48 50 5 42 21 47 45 8 51 19 24 49 14 59 55 36 10 25 23 28 37 0 7 54 3 44 20 27 18 34 31 56 35 38 16 26 6 29 58 17 30 12 15 43 4 1 2 46 57],[24 47 16 3 49 12 15 40 0 36 21 26 45 33 37 11 8 2 7 32 46 53 30 42 39 9 34 22 28 56 1 5 50 55 48 20 29 35 14 38 58 17 51 27 25 43 13 59 31 4 19 10 54 44 52 23 41 6 57 18],107218,109895
random/lipa60a,14,109692,3308,3308,40583800,[26 55 12 44 20 29 1 2 32 15 28 31 16 39 30 56 42 38 21 51 36 27 46 58 59 19 35 23 25 57 43 14 53 37 54 10 50 17 8 40 47 41 24 13 18 22 48 0 11 9 34 49 4 3 33 5 52 6 45 7],[24 47 16 3 49 12 15 40 0 36 21 26 45 33 37 11 8 2 7 32 46 53 30 42 39 9 34 22 28 56 1 5 50 55 48 20 29 35 14 38 58 17 51 27 25 43 13 59 31 4 19 10 54 44 52 23 41 6 57 18],107218,109895
randomWalk/lipa60a,14,110182,60977,60977,38746900,[43 55 14 3 25 26 19 37 22 51 23 27 7 29 24 28 18 6 5 58 31 1 10 40 57 53 59 16 48 13 12 30 46 56 54 0 11 36 52 35 9 8 47 39 4 33 34 32 49 20 15 17 50 21 38 2 45 44 42 41],[24 47 16 3 49 12 15 40 0 36 21 26 45 33 37 11 8 2 7 32 46 53 30 42 39 9 34 22 28 56 1 5 50 55 48 20 29 35 14 38 58 17 51 27 25 43 13 59 31 4 19 10 54 44 52 23 41 6 57 18],107218,109895
heuristic/lipa60a,14,109927,0,0,0,[2 15 51 12 14 30 49 1 50 44 20 52 25 6 23 35 32 19 29 13 17 21 10 34 5 46 54 36 16 8 4 58 57 53 38 39 11 27 9 3 40 24 48 18 41 31 56 55 22 33 42 59 0 47 37 7 45 28 43 26],[24 47 16 3 49 12 15 40 0 36 21 26 45 33 37 11 8 2 7 32 46 53 30 42 39 9 34 22 28 56 1 5 50 55 48 20 29 35 14 38 58 17 51 27 25 43 13 59 31 4 19 10 54 44 52 23 41 6 57 18],107218,109895
greedy/lipa60a,15,108379,107,16913,7469200,[9 59 13 4 39 42 47 0 34 30 19 20 49 45 33 54 40 46 28 8 22 5 12 38 26 58 53 11 2 18 51 31 43 24 25 6 15 48 29 37 55 52 1 32 7 44 3 10 56 50 35 27 14 41 23 57 16 21 17 36],[24 47 16 3 49 12 15 40 0 36 21 26 45 33 37 11 8 2 7 32 46 53 30 42 39 9 34 22 28 56 1 5 50 55 48 20 29 35 14 38 58 17 51 27 25 43 13 59 31 4 19 10 54 44 52 23 41 6 57 18],107218,110083
steepest/lipa60a,15,108362,37,67260,29440200,[16 9 23 1 7 37 54 48 44 15 56 26 58 55 22 38 10 3 59 49 40 42 25 41 46 24 57 32 12 5 51 31 21 19 13 4 34 50 39 20 45 6 52 27 35 53 11 18 29 33 30 8 47 28 0 36 2 17 43 14],[24 47 16 3 49 12 15 40 0 36 21 26 45 33 37 11 8 2 7 32 46 53 30 42 39 9 34 22 28 56 1 5 50 55 48 20 29 35 14 38 58 17 51 27 25 43 13 59 31 4 19 10 54 44 52 23 41 6 57 18],107218,110083
random/lipa60a,15,109608,2955,2955,29452500,[41 15 58 9 20 42 5 35 43 14 37 10 46 12 44 22 50 18 28 54 45 40 59 17 2 26 29 3 51 8 21 23 57 53 30 16 52 7 55 48 1 49 56 27 47 19 38 39 0 6 34 33 11 24 36 4 32 25 13 31],[24 47 16 3 49 12 15 40 0 36 21 26 45 33 37 11 8 2 7 32 46 53 30 42 39 9 34 22 28 56 1 5 50 55 48 20 29 35 14 38 58 17 51 27 25 43 13 59 31 4 19 10 54 44 52 23 41 6 57 18],107218,110083
randomWalk/lipa60a,15,110371,41790,41790,29776700,[53 12 29 0 16 49 42 39 8 19 38 7 24 36 3 21 44 31 28 50 22 40 4 46 33 17 23 6 1 37 26 25 2 51 14 55 10 9 11 57 30 32 45 48 56 34 15 18 59 52 43 58 5 13 54 35 47 20 41 27],[24 47 16 3 49 12 15 40 0 36 21 26 45 33 37 11 8 2 7 32 46 53 30 42 39 9 34 22 28 56 1 5 50 55 48 20 29 35 14 38 58 17 51 27 25 43 13 59 31 4 19 10 54 44 52 23 41 6 57 18],107218,110083
heuristic/lipa60a,15,109927,0,0,0,[2 15 51 12 14 30 49 1 50 44 20 52 25 6 23 35 32 19 29 13 17 21 10 34 5 46 54 36 16 8 4 58 57 53 38 39 11 27 9 3 40 24 48 18 41 31 56 55 22 33 42 59 0 47 37 7 45 28 43 26],[24 47 16 3 49 12 15 40 0 36 21 26 45 33 37 11 8 2 7 32 46 53 30 42 39 9 34 22 28 56 1 5 50 55 48 20 29 35 14 38 58 17 51 27 25 43 13 59 31 4 19 10 54 44 52 23 41 6 57 18],107218,110083
greedy/lipa60a,16,108223,109,17762,10079300,[59 49 32 23 0 25 35 14 36 29 52 8 26 56 58 38 5 42 47 53 1 15 11 48 10 50 34 40 41 16 13 33 18 3 51 55 57 2 4 22 9 44 54 12 43 46 20 17 19 6 37 28 24 21 7 27 30 45 31 39],[24 47 16 3 49 12 15 40 0 36 21 26 45 33 37 11 8 2 7 32 46 53 30 42 39 9 34 22 28 56 1 5 50 55 48 20 29 35 14 38 58 17 51 27 25 43 13 59 31 4 19 10 54 44 52 23 41 6 57 18],107218,110137
steepest/lipa60a,16,108495,34,61950,30765500,[32 1 14 34 25 50 36 4 54 7 35 46 26 55 31 20 38 11 53 24 15 0 44 8 56 58 6 40 37 27 19 52 47 51 41 42 57 17 12 33 59 22 43 23 49 29 18 48 2 13 21 9 39 16 5 30 10 45 28 3],[24 47 16 3 49 12 15 40 0 36 21 26 45 33 37 11 8 2 7 32 46 53 30 42 39 9 34 22 28 56 1 5 50 55 48 20 29 35 14 38 58 17 51 27 25 43 13 59 31 4 19 10 54 44 52 23 41 6 57 18],107218,110137
random/lipa60a,16,109613,4020,4020,31386600,[29 25 4 30 0 16 42 49 39 21 1 44 57 8 18 55 50 52 36 38 13 53 33 22 47 37 45 3 14 5 11 24 17 46 7 27 41 12 19 6 23 10 35 43 2 28 26 31 48 9 51 15 54 56 58 59 34 32 40 20],[24 47 16 3 49 12 15 40 0 36 21 26 45 33 37 11 8 2 7 32 46 53 30 42 39 9 34 22 28 56 1 5 50 55 48 20 29 35 14 38 58 17 51 27 25 43 13 59 31 4 19 10 54 44 52 23 41 6 57 18],107218,110137
randomWalk/lipa60a,16,110095,71017,71017,30790200,[51 52 17 28 47 30 46 34 44 42 57 59 39 2 11 16 8 13 33 22 27 56 3 19 1 37 31 38 24 20 26 41 54 32 43 15 48 36 7 12 29 40 0 35 18 5 21 55 45 14 49 58 6 10 25 50 53 9 4 23],[24 47 16 3 49 12 15 40 0 36 21 26 45 33 37 11 8 2 7 32 46 53 30 42 39 9 34 22 28 56 1 5 50 55 48 20 29 35 14 38 58 17 51 27 25 43 13 59 31 4 19 10 54 44 52 23 41 6 57 18],107218,110137
heuristic/lipa60a,16,109927,0,0,0,[2 15 51 12 14 30 49 1 50 44 20 52 25 6 23 35 32 19 29 13 17 21 10 34 5 46 54 36 16 8 4 58 57 53 38 39 11 27 9 3 40 24 48 18 41 31 56 55 22 33 42 59 0 47 37 7 45 28 43 26],[24 47 16 3 49 12 15 40 0 36 21 26 45 33 37 11 8 2 7 32 46 53 30 42 39 9 34 22 28 56 1 5 50 55 48 20 29 35 14 38 58 17 51 27 25 43 13 59 31 4 19 10 54 44 52 23 41 6 57 18],107218,110137
greedy/lipa60a,17,108364,98,11878,4554700,[26 13 7 35 53 11 40 51 23 41 3 0 25 4 46 19 17 33 42 37 43 22 55 29 58 27 14 48 54 6 59 31 5 8 21 49 57 32 38 34 9 10 50 18 47 2 36 39 15 52 12 28 56 20 24 16 30 45 44 1],[24 47 16 3 49 12 15 40 0 36 21 26 45 33 37 11 8 2 7 32 46 53 30 42 39 9 34 22 28 56 1 5 50 55 48 20 29 35 14 38 58 17 51 27 25 43 13 59 31 4 19 10 54 44 52 23 41 6 57 18],107218,110362
steepest/lipa60a,17,108357,40,72570,35862200,[45 11 42 14 56 37 58 59 43 38 0 23 53 13 31 55 20 25 3 33 28 22 17 2 29 24 34 30 47 26 51 21 50 7 57 35 5 8 46 9 44 6 1 10 19 54 27 15 32 12 16 49 48 4 39 52 36 41 18 40],[24 47 16 3 49 12 15 40 0 36 21 26 45 33 37 11 8 2 7 32 46 53 30 42 39 9 34 22 28 56 1 5 50 55 48 20 29 35 14 38 58 17 51 27 25 43 13 59 31 4 19 10 54 44 52 23 41 6 57 18],107218,110362
random/lipa60a,17,109632,2850,2850,35877700,[31 18 6 4 43 54 15 32 50 42 12 56 8 34 10 27 37 7 16 51 29 58 36 1 33 25 52 5 47 26 19 39 20 59 49 53 13 38 45 2 23 41 35 30 14 11 28 0 24 3 40 55 48 17 57 9 46 44 21 22],[24 47 16 3 49 12 15 40 0 36 21 26 45 33 37 11 8 2 7 32 46 53 30 42 39 9 34 22 28 56 1 5 50 55 48 20 29 35 14 38 58 17 51 27 25 43 13 59 31 4 19 10 54 44 52 23 41 6 57 18],107218,110362
randomWalk/lipa60a,17,109943,52319,52319,35875800,[18 12 56 52 44 58 42 8 57 15 53 4 51 27 55 9 2 37 40 45 36 25 34 10 33 20 38 54 29 41 31 46 14 3 30 39 43 50 17 19 28 22 16 35 49 23 5 13 7 26 21 11 59 47 32 24 48 0 1 6],[24 47 16 3 49 12 15 40 0 36 21 26 45 33 37 11 8 2 7 32 46 53 30 42 39 9 34 22 28 56 1 5 50 55 48 20 29 35 14 38 58 17 51 27 25 43 13 59 31 4 19 10 54 44 52 23 41 6 57 18],107218,110362
heuristic/lipa60a,17,109927,0,0,0,[2 15 51 12 14 30 49 1 50 44 20 52 25 6 23 35 32 19 29 13 17 21 10 34 5 46 54 36 16 8 4 58 57 53 38 39 11 27 9 3 40 24 48 18 41 31 56 55 22 33 42 59 0 47 37 7 45 28 43 26],[24 47 16 3 49 12 15 40 0 36 21 26 45 33 37 11 8 2 7 32 46 53 30 42 39 9 34 22 28 56 1 5 50 55 48 20 29 35 14 38 58 17 51 27 25 43 13 59 31 4 19 10 54 44 52 23 41 6 57 18],107218,110362
greedy/lipa60a,18,108326,79,10532,0,[6 32 37 42 16 17 34 54 9 2 25 26 30 59 28 56 5 48 31 21 27 12 38 49 15 44 33 3 40 39 29 4 8 52 53 23 13 55 24 10 36 41 19 20 46 11 0 57 51 7 14 50 22 35 45 43 18 47 58 1],[24 47 16 3 49 12 15 40 0 36 21 26 45 33 37 11 8 2 7 32 46 53 30 42 39 9 34 22 28 56 1 5 50 55 48 20 29 35 14 38 58 17 51 27 25 43 13 59 31 4 19 10 54 44 52 23 41 6 57 18],107218,109927
steepest/lipa60a,18,108401,33,60180,24490800,[6 54 1 46 37 42 12 4 26 2 44 48 57 59 40 56 36 50 8 34 51 33 39 9 3 38 30 0 17 55 5 20 24 32 43 25 53 31 15 11 14 45 52 7 49 10 41 29 18 47 21 23 22 35 19 28 13 16 58 27],[24 47 16 3 49 12 15 40 0 36 21 26 45 33 37 11 8 2 7 32 46 53 30 42 39 9 34 22 28 56 1 5 50 55 48 20 29 35 14 38 58 17 51 27 25 43 13 59 31 4 19 10 54 44 52 23 41 6 57 18],107218,109927
random/lipa60a,18,109617,2073,2073,24955300,[29 42 8 11 2 56 46 26 33 13 40 59 7 12 16 53 3 6 41 55 21 39 14 49 35 1 24 22 50 36 0 43 15 44 25 27 23 38 32 37 57 34 4 31 52 54 9 47 45 10 51 5 30 48 17 19 20 28 58 18],[24 47 16 3 49 12 15 40 0 36 21 26 45 33 37 11 8 2 7 32 46 53 30 42 39 9 34 22 28 56 1 5 50 55 48 20 29 35 14 38 58 17 51 27 25 43 13 59 31 4 19 10 54 44 52 23 41 6 57 18],107218,109927
randomWalk/lipa60a,18,110305,48190,48190,24524700,[49 39 14 7 27 1 57 28 46 6 40 3 43 44 37 31 10 30 11 16 45 23 36 17 35 15 53 26 21 55 54 0 8 12 5 4 25 34 52 59 47 32 22 50 9 58 51 2 19 29 42 13 33 48 24 18 41 38 56 20],[24 47 16 3 49 12 15 40 0 36 21 26 45 33 37 11 8 2 7 32 46 53 30 42 39 9 34 22 28 56 1 5 50 55 48 20 29 35 14 38 58 17 51 27 25 43 13 59 31 4 19 10 54 44 52 23 41 6 57 18],107218,109927
heuristic/lipa60a,18,109927,0,0,0,[2 15 51 12 14 30 49 1 50 44 20 52 25 6 23 35 32 19 29 13 17 21 10 34 5 46 54 36 16 8 4 58 57 53 38 39 11 27 9 3 40 24 48 18 41 31 56 55 22 33 42 59 0 47 37 7 45 28 43 26],[24 47 16 3 49 12 15 40 0 36 21 26 45 33 37 11 8 2 7 32 46 53 30 42 39 9 34 22 28 56 1 5 50 55 48 20 29 35 14 38 58 17 51 27 25 43 13 59 31 4 19 10 54 44 52 23 41 6 57 18],107218,109927
greedy/lipa60a,19,108304,97,16861,9760700,[48 41 13 51 43 10 28 17 21 4 33 44 49 58 50 2 1 37 46 42 57 9 27 30 0 34 12 19 15 55 8 35 11 53 38 39 6 31 40 16 56 5 18 59 47 24 32 45 25 20 22 36 54 14 23 52 26 29 7 3],[24 47 16 3 49 12 15 40 0 36 21 26 45 33 37 11 8 2 7 32 46 53 30 42 39 9 34 22 28 56 1 5 50 55 48 20 29 35 14 38 58 17 51 27 25 43 13 59 31 4 19 10 54 44 52 23 41 6 57 18],107218,110110
steepest/lipa60a,19,108327,36,65490,29900100,[9 18 56 41 42 28 51 33 5 17 44 55 49 21 52 54 24 6 34 59 1 23 11 12 32 27 43 15 4 30 36 38 47 26 58 48 16 46 53 0 35 29 40 13 37 8 50 25 3 45 22 2 20 10 14 39 19 31 7 57],[24 47 16 3 49 12 15 40 0 36 21 26 45 33 37 11 8 2 7 32 46 53 30 42 39 9 34 22 28 56 1 5 50 55 48 20 29 35 14 38 58 17 51 27 25 43 13 59 31 4 19 10 54 44 52 23 41 6 57 18],107218,110110
random/lipa60a,19,109593,4190,4190,31479200,[19 59 5 38 40 3 41 43 24 9 21 39 22 37 25 23 51 58 13 35 6 20 8 49 4 10 36 11 30 48 26 15 29 28 54 1 12 27 52 2 33 32 44 0 55 17 31 47 45 18 16 46 50 14 34 53 42 57 56 7],[24 47 16 3 49 12 15 40 0 36 21 26 45 33 37 11 8 2 7 32 46 53 30 42 39 9 34 22 28 56 1 5 50 55 48 20 29 35 14 38 58 17 51 27 25 43 13 59 31 4 19 10 54 44 52 23 41 6 57 18],107218,110110
randomWalk/lipa60a,19,110148,66599,66599,30084600,[11 43 58 3 27 34 9 52 12 37 1 19 33 28 36 22 4 46 32 20 14 54 16 42 6 2 41 57 39 55 35 31 50 23 40 56 10 44 45 13 53 7 29 24 8 38 48 47 59 0 30 25 26 15 21 17 51 5 49 18],[24 47 16 3 49 12 15 40 0 36 21 26 45 33 37 11 8 2 7 32 46 53 30 42 39 9 34 22 28 56 1 5 50 55 48 20 29 35 14 38 58 17 51 27 25 43 13 59 31 4 19 10 54 44 52 23 41 6 57 18],107218,110110
heuristic/lipa60a,19,109927,0,0,0,[2 15 51 12 14 30 49 1 50 44 20 52 25 6 23 35 32 19 29 13 17 21 10 34 5 46 54 36 16 8 4 58 57 53 38 39 11 27 9 3 40 24 48 18 41 31 56 55 22 33 42 59 0 47 37 7 45 28 43 26],[24 47 16 3 49 12 15 40 0 36 21 26 45 33 37 11 8 2 7 32 46 53 30 42 39 9 34 22 28 56 1 5 50 55 48 20 29 35 14 38 58 17 51 27 25 43 13 59 31 4 19 10 54 44 52 23 41 6 57 18],107218,110110
greedy/lipa60a,20,108318,104,9240,3671500,[28 26 25 34 50 30 49 46 7 16 58 15 37 1 11 33 5 8 12 56 31 21 10 41 29 2 14 24 23 3 48 20 18 52 19 53 0 42 38 22 55 6 43 39 44 9 59 57 40 4 47 54 27 36 45 13 51 32 17 35],[24 47 16 3 49 12 15 40 0 36 21 26 45 33 37 11 8 2 7 32 46 53 30 42 39 9 34 22 28 56 1 5 50 55 48 20 29 35 14 38 58 17 51 27 25 43 13 59 31 4 19 10 54 44 52 23 41 6 57 18],107218,110152
steepest/lipa60a,20,108512,32,58410,26291000,[30 41 50 43 48 28 2 20 49 56 42 26 37 7 13 11 0 35 25 32 51 52 23 9 14 39 40 12 27 55 16 34 53 4 44 46 59 36 8 33 29 22 47 10 54 45 18 57 19 3 21 6 58 38 15 1 24 5 17 31],[24 47 16 3 49 12 15 40 0 36 21 26 45 33 37 11 8 2 7 32 46 53 30 42 39 9 34 22 28 56 1 5 50 55 48 20 29 35 14 38 58 17 51 27 25 43 13 59 31 4 19 10 54 44 52 23 41 6 57 18],107218,110152
random/lipa60a,20,109618,3368,3368,30951500,[6 33 12 41 48 59 32 22 40 38 57 27 39 3 43 54 2 8 20 7 24 16 36 55 37 17 31 51 56 29 21 35 34 23 45 11 10 0 47 49 18 28 4 52 5 26 53 50 14 44 42 30 25 15 58 46 1 13 9 19],[24 47 16 3 49 12 15 40 0 36 21 26 45 33 37 11 8 2 7 32 46 53 30 42 39 9 34 22 28 56 1 5 50 55 48 20 29 35 14 38 58 17 51 27 25 43 13 59 31 4 19 10 54 44 52 23 41 6 57 18],107218,110152
randomWalk/lipa60a,20,110312,48353,48353,26543000,[8 54 30 35 10 14 15 23 13 49 56 18 38 52 22 58 42 45 48 41 26 33 31 59 32 53 16 43 29 19 12 51 11 47 3 46 50 40 17 39 34 28 5 25 20 2 21 9 44 27 6 7 36 24 57 37 4 55 0 1],[24 47 16 3 49 12 15 40 0 36 21 26 45 33 37 11 8 2 7 32 46 53 30 42 39 9 34 22 28 56 1 5 50 55 48 20 29 35 14 38 58 17 51 27 25 43 13 59 31 4 19 10 54 44 52 23 41 6 57 18],107218,110152
heuristic/lipa60a,20,109927,0,0,0,[2 15 51 12 14 30 49 1 50 44 20 52 25 6 23 35 32 19 29 13 17 21 10 34 5 46 54 36 16 8 4 58 57 53 38 39 11 27 9 3 40 24 48 18 41 31 56 55 22 33 42 59 0 47 37 7 45 28 43 26],[24 47 16 3 49 12 15 40 0 36 21 26 45 33 37 11 8 2 7 32 46 53 30 42 39 9 34 22 28 56 1 5 50 55 48 20 29 35 14 38 58 17 51 27 25 43 13 59 31 4 19 10 54 44 52 23 41 6 57 18],107218,110152
greedy/sko100a,1,154576,500,113352,138043500,[34 49 11 9 82 61 38 23 79 26 2 20 13 12 94 15 78 4 10 36 44 98 45 53 56 8 24 62 70 14 75 35 1 33 60 31 21 76 74 87 6 81 69 63 3 59 29 96 46 57 47 37 80 99 55 67 30 58 92 27 52 71 66 93 51 97 7 41 73 32 91 40 42 25 68 18 95 83 65 5 28 50 48 39 22 84 88 72 89 64 16 43 19 54 0 85 86 77 90 17],[64 82 10 32 70 96 0 77 36 17 38 4 12 54 73 94 24 62 78 90 26 79 53 93 74 30 42 13 76 5 87 61 15 51 3 21 31 33 56 14 59 8 85 97 95 88 18 48 1 27 41 58 67 7 92 55 80 81 83 86 9 23 39 66 84 29 72 50 68 19 57 69 65 99 25 46 98 45 63 89 44 49 11 71 60 37 91 35 52 40 2 34 20 28 22 47 43 6 75 16],152002,178700
steepest/sko100a,1,156078,120,598950,569817300,[20 16 1 40 52 17 90 27 78 48 36 82 49 70 41 96 4 24 38 14 75 19 84 47 23 92 51 66 15 93 77 11 63 60 13 62 56 31 76 10 35 0 95 45 68 91 80 59 12 42 81 8 29 50 83 88 39 97 71 67 6 98 94 53 25 55 3 30 18 5 43 44 69 46 99 54 37 58 85 89 34 61 22 33 72 74 79 21 7 65 2 64 57 28 9 73 26 86 87 32],[64 82 10 32 70 96 0 77 36 17 38 4 12 54 73 94 24 62 78 90 26 79 53 93 74 30 42 13 76 5 87 61 15 51 3 21 31 33 56 14 59 8 85 97 95 88 18 48 1 27 41 58 67 7 92 55 80 81 83 86 9 23 39 66 84 29 72 50 68 19 57 69 65 99 25 46 98 45 63 89 44 49 11 71 60 37 91 35 52 40 2 34 20 28 22 47 43 6 75 16],152002,178700
random/sko100a,1,173570,19905,19905,571935500,[51 89 63 17 59 52 66 25 16 2 44 86 87 56 96 39 24 92 62 75 70 98 57 72 12 1 38 47 91 69 41 84 71 19 88 31 21 74 34 11 60 22 93 68 20 54 58 33 53 73 85 61 4 94 55 27 15 40 29 64 23 5 9 90 97 48 46 26 67 35 65 77 83 30 81 82 95 13 18 45 3 28 32 14 80 49 78 42 76 7 36 99 6 10 43 8 79 50 0 37],[64 82 10 32 70 96 0 77 36 17 38 4 12 54 73 94 24 62 78 90 26 79 53 93 74 30 42 13 76 5 87 61 15 51 3 21 31 33 56 14 59 8 85 97 95 88 18 48 1 27 41 58 67 7 92 55 80 81 83 86 9 23 39 66 84 29 72 50 68 19 57 69 65 99 25 46 98 45 63 89 44 49 11 71 60 37 91 35 52 40 2 34 20 28 22 47 43 6 75 16],152002,178700
randomWalk/sko100a,1,179414,671708,671708,570387400,[56 40 0 31 18 98 87 76 52 27 66 38 26 7 45 86 11 75 60 72 73 23 64 6 33 51 46 88 53 97 1 74 22 65 3 43 57 68 55 19 58 10 50 32 95 84 12 16 80 96 59 28 17 34 90 15 81 39 83 70 71 13 93 94 69 9 54 61 77 92 47 14 36 85 78 20 35 41 4 30 8 48 63 25 89 49 82 42 2 21 24 99 37 67 44 29 91 79 62 5],[64 82 10 32 70 96 0 77 36 17 38 4 12 54 73 94 24 62 78 90 26 79 53 93 74 30 42 13 76 5 87 61 15 51 3 21 31 33 56 14 59 8 85 97 95 88 18 48 1 27 41 58 67 7 92 55 80 81 83 86 9 23 39 66 84 29 72 50 68 19 57 69 65 99 25 46 98 45 63 89 44 49 11 71 60 37 91 35 52 40 2 34 20 28 22 47 43 6 75 16],152002,178700
heuristic/sko100a,1,171862,0,0,0,[64 26 89 5 70 41 20 28 48 77 14 96 27 49 33 59 81 12 75 43 38 42 85 51 21 80 18 72 22 0 7 88 1 3 84 56 95 8 73 44 92 23 37 45 74 25 30 39 91 65 54 29 53 31 15 97 55 4 68 40 79 61 24 13 99 60 46 62 93 50 87 78 83 66 67 63 47 94 10 34 32 19 52 58 98 76 71 35 90 57 17 36 6 16 82 11 69 9 86 2],[64 82 10 32 70 96 0 77 36 17 38 4 12 54 73 94 24 62 78 90 26 79 53 93 74 30 42 13 76 5 87 61 15 51 3 21 31 33 56 14 59 8 85 97 95 88 18 48 1 27 41 58 67 7 92 55 80 81 83 86 9 23 39 66 84 29 72 50 68 19 57 69 65 99 25 46 98 45 63 89 44 49 11 71 60 37 91 35 52 40 2 34 20 28 22 47 43 6 75 16],152002,178700
greedy/sko100a,2,155000,512,199010,168846500,[86 36 49 7 85 18 78 82 38 64 32 70 41 67 58 10 15 8 61 77 14 93 20 66 97 88 51 4 23 79 83 73 53 74 30 21 92 54 12 26 87 13 95 68 3 55 60 31 11 28 16 40 48 80 39 47 25 62 84 22 19 76 1 33 72 24 29 56 94 9 5 35 42 99 91 37 45 96 98 43 90 27 69 50 46 63 6 59 34 57 17 52 81 65 71 89 75 0 44 2],[64 82 10 32 70 96 0 77 36 17 38 4 12 54 73 94 24 62 78 90 26 79 53 93 74 30 42 13 76 5 87 61 15 51 3 21 31 33 56 14 59 8 85 97 95 88 18 48 1 27 41 58 67 7 92 55 80 81 83 86 9 23 39 66 84 29 72 50 68 19 57 69 65 99 25 46 98 45 63 89 44 49 11 71 60 37 91 35 52 40 2 34 20 28 22 47 43 6 75 16],152002,176174
steepest/sko100a,2,154152,133,663300,516651900,[36 70 32 78 82 12 10 77 38 64 17 87 93 49 41 15 4 96 61 26 90 20 74 53 95 51 8 54 23 79 86 14 67 24 97 85 59 3 73 57 83 88 7 18 31 21 39 55 92 9 72 0 33 30 66 58 84 94 98 44 5 65 76 62 56 99 29 60 11 28 40 27 13 45 71 46 25 37 22 52 16 19 81 80 50 68 63 47 91 75 48 35 1 42 69 89 43 6 34 2],[64 82 10 32 70 96 0 77 36 17 38 4 12 54 73 94 24 62 78 90 26 79 53 93 74 30 42 13 76 5 87 61 15 51 3 21 31 33 56 14 59 8 85 97 95 88 18 48 1 27 41 58 67 7 92 55 80 81 83 86 9 23 39 66 84 29 72 50 68 19 57 69 65 99 25 46 98 45 63 89 44 49 11 71 60 37 91 35 52 40 2 34 20 28 22 47 43 6 75 16],152002,176174
random/sko100a,2,172732,15421,15421,518301000,[29 34 6 61 12 58 49 59 68 35 19 30 41 92 36 22 16 32 99 76 63 79 46 94 45 26 20 82 57 2 11 96 70 80 91 53 48 81 78 84 52 23 90 4 56 31 39 93 89 44 87 0 60 15 86 47 65 25 7 73 27 62 51 72 50 66 88 42 95 69 10 98 55 9 40 97 13 37 28 64 77 38 85 54 75 3 14 24 21 18 5 43 17 67 71 1 74 33 83 8],[64 82 10 32 70 96 0 77 36 17 38 4 12 54 73 94 24 62 78 90 26 79 53 93 74 30 42 13 76 5 87 61 15 51 3 21 31 33 56 14 59 8 85 97 95 88 18 48 1 27 41 58 67 7 92 55 80 81 83 86 9 23 39 66 84 29 72 50 68 19 57 69 65 99 25 46 98 45 63 89 44 49 11 71 60 37 91 35 52 40 2 34 20 28 22 47 43 6 75 16],152002,176174
randomWalk/sko100a,2,177972,404501,404501,517593700,[11 25 96 23 26 33 12 72 3 78 49 82 1 81 86 40 21 77 85 10 13 29 64 28 66 45 65 60 7 63 15 80 22 56 43 52 18 30 84 37 89 58 41 88 92 79 93 70 38 42 39 6 87 71 27 53 35 55 95 62 34 69 9 54 90 44 97 76 16 98 19 50 20 67 14 68 83 94 47 36 32 73 2 99 75 61 91 51 4 57 17 5 8 24 59 48 31 46 74 0],[64 82 10 32 70 96 0 77 36 17 38 4 12 54 73 94 24 62 78 90 26 79 53 93 74 30 42 13 76 5 87 61 15 51 3 21 31 33 56 14 59 8 85 97 95 88 18 48 1 27 41 58 67 7 92 55 80 81 83 86 9 23 39 66 84 29 72 50 68 19 57 69 65 99 25 46 98 45 63 89 44 49 11 71 60 37 91 35 52 40 2 34 20 28 22 47 43 6 75 16],152002,176174
heuristic/sko100a,2,171862,0,0,0,[64 26 89 5 70 41 20 28 48 77 14 96 27 49 33 59 81 12 75 43 38 42 85 51 21 80 18 72 22 0 7 88 1 3 84 56 95 8 73 44 92 23 37 45 74 25 30 39 91 65 54 29 53 31 15 97 55 4 68 40 79 61 24 13 99 60 46 62 93 50 87 78 83 66 67 63 47 94 10 34 32 19 52 58 98 76 71 35 90 57 17 36 6 16 82 11 69 9 86 2],[64 82 10 32 70 96 0 77 36 17 38 4 12 54 73 94 24 62 78 90 26 79 53 93 74 30 42 13 76 5 87 61 15 51 3 21 31 33 56 14 59 8 85 97 95 88 18 48 1 27 41 58 67 7 92 55 80 81 83 86 9 23 39 66 84 29 72 50 68 19 57 69 65 99 25 46 98 45 63 89 44 49 11 71 60 37 91 35 52 40 2 34 20 28 22 47 43 6 75 16],152002,176174
greedy/sko100a,3,155800,516,126171,102924400,[48 16 43 35 6 11 52 75 34 28 19 1 98 40 68 60 83 47 22 44 93 20 66 39 25 72 88 23 49 9 70 36 13 84 15 29 95 8 41 79 82 62 18 51 85 67 74 92 61 2 78 24 31 56 97 45 14 55 38 4 0 96 30 3 27 46 50 53 81 26 42 76 80 37 99 58 33 21 69 87 32 94 12 59 7 63 5 10 73 57 17 77 71 54 89 65 90 91 86 64],[64 82 10 32 70 96 0 77 36 17 38 4 12 54 73 94 24 62 78 90 26 79 53 93 74 30 42 13 76 5 87 61 15 51 3 21 31 33 56 14 59 8 85 97 95 88 18 48 1 27 41 58 67 7 92 55 80 81 83 86 9 23 39 66 84 29 72 50 68 19 57 69 65 99 25 46 98 45 63 89 44 49 11 71 60 37 91 35 52 40 2 34 20 28 22 47 43 6 75 16],152002,177148
steepest/sko100a,3,154094,136,678150,538371300,[17 57 64 86 14 27 96 5 90 77 70 78 82 9 36 56 72 83 62 19 38 24 10 4 41 94 63 23 89 26 32 76 87 21 46 30 29 88 73 43 0 59 31 18 58 55 3 74 53 79 12 15 61 85 97 95 84 8 22 54 93 60 51 65 7 66 98 33 92 28 42 11 13 25 67 68 39 80 45 16 20 1 49 71 99 50 91 81 6 34 48 52 44 37 69 40 47 35 75 2],[64 82 10 32 70 96 0 77 36 17 38 4 12 54 73 94 24 62 78 90 26 79 53 93 74 30 42 13 76 5 87 61 15 51 3 21 31 33 56 14 59 8 85 97 95 88 18 48 1 27 41 58 67 7 92 55 80 81 83 86 9 23 39 66 84 29 72 50 68 19 57 69 65 99 25 46 98 45 63 89 44 49 11 71 60 37 91 35 52 40 2 34 20 28 22 47 43 6 75 16],152002,177148
random/sko100a,3,173576,19473,19473,538379700,[40 10 51 66 98 2 9 53 62 77 26 49 19 41 94 24 54 57 36 45 29 67 75 55 59 35 15 30 18 84 95 20 43 92 37 0 68 93 56 44 72 39 1 48 65 34 46 23 47 52 38 97 96 63 71 91 83 12 76 60 61 3 16 58 25 31 7 21 82 8 64 5 74 80 73 79 28 81 99 17 86 27 69 90 6 22 89 50 4 14 87 85 70 13 33 42 11 32 88 78],[64 82 10 32 70 96 0 77 36 17 38 4 12 54 73 94 24 62 78 90 26 79 53 93 74 30 42 13 76 5 87 61 15 51 3 21 31 33 56 14 59 8 85 97 95 88 18 48 1 27 41 58 67 7 92 55 80 81 83 86 9 23 39 66 84 29 72 50 68 19 57 69 65 99 25 46 98 45 63 89 44 49 11 71 60 37 91 35 52 40 2 34 20 28 22 47 43 6 75 16],152002,177148
randomWalk/sko100a,3,175558,529063,529063,540131800,[88 98 18 55 23 38 37 15 34 12 87 41 35 10 63 61 47 91 1 72 85 9 83 17 33 13 76 36 28 96 59 22 19 4 97 65 81 67 11 57 29 69 49 62 93 44 79 92 77 56 46 58 70 7 90 78 74 30 84 32 82 94 68 73 50 60 51 24 64 42 95 40 39 31 53 75 8 27 43 99 66 3 71 52 25 5 2 6 54 0 21 80 86 16 14 48 20 89 26 45],[64 82 10 32 70 96 0 77 36 17 38 4 12 54 73 94 24 62 78 90 26 79 53 93 74 30 42 13 76 5 87 61 15 51 3 21 31 33 56 14 59 8 85 97 95 88 18 48 1 27 41 58 67 7 92 55 80 81 83 86 9 23 39 66 84 29 72 50 68 19 57 69 65 99 25 46 98 45 63 89 44 49 11 71 60 37 91 35 52 40 2 34 20 28 22 47 43 6 75 16],152002,177148
heuristic/sko100a,3,171862,0,0,0,[64 26 89 5 70 41 20 28 48 77 14 96 27 49 33 59 81 12 75 43 38 42 85 51 21 80 18 72 22 0 7 88 1 3 84 56 95 8 73 44 92 23 37 45 74 25 30 39 91 65 54 29 53 31 15 97 55 4 68 40 79 61 24 13 99 60 46 62 93 50 87 78 83 66 67 63 47 94 10 34 32 19 52 58 98 76 71 35 90 57 17 36 6 16 82 11 69 9 86 2],[64 82 10 32 70 96 0 77 36 17 38 4 12 54 73 94 24 62 78 90 26 79 53 93 74 30 42 13 76 5 87 61 15 51 3 21 31 33 56 14 59 8 85 97 95 88 18 48 1 27 41 58 67 7 92 55 80 81 83 86 9 23 39 66 84 29 72 50 68 19 57 69 65 99 25 46 98 45 63 89 44 49 11 71 60 37 91 35 52 40 2 34 20 28 22 47 43 6 75 16],152002,177148
greedy/sko100a,4,154522,552,182162,181910500,[32 42 69 48 37 40 35 44 75 2 89 7 71 80 68 66 19 91 47 43 86 58 99 39 50 63 98 83 28 16 65 76 46 30 13 72 45 62 52 6 87 21 59 31 25 29 3 60 22 11 85 67 93 97 18 84 55 88 92 34 14 33 74 15 51 95 81 8 4 61 27 79 12 20 1 49 56 23 78 26 5 53 54 24 10 41 90 38 17 96 57 73 9 0 94 36 70 82 64 77],[64 82 10 32 70 96 0 77 36 17 38 4 12 54 73 94 24 62 78 90 26 79 53 93 74 30 42 13 76 5 87 61 15 51 3 21 31 33 56 14 59 8 85 97 95 88 18 48 1 27 41 58 67 7 92 55 80 81 83 86 9 23 39 66 84 29 72 50 68 19 57 69 65 99 25 46 98 45 63 89 44 49 11 71 60 37 91 35 52 40 2 34 20 28 22 47 43 6 75 16],152002,178974
steepest/sko100a,4,154992,140,697950,658889500,[2 69 6 59 99 37 32 44 75 57 89 35 46 42 58 71 21 47 40 28 7 80 50 39 68 76 31 91 63 86 65 81 45 13 98 3 66 55 33 52 43 49 10 12 97 0 30 60 94 73 5 67 85 93 25 18 29 83 19 87 14 74 27 53 95 62 84 88 72 22 34 20 15 11 1 56 24 92 54 16 26 79 61 51 8 4 23 41 9 64 77 36 38 48 82 78 70 96 90 17],[64 82 10 32 70 96 0 77 36 17 38 4 12 54 73 94 24 62 78 90 26 79 53 93 74 30 42 13 76 5 87 61 15 51 3 21 31 33 56 14 59 8 85 97 95 88 18 48 1 27 41 58 67 7 92 55 80 81 83 86 9 23 39 66 84 29 72 50 68 19 57 69 65 99 25 46 98 45 63 89 44 49 11 71 60 37 91 35 52 40 2 34 20 28 22 47 43 6 75 16],152002,178974
random/sko100a,4,173056,21430,21430,660165700,[57 98 73 60 84 68 23 49 19 48 86 87 47 32 8 1 38 30 31 93 70 53 66 51 65 25 15 40 67 41 77 28 5 46 99 54 7 58 35 62 0 45 12 91 69 92 83 78 11 88 4 43 36 55 95 97 56 20 50 63 13 94 34 96 82 42 29 24 61 2 44 89 18 72 27 39 81 74 59 16 22 80 37 26 3 33 85 76 10 9 79 17 64 21 14 6 75 90 52 71],[64 82 10 32 70 96 0 77 36 17 38 4 12 54 73 94 24 62 78 90 26 79 53 93 74 30 42 13 76 5 87 61 15 51 3 21 31 33 56 14 59 8 85 97 95 88 18 48 1 27 41 58 67 7 92 55 80 81 83 86 9 23 39 66 84 29 72 50 68 19 57 69 65 99 25 46 98 45 63 89 44 49 11 71 60 37 91 35 52 40 2 34 20 28 22 47 43 6 75 16],152002,178974
randomWalk/sko100a,4,180122,765108,765108,663267500,[54 96 30 78 97 79 51 67 11 3 57 25 85 45 72 65 71 69 12 31 62 95 75 10 73 87 43 35 56 1 4 88 66 86 29 53 0 9 47 83 76 8 17 46 33 77 5 92 52 74 27 37 39 14 7 50 68 58 81 59 84 60 15 99 18 63 61 36 98 64 70 19 2 42 34 16 89 55 94 13 49 32 48 23 21 22 90 38 41 28 80 24 40 82 26 6 44 91 93 20],[64 82 10 32 70 96 0 77 36 17 38 4 12 54 73 94 24 62 78 90 26 79 53 93 74 30 42 13 76 5 87 61 15 51 3 21 31 33 56 14 59 8 85 97 95 88 18 48 1 27 41 58 67 7 92 55 80 81 83 86 9 23 39 66 84 29 72 50 68 19 57 69 65 99 25 46 98 45 63 89 44 49 11 71 60 37 91 35 52 40 2 34 20 28 22 47 43 6 75 16],152002,178974
heuristic/sko100a,4,171862,0,0,0,[64 26 89 5 70 41 20 28 48 77 14 96 27 49 33 59 81 12 75 43 38 42 85 51 21 80 18 72 22 0 7 88 1 3 84 56 95 8 73 44 92 23 37 45 74 25 30 39 91 65 54 29 53 31 15 97 55 4 68 40 79 61 24 13 99 60 46 62 93 50 87 78 83 66 67 63 47 94 10 34 32 19 52 58 98 76 71 35 90 57 17 36 6 16 82 11 69 9 86 2],[64 82 10 32 70 96 0 77 36 17 38 4 12 54 73 94 24 62 78 90 26 79 53 93 74 30 42 13 76 5 87 61 15 51 3 21 31 33 56 14 59 8 85 97 95 88 18 48 1 27 41 58 67 7 92 55 80 81 83 86 9 23 39 66 84 29 72 50 68 19 57 69 65 99 25 46 98 45 63 89 44 49 11 71 60 37 91 35 52 40 2 34 20 28 22 47 43 6 75 16],152002,178974
greedy/sko100a,5,155968,530,62183,62171900,[75 49 20 11 6 34 61 38 2 64 52 44 47 28 60 25 23 82 9 57 92 41 65 93 51 15 8 4 79 26 40 67 71 95 66 29 84 81 53 27 7 85 58 97 99 46 72 74 30 36 91 18 37 50 98 45 13 0 10 89 16 68 55 39 59 3 88 12 54 43 86 1 35 83 63 22 80 33 94 77 48 78 76 42 31 21 56 62 73 5 17 19 24 14 69 87 96 70 32 90],[64 82 10 32 70 96 0 77 36 17 38 4 12 54 73 94 24 62 78 90 26 79 53 93 74 30 42 13 76 5 87 61 15 51 3 21 31 33 56 14 59 8 85 97 95 88 18 48 1 27 41 58 67 7 92 55 80 81 83 86 9 23 39 66 84 29 72 50 68 19 57 69 65 99 25 46 98 45 63 89 44 49 11 71 60 37 91 35 52 40 2 34 20 28 22 47 43 6 75 16],152002,179928
steepest/sko100a,5,156210,120,598950,595060400,[77 90 17 19 6 96 98 52 75 34 43 16 26 63 69 80 3 81 35 2 70 0 46 1 45 20 22 11 49 44 36 82 62 56 13 78 61 4 38 23 89 54 72 53 25 93 60 47 40 91 28 83 74 51 99 84 8 37 88 79 64 50 95 68 97 85 18 55 41 92 14 9 27 39 58 31 15 21 67 7 10 12 24 33 59 66 71 65 86 48 5 94 57 76 42 30 29 87 73 32],[64 82 10 32 70 96 0 77 36 17 38 4 12 54 73 94 24 62 78 90 26 79 53 93 74 30 42 13 76 5 87 61 15 51 3 21 31 33 56 14 59 8 85 97 95 88 18 48 1 27 41 58 67 7 92 55 80 81 83 86 9 23 39 66 84 29 72 50 68 19 57 69 65 99 25 46 98 45 63 89 44 49 11 71 60 37 91 35 52 40 2 34 20 28 22 47 43 6 75 16],152002,179928
random/sko100a,5,172634,19703,19703,597412000,[82 90 4 95 60 89 9 53 81 86 50 31 13 38 73 0 79 80 87 77 54 25 22 92 24 51 17 45 41 72 28 78 23 94 96 12 18 70 33 85 71 30 34 21 57 49 62 64 93 1 40 20 63 16 3 67 35 97 46 14 39 55 15 47 91 61 68 36 26 69 6 37 75 56 48 19 42 52 65 2 10 29 8 88 59 7 66 84 43 76 32 58 11 99 98 27 74 44 83 5],[64 82 10 32 70 96 0 77 36 17 38 4 12 54 73 94 24 62 78 90 26 79 53 93 74 30 42 13 76 5 87 61 15 51 3 21 31 33 56 14 59 8 85 97 95 88 18 48 1 27 41 58 67 7 92 55 80 81 83 86 9 23 39 66 84 29 72 50 68 19 57 69 65 99 25 46 98 45 63 89 44 49 11 71 60 37 91 35 52 40 2 34 20 28 22 47 43 6 75 16],152002,179928
randomWalk/sko100a,5,177574,558877,558877,595908400,[30 2 33 0 91 17 83 18 55 22 26 39 74 70 3 87 62 42 99 7 98 67 80 47 48 35 85 96 66 56 19 60 84 25 76 73 44 46 8 6 40 68 12 61 31 92 10 21 4 16 69 93 89 27 45 64 14 20 49 79 41 95 1 28 94 53 77 51 43 54 63 36 71 65 38 23 58 81 97 75 78 9 32 86 13 52 29 88 15 57 34 5 11 50 90 82 24 72 37 59],[64 82 10 32 70 96 0 77 36 17 38 4 12 54 73 94 24 62 78 90 26 79 53 93 74 30 42 13 76 5 87 61 15 51 3 21 31 33 56 14 59 8 85 97 95 88 18 48 1 27 41 58 67 7 92 55 80 81 83 86 9 23 39 66 84 29 72 50 68 19 57 69 65 99 25 46 98 45 63 89 44 49 11 71 60 37 91 35 52 40 2 34 20 28 22 47 43 6 75 16],152002,179928
heuristic/sko100a,5,171862,0,0,508500,[64 26 89 5 70 41 20 28 48 77 14 96 27 49 33 59 81 12 75 43 38 42 85 51 21 80 18 72 22 0 7 88 1 3 84 56 95 8 73 44 92 23 37 45 74 25 30 39 91 65 54 29 53 31 15 97 55 4 68 40 79 61 24 13 99 60 46 62 93 50 87 78 83 66 67 63 47 94 10 34 32 19 52 58 98 76 71 35 90 57 17 36 6 16 82 11 69 9 86 2],[64 82 10 32 70 96 0 77 36 17 38 4 12 54 73 94 24 62 78 90 26 79 53 93 74 30 42 13 76 5 87 61 15 51 3 21 31 33 56 14 59 8 85 97 95 88 18 48 1 27 41 58 67 7 92 55 80 81 83 86 9 23 39 66 84 29 72 50 68 19 57 69 65 99 25 46 98 45 63 89 44 49 11 71 60 37 91 35 52 40 2 34 20 28 22 47 43 6 75 16],152002,179928
greedy/sko100a,6,154914,548,105848,124000500,[44 69 6 20 35 98 19 43 34 2 75 49 11 65 80 45 81 61 92 77 22 47 93 25 67 84 0 53 8 36 89 37 60 85 18 46 13 38 23 70 41 99 68 97 7 95 1 78 74 82 58 32 51 55 3 15 30 4 79 26 87 66 12 21 88 29 94 73 10 96 57 59 42 39 31 24 76 56 62 14 28 71 52 91 63 50 33 54 83 64 9 40 48 86 16 72 27 90 5 17],[64 82 10 32 70 96 0 77 36 17 38 4 12 54 73 94 24 62 78 90 26 79 53 93 74 30 42 13 76 5 87 61 15 51 3 21 31 33 56 14 59 8 85 97 95 88 18 48 1 27 41 58 67 7 92 55 80 81 83 86 9 23 39 66 84 29 72 50 68 19 57 69 65 99 25 46 98 45 63 89 44 49 11 71 60 37 91 35 52 40 2 34 20 28 22 47 43 6 75 16],152002,181584
steepest/sko100a,6,155510,98,490050,426862300,[64 32 49 93 85 7 67 14 86 36 82 70 41 66 97 58 8 61 98 77 38 78 51 31 18 68 95 40 83 22 87 23 15 92 21 60 25 11 19 34 44 4 10 55 47 99 88 56 45 28 0 20 53 30 37 13 74 84 62 2 26 79 12 54 3 33 39 80 35 43 9 24 94 73 76 1 72 50 81 16 57 59 96 48 42 69 46 27 5 89 17 90 75 52 91 71 65 29 63 6],[64 82 10 32 70 96 0 77 36 17 38 4 12 54 73 94 24 62 78 90 26 79 53 93 74 30 42 13 76 5 87 61 15 51 3 21 31 33 56 14 59 8 85 97 95 88 18 48 1 27 41 58 67 7 92 55 80 81 83 86 9 23 39 66 84 29 72 50 68 19 57 69 65 99 25 46 98 45 63 89 44 49 11 71 60 37 91 35 52 40 2 34 20 28 22 47 43 6 75 16],152002,181584
random/sko100a,6,173122,13234,13234,429830500,[71 59 47 38 12 58 17 90 91 41 16 85 79 66 80 97 20 3 40 81 60 52 43 86 44 29 13 26 75 22 87 49 9 46 32 23 42 50 69 55 68 84 95 14 99 21 30 11 96 2 51 34 37 65 76 7 6 1 48 73 15 82 57 61 4 88 89 19 63 28 10 27 36 53 77 74 45 62 24 31 54 35 56 25 67 92 72 94 0 70 64 8 5 78 18 33 98 83 39 93],[64 82 10 32 70 96 0 77 36 17 38 4 12 54 73 94 24 62 78 90 26 79 53 93 74 30 42 13 76 5 87 61 15 51 3 21 31 33 56 14 59 8 85 97 95 88 18 48 1 27 41 58 67 7 92 55 80 81 83 86 9 23 39 66 84 29 72 50 68 19 57 69 65 99 25 46 98 45 63 89 44 49 11 71 60 37 91 35 52 40 2 34 20 28 22 47 43 6 75 16],152002,181584
randomWalk/sko100a,6,177844,383289,383289,433063400,[80 22 93 85 48 69 15 45 18 10 77 44 57 35 92 66 3 49 16 84 7 28 64 9 67 23 40 95 89 42 99 25 26 6 98 94 17 88 33 13 52 75 39 20 71 79 70 14 34 78 62 4 12 24 27 11 2 47 21 82 76 60 87 86 61 43 53 0 58 1 36 19 29 55 5 38 54 74 81 56 8 90 59 30 41 65 63 73 91 68 37 51 31 83 50 72 97 32 46 96],[64 82 10 32 70 96 0 77 36 17 38 4 12 54 73 94 24 62 78 90 26 79 53 93 74 30 42 13 76 5 87 61 15 51 3 21 31 33 56 14 59 8 85 97 95 88 18 48 1 27 41 58 67 7 92 55 80 81 83 86 9 23 39 66 84 29 72 50 68 19 57 69 65 99 25 46 98 45 63 89 44 49 11 71 60 37 91 35 52 40 2 34 20 28 22 47 43 6 75 16],152002,181584
heuristic/sko100a,6,171862,0,0,0,[64 26 89 5 70 41 20 28 48 77 14 96 27 49 33 59 81 12 75 43 38 42 85 51 21 80 18 72 22 0 7 88 1 3 84 56 95 8 73 44 92 23 37 45 74 25 30 39 91 65 54 29 53 31 15 97 55 4 68 40 79 61 24 13 99 60 46 62 93 50 87 78 83 66 67 63 47 94 10 34 32 19 52 58 98 76 71 35 90 57 17 36 6 16 82 11 69 9 86 2],[64 82 10 32 70 96 0 77 36 17 38 4 12 54 73 94 24 62 78 90 26 79 53 93 74 30 42 13 76 5 87 61 15 51 3 21 31 33 56 14 59 8 85 97 95 88 18 48 1 27 41 58 67 7 92 55 80 81 83 86 9 23 39 66 84 29 72 50 68 19 57 69 65 99 25 46 98 45 63 89 44 49 11 71 60 37 91 35 52 40 2 34 20 28 22 47 43 6 75 16],152002,181584
greedy/sko100a,7,153752,529,157106,158395000,[65 7 71 37 89 46 43 69 44 2 50 68 91 58 99 40 47 6 34 16 86 85 97 55 25 98 60 52 11 28 67 39 18 80 54 63 3 35 22 75 48 66 51 92 45 95 84 41 49 20 14 72 88 21 31 59 15 8 61 9 27 42 76 33 24 29 81 1 87 57 5 19 83 56 62 13 96 23 78 79 17 93 30 74 53 12 4 36 82 26 90 32 0 73 10 94 77 70 38 64],[64 82 10 32 70 96 0 77 36 17 38 4 12 54 73 94 24 62 78 90 26 79 53 93 74 30 42 13 76 5 87 61 15 51 3 21 31 33 56 14 59 8 85 97 95 88 18 48 1 27 41 58 67 7 92 55 80 81 83 86 9 23 39 66 84 29 72 50 68 19 57 69 65 99 25 46 98 45 63 89 44 49 11 71 60 37 91 35 52 40 2 34 20 28 22 47 43 6 75 16],152002,178314
steepest/sko100a,7,155128,125,623700,571925400,[5 65 79 7 58 67 86 14 57 36 32 59 69 99 68 39 85 87 20 49 27 71 66 50 51 97 93 15 9 82 42 12 46 33 76 8 21 31 61 38 10 30 53 56 29 94 4 18 24 78 89 0 72 45 13 63 25 48 60 70 64 62 74 84 95 83 1 88 11 41 90 26 73 80 37 19 23 47 22 40 77 43 54 3 81 35 98 55 16 44 2 17 96 92 91 6 34 28 52 75],[64 82 10 32 70 96 0 77 36 17 38 4 12 54 73 94 24 62 78 90 26 79 53 93 74 30 42 13 76 5 87 61 15 51 3 21 31 33 56 14 59 8 85 97 95 88 18 48 1 27 41 58 67 7 92 55 80 81 83 86 9 23 39 66 84 29 72 50 68 19 57 69 65 99 25 46 98 45 63 89 44 49 11 71 60 37 91 35 52 40 2 34 20 28 22 47 43 6 75 16],152002,178314
random/sko100a,7,172982,19279,19279,572160000,[16 75 92 18 1 33 78 41 24 34 28 17 20 25 12 48 73 93 10 38 6 52 87 26 4 13 76 46 49 56 31 89 83 64 81 69 50 85 95 94 47 54 11 88 62 66 39 67 45 30 37 96 68 21 55 84 36 71 97 82 7 51 42 91 22 15 61 63 35 2 3 23 0 59 80 8 60 5 90 14 99 77 43 29 57 27 9 58 40 65 32 72 98 79 19 70 74 86 44 53],[64 82 10 32 70 96 0 77 36 17 38 4 12 54 73 94 24 62 78 90 26 79 53 93 74 30 42 13 76 5 87 61 15 51 3 21 31 33 56 14 59 8 85 97 95 88 18 48 1 27 41 58 67 7 92 55 80 81 83 86 9 23 39 66 84 29 72 50 68 19 57 69 65 99 25 46 98 45 63 89 44 49 11 71 60 37 91 35 52 40 2 34 20 28 22 47 43 6 75 16],152002,178314
randomWalk/sko100a,7,182132,616528,616528,578505700,[76 57 21 64 20 4 78 37 83 15 68 71 33 27 84 3 56 30 9 74 95 96 89 2 50 22 18 58 6 54 67 45 1 17 88 82 34 35 59 31 66 93 72 29 77 10 26 62 69 23 80 48 19 39 25 81 5 60 16 51 61 24 40 85 42 49 75 28 65 53 91 92 38 43 90 73 97 46 99 14 44 36 94 98 32 41 47 7 12 63 11 70 13 0 8 79 86 52 87 55],[64 82 10 32 70 96 0 77 36 17 38 4 12 54 73 94 24 62 78 90 26 79 53 93 74 30 42 13 76 5 87 61 15 51 3 21 31 33 56 14 59 8 85 97 95 88 18 48 1 27 41 58 67 7 92 55 80 81 83 86 9 23 39 66 84 29 72 50 68 19 57 69 65 99 25 46 98 45 63 89 44 49 11 71 60 37 91 35 52 40 2 34 20 28 22 47 43 6 75 16],152002,178314
heuristic/sko100a,7,171862,0,0,664700,[64 26 89 5 70 41 20 28 48 77 14 96 27 49 33 59 81 12 75 43 38 42 85 51 21 80 18 72 22 0 7 88 1 3 84 56 95 8 73 44 92 23 37 45 74 25 30 39 91 65 54 29 53 31 15 97 55 4 68 40 79 61 24 13 99 60 46 62 93 50 87 78 83 66 67 63 47 94 10 34 32 19 52 58 98 76 71 35 90 57 17 36 6 16 82 11 69 9 86 2],[64 82 10 32 70 96 0 77 36 17 38 4 12 54 73 94 24 62 78 90 26 79 53 93 74 30 42 13 76 5 87 61 15 51 3 21 31 33 56 14 59 8 85 97 95 88 18 48 1 27 41 58 67 7 92 55 80 81 83 86 9 23 39 66 84 29 72 50 68 19 57 69 65 99 25 46 98 45 63 89 44 49 11 71 60 37 91 35 52 40 2 34 20 28 22 47 43 6 75 16],152002,178314
greedy/sko100a,8,154250,538,191302,167118200,[90 5 36 82 14 27 65 17 86 64 73 94 53 81 33 74 8 92 83 57 70 10 30 88 21 67 29 95 41 87 32 24 78 55 15 97 58 20 49 38 0 76 93 18 31 4 72 60 11 61 96 62 56 1 63 84 46 23 40 22 19 13 45 98 50 66 25 47 52 34 89 12 37 91 68 71 99 6 75 28 54 42 80 3 7 85 39 69 16 9 77 43 35 48 51 59 79 26 44 2],[64 82 10 32 70 96 0 77 36 17 38 4 12 54 73 94 24 62 78 90 26 79 53 93 74 30 42 13 76 5 87 61 15 51 3 21 31 33 56 14 59 8 85 97 95 88 18 48 1 27 41 58 67 7 92 55 80 81 83 86 9 23 39 66 84 29 72 50 68 19 57 69 65 99 25 46 98 45 63 89 44 49 11 71 60 37 91 35 52 40 2 34 20 28 22 47 43 6 75 16],152002,178246
steepest/sko100a,8,156132,102,509850,360824300,[64 0 78 17 81 54 73 96 90 77 57 27 76 1 33 56 53 94 5 36 48 42 24 72 74 84 88 29 62 79 9 14 50 95 92 80 30 13 4 26 75 59 31 52 55 3 21 63 12 10 28 39 51 66 91 45 15 8 83 87 65 68 18 71 37 22 46 41 82 89 93 99 97 25 6 47 60 58 23 70 44 67 85 16 98 40 35 86 19 32 2 7 20 61 34 11 69 49 38 43],[64 82 10 32 70 96 0 77 36 17 38 4 12 54 73 94 24 62 78 90 26 79 53 93 74 30 42 13 76 5 87 61 15 51 3 21 31 33 56 14 59 8 85 97 95 88 18 48 1 27 41 58 67 7 92 55 80 81 83 86 9 23 39 66 84 29 72 50 68 19 57 69 65 99 25 46 98 45 63 89 44 49 11 71 60 37 91 35 52 40 2 34 20 28 22 47 43 6 75 16],152002,178246
random/sko100a,8,173412,12471,12471,361243500,[78 75 7 25 57 94 70 14 48 16 66 13 49 93 46 34 5 67 24 15 58 51 29 18 69 65 82 71 97 80 37 59 44 47 40 42 74 43 81 20 68 99 53 12 90 54 3 21 28 35 85 6 9 79 31 60 41 30 26 11 86 91 87 96 39 55 88 45 84 38 52 98 10 56 89 23 63 76 95 64 2 33 73 19 92 62 8 32 4 0 61 83 17 27 1 50 36 72 77 22],[64 82 10 32 70 96 0 77 36 17 38 4 12 54 73 94 24 62 78 90 26 79 53 93 74 30 42 13 76 5 87 61 15 51 3 21 31 33 56 14 59 8 85 97 95 88 18 48 1 27 41 58 67 7 92 55 80 81 83 86 9 23 39 66 84 29 72 50 68 19 57 69 65 99 25 46 98 45 63 89 44 49 11 71 60 37 91 35 52 40 2 34 20 28 22 47 43 6 75 16],152002,178246
randomWalk/sko100a,8,177038,312082,312082,364474100,[5 91 51 96 42 44 20 97 4 56 27 50 88 99 2 58 21 19 57 7 84 41 16 36 25 52 24 90 32 65 54 69 31 62 38 82 30 6 11 23 40 74 55 85 86 81 46 12 34 64 9 79 43 45 95 94 49 53 87 8 66 37 67 29 70 3 76 71 48 92 98 75 83 13 14 0 17 1 61 89 26 28 80 39 10 78 73 68 59 63 72 77 18 15 35 47 60 93 33 22],[64 82 10 32 70 96 0 77 36 17 38 4 12 54 73 94 24 62 78 90 26 79 53 93 74 30 42 13 76 5 87 61 15 51 3 21 31 33 56 14 59 8 85 97 95 88 18 48 1 27 41 58 67 7 92 55 80 81 83 86 9 23 39 66 84 29 72 50 68 19 57 69 65 99 25 46 98 45 63 89 44 49 11 71 60 37 91 35 52 40 2 34 20 28 22 47 43 6 75 16],152002,178246
heuristic/sko100a,8,171862,0,0,0,[64 26 89 5 70 41 20 28 48 77 14 96 27 49 33 59 81 12 75 43 38 42 85 51 21 80 18 72 22 0 7 88 1 3 84 56 95 8 73 44 92 23 37 45 74 25 30 39 91 65 54 29 53 31 15 97 55 4 68 40 79 61 24 13 99 60 46 62 93 50 87 78 83 66 67 63 47 94 10 34 32 19 52 58 98 76 71 35 90 57 17 36 6 16 82 11 69 9 86 2],[64 82 10 32 70 96 0 77 36 17 38 4 12 54 73 94 24 62 78 90 26 79 53 93 74 30 42 13 76 5 87 61 15 51 3 21 31 33 56 14 59 8 85 97 95 88 18 48 1 27 41 58 67 7 92 55 80 81 83 86 9 23 39 66 84 29 72 50 68 19 57 69 65 99 25 46 98 45 63 89 44 49 11 71 60 37 91 35 52 40 2 34 20 28 22 47 43 6 75 16],152002,178246
greedy/sko100a,9,154088,530,136745,139038200,[64 38 82 32 12 94 10 78 70 36 61 73 53 93 42 33 24 76 14 5 87 88 74 21 30 31 4 0 62 90 41 8 67 58 55 18 81 13 83 77 95 92 7 97 66 68 50 56 72 19 65 23 29 25 71 39 80 45 46 89 22 84 15 85 54 3 98 1 63 96 69 11 79 60 99 59 37 35 27 43 57 49 48 51 26 91 47 6 40 86 2 34 20 44 28 9 52 75 16 17],[64 82 10 32 70 96 0 77 36 17 38 4 12 54 73 94 24 62 78 90 26 79 53 93 74 30 42 13 76 5 87 61 15 51 3 21 31 33 56 14 59 8 85 97 95 88 18 48 1 27 41 58 67 7 92 55 80 81 83 86 9 23 39 66 84 29 72 50 68 19 57 69 65 99 25 46 98 45 63 89 44 49 11 71 60 37 91 35 52 40 2 34 20 28 22 47 43 6 75 16],152002,179288
steepest/sko100a,9,155484,93,465300,478617500,[2 87 11 49 36 20 14 70 82 32 34 41 61 65 15 10 67 5 38 64 77 22 8 84 23 92 95 53 73 93 26 69 79 35 80 4 74 88 81 12 57 59 29 21 94 62 24 76 78 42 43 89 25 45 31 13 18 1 0 48 96 46 60 3 56 55 30 33 27 90 6 63 58 99 39 72 97 50 54 71 28 9 83 98 37 68 7 51 91 66 75 44 86 47 40 19 85 16 52 17],[64 82 10 32 70 96 0 77 36 17 38 4 12 54 73 94 24 62 78 90 26 79 53 93 74 30 42 13 76 5 87 61 15 51 3 21 31 33 56 14 59 8 85 97 95 88 18 48 1 27 41 58 67 7 92 55 80 81 83 86 9 23 39 66 84 29 72 50 68 19 57 69 65 99 25 46 98 45 63 89 44 49 11 71 60 37 91 35 52 40 2 34 20 28 22 47 43 6 75 16],152002,179288
random/sko100a,9,173032,16167,16167,479866300,[81 48 44 21 40 76 69 33 2 72 31 14 15 24 29 1 61 63 7 50 35 49 91 12 25 8 71 53 5 75 93 80 52 55 77 23 56 74 94 43 13 47 58 37 0 36 92 54 65 96 4 78 3 67 10 34 95 11 62 42 98 22 79 30 88 86 89 45 32 97 66 87 70 84 16 39 28 82 27 46 20 38 51 26 18 60 19 99 17 83 41 9 85 6 68 59 64 73 90 57],[64 82 10 32 70 96 0 77 36 17 38 4 12 54 73 94 24 62 78 90 26 79 53 93 74 30 42 13 76 5 87 61 15 51 3 21 31 33 56 14 59 8 85 97 95 88 18 48 1 27 41 58 67 7 92 55 80 81 83 86 9 23 39 66 84 29 72 50 68 19 57 69 65 99 25 46 98 45 63 89 44 49 11 71 60 37 91 35 52 40 2 34 20 28 22 47 43 6 75 16],152002,179288
randomWalk/sko100a,9,177042,443362,443362,481144200,[58 38 34 22 23 46 4 1 84 88 74 17 62 7 89 97 95 61 85 16 90 3 77 99 0 35 18 44 56 86 14 76 73 5 92 67 80 12 32 64 83 31 15 24 87 72 68 8 65 55 51 50 9 45 53 94 25 43 33 60 10 39 81 2 47 69 26 37 75 29 79 82 96 13 66 71 30 78 6 57 48 40 36 98 28 70 49 11 21 54 93 19 20 41 59 63 27 91 52 42],[64 82 10 32 70 96 0 77 36 17 38 4 12 54 73 94 24 62 78 90 26 79 53 93 74 30 42 13 76 5 87 61 15 51 3 21 31 33 56 14 59 8 85 97 95 88 18 48 1 27 41 58 67 7 92 55 80 81 83 86 9 23 39 66 84 29 72 50 68 19 57 69 65 99 25 46 98 45 63 89 44 49 11 71 60 37 91 35 52 40 2 34 20 28 22 47 43 6 75 16],152002,179288
heuristic/sko100a,9,171862,0,0,0,[64 26 89 5 70 41 20 28 48 77 14 96 27 49 33 59 81 12 75 43 38 42 85 51 21 80 18 72 22 0 7 88 1 3 84 56 95 8 73 44 92 23 37 45 74 25 30 39 91 65 54 29 53 31 15 97 55 4 68 40 79 61 24 13 99 60 46 62 93 50 87 78 83 66 67 63 47 94 10 34 32 19 52 58 98 76 71 35 90 57 17 36 6 16 82 11 69 9 86 2],[64 82 10 32 70 96 0 77 36 17 38 4 12 54 73 94 24 62 78 90 26 79 53 93 74 30 42 13 76 5 87 61 15 51 3 21 31 33 56 14 59 8 85 97 95 88 18 48 1 27 41 58 67 7 92 55 80 81 83 86 9 23 39 66 84 29 72 50 68 19 57 69 65 99 25 46 98 45 63 89 44 49 11 71 60 37 91 35 52 40 2 34 20 28 22 47 43 6 75 16],152002,179288
greedy/sko100a,10,153642,559,155715,111982400,[16 52 28 75 35 6 22 11 34 2 40 50 91 47 81 45 37 98 49 44 19 1 63 71 65 60 46 89 20 43 86 68 39 67 80 25 99 13 61 69 41 95 55 97 3 58 18 85 87 57 48 84 66 7 42 21 31 93 51 59 72 88 29 8 30 76 24 0 15 12 83 92 54 33 74 62 94 10 4 26 17 96 23 56 73 53 78 77 79 9 90 27 64 14 5 36 32 70 82 38],[64 82 10 32 70 96 0 77 36 17 38 4 12 54 73 94 24 62 78 90 26 79 53 93 74 30 42 13 76 5 87 61 15 51 3 21 31 33 56 14 59 8 85 97 95 88 18 48 1 27 41 58 67 7 92 55 80 81 83 86 9 23 39 66 84 29 72 50 68 19 57 69 65 99 25 46 98 45 63 89 44 49 11 71 60 37 91 35 52 40 2 34 20 28 22 47 43 6 75 16],152002,176528
steepest/sko100a,10,155722,96,480150,427743100,[28 9 40 47 57 60 22 11 75 44 16 71 91 37 55 81 49 38 52 6 48 20 99 68 94 1 82 98 35 34 42 12 58 76 24 31 63 78 59 69 93 0 89 25 21 46 70 45 13 19 32 50 27 33 53 51 15 56 90 17 66 39 30 80 73 84 29 4 3 87 88 54 97 18 85 95 8 23 79 43 7 72 65 10 74 92 62 61 96 26 64 67 5 14 83 41 36 86 77 2],[64 82 10 32 70 96 0 77 36 17 38 4 12 54 73 94 24 62 78 90 26 79 53 93 74 30 42 13 76 5 87 61 15 51 3 21 31 33 56 14 59 8 85 97 95 88 18 48 1 27 41 58 67 7 92 55 80 81 83 86 9 23 39 66 84 29 72 50 68 19 57 69 65 99 25 46 98 45 63 89 44 49 11 71 60 37 91 35 52 40 2 34 20 28 22 47 43 6 75 16],152002,176528
random/sko100a,10,173634,12401,12401,428264200,[46 61 11 58 40 98 21 70 92 16 54 42 43 31 93 75 38 53 26 24 44 95 34 6 69 63 83 10 39 41 91 45 52 84 74 4 90 59 94 85 73 3 72 89 67 96 12 37 57 9 0 60 35 81 23 13 99 68 97 64 77 88 29 25 66 1 82 7 87 71 22 79 27 47 36 28 8 18 51 48 2 56 14 17 33 76 30 15 19 32 80 49 20 55 50 86 5 65 62 78],[64 82 10 32 70 96 0 77 36 17 38 4 12 54 73 94 24 62 78 90 26 79 53 93 74 30 42 13 76 5 87 61 15 51 3 21 31 33 56 14 59 8 85 97 95 88 18 48 1 27 41 58 67 7 92 55 80 81 83 86 9 23 39 66 84 29 72 50 68 19 57 69 65 99 25 46 98 45 63 89 44 49 11 71 60 37 91 35 52 40 2 34 20 28 22 47 43 6 75 16],152002,176528
randomWalk/sko100a,10,176468,394699,394699,434005900,[92 20 34 72 38 45 89 42 29 44 13 19 85 12 94 11 84 81 5 37 65 76 96 98 41 91 28 18 54 53 39 23 7 3 97 25 9 43 51 30 16 79 40 75 74 55 24 27 78 1 0 69 63 64 95 59 61 90 47 73 99 26 46 15 17 32 10 21 52 62 93 58 49 8 48 66 86 50 83 6 87 68 35 67 57 60 70 77 14 36 82 22 88 71 31 56 80 2 33 4],[64 82 10 32 70 96 0 77 36 17 38 4 12 54 73 94 24 62 78 90 26 79 53 93 74 30 42 13 76 5 87 61 15 51 3 21 31 33 56 14 59 8 85 97 95 88 18 48 1 27 41 58 67 7 92 55 80 81 83 86 9 23 39 66 84 29 72 50 68 19 57 69 65 99 25 46 98 45 63 89 44 49 11 71 60 37 91 35 52 40 2 34 20 28 22 47 43 6 75 16],152002,176528
heuristic/sko100a,10,171862,0,0,0,[64 26 89 5 70 41 20 28 48 77 14 96 27 49 33 59 81 12 75 43 38 42 85 51 21 80 18 72 22 0 7 88 1 3 84 56 95 8 73 44 92 23 37 45 74 25 30 39 91 65 54 29 53 31 15 97 55 4 68 40 79 61 24 13 99 60 46 62 93 50 87 78 83 66 67 63 47 94 10 34 32 19 52 58 98 76 71 35 90 57 17 36 6 16 82 11 69 9 86 2],[64 82 10 32 70 96 0 77 36 17 38 4 12 54 73 94 24 62 78 90 26 79 53 93 74 30 42 13 76 5 87 61 15 51 3 21 31 33 56 14 59 8 85 97 95 88 18 48 1 27 41 58 67 7 92 55 80 81 83 86 9 23 39 66 84 29 72 50 68 19 57 69 65 99 25 46 98 45 63 89 44 49 11 71 60 37 91 35 52 40 2 34 20 28 22 47 43 6 75 16],152002,176528
greedy/sko100a,11,154830,504,101067,101563200,[64 9 57 73 32 94 22 44 87 2 28 75 71 6 37 29 47 81 35 34 40 27 59 99 30 66 84 53 20 69 72 33 65 46 7 45 80 74 79 49 50 39 42 25 3 98 95 93 11 61 48 91 1 58 97 60 92 67 15 8 52 68 31 21 55 51 13 88 41 26 16 63 76 89 18 85 19 10 23 43 86 5 24 56 78 83 62 12 4 38 17 90 14 54 96 0 77 70 36 82],[64 82 10 32 70 96 0 77 36 17 38 4 12 54 73 94 24 62 78 90 26 79 53 93 74 30 42 13 76 5 87 61 15 51 3 21 31 33 56 14 59 8 85 97 95 88 18 48 1 27 41 58 67 7 92 55 80 81 83 86 9 23 39 66 84 29 72 50 68 19 57 69 65 99 25 46 98 45 63 89 44 49 11 71 60 37 91 35 52 40 2 34 20 28 22 47 43 6 75 16],152002,178626
steepest/sko100a,11,155258,114,569250,481132300,[64 32 58 38 82 70 36 41 49 2 57 87 28 61 22 60 93 20 11 44 86 85 99 59 51 12 15 84 48 69 65 46 7 97 71 95 29 67 8 43 0 42 31 18 37 3 40 66 98 35 89 21 39 25 63 30 94 80 45 6 10 76 68 78 24 1 4 13 47 75 14 50 33 72 55 74 88 62 81 19 5 73 83 56 91 52 53 23 92 34 17 27 54 9 90 16 79 96 77 26],[64 82 10 32 70 96 0 77 36 17 38 4 12 54 73 94 24 62 78 90 26 79 53 93 74 30 42 13 76 5 87 61 15 51 3 21 31 33 56 14 59 8 85 97 95 88 18 48 1 27 41 58 67 7 92 55 80 81 83 86 9 23 39 66 84 29 72 50 68 19 57 69 65 99 25 46 98 45 63 89 44 49 11 71 60 37 91 35 52 40 2 34 20 28 22 47 43 6 75 16],152002,178626
random/sko100a,11,173582,14521,14521,486254600,[71 90 5 64 32 8 2 21 85 34 93 50 16 10 97 86 9 67 47 46 66 83 98 65 81 3 82 40 58 94 30 78 18 63 60 75 20 42 48 6 54 53 88 24 31 73 92 49 91 33 36 23 62 76 61 14 26 99 51 13 56 84 79 77 17 59 57 12 4 37 28 43 22 68 25 89 39 35 45 80 72 7 70 38 87 55 27 1 41 69 74 96 15 95 0 29 11 19 44 52],[64 82 10 32 70 96 0 77 36 17 38 4 12 54 73 94 24 62 78 90 26 79 53 93 74 30 42 13 76 5 87 61 15 51 3 21 31 33 56 14 59 8 85 97 95 88 18 48 1 27 41 58 67 7 92 55 80 81 83 86 9 23 39 66 84 29 72 50 68 19 57 69 65 99 25 46 98 45 63 89 44 49 11 71 60 37 91 35 52 40 2 34 20 28 22 47 43 6 75 16],152002,178626
randomWalk/sko100a,11,179732,419095,419095,481573600,[62 25 40 5 26 69 66 41 11 30 18 44 54 77 42 60 57 86 45 80 0 3 16 38 97 52 67 99 72 98 48 68 1 6 37 43 64 81 91 82 27 76 12 59 92 71 93 56 79 55 63 24 35 8 53 96 75 94 21 10 78 19 4 28 58 49 73 83 87 90 84 14 29 74 51 13 20 2 70 95 34 88 33 23 36 50 89 39 17 47 9 85 22 61 46 65 31 15 32 7],[64 82 10 32 70 96 0 77 36 17 38 4 12 54 73 94 24 62 78 90 26 79 53 93 74 30 42 13 76 5 87 61 15 51 3 21 31 33 56 14 59 8 85 97 95 88 18 48 1 27 41 58 67 7 92 55 80 81 83 86 9 23 39 66 84 29 72 50 68 19 57 69 65 99 25 46 98 45 63 89 44 49 11 71 60 37 91 35 52 40 2 34 20 28 22 47 43 6 75 16],152002,178626
heuristic/sko100a,11,171862,0,0,0,[64 26 89 5 70 41 20 28 48 77 14 96 27 49 33 59 81 12 75 43 38 42 85 51 21 80 18 72 22 0 7 88 1 3 84 56 95 8 73 44 92 23 37 45 74 25 30 39 91 65 54 29 53 31 15 97 55 4 68 40 79 61 24 13 99 60 46 62 93 50 87 78 83 66 67 63 47 94 10 34 32 19 52 58 98 76 71 35 90 57 17 36 6 16 82 11 69 9 86 2],[64 82 10 32 70 96 0 77 36 17 38 4 12 54 73 94 24 62 78 90 26 79 53 93 74 30 42 13 76 5 87 61 15 51 3 21 31 33 56 14 59 8 85 97 95 88 18 48 1 27 41 58 67 7 92 55 80 81 83 86 9 23 39 66 84 29 72 50 68 19 57 69 65 99 25 46 98 45 63 89 44 49 11 71 60 37 91 35 52 40 2 34 20 28 22 47 43 6 75 16],152002,178626
greedy/sko100a,12,155318,572,141082,149515300,[90 73 54 42 76 32 48 27 17 64 5 81 91 71 33 94 24 52 9 57 79 92 30 66 37 55 96 1 40 75 23 53 88 29 47 84 63 16 35 28 77 74 80 56 83 3 78 95 41 22 26 62 4 8 21 58 31 51 59 87 10 13 72 12 39 97 15 60 20 6 89 45 0 93 25 99 46 11 70 69 43 65 67 50 18 85 38 82 49 44 2 34 7 19 98 68 61 14 36 86],[64 82 10 32 70 96 0 77 36 17 38 4 12 54 73 94 24 62 78 90 26 79 53 93 74 30 42 13 76 5 87 61 15 51 3 21 31 33 56 14 59 8 85 97 95 88 18 48 1 27 41 58 67 7 92 55 80 81 83 86 9 23 39 66 84 29 72 50 68 19 57 69 65 99 25 46 98 45 63 89 44 49 11 71 60 37 91 35 52 40 2 34 20 28 22 47 43 6 75 16],152002,178536
steepest/sko100a,12,155024,119,594000,431879900,[75 28 9 82 58 32 79 78 38 64 44 23 70 36 8 30 94 4 10 26 81 92 41 53 83 74 73 62 90 77 47 60 88 93 55 15 21 24 12 96 52 20 48 66 51 97 13 72 0 17 16 91 37 56 18 33 31 80 59 54 35 98 1 84 95 71 63 76 42 3 40 49 25 45 68 7 39 19 89 43 6 11 22 50 99 61 29 46 69 87 2 34 27 14 67 85 86 65 5 57],[64 82 10 32 70 96 0 77 36 17 38 4 12 54 73 94 24 62 78 90 26 79 53 93 74 30 42 13 76 5 87 61 15 51 3 21 31 33 56 14 59 8 85 97 95 88 18 48 1 27 41 58 67 7 92 55 80 81 83 86 9 23 39 66 84 29 72 50 68 19 57 69 65 99 25 46 98 45 63 89 44 49 11 71 60 37 91 35 52 40 2 34 20 28 22 47 43 6 75 16],152002,178536
random/sko100a,12,173598,14759,14759,432228300,[42 43 38 62 91 13 77 95 29 72 49 87 3 30 7 58 14 50 81 4 61 21 75 16 10 85 74 46 97 53 55 89 35 52 31 60 67 68 0 84 8 54 23 18 15 22 80 48 27 69 93 99 5 88 1 11 9 90 56 65 86 78 20 92 26 83 63 33 45 59 28 25 12 37 76 41 17 96 79 44 2 34 39 36 57 70 19 32 66 51 82 24 64 71 47 73 98 94 6 40],[64 82 10 32 70 96 0 77 36 17 38 4 12 54 73 94 24 62 78 90 26 79 53 93 74 30 42 13 76 5 87 61 15 51 3 21 31 33 56 14 59 8 85 97 95 88 18 48 1 27 41 58 67 7 92 55 80 81 83 86 9 23 39 66 84 29 72 50 68 19 57 69 65 99 25 46 98 45 63 89 44 49 11 71 60 37 91 35 52 40 2 34 20 28 22 47 43 6 75 16],152002,178536
randomWalk/sko100a,12,178692,493898,493898,432408300,[73 80 13 53 95 41 85 20 66 50 8 6 4 18 61 72 33 19 67 54 3 40 64 62 97 83 17 88 90 14 0 63 86 81 45 22 59 31 32 10 55 70 25 46 24 34 27 9 1 44 99 16 92 23 51 78 28 2 29 21 47 39 35 91 82 7 74 68 84 77 65 58 48 52 69 60 49 42 87 93 56 5 98 43 76 96 94 37 79 89 71 11 12 36 15 75 38 26 30 57],[64 82 10 32 70 96 0 77 36 17 38 4 12 54 73 94 24 62 78 90 26 79 53 93 74 30 42 13 76 5 87 61 15 51 3 21 31 33 56 14 59 8 85 97 95 88 18 48 1 27 41 58 67 7 92 55 80 81 83 86 9 23 39 66 84 29 72 50 68 19 57 69 65 99 25 46 98 45 63 89 44 49 11 71 60 37 91 35 52 40 2 34 20 28 22 47 43 6 75 16],152002,178536
heuristic/sko100a,12,171862,0,0,0,[64 26 89 5 70 41 20 28 48 77 14 96 27 49 33 59 81 12 75 43 38 42 85 51 21 80 18 72 22 0 7 88 1 3 84 56 95 8 73 44 92 23 37 45 74 25 30 39 91 65 54 29 53 31 15 97 55 4 68 40 79 61 24 13 99 60 46 62 93 50 87 78 83 66 67 63 47 94 10 34 32 19 52 58 98 76 71 35 90 57 17 36 6 16 82 11 69 9 86 2],[64 82 10 32 70 96 0 77 36 17 38 4 12 54 73 94 24 62 78 90 26 79 53 93 74 30 42 13 76 5 87 61 15 51 3 21 31 33 56 14 59 8 85 97 95 88 18 48 1 27 41 58 67 7 92 55 80 81 83 86 9 23 39 66 84 29 72 50 68 19 57 69 65 99 25 46 98 45 63 89 44 49 11 71 60 37 91 35 52 40 2 34 20 28 22 47 43 6 75 16],152002,178536
greedy/sko100a,13,153844,518,124100,95500800,[70 32 12 48 93 42 19 87 49 69 36 10 76 1 13 66 35 71 40 75 82 94 24 33 81 59 80 37 47 44 38 73 53 15 21 31 63 86 20 9 78 4 30 88 18 55 7 58 99 41 0 79 83 8 67 97 39 60 52 57 54 23 74 51 85 68 91 25 16 28 17 62 56 92 29 3 45 65 11 22 64 90 5 27 84 95 72 89 46 6 77 96 26 14 61 98 50 43 34 2],[64 82 10 32 70 96 0 77 36 17 38 4 12 54 73 94 24 62 78 90 26 79 53 93 74 30 42 13 76 5 87 61 15 51 3 21 31 33 56 14 59 8 85 97 95 88 18 48 1 27 41 58 67 7 92 55 80 81 83 86 9 23 39 66 84 29 72 50 68 19 57 69 65 99 25 46 98 45 63 89 44 49 11 71 60 37 91 35 52 40 2 34 20 28 22 47 43 6 75 16],152002,177276
steepest/sko100a,13,154308,125,623700,583524500,[64 38 9 17 86 20 49 40 16 52 36 82 90 83 41 72 63 71 28 75 78 4 79 8 23 93 19 1 47 35 10 33 53 54 88 66 39 50 91 48 5 12 74 51 97 67 68 13 80 81 14 24 56 15 85 55 18 98 37 44 76 31 21 59 58 7 0 99 42 69 70 94 62 27 30 3 25 45 89 6 77 61 26 96 95 84 60 46 43 34 32 87 73 57 29 92 65 11 22 2],[64 82 10 32 70 96 0 77 36 17 38 4 12 54 73 94 24 62 78 90 26 79 53 93 74 30 42 13 76 5 87 61 15 51 3 21 31 33 56 14 59 8 85 97 95 88 18 48 1 27 41 58 67 7 92 55 80 81 83 86 9 23 39 66 84 29 72 50 68 19 57 69 65 99 25 46 98 45 63 89 44 49 11 71 60 37 91 35 52 40 2 34 20 28 22 47 43 6 75 16],152002,177276
random/sko100a,13,173292,18944,18944,584410500,[27 50 41 95 16 73 23 64 46 79 71 14 45 83 82 5 56 38 65 49 89 76 78 84 26 9 85 1 69 86 42 88 55 33 57 21 24 4 0 30 81 74 92 15 52 25 29 98 68 18 80 47 97 70 22 91 31 53 11 43 99 28 61 8 63 62 40 10 39 72 20 6 34 51 36 35 7 54 60 77 87 48 12 3 59 2 58 37 19 17 75 93 96 94 90 13 67 66 44 32],[64 82 10 32 70 96 0 77 36 17 38 4 12 54 73 94 24 62 78 90 26 79 53 93 74 30 42 13 76 5 87 61 15 51 3 21 31 33 56 14 59 8 85 97 95 88 18 48 1 27 41 58 67 7 92 55 80 81 83 86 9 23 39 66 84 29 72 50 68 19 57 69 65 99 25 46 98 45 63 89 44 49 11 71 60 37 91 35 52 40 2 34 20 28 22 47 43 6 75 16],152002,177276
randomWalk/sko100a,13,178860,480609,480609,586166000,[11 20 21 9 35 17 46 83 27 52 42 72 99 8 53 43 57 56 94 97 93 38 73 30 50 31 14 65 55 28 22 63 86 23 49 40 19 67 10 4 7 1 48 51 60 5 91 98 6 74 26 78 88 13 82 3 79 47 95 18 87 44 24 69 70 54 77 80 59 2 36 76 84 37 71 96 92 75 66 25 68 33 15 58 90 61 39 64 0 41 29 81 85 32 45 62 12 16 34 89],[64 82 10 32 70 96 0 77 36 17 38 4 12 54 73 94 24 62 78 90 26 79 53 93 74 30 42 13 76 5 87 61 15 51 3 21 31 33 56 14 59 8 85 97 95 88 18 48 1 27 41 58 67 7 92 55 80 81 83 86 9 23 39 66 84 29 72 50 68 19 57 69 65 99 25 46 98 45 63 89 44 49 11 71 60 37 91 35 52 40 2 34 20 28 22 47 43 6 75 16],152002,177276
heuristic/sko100a,13,171862,0,0,905100,[64 26 89 5 70 41 20 28 48 77 14 96 27 49 33 59 81 12 75 43 38 42 85 51 21 80 18 72 22 0 7 88 1 3 84 56 95 8 73 44 92 23 37 45 74 25 30 39 91 65 54 29 53 31 15 97 55 4 68 40 79 61 24 13 99 60 46 62 93 50 87 78 83 66 67 63 47 94 10 34 32 19 52 58 98 76 71 35 90 57 17 36 6 16 82 11 69 9 86 2],[64 82 10 32 70 96 0 77 36 17 38 4 12 54 73 94 24 62 78 90 26 79 53 93 74 30 42 13 76 5 87 61 15 51 3 21 31 33 56 14 59 8 85 97 95 88 18 48 1 27 41 58 67 7 92 55 80 81 83 86 9 23 39 66 84 29 72 50 68 19 57 69 65 99 25 46 98 45 63 89 44 49 11 71 60 37 91 35 52 40 2 34 20 28 22 47 43 6 75 16],152002,177276
greedy/sko100a,14,154692,506,88788,63309600,[64 26 73 32 54 0 77 57 43 2 5 10 74 53 30 42 27 89 81 90 14 50 33 94 62 13 80 45 35 34 58 95 21 76 12 3 99 46 69 6 68 97 7 55 56 98 1 19 37 91 67 18 92 24 66 59 84 65 71 75 83 8 31 79 39 96 29 63 47 28 85 51 61 23 15 93 25 60 22 52 36 82 78 4 88 70 11 87 44 17 86 41 38 9 72 48 20 49 40 16],[64 82 10 32 70 96 0 77 36 17 38 4 12 54 73 94 24 62 78 90 26 79 53 93 74 30 42 13 76 5 87 61 15 51 3 21 31 33 56 14 59 8 85 97 95 88 18 48 1 27 41 58 67 7 92 55 80 81 83 86 9 23 39 66 84 29 72 50 68 19 57 69 65 99 25 46 98 45 63 89 44 49 11 71 60 37 91 35 52 40 2 34 20 28 22 47 43 6 75 16],152002,178956
steepest/sko100a,14,156662,111,554400,425690400,[2 34 64 61 11 6 48 79 69 26 14 35 50 33 98 1 20 51 3 54 27 67 95 8 84 93 15 39 42 12 49 45 74 53 66 25 97 68 85 7 65 81 71 29 22 60 80 28 99 87 40 16 91 73 47 30 55 21 58 32 83 19 72 92 88 13 18 37 46 43 86 52 56 63 75 76 0 31 44 59 17 90 62 23 41 4 24 9 96 57 5 36 82 78 70 94 10 38 89 77],[64 82 10 32 70 96 0 77 36 17 38 4 12 54 73 94 24 62 78 90 26 79 53 93 74 30 42 13 76 5 87 61 15 51 3 21 31 33 56 14 59 8 85 97 95 88 18 48 1 27 41 58 67 7 92 55 80 81 83 86 9 23 39 66 84 29 72 50 68 19 57 69 65 99 25 46 98 45 63 89 44 49 11 71 60 37 91 35 52 40 2 34 20 28 22 47 43 6 75 16],152002,178956
random/sko100a,14,173464,12096,12096,426653000,[51 6 98 22 50 47 53 54 28 75 94 42 73 83 86 97 57 49 8 56 26 20 30 78 95 23 91 55 80 21 44 4 3 39 79 33 14 59 38 82 10 11 66 99 64 9 63 58 69 35 46 32 70 71 40 62 89 16 93 31 90 84 19 76 52 13 15 87 36 45 77 29 37 27 61 25 1 60 88 18 43 48 2 72 92 96 41 12 17 24 5 65 68 0 34 81 67 85 7 74],[64 82 10 32 70 96 0 77 36 17 38 4 12 54 73 94 24 62 78 90 26 79 53 93 74 30 42 13 76 5 87 61 15 51 3 21 31 33 56 14 59 8 85 97 95 88 18 48 1 27 41 58 67 7 92 55 80 81 83 86 9 23 39 66 84 29 72 50 68 19 57 69 65 99 25 46 98 45 63 89 44 49 11 71 60 37 91 35 52 40 2 34 20 28 22 47 43 6 75 16],152002,178956
randomWalk/sko100a,14,178578,374878,374878,432397300,[35 65 91 9 56 80 10 58 5 40 90 71 92 64 23 50 25 41 46 22 30 4 78 20 68 99 42 76 82 70 53 79 15 57 8 34 11 63 31 24 94 26 28 81 72 43 69 48 18 98 13 2 16 52 87 62 32 75 27 88 60 89 33 84 49 47 77 95 54 17 85 44 67 14 38 61 83 29 45 12 1 3 19 36 39 93 51 66 74 97 0 86 7 55 21 73 59 37 96 6],[64 82 10 32 70 96 0 77 36 17 38 4 12 54 73 94 24 62 78 90 26 79 53 93 74 30 42 13 76 5 87 61 15 51 3 21 31 33 56 14 59 8 85 97 95 88 18 48 1 27 41 58 67 7 92 55 80 81 83 86 9 23 39 66 84 29 72 50 68 19 57 69 65 99 25 46 98 45 63 89 44 49 11 71 60 37 91 35 52 40 2 34 20 28 22 47 43 6 75 16],152002,178956
heuristic/sko100a,14,171862,0,0,0,[64 26 89 5 70 41 20 28 48 77 14 96 27 49 33 59 81 12 75 43 38 42 85 51 21 80 18 72 22 0 7 88 1 3 84 56 95 8 73 44 92 23 37 45 74 25 30 39 91 65 54 29 53 31 15 97 55 4 68 40 79 61 24 13 99 60 46 62 93 50 87 78 83 66 67 63 47 94 10 34 32 19 52 58 98 76 71 35 90 57 17 36 6 16 82 11 69 9 86 2],[64 82 10 32 70 96 0 77 36 17 38 4 12 54 73 94 24 62 78 90 26 79 53 93 74 30 42 13 76 5 87 61 15 51 3 21 31 33 56 14 59 8 85 97 95 88 18 48 1 27 41 58 67 7 92 55 80 81 83 86 9 23 39 66 84 29 72 50 68 19 57 69 65 99 25 46 98 45 63 89 44 49 11 71 60 37 91 35 52 40 2 34 20 28 22 47 43 6 75 16],152002,178956
greedy/sko100a,15,156236,448,56425,58463200,[57 5 27 48 6 22 42 69 89 87 14 65 29 11 50 45 76 46 0 43 36 33 84 1 25 56 80 63 94 77 9 79 20 39 99 15 13 59 12 19 81 35 53 60 68 51 30 3 54 90 74 67 95 93 97 85 21 73 10 26 75 92 88 47 55 18 37 24 4 70 72 8 23 66 58 7 31 62 96 32 28 83 41 16 52 91 71 78 82 17 64 86 40 49 34 61 98 44 38 2],[64 82 10 32 70 96 0 77 36 17 38 4 12 54 73 94 24 62 78 90 26 79 53 93 74 30 42 13 76 5 87 61 15 51 3 21 31 33 56 14 59 8 85 97 95 88 18 48 1 27 41 58 67 7 92 55 80 81 83 86 9 23 39 66 84 29 72 50 68 19 57 69 65 99 25 46 98 45 63 89 44 49 11 71 60 37 91 35 52 40 2 34 20 28 22 47 43 6 75 16],152002,179380
steepest/sko100a,15,155944,113,564300,474878800,[90 17 87 20 53 0 73 32 82 38 48 1 76 42 33 12 94 24 78 57 27 69 56 51 21 31 15 59 4 9 86 63 22 45 58 30 49 41 79 26 40 6 29 25 84 60 47 96 11 75 35 71 99 93 66 3 37 55 52 44 19 91 68 39 97 80 13 92 23 28 16 72 83 54 95 18 88 62 8 64 5 65 46 85 67 98 74 10 61 34 14 89 50 43 7 36 81 70 77 2],[64 82 10 32 70 96 0 77 36 17 38 4 12 54 73 94 24 62 78 90 26 79 53 93 74 30 42 13 76 5 87 61 15 51 3 21 31 33 56 14 59 8 85 97 95 88 18 48 1 27 41 58 67 7 92 55 80 81 83 86 9 23 39 66 84 29 72 50 68 19 57 69 65 99 25 46 98 45 63 89 44 49 11 71 60 37 91 35 52 40 2 34 20 28 22 47 43 6 75 16],152002,179380
random/sko100a,15,171264,41365,41365,482768800,[36 70 98 6 13 16 68 83 76 1 77 0 61 20 19 74 14 18 67 78 56 75 49 26 8 60 52 33 93 5 2 87 28 91 81 35 59 63 84 96 10 17 45 30 80 69 66 43 7 42 11 24 55 51 65 92 57 53 85 90 86 89 64 99 22 9 39 27 71 32 34 79 82 21 62 40 25 58 54 3 23 72 48 15 95 29 41 94 97 73 47 31 38 88 46 4 44 50 37 12],[64 82 10 32 70 96 0 77 36 17 38 4 12 54 73 94 24 62 78 90 26 79 53 93 74 30 42 13 76 5 87 61 15 51 3 21 31 33 56 14 59 8 85 97 95 88 18 48 1 27 41 58 67 7 92 55 80 81 83 86 9 23 39 66 84 29 72 50 68 19 57 69 65 99 25 46 98 45 63 89 44 49 11 71 60 37 91 35 52 40 2 34 20 28 22 47 43 6 75 16],152002,179380
randomWalk/sko100a,15,179042,1604365,1604365,480192600,[26 27 34 24 65 19 53 7 41 71 79 59 88 74 48 5 75 14 51 72 89 49 30 81 94 37 60 11 84 39 32 96 93 76 86 42 50 90 61 13 45 28 10 35 82 36 2 98 1 16 73 29 0 15 33 68 17 18 22 47 54 58 6 8 85 67 97 66 44 99 31 4 9 69 62 63 77 64 80 21 92 57 56 91 52 23 20 95 40 25 78 3 12 83 43 55 70 87 46 38],[64 82 10 32 70 96 0 77 36 17 38 4 12 54 73 94 24 62 78 90 26 79 53 93 74 30 42 13 76 5 87 61 15 51 3 21 31 33 56 14 59 8 85 97 95 88 18 48 1 27 41 58 67 7 92 55 80 81 83 86 9 23 39 66 84 29 72 50 68 19 57 69 65 99 25 46 98 45 63 89 44 49 11 71 60 37 91 35 52 40 2 34 20 28 22 47 43 6 75 16],152002,179380
heuristic/sko100a,15,171862,0,0,0,[64 26 89 5 70 41 20 28 48 77 14 96 27 49 33 59 81 12 75 43 38 42 85 51 21 80 18 72 22 0 7 88 1 3 84 56 95 8 73 44 92 23 37 45 74 25 30 39 91 65 54 29 53 31 15 97 55 4 68 40 79 61 24 13 99 60 46 62 93 50 87 78 83 66 67 63 47 94 10 34 32 19 52 58 98 76 71 35 90 57 17 36 6 16 82 11 69 9 86 2],[64 82 10 32 70 96 0 77 36 17 38 4 12 54 73 94 24 62 78 90 26 79 53 93 74 30 42 13 76 5 87 61 15 51 3 21 31 33 56 14 59 8 85 97 95 88 18 48 1 27 41 58 67 7 92 55 80 81 83 86 9 23 39 66 84 29 72 50 68 19 57 69 65 99 25 46 98 45 63 89 44 49 11 71 60 37 91 35 52 40 2 34 20 28 22 47 43 6 75 16],152002,179380
greedy/sko100a,16,154788,576,118060,28993000,[2 43 54 26 62 96 8 79 34 77 85 59 12 3 10 98 15 4 61 38 67 18 0 80 74 53 51 13 20 78 7 37 97 30 55 66 88 93 44 82 32 58 21 31 24 84 41 23 49 70 69 99 42 45 92 95 48 60 11 35 89 46 25 56 94 29 22 47 6 36 65 71 39 76 91 72 28 1 16 81 14 50 68 33 63 19 83 40 52 75 5 57 86 27 73 90 87 17 9 64],[64 82 10 32 70 96 0 77 36 17 38 4 12 54 73 94 24 62 78 90 26 79 53 93 74 30 42 13 76 5 87 61 15 51 3 21 31 33 56 14 59 8 85 97 95 88 18 48 1 27 41 58 67 7 92 55 80 81 83 86 9 23 39 66 84 29 72 50 68 19 57 69 65 99 25 46 98 45 63 89 44 49 11 71 60 37 91 35 52 40 2 34 20 28 22 47 43 6 75 16],152002,180084
steepest/sko100a,16,155100,111,554400,139662400,[17 75 52 19 92 34 77 43 44 2 96 16 6 90 91 81 98 35 23 26 22 47 11 62 13 37 80 88 4 48 24 63 1 45 55 94 3 54 79 69 78 29 76 56 73 30 84 53 28 42 70 83 60 25 21 0 8 15 51 12 41 46 89 95 18 97 74 10 66 93 87 40 58 99 31 33 61 72 59 32 86 36 49 68 82 71 7 85 20 38 57 14 27 5 50 65 67 39 9 64],[64 82 10 32 70 96 0 77 36 17 38 4 12 54 73 94 24 62 78 90 26 79 53 93 74 30 42 13 76 5 87 61 15 51 3 21 31 33 56 14 59 8 85 97 95 88 18 48 1 27 41 58 67 7 92 55 80 81 83 86 9 23 39 66 84 29 72 50 68 19 57 69 65 99 25 46 98 45 63 89 44 49 11 71 60 37 91 35 52 40 2 34 20 28 22 47 43 6 75 16],152002,180084
random/sko100a,16,173284,15156,15156,146882300,[57 77 44 36 16 59 40 81 69 37 14 71 82 52 42 50 63 70 35 10 18 66 94 30 27 43 83 75 73 26 54 85 51 45 2 98 29 48 6 33 0 31 62 78 11 20 68 91 21 41 67 55 74 60 12 58 49 80 22 32 3 64 92 5 13 56 96 46 87 89 84 15 8 7 86 24 47 61 95 19 17 9 99 97 53 65 39 90 93 25 4 28 79 88 34 76 38 1 72 23],[64 82 10 32 70 96 0 77 36 17 38 4 12 54 73 94 24 62 78 90 26 79 53 93 74 30 42 13 76 5 87 61 15 51 3 21 31 33 56 14 59 8 85 97 95 88 18 48 1 27 41 58 67 7 92 55 80 81 83 86 9 23 39 66 84 29 72 50 68 19 57 69 65 99 25 46 98 45 63 89 44 49 11 71 60 37 91 35 52 40 2 34 20 28 22 47 43 6 75 16],152002,180084
randomWalk/sko100a,16,179552,482711,482711,148266900,[67 53 28 60 0 9 96 62 73 86 55 49 48 81 82 51 98 7 89 33 91 59 85 5 41 69 66 2 26 32 37 12 34 64 65 19 13 57 95 68 46 77 36 56 25 76 23 31 58 74 4 84 80 24 99 63 79 47 40 35 52 29 93 3 88 10 87 42 78 44 75 97 83 11 94 54 70 17 15 1 61 50 8 45 38 21 92 20 14 6 43 22 16 27 30 39 71 18 90 72],[64 82 10 32 70 96 0 77 36 17 38 4 12 54 73 94 24 62 78 90 26 79 53 93 74 30 42 13 76 5 87 61 15 51 3 21 31 33 56 14 59 8 85 97 95 88 18 48 1 27 41 58 67 7 92 55 80 81 83 86 9 23 39 66 84 29 72 50 68 19 57 69 65 99 25 46 98 45 63 89 44 49 11 71 60 37 91 35 52 40 2 34 20 28 22 47 43 6 75 16],152002,180084
heuristic/sko100a,16,171862,0,0,0,[64 26 89 5 70 41 20 28 48 77 14 96 27 49 33 59 81 12 75 43 38 42 85 51 21 80 18 72 22 0 7 88 1 3 84 56 95 8 73 44 92 23 37 45 74 25 30 39 91 65 54 29 53 31 15 97 55 4 68 40 79 61 24 13 99 60 46 62 93 50 87 78 83 66 67 63 47 94 10 34 32 19 52 58 98 76 71 35 90 57 17 36 6 16 82 11 69 9 86 2],[64 82 10 32 70 96 0 77 36 17 38 4 12 54 73 94 24 62 78 90 26 79 53 93 74 30 42 13 76 5 87 61 15 51 3 21 31 33 56 14 59 8 85 97 95 88 18 48 1 27 41 58 67 7 92 55 80 81 83 86 9 23 39 66 84 29 72 50 68 19 57 69 65 99 25 46 98 45 63 89 44 49 11 71 60 37 91 35 52 40 2 34 20 28 22 47 43 6 75 16],152002,180084
greedy/sko100a,17,154988,491,119997,29833700,[9 50 26 79 10 33 5 27 90 14 54 12 48 51 4 53 94 56 77 17 0 59 42 15 30 80 24 45 62 96 72 39 67 93 88 74 76 13 20 36 85 7 97 18 3 66 31 81 98 78 43 65 95 8 55 84 92 1 19 82 89 46 68 21 29 73 23 35 63 70 38 71 99 25 37 91 83 40 16 86 28 44 58 60 11 47 41 75 52 49 64 57 69 61 87 32 22 6 34 2],[64 82 10 32 70 96 0 77 36 17 38 4 12 54 73 94 24 62 78 90 26 79 53 93 74 30 42 13 76 5 87 61 15 51 3 21 31 33 56 14 59 8 85 97 95 88 18 48 1 27 41 58 67 7 92 55 80 81 83 86 9 23 39 66 84 29 72 50 68 19 57 69 65 99 25 46 98 45 63 89 44 49 11 71 60 37 91 35 52 40 2 34 20 28 22 47 43 6 75 16],152002,177320
steepest/sko100a,17,156406,109,544500,138993400,[72 65 29 33 50 63 90 17 5 86 9 39 92 7 94 88 27 67 48 14 79 8 23 74 84 56 96 81 83 36 4 15 31 73 21 24 62 76 80 77 64 10 59 53 95 30 0 78 42 41 82 12 51 68 97 55 66 13 93 70 26 54 25 85 3 18 45 1 19 32 38 87 60 58 71 91 20 52 16 49 61 11 22 99 46 37 98 47 35 40 28 57 34 89 43 44 6 75 69 2],[64 82 10 32 70 96 0 77 36 17 38 4 12 54 73 94 24 62 78 90 26 79 53 93 74 30 42 13 76 5 87 61 15 51 3 21 31 33 56 14 59 8 85 97 95 88 18 48 1 27 41 58 67 7 92 55 80 81 83 86 9 23 39 66 84 29 72 50 68 19 57 69 65 99 25 46 98 45 63 89 44 49 11 71 60 37 91 35 52 40 2 34 20 28 22 47 43 6 75 16],152002,177320
random/sko100a,17,172310,13777,13777,139528900,[90 75 46 5 65 67 6 68 43 9 72 39 66 28 99 29 86 97 14 76 51 63 60 83 71 95 73 36 56 27 94 7 45 30 21 82 13 53 0 1 12 85 54 50 2 61 18 55 92 8 44 47 58 35 40 37 59 81 31 70 32 11 69 48 57 84 15 25 93 89 19 17 49 64 24 77 79 88 38 34 4 16 10 3 62 42 74 52 96 78 98 26 20 41 87 80 22 33 23 91],[64 82 10 32 70 96 0 77 36 17 38 4 12 54 73 94 24 62 78 90 26 79 53 93 74 30 42 13 76 5 87 61 15 51 3 21 31 33 56 14 59 8 85 97 95 88 18 48 1 27 41 58 67 7 92 55 80 81 83 86 9 23 39 66 84 29 72 50 68 19 57 69 65 99 25 46 98 45 63 89 44 49 11 71 60 37 91 35 52 40 2 34 20 28 22 47 43 6 75 16],152002,177320
randomWalk/sko100a,17,178276,398479,398479,140560100,[0 62 6 4 35 56 72 18 46 71 63 8 61 98 17 54 94 97 50 30 99 51 78 55 24 48 31 22 60 77 92 66 16 84 28 87 1 5 41 85 15 12 7 82 83 9 70 53 67 43 13 93 81 36 37 33 39 23 91 3 2 38 79 14 25 21 69 19 52 80 76 32 10 90 68 64 86 58 49 45 88 29 40 34 96 57 47 44 65 73 59 11 89 20 74 95 42 27 26 75],[64 82 10 32 70 96 0 77 36 17 38 4 12 54 73 94 24 62 78 90 26 79 53 93 74 30 42 13 76 5 87 61 15 51 3 21 31 33 56 14 59 8 85 97 95 88 18 48 1 27 41 58 67 7 92 55 80 81 83 86 9 23 39 66 84 29 72 50 68 19 57 69 65 99 25 46 98 45 63 89 44 49 11 71 60 37 91 35 52 40 2 34 20 28 22 47 43 6 75 16],152002,177320
heuristic/sko100a,17,171862,0,0,0,[64 26 89 5 70 41 20 28 48 77 14 96 27 49 33 59 81 12 75 43 38 42 85 51 21 80 18 72 22 0 7 88 1 3 84 56 95 8 73 44 92 23 37 45 74 25 30 39 91 65 54 29 53 31 15 97 55 4 68 40 79 61 24 13 99 60 46 62 93 50 87 78 83 66 67 63 47 94 10 34 32 19 52 58 98 76 71 35 90 57 17 36 6 16 82 11 69 9 86 2],[64 82 10 32 70 96 0 77 36 17 38 4 12 54 73 94 24 62 78 90 26 79 53 93 74 30 42 13 76 5 87 61 15 51 3 21 31 33 56 14 59 8 85 97 95 88 18 48 1 27 41 58 67 7 92 55 80 81 83 86 9 23 39 66 84 29 72 50 68 19 57 69 65 99 25 46 98 45 63 89 44 49 11 71 60 37 91 35 52 40 2 34 20 28 22 47 43 6 75 16],152002,177320
greedy/sko100a,18,154182,494,88165,21204300,[7 16 28 43 65 88 46 72 89 5 71 19 50 22 85 29 58 63 86 90 67 40 68 18 97 30 27 56 83 14 91 37 39 25 55 54 21 62 10 36 32 66 99 60 92 74 73 31 41 70 42 47 80 45 84 33 76 94 24 0 93 35 98 13 3 95 53 23 96 77 48 52 81 1 51 8 12 4 78 17 69 49 6 11 20 15 87 59 38 82 2 44 75 34 61 79 26 9 57 64],[64 82 10 32 70 96 0 77 36 17 38 4 12 54 73 94 24 62 78 90 26 79 53 93 74 30 42 13 76 5 87 61 15 51 3 21 31 33 56 14 59 8 85 97 95 88 18 48 1 27 41 58 67 7 92 55 80 81 83 86 9 23 39 66 84 29 72 50 68 19 57 69 65 99 25 46 98 45 63 89 44 49 11 71 60 37 91 35 52 40 2 34 20 28 22 47 43 6 75 16],152002,178154
steepest/sko100a,18,155036,110,549450,139040000,[2 57 44 9 42 75 28 48 43 64 87 69 41 59 40 35 22 84 88 27 32 46 71 66 37 89 47 80 72 91 65 99 50 39 21 25 6 95 29 73 7 58 97 60 18 45 55 3 30 92 86 67 68 8 33 63 52 81 74 26 49 85 51 15 98 13 11 34 53 79 20 93 61 31 83 1 56 16 23 54 14 5 10 12 76 19 62 94 96 90 36 70 82 38 24 78 4 0 77 17],[64 82 10 32 70 96 0 77 36 17 38 4 12 54 73 94 24 62 78 90 26 79 53 93 74 30 42 13 76 5 87 61 15 51 3 21 31 33 56 14 59 8 85 97 95 88 18 48 1 27 41 58 67 7 92 55 80 81 83 86 9 23 39 66 84 29 72 50 68 19 57 69 65 99 25 46 98 45 63 89 44 49 11 71 60 37 91 35 52 40 2 34 20 28 22 47 43 6 75 16],152002,178154
random/sko100a,18,173300,15936,15936,146012000,[82 11 98 45 88 62 50 77 80 3 75 30 20 31 2 13 19 35 81 43 46 86 7 10 97 66 56 26 73 91 9 18 5 96 76 21 84 39 69 87 79 78 0 92 38 95 22 25 70 74 51 55 15 40 53 49 12 68 59 71 61 44 27 37 85 33 63 24 42 57 93 32 36 83 1 23 89 60 64 29 28 65 48 4 17 16 72 58 34 54 14 94 99 8 67 41 52 90 6 47],[64 82 10 32 70 96 0 77 36 17 38 4 12 54 73 94 24 62 78 90 26 79 53 93 74 30 42 13 76 5 87 61 15 51 3 21 31 33 56 14 59 8 85 97 95 88 18 48 1 27 41 58 67 7 92 55 80 81 83 86 9 23 39 66 84 29 72 50 68 19 57 69 65 99 25 46 98 45 63 89 44 49 11 71 60 37 91 35 52 40 2 34 20 28 22 47 43 6 75 16],152002,178154
randomWalk/sko100a,18,179006,499125,499125,144950900,[92 2 27 64 32 9 18 6 75 78 19 4 33 56 42 93 87 36 22 73 34 80 25 49 62 86 81 8 65 3 40 53 83 66 90 88 48 97 69 72 13 67 59 96 84 30 55 70 85 28 21 94 61 0 23 16 82 14 89 35 68 7 91 52 11 54 37 12 29 51 71 43 26 38 98 31 47 20 1 60 10 44 74 41 24 76 79 95 77 45 15 46 99 50 63 58 5 39 57 17],[64 82 10 32 70 96 0 77 36 17 38 4 12 54 73 94 24 62 78 90 26 79 53 93 74 30 42 13 76 5 87 61 15 51 3 21 31 33 56 14 59 8 85 97 95 88 18 48 1 27 41 58 67 7 92 55 80 81 83 86 9 23 39 66 84 29 72 50 68 19 57 69 65 99 25 46 98 45 63 89 44 49 11 71 60 37 91 35 52 40 2 34 20 28 22 47 43 6 75 16],152002,178154
heuristic/sko100a,18,171862,0,0,0,[64 26 89 5 70 41 20 28 48 77 14 96 27 49 33 59 81 12 75 43 38 42 85 51 21 80 18 72 22 0 7 88 1 3 84 56 95 8 73 44 92 23 37 45 74 25 30 39 91 65 54 29 53 31 15 97 55 4 68 40 79 61 24 13 99 60 46 62 93 50 87 78 83 66 67 63 47 94 10 34 32 19 52 58 98 76 71 35 90 57 17 36 6 16 82 11 69 9 86 2],[64 82 10 32 70 96 0 77 36 17 38 4 12 54 73 94 24 62 78 90 26 79 53 93 74 30 42 13 76 5 87 61 15 51 3 21 31 33 56 14 59 8 85 97 95 88 18 48 1 27 41 58 67 7 92 55 80 81 83 86 9 23 39 66 84 29 72 50 68 19 57 69 65 99 25 46 98 45 63 89 44 49 11 71 60 37 91 35 52 40 2 34 20 28 22 47 43 6 75 16],152002,178154
greedy/sko100a,19,156188,438,128238,33269100,[49 20 41 40 16 44 83 58 85 86 82 93 66 51 18 37 71 68 67 9 14 0 31 52 98 55 97 91 50 28 19 23 56 75 60 47 25 99 39 7 90 76 27 53 30 45 21 6 72 34 17 4 62 13 35 88 8 92 81 2 78 24 59 1 63 80 95 33 74 26 70 96 15 84 3 11 29 46 65 79 36 87 12 42 94 22 69 54 61 57 38 32 10 48 77 43 89 73 5 64],[64 82 10 32 70 96 0 77 36 17 38 4 12 54 73 94 24 62 78 90 26 79 53 93 74 30 42 13 76 5 87 61 15 51 3 21 31 33 56 14 59 8 85 97 95 88 18 48 1 27 41 58 67 7 92 55 80 81 83 86 9 23 39 66 84 29 72 50 68 19 57 69 65 99 25 46 98 45 63 89 44 49 11 71 60 37 91 35 52 40 2 34 20 28 22 47 43 6 75 16],152002,178112
steepest/sko100a,19,156592,122,608850,151720700,[5 48 76 83 68 58 14 16 41 86 78 42 24 39 50 18 85 7 67 57 26 79 59 69 99 51 97 95 20 9 4 12 10 15 31 21 55 87 8 28 38 27 13 1 6 33 52 11 49 61 89 56 63 45 46 25 60 40 65 22 23 62 30 29 91 37 47 71 88 72 96 80 94 3 98 92 66 74 84 34 90 43 0 54 75 73 53 44 82 2 17 77 19 35 70 32 93 81 36 64],[64 82 10 32 70 96 0 77 36 17 38 4 12 54 73 94 24 62 78 90 26 79 53 93 74 30 42 13 76 5 87 61 15 51 3 21 31 33 56 14 59 8 85 97 95 88 18 48 1 27 41 58 67 7 92 55 80 81 83 86 9 23 39 66 84 29 72 50 68 19 57 69 65 99 25 46 98 45 63 89 44 49 11 71 60 37 91 35 52 40 2 34 20 28 22 47 43 6 75 16],152002,178112
random/sko100a,19,173352,16874,16874,152681600,[2 43 86 84 47 17 70 96 67 69 23 55 35 41 8 73 92 52 51 16 6 3 85 18 1 79 91 97 15 90 93 24 31 54 62 99 60 77 40 63 4 14 64 5 83 74 25 75 38 12 72 57 37 46 82 32 21 53 48 45 39 34 66 13 65 22 89 68 59 33 58 87 44 95 81 71 7 78 19 80 88 28 27 61 94 30 76 36 56 0 10 9 26 29 98 50 49 11 20 42],[64 82 10 32 70 96 0 77 36 17 38 4 12 54 73 94 24 62 78 90 26 79 53 93 74 30 42 13 76 5 87 61 15 51 3 21 31 33 56 14 59 8 85 97 95 88 18 48 1 27 41 58 67 7 92 55 80 81 83 86 9 23 39 66 84 29 72 50 68 19 57 69 65 99 25 46 98 45 63 89 44 49 11 71 60 37 91 35 52 40 2 34 20 28 22 47 43 6 75 16],152002,178112
randomWalk/sko100a,19,178152,541805,541805,153222200,[47 29 98 69 33 31 51 97 35 0 63 92 11 49 39 43 19 3 23 82 2 78 62 85 87 59 42 71 6 83 44 75 95 24 13 22 89 68 94 14 18 46 55 86 21 54 81 74 28 58 37 73 17 1 61 15 8 99 77 34 25 70 72 90 7 93 91 5 27 52 60 4 41 30 88 53 79 67 40 10 56 48 16 80 36 9 45 26 38 50 66 76 84 96 20 64 32 57 12 65],[64 82 10 32 70 96 0 77 36 17 38 4 12 54 73 94 24 62 78 90 26 79 53 93 74 30 42 13 76 5 87 61 15 51 3 21 31 33 56 14 59 8 85 97 95 88 18 48 1 27 41 58 67 7 92 55 80 81 83 86 9 23 39 66 84 29 72 50 68 19 57 69 65 99 25 46 98 45 63 89 44 49 11 71 60 37 91 35 52 40 2 34 20 28 22 47 43 6 75 16],152002,178112
heuristic/sko100a,19,171862,0,0,0,[64 26 89 5 70 41 20 28 48 77 14 96 27 49 33 59 81 12 75 43 38 42 85 51 21 80 18 72 22 0 7 88 1 3 84 56 95 8 73 44 92 23 37 45 74 25 30 39 91 65 54 29 53 31 15 97 55 4 68 40 79 61 24 13 99 60 46 62 93 50 87 78 83 66 67 63 47 94 10 34 32 19 52 58 98 76 71 35 90 57 17 36 6 16 82 11 69 9 86 2],[64 82 10 32 70 96 0 77 36 17 38 4 12 54 73 94 24 62 78 90 26 79 53 93 74 30 42 13 76 5 87 61 15 51 3 21 31 33 56 14 59 8 85 97 95 88 18 48 1 27 41 58 67 7 92 55 80 81 83 86 9 23 39 66 84 29 72 50 68 19 57 69 65 99 25 46 98 45 63 89 44 49 11 71 60 37 91 35 52 40 2 34 20 28 22 47 43 6 75 16],152002,178112
greedy/sko100a,20,154786,523,85875,21273300,[64 38 77 82 0 70 32 96 49 17 36 78 10 12 93 24 1 59 20 57 61 8 15 95 84 42 48 27 69 41 14 85 51 97 66 31 60 46 71 87 65 67 18 29 25 76 11 89 40 22 5 4 83 62 56 21 72 58 63 86 7 74 88 13 45 80 39 99 47 6 43 23 53 30 98 3 68 37 16 28 26 79 54 73 33 94 55 90 9 52 2 34 92 81 50 35 19 91 44 75],[64 82 10 32 70 96 0 77 36 17 38 4 12 54 73 94 24 62 78 90 26 79 53 93 74 30 42 13 76 5 87 61 15 51 3 21 31 33 56 14 59 8 85 97 95 88 18 48 1 27 41 58 67 7 92 55 80 81 83 86 9 23 39 66 84 29 72 50 68 19 57 69 65 99 25 46 98 45 63 89 44 49 11 71 60 37 91 35 52 40 2 34 20 28 22 47 43 6 75 16],152002,179292
steepest/sko100a,20,155080,132,658350,159697500,[86 20 65 7 32 2 59 44 57 9 49 41 67 85 58 66 99 69 71 75 82 34 93 51 53 98 12 37 40 6 36 14 70 97 21 45 46 35 27 89 87 15 11 60 25 31 33 47 22 63 61 8 10 18 30 13 76 94 1 28 78 4 74 5 55 56 24 81 68 50 38 79 83 29 73 62 42 80 39 19 64 23 95 88 3 84 72 48 91 52 17 26 92 77 96 0 54 43 16 90],[64 82 10 32 70 96 0 77 36 17 38 4 12 54 73 94 24 62 78 90 26 79 53 93 74 30 42 13 76 5 87 61 15 51 3 21 31 33 56 14 59 8 85 97 95 88 18 48 1 27 41 58 67 7 92 55 80 81 83 86 9 23 39 66 84 29 72 50 68 19 57 69 65 99 25 46 98 45 63 89 44 49 11 71 60 37 91 35 52 40 2 34 20 28 22 47 43 6 75 16],152002,179292
random/sko100a,20,173342,18330,18330,160880500,[35 69 37 73 93 88 90 32 59 70 34 48 56 53 66 27 91 65 61 26 63 33 5 51 67 7 60 18 14 12 77 75 81 30 36 46 99 64 89 20 84 80 8 6 4 92 79 45 94 82 58 83 42 62 97 11 78 17 55 96 28 13 54 74 29 76 85 22 25 3 10 40 41 95 21 57 39 23 0 31 86 43 19 24 52 68 1 44 9 72 47 16 49 38 15 2 98 87 50 71],[64 82 10 32 70 96 0 77 36 17 38 4 12 54 73 94 24 62 78 90 26 79 53 93 74 30 42 13 76 5 87 61 15 51 3 21 31 33 56 14 59 8 85 97 95 88 18 48 1 27 41 58 67 7 92 55 80 81 83 86 9 23 39 66 84 29 72 50 68 19 57 69 65 99 25 46 98 45 63 89 44 49 11 71 60 37 91 35 52 40 2 34 20 28 22 47 43 6 75 16],152002,179292
randomWalk/sko100a,20,177962,573148,573148,161236400,[59 46 30 40 66 20 39 62 55 79 16 69 48 95 2 43 36 5 27 15 91 57 33 73 76 92 47 82 93 96 26 58 25 24 4 35 97 71 17 77 31 50 98 75 41 63 65 44 60 52 14 87 11 90 18 85 61 8 83 54 42 86 51 84 88 64 53 0 80 28 99 74 1 12 89 68 49 23 67 70 3 56 29 45 21 72 34 7 13 78 6 32 19 37 94 10 9 81 38 22],[64 82 10 32 70 96 0 77 36 17 38 4 12 54 73 94 24 62 78 90 26 79 53 93 74 30 42 13 76 5 87 61 15 51 3 21 31 33 56 14 59 8 85 97 95 88 18 48 1 27 41 58 67 7 92 55 80 81 83 86 9 23 39 66 84 29 72 50 68 19 57 69 65 99 25 46 98 45 63 89 44 49 11 71 60 37 91 35 52 40 2 34 20 28 22 47 43 6 75 16],152002,179292
heuristic/sko100a,20,171862,0,0,0,[64 26 89 5 70 41 20 28 48 77 14 96 27 49 33 59 81 12 75 43 38 42 85 51 21 80 18 72 22 0 7 88 1 3 84 56 95 8 73 44 92 23 37 45 74 25 30 39 91 65 54 29 53 31 15 97 55 4 68 40 79 61 24 13 99 60 46 62 93 50 87 78 83 66 67 63 47 94 10 34 32 19 52 58 98 76 71 35 90 57 17 36 6 16 82 11 69 9 86 2],[64 82 10 32 70 96 0 77 36 17 38 4 12 54 73 94 24 62 78 90 26 79 53 93 74 30 42 13 76 5 87 61 15 51 3 21 31 33 56 14 59 8 85 97 95 88 18 48 1 27 41 58 67 7 92 55 80 81 83 86 9 23 39 66 84 29 72 50 68 19 57 69 65 99 25 46 98 45 63 89 44 49 11 71 60 37 91 35 52 40 2 34 20 28 22 47 43 6 75 16],152002,179292
greedy/esc16a,1,70,11,365,0,[6 4 0 8 7 15 13 14 12 5 2 3 10 11 1 9],[1 13 9 15 4 2 6 7 3 5 11 10 14 12 8 0],68,116
steepest/esc16a,1,72,3,480,0,[13 9 7 5 11 10 8 14 12 15 2 3 6 0 1 4],[1 13 9 15 4 2 6 7 3 5 11 10 14 12 8 0],68,116
random/esc16a,1,116,0,0,0,[13 9 0 5 7 10 8 14 12 3 2 15 6 11 1 4],[1 13 9 15 4 2 6 7 3 5 11 10 14 12 8 0],68,116
randomWalk/esc16a,1,116,0,0,0,[13 9 0 5 7 10 8 14 12 3 2 15 6 11 1 4],[1 13 9 15 4 2 6 7 3 5 11 10 14 12 8 0],68,116
heuristic/esc16a,1,80,0,0,0,[15 11 6 8 10 7 9 13 12 14 0 5 4 3 2 1],[1 13 9 15 4 2 6 7 3 5 11 10 14 12 8 0],68,116
greedy/esc16a,2,68,12,539,0,[10 9 0 1 15 14 7 3 2 11 5 6 8 12 13 4],[1 13 9 15 4 2 6 7 3 5 11 10 14 12 8 0],68,112
steepest/esc16a,2,70,4,600,0,[11 8 9 3 14 6 7 2 15 10 0 5 1 12 13 4],[1 13 9 15 4 2 6 7 3 5 11 10 14 12 8 0],68,112
random/esc16a,2,112,0,0,0,[11 15 9 3 0 5 7 2 8 14 10 6 1 12 13 4],[1 13 9 15 4 2 6 7 3 5 11 10 14 12 8 0],68,112
randomWalk/esc16a,2,112,0,0,0,[11 15 9 3 0 5 7 2 8 14 10 6 1 12 13 4],[1 13 9 15 4 2 6 7 3 5 11 10 14 12 8 0],68,112
heuristic/esc16a,2,80,0,0,0,[15 11 6 8 10 7 9 13 12 14 0 5 4 3 2 1],[1 13 9 15 4 2 6 7 3 5 11 10 14 12 8 0],68,112
greedy/esc16a,3,68,13,260,0,[11 10 8 2 15 13 7 3 1 9 4 0 6 12 5 14],[1 13 9 15 4 2 6 7 3 5 11 10 14 12 8 0],68,116
steepest/esc16a,3,72,4,600,0,[15 10 1 2 14 13 6 3 7 11 4 0 8 9 5 12],[1 13 9 15 4 2 6 7 3 5 11 10 14 12 8 0],68,116
random/esc16a,3,116,0,0,0,[3 10 1 15 12 11 6 2 7 13 4 0 8 9 5 14],[1 13 9 15 4 2 6 7 3 5 11 10 14 12 8 0],68,116
randomWalk/esc16a,3,116,0,0,0,[3 10 1 15 12 11 6 2 7 13 4 0 8 9 5 14],[1 13 9 15 4 2 6 7 3 5 11 10 14 12 8 0],68,116
heuristic/esc16a,3,80,0,0,0,[15 11 6 8 10 7 9 13 12 14 0 5 4 3 2 1],[1 13 9 15 4 2 6 7 3 5 11 10 14 12 8 0],68,116
greedy/esc16a,4,74,9,306,0,[13 12 4 5 11 10 3 14 7 15 8 1 2 9 0 6],[1 13 9 15 4 2 6 7 3 5 11 10 14 12 8 0],68,106
steepest/esc16a,4,72,4,600,0,[0 12 14 6 1 3 2 10 8 4 7 11 15 9 13 5],[1 13 9 15 4 2 6 7 3 5 11 10 14 12 8 0],68,106
random/esc16a,4,106,0,0,0,[13 12 5 14 1 3 2 4 8 10 7 11 15 9 0 6],[1 13 9 15 4 2 6 7 3 5 11 10 14 12 8 0],68,106
randomWalk/esc16a,4,106,0,0,0,[13 12 5 14 1 3 2 4 8 10 7 11 15 9 0 6],[1 13 9 15 4 2 6 7 3 5 11 10 14 12 8 0],68,106
heuristic/esc16a,4,80,0,0,0,[15 11 6 8 10 7 9 13 12 14 0 5 4 3 2 1],[1 13 9 15 4 2 6 7 3 5 11 10 14 12 8 0],68,106
greedy/esc16a,5,72,13,328,0,[6 0 3 7 12 8 14 2 10 4 5 13 15 11 1 9],[1 13 9 15 4 2 6 7 3 5 11 10 14 12 8 0],68,118
steepest/esc16a,5,70,5,720,0,[6 7 14 12 3 1 0 5 4 2 9 13 15 11 10 8],[1 13 9 15 4 2 6 7 3 5 11 10 14 12 8 0],68,118
random/esc16a,5,118,0,0,0,[6 7 10 12 8 14 9 5 4 3 0 13 15 11 1 2],[1 13 9 15 4 2 6 7 3 5 11 10 14 12 8 0],68,118
randomWalk/esc16a,5,118,0,0,0,[6 7 10 12 8 14 9 5 4 3 0 13 15 11 1 2],[1 13 9 15 4 2 6 7 3 5 11 10 14 12 8 0],68,118
heuristic/esc16a,5,80,0,0,0,[15 11 6 8 10 7 9 13 12 14 0 5 4 3 2 1],[1 13 9 15 4 2 6 7 3 5 11 10 14 12 8 0],68,118
greedy/esc16a,6,70,13,432,0,[5 13 1 0 15 14 6 12 4 7 3 9 10 2 11 8],[1 13 9 15 4 2 6 7 3 5 11 10 14 12 8 0],68,112
steepest/esc16a,6,72,5,720,0,[15 14 4 12 6 3 11 13 5 7 1 9 10 2 0 8],[1 13 9 15 4 2 6 7 3 5 11 10 14 12 8 0],68,112
random/esc16a,6,112,0,0,0,[15 12 13 1 0 5 11 4 3 7 14 9 10 2 6 8],[1 13 9 15 4 2 6 7 3 5 11 10 14 12 8 0],68,112
randomWalk/esc16a,6,112,0,0,0,[15 12 13 1 0 5 11 4 3 7 14 9 10 2 6 8],[1 13 9 15 4 2 6 7 3 5 11 10 14 12 8 0],68,112
heuristic/esc16a,6,80,0,0,0,[15 11 6 8 10 7 9 13 12 14 0 5 4 3 2 1],[1 13 9 15 4 2 6 7 3 5 11 10 14 12 8 0],68,112
greedy/esc16a,7,68,9,243,0,[10 8 9 0 14 15 6 2 3 11 12 7 13 5 4 1],[1 13 9 15 4 2 6 7 3 5 11 10 14 12 8 0],68,108
steepest/esc16a,7,70,5,720,0,[0 8 9 5 2 6 7 4 3 1 12 10 13 15 14 11],[1 13 9 15 4 2 6 7 3 5 11 10 14 12 8 0],68,108
random/esc16a,7,108,0,0,0,[2 8 5 9 0 6 14 7 3 15 12 10 13 1 4 11],[1 13 9 15 4 2 6 7 3 5 11 10 14 12 8 0],68,108
randomWalk/esc16a,7,108,0,0,0,[2 8 5 9 0 6 14 7 3 15 12 10 13 1 4 11],[1 13 9 15 4 2 6 7 3 5 11 10 14 12 8 0],68,108
heuristic/esc16a,7,80,0,0,0,[15 11 6 8 10 7 9 13 12 14 0 5 4 3 2 1],[1 13 9 15 4 2 6 7 3 5 11 10 14 12 8 0],68,108
greedy/esc16a,8,68,5,147,0,[14 2 7 6 8 9 12 11 15 10 0 3 1 13 4 5],[1 13 9 15 4 2 6 7 3 5 11 10 14 12 8 0],68,96
steepest/esc16a,8,70,4,600,530900,[2 14 7 15 8 0 11 3 6 10 9 12 1 13 4 5],[1 13 9 15 4 2 6 7 3 5 11 10 14 12 8 0],68,96
random/esc16a,8,80,1938,1938,697800,[11 9 12 10 1 7 3 2 0 8 6 14 4 5 15 13],[1 13 9 15 4 2 6 7 3 5 11 10 14 12 8 0],68,96
randomWalk/esc16a,8,112,17016,17016,1131700,[7 1 4 8 12 2 10 9 5 3 0 15 6 11 14 13],[1 13 9 15 4 2 6 7 3 5 11 10 14 12 8 0],68,96
heuristic/esc16a,8,80,0,0,0,[15 11 6 8 10 7 9 13 12 14 0 5 4 3 2 1],[1 13 9 15 4 2 6 7 3 5 11 10 14 12 8 0],68,96
greedy/esc16a,9,74,7,238,0,[6 15 12 4 3 2 0 14 10 7 1 5 13 11 9 8],[1 13 9 15 4 2 6 7 3 5 11 10 14 12 8 0],68,106
steepest/esc16a,9,68,3,480,0,[12 13 11 9 4 2 0 14 10 8 1 5 3 6 7 15],[1 13 9 15 4 2 6 7 3 5 11 10 14 12 8 0],68,106
random/esc16a,9,106,0,0,0,[12 4 3 9 13 2 0 14 10 15 1 5 11 6 7 8],[1 13 9 15 4 2 6 7 3 5 11 10 14 12 8 0],68,106
randomWalk/esc16a,9,106,0,0,0,[12 4 3 9 13 2 0 14 10 15 1 5 11 6 7 8],[1 13 9 15 4 2 6 7 3 5 11 10 14 12 8 0],68,106
heuristic/esc16a,9,80,0,0,0,[15 11 6 8 10 7 9 13 12 14 0 5 4 3 2 1],[1 13 9 15 4 2 6 7 3 5 11 10 14 12 8 0],68,106
greedy/esc16a,10,68,10,427,0,[2 3 1 9 6 14 12 0 8 10 5 7 15 13 4 11],[1 13 9 15 4 2 6 7 3 5 11 10 14 12 8 0],68,114
steepest/esc16a,10,70,5,720,0,[0 8 9 5 2 6 7 3 1 4 11 10 15 13 14 12],[1 13 9 15 4 2 6 7 3 5 11 10 14 12 8 0],68,114
random/esc16a,10,114,0,0,0,[0 1 9 5 2 6 11 7 8 14 4 10 15 13 3 12],[1 13 9 15 4 2 6 7 3 5 11 10 14 12 8 0],68,114
randomWalk/esc16a,10,114,0,0,0,[0 1 9 5 2 6 11 7 8 14 4 10 15 13 3 12],[1 13 9 15 4 2 6 7 3 5 11 10 14 12 8 0],68,114
heuristic/esc16a,10,80,0,0,0,[15 11 6 8 10 7 9 13 12 14 0 5 4 3 2 1],[1 13 9 15 4 2 6 7 3 5 11 10 14 12 8 0],68,114
greedy/esc16a,11,68,12,501,0,[6 3 2 10 5 13 12 14 15 7 8 1 0 4 11 9],[1 13 9 15 4 2 6 7 3 5 11 10 14 12 8 0],68,106
steepest/esc16a,11,70,3,480,0,[10 8 9 11 12 6 7 15 13 14 4 1 0 3 5 2],[1 13 9 15 4 2 6 7 3 5 11 10 14 12 8 0],68,106
random/esc16a,11,106,0,0,0,[5 8 2 11 3 6 7 15 13 14 4 1 0 12 10 9],[1 13 9 15 4 2 6 7 3 5 11 10 14 12 8 0],68,106
randomWalk/esc16a,11,106,0,0,0,[5 8 2 11 3 6 7 15 13 14 4 1 0 12 10 9],[1 13 9 15 4 2 6 7 3 5 11 10 14 12 8 0],68,106
heuristic/esc16a,11,80,0,0,0,[15 11 6 8 10 7 9 13 12 14 0 5 4 3 2 1],[1 13 9 15 4 2 6 7 3 5 11 10 14 12 8 0],68,106
greedy/esc16a,12,68,10,373,0,[5 7 6 2 13 9 8 4 0 1 10 12 14 11 15 3],[1 13 9 15 4 2 6 7 3 5 11 10 14 12 8 0],68,118
steepest/esc16a,12,70,6,840,0,[13 5 7 15 12 8 10 14 6 4 0 3 9 11 1 2],[1 13 9 15 4 2 6 7 3 5 11 10 14 12 8 0],68,118
random/esc16a,12,118,0,0,0,[6 7 15 5 3 13 10 9 8 4 0 12 14 11 1 2],[1 13 9 15 4 2 6 7 3 5 11 10 14 12 8 0],68,118
randomWalk/esc16a,12,118,0,0,0,[6 7 15 5 3 13 10 9 8 4 0 12 14 11 1 2],[1 13 9 15 4 2 6 7 3 5 11 10 14 12 8 0],68,118
heuristic/esc16a,12,80,0,0,0,[15 11 6 8 10 7 9 13 12 14 0 5 4 3 2 1],[1 13 9 15 4 2 6 7 3 5 11 10 14 12 8 0],68,118
greedy/esc16a,13,72,4,255,0,[7 1 5 0 2 14 10 4 6 3 13 12 11 8 9 15],[1 13 9 15 4 2 6 7 3 5 11 10 14 12 8 0],68,86
steepest/esc16a,13,76,2,360,0,[7 1 0 13 6 14 15 4 5 3 9 12 11 8 2 10],[1 13 9 15 4 2 6 7 3 5 11 10 14 12 8 0],68,86
random/esc16a,13,86,0,0,0,[7 1 0 9 6 14 10 4 5 3 13 12 11 8 2 15],[1 13 9 15 4 2 6 7 3 5 11 10 14 12 8 0],68,86
randomWalk/esc16a,13,86,0,0,0,[7 1 0 9 6 14 10 4 5 3 13 12 11 8 2 15],[1 13 9 15 4 2 6 7 3 5 11 10 14 12 8 0],68,86
heuristic/esc16a,13,80,0,0,0,[15 11 6 8 10 7 9 13 12 14 0 5 4 3 2 1],[1 13 9 15 4 2 6 7 3 5 11 10 14 12 8 0],68,86
greedy/esc16a,14,76,12,281,0,[13 15 7 14 8 0 12 11 10 9 1 2 6 4 5 3],[1 13 9 15 4 2 6 7 3 5 11 10 14 12 8 0],68,120
steepest/esc16a,14,74,4,600,0,[11 15 12 14 3 0 2 6 10 7 1 9 5 4 8 13],[1 13 9 15 4 2 6 7 3 5 11 10 14 12 8 0],68,120
random/esc16a,14,120,0,0,0,[5 8 12 14 13 0 2 11 10 7 1 9 6 4 15 3],[1 13 9 15 4 2 6 7 3 5 11 10 14 12 8 0],68,120
randomWalk/esc16a,14,120,0,0,0,[5 8 12 14 13 0 2 11 10 7 1 9 6 4 15 3],[1 13 9 15 4 2 6 7 3 5 11 10 14 12 8 0],68,120
heuristic/esc16a,14,80,0,0,0,[15 11 6 8 10 7 9 13 12 14 0 5 4 3 2 1],[1 13 9 15 4 2 6 7 3 5 11 10 14 12 8 0],68,120
greedy/esc16a,15,68,11,318,0,[12 9 5 1 10 14 2 0 4 8 3 6 13 7 11 15],[1 13 9 15 4 2 6 7 3 5 11 10 14 12 8 0],68,104
steepest/esc16a,15,74,3,480,0,[12 13 5 6 8 9 2 0 1 4 3 10 14 7 11 15],[1 13 9 15 4 2 6 7 3 5 11 10 14 12 8 0],68,104
random/esc16a,15,104,0,0,0,[12 5 10 6 8 9 2 0 1 14 3 13 4 7 11 15],[1 13 9 15 4 2 6 7 3 5 11 10 14 12 8 0],68,104
randomWalk/esc16a,15,104,0,0,0,[12 5 10 6 8 9 2 0 1 14 3 13 4 7 11 15],[1 13 9 15 4 2 6 7 3 5 11 10 14 12 8 0],68,104
heuristic/esc16a,15,80,0,0,0,[15 11 6 8 10 7 9 13 12 14 0 5 4 3 2 1],[1 13 9 15 4 2 6 7 3 5 11 10 14 12 8 0],68,104
greedy/esc16a,16,72,12,315,0,[7 4 12 5 3 11 13 15 14 6 8 10 0 9 1 2],[1 13 9 15 4 2 6 7 3 5 11 10 14 12 8 0],68,124
steepest/esc16a,16,72,4,600,0,[1 4 12 5 3 11 13 8 9 0 6 10 7 14 15 2],[1 13 9 15 4 2 6 7 3 5 11 10 14 12 8 0],68,124
random/esc16a,16,124,0,0,0,[12 15 7 5 3 11 13 6 9 0 8 10 1 14 4 2],[1 13 9 15 4 2 6 7 3 5 11 10 14 12 8 0],68,124
randomWalk/esc16a,16,124,0,0,0,[12 15 7 5 3 11 13 6 9 0 8 10 1 14 4 2],[1 13 9 15 4 2 6 7 3 5 11 10 14 12 8 0],68,124
heuristic/esc16a,16,80,0,0,0,[15 11 6 8 10 7 9 13 12 14 0 5 4 3 2 1],[1 13 9 15 4 2 6 7 3 5 11 10 14 12 8 0],68,124
greedy/esc16a,17,68,11,405,0,[7 4 2 6 13 11 15 3 1 5 8 10 12 9 14 0],[1 13 9 15 4 2 6 7 3 5 11 10 14 12 8 0],68,104
steepest/esc16a,17,68,6,840,0,[7 4 2 6 13 11 15 1 3 5 8 10 12 9 14 0],[1 13 9 15 4 2 6 7 3 5 11 10 14 12 8 0],68,104
random/esc16a,17,104,0,0,0,[15 6 13 8 2 11 1 7 4 5 3 10 12 9 14 0],[1 13 9 15 4 2 6 7 3 5 11 10 14 12 8 0],68,104
randomWalk/esc16a,17,104,0,0,0,[15 6 13 8 2 11 1 7 4 5 3 10 12 9 14 0],[1 13 9 15 4 2 6 7 3 5 11 10 14 12 8 0],68,104
heuristic/esc16a,17,80,0,0,0,[15 11 6 8 10 7 9 13 12 14 0 5 4 3 2 1],[1 13 9 15 4 2 6 7 3 5 11 10 14 12 8 0],68,104
greedy/esc16a,18,72,10,363,0,[14 8 9 5 6 15 7 4 13 12 2 11 0 3 10 1],[1 13 9 15 4 2 6 7 3 5 11 10 14 12 8 0],68,104
steepest/esc16a,18,72,4,600,0,[8 10 1 9 14 5 13 4 0 12 2 11 7 3 6 15],[1 13 9 15 4 2 6 7 3 5 11 10 14 12 8 0],68,104
random/esc16a,18,104,0,0,0,[8 14 1 15 10 7 13 5 0 12 2 11 4 3 6 9],[1 13 9 15 4 2 6 7 3 5 11 10 14 12 8 0],68,104
randomWalk/esc16a,18,104,0,0,0,[8 14 1 15 10 7 13 5 0 12 2 11 4 3 6 9],[1 13 9 15 4 2 6 7 3 5 11 10 14 12 8 0],68,104
heuristic/esc16a,18,80,0,0,0,[15 11 6 8 10 7 9 13 12 14 0 5 4 3 2 1],[1 13 9 15 4 2 6 7 3 5 11 10 14 12 8 0],68,104
greedy/esc16a,19,72,8,374,0,[8 2 6 12 9 15 13 11 14 10 3 1 0 5 4 7],[1 13 9 15 4 2 6 7 3 5 11 10 14 12 8 0],68,104
steepest/esc16a,19,70,5,720,0,[8 9 13 15 0 2 14 11 12 10 3 1 6 5 4 7],[1 13 9 15 4 2 6 7 3 5 11 10 14 12 8 0],68,104
random/esc16a,19,104,0,0,0,[8 3 14 15 11 6 13 10 12 0 9 1 2 5 4 7],[1 13 9 15 4 2 6 7 3 5 11 10 14 12 8 0],68,104
randomWalk/esc16a,19,104,0,0,0,[8 3 14 15 11 6 13 10 12 0 9 1 2 5 4 7],[1 13 9 15 4 2 6 7 3 5 11 10 14 12 8 0],68,104
heuristic/esc16a,19,80,0,0,0,[15 11 6 8 10 7 9 13 12 14 0 5 4 3 2 1],[1 13 9 15 4 2 6 7 3 5 11 10 14 12 8 0],68,104
greedy/esc16a,20,72,9,345,0,[1 2 10 15 0 5 7 9 11 3 4 13 14 6 12 8],[1 13 9 15 4 2 6 7 3 5 11 10 14 12 8 0],68,110
steepest/esc16a,20,68,6,840,0,[10 14 6 12 11 3 9 8 0 2 5 13 4 7 15 1],[1 13 9 15 4 2 6 7 3 5 11 10 14 12 8 0],68,110
random/esc16a,20,110,0,0,0,[10 9 0 15 4 3 6 1 14 2 5 13 11 7 12 8],[1 13 9 15 4 2 6 7 3 5 11 10 14 12 8 0],68,110
randomWalk/esc16a,20,110,0,0,0,[10 9 0 15 4 3 6 1 14 2 5 13 11 7 12 8],[1 13 9 15 4 2 6 7 3 5 11 10 14 12 8 0],68,110
heuristic/esc16a,20,80,0,0,0,[15 11 6 8 10 7 9 13 12 14 0 5 4 3 2 1],[1 13 9 15 4 2 6 7 3 5 11 10 14 12 8 0],68,110
greedy/esc32f,1,2,4,614,0,[18 1 21 17 19 27 4 8 6 31 29 28 3 2 15 20 9 26 12 30 22 14 16 13 24 0 23 10 11 7 25 5],[0 1 4 5 7 15 12 18 8 31 6 21 23 19 3 11 2 16 28 20 10 24 26 17 29 30 22 27 13 14 25 9],2,28
steepest/esc32f,1,2,3,1984,0,[30 1 28 17 19 27 4 8 6 31 29 3 21 23 15 20 9 18 12 26 22 14 16 13 24 0 2 10 11 7 25 5],[0 1 4 5 7 15 12 18 8 31 6 21 23 19 3 11 2 16 28 20 10 24 26 17 29 30 22 27 13 14 25 9],2,28
random/esc32f,1,28,0,0,0,[6 1 21 17 19 27 4 8 26 31 29 3 28 23 15 20 9 18 12 30 22 14 16 13 24 0 2 10 11 7 25 5],[0 1 4 5 7 15 12 18 8 31 6 21 23 19 3 11 2 16 28 20 10 24 26 17 29 30 22 27 13 14 25 9],2,28
randomWalk/esc32f,1,28,0,0,0,[6 1 21 17 19 27 4 8 26 31 29 3 28 23 15 20 9 18 12 30 22 14 16 13 24 0 2 10 11 7 25 5],[0 1 4 5 7 15 12 18 8 31 6 21 23 19 3 11 2 16 28 20 10 24 26 17 29 30 22 27 13 14 25 9],2,28
heuristic/esc32f,1,10,0,0,0,[1 10 2 3 4 5 31 27 23 9 0 8 26 25 14 15 24 29 30 28 20 21 22 11 19 18 17 16 13 7 12 6],[0 1 4 5 7 15 12 18 8 31 6 21 23 19 3 11 2 16 28 20 10 24 26 17 29 30 22 27 13 14 25 9],2,28
greedy/esc32f,2,2,6,611,0,[7 6 0 16 31 10 17 20 21 9 3 13 12 28 26 4 22 27 25 11 5 2 30 29 1 15 8 18 19 24 23 14],[0 1 4 5 7 15 12 18 8 31 6 21 23 19 3 11 2 16 28 20 10 24 26 17 29 30 22 27 13 14 25 9],2,54
steepest/esc32f,2,2,3,1984,0,[12 6 0 16 31 10 22 17 21 28 3 13 11 9 26 4 25 5 20 7 27 2 30 29 1 15 8 18 19 24 23 14],[0 1 4 5 7 15 12 18 8 31 6 21 23 19 3 11 2 16 28 20 10 24 26 17 29 30 22 27 13 14 25 9],2,54
random/esc32f,2,54,0,0,0,[7 6 0 16 31 10 25 17 21 28 3 13 12 9 26 4 22 5 20 11 27 2 30 29 1 15 8 18 19 24 23 14],[0 1 4 5 7 15 12 18 8 31 6 21 23 19 3 11 2 16 28 20 10 24 26 17 29 30 22 27 13 14 25 9],2,54
randomWalk/esc32f,2,54,0,0,0,[7 6 0 16 31 10 25 17 21 28 3 13 12 9 26 4 22 5 20 11 27 2 30 29 1 15 8 18 19 24 23 14],[0 1 4 5 7 15 12 18 8 31 6 21 23 19 3 11 2 16 28 20 10 24 26 17 29 30 22 27 13 14 25 9],2,54
heuristic/esc32f,2,10,0,0,0,[1 10 2 3 4 5 31 27 23 9 0 8 26 25 14 15 24 29 30 28 20 21 22 11 19 18 17 16 13 7 12 6],[0 1 4 5 7 15 12 18 8 31 6 21 23 19 3 11 2 16 28 20 10 24 26 17 29 30 22 27 13 14 25 9],2,54
greedy/esc32f,3,2,8,664,0,[4 9 3 6 7 17 14 24 15 11 23 12 18 22 13 30 28 27 10 25 5 8 20 0 29 31 1 2 19 26 21 16],[0 1 4 5 7 15 12 18 8 31 6 21 23 19 3 11 2 16 28 20 10 24 26 17 29 30 22 27 13 14 25 9],2,54
steepest/esc32f,3,2,4,2480,0,[15 14 3 28 7 10 1 4 9 11 23 12 25 24 27 13 6 30 17 22 5 8 20 0 29 31 18 2 19 26 21 16],[0 1 4 5 7 15 12 18 8 31 6 21 23 19 3 11 2 16 28 20 10 24 26 17 29 30 22 27 13 14 25 9],2,54
random/esc32f,3,54,0,0,0,[9 14 3 6 7 10 18 4 15 11 23 12 22 24 27 13 28 30 17 25 5 8 20 0 29 31 1 2 19 26 21 16],[0 1 4 5 7 15 12 18 8 31 6 21 23 19 3 11 2 16 28 20 10 24 26 17 29 30 22 27 13 14 25 9],2,54
randomWalk/esc32f,3,54,0,0,0,[9 14 3 6 7 10 18 4 15 11 23 12 22 24 27 13 28 30 17 25 5 8 20 0 29 31 1 2 19 26 21 16],[0 1 4 5 7 15 12 18 8 31 6 21 23 19 3 11 2 16 28 20 10 24 26 17 29 30 22 27 13 14 25 9],2,54
heuristic/esc32f,3,10,0,0,0,[1 10 2 3 4 5 31 27 23 9 0 8 26 25 14 15 24 29 30 28 20 21 22 11 19 18 17 16 13 7 12 6],[0 1 4 5 7 15 12 18 8 31 6 21 23 19 3 11 2 16 28 20 10 24 26 17 29 30 22 27 13 14 25 9],2,54
greedy/esc32f,4,2,3,702,526600,[12 22 11 13 10 25 28 8 29 23 5 31 30 26 27 6 9 19 20 17 18 1 16 7 0 4 3 14 2 15 24 21],[0 1 4 5 7 15 12 18 8 31 6 21 23 19 3 11 2 16 28 20 10 24 26 17 29 30 22 27 13 14 25 9],2,14
steepest/esc32f,4,2,2,1488,0,[8 22 11 1 10 25 28 12 29 23 5 31 30 26 27 6 13 19 20 17 18 9 16 7 0 4 3 14 2 15 24 21],[0 1 4 5 7 15 12 18 8 31 6 21 23 19 3 11 2 16 28 20 10 24 26 17 29 30 22 27 13 14 25 9],2,14
random/esc32f,4,14,0,0,0,[29 22 11 13 10 25 28 12 8 23 5 31 30 26 27 6 1 19 20 17 18 9 16 7 0 4 3 14 2 15 24 21],[0 1 4 5 7 15 12 18 8 31 6 21 23 19 3 11 2 16 28 20 10 24 26 17 29 30 22 27 13 14 25 9],2,14
randomWalk/esc32f,4,14,0,0,0,[29 22 11 13 10 25 28 12 8 23 5 31 30 26 27 6 1 19 20 17 18 9 16 7 0 4 3 14 2 15 24 21],[0 1 4 5 7 15 12 18 8 31 6 21 23 19 3 11 2 16 28 20 10 24 26 17 29 30 22 27 13 14 25 9],2,14
heuristic/esc32f,4,10,0,0,0,[1 10 2 3 4 5 31 27 23 9 0 8 26 25 14 15 24 29 30 28 20 21 22 11 19 18 17 16 13 7 12 6],[0 1 4 5 7 15 12 18 8 31 6 21 23 19 3 11 2 16 28 20 10 24 26 17 29 30 22 27 13 14 25 9],2,14
greedy/esc32f,5,2,6,867,0,[16 30 0 26 12 8 19 27 31 15 24 7 18 22 21 14 25 13 23 5 4 6 29 28 3 2 11 17 20 9 10 1],[0 1 4 5 7 15 12 18 8 31 6 21 23 19 3 11 2 16 28 20 10 24 26 17 29 30 22 27 13 14 25 9],2,34
steepest/esc32f,5,2,3,1984,518800,[25 30 0 27 12 8 26 19 16 15 22 7 31 23 21 14 18 13 24 5 4 6 29 28 3 2 11 17 20 9 10 1],[0 1 4 5 7 15 12 18 8 31 6 21 23 19 3 11 2 16 28 20 10 24 26 17 29 30 22 27 13 14 25 9],2,34
random/esc32f,5,6,842,842,1045000,[12 11 1 17 2 8 30 6 20 4 21 23 31 27 3 5 18 15 28 14 0 25 24 22 7 9 13 10 16 29 26 19],[0 1 4 5 7 15 12 18 8 31 6 21 23 19 3 11 2 16 28 20 10 24 26 17 29 30 22 27 13 14 25 9],2,34
randomWalk/esc32f,5,36,4464,4464,527100,[21 23 0 9 18 25 10 12 29 14 19 5 13 8 3 31 28 11 6 2 26 20 27 22 7 16 15 24 17 1 30 4],[0 1 4 5 7 15 12 18 8 31 6 21 23 19 3 11 2 16 28 20 10 24 26 17 29 30 22 27 13 14 25 9],2,34
heuristic/esc32f,5,10,0,0,0,[1 10 2 3 4 5 31 27 23 9 0 8 26 25 14 15 24 29 30 28 20 21 22 11 19 18 17 16 13 7 12 6],[0 1 4 5 7 15 12 18 8 31 6 21 23 19 3 11 2 16 28 20 10 24 26 17 29 30 22 27 13 14 25 9],2,34
greedy/esc32f,6,2,7,664,0,[3 30 28 26 2 7 29 24 12 11 14 20 0 8 9 4 16 1 13 17 23 18 22 10 15 5 25 21 19 31 27 6],[0 1 4 5 7 15 12 18 8 31 6 21 23 19 3 11 2 16 28 20 10 24 26 17 29 30 22 27 13 14 25 9],2,36
steepest/esc32f,6,2,3,1984,592500,[14 8 28 12 24 7 29 30 5 11 0 20 3 2 9 4 26 16 21 17 23 18 22 10 15 1 25 13 19 31 27 6],[0 1 4 5 7 15 12 18 8 31 6 21 23 19 3 11 2 16 28 20 10 24 26 17 29 30 22 27 13 14 25 9],2,36
random/esc32f,6,10,561,561,752800,[29 5 7 20 24 17 6 13 23 15 4 11 18 22 25 0 28 19 2 3 8 10 16 27 26 30 12 31 9 21 14 1],[0 1 4 5 7 15 12 18 8 31 6 21 23 19 3 11 2 16 28 20 10 24 26 17 29 30 22 27 13 14 25 9],2,36
randomWalk/esc32f,6,62,10573,10573,1161900,[10 18 11 14 26 24 7 2 27 0 28 9 8 5 20 23 15 22 29 17 19 12 31 30 21 25 1 13 4 6 16 3],[0 1 4 5 7 15 12 18 8 31 6 21 23 19 3 11 2 16 28 20 10 24 26 17 29 30 22 27 13 14 25 9],2,36
heuristic/esc32f,6,10,0,0,0,[1 10 2 3 4 5 31 27 23 9 0 8 26 25 14 15 24 29 30 28 20 21 22 11 19 18 17 16 13 7 12 6],[0 1 4 5 7 15 12 18 8 31 6 21 23 19 3 11 2 16 28 20 10 24 26 17 29 30 22 27 13 14 25 9],2,36
greedy/esc32f,7,2,4,554,0,[24 11 10 6 19 25 9 14 0 13 18 2 31 30 17 29 15 12 1 8 3 23 26 5 27 28 7 22 4 20 21 16],[0 1 4 5 7 15 12 18 8 31 6 21 23 19 3 11 2 16 28 20 10 24 26 17 29 30 22 27 13 14 25 9],2,40
steepest/esc32f,7,2,2,1488,0,[4 11 22 6 19 25 9 14 0 13 18 2 31 30 17 29 10 24 1 8 3 23 26 5 27 28 7 15 12 20 21 16],[0 1 4 5 7 15 12 18 8 31 6 21 23 19 3 11 2 16 28 20 10 24 26 17 29 30 22 27 13 14 25 9],2,40
random/esc32f,7,40,0,0,0,[4 11 10 6 19 25 9 14 0 13 18 2 24 30 17 29 22 31 1 8 3 23 26 5 27 28 7 15 12 20 21 16],[0 1 4 5 7 15 12 18 8 31 6 21 23 19 3 11 2 16 28 20 10 24 26 17 29 30 22 27 13 14 25 9],2,40
randomWalk/esc32f,7,40,0,0,0,[4 11 10 6 19 25 9 14 0 13 18 2 24 30 17 29 22 31 1 8 3 23 26 5 27 28 7 15 12 20 21 16],[0 1 4 5 7 15 12 18 8 31 6 21 23 19 3 11 2 16 28 20 10 24 26 17 29 30 22 27 13 14 25 9],2,40
heuristic/esc32f,7,10,0,0,0,[1 10 2 3 4 5 31 27 23 9 0 8 26 25 14 15 24 29 30 28 20 21 22 11 19 18 17 16 13 7 12 6],[0 1 4 5 7 15 12 18 8 31 6 21 23 19 3 11 2 16 28 20 10 24 26 17 29 30 22 27 13 14 25 9],2,40
greedy/esc32f,8,2,9,751,0,[2 21 6 29 17 15 24 10 16 0 19 25 5 13 12 3 11 31 8 23 1 18 7 22 28 4 27 30 14 26 9 20],[0 1 4 5 7 15 12 18 8 31 6 21 23 19 3 11 2 16 28 20 10 24 26 17 29 30 22 27 13 14 25 9],2,84
steepest/esc32f,8,2,4,2480,1001700,[13 5 6 21 17 24 0 15 2 16 10 23 19 3 12 25 11 31 8 29 1 18 7 22 28 4 27 30 14 26 9 20],[0 1 4 5 7 15 12 18 8 31 6 21 23 19 3 11 2 16 28 20 10 24 26 17 29 30 22 27 13 14 25 9],2,84
random/esc32f,8,6,724,724,1060200,[28 3 0 18 16 8 13 22 5 27 25 12 6 14 24 31 26 23 9 7 1 15 20 19 17 29 2 30 10 11 4 21],[0 1 4 5 7 15 12 18 8 31 6 21 23 19 3 11 2 16 28 20 10 24 26 17 29 30 22 27 13 14 25 9],2,84
randomWalk/esc32f,8,44,18045,18045,1996300,[10 5 0 13 15 17 30 14 23 18 24 1 12 19 26 4 7 2 29 16 21 25 20 22 28 27 31 8 11 3 6 9],[0 1 4 5 7 15 12 18 8 31 6 21 23 19 3 11 2 16 28 20 10 24 26 17 29 30 22 27 13 14 25 9],2,84
heuristic/esc32f,8,10,0,0,0,[1 10 2 3 4 5 31 27 23 9 0 8 26 25 14 15 24 29 30 28 20 21 22 11 19 18 17 16 13 7 12 6],[0 1 4 5 7 15 12 18 8 31 6 21 23 19 3 11 2 16 28 20 10 24 26 17 29 30 22 27 13 14 25 9],2,84
greedy/esc32f,9,2,10,739,0,[6 3 15 22 2 19 10 25 8 31 23 14 0 16 12 27 17 30 26 28 9 29 13 1 11 7 5 24 20 4 21 18],[0 1 4 5 7 15 12 18 8 31 6 21 23 19 3 11 2 16 28 20 10 24 26 17 29 30 22 27 13 14 25 9],2,74
steepest/esc32f,9,2,5,2976,1503100,[27 3 28 26 0 19 8 15 10 30 23 14 25 17 16 2 31 22 12 6 9 29 13 1 11 7 5 24 20 4 21 18],[0 1 4 5 7 15 12 18 8 31 6 21 23 19 3 11 2 16 28 20 10 24 26 17 29 30 22 27 13 14 25 9],2,74
random/esc32f,9,6,1532,1532,2010600,[18 16 25 21 30 28 3 29 19 23 0 12 6 7 27 24 9 5 11 1 22 17 2 31 26 20 15 13 8 4 14 10],[0 1 4 5 7 15 12 18 8 31 6 21 23 19 3 11 2 16 28 20 10 24 26 17 29 30 22 27 13 14 25 9],2,74
randomWalk/esc32f,9,56,18127,18127,1994700,[30 28 19 6 26 21 31 11 20 15 25 5 23 22 29 1 3 8 0 2 4 7 24 17 16 18 9 10 14 12 27 13],[0 1 4 5 7 15 12 18 8 31 6 21 23 19 3 11 2 16 28 20 10 24 26 17 29 30 22 27 13 14 25 9],2,74
heuristic/esc32f,9,10,0,0,0,[1 10 2 3 4 5 31 27 23 9 0 8 26 25 14 15 24 29 30 28 20 21 22 11 19 18 17 16 13 7 12 6],[0 1 4 5 7 15 12 18 8 31 6 21 23 19 3 11 2 16 28 20 10 24 26 17 29 30 22 27 13 14 25 9],2,74
greedy/esc32f,10,2,10,613,1000900,[24 21 31 10 17 19 5 12 6 27 2 11 30 22 16 14 28 7 4 15 0 8 3 1 18 25 23 9 29 20 13 26],[0 1 4 5 7 15 12 18 8 31 6 21 23 19 3 11 2 16 28 20 10 24 26 17 29 30 22 27 13 14 25 9],2,86
steepest/esc32f,10,2,5,2976,0,[22 21 24 14 17 19 12 5 0 6 15 11 10 2 16 30 7 27 4 31 28 8 3 1 18 25 23 9 29 20 13 26],[0 1 4 5 7 15 12 18 8 31 6 21 23 19 3 11 2 16 28 20 10 24 26 17 29 30 22 27 13 14 25 9],2,86
random/esc32f,10,86,0,0,0,[5 21 31 10 17 19 12 24 0 6 15 11 14 2 16 30 7 27 22 4 28 8 3 1 18 25 23 9 29 20 13 26],[0 1 4 5 7 15 12 18 8 31 6 21 23 19 3 11 2 16 28 20 10 24 26 17 29 30 22 27 13 14 25 9],2,86
randomWalk/esc32f,10,86,0,0,0,[5 21 31 10 17 19 12 24 0 6 15 11 14 2 16 30 7 27 22 4 28 8 3 1 18 25 23 9 29 20 13 26],[0 1 4 5 7 15 12 18 8 31 6 21 23 19 3 11 2 16 28 20 10 24 26 17 29 30 22 27 13 14 25 9],2,86
heuristic/esc32f,10,10,0,0,0,[1 10 2 3 4 5 31 27 23 9 0 8 26 25 14 15 24 29 30 28 20 21 22 11 19 18 17 16 13 7 12 6],[0 1 4 5 7 15 12 18 8 31 6 21 23 19 3 11 2 16 28 20 10 24 26 17 29 30 22 27 13 14 25 9],2,86
greedy/esc32f,11,2,8,751,0,[9 27 4 30 12 13 29 3 20 5 31 17 16 0 28 14 1 10 21 11 23 15 22 24 2 25 8 26 7 19 6 18],[0 1 4 5 7 15 12 18 8 31 6 21 23 19 3 11 2 16 28 20 10 24 26 17 29 30 22 27 13 14 25 9],2,58
steepest/esc32f,11,2,4,2480,0,[4 27 3 30 20 23 29 31 12 5 10 17 16 0 28 14 15 9 13 1 24 11 22 21 2 25 8 26 7 19 6 18],[0 1 4 5 7 15 12 18 8 31 6 21 23 19 3 11 2 16 28 20 10 24 26 17 29 30 22 27 13 14 25 9],2,58
random/esc32f,11,58,0,0,0,[4 27 3 30 20 13 29 16 12 5 31 17 9 0 28 14 15 10 23 1 24 11 22 21 2 25 8 26 7 19 6 18],[0 1 4 5 7 15 12 18 8 31 6 21 23 19 3 11 2 16 28 20 10 24 26 17 29 30 22 27 13 14 25 9],2,58
randomWalk/esc32f,11,58,0,0,0,[4 27 3 30 20 13 29 16 12 5 31 17 9 0 28 14 15 10 23 1 24 11 22 21 2 25 8 26 7 19 6 18],[0 1 4 5 7 15 12 18 8 31 6 21 23 19 3 11 2 16 28 20 10 24 26 17 29 30 22 27 13 14 25 9],2,58
heuristic/esc32f,11,10,0,0,0,[1 10 2 3 4 5 31 27 23 9 0 8 26 25 14 15 24 29 30 28 20 21 22 11 19 18 17 16 13 7 12 6],[0 1 4 5 7 15 12 18 8 31 6 21 23 19 3 11 2 16 28 20 10 24 26 17 29 30 22 27 13 14 25 9],2,58
greedy/esc32f,12,2,5,774,0,[8 15 3 22 6 5 27 29 25 0 19 23 14 10 24 9 21 17 26 16 18 13 11 31 1 12 2 30 7 4 20 28],[0 1 4 5 7 15 12 18 8 31 6 21 23 19 3 11 2 16 28 20 10 24 26 17 29 30 22 27 13 14 25 9],2,44
steepest/esc32f,12,2,3,1984,0,[29 17 3 22 6 16 8 14 10 0 19 23 27 25 26 9 15 21 24 5 18 13 11 31 1 12 2 30 7 4 20 28],[0 1 4 5 7 15 12 18 8 31 6 21 23 19 3 11 2 16 28 20 10 24 26 17 29 30 22 27 13 14 25 9],2,44
random/esc32f,12,44,0,0,0,[29 21 3 22 6 16 27 8 10 0 19 23 14 25 26 9 15 17 24 5 18 13 11 31 1 12 2 30 7 4 20 28],[0 1 4 5 7 15 12 18 8 31 6 21 23 19 3 11 2 16 28 20 10 24 26 17 29 30 22 27 13 14 25 9],2,44
randomWalk/esc32f,12,44,0,0,0,[29 21 3 22 6 16 27 8 10 0 19 23 14 25 26 9 15 17 24 5 18 13 11 31 1 12 2 30 7 4 20 28],[0 1 4 5 7 15 12 18 8 31 6 21 23 19 3 11 2 16 28 20 10 24 26 17 29 30 22 27 13 14 25 9],2,44
heuristic/esc32f,12,10,0,0,0,[1 10 2 3 4 5 31 27 23 9 0 8 26 25 14 15 24 29 30 28 20 21 22 11 19 18 17 16 13 7 12 6],[0 1 4 5 7 15 12 18 8 31 6 21 23 19 3 11 2 16 28 20 10 24 26 17 29 30 22 27 13 14 25 9],2,44
greedy/esc32f,13,2,9,988,0,[24 9 11 7 4 13 29 22 20 0 10 16 14 30 25 3 18 17 21 19 1 12 2 5 6 31 23 28 27 8 26 15],[0 1 4 5 7 15 12 18 8 31 6 21 23 19 3 11 2 16 28 20 10 24 26 17 29 30 22 27 13 14 25 9],2,64
steepest/esc32f,13,2,5,2976,1008300,[13 2 24 30 4 22 29 11 20 14 10 16 3 7 25 19 9 1 21 0 17 12 18 5 6 31 23 28 27 8 26 15],[0 1 4 5 7 15 12 18 8 31 6 21 23 19 3 11 2 16 28 20 10 24 26 17 29 30 22 27 13 14 25 9],2,64
random/esc32f,13,6,652,652,1299100,[5 15 27 8 11 29 14 25 30 28 22 21 18 26 7 9 16 3 12 19 17 20 23 2 6 4 1 31 0 13 24 10],[0 1 4 5 7 15 12 18 8 31 6 21 23 19 3 11 2 16 28 20 10 24 26 17 29 30 22 27 13 14 25 9],2,64
randomWalk/esc32f,13,74,18750,18750,1915200,[25 23 5 18 20 7 27 9 0 26 22 17 31 24 2 8 11 10 4 16 15 14 19 3 28 6 21 1 30 13 29 12],[0 1 4 5 7 15 12 18 8 31 6 21 23 19 3 11 2 16 28 20 10 24 26 17 29 30 22 27 13 14 25 9],2,64
heuristic/esc32f,13,10,0,0,0,[1 10 2 3 4 5 31 27 23 9 0 8 26 25 14 15 24 29 30 28 20 21 22 11 19 18 17 16 13 7 12 6],[0 1 4 5 7 15 12 18 8 31 6 21 23 19 3 11 2 16 28 20 10 24 26 17 29 30 22 27 13 14 25 9],2,64
greedy/esc32f,14,2,4,748,0,[15 11 26 28 14 13 12 16 6 7 23 22 8 9 21 0 20 31 4 27 24 17 19 5 3 18 29 10 30 1 25 2],[0 1 4 5 7 15 12 18 8 31 6 21 23 19 3 11 2 16 28 20 10 24 26 17 29 30 22 27 13 14 25 9],2,36
steepest/esc32f,14,2,4,2480,0,[16 11 26 31 8 27 12 6 15 7 23 22 20 28 21 0 4 9 14 13 24 17 19 5 3 18 29 10 30 1 25 2],[0 1 4 5 7 15 12 18 8 31 6 21 23 19 3 11 2 16 28 20 10 24 26 17 29 30 22 27 13 14 25 9],2,36
random/esc32f,14,36,0,0,0,[6 11 26 9 14 27 12 16 15 7 23 22 8 28 21 0 4 31 20 13 24 17 19 5 3 18 29 10 30 1 25 2],[0 1 4 5 7 15 12 18 8 31 6 21 23 19 3 11 2 16 28 20 10 24 26 17 29 30 22 27 13 14 25 9],2,36
randomWalk/esc32f,14,36,0,0,0,[6 11 26 9 14 27 12 16 15 7 23 22 8 28 21 0 4 31 20 13 24 17 19 5 3 18 29 10 30 1 25 2],[0 1 4 5 7 15 12 18 8 31 6 21 23 19 3 11 2 16 28 20 10 24 26 17 29 30 22 27 13 14 25 9],2,36
heuristic/esc32f,14,10,0,0,0,[1 10 2 3 4 5 31 27 23 9 0 8 26 25 14 15 24 29 30 28 20 21 22 11 19 18 17 16 13 7 12 6],[0 1 4 5 7 15 12 18 8 31 6 21 23 19 3 11 2 16 28 20 10 24 26 17 29 30 22 27 13 14 25 9],2,36
greedy/esc32f,15,2,12,699,0,[27 21 29 12 0 18 2 15 10 5 4 26 20 28 24 17 11 22 3 23 13 9 1 16 31 14 25 8 30 19 6 7],[0 1 4 5 7 15 12 18 8 31 6 21 23 19 3 11 2 16 28 20 10 24 26 17 29 30 22 27 13 14 25 9],2,92
steepest/esc32f,15,2,5,2976,0,[2 3 28 18 0 15 29 10 12 23 4 26 5 21 24 17 11 22 13 20 27 9 1 16 31 14 25 8 30 19 6 7],[0 1 4 5 7 15 12 18 8 31 6 21 23 19 3 11 2 16 28 20 10 24 26 17 29 30 22 27 13 14 25 9],2,92
random/esc32f,15,92,0,0,0,[21 20 29 18 0 15 28 2 12 23 4 26 5 10 24 17 11 22 3 13 27 9 1 16 31 14 25 8 30 19 6 7],[0 1 4 5 7 15 12 18 8 31 6 21 23 19 3 11 2 16 28 20 10 24 26 17 29 30 22 27 13 14 25 9],2,92
randomWalk/esc32f,15,92,0,0,0,[21 20 29 18 0 15 28 2 12 23 4 26 5 10 24 17 11 22 3 13 27 9 1 16 31 14 25 8 30 19 6 7],[0 1 4 5 7 15 12 18 8 31 6 21 23 19 3 11 2 16 28 20 10 24 26 17 29 30 22 27 13 14 25 9],2,92
heuristic/esc32f,15,10,0,0,0,[1 10 2 3 4 5 31 27 23 9 0 8 26 25 14 15 24 29 30 28 20 21 22 11 19 18 17 16 13 7 12 6],[0 1 4 5 7 15 12 18 8 31 6 21 23 19 3 11 2 16 28 20 10 24 26 17 29 30 22 27 13 14 25 9],2,92
greedy/esc32f,16,2,6,650,0,[17 23 0 3 10 16 22 24 30 9 29 28 4 20 1 31 8 11 6 15 21 25 7 13 27 19 18 26 5 12 2 14],[0 1 4 5 7 15 12 18 8 31 6 21 23 19 3 11 2 16 28 20 10 24 26 17 29 30 22 27 13 14 25 9],2,78
steepest/esc32f,16,2,4,2480,532900,[24 15 0 3 10 16 22 31 30 9 29 28 4 20 11 8 23 1 6 17 21 25 7 13 27 19 18 26 5 12 2 14],[0 1 4 5 7 15 12 18 8 31 6 21 23 19 3 11 2 16 28 20 10 24 26 17 29 30 22 27 13 14 25 9],2,78
random/esc32f,16,10,364,364,726500,[20 31 23 11 19 22 0 1 4 10 5 21 13 29 18 2 3 6 12 7 15 27 8 26 9 14 30 17 24 16 25 28],[0 1 4 5 7 15 12 18 8 31 6 21 23 19 3 11 2 16 28 20 10 24 26 17 29 30 22 27 13 14 25 9],2,78
randomWalk/esc32f,16,62,8449,8449,894400,[27 4 29 15 10 0 9 12 19 3 17 26 6 18 22 21 20 5 23 31 1 28 8 11 13 24 2 14 30 25 7 16],[0 1 4 5 7 15 12 18 8 31 6 21 23 19 3 11 2 16 28 20 10 24 26 17 29 30 22 27 13 14 25 9],2,78
heuristic/esc32f,16,10,0,0,0,[1 10 2 3 4 5 31 27 23 9 0 8 26 25 14 15 24 29 30 28 20 21 22 11 19 18 17 16 13 7 12 6],[0 1 4 5 7 15 12 18 8 31 6 21 23 19 3 11 2 16 28 20 10 24 26 17 29 30 22 27 13 14 25 9],2,78
greedy/esc32f,17,2,6,659,0,[16 18 28 24 23 7 10 29 14 8 5 1 17 19 9 15 31 4 11 0 27 3 13 6 2 21 12 25 26 30 20 22],[0 1 4 5 7 15 12 18 8 31 6 21 23 19 3 11 2 16 28 20 10 24 26 17 29 30 22 27 13 14 25 9],2,44
steepest/esc32f,17,2,3,1984,0,[4 9 0 24 23 7 14 16 8 27 5 1 17 19 31 15 18 29 10 28 11 3 13 6 2 21 12 25 26 30 20 22],[0 1 4 5 7 15 12 18 8 31 6 21 23 19 3 11 2 16 28 20 10 24 26 17 29 30 22 27 13 14 25 9],2,44
random/esc32f,17,44,0,0,0,[29 18 0 24 23 7 14 16 8 10 5 1 17 19 31 15 9 4 27 28 11 3 13 6 2 21 12 25 26 30 20 22],[0 1 4 5 7 15 12 18 8 31 6 21 23 19 3 11 2 16 28 20 10 24 26 17 29 30 22 27 13 14 25 9],2,44
randomWalk/esc32f,17,44,0,0,0,[29 18 0 24 23 7 14 16 8 10 5 1 17 19 31 15 9 4 27 28 11 3 13 6 2 21 12 25 26 30 20 22],[0 1 4 5 7 15 12 18 8 31 6 21 23 19 3 11 2 16 28 20 10 24 26 17 29 30 22 27 13 14 25 9],2,44
heuristic/esc32f,17,10,0,0,0,[1 10 2 3 4 5 31 27 23 9 0 8 26 25 14 15 24 29 30 28 20 21 22 11 19 18 17 16 13 7 12 6],[0 1 4 5 7 15 12 18 8 31 6 21 23 19 3 11 2 16 28 20 10 24 26 17 29 30 22 27 13 14 25 9],2,44
greedy/esc32f,18,2,8,1122,0,[19 25 12 24 30 2 15 1 7 5 29 3 4 20 18 11 17 10 31 8 0 9 16 28 26 27 13 14 6 21 23 22],[0 1 4 5 7 15 12 18 8 31 6 21 23 19 3 11 2 16 28 20 10 24 26 17 29 30 22 27 13 14 25 9],2,54
steepest/esc32f,18,2,5,2976,551700,[24 25 12 8 30 20 15 10 7 4 29 3 5 1 18 11 2 17 31 19 0 9 16 28 26 27 13 14 6 21 23 22],[0 1 4 5 7 15 12 18 8 31 6 21 23 19 3 11 2 16 28 20 10 24 26 17 29 30 22 27 13 14 25 9],2,54
random/esc32f,18,18,434,434,555800,[25 19 16 9 27 21 28 30 24 5 11 17 15 26 31 13 8 7 20 6 4 2 10 1 29 0 22 23 12 14 18 3],[0 1 4 5 7 15 12 18 8 31 6 21 23 19 3 11 2 16 28 20 10 24 26 17 29 30 22 27 13 14 25 9],2,54
randomWalk/esc32f,18,44,11856,11856,1235500,[6 3 26 9 25 21 10 19 24 23 22 12 18 8 7 14 4 5 27 0 20 31 15 2 11 17 28 1 16 30 13 29],[0 1 4 5 7 15 12 18 8 31 6 21 23 19 3 11 2 16 28 20 10 24 26 17 29 30 22 27 13 14 25 9],2,54
heuristic/esc32f,18,10,0,0,0,[1 10 2 3 4 5 31 27 23 9 0 8 26 25 14 15 24 29 30 28 20 21 22 11 19 18 17 16 13 7 12 6],[0 1 4 5 7 15 12 18 8 31 6 21 23 19 3 11 2 16 28 20 10 24 26 17 29 30 22 27 13 14 25 9],2,54
greedy/esc32f,19,2,6,761,0,[12 18 15 30 9 11 16 4 28 2 21 7 17 1 13 29 0 19 24 27 8 22 20 6 14 23 26 31 10 5 3 25],[0 1 4 5 7 15 12 18 8 31 6 21 23 19 3 11 2 16 28 20 10 24 26 17 29 30 22 27 13 14 25 9],2,38
steepest/esc32f,19,2,3,1984,536700,[21 1 15 30 27 11 16 4 28 2 17 7 19 18 9 29 0 13 24 12 8 22 20 6 14 23 26 31 10 5 3 25],[0 1 4 5 7 15 12 18 8 31 6 21 23 19 3 11 2 16 28 20 10 24 26 17 29 30 22 27 13 14 25 9],2,38
random/esc32f,19,10,407,407,1066900,[2 14 30 22 18 16 21 27 0 3 28 10 1 4 20 9 31 23 5 7 25 29 13 26 19 24 11 15 12 6 17 8],[0 1 4 5 7 15 12 18 8 31 6 21 23 19 3 11 2 16 28 20 10 24 26 17 29 30 22 27 13 14 25 9],2,38
randomWalk/esc32f,19,40,10103,10103,1096400,[6 9 1 28 29 16 21 2 11 8 26 20 15 5 18 10 0 19 27 31 3 24 23 30 17 22 14 13 12 4 25 7],[0 1 4 5 7 15 12 18 8 31 6 21 23 19 3 11 2 16 28 20 10 24 26 17 29 30 22 27 13 14 25 9],2,38
heuristic/esc32f,19,10,0,0,0,[1 10 2 3 4 5 31 27 23 9 0 8 26 25 14 15 24 29 30 28 20 21 22 11 19 18 17 16 13 7 12 6],[0 1 4 5 7 15 12 18 8 31 6 21 23 19 3 11 2 16 28 20 10 24 26 17 29 30 22 27 13 14 25 9],2,38
greedy/esc32f,20,2,4,675,0,[29 2 17 0 24 8 11 28 1 31 23 22 19 3 21 26 30 13 9 5 20 7 12 25 6 16 27 15 18 14 10 4],[0 1 4 5 7 15 12 18 8 31 6 21 23 19 3 11 2 16 28 20 10 24 26 17 29 30 22 27 13 14 25 9],2,28
steepest/esc32f,20,2,3,1984,0,[30 13 17 0 28 19 11 24 1 5 23 22 2 3 21 26 8 29 9 31 20 7 12 25 6 16 27 15 18 14 10 4],[0 1 4 5 7 15 12 18 8 31 6 21 23 19 3 11 2 16 28 20 10 24 26 17 29 30 22 27 13 14 25 9],2,28
random/esc32f,20,28,0,0,0,[8 2 17 0 28 19 11 24 1 5 23 22 29 3 21 26 30 13 9 31 20 7 12 25 6 16 27 15 18 14 10 4],[0 1 4 5 7 15 12 18 8 31 6 21 23 19 3 11 2 16 28 20 10 24 26 17 29 30 22 27 13 14 25 9],2,28
randomWalk/esc32f,20,28,0,0,0,[8 2 17 0 28 19 11 24 1 5 23 22 29 3 21 26 30 13 9 31 20 7 12 25 6 16 27 15 18 14 10 4],[0 1 4 5 7 15 12 18 8 31 6 21 23 19 3 11 2 16 28 20 10 24 26 17 29 30 22 27 13 14 25 9],2,28
heuristic/esc32f,20,10,0,0,0,[1 10 2 3 4 5 31 27 23 9 0 8 26 25 14 15 24 29 30 28 20 21 22 11 19 18 17 16 13 7 12 6],[0 1 4 5 7 15 12 18 8 31 6 21 23 19 3 11 2 16 28 20 10 24 26 17 29 30 22 27 13 14 25 9],2,28
