greedy/lipa40a,1,31975,75,4740,0,[4 2 20 19 1 11 8 27 17 6 7 29 30 24 28 0 35 33 13 15 21 9 34 3 26 12 37 32 5 39 22 23 14 25 16 18 36 38 31 10],[6 5 13 26 18 36 20 1 15 0 39 23 29 22 4 27 21 7 19 34 31 25 28 2 3 10 35 9 12 37 8 16 30 17 32 14 24 33 38 11],31538,32748
steepest/lipa40a,1,31931,27,21840,2,[13 14 12 21 1 34 39 28 25 8 29 18 36 3 30 2 26 33 20 11 15 17 19 9 31 35 38 4 24 5 0 23 10 7 16 37 32 6 27 22],[6 5 13 26 18 36 20 1 15 0 39 23 29 22 4 27 21 7 19 34 31 25 28 2 3 10 35 9 12 37 8 16 30 17 32 14 24 33 38 11],31538,32748
greedy/lipa40a,2,31964,46,3008,0,[10 31 35 11 13 36 37 28 39 18 15 19 2 3 6 23 17 16 32 33 30 38 5 0 34 4 8 9 21 7 24 29 20 14 1 22 25 27 12 26],[6 5 13 26 18 36 20 1 15 0 39 23 29 22 4 27 21 7 19 34 31 25 28 2 3 10 35 9 12 37 8 16 30 17 32 14 24 33 38 11],31538,32672
steepest/lipa40a,2,31979,23,18720,2,[4 27 18 8 30 15 10 13 39 16 3 6 24 34 35 33 5 38 31 9 17 11 19 32 28 21 1 2 14 36 22 20 0 23 37 12 7 29 26 25],[6 5 13 26 18 36 20 1 15 0 39 23 29 22 4 27 21 7 19 34 31 25 28 2 3 10 35 9 12 37 8 16 30 17 32 14 24 33 38 11],31538,32672
greedy/lipa40a,3,32030,60,3874,0,[33 37 35 25 26 22 27 4 18 23 28 13 8 0 39 29 30 24 16 10 2 31 36 34 15 38 14 11 19 3 20 5 21 7 17 1 9 32 6 12],[6 5 13 26 18 36 20 1 15 0 39 23 29 22 4 27 21 7 19 34 31 25 28 2 3 10 35 9 12 37 8 16 30 17 32 14 24 33 38 11],31538,32724
steepest/lipa40a,3,32005,23,18720,3,[2 6 9 33 35 26 12 16 19 23 0 39 25 32 13 38 36 22 18 15 8 29 1 5 10 34 4 21 3 11 20 14 30 37 27 17 24 7 31 28],[6 5 13 26 18 36 20 1 15 0 39 23 29 22 4 27 21 7 19 34 31 25 28 2 3 10 35 9 12 37 8 16 30 17 32 14 24 33 38 11],31538,32724
greedy/lipa40a,4,31994,52,3247,0,[2 3 24 39 12 6 31 18 38 11 27 19 14 10 21 35 23 36 37 28 30 17 1 29 25 7 8 4 34 16 9 0 22 33 32 13 15 20 5 26],[6 5 13 26 18 36 20 1 15 0 39 23 29 22 4 27 21 7 19 34 31 25 28 2 3 10 35 9 12 37 8 16 30 17 32 14 24 33 38 11],31538,32794
steepest/lipa40a,4,32030,17,14040,1,[12 7 24 5 27 35 16 25 30 26 10 18 14 20 6 34 8 32 28 23 15 29 4 21 19 37 1 11 33 38 39 0 31 3 2 17 22 9 36 13],[6 5 13 26 18 36 20 1 15 0 39 23 29 22 4 27 21 7 19 34 31 25 28 2 3 10 35 9 12 37 8 16 30 17 32 14 24 33 38 11],31538,32794
greedy/lipa40a,5,31990,72,7011,1,[4 13 36 33 10 22 31 39 1 16 14 11 12 30 15 2 5 32 0 35 17 9 21 8 26 38 19 29 20 34 28 7 18 6 37 24 27 3 23 25],[6 5 13 26 18 36 20 1 15 0 39 23 29 22 4 27 21 7 19 34 31 25 28 2 3 10 35 9 12 37 8 16 30 17 32 14 24 33 38 11],31538,32721
steepest/lipa40a,5,31996,20,16380,0,[4 6 28 1 10 15 20 13 17 9 2 3 26 8 31 27 35 25 14 18 21 19 33 12 0 39 32 23 7 24 38 34 36 11 30 29 37 16 22 5],[6 5 13 26 18 36 20 1 15 0 39 23 29 22 4 27 21 7 19 34 31 25 28 2 3 10 35 9 12 37 8 16 30 17 32 14 24 33 38 11],31538,32721
greedy/lipa40a,6,31923,75,5908,0,[24 22 13 39 20 38 23 12 15 27 8 5 16 0 32 25 21 30 4 34 14 9 28 2 3 19 1 26 11 33 10 29 7 37 17 36 31 18 6 35],[6 5 13 26 18 36 20 1 15 0 39 23 29 22 4 27 21 7 19 34 31 25 28 2 3 10 35 9 12 37 8 16 30 17 32 14 24 33 38 11],31538,32807
steepest/lipa40a,6,32060,20,16380,3,[38 8 27 24 39 35 18 13 11 26 22 3 7 4 19 25 21 14 6 12 20 33 34 32 5 10 36 1 31 17 23 28 30 9 15 0 37 29 2 16],[6 5 13 26 18 36 20 1 15 0 39 23 29 22 4 27 21 7 19 34 31 25 28 2 3 10 35 9 12 37 8 16 30 17 32 14 24 33 38 11],31538,32807
greedy/lipa40a,7,32066,39,3492,0,[10 1 20 9 5 28 11 26 14 7 22 31 30 32 24 18 37 35 13 29 17 21 33 34 0 3 38 19 2 12 36 23 15 25 27 8 4 6 39 16],[6 5 13 26 18 36 20 1 15 0 39 23 29 22 4 27 21 7 19 34 31 25 28 2 3 10 35 9 12 37 8 16 30 17 32 14 24 33 38 11],31538,32530
steepest/lipa40a,7,32059,20,16380,3,[10 30 34 31 5 24 11 0 38 1 37 16 33 3 2 29 22 35 13 26 17 21 14 8 18 27 6 20 28 12 36 23 25 39 15 7 19 9 32 4],[6 5 13 26 18 36 20 1 15 0 39 23 29 22 4 27 21 7 19 34 31 25 28 2 3 10 35 9 12 37 8 16 30 17 32 14 24 33 38 11],31538,32530
greedy/lipa40a,8,32021,54,4172,0,[39 25 30 1 32 16 22 13 9 17 20 35 14 0 28 26 18 2 23 6 38 8 36 34 15 29 3 37 24 21 10 4 11 7 19 33 12 5 31 27],[6 5 13 26 18 36 20 1 15 0 39 23 29 22 4 27 21 7 19 34 31 25 28 2 3 10 35 9 12 37 8 16 30 17 32 14 24 33 38 11],31538,32777
steepest/lipa40a,8,32019,23,18720,1,[30 16 39 13 1 6 26 22 35 18 36 19 4 11 20 28 17 23 14 9 38 8 29 34 5 10 21 0 37 7 33 2 25 31 3 24 32 15 12 27],[6 5 13 26 18 36 20 1 15 0 39 23 29 22 4 27 21 7 19 34 31 25 28 2 3 10 35 9 12 37 8 16 30 17 32 14 24 33 38 11],31538,32777
greedy/lipa40a,9,32013,63,6970,2,[20 8 19 29 31 21 12 5 1 37 39 13 32 2 28 23 22 11 15 35 17 25 10 3 18 27 34 9 16 24 6 30 33 36 38 7 26 0 14 4],[6 5 13 26 18 36 20 1 15 0 39 23 29 22 4 27 21 7 19 34 31 25 28 2 3 10 35 9 12 37 8 16 30 17 32 14 24 33 38 11],31538,32764
steepest/lipa40a,9,32001,20,16380,0,[23 6 26 13 12 4 15 5 9 30 36 2 31 33 20 18 8 17 35 39 37 7 25 27 1 0 10 16 32 34 14 24 29 11 22 19 21 38 28 3],[6 5 13 26 18 36 20 1 15 0 39 23 29 22 4 27 21 7 19 34 31 25 28 2 3 10 35 9 12 37 8 16 30 17 32 14 24 33 38 11],31538,32764
greedy/lipa40a,10,32023,68,4920,0,[37 25 20 15 39 6 1 12 17 30 14 3 7 27 18 11 35 38 36 28 19 8 5 0 16 9 24 4 34 31 29 10 13 33 2 26 22 23 21 32],[6 5 13 26 18 36 20 1 15 0 39 23 29 22 4 27 21 7 19 34 31 25 28 2 3 10 35 9 12 37 8 16 30 17 32 14 24 33 38 11],31538,32781
steepest/lipa40a,10,31925,20,16380,4,[16 33 39 27 18 17 20 19 35 36 12 5 38 31 1 11 9 25 4 6 28 7 14 22 29 30 15 13 0 37 3 26 10 32 23 8 24 2 34 21],[6 5 13 26 18 36 20 1 15 0 39 23 29 22 4 27 21 7 19 34 31 25 28 2 3 10 35 9 12 37 8 16 30 17 32 14 24 33 38 11],31538,32781
greedy/lipa40a,11,32048,68,3684,0,[14 3 27 17 0 24 16 18 15 25 29 12 10 26 23 28 5 8 2 34 22 31 6 11 33 4 9 20 30 37 13 36 7 21 39 1 19 32 38 35],[6 5 13 26 18 36 20 1 15 0 39 23 29 22 4 27 21 7 19 34 31 25 28 2 3 10 35 9 12 37 8 16 30 17 32 14 24 33 38 11],31538,32669
steepest/lipa40a,11,31983,25,20280,0,[5 9 19 21 22 15 3 13 23 17 6 16 1 18 30 34 28 27 0 2 4 24 10 31 39 8 14 35 20 33 26 37 36 38 29 12 32 7 11 25],[6 5 13 26 18 36 20 1 15 0 39 23 29 22 4 27 21 7 19 34 31 25 28 2 3 10 35 9 12 37 8 16 30 17 32 14 24 33 38 11],31538,32669
greedy/lipa40a,12,32038,55,3500,0,[34 2 33 26 6 30 10 38 1 15 29 20 37 7 32 3 8 18 4 35 28 36 14 27 13 0 22 17 21 23 12 11 9 19 5 16 39 24 25 31],[6 5 13 26 18 36 20 1 15 0 39 23 29 22 4 27 21 7 19 34 31 25 28 2 3 10 35 9 12 37 8 16 30 17 32 14 24 33 38 11],31538,32761
steepest/lipa40a,12,32045,25,20280,4,[22 18 23 26 36 17 1 30 4 19 34 27 11 33 24 32 38 25 15 28 39 31 0 37 21 3 6 29 16 10 8 12 9 5 13 35 14 7 20 2],[6 5 13 26 18 36 20 1 15 0 39 23 29 22 4 27 21 7 19 34 31 25 28 2 3 10 35 9 12 37 8 16 30 17 32 14 24 33 38 11],31538,32761
greedy/lipa40a,13,31955,80,4473,2,[3 30 11 13 37 14 12 8 31 28 23 32 9 20 5 33 19 34 1 27 38 26 35 39 10 25 22 29 15 24 18 36 16 4 0 21 6 17 7 2],[6 5 13 26 18 36 20 1 15 0 39 23 29 22 4 27 21 7 19 34 31 25 28 2 3 10 35 9 12 37 8 16 30 17 32 14 24 33 38 11],31538,32789
steepest/lipa40a,13,31987,23,18720,1,[34 0 35 26 37 3 23 31 22 21 6 39 29 15 33 4 38 8 18 2 28 36 10 32 13 30 1 27 20 17 19 14 9 7 12 16 24 11 5 25],[6 5 13 26 18 36 20 1 15 0 39 23 29 22 4 27 21 7 19 34 31 25 28 2 3 10 35 9 12 37 8 16 30 17 32 14 24 33 38 11],31538,32789
greedy/lipa40a,14,32077,55,1636,0,[24 13 9 8 27 1 29 33 30 4 39 22 17 35 23 0 6 32 20 18 25 14 37 34 7 31 19 10 3 12 38 11 2 21 5 36 16 26 15 28],[6 5 13 26 18 36 20 1 15 0 39 23 29 22 4 27 21 7 19 34 31 25 28 2 3 10 35 9 12 37 8 16 30 17 32 14 24 33 38 11],31538,32731
steepest/lipa40a,14,31949,32,25740,1,[23 12 27 34 18 31 25 11 39 2 24 26 10 7 4 13 9 20 28 33 21 32 3 6 1 30 22 19 35 14 8 0 37 17 16 36 29 5 15 38],[6 5 13 26 18 36 20 1 15 0 39 23 29 22 4 27 21 7 19 34 31 25 28 2 3 10 35 9 12 37 8 16 30 17 32 14 24 33 38 11],31538,32731
greedy/lipa40a,15,32052,50,4667,0,[34 39 12 29 9 4 26 17 31 32 33 10 30 2 14 35 24 5 21 18 28 7 0 1 25 6 11 13 3 8 19 23 36 20 16 37 38 15 22 27],[6 5 13 26 18 36 20 1 15 0 39 23 29 22 4 27 21 7 19 34 31 25 28 2 3 10 35 9 12 37 8 16 30 17 32 14 24 33 38 11],31538,32786
steepest/lipa40a,15,32066,16,13260,0,[5 16 0 37 25 10 9 3 8 18 12 19 15 21 11 38 30 39 13 26 4 1 32 2 33 14 28 24 17 36 7 35 6 20 29 31 23 34 27 22],[6 5 13 26 18 36 20 1 15 0 39 23 29 22 4 27 21 7 19 34 31 25 28 2 3 10 35 9 12 37 8 16 30 17 32 14 24 33 38 11],31538,32786
greedy/lipa40a,16,31949,61,5146,0,[22 3 28 21 23 16 18 11 32 1 2 13 34 8 38 25 30 37 29 24 14 17 12 39 0 36 35 4 7 10 27 26 33 9 31 5 19 6 15 20],[6 5 13 26 18 36 20 1 15 0 39 23 29 22 4 27 21 7 19 34 31 25 28 2 3 10 35 9 12 37 8 16 30 17 32 14 24 33 38 11],31538,32596
steepest/lipa40a,16,32050,18,14820,0,[19 8 18 10 12 2 5 28 25 38 15 33 7 13 31 24 1 37 9 29 23 17 20 6 35 16 22 4 30 34 3 32 14 11 26 39 36 27 0 21],[6 5 13 26 18 36 20 1 15 0 39 23 29 22 4 27 21 7 19 34 31 25 28 2 3 10 35 9 12 37 8 16 30 17 32 14 24 33 38 11],31538,32596
greedy/lipa40a,17,31935,71,4500,0,[8 33 23 17 2 25 31 9 37 39 28 26 21 34 6 35 30 1 24 7 20 32 12 27 3 16 13 19 10 15 18 0 4 22 5 14 36 38 29 11],[6 5 13 26 18 36 20 1 15 0 39 23 29 22 4 27 21 7 19 34 31 25 28 2 3 10 35 9 12 37 8 16 30 17 32 14 24 33 38 11],31538,32753
steepest/lipa40a,17,31997,26,21060,10,[15 34 13 21 19 36 32 12 7 8 4 39 29 5 16 27 26 14 6 20 9 3 35 23 11 31 1 10 18 24 0 25 33 28 37 2 30 17 22 38],[6 5 13 26 18 36 20 1 15 0 39 23 29 22 4 27 21 7 19 34 31 25 28 2 3 10 35 9 12 37 8 16 30 17 32 14 24 33 38 11],31538,32753
greedy/lipa40a,18,32025,70,3531,0,[9 14 25 24 32 11 18 8 38 23 12 34 39 35 27 2 16 19 36 6 22 30 15 5 31 13 33 26 28 17 4 21 7 29 1 37 10 0 20 3],[6 5 13 26 18 36 20 1 15 0 39 23 29 22 4 27 21 7 19 34 31 25 28 2 3 10 35 9 12 37 8 16 30 17 32 14 24 33 38 11],31538,32861
steepest/lipa40a,18,31983,28,22620,6,[22 24 20 9 23 8 5 19 30 38 12 2 28 25 18 21 35 7 36 27 15 16 11 31 13 39 6 26 10 34 3 17 29 33 1 4 37 32 14 0],[6 5 13 26 18 36 20 1 15 0 39 23 29 22 4 27 21 7 19 34 31 25 28 2 3 10 35 9 12 37 8 16 30 17 32 14 24 33 38 11],31538,32861
greedy/lipa40a,19,31994,64,5603,1,[32 10 30 26 20 28 27 5 12 31 18 36 38 15 4 7 1 3 39 29 19 8 9 11 13 33 16 17 2 37 6 14 24 25 35 22 34 0 21 23],[6 5 13 26 18 36 20 1 15 0 39 23 29 22 4 27 21 7 19 34 31 25 28 2 3 10 35 9 12 37 8 16 30 17 32 14 24 33 38 11],31538,32725
steepest/lipa40a,19,31994,21,17160,2,[33 27 7 12 9 38 14 5 1 0 19 16 22 32 13 30 10 11 17 25 18 15 31 37 23 8 39 6 35 34 3 24 36 2 4 21 29 28 26 20],[6 5 13 26 18 36 20 1 15 0 39 23 29 22 4 27 21 7 19 34 31 25 28 2 3 10 35 9 12 37 8 16 30 17 32 14 24 33 38 11],31538,32725
greedy/lipa40a,20,31995,61,5792,0,[14 2 4 7 37 35 31 22 5 25 29 9 8 13 18 12 16 34 3 39 28 38 24 33 27 11 1 30 0 23 21 17 36 20 6 26 19 15 32 10],[6 5 13 26 18 36 20 1 15 0 39 23 29 22 4 27 21 7 19 34 31 25 28 2 3 10 35 9 12 37 8 16 30 17 32 14 24 33 38 11],31538,32759
steepest/lipa40a,20,31953,26,21060,0,[26 16 27 39 5 35 2 23 10 8 31 38 32 11 6 28 9 4 37 18 30 33 22 3 20 25 34 1 12 29 0 7 36 15 19 14 24 21 17 13],[6 5 13 26 18 36 20 1 15 0 39 23 29 22 4 27 21 7 19 34 31 25 28 2 3 10 35 9 12 37 8 16 30 17 32 14 24 33 38 11],31538,32759
greedy/lipa40a,21,31997,59,5471,0,[31 22 18 28 36 11 2 39 7 15 1 32 25 33 30 8 19 0 24 37 12 21 27 16 3 23 17 10 6 29 13 20 5 9 26 14 34 38 4 35],[6 5 13 26 18 36 20 1 15 0 39 23 29 22 4 27 21 7 19 34 31 25 28 2 3 10 35 9 12 37 8 16 30 17 32 14 24 33 38 11],31538,32596
steepest/lipa40a,21,32039,21,17160,0,[15 5 39 27 23 14 7 31 22 34 10 25 0 16 9 18 21 20 24 38 13 19 12 2 3 33 17 1 28 32 37 36 29 30 26 6 8 11 4 35],[6 5 13 26 18 36 20 1 15 0 39 23 29 22 4 27 21 7 19 34 31 25 28 2 3 10 35 9 12 37 8 16 30 17 32 14 24 33 38 11],31538,32596
greedy/lipa40a,22,32017,53,5717,0,[8 33 27 9 20 6 3 11 16 7 39 30 10 22 21 14 4 28 38 36 19 35 26 18 32 25 15 29 13 12 23 0 37 24 5 1 17 31 2 34],[6 5 13 26 18 36 20 1 15 0 39 23 29 22 4 27 21 7 19 34 31 25 28 2 3 10 35 9 12 37 8 16 30 17 32 14 24 33 38 11],31538,32707
steepest/lipa40a,22,32005,26,21060,10,[18 32 27 30 26 15 35 13 29 0 31 4 28 33 12 10 21 9 17 24 39 11 14 3 1 8 38 36 25 20 23 7 34 5 16 19 37 2 6 22],[6 5 13 26 18 36 20 1 15 0 39 23 29 22 4 27 21 7 19 34 31 25 28 2 3 10 35 9 12 37 8 16 30 17 32 14 24 33 38 11],31538,32707
greedy/lipa40a,23,32015,63,3667,0,[11 17 16 37 20 19 38 21 10 15 30 39 25 2 27 34 36 23 18 5 31 22 3 14 28 7 26 6 35 0 24 1 9 13 33 29 8 32 4 12],[6 5 13 26 18 36 20 1 15 0 39 23 29 22 4 27 21 7 19 34 31 25 28 2 3 10 35 9 12 37 8 16 30 17 32 14 24 33 38 11],31538,32787
steepest/lipa40a,23,32095,18,14820,2,[10 32 15 22 4 21 8 23 3 0 11 12 38 20 18 14 2 34 17 27 29 24 31 26 16 28 30 35 36 25 9 1 7 6 19 13 5 39 33 37],[6 5 13 26 18 36 20 1 15 0 39 23 29 22 4 27 21 7 19 34 31 25 28 2 3 10 35 9 12 37 8 16 30 17 32 14 24 33 38 11],31538,32787
greedy/lipa40a,24,32086,56,3641,0,[15 31 27 20 38 16 18 11 28 39 36 33 13 25 6 26 37 30 24 3 12 21 23 32 9 14 2 19 34 10 35 4 8 22 5 0 17 1 7 29],[6 5 13 26 18 36 20 1 15 0 39 23 29 22 4 27 21 7 19 34 31 25 28 2 3 10 35 9 12 37 8 16 30 17 32 14 24 33 38 11],31538,32753
steepest/lipa40a,24,32038,22,17940,2,[30 13 24 19 8 12 18 20 14 25 10 33 0 23 27 7 29 17 34 38 26 36 32 2 3 11 35 1 4 22 39 6 9 15 16 21 37 5 31 28],[6 5 13 26 18 36 20 1 15 0 39 23 29 22 4 27 21 7 19 34 31 25 28 2 3 10 35 9 12 37 8 16 30 17 32 14 24 33 38 11],31538,32753
greedy/lipa40a,25,32054,61,4507,2,[4 28 12 11 2 36 19 29 20 34 35 39 23 24 6 37 13 38 1 25 17 15 10 8 18 16 14 9 22 33 21 30 5 3 27 7 31 0 32 26],[6 5 13 26 18 36 20 1 15 0 39 23 29 22 4 27 21 7 19 34 31 25 28 2 3 10 35 9 12 37 8 16 30 17 32 14 24 33 38 11],31538,32839
steepest/lipa40a,25,31993,23,18720,2,[32 18 2 25 26 15 39 6 28 34 13 36 8 37 23 35 1 9 11 3 19 10 22 27 0 7 29 21 4 33 16 30 38 12 31 24 17 5 20 14],[6 5 13 26 18 36 20 1 15 0 39 23 29 22 4 27 21 7 19 34 31 25 28 2 3 10 35 9 12 37 8 16 30 17 32 14 24 33 38 11],31538,32839
greedy/lipa40a,26,32012,56,4524,0,[24 12 8 35 6 21 32 20 3 23 11 33 29 4 2 19 30 14 34 28 15 25 26 39 5 9 37 13 1 7 18 16 0 10 36 22 31 17 38 27],[6 5 13 26 18 36 20 1 15 0 39 23 29 22 4 27 21 7 19 34 31 25 28 2 3 10 35 9 12 37 8 16 30 17 32 14 24 33 38 11],31538,32693
steepest/lipa40a,26,32035,25,20280,1,[32 13 33 11 10 28 8 34 1 24 14 31 7 30 27 17 12 26 37 25 18 5 20 3 9 38 29 4 6 22 35 21 39 0 19 16 15 36 23 2],[6 5 13 26 18 36 20 1 15 0 39 23 29 22 4 27 21 7 19 34 31 25 28 2 3 10 35 9 12 37 8 16 30 17 32 14 24 33 38 11],31538,32693
greedy/lipa40a,27,32011,50,3451,2,[34 39 2 26 14 10 30 27 31 15 9 20 36 19 38 13 21 37 32 16 24 6 0 5 17 1 3 18 11 23 12 35 33 25 22 4 8 29 7 28],[6 5 13 26 18 36 20 1 15 0 39 23 29 22 4 27 21 7 19 34 31 25 28 2 3 10 35 9 12 37 8 16 30 17 32 14 24 33 38 11],31538,32661
steepest/lipa40a,27,32050,18,14820,0,[15 26 2 37 32 4 28 22 25 5 36 33 35 34 9 10 16 19 21 14 38 23 0 11 3 13 31 6 24 17 20 39 8 29 12 30 1 7 18 27],[6 5 13 26 18 36 20 1 15 0 39 23 29 22 4 27 21 7 19 34 31 25 28 2 3 10 35 9 12 37 8 16 30 17 32 14 24 33 38 11],31538,32661
greedy/lipa40a,28,32025,55,4210,0,[26 9 15 35 28 11 25 5 22 8 2 36 0 31 38 13 34 16 1 33 17 7 18 39 10 37 27 23 12 14 20 6 19 3 32 21 29 24 30 4],[6 5 13 26 18 36 20 1 15 0 39 23 29 22 4 27 21 7 19 34 31 25 28 2 3 10 35 9 12 37 8 16 30 17 32 14 24 33 38 11],31538,32790
steepest/lipa40a,28,32013,21,17160,0,[32 13 25 35 15 31 12 10 28 8 14 11 9 27 7 2 33 26 5 19 1 0 18 39 17 34 38 23 29 3 37 21 22 36 20 4 24 30 6 16],[6 5 13 26 18 36 20 1 15 0 39 23 29 22 4 27 21 7 19 34 31 25 28 2 3 10 35 9 12 37 8 16 30 17 32 14 24 33 38 11],31538,32790
greedy/lipa40a,29,32024,48,4062,3,[25 27 2 12 38 31 15 3 35 20 24 26 28 37 14 13 9 5 18 1 17 4 30 7 32 16 36 23 39 8 0 33 21 22 29 19 34 6 11 10],[6 5 13 26 18 36 20 1 15 0 39 23 29 22 4 27 21 7 19 34 31 25 28 2 3 10 35 9 12 37 8 16 30 17 32 14 24 33 38 11],31538,32776
steepest/lipa40a,29,32045,21,17160,1,[38 27 2 17 6 8 36 16 10 11 37 3 13 19 29 25 22 15 39 18 30 31 33 24 23 32 7 26 1 9 5 14 4 0 35 21 20 34 28 12],[6 5 13 26 18 36 20 1 15 0 39 23 29 22 4 27 21 7 19 34 31 25 28 2 3 10 35 9 12 37 8 16 30 17 32 14 24 33 38 11],31538,32776
greedy/lipa40a,30,32045,57,2576,0,[4 26 18 13 27 17 0 1 7 11 38 20 24 5 33 8 10 14 21 37 22 30 15 12 19 3 35 29 28 6 31 23 25 34 16 32 2 36 39 9],[6 5 13 26 18 36 20 1 15 0 39 23 29 22 4 27 21 7 19 34 31 25 28 2 3 10 35 9 12 37 8 16 30 17 32 14 24 33 38 11],31538,32743
steepest/lipa40a,30,32045,23,18720,2,[1 6 12 8 11 14 2 27 38 10 30 20 31 5 15 28 18 29 23 22 33 4 16 34 32 25 21 17 0 7 3 36 37 24 35 19 9 13 39 26],[6 5 13 26 18 36 20 1 15 0 39 23 29 22 4 27 21 7 19 34 31 25 28 2 3 10 35 9 12 37 8 16 30 17 32 14 24 33 38 11],31538,32743
greedy/lipa40a,31,32022,49,3211,0,[22 34 12 2 20 6 38 32 25 17 18 11 31 0 30 5 29 8 9 14 39 37 36 7 15 13 24 19 33 28 16 23 35 26 1 27 10 4 21 3],[6 5 13 26 18 36 20 1 15 0 39 23 29 22 4 27 21 7 19 34 31 25 28 2 3 10 35 9 12 37 8 16 30 17 32 14 24 33 38 11],31538,32560
steepest/lipa40a,31,31996,27,21840,2,[35 11 23 25 32 21 38 34 12 30 28 10 4 2 6 5 29 1 17 24 39 26 31 37 18 13 8 9 27 22 14 0 36 15 16 7 19 33 20 3],[6 5 13 26 18 36 20 1 15 0 39 23 29 22 4 27 21 7 19 34 31 25 28 2 3 10 35 9 12 37 8 16 30 17 32 14 24 33 38 11],31538,32560
greedy/lipa40a,32,32048,46,2638,0,[12 8 26 16 9 10 25 13 24 11 30 0 4 22 19 31 32 29 15 3 36 14 17 34 39 18 21 1 23 7 33 28 6 20 27 38 5 35 37 2],[6 5 13 26 18 36 20 1 15 0 39 23 29 22 4 27 21 7 19 34 31 25 28 2 3 10 35 9 12 37 8 16 30 17 32 14 24 33 38 11],31538,32700
steepest/lipa40a,32,32073,21,17160,2,[37 10 26 17 9 8 0 2 27 34 11 35 28 14 21 24 5 25 39 3 23 6 19 1 22 38 16 12 13 7 36 15 20 33 18 4 30 31 29 32],[6 5 13 26 18 36 20 1 15 0 39 23 29 22 4 27 21 7 19 34 31 25 28 2 3 10 35 9 12 37 8 16 30 17 32 14 24 33 38 11],31538,32700
greedy/lipa40a,33,32011,68,5741,0,[13 9 36 28 27 32 30 23 39 0 20 37 1 17 25 14 19 35 24 5 29 33 2 12 4 3 38 7 8 6 15 34 16 31 18 22 10 21 11 26],[6 5 13 26 18 36 20 1 15 0 39 23 29 22 4 27 21 7 19 34 31 25 28 2 3 10 35 9 12 37 8 16 30 17 32 14 24 33 38 11],31538,32822
steepest/lipa40a,33,31959,34,27300,3,[3 9 31 35 27 32 29 1 10 2 20 0 11 23 26 13 15 14 5 36 34 22 39 18 12 24 25 7 8 17 28 38 21 6 4 37 16 19 30 33],[6 5 13 26 18 36 20 1 15 0 39 23 29 22 4 27 21 7 19 34 31 25 28 2 3 10 35 9 12 37 8 16 30 17 32 14 24 33 38 11],31538,32822
greedy/lipa40a,34,32065,53,2068,0,[6 2 31 10 5 32 23 27 29 4 0 18 37 19 28 12 24 33 25 16 3 9 22 35 1 34 21 30 7 15 13 11 17 8 26 20 38 14 36 39],[6 5 13 26 18 36 20 1 15 0 39 23 29 22 4 27 21 7 19 34 31 25 28 2 3 10 35 9 12 37 8 16 30 17 32 14 24 33 38 11],31538,32735
steepest/lipa40a,34,31994,22,17940,3,[11 34 13 7 1 0 9 5 16 10 32 23 29 22 37 25 4 36 35 31 6 39 28 2 3 17 8 18 21 27 20 15 30 12 14 19 33 24 38 26],[6 5 13 26 18 36 20 1 15 0 39 23 29 22 4 27 21 7 19 34 31 25 28 2 3 10 35 9 12 37 8 16 30 17 32 14 24 33 38 11],31538,32735
greedy/lipa40a,35,31986,62,5635,0,[5 7 26 17 10 24 29 15 30 34 37 0 9 31 11 13 23 14 27 39 21 16 4 32 2 12 19 20 8 25 28 35 6 1 38 36 22 3 18 33],[6 5 13 26 18 36 20 1 15 0 39 23 29 22 4 27 21 7 19 34 31 25 28 2 3 10 35 9 12 37 8 16 30 17 32 14 24 33 38 11],31538,32805
steepest/lipa40a,35,32056,19,15600,1,[24 7 19 35 22 34 39 36 25 12 26 11 9 30 33 32 1 3 5 29 15 16 14 27 13 38 10 8 31 0 20 23 2 21 4 37 6 28 17 18],[6 5 13 26 18 36 20 1 15 0 39 23 29 22 4 27 21 7 19 34 31 25 28 2 3 10 35 9 12 37 8 16 30 17 32 14 24 33 38 11],31538,32805
greedy/lipa40a,36,31988,70,6279,0,[15 13 3 2 31 9 10 30 6 28 11 5 38 33 29 21 4 25 24 19 27 18 8 14 32 17 37 35 0 39 20 22 36 34 26 1 12 7 23 16],[6 5 13 26 18 36 20 1 15 0 39 23 29 22 4 27 21 7 19 34 31 25 28 2 3 10 35 9 12 37 8 16 30 17 32 14 24 33 38 11],31538,32727
steepest/lipa40a,36,32025,19,15600,1,[15 5 12 31 25 10 9 27 38 22 18 17 2 7 33 3 19 39 16 14 24 36 6 20 30 1 21 11 4 37 32 23 29 34 28 26 35 13 8 0],[6 5 13 26 18 36 20 1 15 0 39 23 29 22 4 27 21 7 19 34 31 25 28 2 3 10 35 9 12 37 8 16 30 17 32 14 24 33 38 11],31538,32727
greedy/lipa40a,37,32074,50,2498,0,[8 30 11 5 29 7 27 1 31 15 0 20 9 23 38 39 17 34 18 19 10 21 22 35 37 4 2 12 6 28 26 36 24 25 33 13 3 32 14 16],[6 5 13 26 18 36 20 1 15 0 39 23 29 22 4 27 21 7 19 34 31 25 28 2 3 10 35 9 12 37 8 16 30 17 32 14 24 33 38 11],31538,32764
steepest/lipa40a,37,32079,18,14820,1,[0 30 27 33 21 3 5 37 28 6 23 39 29 18 19 22 35 10 12 9 11 36 1 16 25 13 17 2 26 8 20 15 7 32 31 4 34 24 14 38],[6 5 13 26 18 36 20 1 15 0 39 23 29 22 4 27 21 7 19 34 31 25 28 2 3 10 35 9 12 37 8 16 30 17 32 14 24 33 38 11],31538,32764
greedy/lipa40a,38,31970,61,6472,1,[6 2 4 16 10 31 26 29 30 7 3 14 1 38 28 17 37 34 8 18 15 20 9 22 39 19 32 27 24 12 23 35 33 5 0 25 21 11 36 13],[6 5 13 26 18 36 20 1 15 0 39 23 29 22 4 27 21 7 19 34 31 25 28 2 3 10 35 9 12 37 8 16 30 17 32 14 24 33 38 11],31538,32609
steepest/lipa40a,38,31997,23,18720,1,[34 6 7 9 35 15 29 10 24 18 16 23 3 0 32 13 37 22 12 2 11 4 26 27 8 19 36 5 21 17 20 30 38 1 25 28 14 33 39 31],[6 5 13 26 18 36 20 1 15 0 39 23 29 22 4 27 21 7 19 34 31 25 28 2 3 10 35 9 12 37 8 16 30 17 32 14 24 33 38 11],31538,32609
greedy/lipa40a,39,31983,63,5730,0,[31 0 18 39 4 38 5 15 12 1 21 27 20 34 11 24 10 17 29 26 2 32 23 25 30 14 19 22 13 16 33 35 37 6 9 7 36 3 8 28],[6 5 13 26 18 36 20 1 15 0 39 23 29 22 4 27 21 7 19 34 31 25 28 2 3 10 35 9 12 37 8 16 30 17 32 14 24 33 38 11],31538,32738
steepest/lipa40a,39,32012,25,20280,3,[17 35 16 27 13 7 39 18 28 11 25 37 8 12 23 1 19 29 6 4 10 30 38 3 36 32 22 14 0 9 31 33 20 21 26 34 5 15 24 2],[6 5 13 26 18 36 20 1 15 0 39 23 29 22 4 27 21 7 19 34 31 25 28 2 3 10 35 9 12 37 8 16 30 17 32 14 24 33 38 11],31538,32738
greedy/lipa40a,40,32016,50,3894,1,[22 19 26 8 30 25 12 4 16 36 24 27 10 35 21 31 38 33 13 2 14 11 32 0 39 6 28 20 29 3 34 9 37 23 15 18 7 5 1 17],[6 5 13 26 18 36 20 1 15 0 39 23 29 22 4 27 21 7 19 34 31 25 28 2 3 10 35 9 12 37 8 16 30 17 32 14 24 33 38 11],31538,32625
steepest/lipa40a,40,31999,24,19500,0,[6 3 27 18 36 19 12 2 23 0 32 26 20 22 14 35 30 4 28 38 11 29 33 1 39 15 16 7 17 24 5 13 21 9 8 25 34 10 37 31],[6 5 13 26 18 36 20 1 15 0 39 23 29 22 4 27 21 7 19 34 31 25 28 2 3 10 35 9 12 37 8 16 30 17 32 14 24 33 38 11],31538,32625
greedy/lipa40a,41,32029,62,7426,3,[6 24 28 39 13 35 29 26 10 4 23 3 15 37 7 27 38 25 22 0 11 14 1 19 8 20 21 36 18 16 17 34 12 33 9 32 2 30 5 31],[6 5 13 26 18 36 20 1 15 0 39 23 29 22 4 27 21 7 19 34 31 25 28 2 3 10 35 9 12 37 8 16 30 17 32 14 24 33 38 11],31538,32639
steepest/lipa40a,41,32051,23,18720,0,[38 35 23 39 25 29 15 13 0 22 9 18 4 10 3 12 33 36 27 17 24 11 34 19 26 1 21 2 20 8 32 28 14 6 16 37 31 30 5 7],[6 5 13 26 18 36 20 1 15 0 39 23 29 22 4 27 21 7 19 34 31 25 28 2 3 10 35 9 12 37 8 16 30 17 32 14 24 33 38 11],31538,32639
greedy/lipa40a,42,31979,71,5035,0,[12 28 19 16 2 22 10 14 17 24 11 31 34 9 26 32 29 39 7 13 38 33 20 5 25 37 4 21 6 0 15 8 1 3 30 23 18 35 36 27],[6 5 13 26 18 36 20 1 15 0 39 23 29 22 4 27 21 7 19 34 31 25 28 2 3 10 35 9 12 37 8 16 30 17 32 14 24 33 38 11],31538,32819
steepest/lipa40a,42,32005,23,18720,4,[30 12 27 39 19 29 22 26 20 32 3 33 16 34 21 13 24 37 4 25 14 8 6 31 0 7 11 2 1 38 9 15 28 10 17 36 23 18 5 35],[6 5 13 26 18 36 20 1 15 0 39 23 29 22 4 27 21 7 19 34 31 25 28 2 3 10 35 9 12 37 8 16 30 17 32 14 24 33 38 11],31538,32819
greedy/lipa40a,43,32025,53,5429,0,[37 33 30 12 14 31 27 11 7 20 8 9 16 23 4 13 25 3 28 32 19 22 39 2 0 18 35 15 26 21 10 38 36 17 5 29 34 6 24 1],[6 5 13 26 18 36 20 1 15 0 39 23 29 22 4 27 21 7 19 34 31 25 28 2 3 10 35 9 12 37 8 16 30 17 32 14 24 33 38 11],31538,32569
steepest/lipa40a,43,32025,21,17160,0,[1 16 5 18 14 29 30 11 0 12 3 28 20 39 27 4 10 35 2 6 24 23 21 34 22 25 19 32 26 8 37 9 38 13 31 36 15 33 17 7],[6 5 13 26 18 36 20 1 15 0 39 23 29 22 4 27 21 7 19 34 31 25 28 2 3 10 35 9 12 37 8 16 30 17 32 14 24 33 38 11],31538,32569
greedy/lipa40a,44,31928,65,6427,3,[6 1 18 8 13 23 29 20 39 0 22 12 7 3 4 27 30 16 36 9 31 25 37 32 26 38 35 2 21 24 5 28 19 17 34 14 15 10 33 11],[6 5 13 26 18 36 20 1 15 0 39 23 29 22 4 27 21 7 19 34 31 25 28 2 3 10 35 9 12 37 8 16 30 17 32 14 24 33 38 11],31538,32694
steepest/lipa40a,44,31997,21,17160,2,[2 19 13 38 11 23 31 20 37 9 6 33 15 26 32 25 18 1 21 4 30 35 0 5 17 24 29 39 7 27 28 16 12 22 10 34 36 3 8 14],[6 5 13 26 18 36 20 1 15 0 39 23 29 22 4 27 21 7 19 34 31 25 28 2 3 10 35 9 12 37 8 16 30 17 32 14 24 33 38 11],31538,32694
greedy/lipa40a,45,32046,68,3599,0,[29 2 35 7 9 17 38 21 24 25 14 8 16 3 10 39 20 22 37 13 30 6 27 15 31 23 26 18 0 1 32 5 36 33 19 4 11 34 28 12],[6 5 13 26 18 36 20 1 15 0 39 23 29 22 4 27 21 7 19 34 31 25 28 2 3 10 35 9 12 37 8 16 30 17 32 14 24 33 38 11],31538,32817
steepest/lipa40a,45,31996,28,22620,3,[17 29 36 12 31 8 37 19 0 5 2 3 34 39 33 14 10 25 23 6 38 7 30 26 18 15 28 22 35 16 24 4 27 1 21 20 11 32 13 9],[6 5 13 26 18 36 20 1 15 0 39 23 29 22 4 27 21 7 19 34 31 25 28 2 3 10 35 9 12 37 8 16 30 17 32 14 24 33 38 11],31538,32817
greedy/lipa40a,46,32046,56,3776,0,[21 26 33 36 2 37 11 12 35 7 8 15 18 0 39 29 20 13 3 6 4 32 27 14 5 16 19 1 24 25 9 10 34 22 38 30 28 23 17 31],[6 5 13 26 18 36 20 1 15 0 39 23 29 22 4 27 21 7 19 34 31 25 28 2 3 10 35 9 12 37 8 16 30 17 32 14 24 33 38 11],31538,32816
steepest/lipa40a,46,32030,23,18720,2,[17 7 21 3 9 31 11 12 33 2 19 13 1 32 18 29 27 22 6 8 4 24 0 25 37 36 26 15 16 34 28 10 14 39 20 23 35 38 30 5],[6 5 13 26 18 36 20 1 15 0 39 23 29 22 4 27 21 7 19 34 31 25 28 2 3 10 35 9 12 37 8 16 30 17 32 14 24 33 38 11],31538,32816
greedy/lipa40a,47,32062,51,2785,0,[37 28 3 12 32 34 31 33 35 22 19 16 14 0 6 38 11 1 7 30 8 9 21 25 26 5 23 15 17 27 13 4 29 20 24 39 36 18 10 2],[6 5 13 26 18 36 20 1 15 0 39 23 29 22 4 27 21 7 19 34 31 25 28 2 3 10 35 9 12 37 8 16 30 17 32 14 24 33 38 11],31538,32675
steepest/lipa40a,47,31999,23,18720,3,[17 13 18 37 11 34 31 28 16 36 14 21 29 35 9 24 38 1 10 4 12 19 39 22 5 15 3 32 23 27 7 20 0 25 8 6 33 26 30 2],[6 5 13 26 18 36 20 1 15 0 39 23 29 22 4 27 21 7 19 34 31 25 28 2 3 10 35 9 12 37 8 16 30 17 32 14 24 33 38 11],31538,32675
greedy/lipa40a,48,31999,49,4194,0,[34 2 30 9 0 23 37 18 7 15 29 16 33 11 32 26 8 20 35 6 38 17 19 13 31 36 10 25 1 22 27 14 4 21 39 3 5 24 28 12],[6 5 13 26 18 36 20 1 15 0 39 23 29 22 4 27 21 7 19 34 31 25 28 2 3 10 35 9 12 37 8 16 30 17 32 14 24 33 38 11],31538,32737
steepest/lipa40a,48,32009,24,19500,2,[34 27 26 5 19 35 21 22 30 15 37 20 17 29 13 33 8 14 10 31 38 36 0 23 11 28 1 4 16 2 25 18 24 7 3 9 32 6 39 12],[6 5 13 26 18 36 20 1 15 0 39 23 29 22 4 27 21 7 19 34 31 25 28 2 3 10 35 9 12 37 8 16 30 17 32 14 24 33 38 11],31538,32737
greedy/lipa40a,49,32063,50,3151,0,[6 25 14 20 21 17 31 38 8 4 33 35 37 18 28 3 24 34 2 22 29 19 16 27 39 0 10 23 32 36 7 30 15 26 12 11 1 5 13 9],[6 5 13 26 18 36 20 1 15 0 39 23 29 22 4 27 21 7 19 34 31 25 28 2 3 10 35 9 12 37 8 16 30 17 32 14 24 33 38 11],31538,32744
steepest/lipa40a,49,32001,24,19500,3,[24 17 12 11 34 8 31 20 38 2 28 39 30 36 4 6 22 19 25 23 7 35 14 27 32 26 29 33 3 15 13 37 9 5 0 1 21 18 10 16],[6 5 13 26 18 36 20 1 15 0 39 23 29 22 4 27 21 7 19 34 31 25 28 2 3 10 35 9 12 37 8 16 30 17 32 14 24 33 38 11],31538,32744
greedy/lipa40a,50,32038,63,3795,0,[33 21 39 18 29 15 10 6 37 23 27 38 2 35 12 26 30 36 5 4 34 0 8 16 22 19 7 24 9 32 1 3 28 25 11 14 13 31 17 20],[6 5 13 26 18 36 20 1 15 0 39 23 29 22 4 27 21 7 19 34 31 25 28 2 3 10 35 9 12 37 8 16 30 17 32 14 24 33 38 11],31538,32749
steepest/lipa40a,50,32057,20,16380,3,[25 13 39 11 3 38 6 34 22 37 10 12 2 20 29 31 17 26 5 8 18 27 33 21 14 4 32 1 15 0 23 16 24 30 28 9 19 36 35 7],[6 5 13 26 18 36 20 1 15 0 39 23 29 22 4 27 21 7 19 34 31 25 28 2 3 10 35 9 12 37 8 16 30 17 32 14 24 33 38 11],31538,32749
greedy/lipa40a,51,31965,64,6804,2,[0 23 20 2 13 17 36 16 18 7 30 6 12 38 21 14 37 9 3 10 29 31 28 26 32 39 25 35 22 5 24 11 8 33 34 19 15 27 4 1],[6 5 13 26 18 36 20 1 15 0 39 23 29 22 4 27 21 7 19 34 31 25 28 2 3 10 35 9 12 37 8 16 30 17 32 14 24 33 38 11],31538,32756
steepest/lipa40a,51,32001,24,19500,2,[32 23 24 10 2 33 39 16 38 31 36 13 25 34 37 18 22 8 15 26 19 4 28 20 3 14 12 17 30 9 11 7 21 29 27 6 5 35 0 1],[6 5 13 26 18 36 20 1 15 0 39 23 29 22 4 27 21 7 19 34 31 25 28 2 3 10 35 9 12 37 8 16 30 17 32 14 24 33 38 11],31538,32756
greedy/lipa40a,52,32043,67,4159,1,[9 25 20 34 21 4 23 22 19 32 29 24 11 13 18 0 15 10 37 28 38 31 36 35 16 27 8 2 5 30 26 17 3 7 14 1 33 6 12 39],[6 5 13 26 18 36 20 1 15 0 39 23 29 22 4 27 21 7 19 34 31 25 28 2 3 10 35 9 12 37 8 16 30 17 32 14 24 33 38 11],31538,32774
steepest/lipa40a,52,31987,21,17160,0,[11 6 20 22 21 34 23 36 3 35 19 9 14 17 5 18 25 33 30 27 31 38 32 0 16 13 24 15 26 2 8 10 39 28 4 1 29 7 37 12],[6 5 13 26 18 36 20 1 15 0 39 23 29 22 4 27 21 7 19 34 31 25 28 2 3 10 35 9 12 37 8 16 30 17 32 14 24 33 38 11],31538,32774
greedy/lipa40a,53,31969,65,4384,0,[26 30 39 24 21 19 6 29 18 36 23 20 1 27 38 11 10 33 8 17 15 25 5 12 16 31 32 28 14 35 2 22 7 0 37 34 4 3 9 13],[6 5 13 26 18 36 20 1 15 0 39 23 29 22 4 27 21 7 19 34 31 25 28 2 3 10 35 9 12 37 8 16 30 17 32 14 24 33 38 11],31538,32650
steepest/lipa40a,53,32047,20,16380,1,[37 34 20 12 13 31 29 35 10 30 15 18 38 27 36 11 24 25 33 1 19 6 39 22 0 14 9 21 7 28 26 23 17 32 4 8 16 5 3 2],[6 5 13 26 18 36 20 1 15 0 39 23 29 22 4 27 21 7 19 34 31 25 28 2 3 10 35 9 12 37 8 16 30 17 32 14 24 33 38 11],31538,32650
greedy/lipa40a,54,32073,61,3896,0,[1 22 30 34 4 31 8 29 7 13 26 21 20 18 35 2 32 17 5 37 16 12 33 24 39 19 6 38 10 27 15 9 28 3 11 25 23 36 14 0],[6 5 13 26 18 36 20 1 15 0 39 23 29 22 4 27 21 7 19 34 31 25 28 2 3 10 35 9 12 37 8 16 30 17 32 14 24 33 38 11],31538,32750
steepest/lipa40a,54,32061,22,17940,3,[38 0 27 29 19 39 37 2 28 26 14 12 10 22 23 13 21 17 20 3 9 1 35 24 6 4 15 33 18 34 16 36 11 7 8 5 30 32 25 31],[6 5 13 26 18 36 20 1 15 0 39 23 29 22 4 27 21 7 19 34 31 25 28 2 3 10 35 9 12 37 8 16 30 17 32 14 24 33 38 11],31538,32750
greedy/lipa40a,55,32067,46,2347,0,[8 27 2 20 9 14 19 15 30 22 5 33 38 21 35 37 29 11 1 3 25 31 18 4 34 7 17 10 32 16 24 28 23 39 6 36 0 12 26 13],[6 5 13 26 18 36 20 1 15 0 39 23 29 22 4 27 21 7 19 34 31 25 28 2 3 10 35 9 12 37 8 16 30 17 32 14 24 33 38 11],31538,32660
steepest/lipa40a,55,32004,21,17160,1,[30 34 22 19 20 15 14 26 39 23 31 0 9 11 21 6 29 10 5 33 7 38 8 2 1 35 12 32 24 25 18 27 13 37 28 36 4 17 16 3],[6 5 13 26 18 36 20 1 15 0 39 23 29 22 4 27 21 7 19 34 31 25 28 2 3 10 35 9 12 37 8 16 30 17 32 14 24 33 38 11],31538,32660
greedy/lipa40a,56,32020,71,3109,0,[14 36 31 28 16 30 9 4 38 25 10 23 12 20 1 11 19 27 21 22 37 24 0 29 6 32 13 18 15 39 35 26 2 33 5 3 34 17 7 8],[6 5 13 26 18 36 20 1 15 0 39 23 29 22 4 27 21 7 19 34 31 25 28 2 3 10 35 9 12 37 8 16 30 17 32 14 24 33 38 11],31538,32772
steepest/lipa40a,56,32019,25,20280,2,[37 21 27 30 2 31 38 11 0 7 39 20 29 36 10 32 6 28 1 4 34 13 14 22 25 15 35 19 18 26 3 12 24 16 33 17 8 5 23 9],[6 5 13 26 18 36 20 1 15 0 39 23 29 22 4 27 21 7 19 34 31 25 28 2 3 10 35 9 12 37 8 16 30 17 32 14 24 33 38 11],31538,32772
greedy/lipa40a,57,32034,58,3996,0,[4 29 13 36 10 22 20 14 18 6 23 26 30 34 11 0 9 25 28 17 21 33 3 37 16 38 32 2 24 7 31 35 12 1 8 39 15 19 5 27],[6 5 13 26 18 36 20 1 15 0 39 23 29 22 4 27 21 7 19 34 31 25 28 2 3 10 35 9 12 37 8 16 30 17 32 14 24 33 38 11],31538,32814
steepest/lipa40a,57,31955,25,20280,2,[9 29 23 10 18 22 20 14 4 36 2 26 19 34 11 0 24 25 13 16 38 33 17 12 28 1 32 21 27 37 6 35 8 31 15 39 7 30 5 3],[6 5 13 26 18 36 20 1 15 0 39 23 29 22 4 27 21 7 19 34 31 25 28 2 3 10 35 9 12 37 8 16 30 17 32 14 24 33 38 11],31538,32814
greedy/lipa40a,58,32043,71,3528,0,[34 37 5 4 30 29 12 35 7 1 22 26 28 32 14 0 10 11 18 20 17 9 31 3 27 23 15 25 33 13 16 38 21 6 39 36 19 2 24 8],[6 5 13 26 18 36 20 1 15 0 39 23 29 22 4 27 21 7 19 34 31 25 28 2 3 10 35 9 12 37 8 16 30 17 32 14 24 33 38 11],31538,32738
steepest/lipa40a,58,31984,20,16380,2,[37 8 25 29 26 14 18 3 24 4 39 11 36 22 19 7 20 17 31 12 32 30 27 16 5 38 28 13 33 0 1 15 21 34 6 23 9 10 2 35],[6 5 13 26 18 36 20 1 15 0 39 23 29 22 4 27 21 7 19 34 31 25 28 2 3 10 35 9 12 37 8 16 30 17 32 14 24 33 38 11],31538,32738
greedy/lipa40a,59,31994,54,4624,1,[28 5 31 26 39 15 38 14 6 3 18 0 10 13 24 2 32 22 23 27 16 4 30 36 29 19 25 17 9 37 34 12 33 7 35 11 1 8 21 20],[6 5 13 26 18 36 20 1 15 0 39 23 29 22 4 27 21 7 19 34 31 25 28 2 3 10 35 9 12 37 8 16 30 17 32 14 24 33 38 11],31538,32647
steepest/lipa40a,59,31958,29,23400,3,[33 23 0 26 39 36 4 12 8 14 29 6 27 13 32 5 38 2 11 18 10 16 35 3 25 9 7 17 22 28 34 24 30 19 20 31 37 15 1 21],[6 5 13 26 18 36 20 1 15 0 39 23 29 22 4 27 21 7 19 34 31 25 28 2 3 10 35 9 12 37 8 16 30 17 32 14 24 33 38 11],31538,32647
greedy/lipa40a,60,32056,41,2171,0,[20 11 2 6 22 17 4 19 30 7 35 27 38 12 33 25 0 3 10 18 14 24 36 26 23 29 39 5 13 28 16 8 31 34 21 37 15 32 1 9],[6 5 13 26 18 36 20 1 15 0 39 23 29 22 4 27 21 7 19 34 31 25 28 2 3 10 35 9 12 37 8 16 30 17 32 14 24 33 38 11],31538,32590
steepest/lipa40a,60,32053,21,17160,0,[26 33 27 0 22 19 4 23 10 34 13 18 36 30 21 32 6 14 16 5 31 2 29 35 38 11 24 8 7 37 3 15 17 25 20 9 39 28 1 12],[6 5 13 26 18 36 20 1 15 0 39 23 29 22 4 27 21 7 19 34 31 25 28 2 3 10 35 9 12 37 8 16 30 17 32 14 24 33 38 11],31538,32590
greedy/lipa40a,61,32094,34,2703,0,[14 23 25 1 31 37 38 8 32 21 2 33 9 13 5 24 34 11 4 7 20 26 6 35 30 36 39 16 15 22 10 18 27 28 17 12 29 0 3 19],[6 5 13 26 18 36 20 1 15 0 39 23 29 22 4 27 21 7 19 34 31 25 28 2 3 10 35 9 12 37 8 16 30 17 32 14 24 33 38 11],31538,32632
steepest/lipa40a,61,31994,26,21060,0,[13 0 30 1 31 16 11 22 19 17 6 39 26 3 5 2 18 10 25 15 29 38 32 12 14 36 21 4 37 23 20 34 33 24 9 8 35 7 28 27],[6 5 13 26 18 36 20 1 15 0 39 23 29 22 4 27 21 7 19 34 31 25 28 2 3 10 35 9 12 37 8 16 30 17 32 14 24 33 38 11],31538,32632
greedy/lipa40a,62,32015,56,4149,6,[13 35 10 5 20 23 4 27 21 9 11 12 31 14 39 8 36 18 17 15 30 3 0 1 6 33 37 38 2 28 16 19 24 25 26 32 34 29 7 22],[6 5 13 26 18 36 20 1 15 0 39 23 29 22 4 27 21 7 19 34 31 25 28 2 3 10 35 9 12 37 8 16 30 17 32 14 24 33 38 11],31538,32682
steepest/lipa40a,62,31997,25,20280,0,[15 13 20 5 19 28 25 26 8 21 17 27 16 4 2 18 39 14 22 33 38 34 11 31 1 35 6 3 36 29 10 23 24 12 30 32 37 0 7 9],[6 5 13 26 18 36 20 1 15 0 39 23 29 22 4 27 21 7 19 34 31 25 28 2 3 10 35 9 12 37 8 16 30 17 32 14 24 33 38 11],31538,32682
greedy/lipa40a,63,32086,53,3951,0,[33 27 6 10 21 38 29 30 18 14 3 2 5 23 26 31 34 12 35 17 1 22 11 8 19 16 0 32 39 25 28 7 15 9 24 37 20 4 36 13],[6 5 13 26 18 36 20 1 15 0 39 23 29 22 4 27 21 7 19 34 31 25 28 2 3 10 35 9 12 37 8 16 30 17 32 14 24 33 38 11],31538,32774
steepest/lipa40a,63,32022,22,17940,5,[3 29 8 33 30 7 10 22 14 28 26 0 2 17 9 37 13 12 35 32 11 38 1 16 19 15 21 34 24 18 20 4 6 25 39 23 5 36 31 27],[6 5 13 26 18 36 20 1 15 0 39 23 29 22 4 27 21 7 19 34 31 25 28 2 3 10 35 9 12 37 8 16 30 17 32 14 24 33 38 11],31538,32774
greedy/lipa40a,64,32007,65,4108,0,[38 15 21 22 16 10 7 25 17 35 34 6 5 28 12 23 11 1 31 29 30 20 32 37 26 36 14 18 24 0 8 19 4 2 3 39 27 9 33 13],[6 5 13 26 18 36 20 1 15 0 39 23 29 22 4 27 21 7 19 34 31 25 28 2 3 10 35 9 12 37 8 16 30 17 32 14 24 33 38 11],31538,32693
steepest/lipa40a,64,32065,19,15600,0,[28 5 27 14 24 15 10 37 13 23 17 1 38 20 22 29 33 18 4 8 2 11 6 26 0 21 30 39 19 36 25 16 12 3 32 35 7 34 9 31],[6 5 13 26 18 36 20 1 15 0 39 23 29 22 4 27 21 7 19 34 31 25 28 2 3 10 35 9 12 37 8 16 30 17 32 14 24 33 38 11],31538,32693
greedy/lipa40a,65,32005,47,3227,3,[7 39 24 33 17 31 14 6 35 37 5 27 18 12 25 8 20 16 23 28 30 0 11 9 2 15 38 34 29 32 19 1 21 13 3 10 4 26 36 22],[6 5 13 26 18 36 20 1 15 0 39 23 29 22 4 27 21 7 19 34 31 25 28 2 3 10 35 9 12 37 8 16 30 17 32 14 24 33 38 11],31538,32641
steepest/lipa40a,65,32023,20,16380,1,[7 14 37 28 10 8 9 6 38 32 21 1 31 12 20 0 11 27 39 13 30 35 29 23 16 5 4 26 36 34 19 33 25 18 22 17 2 15 3 24],[6 5 13 26 18 36 20 1 15 0 39 23 29 22 4 27 21 7 19 34 31 25 28 2 3 10 35 9 12 37 8 16 30 17 32 14 24 33 38 11],31538,32641
greedy/lipa40a,66,32006,73,6436,0,[15 20 33 26 28 6 24 31 11 36 25 21 34 2 17 7 23 8 37 22 38 9 30 13 39 19 16 0 10 32 1 29 35 4 3 18 27 12 14 5],[6 5 13 26 18 36 20 1 15 0 39 23 29 22 4 27 21 7 19 34 31 25 28 2 3 10 35 9 12 37 8 16 30 17 32 14 24 33 38 11],31538,32923
steepest/lipa40a,66,32018,26,21060,0,[39 11 33 15 35 17 2 19 26 9 13 21 3 27 31 36 8 23 10 34 18 22 38 30 16 28 7 14 25 4 5 1 0 6 32 12 29 37 24 20],[6 5 13 26 18 36 20 1 15 0 39 23 29 22 4 27 21 7 19 34 31 25 28 2 3 10 35 9 12 37 8 16 30 17 32 14 24 33 38 11],31538,32923
greedy/lipa40a,67,32052,53,3890,0,[35 31 25 1 37 24 38 18 32 10 27 20 21 29 13 9 5 14 15 34 8 22 39 26 33 4 17 3 23 16 28 0 36 30 6 11 19 7 12 2],[6 5 13 26 18 36 20 1 15 0 39 23 29 22 4 27 21 7 19 34 31 25 28 2 3 10 35 9 12 37 8 16 30 17 32 14 24 33 38 11],31538,32872
steepest/lipa40a,67,32024,25,20280,6,[16 17 22 21 2 35 36 24 34 38 18 31 39 12 32 7 11 10 37 5 20 9 33 29 0 1 13 19 25 15 27 30 23 4 3 8 28 6 26 14],[6 5 13 26 18 36 20 1 15 0 39 23 29 22 4 27 21 7 19 34 31 25 28 2 3 10 35 9 12 37 8 16 30 17 32 14 24 33 38 11],31538,32872
greedy/lipa40a,68,32026,48,3807,0,[21 3 16 34 30 25 29 31 27 0 12 22 9 38 26 13 4 14 10 6 1 32 36 2 15 17 19 33 35 39 18 8 37 28 20 24 7 5 23 11],[6 5 13 26 18 36 20 1 15 0 39 23 29 22 4 27 21 7 19 34 31 25 28 2 3 10 35 9 12 37 8 16 30 17 32 14 24 33 38 11],31538,32772
steepest/lipa40a,68,32016,22,17940,3,[36 30 12 29 4 37 33 31 15 10 3 39 2 6 26 25 34 8 18 32 1 13 21 23 22 16 19 27 35 0 20 5 9 28 24 14 17 7 38 11],[6 5 13 26 18 36 20 1 15 0 39 23 29 22 4 27 21 7 19 34 31 25 28 2 3 10 35 9 12 37 8 16 30 17 32 14 24 33 38 11],31538,32772
greedy/lipa40a,69,32036,56,4192,0,[4 39 30 31 19 29 2 9 22 37 17 33 38 27 13 36 1 32 11 8 23 24 35 16 28 6 20 5 7 3 34 14 12 15 0 10 21 26 18 25],[6 5 13 26 18 36 20 1 15 0 39 23 29 22 4 27 21 7 19 34 31 25 28 2 3 10 35 9 12 37 8 16 30 17 32 14 24 33 38 11],31538,32797
steepest/lipa40a,69,31975,25,20280,0,[33 18 16 12 31 30 26 13 28 15 4 9 1 17 7 27 19 38 0 11 21 8 6 22 20 23 14 37 5 34 3 35 36 24 29 10 2 32 39 25],[6 5 13 26 18 36 20 1 15 0 39 23 29 22 4 27 21 7 19 34 31 25 28 2 3 10 35 9 12 37 8 16 30 17 32 14 24 33 38 11],31538,32797
greedy/lipa40a,70,32059,55,4080,0,[0 9 36 11 29 15 37 14 7 33 13 35 1 16 38 8 23 27 32 26 34 4 31 2 28 21 12 17 24 25 18 22 20 39 10 6 5 30 19 3],[6 5 13 26 18 36 20 1 15 0 39 23 29 22 4 27 21 7 19 34 31 25 28 2 3 10 35 9 12 37 8 16 30 17 32 14 24 33 38 11],31538,32739
steepest/lipa40a,70,32003,25,20280,6,[22 20 31 10 3 28 15 2 25 38 37 36 26 13 23 6 1 34 27 7 4 29 21 8 30 24 16 35 39 9 0 11 17 32 12 14 19 33 18 5],[6 5 13 26 18 36 20 1 15 0 39 23 29 22 4 27 21 7 19 34 31 25 28 2 3 10 35 9 12 37 8 16 30 17 32 14 24 33 38 11],31538,32739
greedy/lipa40a,71,31916,65,5267,0,[15 28 8 38 11 17 39 20 2 36 31 19 0 25 7 14 23 33 34 3 13 9 5 6 10 35 24 30 37 32 1 4 12 22 16 21 29 18 26 27],[6 5 13 26 18 36 20 1 15 0 39 23 29 22 4 27 21 7 19 34 31 25 28 2 3 10 35 9 12 37 8 16 30 17 32 14 24 33 38 11],31538,32778
steepest/lipa40a,71,32071,16,13260,0,[38 11 10 29 30 36 7 34 37 28 22 20 21 19 0 27 4 5 18 16 9 12 1 13 17 23 15 31 39 32 25 14 35 8 24 26 2 3 6 33],[6 5 13 26 18 36 20 1 15 0 39 23 29 22 4 27 21 7 19 34 31 25 28 2 3 10 35 9 12 37 8 16 30 17 32 14 24 33 38 11],31538,32778
greedy/lipa40a,72,31989,68,3724,0,[20 5 3 12 39 26 17 30 31 33 27 25 14 16 22 34 19 35 2 36 23 29 15 13 1 8 37 21 28 0 11 38 6 9 10 32 18 7 24 4],[6 5 13 26 18 36 20 1 15 0 39 23 29 22 4 27 21 7 19 34 31 25 28 2 3 10 35 9 12 37 8 16 30 17 32 14 24 33 38 11],31538,32766
steepest/lipa40a,72,31946,28,22620,3,[4 27 32 21 12 18 23 24 22 28 5 2 6 38 16 37 11 36 39 29 17 31 8 0 33 9 20 10 25 30 26 19 3 13 35 1 15 34 14 7],[6 5 13 26 18 36 20 1 15 0 39 23 29 22 4 27 21 7 19 34 31 25 28 2 3 10 35 9 12 37 8 16 30 17 32 14 24 33 38 11],31538,32766
greedy/lipa40a,73,32061,43,1727,0,[10 4 6 33 5 14 24 3 31 36 0 26 37 18 25 15 9 23 32 27 2 20 7 30 39 16 12 21 28 29 13 11 1 8 22 35 38 34 17 19],[6 5 13 26 18 36 20 1 15 0 39 23 29 22 4 27 21 7 19 34 31 25 28 2 3 10 35 9 12 37 8 16 30 17 32 14 24 33 38 11],31538,32735
steepest/lipa40a,73,32005,21,17160,1,[7 4 13 33 14 10 3 15 9 5 27 11 37 28 17 34 39 24 31 12 18 36 16 20 2 38 19 1 29 32 0 35 21 25 26 30 8 6 23 22],[6 5 13 26 18 36 20 1 15 0 39 23 29 22 4 27 21 7 19 34 31 25 28 2 3 10 35 9 12 37 8 16 30 17 32 14 24 33 38 11],31538,32735
greedy/lipa40a,74,32013,63,4885,0,[32 31 35 29 33 9 18 15 0 24 16 4 23 1 3 39 20 10 17 6 36 34 13 27 11 8 7 37 19 30 14 2 28 22 26 5 21 38 25 12],[6 5 13 26 18 36 20 1 15 0 39 23 29 22 4 27 21 7 19 34 31 25 28 2 3 10 35 9 12 37 8 16 30 17 32 14 24 33 38 11],31538,32802
steepest/lipa40a,74,31996,25,20280,2,[10 5 20 25 33 9 24 15 11 36 34 19 23 27 22 18 37 3 30 35 31 2 17 16 13 8 7 39 4 32 1 38 28 14 26 29 21 12 6 0],[6 5 13 26 18 36 20 1 15 0 39 23 29 22 4 27 21 7 19 34 31 25 28 2 3 10 35 9 12 37 8 16 30 17 32 14 24 33 38 11],31538,32802
greedy/lipa40a,75,31983,57,3757,0,[23 2 28 15 22 4 9 17 25 30 0 29 34 11 39 26 8 35 13 14 21 36 12 27 3 37 18 6 1 33 7 5 24 38 16 31 32 20 19 10],[6 5 13 26 18 36 20 1 15 0 39 23 29 22 4 27 21 7 19 34 31 25 28 2 3 10 35 9 12 37 8 16 30 17 32 14 24 33 38 11],31538,32594
steepest/lipa40a,75,32037,20,16380,2,[22 30 13 7 19 36 23 17 15 21 8 27 16 0 5 35 11 2 20 34 9 39 33 32 3 31 1 18 12 6 37 25 24 28 10 29 38 4 14 26],[6 5 13 26 18 36 20 1 15 0 39 23 29 22 4 27 21 7 19 34 31 25 28 2 3 10 35 9 12 37 8 16 30 17 32 14 24 33 38 11],31538,32594
greedy/lipa40a,76,31996,72,6435,1,[16 13 23 26 31 36 2 34 19 37 12 18 21 30 28 32 38 3 39 6 9 29 24 0 22 15 5 10 20 4 8 7 17 27 35 14 11 33 1 25],[6 5 13 26 18 36 20 1 15 0 39 23 29 22 4 27 21 7 19 34 31 25 28 2 3 10 35 9 12 37 8 16 30 17 32 14 24 33 38 11],31538,32785
steepest/lipa40a,76,31987,25,20280,1,[5 16 37 12 20 29 31 28 32 39 38 10 33 30 13 6 9 18 27 24 4 19 21 3 0 25 35 23 17 34 22 14 36 7 26 15 8 2 1 11],[6 5 13 26 18 36 20 1 15 0 39 23 29 22 4 27 21 7 19 34 31 25 28 2 3 10 35 9 12 37 8 16 30 17 32 14 24 33 38 11],31538,32785
greedy/lipa40a,77,32040,61,3979,0,[36 37 39 2 4 21 17 34 18 10 1 24 22 11 14 26 5 35 6 30 7 9 25 27 20 0 15 31 28 13 29 38 32 3 33 8 23 16 12 19],[6 5 13 26 18 36 20 1 15 0 39 23 29 22 4 27 21 7 19 34 31 25 28 2 3 10 35 9 12 37 8 16 30 17 32 14 24 33 38 11],31538,32740
steepest/lipa40a,77,32011,24,19500,2,[9 3 32 21 4 2 17 36 10 20 5 26 6 11 14 19 13 35 30 18 16 31 23 0 39 29 8 33 15 28 27 38 12 37 7 1 25 24 22 34],[6 5 13 26 18 36 20 1 15 0 39 23 29 22 4 27 21 7 19 34 31 25 28 2 3 10 35 9 12 37 8 16 30 17 32 14 24 33 38 11],31538,32740
greedy/lipa40a,78,32009,62,3851,0,[1 20 13 15 17 23 16 32 35 26 5 18 25 0 12 22 34 38 39 28 33 29 9 11 8 36 3 10 24 6 31 7 30 37 2 14 4 19 21 27],[6 5 13 26 18 36 20 1 15 0 39 23 29 22 4 27 21 7 19 34 31 25 28 2 3 10 35 9 12 37 8 16 30 17 32 14 24 33 38 11],31538,32862
steepest/lipa40a,78,32056,23,18720,2,[32 34 17 22 18 12 35 31 4 29 25 7 10 15 3 8 2 6 30 28 1 19 23 39 27 13 36 14 33 9 11 24 5 38 26 0 20 37 21 16],[6 5 13 26 18 36 20 1 15 0 39 23 29 22 4 27 21 7 19 34 31 25 28 2 3 10 35 9 12 37 8 16 30 17 32 14 24 33 38 11],31538,32862
greedy/lipa40a,79,32036,71,4535,0,[28 25 31 21 1 24 37 18 11 3 33 13 26 16 9 6 27 36 5 32 10 30 19 34 35 29 17 20 2 22 14 39 12 38 0 8 4 7 15 23],[6 5 13 26 18 36 20 1 15 0 39 23 29 22 4 27 21 7 19 34 31 25 28 2 3 10 35 9 12 37 8 16 30 17 32 14 24 33 38 11],31538,32842
steepest/lipa40a,79,32037,23,18720,1,[5 9 21 8 10 13 2 27 19 36 32 26 23 6 25 12 15 22 17 31 11 3 37 33 20 38 24 14 39 7 1 34 0 18 16 28 4 35 30 29],[6 5 13 26 18 36 20 1 15 0 39 23 29 22 4 27 21 7 19 34 31 25 28 2 3 10 35 9 12 37 8 16 30 17 32 14 24 33 38 11],31538,32842
greedy/lipa40a,80,32022,43,3871,0,[5 33 12 18 4 19 17 23 25 37 8 20 15 2 27 32 1 35 10 14 38 30 7 29 39 16 11 26 6 0 13 31 24 28 21 36 22 3 9 34],[6 5 13 26 18 36 20 1 15 0 39 23 29 22 4 27 21 7 19 34 31 25 28 2 3 10 35 9 12 37 8 16 30 17 32 14 24 33 38 11],31538,32608
steepest/lipa40a,80,31994,34,27300,3,[11 15 25 1 2 23 26 20 28 22 19 5 39 32 13 30 38 12 24 37 31 7 4 17 10 33 35 36 0 34 3 9 16 29 18 21 8 27 14 6],[6 5 13 26 18 36 20 1 15 0 39 23 29 22 4 27 21 7 19 34 31 25 28 2 3 10 35 9 12 37 8 16 30 17 32 14 24 33 38 11],31538,32608
greedy/lipa40a,81,32016,67,3409,0,[38 34 0 19 21 13 12 8 9 16 5 18 24 28 3 23 6 10 25 39 33 1 14 4 26 11 30 32 7 22 35 27 17 15 2 31 29 20 36 37],[6 5 13 26 18 36 20 1 15 0 39 23 29 22 4 27 21 7 19 34 31 25 28 2 3 10 35 9 12 37 8 16 30 17 32 14 24 33 38 11],31538,32735
steepest/lipa40a,81,32081,21,17160,2,[22 36 31 8 35 4 10 5 24 21 29 11 12 9 7 3 27 14 6 32 25 18 0 13 19 28 16 20 33 38 30 26 37 1 15 17 39 23 34 2],[6 5 13 26 18 36 20 1 15 0 39 23 29 22 4 27 21 7 19 34 31 25 28 2 3 10 35 9 12 37 8 16 30 17 32 14 24 33 38 11],31538,32735
greedy/lipa40a,82,31985,74,4214,0,[18 38 12 20 0 25 34 28 2 17 32 1 30 6 27 37 24 29 11 3 35 15 21 23 22 7 19 14 33 5 4 31 10 13 26 36 8 16 9 39],[6 5 13 26 18 36 20 1 15 0 39 23 29 22 4 27 21 7 19 34 31 25 28 2 3 10 35 9 12 37 8 16 30 17 32 14 24 33 38 11],31538,32608
steepest/lipa40a,82,31973,23,18720,2,[4 10 29 26 7 15 27 0 11 14 18 5 1 2 3 13 12 30 23 22 17 6 9 25 39 32 36 31 38 19 8 28 37 34 20 35 24 33 21 16],[6 5 13 26 18 36 20 1 15 0 39 23 29 22 4 27 21 7 19 34 31 25 28 2 3 10 35 9 12 37 8 16 30 17 32 14 24 33 38 11],31538,32608
greedy/lipa40a,83,32047,57,3958,0,[7 2 4 20 38 21 25 19 33 15 3 36 23 14 39 17 28 12 34 0 31 6 27 22 24 26 18 11 1 29 13 9 16 35 37 30 5 8 32 10],[6 5 13 26 18 36 20 1 15 0 39 23 29 22 4 27 21 7 19 34 31 25 28 2 3 10 35 9 12 37 8 16 30 17 32 14 24 33 38 11],31538,32592
steepest/lipa40a,83,31988,21,17160,0,[29 4 35 20 31 3 26 14 2 15 6 10 22 5 17 39 9 12 21 16 13 38 11 33 28 19 1 27 32 34 24 0 18 36 37 8 7 23 25 30],[6 5 13 26 18 36 20 1 15 0 39 23 29 22 4 27 21 7 19 34 31 25 28 2 3 10 35 9 12 37 8 16 30 17 32 14 24 33 38 11],31538,32592
greedy/lipa40a,84,32010,54,4130,0,[15 12 31 27 25 24 38 34 11 36 9 23 37 26 18 3 19 28 0 17 13 8 14 22 4 32 6 20 35 1 39 10 29 7 16 5 2 33 21 30],[6 5 13 26 18 36 20 1 15 0 39 23 29 22 4 27 21 7 19 34 31 25 28 2 3 10 35 9 12 37 8 16 30 17 32 14 24 33 38 11],31538,32721
steepest/lipa40a,84,32048,20,16380,0,[13 24 31 38 19 36 21 32 37 3 20 26 11 17 18 6 27 30 15 5 29 14 34 28 4 16 39 9 23 0 8 10 12 7 22 25 2 1 35 33],[6 5 13 26 18 36 20 1 15 0 39 23 29 22 4 27 21 7 19 34 31 25 28 2 3 10 35 9 12 37 8 16 30 17 32 14 24 33 38 11],31538,32721
greedy/lipa40a,85,32045,49,2935,5,[0 1 2 23 32 20 35 10 36 17 37 13 8 14 11 22 29 6 16 15 38 9 5 24 27 34 18 25 7 30 26 12 4 31 28 39 19 21 33 3],[6 5 13 26 18 36 20 1 15 0 39 23 29 22 4 27 21 7 19 34 31 25 28 2 3 10 35 9 12 37 8 16 30 17 32 14 24 33 38 11],31538,32742
steepest/lipa40a,85,32088,19,15600,1,[25 23 35 32 17 22 7 36 18 14 30 8 39 13 6 27 11 20 37 10 38 15 4 5 16 29 9 1 28 26 24 0 33 31 12 34 19 2 21 3],[6 5 13 26 18 36 20 1 15 0 39 23 29 22 4 27 21 7 19 34 31 25 28 2 3 10 35 9 12 37 8 16 30 17 32 14 24 33 38 11],31538,32742
greedy/lipa40a,86,31993,69,4626,1,[36 31 33 4 0 29 13 9 19 23 32 27 1 22 6 15 28 24 16 38 2 10 5 12 39 34 20 17 14 3 35 30 21 7 26 18 8 11 37 25],[6 5 13 26 18 36 20 1 15 0 39 23 29 22 4 27 21 7 19 34 31 25 28 2 3 10 35 9 12 37 8 16 30 17 32 14 24 33 38 11],31538,32803
steepest/lipa40a,86,31977,30,24180,0,[35 25 34 19 23 16 0 1 28 7 20 9 38 11 13 22 15 21 29 3 2 8 32 27 31 24 10 37 5 6 18 14 36 30 33 26 4 17 12 39],[6 5 13 26 18 36 20 1 15 0 39 23 29 22 4 27 21 7 19 34 31 25 28 2 3 10 35 9 12 37 8 16 30 17 32 14 24 33 38 11],31538,32803
greedy/lipa40a,87,32018,55,5179,4,[29 14 39 9 12 7 5 13 31 16 21 3 18 33 20 2 23 27 6 32 0 17 25 10 1 19 38 26 37 34 28 35 24 11 15 30 36 4 8 22],[6 5 13 26 18 36 20 1 15 0 39 23 29 22 4 27 21 7 19 34 31 25 28 2 3 10 35 9 12 37 8 16 30 17 32 14 24 33 38 11],31538,32672
steepest/lipa40a,87,32017,17,14040,0,[31 13 22 39 19 30 23 26 10 36 17 0 7 34 25 4 5 32 24 1 37 38 2 12 16 6 21 18 20 29 27 14 11 28 33 8 9 3 15 35],[6 5 13 26 18 36 20 1 15 0 39 23 29 22 4 27 21 7 19 34 31 25 28 2 3 10 35 9 12 37 8 16 30 17 32 14 24 33 38 11],31538,32672
greedy/lipa40a,88,32036,58,4517,2,[21 29 39 12 8 37 4 32 34 26 24 18 23 5 9 25 7 0 33 31 20 14 17 16 3 22 13 27 35 6 28 36 30 15 1 38 2 19 10 11],[6 5 13 26 18 36 20 1 15 0 39 23 29 22 4 27 21 7 19 34 31 25 28 2 3 10 35 9 12 37 8 16 30 17 32 14 24 33 38 11],31538,32721
steepest/lipa40a,88,32017,22,17940,0,[10 12 27 1 23 21 36 8 32 18 7 3 29 13 25 34 31 20 5 30 15 9 16 22 2 11 4 26 6 24 35 14 33 38 28 39 19 37 17 0],[6 5 13 26 18 36 20 1 15 0 39 23 29 22 4 27 21 7 19 34 31 25 28 2 3 10 35 9 12 37 8 16 30 17 32 14 24 33 38 11],31538,32721
greedy/lipa40a,89,31989,57,3985,0,[12 13 19 10 27 28 39 26 37 24 14 32 34 20 16 23 36 29 22 25 38 21 2 8 6 3 11 33 1 5 0 4 31 9 18 15 17 30 7 35],[6 5 13 26 18 36 20 1 15 0 39 23 29 22 4 27 21 7 19 34 31 25 28 2 3 10 35 9 12 37 8 16 30 17 32 14 24 33 38 11],31538,32740
steepest/lipa40a,89,31981,18,14820,0,[37 17 27 29 24 1 26 7 36 22 18 19 14 6 16 13 23 5 0 9 21 8 35 2 11 12 28 10 32 38 39 25 31 20 15 33 34 30 4 3],[6 5 13 26 18 36 20 1 15 0 39 23 29 22 4 27 21 7 19 34 31 25 28 2 3 10 35 9 12 37 8 16 30 17 32 14 24 33 38 11],31538,32740
greedy/lipa40a,90,32051,62,3319,0,[33 3 39 32 2 12 30 21 35 19 28 4 38 8 11 14 5 31 20 1 7 27 37 26 16 24 13 22 25 0 9 23 6 29 10 17 18 36 15 34],[6 5 13 26 18 36 20 1 15 0 39 23 29 22 4 27 21 7 19 34 31 25 28 2 3 10 35 9 12 37 8 16 30 17 32 14 24 33 38 11],31538,32777
steepest/lipa40a,90,32038,21,17160,6,[39 32 3 2 13 1 15 20 37 10 30 4 21 38 35 6 5 19 17 16 25 7 31 26 34 12 24 18 33 36 27 9 28 8 14 0 29 11 22 23],[6 5 13 26 18 36 20 1 15 0 39 23 29 22 4 27 21 7 19 34 31 25 28 2 3 10 35 9 12 37 8 16 30 17 32 14 24 33 38 11],31538,32777
greedy/lipa40a,91,31989,53,3141,1,[23 10 0 9 11 38 1 17 15 24 36 28 32 27 33 20 39 5 25 7 35 18 14 3 13 22 29 26 2 12 6 8 37 34 19 30 31 4 21 16],[6 5 13 26 18 36 20 1 15 0 39 23 29 22 4 27 21 7 19 34 31 25 28 2 3 10 35 9 12 37 8 16 30 17 32 14 24 33 38 11],31538,32697
steepest/lipa40a,91,31988,24,19500,2,[31 20 7 0 13 12 16 2 38 19 25 26 30 39 10 33 6 29 27 36 3 14 37 23 1 11 22 24 9 5 4 18 34 21 35 32 15 28 17 8],[6 5 13 26 18 36 20 1 15 0 39 23 29 22 4 27 21 7 19 34 31 25 28 2 3 10 35 9 12 37 8 16 30 17 32 14 24 33 38 11],31538,32697
greedy/lipa40a,92,32029,54,3219,0,[33 15 28 1 11 17 9 16 0 19 5 3 25 24 13 10 22 36 21 6 18 2 27 20 31 35 4 39 38 7 23 14 32 37 34 29 8 30 12 26],[6 5 13 26 18 36 20 1 15 0 39 23 29 22 4 27 21 7 19 34 31 25 28 2 3 10 35 9 12 37 8 16 30 17 32 14 24 33 38 11],31538,32767
steepest/lipa40a,92,32006,25,20280,0,[22 39 33 24 11 10 36 8 16 38 5 19 37 6 26 1 23 9 30 29 35 3 18 20 13 12 15 34 32 17 4 21 7 28 14 27 31 0 25 2],[6 5 13 26 18 36 20 1 15 0 39 23 29 22 4 27 21 7 19 34 31 25 28 2 3 10 35 9 12 37 8 16 30 17 32 14 24 33 38 11],31538,32767
greedy/lipa40a,93,32025,48,4740,0,[32 7 26 1 28 6 13 5 24 9 8 12 17 37 18 27 2 34 31 4 19 14 36 0 3 35 16 39 38 21 25 30 33 15 11 29 10 20 22 23],[6 5 13 26 18 36 20 1 15 0 39 23 29 22 4 27 21 7 19 34 31 25 28 2 3 10 35 9 12 37 8 16 30 17 32 14 24 33 38 11],31538,32740
steepest/lipa40a,93,31973,32,25740,0,[20 3 26 38 22 24 5 31 16 9 30 34 17 4 10 28 36 39 33 37 23 1 15 13 8 2 27 32 19 7 29 18 12 21 11 0 35 25 14 6],[6 5 13 26 18 36 20 1 15 0 39 23 29 22 4 27 21 7 19 34 31 25 28 2 3 10 35 9 12 37 8 16 30 17 32 14 24 33 38 11],31538,32740
greedy/lipa40a,94,31993,59,3297,0,[30 11 12 22 26 28 14 20 36 39 37 5 2 8 33 15 9 13 4 19 7 25 6 3 0 38 31 35 24 32 1 23 34 21 17 16 18 10 29 27],[6 5 13 26 18 36 20 1 15 0 39 23 29 22 4 27 21 7 19 34 31 25 28 2 3 10 35 9 12 37 8 16 30 17 32 14 24 33 38 11],31538,32746
steepest/lipa40a,94,32090,17,14040,10,[12 17 13 4 2 36 25 27 16 11 18 32 35 7 1 28 37 14 19 29 31 6 39 20 9 3 0 5 22 33 34 30 21 24 23 38 8 15 26 10],[6 5 13 26 18 36 20 1 15 0 39 23 29 22 4 27 21 7 19 34 31 25 28 2 3 10 35 9 12 37 8 16 30 17 32 14 24 33 38 11],31538,32746
greedy/lipa40a,95,31976,56,6003,0,[14 26 5 18 32 20 11 10 31 25 12 33 38 37 3 6 1 19 4 27 9 36 2 35 0 24 39 7 16 15 13 28 8 34 17 23 22 21 30 29],[6 5 13 26 18 36 20 1 15 0 39 23 29 22 4 27 21 7 19 34 31 25 28 2 3 10 35 9 12 37 8 16 30 17 32 14 24 33 38 11],31538,32649
steepest/lipa40a,95,32019,19,15600,1,[0 26 12 19 11 9 5 15 27 10 34 30 38 36 29 21 24 39 7 3 8 37 25 28 14 35 2 32 4 17 20 16 23 13 18 22 1 33 31 6],[6 5 13 26 18 36 20 1 15 0 39 23 29 22 4 27 21 7 19 34 31 25 28 2 3 10 35 9 12 37 8 16 30 17 32 14 24 33 38 11],31538,32649
greedy/lipa40a,96,32010,48,3597,0,[18 27 6 35 21 8 12 4 20 14 3 9 31 38 29 37 25 33 32 36 7 24 16 34 2 26 0 5 15 11 30 22 39 13 1 19 10 23 28 17],[6 5 13 26 18 36 20 1 15 0 39 23 29 22 4 27 21 7 19 34 31 25 28 2 3 10 35 9 12 37 8 16 30 17 32 14 24 33 38 11],31538,32738
steepest/lipa40a,96,32069,20,16380,5,[30 2 16 14 21 35 38 4 24 25 37 26 13 19 5 20 29 10 12 27 7 6 3 34 32 11 28 15 9 22 18 1 8 0 23 36 33 17 31 39],[6 5 13 26 18 36 20 1 15 0 39 23 29 22 4 27 21 7 19 34 31 25 28 2 3 10 35 9 12 37 8 16 30 17 32 14 24 33 38 11],31538,32738
greedy/lipa40a,97,32037,53,3662,0,[21 0 12 25 5 36 4 2 31 15 13 3 28 7 27 17 1 6 38 19 23 11 26 30 22 16 14 9 10 34 33 37 32 29 39 35 24 8 20 18],[6 5 13 26 18 36 20 1 15 0 39 23 29 22 4 27 21 7 19 34 31 25 28 2 3 10 35 9 12 37 8 16 30 17 32 14 24 33 38 11],31538,32605
steepest/lipa40a,97,32037,22,17940,1,[4 27 28 25 1 8 19 0 26 14 3 18 22 6 29 34 38 33 39 5 17 15 23 21 11 30 10 13 24 12 20 2 9 31 35 36 7 37 16 32],[6 5 13 26 18 36 20 1 15 0 39 23 29 22 4 27 21 7 19 34 31 25 28 2 3 10 35 9 12 37 8 16 30 17 32 14 24 33 38 11],31538,32605
greedy/lipa40a,98,32027,53,3379,2,[16 14 2 31 18 9 12 5 28 29 23 32 26 37 15 25 19 7 27 35 34 22 6 21 0 17 10 39 1 11 33 8 3 13 20 38 24 4 36 30],[6 5 13 26 18 36 20 1 15 0 39 23 29 22 4 27 21 7 19 34 31 25 28 2 3 10 35 9 12 37 8 16 30 17 32 14 24 33 38 11],31538,32640
steepest/lipa40a,98,32027,17,14040,0,[19 28 35 18 3 30 39 13 6 12 31 32 26 11 25 22 1 15 0 4 21 8 33 34 5 24 36 23 37 20 17 14 7 2 27 38 9 29 10 16],[6 5 13 26 18 36 20 1 15 0 39 23 29 22 4 27 21 7 19 34 31 25 28 2 3 10 35 9 12 37 8 16 30 17 32 14 24 33 38 11],31538,32640
greedy/lipa40a,99,32017,51,5346,0,[10 36 2 14 4 31 23 6 8 7 5 3 20 24 34 13 26 33 22 39 21 29 11 9 18 16 0 27 19 30 38 35 28 37 15 25 17 32 1 12],[6 5 13 26 18 36 20 1 15 0 39 23 29 22 4 27 21 7 19 34 31 25 28 2 3 10 35 9 12 37 8 16 30 17 32 14 24 33 38 11],31538,32642
steepest/lipa40a,99,32049,23,18720,0,[39 21 8 1 4 36 23 2 32 5 17 13 29 7 25 37 26 30 31 3 22 9 27 20 6 16 0 11 15 34 38 14 33 28 12 18 24 35 10 19],[6 5 13 26 18 36 20 1 15 0 39 23 29 22 4 27 21 7 19 34 31 25 28 2 3 10 35 9 12 37 8 16 30 17 32 14 24 33 38 11],31538,32642
greedy/lipa40a,100,32002,61,4696,0,[1 2 21 5 6 10 18 27 20 35 3 22 19 26 39 23 9 37 15 32 36 31 4 7 28 0 24 11 14 34 16 33 38 25 13 30 17 29 8 12],[6 5 13 26 18 36 20 1 15 0 39 23 29 22 4 27 21 7 19 34 31 25 28 2 3 10 35 9 12 37 8 16 30 17 32 14 24 33 38 11],31538,32754
steepest/lipa40a,100,31969,21,17160,6,[23 0 28 25 31 12 37 21 2 24 6 17 36 22 5 34 4 7 32 16 13 35 9 3 27 1 15 39 26 30 14 10 18 38 19 20 11 33 29 8],[6 5 13 26 18 36 20 1 15 0 39 23 29 22 4 27 21 7 19 34 31 25 28 2 3 10 35 9 12 37 8 16 30 17 32 14 24 33 38 11],31538,32754
greedy/lipa40a,101,32030,51,3146,0,[10 32 7 12 39 22 1 3 33 18 13 26 36 15 4 24 14 25 9 0 21 27 2 16 29 8 28 38 30 34 20 6 5 17 11 31 35 37 19 23],[6 5 13 26 18 36 20 1 15 0 39 23 29 22 4 27 21 7 19 34 31 25 28 2 3 10 35 9 12 37 8 16 30 17 32 14 24 33 38 11],31538,32790
steepest/lipa40a,101,32017,21,17160,3,[24 12 26 19 39 14 20 3 35 10 13 36 4 0 38 17 1 25 34 11 18 27 8 2 5 33 28 32 29 7 31 16 9 15 37 6 22 21 30 23],[6 5 13 26 18 36 20 1 15 0 39 23 29 22 4 27 21 7 19 34 31 25 28 2 3 10 35 9 12 37 8 16 30 17 32 14 24 33 38 11],31538,32790
greedy/lipa40a,102,31997,58,4431,0,[15 25 13 19 20 8 12 0 30 5 1 18 38 16 2 27 39 14 7 37 6 10 32 33 34 26 21 17 4 29 11 22 9 35 24 36 3 23 31 28],[6 5 13 26 18 36 20 1 15 0 39 23 29 22 4 27 21 7 19 34 31 25 28 2 3 10 35 9 12 37 8 16 30 17 32 14 24 33 38 11],31538,32677
steepest/lipa40a,102,32090,17,14040,4,[29 37 20 5 9 34 30 0 16 17 25 27 15 33 19 12 36 3 22 2 26 6 38 21 18 39 4 11 14 31 10 28 24 32 35 7 1 23 8 13],[6 5 13 26 18 36 20 1 15 0 39 23 29 22 4 27 21 7 19 34 31 25 28 2 3 10 35 9 12 37 8 16 30 17 32 14 24 33 38 11],31538,32677
greedy/lipa40a,103,32058,53,3917,0,[28 30 34 1 23 24 0 5 3 37 35 11 14 26 13 16 20 7 33 12 25 17 8 2 15 27 39 19 36 10 31 21 32 29 4 18 6 22 38 9],[6 5 13 26 18 36 20 1 15 0 39 23 29 22 4 27 21 7 19 34 31 25 28 2 3 10 35 9 12 37 8 16 30 17 32 14 24 33 38 11],31538,32702
steepest/lipa40a,103,32032,20,16380,1,[26 13 3 11 22 24 4 18 38 21 32 12 29 37 16 23 28 34 15 35 31 9 8 19 39 2 17 30 5 27 10 14 1 33 0 20 6 36 7 25],[6 5 13 26 18 36 20 1 15 0 39 23 29 22 4 27 21 7 19 34 31 25 28 2 3 10 35 9 12 37 8 16 30 17 32 14 24 33 38 11],31538,32702
greedy/lipa40a,104,32011,61,5421,0,[24 1 19 10 15 11 17 29 32 20 26 22 30 9 33 34 7 13 14 31 25 38 2 28 37 35 16 12 6 0 5 23 21 36 27 8 3 18 39 4],[6 5 13 26 18 36 20 1 15 0 39 23 29 22 4 27 21 7 19 34 31 25 28 2 3 10 35 9 12 37 8 16 30 17 32 14 24 33 38 11],31538,32664
steepest/lipa40a,104,31980,21,17160,3,[33 17 25 30 26 15 19 22 38 20 18 29 23 39 4 9 37 6 13 35 1 16 14 24 2 8 7 34 11 5 0 28 12 21 27 36 31 3 10 32],[6 5 13 26 18 36 20 1 15 0 39 23 29 22 4 27 21 7 19 34 31 25 28 2 3 10 35 9 12 37 8 16 30 17 32 14 24 33 38 11],31538,32664
greedy/lipa40a,105,32008,52,5243,0,[7 27 4 14 19 29 21 9 30 32 37 3 5 34 10 23 31 13 20 18 24 35 8 2 33 6 36 22 38 0 12 39 28 15 11 1 17 26 25 16],[6 5 13 26 18 36 20 1 15 0 39 23 29 22 4 27 21 7 19 34 31 25 28 2 3 10 35 9 12 37 8 16 30 17 32 14 24 33 38 11],31538,32733
steepest/lipa40a,105,32025,17,14040,0,[30 2 20 9 31 28 25 16 21 37 3 24 10 34 12 23 7 6 18 26 38 14 17 4 33 36 5 19 15 22 32 0 29 27 35 1 11 13 8 39],[6 5 13 26 18 36 20 1 15 0 39 23 29 22 4 27 21 7 19 34 31 25 28 2 3 10 35 9 12 37 8 16 30 17 32 14 24 33 38 11],31538,32733
greedy/lipa40a,106,32027,62,2724,0,[30 11 6 4 29 36 21 35 5 18 12 3 15 38 1 20 10 0 7 37 9 27 8 2 34 17 28 26 14 22 39 31 25 32 24 19 13 23 16 33],[6 5 13 26 18 36 20 1 15 0 39 23 29 22 4 27 21 7 19 34 31 25 28 2 3 10 35 9 12 37 8 16 30 17 32 14 24 33 38 11],31538,32754
steepest/lipa40a,106,32000,21,17160,5,[21 13 19 4 3 29 1 35 9 11 14 34 10 8 27 32 28 6 37 39 20 38 22 7 2 16 30 17 33 25 31 24 5 0 12 36 26 18 15 23],[6 5 13 26 18 36 20 1 15 0 39 23 29 22 4 27 21 7 19 34 31 25 28 2 3 10 35 9 12 37 8 16 30 17 32 14 24 33 38 11],31538,32754
greedy/lipa40a,107,32003,55,2549,1,[12 26 8 1 19 17 14 16 0 11 21 6 20 34 27 3 22 25 15 7 30 29 23 35 33 39 2 36 18 38 5 37 4 28 13 24 32 10 31 9],[6 5 13 26 18 36 20 1 15 0 39 23 29 22 4 27 21 7 19 34 31 25 28 2 3 10 35 9 12 37 8 16 30 17 32 14 24 33 38 11],31538,32754
steepest/lipa40a,107,31966,25,20280,0,[6 1 35 27 19 36 8 18 14 0 17 3 24 4 16 2 21 26 22 25 37 30 11 20 12 10 31 13 34 38 5 29 28 15 39 23 9 7 33 32],[6 5 13 26 18 36 20 1 15 0 39 23 29 22 4 27 21 7 19 34 31 25 28 2 3 10 35 9 12 37 8 16 30 17 32 14 24 33 38 11],31538,32754
greedy/lipa40a,108,31977,61,5886,0,[14 11 32 10 0 9 8 3 19 25 22 18 36 35 16 37 7 33 24 15 27 28 21 5 13 39 12 2 20 30 4 23 17 34 38 31 26 6 1 29],[6 5 13 26 18 36 20 1 15 0 39 23 29 22 4 27 21 7 19 34 31 25 28 2 3 10 35 9 12 37 8 16 30 17 32 14 24 33 38 11],31538,32739
steepest/lipa40a,108,32022,22,17940,2,[34 27 11 38 21 30 33 9 29 32 31 35 36 2 16 1 14 20 24 25 23 39 12 37 28 3 6 18 4 17 19 5 15 13 26 10 8 7 22 0],[6 5 13 26 18 36 20 1 15 0 39 23 29 22 4 27 21 7 19 34 31 25 28 2 3 10 35 9 12 37 8 16 30 17 32 14 24 33 38 11],31538,32739
greedy/lipa40a,109,32037,52,3122,0,[9 10 12 32 26 15 6 4 23 20 18 0 5 7 3 37 24 30 8 11 38 2 22 39 33 21 35 36 29 27 14 25 1 34 19 16 28 13 31 17],[6 5 13 26 18 36 20 1 15 0 39 23 29 22 4 27 21 7 19 34 31 25 28 2 3 10 35 9 12 37 8 16 30 17 32 14 24 33 38 11],31538,32813
steepest/lipa40a,109,32041,20,16380,1,[1 37 27 0 11 3 16 23 13 22 7 5 18 24 8 28 21 29 35 17 33 2 20 30 25 12 26 32 6 36 14 38 15 10 19 9 31 4 39 34],[6 5 13 26 18 36 20 1 15 0 39 23 29 22 4 27 21 7 19 34 31 25 28 2 3 10 35 9 12 37 8 16 30 17 32 14 24 33 38 11],31538,32813
greedy/lipa40a,110,32044,71,3180,0,[34 12 27 30 35 1 3 19 39 6 22 0 14 31 23 18 9 24 5 33 10 28 26 13 11 25 15 2 8 32 37 29 7 20 4 38 16 17 36 21],[6 5 13 26 18 36 20 1 15 0 39 23 29 22 4 27 21 7 19 34 31 25 28 2 3 10 35 9 12 37 8 16 30 17 32 14 24 33 38 11],31538,32768
steepest/lipa40a,110,32013,20,16380,1,[25 18 2 28 12 38 32 5 30 29 37 19 9 3 33 36 23 15 17 6 10 7 27 39 31 13 22 16 0 14 35 8 26 1 4 20 34 11 24 21],[6 5 13 26 18 36 20 1 15 0 39 23 29 22 4 27 21 7 19 34 31 25 28 2 3 10 35 9 12 37 8 16 30 17 32 14 24 33 38 11],31538,32768
greedy/lipa40a,111,32060,60,2783,0,[27 24 21 32 13 4 16 22 6 37 23 35 8 20 5 33 30 2 3 25 28 29 17 26 18 14 31 11 0 19 9 10 1 38 15 12 36 39 7 34],[6 5 13 26 18 36 20 1 15 0 39 23 29 22 4 27 21 7 19 34 31 25 28 2 3 10 35 9 12 37 8 16 30 17 32 14 24 33 38 11],31538,32695
steepest/lipa40a,111,32068,20,16380,1,[18 26 0 21 11 39 5 1 29 17 36 35 8 34 28 38 22 27 2 20 6 25 4 30 16 32 12 9 13 3 14 23 37 10 19 7 31 33 15 24],[6 5 13 26 18 36 20 1 15 0 39 23 29 22 4 27 21 7 19 34 31 25 28 2 3 10 35 9 12 37 8 16 30 17 32 14 24 33 38 11],31538,32695
greedy/lipa40a,112,32017,65,3773,0,[16 28 2 12 14 35 9 24 34 32 3 29 31 10 5 13 11 6 18 15 17 20 37 19 27 1 23 30 21 39 22 36 25 4 33 7 8 38 0 26],[6 5 13 26 18 36 20 1 15 0 39 23 29 22 4 27 21 7 19 34 31 25 28 2 3 10 35 9 12 37 8 16 30 17 32 14 24 33 38 11],31538,32700
steepest/lipa40a,112,32044,18,14820,1,[22 6 35 25 29 17 10 12 37 38 30 0 39 26 34 2 20 36 11 27 3 24 23 9 28 14 19 18 1 4 5 8 21 16 33 32 13 15 7 31],[6 5 13 26 18 36 20 1 15 0 39 23 29 22 4 27 21 7 19 34 31 25 28 2 3 10 35 9 12 37 8 16 30 17 32 14 24 33 38 11],31538,32700
greedy/lipa40a,113,32028,69,5128,0,[18 33 23 35 5 38 20 9 19 10 2 31 7 25 26 0 6 24 3 15 36 39 32 8 13 17 28 22 12 34 37 21 16 27 14 29 4 30 1 11],[6 5 13 26 18 36 20 1 15 0 39 23 29 22 4 27 21 7 19 34 31 25 28 2 3 10 35 9 12 37 8 16 30 17 32 14 24 33 38 11],31538,32888
steepest/lipa40a,113,31981,27,21840,2,[18 27 4 11 23 9 0 30 35 1 37 31 14 3 16 5 38 7 10 6 39 17 36 2 15 24 8 20 29 19 32 25 33 28 26 13 21 34 12 22],[6 5 13 26 18 36 20 1 15 0 39 23 29 22 4 27 21 7 19 34 31 25 28 2 3 10 35 9 12 37 8 16 30 17 32 14 24 33 38 11],31538,32888
greedy/lipa40a,114,32051,63,3486,0,[2 11 3 18 8 38 37 20 22 23 0 21 36 27 29 34 17 28 1 12 35 15 25 9 32 33 24 6 10 30 26 14 7 13 16 19 4 5 31 39],[6 5 13 26 18 36 20 1 15 0 39 23 29 22 4 27 21 7 19 34 31 25 28 2 3 10 35 9 12 37 8 16 30 17 32 14 24 33 38 11],31538,32755
steepest/lipa40a,114,32030,23,18720,2,[1 31 37 34 19 11 29 9 6 18 8 22 14 0 3 13 27 17 26 35 21 20 12 2 24 28 36 38 4 16 39 32 33 15 30 25 23 5 7 10],[6 5 13 26 18 36 20 1 15 0 39 23 29 22 4 27 21 7 19 34 31 25 28 2 3 10 35 9 12 37 8 16 30 17 32 14 24 33 38 11],31538,32755
greedy/lipa40a,115,31994,50,3607,0,[37 33 18 39 19 38 23 12 7 5 14 27 6 3 1 20 10 36 34 32 8 24 2 30 22 16 26 0 13 11 9 25 31 15 28 4 17 35 29 21],[6 5 13 26 18 36 20 1 15 0 39 23 29 22 4 27 21 7 19 34 31 25 28 2 3 10 35 9 12 37 8 16 30 17 32 14 24 33 38 11],31538,32749
steepest/lipa40a,115,32002,28,22620,2,[32 31 34 12 14 16 8 39 28 24 27 22 37 15 26 0 3 30 7 23 19 5 20 11 25 38 9 4 6 33 1 36 21 13 18 17 10 35 29 2],[6 5 13 26 18 36 20 1 15 0 39 23 29 22 4 27 21 7 19 34 31 25 28 2 3 10 35 9 12 37 8 16 30 17 32 14 24 33 38 11],31538,32749
greedy/lipa40a,116,32044,59,2787,0,[37 35 21 10 4 15 17 13 39 30 1 28 38 14 24 33 0 5 26 9 8 11 2 36 3 34 32 31 25 27 12 20 19 6 29 22 23 7 18 16],[6 5 13 26 18 36 20 1 15 0 39 23 29 22 4 27 21 7 19 34 31 25 28 2 3 10 35 9 12 37 8 16 30 17 32 14 24 33 38 11],31538,32699
steepest/lipa40a,116,32015,20,16380,1,[12 7 20 34 32 29 37 13 8 1 25 30 0 9 5 14 26 22 15 33 21 17 28 2 11 24 36 16 38 35 39 10 3 4 6 31 27 19 18 23],[6 5 13 26 18 36 20 1 15 0 39 23 29 22 4 27 21 7 19 34 31 25 28 2 3 10 35 9 12 37 8 16 30 17 32 14 24 33 38 11],31538,32699
greedy/lipa40a,117,32047,58,5162,0,[0 16 18 10 8 2 4 28 35 21 37 29 7 12 20 23 1 19 27 30 24 3 31 11 36 33 9 22 13 6 5 25 15 38 26 32 14 39 34 17],[6 5 13 26 18 36 20 1 15 0 39 23 29 22 4 27 21 7 19 34 31 25 28 2 3 10 35 9 12 37 8 16 30 17 32 14 24 33 38 11],31538,32745
steepest/lipa40a,117,32000,21,17160,2,[16 26 3 29 23 10 20 8 14 4 6 1 15 22 18 21 2 35 32 25 13 38 9 11 39 36 31 0 33 12 5 34 30 24 19 28 7 37 17 27],[6 5 13 26 18 36 20 1 15 0 39 23 29 22 4 27 21 7 19 34 31 25 28 2 3 10 35 9 12 37 8 16 30 17 32 14 24 33 38 11],31538,32745
greedy/lipa40a,118,32039,51,2341,0,[32 33 20 24 27 10 16 17 8 39 14 28 21 35 4 11 9 29 30 22 23 36 18 6 13 37 31 7 25 2 12 0 3 5 26 15 38 19 34 1],[6 5 13 26 18 36 20 1 15 0 39 23 29 22 4 27 21 7 19 34 31 25 28 2 3 10 35 9 12 37 8 16 30 17 32 14 24 33 38 11],31538,32744
steepest/lipa40a,118,31946,32,25740,2,[32 3 7 11 39 36 22 27 8 5 4 28 30 17 10 15 26 37 24 34 19 31 20 23 33 9 21 6 25 38 12 18 29 16 0 1 2 13 35 14],[6 5 13 26 18 36 20 1 15 0 39 23 29 22 4 27 21 7 19 34 31 25 28 2 3 10 35 9 12 37 8 16 30 17 32 14 24 33 38 11],31538,32744
greedy/lipa40a,119,31989,48,3383,0,[5 26 27 37 30 36 14 2 7 25 34 18 12 33 17 22 20 29 0 32 21 16 6 3 1 23 9 10 24 13 15 11 31 4 8 19 38 35 28 39],[6 5 13 26 18 36 20 1 15 0 39 23 29 22 4 27 21 7 19 34 31 25 28 2 3 10 35 9 12 37 8 16 30 17 32 14 24 33 38 11],31538,32731
steepest/lipa40a,119,32062,19,15600,3,[8 3 33 25 35 32 39 2 37 7 12 5 26 17 31 1 20 29 0 27 14 15 4 38 16 28 24 13 6 9 30 34 10 11 36 21 23 18 22 19],[6 5 13 26 18 36 20 1 15 0 39 23 29 22 4 27 21 7 19 34 31 25 28 2 3 10 35 9 12 37 8 16 30 17 32 14 24 33 38 11],31538,32731
greedy/lipa40a,120,32002,59,4665,0,[25 6 21 13 22 31 3 10 32 37 35 16 33 4 11 34 0 30 17 24 18 1 39 2 5 8 36 15 7 27 12 23 29 9 19 38 28 26 14 20],[6 5 13 26 18 36 20 1 15 0 39 23 29 22 4 27 21 7 19 34 31 25 28 2 3 10 35 9 12 37 8 16 30 17 32 14 24 33 38 11],31538,32808
steepest/lipa40a,120,32038,24,19500,0,[5 39 12 1 2 4 10 17 21 34 19 29 35 14 22 31 13 18 9 0 28 24 36 32 27 16 8 15 11 33 37 38 23 3 6 20 30 7 25 26],[6 5 13 26 18 36 20 1 15 0 39 23 29 22 4 27 21 7 19 34 31 25 28 2 3 10 35 9 12 37 8 16 30 17 32 14 24 33 38 11],31538,32808
greedy/lipa40a,121,32009,60,3211,0,[19 35 25 27 23 14 17 5 10 31 20 16 28 8 26 7 1 37 34 12 32 18 15 3 2 33 39 29 13 11 6 38 36 9 22 30 21 0 24 4],[6 5 13 26 18 36 20 1 15 0 39 23 29 22 4 27 21 7 19 34 31 25 28 2 3 10 35 9 12 37 8 16 30 17 32 14 24 33 38 11],31538,32799
steepest/lipa40a,121,32014,22,17940,5,[26 34 22 13 12 32 37 1 14 8 5 20 15 11 28 6 38 27 18 10 30 35 23 4 2 3 25 29 0 16 17 19 7 24 39 31 9 36 21 33],[6 5 13 26 18 36 20 1 15 0 39 23 29 22 4 27 21 7 19 34 31 25 28 2 3 10 35 9 12 37 8 16 30 17 32 14 24 33 38 11],31538,32799
greedy/lipa40a,122,31960,63,5591,0,[34 11 18 14 22 9 39 19 6 15 3 12 7 17 33 35 38 10 23 0 36 28 30 26 8 2 31 27 25 16 13 20 24 37 32 4 5 21 29 1],[6 5 13 26 18 36 20 1 15 0 39 23 29 22 4 27 21 7 19 34 31 25 28 2 3 10 35 9 12 37 8 16 30 17 32 14 24 33 38 11],31538,32689
steepest/lipa40a,122,32035,22,17940,0,[0 37 14 33 3 32 10 22 9 17 15 25 39 26 31 27 13 7 21 2 24 36 11 16 28 30 1 34 4 18 20 19 29 12 23 5 38 35 8 6],[6 5 13 26 18 36 20 1 15 0 39 23 29 22 4 27 21 7 19 34 31 25 28 2 3 10 35 9 12 37 8 16 30 17 32 14 24 33 38 11],31538,32689
greedy/lipa40a,123,32046,70,5611,0,[8 4 7 1 37 15 14 22 24 3 29 28 18 13 5 6 12 34 26 20 19 33 21 10 27 36 2 16 30 25 31 17 11 0 39 38 9 32 35 23],[6 5 13 26 18 36 20 1 15 0 39 23 29 22 4 27 21 7 19 34 31 25 28 2 3 10 35 9 12 37 8 16 30 17 32 14 24 33 38 11],31538,32723
steepest/lipa40a,123,32063,18,14820,0,[0 17 29 24 30 8 14 20 1 6 34 36 13 28 26 9 12 2 11 10 32 33 37 3 27 23 22 15 7 25 31 21 35 39 5 38 16 18 4 19],[6 5 13 26 18 36 20 1 15 0 39 23 29 22 4 27 21 7 19 34 31 25 28 2 3 10 35 9 12 37 8 16 30 17 32 14 24 33 38 11],31538,32723
greedy/lipa40a,124,31982,49,5143,0,[8 38 25 10 35 27 2 20 36 39 16 32 28 34 9 13 5 22 0 3 37 29 21 33 14 6 7 31 1 26 18 4 30 11 23 19 24 17 15 12],[6 5 13 26 18 36 20 1 15 0 39 23 29 22 4 27 21 7 19 34 31 25 28 2 3 10 35 9 12 37 8 16 30 17 32 14 24 33 38 11],31538,32579
steepest/lipa40a,124,31920,31,24960,5,[14 29 5 35 18 36 20 32 22 25 2 11 4 39 13 21 1 33 31 8 15 7 16 34 37 17 3 23 6 26 28 38 10 30 12 0 24 19 9 27],[6 5 13 26 18 36 20 1 15 0 39 23 29 22 4 27 21 7 19 34 31 25 28 2 3 10 35 9 12 37 8 16 30 17 32 14 24 33 38 11],31538,32579
greedy/lipa40a,125,32002,59,3862,0,[2 33 20 38 34 37 24 31 21 3 16 22 11 35 17 18 13 29 39 0 30 36 5 28 8 15 32 25 14 27 26 23 9 4 6 10 19 12 1 7],[6 5 13 26 18 36 20 1 15 0 39 23 29 22 4 27 21 7 19 34 31 25 28 2 3 10 35 9 12 37 8 16 30 17 32 14 24 33 38 11],31538,32767
steepest/lipa40a,125,32052,20,16380,0,[26 31 20 22 16 14 9 35 5 8 27 3 0 7 13 11 33 34 38 39 28 17 19 32 18 29 1 4 6 10 2 21 30 15 12 36 24 23 37 25],[6 5 13 26 18 36 20 1 15 0 39 23 29 22 4 27 21 7 19 34 31 25 28 2 3 10 35 9 12 37 8 16 30 17 32 14 24 33 38 11],31538,32767
greedy/lipa40a,126,32028,50,3707,0,[7 25 33 39 17 23 16 35 32 0 5 31 21 11 12 1 6 14 29 3 30 36 2 28 9 24 20 34 10 37 8 26 18 38 27 15 4 22 19 13],[6 5 13 26 18 36 20 1 15 0 39 23 29 22 4 27 21 7 19 34 31 25 28 2 3 10 35 9 12 37 8 16 30 17 32 14 24 33 38 11],31538,32630
steepest/lipa40a,126,32056,20,16380,5,[37 27 23 0 33 18 34 24 3 22 5 30 21 4 28 16 2 1 36 12 31 32 29 11 17 10 20 19 38 15 6 35 8 25 39 14 9 7 13 26],[6 5 13 26 18 36 20 1 15 0 39 23 29 22 4 27 21 7 19 34 31 25 28 2 3 10 35 9 12 37 8 16 30 17 32 14 24 33 38 11],31538,32630
greedy/lipa40a,127,32060,49,4403,0,[20 33 29 15 24 38 14 27 37 7 25 26 19 39 34 9 17 0 30 5 23 4 35 2 11 16 8 22 28 32 36 31 12 3 13 6 18 10 21 1],[6 5 13 26 18 36 20 1 15 0 39 23 29 22 4 27 21 7 19 34 31 25 28 2 3 10 35 9 12 37 8 16 30 17 32 14 24 33 38 11],31538,32620
steepest/lipa40a,127,32075,15,12480,0,[37 27 26 32 8 38 0 9 30 5 25 1 19 21 36 24 39 4 33 35 23 18 2 28 3 22 20 6 16 7 13 15 12 34 11 31 10 17 14 29],[6 5 13 26 18 36 20 1 15 0 39 23 29 22 4 27 21 7 19 34 31 25 28 2 3 10 35 9 12 37 8 16 30 17 32 14 24 33 38 11],31538,32620
greedy/lipa40a,128,31992,66,4104,0,[20 27 25 1 5 36 6 29 38 37 9 32 17 26 10 31 22 4 2 16 15 19 33 11 28 39 14 23 21 0 8 18 34 3 35 24 30 7 12 13],[6 5 13 26 18 36 20 1 15 0 39 23 29 22 4 27 21 7 19 34 31 25 28 2 3 10 35 9 12 37 8 16 30 17 32 14 24 33 38 11],31538,32781
steepest/lipa40a,128,32015,20,16380,4,[20 6 12 25 8 5 2 29 31 35 30 36 38 7 18 37 1 0 14 19 16 22 33 26 23 32 24 39 34 10 3 17 9 15 27 21 4 28 11 13],[6 5 13 26 18 36 20 1 15 0 39 23 29 22 4 27 21 7 19 34 31 25 28 2 3 10 35 9 12 37 8 16 30 17 32 14 24 33 38 11],31538,32781
greedy/lipa40a,129,32018,65,3563,0,[33 18 27 30 12 34 25 16 22 20 17 32 14 9 24 38 37 6 36 2 31 15 5 4 10 8 3 13 19 0 23 29 7 26 1 21 35 11 39 28],[6 5 13 26 18 36 20 1 15 0 39 23 29 22 4 27 21 7 19 34 31 25 28 2 3 10 35 9 12 37 8 16 30 17 32 14 24 33 38 11],31538,32719
steepest/lipa40a,129,31996,20,16380,0,[33 8 0 24 30 37 13 31 5 39 26 17 16 9 20 15 10 38 12 34 1 36 11 6 19 35 22 7 4 21 3 29 18 23 25 32 14 28 27 2],[6 5 13 26 18 36 20 1 15 0 39 23 29 22 4 27 21 7 19 34 31 25 28 2 3 10 35 9 12 37 8 16 30 17 32 14 24 33 38 11],31538,32719
greedy/lipa40a,130,32013,56,4746,0,[15 33 30 25 39 2 11 36 38 34 14 20 10 22 21 13 8 35 12 28 24 17 3 6 27 29 31 4 18 23 37 0 9 19 32 5 26 7 16 1],[6 5 13 26 18 36 20 1 15 0 39 23 29 22 4 27 21 7 19 34 31 25 28 2 3 10 35 9 12 37 8 16 30 17 32 14 24 33 38 11],31538,32717
steepest/lipa40a,130,32044,23,18720,0,[4 16 24 27 30 35 33 36 5 15 26 39 0 29 20 18 37 13 38 10 17 9 22 6 21 8 31 11 25 14 3 7 28 23 12 32 19 2 34 1],[6 5 13 26 18 36 20 1 15 0 39 23 29 22 4 27 21 7 19 34 31 25 28 2 3 10 35 9 12 37 8 16 30 17 32 14 24 33 38 11],31538,32717
greedy/lipa40a,131,32051,63,3129,0,[29 35 5 13 11 21 30 19 14 17 8 39 38 37 2 4 18 6 3 25 27 33 16 28 32 7 36 15 1 0 20 22 10 12 34 23 31 9 24 26],[6 5 13 26 18 36 20 1 15 0 39 23 29 22 4 27 21 7 19 34 31 25 28 2 3 10 35 9 12 37 8 16 30 17 32 14 24 33 38 11],31538,32731
steepest/lipa40a,131,32007,26,21060,10,[2 22 6 0 9 17 29 19 31 15 10 33 37 20 39 3 21 38 24 1 28 12 4 27 16 23 7 18 34 30 13 5 8 36 14 11 25 32 35 26],[6 5 13 26 18 36 20 1 15 0 39 23 29 22 4 27 21 7 19 34 31 25 28 2 3 10 35 9 12 37 8 16 30 17 32 14 24 33 38 11],31538,32731
greedy/lipa40a,132,31980,60,4980,0,[8 13 11 22 18 30 20 38 31 39 32 33 4 23 27 16 36 7 21 17 0 37 15 28 19 1 26 3 34 35 2 6 14 10 12 25 24 9 29 5],[6 5 13 26 18 36 20 1 15 0 39 23 29 22 4 27 21 7 19 34 31 25 28 2 3 10 35 9 12 37 8 16 30 17 32 14 24 33 38 11],31538,32639
steepest/lipa40a,132,32006,18,14820,1,[7 25 5 0 11 39 36 32 4 19 20 34 38 27 8 12 16 9 33 14 24 3 35 23 28 17 13 29 30 10 21 26 15 37 1 2 31 22 6 18],[6 5 13 26 18 36 20 1 15 0 39 23 29 22 4 27 21 7 19 34 31 25 28 2 3 10 35 9 12 37 8 16 30 17 32 14 24 33 38 11],31538,32639
greedy/lipa40a,133,31901,68,5927,0,[8 13 30 17 1 15 16 14 38 33 12 18 7 2 39 34 23 36 6 26 0 25 4 5 28 37 21 19 24 31 11 9 10 35 3 20 32 22 29 27],[6 5 13 26 18 36 20 1 15 0 39 23 29 22 4 27 21 7 19 34 31 25 28 2 3 10 35 9 12 37 8 16 30 17 32 14 24 33 38 11],31538,32800
steepest/lipa40a,133,31992,27,21840,2,[8 0 39 38 18 36 32 15 22 13 33 34 14 6 23 35 21 7 37 11 20 29 30 26 31 10 17 9 3 16 28 2 5 19 12 25 24 4 1 27],[6 5 13 26 18 36 20 1 15 0 39 23 29 22 4 27 21 7 19 34 31 25 28 2 3 10 35 9 12 37 8 16 30 17 32 14 24 33 38 11],31538,32800
greedy/lipa40a,134,32018,57,4555,0,[8 13 35 6 19 10 2 28 22 18 32 4 21 37 29 39 1 9 17 38 0 23 11 31 12 36 3 7 5 16 26 14 15 33 20 30 24 34 25 27],[6 5 13 26 18 36 20 1 15 0 39 23 29 22 4 27 21 7 19 34 31 25 28 2 3 10 35 9 12 37 8 16 30 17 32 14 24 33 38 11],31538,32723
steepest/lipa40a,134,32016,21,17160,2,[9 39 26 11 2 14 19 8 0 27 10 4 37 3 18 13 21 36 17 6 38 15 31 20 22 33 34 1 5 12 23 30 29 24 32 35 7 16 28 25],[6 5 13 26 18 36 20 1 15 0 39 23 29 22 4 27 21 7 19 34 31 25 28 2 3 10 35 9 12 37 8 16 30 17 32 14 24 33 38 11],31538,32723
greedy/lipa40a,135,32014,60,4028,0,[0 16 15 5 22 11 29 1 9 10 4 26 38 17 8 13 36 39 30 34 35 25 23 19 3 12 37 28 31 6 20 33 21 2 7 14 32 24 18 27],[6 5 13 26 18 36 20 1 15 0 39 23 29 22 4 27 21 7 19 34 31 25 28 2 3 10 35 9 12 37 8 16 30 17 32 14 24 33 38 11],31538,32770
steepest/lipa40a,135,31974,27,21840,2,[26 19 1 15 5 27 38 13 36 8 12 11 33 32 17 9 31 4 29 30 24 14 22 23 2 37 21 3 6 18 20 39 10 16 35 25 28 7 34 0],[6 5 13 26 18 36 20 1 15 0 39 23 29 22 4 27 21 7 19 34 31 25 28 2 3 10 35 9 12 37 8 16 30 17 32 14 24 33 38 11],31538,32770
greedy/lipa40a,136,32040,55,2714,0,[26 30 3 0 31 9 13 11 7 34 23 25 14 22 2 15 12 6 18 10 17 35 5 21 27 36 19 24 4 32 33 29 1 8 20 28 37 39 38 16],[6 5 13 26 18 36 20 1 15 0 39 23 29 22 4 27 21 7 19 34 31 25 28 2 3 10 35 9 12 37 8 16 30 17 32 14 24 33 38 11],31538,32674
steepest/lipa40a,136,32025,18,14820,1,[2 3 13 14 8 11 10 31 25 23 28 21 30 26 20 29 33 0 9 5 17 18 27 32 24 34 19 22 4 36 12 35 15 39 37 1 16 7 38 6],[6 5 13 26 18 36 20 1 15 0 39 23 29 22 4 27 21 7 19 34 31 25 28 2 3 10 35 9 12 37 8 16 30 17 32 14 24 33 38 11],31538,32674
greedy/lipa40a,137,32022,58,3182,0,[30 23 13 11 5 22 28 20 0 18 24 12 26 15 32 16 17 4 37 6 29 35 1 21 3 10 33 2 31 9 25 7 39 36 8 34 38 14 19 27],[6 5 13 26 18 36 20 1 15 0 39 23 29 22 4 27 21 7 19 34 31 25 28 2 3 10 35 9 12 37 8 16 30 17 32 14 24 33 38 11],31538,32680
steepest/lipa40a,137,32001,22,17940,1,[22 3 13 11 18 39 20 2 30 38 24 27 15 1 37 23 17 26 0 21 33 29 6 5 36 19 4 9 28 25 12 16 31 14 32 34 7 8 35 10],[6 5 13 26 18 36 20 1 15 0 39 23 29 22 4 27 21 7 19 34 31 25 28 2 3 10 35 9 12 37 8 16 30 17 32 14 24 33 38 11],31538,32680
greedy/lipa40a,138,32003,59,3352,0,[9 12 13 0 10 38 16 20 15 23 3 5 17 6 25 7 11 2 32 39 26 37 34 33 22 1 24 8 4 19 21 29 36 18 27 35 31 14 30 28],[6 5 13 26 18 36 20 1 15 0 39 23 29 22 4 27 21 7 19 34 31 25 28 2 3 10 35 9 12 37 8 16 30 17 32 14 24 33 38 11],31538,32683
steepest/lipa40a,138,32008,27,21840,2,[16 20 14 13 38 6 37 31 24 29 7 22 9 18 28 8 32 30 3 23 27 15 1 33 12 19 34 0 39 4 21 35 2 26 25 36 5 11 17 10],[6 5 13 26 18 36 20 1 15 0 39 23 29 22 4 27 21 7 19 34 31 25 28 2 3 10 35 9 12 37 8 16 30 17 32 14 24 33 38 11],31538,32683
greedy/lipa40a,139,32032,52,4045,0,[16 35 32 10 39 21 23 20 37 38 1 25 19 33 3 0 28 2 4 15 7 30 29 11 6 26 9 14 13 24 5 12 8 34 17 31 22 27 36 18],[6 5 13 26 18 36 20 1 15 0 39 23 29 22 4 27 21 7 19 34 31 25 28 2 3 10 35 9 12 37 8 16 30 17 32 14 24 33 38 11],31538,32670
steepest/lipa40a,139,31988,22,17940,3,[3 23 27 5 31 13 11 16 36 18 26 25 19 9 1 29 10 37 4 24 14 32 6 28 0 21 2 38 7 22 39 12 30 33 17 15 35 8 34 20],[6 5 13 26 18 36 20 1 15 0 39 23 29 22 4 27 21 7 19 34 31 25 28 2 3 10 35 9 12 37 8 16 30 17 32 14 24 33 38 11],31538,32670
greedy/lipa40a,140,32018,68,3946,0,[17 9 22 21 6 37 36 2 32 35 18 27 39 12 13 7 11 31 20 34 4 16 33 24 38 1 14 10 29 23 0 3 19 30 8 5 15 28 26 25],[6 5 13 26 18 36 20 1 15 0 39 23 29 22 4 27 21 7 19 34 31 25 28 2 3 10 35 9 12 37 8 16 30 17 32 14 24 33 38 11],31538,32721
steepest/lipa40a,140,31969,27,21840,2,[36 34 26 11 25 24 39 7 30 38 15 10 19 0 3 2 21 13 16 35 4 5 31 6 23 20 37 29 8 32 12 28 1 14 27 18 9 33 17 22],[6 5 13 26 18 36 20 1 15 0 39 23 29 22 4 27 21 7 19 34 31 25 28 2 3 10 35 9 12 37 8 16 30 17 32 14 24 33 38 11],31538,32721
greedy/lipa40a,141,31970,54,4024,0,[6 16 19 39 30 12 4 27 23 0 29 10 21 35 34 17 33 7 32 8 3 31 14 11 2 1 24 26 25 28 5 13 18 37 22 36 38 15 9 20],[6 5 13 26 18 36 20 1 15 0 39 23 29 22 4 27 21 7 19 34 31 25 28 2 3 10 35 9 12 37 8 16 30 17 32 14 24 33 38 11],31538,32607
steepest/lipa40a,141,32012,22,17940,2,[23 15 31 39 17 14 4 30 26 24 34 10 11 36 13 6 19 16 32 21 0 28 3 37 2 1 8 25 27 7 33 12 18 29 22 35 38 20 9 5],[6 5 13 26 18 36 20 1 15 0 39 23 29 22 4 27 21 7 19 34 31 25 28 2 3 10 35 9 12 37 8 16 30 17 32 14 24 33 38 11],31538,32607
greedy/lipa40a,142,32003,62,4930,0,[10 2 27 9 34 14 19 20 30 36 16 0 12 17 31 32 23 24 22 37 33 13 38 3 8 25 7 29 15 18 39 1 26 6 4 11 28 5 35 21],[6 5 13 26 18 36 20 1 15 0 39 23 29 22 4 27 21 7 19 34 31 25 28 2 3 10 35 9 12 37 8 16 30 17 32 14 24 33 38 11],31538,32764
steepest/lipa40a,142,32028,18,14820,2,[12 37 30 32 39 35 31 22 24 11 7 34 14 36 2 26 23 27 10 4 38 21 1 33 25 20 16 19 28 15 6 29 5 8 17 13 18 0 9 3],[6 5 13 26 18 36 20 1 15 0 39 23 29 22 4 27 21 7 19 34 31 25 28 2 3 10 35 9 12 37 8 16 30 17 32 14 24 33 38 11],31538,32764
greedy/lipa40a,143,32005,53,4593,0,[15 13 19 17 20 24 38 7 23 34 11 2 30 16 26 9 31 0 39 36 10 35 5 6 1 25 37 12 8 22 3 21 4 33 18 32 14 28 29 27],[6 5 13 26 18 36 20 1 15 0 39 23 29 22 4 27 21 7 19 34 31 25 28 2 3 10 35 9 12 37 8 16 30 17 32 14 24 33 38 11],31538,32679
steepest/lipa40a,143,31989,26,21060,3,[19 12 18 30 25 24 28 15 7 31 0 11 33 38 5 26 1 9 29 35 32 17 14 8 2 16 21 10 6 3 37 39 34 20 13 36 4 22 23 27],[6 5 13 26 18 36 20 1 15 0 39 23 29 22 4 27 21 7 19 34 31 25 28 2 3 10 35 9 12 37 8 16 30 17 32 14 24 33 38 11],31538,32679
greedy/lipa40a,144,32056,57,2926,0,[11 10 23 38 33 30 21 13 37 17 1 27 6 16 31 35 28 18 39 36 9 14 5 32 34 8 12 3 20 15 22 19 24 25 26 0 7 2 4 29],[6 5 13 26 18 36 20 1 15 0 39 23 29 22 4 27 21 7 19 34 31 25 28 2 3 10 35 9 12 37 8 16 30 17 32 14 24 33 38 11],31538,32670
steepest/lipa40a,144,31992,25,20280,3,[16 0 25 26 5 31 30 11 4 2 6 3 38 33 18 13 14 1 15 28 21 37 35 23 34 36 7 19 29 32 12 10 17 39 27 22 24 9 8 20],[6 5 13 26 18 36 20 1 15 0 39 23 29 22 4 27 21 7 19 34 31 25 28 2 3 10 35 9 12 37 8 16 30 17 32 14 24 33 38 11],31538,32670
greedy/lipa40a,145,31968,68,7678,0,[12 20 5 0 26 1 16 19 9 10 37 39 4 14 27 13 36 30 35 3 38 31 11 6 22 34 28 25 18 2 33 24 8 7 32 15 29 23 21 17],[6 5 13 26 18 36 20 1 15 0 39 23 29 22 4 27 21 7 19 34 31 25 28 2 3 10 35 9 12 37 8 16 30 17 32 14 24 33 38 11],31538,32798
steepest/lipa40a,145,32046,23,18720,2,[18 12 33 0 37 5 19 4 9 30 11 35 34 31 38 21 39 6 22 36 7 16 8 2 26 25 28 10 24 15 13 1 20 27 32 29 14 3 17 23],[6 5 13 26 18 36 20 1 15 0 39 23 29 22 4 27 21 7 19 34 31 25 28 2 3 10 35 9 12 37 8 16 30 17 32 14 24 33 38 11],31538,32798
greedy/lipa40a,146,32027,57,4228,0,[17 19 3 39 13 20 29 1 10 18 28 12 4 26 30 34 5 15 2 23 25 14 22 6 0 24 31 35 21 33 7 37 11 9 36 38 16 32 8 27],[6 5 13 26 18 36 20 1 15 0 39 23 29 22 4 27 21 7 19 34 31 25 28 2 3 10 35 9 12 37 8 16 30 17 32 14 24 33 38 11],31538,32635
steepest/lipa40a,146,32030,18,14820,2,[4 0 2 33 19 20 11 10 37 6 34 13 28 30 22 5 16 32 31 27 36 18 1 3 26 35 7 25 15 12 14 38 24 39 29 9 17 21 23 8],[6 5 13 26 18 36 20 1 15 0 39 23 29 22 4 27 21 7 19 34 31 25 28 2 3 10 35 9 12 37 8 16 30 17 32 14 24 33 38 11],31538,32635
greedy/lipa40a,147,32020,57,3422,2,[36 8 33 3 24 13 1 30 4 9 15 5 21 6 20 16 28 35 11 2 32 37 17 26 39 12 31 34 38 18 25 7 10 23 29 27 22 14 0 19],[6 5 13 26 18 36 20 1 15 0 39 23 29 22 4 27 21 7 19 34 31 25 28 2 3 10 35 9 12 37 8 16 30 17 32 14 24 33 38 11],31538,32732
steepest/lipa40a,147,32009,18,14820,0,[24 27 31 4 11 15 21 30 3 13 9 33 6 38 16 10 32 36 34 2 18 37 5 0 39 19 23 8 7 26 29 25 22 17 12 35 1 14 28 20],[6 5 13 26 18 36 20 1 15 0 39 23 29 22 4 27 21 7 19 34 31 25 28 2 3 10 35 9 12 37 8 16 30 17 32 14 24 33 38 11],31538,32732
greedy/lipa40a,148,32015,50,4287,0,[0 23 27 6 9 24 25 26 38 17 11 39 32 20 21 13 35 30 18 1 8 14 37 31 16 36 12 3 22 5 4 15 33 10 2 34 29 28 7 19],[6 5 13 26 18 36 20 1 15 0 39 23 29 22 4 27 21 7 19 34 31 25 28 2 3 10 35 9 12 37 8 16 30 17 32 14 24 33 38 11],31538,32798
steepest/lipa40a,148,32011,27,21840,2,[33 18 16 19 29 15 21 26 1 22 9 25 28 11 23 20 2 13 4 38 7 0 37 3 5 36 34 8 12 27 39 30 14 32 17 6 31 10 35 24],[6 5 13 26 18 36 20 1 15 0 39 23 29 22 4 27 21 7 19 34 31 25 28 2 3 10 35 9 12 37 8 16 30 17 32 14 24 33 38 11],31538,32798
greedy/lipa40a,149,31985,52,4577,0,[23 6 2 13 10 38 31 5 39 30 19 9 28 24 20 25 17 27 26 33 1 34 8 3 18 4 37 16 22 15 14 35 36 12 0 7 21 29 32 11],[6 5 13 26 18 36 20 1 15 0 39 23 29 22 4 27 21 7 19 34 31 25 28 2 3 10 35 9 12 37 8 16 30 17 32 14 24 33 38 11],31538,32637
steepest/lipa40a,149,32029,18,14820,3,[7 5 29 2 9 37 21 31 33 34 25 20 13 28 6 10 23 15 30 17 18 32 8 3 26 35 19 1 27 14 22 0 36 39 12 16 11 38 4 24],[6 5 13 26 18 36 20 1 15 0 39 23 29 22 4 27 21 7 19 34 31 25 28 2 3 10 35 9 12 37 8 16 30 17 32 14 24 33 38 11],31538,32637
greedy/lipa40a,150,32017,55,3556,0,[6 31 33 24 39 36 1 2 34 30 16 12 21 13 4 32 23 35 28 9 3 38 15 27 29 19 14 5 20 37 10 0 7 17 8 26 22 18 11 25],[6 5 13 26 18 36 20 1 15 0 39 23 29 22 4 27 21 7 19 34 31 25 28 2 3 10 35 9 12 37 8 16 30 17 32 14 24 33 38 11],31538,32750
steepest/lipa40a,150,32058,21,17160,0,[35 33 3 25 7 10 30 31 6 19 5 8 38 24 21 14 16 23 2 34 18 28 9 11 36 12 1 39 0 27 20 22 15 32 13 4 17 37 29 26],[6 5 13 26 18 36 20 1 15 0 39 23 29 22 4 27 21 7 19 34 31 25 28 2 3 10 35 9 12 37 8 16 30 17 32 14 24 33 38 11],31538,32750
greedy/lipa40a,151,32042,58,3112,0,[33 32 30 12 15 29 9 27 38 8 3 36 10 6 37 26 1 39 14 22 21 17 25 23 7 16 4 2 11 35 0 5 31 34 20 18 24 13 19 28],[6 5 13 26 18 36 20 1 15 0 39 23 29 22 4 27 21 7 19 34 31 25 28 2 3 10 35 9 12 37 8 16 30 17 32 14 24 33 38 11],31538,32674
steepest/lipa40a,151,32060,18,14820,4,[4 10 26 33 11 15 9 38 30 2 14 0 3 39 32 6 23 1 31 18 19 35 16 27 25 21 22 29 5 36 8 13 7 12 24 28 20 34 17 37],[6 5 13 26 18 36 20 1 15 0 39 23 29 22 4 27 21 7 19 34 31 25 28 2 3 10 35 9 12 37 8 16 30 17 32 14 24 33 38 11],31538,32674
greedy/lipa40a,152,32011,67,5846,0,[22 25 11 0 7 19 23 32 20 38 30 26 9 14 2 5 13 36 31 29 39 16 1 33 3 15 34 35 17 10 21 6 8 28 12 37 24 27 4 18],[6 5 13 26 18 36 20 1 15 0 39 23 29 22 4 27 21 7 19 34 31 25 28 2 3 10 35 9 12 37 8 16 30 17 32 14 24 33 38 11],31538,32761
steepest/lipa40a,152,32047,22,17940,0,[32 5 39 16 9 31 22 18 6 10 37 13 14 34 24 35 0 11 15 7 19 8 28 12 3 27 30 1 29 33 21 2 17 36 20 38 25 26 4 23],[6 5 13 26 18 36 20 1 15 0 39 23 29 22 4 27 21 7 19 34 31 25 28 2 3 10 35 9 12 37 8 16 30 17 32 14 24 33 38 11],31538,32761
greedy/lipa40a,153,32007,58,4954,0,[5 2 9 20 18 22 39 27 24 10 29 8 19 13 23 26 36 33 0 12 21 34 6 31 30 11 3 16 37 4 25 38 17 1 32 15 7 14 35 28],[6 5 13 26 18 36 20 1 15 0 39 23 29 22 4 27 21 7 19 34 31 25 28 2 3 10 35 9 12 37 8 16 30 17 32 14 24 33 38 11],31538,32631
steepest/lipa40a,153,32072,21,17160,0,[29 39 0 28 10 1 19 20 24 16 8 30 21 37 3 32 4 31 12 17 13 36 26 11 6 5 9 25 14 7 33 27 18 34 38 15 22 23 35 2],[6 5 13 26 18 36 20 1 15 0 39 23 29 22 4 27 21 7 19 34 31 25 28 2 3 10 35 9 12 37 8 16 30 17 32 14 24 33 38 11],31538,32631
greedy/lipa40a,154,32017,53,3743,6,[18 28 11 37 22 23 3 14 29 30 4 9 31 35 10 39 25 32 5 16 33 36 19 17 13 38 12 2 26 27 20 1 8 21 6 15 0 24 7 34],[6 5 13 26 18 36 20 1 15 0 39 23 29 22 4 27 21 7 19 34 31 25 28 2 3 10 35 9 12 37 8 16 30 17 32 14 24 33 38 11],31538,32588
steepest/lipa40a,154,32079,16,13260,1,[1 3 11 29 8 22 36 28 20 18 2 4 27 32 12 39 17 35 5 24 33 19 10 21 6 38 23 37 26 15 25 9 13 30 0 31 16 7 14 34],[6 5 13 26 18 36 20 1 15 0 39 23 29 22 4 27 21 7 19 34 31 25 28 2 3 10 35 9 12 37 8 16 30 17 32 14 24 33 38 11],31538,32588
greedy/lipa40a,155,32031,54,4034,0,[8 26 12 20 13 10 23 32 27 33 38 22 15 3 16 25 24 30 7 31 14 11 0 5 6 18 28 1 39 17 4 36 21 34 2 35 29 37 9 19],[6 5 13 26 18 36 20 1 15 0 39 23 29 22 4 27 21 7 19 34 31 25 28 2 3 10 35 9 12 37 8 16 30 17 32 14 24 33 38 11],31538,32642
steepest/lipa40a,155,32055,19,15600,2,[22 6 27 14 13 9 37 32 16 34 25 18 0 28 5 29 2 30 15 31 39 11 8 21 26 36 3 20 24 4 33 7 10 38 1 17 35 19 23 12],[6 5 13 26 18 36 20 1 15 0 39 23 29 22 4 27 21 7 19 34 31 25 28 2 3 10 35 9 12 37 8 16 30 17 32 14 24 33 38 11],31538,32642
greedy/lipa40a,156,32051,63,2946,0,[38 29 23 15 18 36 12 27 4 8 39 19 21 1 28 25 34 26 14 16 5 3 13 22 33 37 6 9 17 11 32 35 10 2 20 30 24 7 31 0],[6 5 13 26 18 36 20 1 15 0 39 23 29 22 4 27 21 7 19 34 31 25 28 2 3 10 35 9 12 37 8 16 30 17 32 14 24 33 38 11],31538,32783
steepest/lipa40a,156,31997,24,19500,3,[8 34 12 30 9 10 11 21 37 26 25 16 17 2 3 31 1 38 13 7 0 15 14 39 18 36 22 5 28 23 35 27 4 6 29 32 19 20 24 33],[6 5 13 26 18 36 20 1 15 0 39 23 29 22 4 27 21 7 19 34 31 25 28 2 3 10 35 9 12 37 8 16 30 17 32 14 24 33 38 11],31538,32783
greedy/lipa40a,157,31971,65,4623,0,[11 31 3 5 36 2 35 39 14 7 28 27 21 16 6 22 32 34 12 38 29 8 24 26 20 23 33 4 10 19 17 0 9 15 25 30 1 18 37 13],[6 5 13 26 18 36 20 1 15 0 39 23 29 22 4 27 21 7 19 34 31 25 28 2 3 10 35 9 12 37 8 16 30 17 32 14 24 33 38 11],31538,32632
steepest/lipa40a,157,32012,22,17940,2,[21 11 23 22 36 39 28 18 14 26 25 8 19 12 31 34 38 3 0 33 10 17 7 13 32 5 30 6 2 9 29 27 15 37 24 35 4 20 1 16],[6 5 13 26 18 36 20 1 15 0 39 23 29 22 4 27 21 7 19 34 31 25 28 2 3 10 35 9 12 37 8 16 30 17 32 14 24 33 38 11],31538,32632
greedy/lipa40a,158,32017,60,6415,0,[26 29 25 1 7 33 24 21 8 38 16 39 4 11 0 18 22 17 2 3 9 27 19 13 31 14 15 36 34 20 30 28 32 37 10 6 12 23 35 5],[6 5 13 26 18 36 20 1 15 0 39 23 29 22 4 27 21 7 19 34 31 25 28 2 3 10 35 9 12 37 8 16 30 17 32 14 24 33 38 11],31538,32739
steepest/lipa40a,158,31998,30,24180,4,[25 23 2 8 26 20 39 18 28 1 11 4 36 31 5 12 22 9 17 3 13 19 0 27 6 7 38 37 30 33 16 10 14 21 32 15 24 29 34 35],[6 5 13 26 18 36 20 1 15 0 39 23 29 22 4 27 21 7 19 34 31 25 28 2 3 10 35 9 12 37 8 16 30 17 32 14 24 33 38 11],31538,32739
greedy/lipa40a,159,31967,66,6456,0,[21 31 34 23 2 14 10 22 33 26 39 13 16 35 7 17 8 18 15 30 29 1 19 25 12 0 28 32 27 5 9 37 4 24 6 38 36 20 11 3],[6 5 13 26 18 36 20 1 15 0 39 23 29 22 4 27 21 7 19 34 31 25 28 2 3 10 35 9 12 37 8 16 30 17 32 14 24 33 38 11],31538,32743
steepest/lipa40a,159,31984,30,24180,4,[33 2 13 1 30 17 34 20 15 39 22 19 25 27 37 16 8 26 32 21 29 9 24 14 12 0 3 11 4 5 35 7 6 23 18 36 10 38 31 28],[6 5 13 26 18 36 20 1 15 0 39 23 29 22 4 27 21 7 19 34 31 25 28 2 3 10 35 9 12 37 8 16 30 17 32 14 24 33 38 11],31538,32743
greedy/lipa40a,160,31992,59,4992,1,[7 27 39 23 13 8 16 0 14 12 31 32 18 10 11 35 33 29 37 25 30 6 4 5 28 34 21 15 19 3 38 17 20 1 24 9 2 22 36 26],[6 5 13 26 18 36 20 1 15 0 39 23 29 22 4 27 21 7 19 34 31 25 28 2 3 10 35 9 12 37 8 16 30 17 32 14 24 33 38 11],31538,32687
steepest/lipa40a,160,32023,21,17160,0,[15 20 2 12 7 0 23 24 8 19 13 3 38 25 18 28 22 29 34 33 4 10 31 26 36 6 27 21 16 11 9 17 32 39 37 1 30 35 14 5],[6 5 13 26 18 36 20 1 15 0 39 23 29 22 4 27 21 7 19 34 31 25 28 2 3 10 35 9 12 37 8 16 30 17 32 14 24 33 38 11],31538,32687
greedy/lipa40a,161,32044,56,4474,0,[31 22 1 39 6 16 38 34 36 27 21 0 20 12 32 33 9 26 29 15 14 8 18 25 30 4 28 2 5 23 13 24 35 19 37 7 11 17 10 3],[6 5 13 26 18 36 20 1 15 0 39 23 29 22 4 27 21 7 19 34 31 25 28 2 3 10 35 9 12 37 8 16 30 17 32 14 24 33 38 11],31538,32571
steepest/lipa40a,161,31928,26,21060,3,[34 10 18 11 5 23 14 1 24 15 39 26 20 22 19 6 17 0 28 32 38 25 31 2 27 36 12 9 30 29 13 35 8 37 16 7 4 33 21 3],[6 5 13 26 18 36 20 1 15 0 39 23 29 22 4 27 21 7 19 34 31 25 28 2 3 10 35 9 12 37 8 16 30 17 32 14 24 33 38 11],31538,32571
greedy/lipa40a,162,31956,73,6753,0,[23 12 5 36 13 14 29 39 38 11 16 30 28 34 27 0 10 25 26 8 21 17 7 3 37 33 9 4 20 6 31 24 1 32 22 19 2 18 15 35],[6 5 13 26 18 36 20 1 15 0 39 23 29 22 4 27 21 7 19 34 31 25 28 2 3 10 35 9 12 37 8 16 30 17 32 14 24 33 38 11],31538,32643
steepest/lipa40a,162,31989,30,24180,0,[13 6 5 19 22 15 14 26 11 10 35 20 4 12 21 24 18 32 16 7 29 38 37 2 27 36 8 34 23 25 31 0 1 33 17 28 39 30 3 9],[6 5 13 26 18 36 20 1 15 0 39 23 29 22 4 27 21 7 19 34 31 25 28 2 3 10 35 9 12 37 8 16 30 17 32 14 24 33 38 11],31538,32643
greedy/lipa40a,163,32005,61,3776,0,[25 27 28 22 3 17 19 10 16 1 9 23 14 26 29 34 37 15 12 5 18 36 7 33 0 6 24 39 4 31 11 2 30 13 20 38 35 21 8 32],[6 5 13 26 18 36 20 1 15 0 39 23 29 22 4 27 21 7 19 34 31 25 28 2 3 10 35 9 12 37 8 16 30 17 32 14 24 33 38 11],31538,32764
steepest/lipa40a,163,32024,19,15600,0,[25 28 23 13 31 9 12 11 37 22 3 24 21 14 7 5 38 29 18 20 10 35 30 26 8 32 17 27 16 1 39 0 19 36 6 15 4 33 34 2],[6 5 13 26 18 36 20 1 15 0 39 23 29 22 4 27 21 7 19 34 31 25 28 2 3 10 35 9 12 37 8 16 30 17 32 14 24 33 38 11],31538,32764
greedy/lipa40a,164,32021,75,3422,0,[6 33 23 22 5 29 11 27 4 0 38 34 20 12 9 39 2 28 30 24 17 37 10 3 18 36 31 14 19 32 8 35 15 26 13 25 21 7 1 16],[6 5 13 26 18 36 20 1 15 0 39 23 29 22 4 27 21 7 19 34 31 25 28 2 3 10 35 9 12 37 8 16 30 17 32 14 24 33 38 11],31538,32744
steepest/lipa40a,164,31983,26,21060,2,[36 13 18 34 35 31 2 26 7 10 22 0 24 14 29 12 5 23 30 32 1 21 37 3 27 38 8 19 9 6 15 20 33 11 28 16 4 17 25 39],[6 5 13 26 18 36 20 1 15 0 39 23 29 22 4 27 21 7 19 34 31 25 28 2 3 10 35 9 12 37 8 16 30 17 32 14 24 33 38 11],31538,32744
greedy/lipa40a,165,32012,52,6619,1,[25 37 2 22 18 36 20 17 28 14 33 5 31 15 6 39 38 24 30 0 21 35 3 34 27 9 29 23 11 13 16 19 10 32 26 1 7 4 8 12],[6 5 13 26 18 36 20 1 15 0 39 23 29 22 4 27 21 7 19 34 31 25 28 2 3 10 35 9 12 37 8 16 30 17 32 14 24 33 38 11],31538,32641
steepest/lipa40a,165,32015,15,12480,0,[38 37 5 26 36 39 32 35 30 14 11 18 0 33 28 19 25 13 27 23 15 7 31 6 1 9 20 17 24 34 3 4 10 16 22 21 29 2 8 12],[6 5 13 26 18 36 20 1 15 0 39 23 29 22 4 27 21 7 19 34 31 25 28 2 3 10 35 9 12 37 8 16 30 17 32 14 24 33 38 11],31538,32641
greedy/lipa40a,166,32055,55,4506,0,[5 25 14 19 21 30 24 26 36 1 29 10 20 11 2 35 31 23 27 15 6 12 3 9 33 8 38 32 17 34 16 22 0 39 13 7 4 37 28 18],[6 5 13 26 18 36 20 1 15 0 39 23 29 22 4 27 21 7 19 34 31 25 28 2 3 10 35 9 12 37 8 16 30 17 32 14 24 33 38 11],31538,32659
steepest/lipa40a,166,32011,19,15600,0,[34 20 32 2 39 10 35 21 36 27 37 26 12 31 15 22 24 1 30 9 0 28 6 3 29 5 14 25 17 7 16 19 8 13 33 11 38 4 23 18],[6 5 13 26 18 36 20 1 15 0 39 23 29 22 4 27 21 7 19 34 31 25 28 2 3 10 35 9 12 37 8 16 30 17 32 14 24 33 38 11],31538,32659
greedy/lipa40a,167,32050,52,4190,0,[22 10 0 30 16 7 3 23 5 37 1 24 31 11 15 29 25 27 18 34 14 28 9 19 39 4 17 26 6 12 32 8 2 38 20 36 33 13 21 35],[6 5 13 26 18 36 20 1 15 0 39 23 29 22 4 27 21 7 19 34 31 25 28 2 3 10 35 9 12 37 8 16 30 17 32 14 24 33 38 11],31538,32731
steepest/lipa40a,167,32021,20,16380,6,[33 5 3 21 16 14 24 27 7 8 34 28 31 35 30 0 26 20 36 37 6 9 10 19 39 29 17 25 2 22 32 23 4 38 1 18 12 13 11 15],[6 5 13 26 18 36 20 1 15 0 39 23 29 22 4 27 21 7 19 34 31 25 28 2 3 10 35 9 12 37 8 16 30 17 32 14 24 33 38 11],31538,32731
greedy/lipa40a,168,32013,45,3090,0,[7 24 39 34 10 14 30 28 22 5 19 2 1 9 15 38 8 37 13 29 33 17 21 23 11 0 4 16 12 32 20 35 36 6 27 31 3 25 18 26],[6 5 13 26 18 36 20 1 15 0 39 23 29 22 4 27 21 7 19 34 31 25 28 2 3 10 35 9 12 37 8 16 30 17 32 14 24 33 38 11],31538,32716
steepest/lipa40a,168,32066,15,12480,0,[1 0 12 26 30 19 34 17 28 10 2 27 36 13 24 38 7 5 35 3 11 32 6 37 29 18 39 22 14 20 21 23 31 25 16 9 4 15 8 33],[6 5 13 26 18 36 20 1 15 0 39 23 29 22 4 27 21 7 19 34 31 25 28 2 3 10 35 9 12 37 8 16 30 17 32 14 24 33 38 11],31538,32716
greedy/lipa40a,169,32047,58,2489,0,[33 38 2 16 0 11 31 20 28 14 8 29 32 37 9 12 4 1 3 22 26 36 27 13 6 21 7 34 10 19 30 35 17 25 23 15 24 18 5 39],[6 5 13 26 18 36 20 1 15 0 39 23 29 22 4 27 21 7 19 34 31 25 28 2 3 10 35 9 12 37 8 16 30 17 32 14 24 33 38 11],31538,32693
steepest/lipa40a,169,32003,29,23400,3,[37 9 13 22 33 36 18 4 15 11 10 3 26 28 29 7 21 30 31 39 19 34 27 20 2 23 6 24 14 17 16 12 32 0 35 8 1 5 38 25],[6 5 13 26 18 36 20 1 15 0 39 23 29 22 4 27 21 7 19 34 31 25 28 2 3 10 35 9 12 37 8 16 30 17 32 14 24 33 38 11],31538,32693
greedy/lipa40a,170,32003,48,5462,0,[28 32 35 21 27 18 7 39 12 22 13 5 23 15 6 29 11 20 4 24 16 10 33 30 25 31 9 17 0 37 14 2 34 3 8 36 26 38 19 1],[6 5 13 26 18 36 20 1 15 0 39 23 29 22 4 27 21 7 19 34 31 25 28 2 3 10 35 9 12 37 8 16 30 17 32 14 24 33 38 11],31538,32596
steepest/lipa40a,170,31914,26,21060,4,[29 24 23 28 34 39 38 18 12 17 3 8 21 37 6 20 11 33 2 19 9 10 16 13 32 5 30 27 14 22 4 0 26 31 35 36 1 7 15 25],[6 5 13 26 18 36 20 1 15 0 39 23 29 22 4 27 21 7 19 34 31 25 28 2 3 10 35 9 12 37 8 16 30 17 32 14 24 33 38 11],31538,32596
greedy/lipa40a,171,32050,54,4268,0,[4 0 20 31 32 22 19 14 18 16 33 28 39 34 24 17 5 12 25 38 21 36 6 29 30 11 13 2 26 15 27 23 3 7 9 10 35 37 1 8],[6 5 13 26 18 36 20 1 15 0 39 23 29 22 4 27 21 7 19 34 31 25 28 2 3 10 35 9 12 37 8 16 30 17 32 14 24 33 38 11],31538,32681
steepest/lipa40a,171,31925,32,25740,4,[8 13 17 18 26 10 31 21 16 34 9 11 20 25 15 4 5 27 6 36 0 1 23 37 2 38 14 39 24 32 19 7 12 22 3 35 28 33 30 29],[6 5 13 26 18 36 20 1 15 0 39 23 29 22 4 27 21 7 19 34 31 25 28 2 3 10 35 9 12 37 8 16 30 17 32 14 24 33 38 11],31538,32681
greedy/lipa40a,172,31956,77,5813,0,[3 11 34 10 22 4 7 12 19 27 35 20 33 2 9 16 6 32 14 15 29 26 21 23 0 24 1 28 18 25 13 36 37 38 30 8 39 17 5 31],[6 5 13 26 18 36 20 1 15 0 39 23 29 22 4 27 21 7 19 34 31 25 28 2 3 10 35 9 12 37 8 16 30 17 32 14 24 33 38 11],31538,32696
steepest/lipa40a,172,32051,17,14040,2,[34 2 1 16 5 38 14 21 19 26 24 35 32 18 20 11 12 4 37 15 22 13 27 29 6 36 9 28 8 25 31 7 17 10 33 3 0 23 30 39],[6 5 13 26 18 36 20 1 15 0 39 23 29 22 4 27 21 7 19 34 31 25 28 2 3 10 35 9 12 37 8 16 30 17 32 14 24 33 38 11],31538,32696
greedy/lipa40a,173,32056,51,4339,0,[8 27 31 6 35 28 23 16 7 33 24 32 14 5 11 4 19 36 22 26 2 38 18 25 9 37 21 3 1 30 34 12 15 20 39 0 29 17 10 13],[6 5 13 26 18 36 20 1 15 0 39 23 29 22 4 27 21 7 19 34 31 25 28 2 3 10 35 9 12 37 8 16 30 17 32 14 24 33 38 11],31538,32691
steepest/lipa40a,173,31969,29,23400,0,[34 33 5 21 13 24 16 6 38 7 2 31 30 12 1 28 26 15 9 22 36 4 20 8 39 17 0 23 10 29 27 35 19 32 14 37 25 3 11 18],[6 5 13 26 18 36 20 1 15 0 39 23 29 22 4 27 21 7 19 34 31 25 28 2 3 10 35 9 12 37 8 16 30 17 32 14 24 33 38 11],31538,32691
greedy/lipa40a,174,31964,60,3864,0,[3 32 5 31 14 0 30 1 9 18 39 16 35 2 12 13 17 6 7 36 21 25 26 27 34 4 15 10 28 23 20 11 29 38 33 37 8 24 22 19],[6 5 13 26 18 36 20 1 15 0 39 23 29 22 4 27 21 7 19 34 31 25 28 2 3 10 35 9 12 37 8 16 30 17 32 14 24 33 38 11],31538,32625
steepest/lipa40a,174,32022,24,19500,6,[25 5 30 22 32 2 36 27 13 34 19 20 9 17 0 26 18 37 16 33 21 31 14 39 4 24 3 6 11 15 38 7 35 8 1 23 10 28 29 12],[6 5 13 26 18 36 20 1 15 0 39 23 29 22 4 27 21 7 19 34 31 25 28 2 3 10 35 9 12 37 8 16 30 17 32 14 24 33 38 11],31538,32625
greedy/lipa40a,175,32019,58,3868,0,[32 13 6 7 9 25 22 23 37 24 33 10 5 34 29 3 20 38 19 4 28 2 18 26 17 14 30 8 31 1 0 39 36 35 21 16 11 12 15 27],[6 5 13 26 18 36 20 1 15 0 39 23 29 22 4 27 21 7 19 34 31 25 28 2 3 10 35 9 12 37 8 16 30 17 32 14 24 33 38 11],31538,32745
steepest/lipa40a,175,32070,17,14040,0,[24 2 16 38 22 37 6 14 17 32 3 9 25 34 36 13 29 27 19 15 28 4 31 7 33 11 18 5 26 0 23 20 12 21 10 1 39 30 35 8],[6 5 13 26 18 36 20 1 15 0 39 23 29 22 4 27 21 7 19 34 31 25 28 2 3 10 35 9 12 37 8 16 30 17 32 14 24 33 38 11],31538,32745
greedy/lipa40a,176,32017,70,6859,1,[29 37 27 24 2 15 36 13 0 16 5 18 12 3 19 14 4 31 26 6 21 17 38 11 22 7 9 34 33 10 20 28 1 23 30 39 35 25 32 8],[6 5 13 26 18 36 20 1 15 0 39 23 29 22 4 27 21 7 19 34 31 25 28 2 3 10 35 9 12 37 8 16 30 17 32 14 24 33 38 11],31538,32677
steepest/lipa40a,176,31986,22,17940,2,[6 37 27 2 13 9 16 17 22 35 30 24 7 38 19 28 1 31 26 11 21 3 8 20 5 36 18 39 0 4 23 15 12 34 25 32 29 33 14 10],[6 5 13 26 18 36 20 1 15 0 39 23 29 22 4 27 21 7 19 34 31 25 28 2 3 10 35 9 12 37 8 16 30 17 32 14 24 33 38 11],31538,32677
greedy/lipa40a,177,32058,56,2735,0,[30 27 10 23 24 5 19 12 14 16 35 25 28 2 13 21 38 7 8 4 26 31 34 33 32 39 11 37 18 15 9 3 20 29 0 1 6 36 22 17],[6 5 13 26 18 36 20 1 15 0 39 23 29 22 4 27 21 7 19 34 31 25 28 2 3 10 35 9 12 37 8 16 30 17 32 14 24 33 38 11],31538,32604
steepest/lipa40a,177,32057,18,14820,2,[4 27 24 6 23 20 19 16 7 14 3 9 21 26 10 34 32 12 5 37 25 29 8 2 39 33 18 13 11 15 30 0 36 31 28 22 35 1 38 17],[6 5 13 26 18 36 20 1 15 0 39 23 29 22 4 27 21 7 19 34 31 25 28 2 3 10 35 9 12 37 8 16 30 17 32 14 24 33 38 11],31538,32604
greedy/lipa40a,178,32052,50,2266,0,[26 3 19 5 1 28 37 18 8 21 13 2 17 0 34 32 39 16 36 33 31 30 6 15 4 35 14 38 25 27 20 9 22 12 7 23 11 24 10 29],[6 5 13 26 18 36 20 1 15 0 39 23 29 22 4 27 21 7 19 34 31 25 28 2 3 10 35 9 12 37 8 16 30 17 32 14 24 33 38 11],31538,32797
steepest/lipa40a,178,31982,26,21060,0,[8 21 3 5 29 23 37 18 9 33 26 2 31 24 19 34 39 11 28 36 17 30 0 27 7 16 14 38 13 4 25 15 22 32 6 1 35 20 10 12],[6 5 13 26 18 36 20 1 15 0 39 23 29 22 4 27 21 7 19 34 31 25 28 2 3 10 35 9 12 37 8 16 30 17 32 14 24 33 38 11],31538,32797
greedy/lipa40a,179,32016,58,3577,4,[39 26 8 27 29 12 18 21 14 34 7 32 4 36 16 0 5 13 19 25 22 17 15 6 2 24 11 10 1 31 3 37 38 20 23 28 30 33 9 35],[6 5 13 26 18 36 20 1 15 0 39 23 29 22 4 27 21 7 19 34 31 25 28 2 3 10 35 9 12 37 8 16 30 17 32 14 24 33 38 11],31538,32787
steepest/lipa40a,179,32085,17,14040,0,[18 33 9 24 20 16 0 23 14 31 27 8 38 15 30 5 32 21 19 29 39 17 28 10 13 36 2 4 35 34 3 37 26 7 25 22 6 12 11 1],[6 5 13 26 18 36 20 1 15 0 39 23 29 22 4 27 21 7 19 34 31 25 28 2 3 10 35 9 12 37 8 16 30 17 32 14 24 33 38 11],31538,32787
greedy/lipa40a,180,31978,63,7637,2,[18 10 3 30 17 32 19 1 34 4 38 13 9 5 31 20 27 6 16 8 25 28 2 39 0 29 22 26 15 7 23 36 14 11 24 35 12 33 37 21],[6 5 13 26 18 36 20 1 15 0 39 23 29 22 4 27 21 7 19 34 31 25 28 2 3 10 35 9 12 37 8 16 30 17 32 14 24 33 38 11],31538,32616
steepest/lipa40a,180,32056,15,12480,0,[1 22 28 30 19 21 17 10 8 25 38 12 34 5 14 16 33 23 20 15 36 29 24 18 13 11 0 26 6 35 39 32 7 31 27 2 37 9 3 4],[6 5 13 26 18 36 20 1 15 0 39 23 29 22 4 27 21 7 19 34 31 25 28 2 3 10 35 9 12 37 8 16 30 17 32 14 24 33 38 11],31538,32616
greedy/lipa40a,181,32003,65,5198,0,[9 3 19 15 1 14 33 6 21 36 32 26 4 22 7 37 31 39 29 0 16 27 28 2 35 25 10 13 17 20 8 34 12 30 11 24 23 5 38 18],[6 5 13 26 18 36 20 1 15 0 39 23 29 22 4 27 21 7 19 34 31 25 28 2 3 10 35 9 12 37 8 16 30 17 32 14 24 33 38 11],31538,32646
steepest/lipa40a,181,32021,27,21840,6,[8 20 19 36 23 37 26 14 4 22 35 2 17 5 18 6 31 34 12 28 10 32 7 13 0 11 25 1 39 38 27 9 24 33 15 29 21 3 16 30],[6 5 13 26 18 36 20 1 15 0 39 23 29 22 4 27 21 7 19 34 31 25 28 2 3 10 35 9 12 37 8 16 30 17 32 14 24 33 38 11],31538,32646
greedy/lipa40a,182,32013,70,5271,0,[8 18 34 6 32 16 1 11 36 12 10 39 14 21 24 33 26 22 3 37 2 38 28 29 23 30 35 5 25 13 27 17 15 7 31 4 19 9 0 20],[6 5 13 26 18 36 20 1 15 0 39 23 29 22 4 27 21 7 19 34 31 25 28 2 3 10 35 9 12 37 8 16 30 17 32 14 24 33 38 11],31538,32827
steepest/lipa40a,182,32034,22,17940,3,[15 22 39 5 16 14 13 8 18 36 38 25 35 20 3 27 10 34 24 31 33 21 12 30 11 2 26 23 28 32 19 1 29 37 0 9 17 6 7 4],[6 5 13 26 18 36 20 1 15 0 39 23 29 22 4 27 21 7 19 34 31 25 28 2 3 10 35 9 12 37 8 16 30 17 32 14 24 33 38 11],31538,32827
greedy/lipa40a,183,32034,56,5391,0,[28 11 31 19 3 4 21 17 8 38 25 35 5 12 1 6 22 34 23 26 2 9 30 13 18 27 29 37 24 0 15 10 32 36 7 39 14 16 33 20],[6 5 13 26 18 36 20 1 15 0 39 23 29 22 4 27 21 7 19 34 31 25 28 2 3 10 35 9 12 37 8 16 30 17 32 14 24 33 38 11],31538,32690
steepest/lipa40a,183,31982,27,21840,0,[23 0 3 29 31 24 10 7 34 30 6 4 38 5 32 37 17 12 35 26 20 36 9 13 28 19 15 27 21 39 2 14 18 1 22 16 11 33 25 8],[6 5 13 26 18 36 20 1 15 0 39 23 29 22 4 27 21 7 19 34 31 25 28 2 3 10 35 9 12 37 8 16 30 17 32 14 24 33 38 11],31538,32690
greedy/lipa40a,184,32007,52,5995,0,[26 13 0 9 33 15 10 12 20 32 34 30 24 19 16 35 7 1 4 37 28 11 38 3 23 36 22 31 14 5 6 29 8 39 17 21 18 25 27 2],[6 5 13 26 18 36 20 1 15 0 39 23 29 22 4 27 21 7 19 34 31 25 28 2 3 10 35 9 12 37 8 16 30 17 32 14 24 33 38 11],31538,32679
steepest/lipa40a,184,32027,19,15600,5,[6 35 27 15 16 8 10 4 28 19 11 2 32 33 24 20 31 1 12 37 7 36 26 3 34 38 14 13 30 5 21 29 22 25 17 9 18 0 39 23],[6 5 13 26 18 36 20 1 15 0 39 23 29 22 4 27 21 7 19 34 31 25 28 2 3 10 35 9 12 37 8 16 30 17 32 14 24 33 38 11],31538,32679
greedy/lipa40a,185,32009,75,6005,0,[26 19 16 9 22 23 13 1 28 38 39 12 7 35 32 27 36 6 18 3 31 10 30 4 8 2 25 29 15 24 5 20 11 21 33 0 14 34 17 37],[6 5 13 26 18 36 20 1 15 0 39 23 29 22 4 27 21 7 19 34 31 25 28 2 3 10 35 9 12 37 8 16 30 17 32 14 24 33 38 11],31538,32714
steepest/lipa40a,185,31967,22,17940,0,[12 34 9 10 28 31 5 11 29 24 26 14 19 30 22 0 23 16 27 2 17 37 3 39 13 21 35 8 6 7 18 38 33 32 20 15 25 1 36 4],[6 5 13 26 18 36 20 1 15 0 39 23 29 22 4 27 21 7 19 34 31 25 28 2 3 10 35 9 12 37 8 16 30 17 32 14 24 33 38 11],31538,32714
greedy/lipa40a,186,32054,46,2643,0,[33 3 2 29 13 9 1 5 28 39 27 17 19 0 10 32 4 25 15 35 16 37 31 12 23 20 18 8 26 6 22 36 11 21 24 7 30 38 14 34],[6 5 13 26 18 36 20 1 15 0 39 23 29 22 4 27 21 7 19 34 31 25 28 2 3 10 35 9 12 37 8 16 30 17 32 14 24 33 38 11],31538,32669
steepest/lipa40a,186,32050,22,17940,8,[15 14 29 37 28 24 9 0 18 34 2 23 13 35 27 11 17 36 19 32 12 6 31 10 22 4 21 3 7 1 16 8 33 38 25 39 20 5 30 26],[6 5 13 26 18 36 20 1 15 0 39 23 29 22 4 27 21 7 19 34 31 25 28 2 3 10 35 9 12 37 8 16 30 17 32 14 24 33 38 11],31538,32669
greedy/lipa40a,187,32038,52,4042,0,[3 5 39 28 29 24 27 7 36 2 13 12 1 15 11 0 23 31 25 17 14 6 34 10 26 4 8 32 38 37 19 35 16 20 18 30 9 33 21 22],[6 5 13 26 18 36 20 1 15 0 39 23 29 22 4 27 21 7 19 34 31 25 28 2 3 10 35 9 12 37 8 16 30 17 32 14 24 33 38 11],31538,32714
steepest/lipa40a,187,32085,18,14820,2,[16 3 14 1 26 18 36 24 22 29 13 2 15 5 33 27 25 9 32 23 17 20 39 35 12 38 4 11 30 31 10 8 7 21 19 37 28 0 34 6],[6 5 13 26 18 36 20 1 15 0 39 23 29 22 4 27 21 7 19 34 31 25 28 2 3 10 35 9 12 37 8 16 30 17 32 14 24 33 38 11],31538,32714
greedy/lipa40a,188,32039,59,4902,0,[12 17 23 2 10 9 30 22 32 13 29 34 19 0 20 7 24 8 16 31 36 37 38 11 26 1 33 39 21 6 15 25 5 18 27 28 3 35 4 14],[6 5 13 26 18 36 20 1 15 0 39 23 29 22 4 27 21 7 19 34 31 25 28 2 3 10 35 9 12 37 8 16 30 17 32 14 24 33 38 11],31538,32759
steepest/lipa40a,188,32014,28,22620,0,[7 19 3 5 22 14 21 9 23 15 39 12 31 35 32 10 36 6 17 24 18 2 28 27 33 29 20 13 30 0 26 34 11 8 16 1 4 38 37 25],[6 5 13 26 18 36 20 1 15 0 39 23 29 22 4 27 21 7 19 34 31 25 28 2 3 10 35 9 12 37 8 16 30 17 32 14 24 33 38 11],31538,32759
greedy/lipa40a,189,32037,62,3251,0,[9 18 16 34 11 38 4 5 3 36 31 19 17 26 24 1 32 6 23 30 10 15 29 13 2 22 25 14 37 33 7 27 28 35 21 39 0 12 8 20],[6 5 13 26 18 36 20 1 15 0 39 23 29 22 4 27 21 7 19 34 31 25 28 2 3 10 35 9 12 37 8 16 30 17 32 14 24 33 38 11],31538,32802
steepest/lipa40a,189,32037,23,18720,6,[8 25 5 24 11 18 16 20 9 34 30 33 38 14 2 28 32 31 7 39 37 29 6 26 27 10 13 1 15 4 17 23 19 35 3 22 36 0 12 21],[6 5 13 26 18 36 20 1 15 0 39 23 29 22 4 27 21 7 19 34 31 25 28 2 3 10 35 9 12 37 8 16 30 17 32 14 24 33 38 11],31538,32802
greedy/lipa40a,190,31987,54,4023,2,[15 12 19 36 17 0 26 20 32 34 16 10 37 28 35 9 31 4 3 29 13 25 1 11 5 6 24 2 21 7 33 30 18 39 14 22 38 8 23 27],[6 5 13 26 18 36 20 1 15 0 39 23 29 22 4 27 21 7 19 34 31 25 28 2 3 10 35 9 12 37 8 16 30 17 32 14 24 33 38 11],31538,32743
steepest/lipa40a,190,32076,21,17160,1,[0 30 22 27 29 36 1 12 4 7 5 39 14 35 26 32 37 38 25 28 24 3 20 11 2 19 8 10 18 6 31 34 16 17 21 33 13 23 9 15],[6 5 13 26 18 36 20 1 15 0 39 23 29 22 4 27 21 7 19 34 31 25 28 2 3 10 35 9 12 37 8 16 30 17 32 14 24 33 38 11],31538,32743
greedy/lipa40a,191,32028,52,4178,0,[16 29 26 39 21 4 19 38 25 37 23 30 24 18 13 3 7 12 11 1 28 8 22 20 33 0 14 2 34 31 6 17 35 15 5 36 10 27 9 32],[6 5 13 26 18 36 20 1 15 0 39 23 29 22 4 27 21 7 19 34 31 25 28 2 3 10 35 9 12 37 8 16 30 17 32 14 24 33 38 11],31538,32756
steepest/lipa40a,191,31992,23,18720,2,[33 26 36 27 16 21 20 12 34 22 8 10 25 37 35 11 31 13 28 32 7 24 39 14 19 0 3 15 17 5 6 1 38 29 2 23 9 4 30 18],[6 5 13 26 18 36 20 1 15 0 39 23 29 22 4 27 21 7 19 34 31 25 28 2 3 10 35 9 12 37 8 16 30 17 32 14 24 33 38 11],31538,32756
greedy/lipa40a,192,32068,43,4115,0,[24 2 3 29 18 37 16 34 6 20 25 21 7 9 8 26 33 32 10 27 5 4 35 12 11 1 31 30 23 22 14 15 13 17 19 0 36 38 39 28],[6 5 13 26 18 36 20 1 15 0 39 23 29 22 4 27 21 7 19 34 31 25 28 2 3 10 35 9 12 37 8 16 30 17 32 14 24 33 38 11],31538,32616
steepest/lipa40a,192,31997,21,17160,0,[39 22 0 14 31 28 10 34 27 9 29 23 15 13 33 37 21 6 25 30 35 4 20 11 7 19 5 17 12 18 26 8 36 1 2 16 24 38 32 3],[6 5 13 26 18 36 20 1 15 0 39 23 29 22 4 27 21 7 19 34 31 25 28 2 3 10 35 9 12 37 8 16 30 17 32 14 24 33 38 11],31538,32616
greedy/lipa40a,193,31954,62,6077,0,[16 33 13 5 0 35 9 24 29 38 23 6 19 21 1 25 14 27 37 22 20 36 28 12 3 30 32 11 15 2 39 31 4 7 26 10 8 17 18 34],[6 5 13 26 18 36 20 1 15 0 39 23 29 22 4 27 21 7 19 34 31 25 28 2 3 10 35 9 12 37 8 16 30 17 32 14 24 33 38 11],31538,32615
steepest/lipa40a,193,31981,22,17940,0,[26 33 13 10 2 16 31 20 30 5 39 12 7 22 34 6 18 19 23 8 29 36 38 25 14 24 35 32 37 17 4 15 3 0 21 9 27 28 1 11],[6 5 13 26 18 36 20 1 15 0 39 23 29 22 4 27 21 7 19 34 31 25 28 2 3 10 35 9 12 37 8 16 30 17 32 14 24 33 38 11],31538,32615
greedy/lipa40a,194,31965,59,3524,0,[22 29 34 39 10 12 20 2 36 21 32 17 30 8 27 38 15 25 4 5 14 24 6 1 0 13 16 26 19 37 33 3 18 7 11 23 35 28 9 31],[6 5 13 26 18 36 20 1 15 0 39 23 29 22 4 27 21 7 19 34 31 25 28 2 3 10 35 9 12 37 8 16 30 17 32 14 24 33 38 11],31538,32790
steepest/lipa40a,194,32031,21,17160,8,[16 32 2 5 20 12 8 23 17 14 31 27 35 38 33 25 29 18 26 37 34 30 1 11 3 9 36 4 15 22 39 28 24 7 0 6 21 13 10 19],[6 5 13 26 18 36 20 1 15 0 39 23 29 22 4 27 21 7 19 34 31 25 28 2 3 10 35 9 12 37 8 16 30 17 32 14 24 33 38 11],31538,32790
greedy/lipa40a,195,32003,52,5572,0,[34 20 2 21 15 36 26 14 35 27 39 25 18 22 23 31 9 12 4 37 16 38 32 1 3 19 33 5 24 8 0 30 29 7 17 10 13 6 11 28],[6 5 13 26 18 36 20 1 15 0 39 23 29 22 4 27 21 7 19 34 31 25 28 2 3 10 35 9 12 37 8 16 30 17 32 14 24 33 38 11],31538,32654
steepest/lipa40a,195,31996,24,19500,0,[37 24 29 21 36 19 26 32 13 38 4 7 27 17 1 9 14 12 30 11 39 34 25 23 20 15 35 33 3 8 0 31 10 16 22 5 2 6 18 28],[6 5 13 26 18 36 20 1 15 0 39 23 29 22 4 27 21 7 19 34 31 25 28 2 3 10 35 9 12 37 8 16 30 17 32 14 24 33 38 11],31538,32654
greedy/lipa40a,196,31984,57,5935,0,[27 30 37 4 32 15 22 26 29 24 23 20 39 35 33 9 16 2 10 14 36 38 5 12 3 34 21 17 18 11 6 8 25 7 31 19 1 0 28 13],[6 5 13 26 18 36 20 1 15 0 39 23 29 22 4 27 21 7 19 34 31 25 28 2 3 10 35 9 12 37 8 16 30 17 32 14 24 33 38 11],31538,32686
steepest/lipa40a,196,32042,19,15600,8,[37 10 25 4 24 29 15 7 21 22 5 39 36 38 16 13 2 34 11 26 14 20 23 19 30 12 32 17 28 8 0 31 33 27 1 9 35 18 6 3],[6 5 13 26 18 36 20 1 15 0 39 23 29 22 4 27 21 7 19 34 31 25 28 2 3 10 35 9 12 37 8 16 30 17 32 14 24 33 38 11],31538,32686
greedy/lipa40a,197,31997,65,6870,0,[18 34 1 26 13 24 29 5 33 30 31 2 4 10 37 7 8 15 35 23 20 39 9 11 21 32 6 27 28 17 14 16 3 12 22 19 25 38 36 0],[6 5 13 26 18 36 20 1 15 0 39 23 29 22 4 27 21 7 19 34 31 25 28 2 3 10 35 9 12 37 8 16 30 17 32 14 24 33 38 11],31538,32676
steepest/lipa40a,197,31908,24,19500,1,[28 18 13 25 26 36 17 1 29 4 31 22 19 37 33 7 14 30 39 2 10 35 9 11 12 8 6 23 3 0 5 15 21 34 32 38 24 16 20 27],[6 5 13 26 18 36 20 1 15 0 39 23 29 22 4 27 21 7 19 34 31 25 28 2 3 10 35 9 12 37 8 16 30 17 32 14 24 33 38 11],31538,32676
greedy/lipa40a,198,32009,52,4944,0,[1 3 11 13 17 24 38 5 30 31 16 25 33 34 7 9 18 26 4 37 32 36 15 27 19 39 10 2 21 35 12 20 29 28 22 23 8 6 14 0],[6 5 13 26 18 36 20 1 15 0 39 23 29 22 4 27 21 7 19 34 31 25 28 2 3 10 35 9 12 37 8 16 30 17 32 14 24 33 38 11],31538,32579
steepest/lipa40a,198,32012,22,17940,0,[17 24 10 32 19 12 30 38 21 18 29 20 3 13 33 2 14 37 6 7 4 35 0 27 16 11 26 22 8 25 39 28 36 15 31 1 23 9 34 5],[6 5 13 26 18 36 20 1 15 0 39 23 29 22 4 27 21 7 19 34 31 25 28 2 3 10 35 9 12 37 8 16 30 17 32 14 24 33 38 11],31538,32579
greedy/lipa40a,199,31991,70,5210,0,[37 11 25 15 29 38 26 5 18 36 13 2 12 27 20 28 10 21 30 17 19 34 6 22 0 16 39 33 35 1 32 24 14 23 4 8 7 3 31 9],[6 5 13 26 18 36 20 1 15 0 39 23 29 22 4 27 21 7 19 34 31 25 28 2 3 10 35 9 12 37 8 16 30 17 32 14 24 33 38 11],31538,32795
steepest/lipa40a,199,31998,24,19500,0,[14 12 18 23 2 38 10 17 24 32 28 6 29 27 30 20 11 36 37 3 35 5 7 16 26 1 13 4 22 34 33 25 0 9 19 15 39 8 31 21],[6 5 13 26 18 36 20 1 15 0 39 23 29 22 4 27 21 7 19 34 31 25 28 2 3 10 35 9 12 37 8 16 30 17 32 14 24 33 38 11],31538,32795
greedy/lipa40a,200,32026,56,2382,0,[12 30 32 20 21 31 5 11 37 1 23 13 28 8 33 22 25 3 29 7 17 10 16 35 2 15 4 27 0 18 24 19 14 34 9 38 39 36 26 6],[6 5 13 26 18 36 20 1 15 0 39 23 29 22 4 27 21 7 19 34 31 25 28 2 3 10 35 9 12 37 8 16 30 17 32 14 24 33 38 11],31538,32708
steepest/lipa40a,200,31995,26,21060,4,[17 26 5 37 16 15 11 6 13 18 34 25 38 3 27 9 10 35 2 32 4 0 24 33 19 21 1 8 36 12 20 22 14 29 39 23 28 7 30 31],[6 5 13 26 18 36 20 1 15 0 39 23 29 22 4 27 21 7 19 34 31 25 28 2 3 10 35 9 12 37 8 16 30 17 32 14 24 33 38 11],31538,32708
greedy/lipa40a,201,32019,62,3474,1,[35 3 33 2 39 19 38 24 21 17 27 30 26 25 15 9 14 22 20 0 36 11 37 12 4 6 32 31 13 28 16 7 8 10 18 23 1 5 29 34],[6 5 13 26 18 36 20 1 15 0 39 23 29 22 4 27 21 7 19 34 31 25 28 2 3 10 35 9 12 37 8 16 30 17 32 14 24 33 38 11],31538,32820
steepest/lipa40a,201,32019,18,14820,1,[20 21 33 32 29 22 6 4 7 25 31 3 9 37 10 26 14 0 35 15 38 36 11 2 12 19 39 1 34 27 13 18 28 16 8 23 30 17 24 5],[6 5 13 26 18 36 20 1 15 0 39 23 29 22 4 27 21 7 19 34 31 25 28 2 3 10 35 9 12 37 8 16 30 17 32 14 24 33 38 11],31538,32820
greedy/lipa40a,202,32033,46,2818,0,[24 35 12 38 33 39 11 2 32 17 20 27 15 14 16 30 29 7 0 3 6 22 18 23 10 13 19 9 1 25 4 36 5 28 8 21 34 37 26 31],[6 5 13 26 18 36 20 1 15 0 39 23 29 22 4 27 21 7 19 34 31 25 28 2 3 10 35 9 12 37 8 16 30 17 32 14 24 33 38 11],31538,32674
steepest/lipa40a,202,32028,18,14820,2,[7 27 38 37 39 10 2 16 25 12 35 26 34 3 29 30 11 22 31 14 36 32 19 23 20 5 4 1 24 33 21 15 8 9 6 18 0 13 17 28],[6 5 13 26 18 36 20 1 15 0 39 23 29 22 4 27 21 7 19 34 31 25 28 2 3 10 35 9 12 37 8 16 30 17 32 14 24 33 38 11],31538,32674
greedy/lipa40a,203,31985,56,5087,0,[29 30 3 21 5 36 4 32 34 12 35 1 37 8 14 23 13 28 39 15 9 11 17 25 18 16 24 20 33 6 31 38 10 27 2 7 0 19 26 22],[6 5 13 26 18 36 20 1 15 0 39 23 29 22 4 27 21 7 19 34 31 25 28 2 3 10 35 9 12 37 8 16 30 17 32 14 24 33 38 11],31538,32730
steepest/lipa40a,203,32073,20,16380,0,[13 30 33 6 31 17 12 20 7 14 23 2 15 1 26 4 25 3 32 8 29 35 5 21 16 18 37 39 36 9 19 34 22 28 10 11 24 0 38 27],[6 5 13 26 18 36 20 1 15 0 39 23 29 22 4 27 21 7 19 34 31 25 28 2 3 10 35 9 12 37 8 16 30 17 32 14 24 33 38 11],31538,32730
greedy/lipa40a,204,32072,56,3034,0,[12 11 35 28 1 37 36 3 2 8 13 10 5 30 33 24 9 0 21 22 27 17 26 19 7 25 32 4 20 15 14 39 6 34 23 18 16 38 31 29],[6 5 13 26 18 36 20 1 15 0 39 23 29 22 4 27 21 7 19 34 31 25 28 2 3 10 35 9 12 37 8 16 30 17 32 14 24 33 38 11],31538,32782
steepest/lipa40a,204,32060,18,14820,0,[18 29 2 17 5 7 11 36 13 1 24 12 35 16 0 33 21 28 38 3 20 23 14 19 26 25 9 4 37 22 32 6 10 8 34 30 15 39 31 27],[6 5 13 26 18 36 20 1 15 0 39 23 29 22 4 27 21 7 19 34 31 25 28 2 3 10 35 9 12 37 8 16 30 17 32 14 24 33 38 11],31538,32782
greedy/lipa40a,205,32030,55,3033,6,[8 10 19 16 12 35 9 29 32 22 18 5 21 33 20 25 38 36 4 24 14 39 28 26 15 17 23 1 6 7 3 37 34 11 0 13 2 27 31 30],[6 5 13 26 18 36 20 1 15 0 39 23 29 22 4 27 21 7 19 34 31 25 28 2 3 10 35 9 12 37 8 16 30 17 32 14 24 33 38 11],31538,32698
steepest/lipa40a,205,32020,21,17160,0,[7 31 0 13 26 11 4 29 22 15 1 19 8 39 3 20 21 28 32 37 24 14 30 9 23 12 25 35 17 2 38 33 16 34 27 18 6 36 10 5],[6 5 13 26 18 36 20 1 15 0 39 23 29 22 4 27 21 7 19 34 31 25 28 2 3 10 35 9 12 37 8 16 30 17 32 14 24 33 38 11],31538,32698
greedy/lipa40a,206,32068,48,2652,0,[39 2 1 17 37 38 0 9 23 15 29 33 32 3 12 8 34 19 11 30 22 6 4 7 26 36 18 16 10 25 13 24 20 27 31 35 21 14 28 5],[6 5 13 26 18 36 20 1 15 0 39 23 29 22 4 27 21 7 19 34 31 25 28 2 3 10 35 9 12 37 8 16 30 17 32 14 24 33 38 11],31538,32648
steepest/lipa40a,206,31983,20,16380,0,[7 5 18 33 10 19 15 23 39 26 2 22 20 8 4 27 14 17 32 9 31 11 29 13 25 6 30 16 3 34 28 24 1 36 0 35 21 37 38 12],[6 5 13 26 18 36 20 1 15 0 39 23 29 22 4 27 21 7 19 34 31 25 28 2 3 10 35 9 12 37 8 16 30 17 32 14 24 33 38 11],31538,32648
greedy/lipa40a,207,31979,54,4092,0,[13 6 33 25 39 17 26 10 24 37 30 27 1 34 11 16 20 8 4 23 29 7 28 2 19 0 36 18 15 21 12 35 9 5 22 32 38 3 14 31],[6 5 13 26 18 36 20 1 15 0 39 23 29 22 4 27 21 7 19 34 31 25 28 2 3 10 35 9 12 37 8 16 30 17 32 14 24 33 38 11],31538,32772
steepest/lipa40a,207,31973,24,19500,6,[28 11 12 1 19 14 20 3 38 8 21 27 17 36 6 23 26 37 16 22 2 30 4 5 7 29 9 13 32 24 0 35 33 15 34 18 25 10 31 39],[6 5 13 26 18 36 20 1 15 0 39 23 29 22 4 27 21 7 19 34 31 25 28 2 3 10 35 9 12 37 8 16 30 17 32 14 24 33 38 11],31538,32772
greedy/lipa40a,208,32039,38,3581,0,[34 11 13 33 23 17 39 20 36 26 21 2 29 10 16 22 38 5 35 9 37 7 1 32 31 30 19 18 8 15 27 25 24 28 0 12 4 3 14 6],[6 5 13 26 18 36 20 1 15 0 39 23 29 22 4 27 21 7 19 34 31 25 28 2 3 10 35 9 12 37 8 16 30 17 32 14 24 33 38 11],31538,32682
steepest/lipa40a,208,32008,21,17160,3,[18 33 27 6 36 23 32 20 35 37 14 2 15 4 3 12 30 7 8 11 24 13 26 17 5 9 25 29 31 34 19 28 22 38 10 21 39 16 0 1],[6 5 13 26 18 36 20 1 15 0 39 23 29 22 4 27 21 7 19 34 31 25 28 2 3 10 35 9 12 37 8 16 30 17 32 14 24 33 38 11],31538,32682
greedy/lipa40a,209,31974,65,5862,0,[36 12 3 32 38 7 39 29 34 6 24 11 21 18 25 22 30 9 16 8 2 17 37 0 20 26 28 10 1 4 5 14 19 23 13 15 33 27 31 35],[6 5 13 26 18 36 20 1 15 0 39 23 29 22 4 27 21 7 19 34 31 25 28 2 3 10 35 9 12 37 8 16 30 17 32 14 24 33 38 11],31538,32716
steepest/lipa40a,209,32042,21,17160,2,[15 2 7 11 33 0 6 29 8 21 16 39 24 13 28 18 26 1 35 9 14 17 20 12 25 30 38 4 22 19 23 3 5 32 27 36 34 31 10 37],[6 5 13 26 18 36 20 1 15 0 39 23 29 22 4 27 21 7 19 34 31 25 28 2 3 10 35 9 12 37 8 16 30 17 32 14 24 33 38 11],31538,32716
greedy/lipa40a,210,32042,48,2112,0,[34 20 25 30 32 22 19 39 27 4 1 0 36 7 2 13 37 35 8 5 33 15 12 16 24 29 10 38 23 6 17 9 14 31 3 26 28 18 21 11],[6 5 13 26 18 36 20 1 15 0 39 23 29 22 4 27 21 7 19 34 31 25 28 2 3 10 35 9 12 37 8 16 30 17 32 14 24 33 38 11],31538,32673
steepest/lipa40a,210,32000,23,18720,1,[35 10 32 27 39 2 25 28 1 19 11 29 37 0 15 4 31 22 13 18 3 20 12 5 24 6 38 23 8 30 9 36 17 33 16 7 14 34 21 26],[6 5 13 26 18 36 20 1 15 0 39 23 29 22 4 27 21 7 19 34 31 25 28 2 3 10 35 9 12 37 8 16 30 17 32 14 24 33 38 11],31538,32673
greedy/lipa40a,211,31954,74,6794,0,[0 20 10 2 5 9 4 38 31 6 24 32 15 25 11 17 1 28 33 27 23 16 39 35 13 36 26 8 19 3 22 21 34 18 7 29 37 30 14 12],[6 5 13 26 18 36 20 1 15 0 39 23 29 22 4 27 21 7 19 34 31 25 28 2 3 10 35 9 12 37 8 16 30 17 32 14 24 33 38 11],31538,32688
steepest/lipa40a,211,32108,16,13260,1,[5 39 16 23 25 24 13 37 27 7 9 32 6 15 11 35 2 17 19 31 20 38 12 30 26 28 22 3 1 21 33 0 14 29 34 10 4 8 36 18],[6 5 13 26 18 36 20 1 15 0 39 23 29 22 4 27 21 7 19 34 31 25 28 2 3 10 35 9 12 37 8 16 30 17 32 14 24 33 38 11],31538,32688
greedy/lipa40a,212,32010,60,3952,0,[8 3 13 24 28 39 2 18 7 15 27 1 29 12 31 36 32 0 33 10 17 11 22 14 21 19 30 5 6 4 20 16 38 37 26 23 34 25 9 35],[6 5 13 26 18 36 20 1 15 0 39 23 29 22 4 27 21 7 19 34 31 25 28 2 3 10 35 9 12 37 8 16 30 17 32 14 24 33 38 11],31538,32709
steepest/lipa40a,212,32044,21,17160,1,[22 5 32 34 33 28 21 17 1 38 27 37 36 15 11 12 14 7 2 10 3 18 16 13 25 30 31 24 6 0 29 23 20 39 8 9 26 4 35 19],[6 5 13 26 18 36 20 1 15 0 39 23 29 22 4 27 21 7 19 34 31 25 28 2 3 10 35 9 12 37 8 16 30 17 32 14 24 33 38 11],31538,32709
greedy/lipa40a,213,32042,64,7842,0,[31 9 30 8 17 10 4 35 14 1 27 21 11 16 29 26 18 19 25 33 6 28 20 12 7 39 15 36 34 37 32 22 0 13 2 23 24 3 38 5],[6 5 13 26 18 36 20 1 15 0 39 23 29 22 4 27 21 7 19 34 31 25 28 2 3 10 35 9 12 37 8 16 30 17 32 14 24 33 38 11],31538,32861
steepest/lipa40a,213,32003,24,19500,2,[8 27 34 1 21 6 24 31 33 30 3 13 16 18 20 38 25 12 28 14 19 17 11 39 35 9 36 4 7 32 22 37 0 15 2 5 23 29 10 26],[6 5 13 26 18 36 20 1 15 0 39 23 29 22 4 27 21 7 19 34 31 25 28 2 3 10 35 9 12 37 8 16 30 17 32 14 24 33 38 11],31538,32861
greedy/lipa40a,214,31986,67,6357,0,[19 30 18 24 16 15 33 38 6 36 1 27 29 11 26 7 10 8 14 0 21 23 25 32 20 31 22 35 5 39 2 12 37 4 3 17 28 9 13 34],[6 5 13 26 18 36 20 1 15 0 39 23 29 22 4 27 21 7 19 34 31 25 28 2 3 10 35 9 12 37 8 16 30 17 32 14 24 33 38 11],31538,32780
steepest/lipa40a,214,32070,17,14040,2,[7 22 6 20 2 17 31 16 37 39 38 25 12 34 10 11 4 30 9 15 36 19 18 3 0 5 21 23 33 27 35 1 14 29 26 24 8 28 32 13],[6 5 13 26 18 36 20 1 15 0 39 23 29 22 4 27 21 7 19 34 31 25 28 2 3 10 35 9 12 37 8 16 30 17 32 14 24 33 38 11],31538,32780
greedy/lipa40a,215,32038,49,3695,0,[3 12 21 28 2 29 19 33 4 24 8 22 18 27 5 23 13 35 32 34 14 39 26 17 38 15 20 25 30 6 7 10 16 0 1 9 31 11 36 37],[6 5 13 26 18 36 20 1 15 0 39 23 29 22 4 27 21 7 19 34 31 25 28 2 3 10 35 9 12 37 8 16 30 17 32 14 24 33 38 11],31538,32725
steepest/lipa40a,215,31982,20,16380,2,[21 31 28 26 18 25 20 39 16 0 19 15 34 37 3 8 4 7 14 36 33 9 1 32 12 5 17 29 13 35 23 27 30 10 22 6 24 2 38 11],[6 5 13 26 18 36 20 1 15 0 39 23 29 22 4 27 21 7 19 34 31 25 28 2 3 10 35 9 12 37 8 16 30 17 32 14 24 33 38 11],31538,32725
greedy/lipa40a,216,31971,67,4425,1,[13 37 27 26 22 17 32 19 20 10 4 18 14 5 6 36 7 3 39 2 15 16 9 25 12 33 31 28 24 34 21 29 1 11 35 38 30 0 8 23],[6 5 13 26 18 36 20 1 15 0 39 23 29 22 4 27 21 7 19 34 31 25 28 2 3 10 35 9 12 37 8 16 30 17 32 14 24 33 38 11],31538,32722
steepest/lipa40a,216,32063,22,17940,1,[0 36 21 22 7 17 23 16 34 19 9 6 10 30 28 12 31 33 24 15 29 25 3 39 13 11 35 18 14 2 37 4 32 20 26 5 38 27 8 1],[6 5 13 26 18 36 20 1 15 0 39 23 29 22 4 27 21 7 19 34 31 25 28 2 3 10 35 9 12 37 8 16 30 17 32 14 24 33 38 11],31538,32722
greedy/lipa40a,217,31967,55,5861,0,[12 13 28 1 38 7 9 27 6 11 21 3 34 23 19 25 35 17 22 4 37 8 33 5 20 26 24 0 14 2 31 15 36 32 10 18 39 16 30 29],[6 5 13 26 18 36 20 1 15 0 39 23 29 22 4 27 21 7 19 34 31 25 28 2 3 10 35 9 12 37 8 16 30 17 32 14 24 33 38 11],31538,32558
steepest/lipa40a,217,31975,24,19500,2,[0 27 13 1 11 7 39 18 37 4 31 20 29 3 16 35 38 5 23 30 9 17 33 2 14 34 36 32 21 10 8 25 24 28 19 22 6 15 12 26],[6 5 13 26 18 36 20 1 15 0 39 23 29 22 4 27 21 7 19 34 31 25 28 2 3 10 35 9 12 37 8 16 30 17 32 14 24 33 38 11],31538,32558
greedy/lipa40a,218,32070,48,2783,0,[26 9 29 28 22 18 10 23 15 5 36 32 13 8 12 31 19 39 6 21 30 34 27 1 3 17 24 16 37 0 11 33 25 2 20 14 7 35 38 4],[6 5 13 26 18 36 20 1 15 0 39 23 29 22 4 27 21 7 19 34 31 25 28 2 3 10 35 9 12 37 8 16 30 17 32 14 24 33 38 11],31538,32761
steepest/lipa40a,218,31982,30,24180,2,[11 13 3 12 14 8 37 2 10 28 17 1 38 19 27 34 24 30 36 4 9 7 31 26 23 33 16 18 32 22 39 6 25 0 35 21 20 5 15 29],[6 5 13 26 18 36 20 1 15 0 39 23 29 22 4 27 21 7 19 34 31 25 28 2 3 10 35 9 12 37 8 16 30 17 32 14 24 33 38 11],31538,32761
greedy/lipa40a,219,32005,64,4585,0,[7 5 39 2 23 38 14 15 18 20 37 33 1 3 11 22 9 21 32 17 29 0 31 12 19 26 36 28 34 13 16 35 8 30 6 10 4 25 24 27],[6 5 13 26 18 36 20 1 15 0 39 23 29 22 4 27 21 7 19 34 31 25 28 2 3 10 35 9 12 37 8 16 30 17 32 14 24 33 38 11],31538,32749
steepest/lipa40a,219,31971,29,23400,3,[6 28 14 26 32 1 22 11 36 0 19 25 30 8 7 3 13 2 10 16 12 37 18 23 17 15 21 31 9 38 5 35 29 24 20 4 33 39 34 27],[6 5 13 26 18 36 20 1 15 0 39 23 29 22 4 27 21 7 19 34 31 25 28 2 3 10 35 9 12 37 8 16 30 17 32 14 24 33 38 11],31538,32749
greedy/lipa40a,220,31956,83,6432,1,[20 32 26 22 1 36 14 13 28 35 39 23 17 12 37 6 21 16 0 4 10 38 7 18 5 31 24 9 3 25 2 15 30 34 8 11 33 29 19 27],[6 5 13 26 18 36 20 1 15 0 39 23 29 22 4 27 21 7 19 34 31 25 28 2 3 10 35 9 12 37 8 16 30 17 32 14 24 33 38 11],31538,32880
steepest/lipa40a,220,31900,33,26520,1,[24 20 27 28 26 37 18 8 13 32 29 31 14 35 12 39 3 30 10 4 5 15 36 1 23 22 33 25 6 17 19 7 34 38 2 21 9 16 11 0],[6 5 13 26 18 36 20 1 15 0 39 23 29 22 4 27 21 7 19 34 31 25 28 2 3 10 35 9 12 37 8 16 30 17 32 14 24 33 38 11],31538,32880
greedy/lipa40a,221,32002,78,7291,0,[14 19 37 9 26 4 23 10 33 25 35 11 8 18 32 12 20 30 29 3 24 36 5 13 39 6 15 7 0 28 2 34 38 1 27 22 31 16 17 21],[6 5 13 26 18 36 20 1 15 0 39 23 29 22 4 27 21 7 19 34 31 25 28 2 3 10 35 9 12 37 8 16 30 17 32 14 24 33 38 11],31538,32756
steepest/lipa40a,221,32001,18,14820,2,[8 23 17 27 2 9 10 33 37 34 30 29 4 38 12 25 5 36 35 11 20 39 28 26 31 22 0 18 13 14 3 24 16 15 7 6 32 1 19 21],[6 5 13 26 18 36 20 1 15 0 39 23 29 22 4 27 21 7 19 34 31 25 28 2 3 10 35 9 12 37 8 16 30 17 32 14 24 33 38 11],31538,32756
greedy/lipa40a,222,31953,74,5855,0,[20 34 19 16 3 11 1 5 21 7 31 13 23 29 28 32 15 37 30 26 18 10 8 2 9 12 39 35 22 25 36 17 24 27 4 38 6 0 14 33],[6 5 13 26 18 36 20 1 15 0 39 23 29 22 4 27 21 7 19 34 31 25 28 2 3 10 35 9 12 37 8 16 30 17 32 14 24 33 38 11],31538,32739
steepest/lipa40a,222,32021,24,19500,2,[32 30 22 1 15 13 3 16 35 7 0 31 4 24 9 6 37 27 26 38 19 23 8 2 5 34 25 21 10 20 18 39 36 29 28 11 33 17 12 14],[6 5 13 26 18 36 20 1 15 0 39 23 29 22 4 27 21 7 19 34 31 25 28 2 3 10 35 9 12 37 8 16 30 17 32 14 24 33 38 11],31538,32739
greedy/lipa40a,223,32003,62,4732,0,[7 28 12 39 37 29 6 27 23 20 3 1 36 22 25 18 33 19 11 30 17 8 38 10 13 16 31 2 24 4 21 5 35 9 14 15 0 26 34 32],[6 5 13 26 18 36 20 1 15 0 39 23 29 22 4 27 21 7 19 34 31 25 28 2 3 10 35 9 12 37 8 16 30 17 32 14 24 33 38 11],31538,32620
steepest/lipa40a,223,32048,20,16380,0,[6 26 22 39 23 36 7 1 3 4 20 10 34 18 28 30 29 0 17 27 31 14 11 5 25 13 12 37 8 32 21 35 38 24 16 2 19 15 9 33],[6 5 13 26 18 36 20 1 15 0 39 23 29 22 4 27 21 7 19 34 31 25 28 2 3 10 35 9 12 37 8 16 30 17 32 14 24 33 38 11],31538,32620
greedy/lipa40a,224,32062,61,2992,0,[21 16 12 4 2 38 31 24 35 13 32 9 5 6 10 33 11 36 29 20 23 27 17 19 14 1 8 25 0 34 37 39 22 15 18 3 30 7 28 26],[6 5 13 26 18 36 20 1 15 0 39 23 29 22 4 27 21 7 19 34 31 25 28 2 3 10 35 9 12 37 8 16 30 17 32 14 24 33 38 11],31538,32853
steepest/lipa40a,224,32023,25,20280,6,[27 2 7 24 38 30 9 5 33 37 34 8 13 19 10 29 20 39 14 32 16 15 25 21 1 23 3 6 4 35 12 18 26 22 0 36 17 11 31 28],[6 5 13 26 18 36 20 1 15 0 39 23 29 22 4 27 21 7 19 34 31 25 28 2 3 10 35 9 12 37 8 16 30 17 32 14 24 33 38 11],31538,32853
greedy/lipa40a,225,32022,56,3174,2,[27 33 5 16 12 26 2 24 38 6 22 10 28 7 0 35 19 15 25 8 20 23 14 3 13 34 37 21 17 29 31 4 1 11 39 30 9 36 32 18],[6 5 13 26 18 36 20 1 15 0 39 23 29 22 4 27 21 7 19 34 31 25 28 2 3 10 35 9 12 37 8 16 30 17 32 14 24 33 38 11],31538,32805
steepest/lipa40a,225,31948,30,24180,1,[17 39 31 2 13 16 30 28 6 29 9 33 11 38 25 7 24 15 18 0 4 1 10 19 5 14 32 36 34 23 3 37 8 21 20 12 35 27 22 26],[6 5 13 26 18 36 20 1 15 0 39 23 29 22 4 27 21 7 19 34 31 25 28 2 3 10 35 9 12 37 8 16 30 17 32 14 24 33 38 11],31538,32805
greedy/lipa40a,226,31984,55,3298,2,[10 23 2 1 5 31 24 9 8 11 38 13 32 30 19 18 22 4 27 15 17 20 21 3 14 39 34 16 29 36 6 28 33 37 26 7 12 0 35 25],[6 5 13 26 18 36 20 1 15 0 39 23 29 22 4 27 21 7 19 34 31 25 28 2 3 10 35 9 12 37 8 16 30 17 32 14 24 33 38 11],31538,32705
steepest/lipa40a,226,32033,20,16380,0,[23 34 5 35 29 38 9 15 0 2 26 18 4 30 19 11 7 13 27 17 21 36 37 31 16 22 12 8 24 39 25 28 14 32 20 10 33 6 1 3],[6 5 13 26 18 36 20 1 15 0 39 23 29 22 4 27 21 7 19 34 31 25 28 2 3 10 35 9 12 37 8 16 30 17 32 14 24 33 38 11],31538,32705
greedy/lipa40a,227,31993,58,3927,2,[20 0 26 33 16 38 27 12 9 25 13 19 31 15 3 35 8 34 23 39 11 24 2 30 22 14 7 1 10 21 4 28 36 37 18 32 17 6 29 5],[6 5 13 26 18 36 20 1 15 0 39 23 29 22 4 27 21 7 19 34 31 25 28 2 3 10 35 9 12 37 8 16 30 17 32 14 24 33 38 11],31538,32686
steepest/lipa40a,227,31968,35,28080,0,[34 12 32 11 16 8 3 20 1 2 26 35 36 30 5 19 22 28 39 25 33 24 6 31 38 15 37 7 0 27 13 10 29 4 18 9 17 14 23 21],[6 5 13 26 18 36 20 1 15 0 39 23 29 22 4 27 21 7 19 34 31 25 28 2 3 10 35 9 12 37 8 16 30 17 32 14 24 33 38 11],31538,32686
greedy/lipa40a,228,32025,66,4885,0,[3 0 30 18 39 29 1 27 14 28 2 34 19 12 5 11 17 25 38 23 22 6 26 31 21 4 24 20 16 37 10 7 15 9 13 33 35 36 8 32],[6 5 13 26 18 36 20 1 15 0 39 23 29 22 4 27 21 7 19 34 31 25 28 2 3 10 35 9 12 37 8 16 30 17 32 14 24 33 38 11],31538,32771
steepest/lipa40a,228,31979,23,18720,5,[27 16 12 13 19 18 8 39 21 3 37 20 23 6 26 36 11 32 4 0 10 9 15 24 29 31 5 30 1 22 14 38 7 28 25 33 34 2 17 35],[6 5 13 26 18 36 20 1 15 0 39 23 29 22 4 27 21 7 19 34 31 25 28 2 3 10 35 9 12 37 8 16 30 17 32 14 24 33 38 11],31538,32771
greedy/lipa40a,229,31991,70,5528,0,[17 22 36 19 33 24 11 16 1 18 38 25 32 15 5 2 31 7 28 10 4 21 37 3 27 8 29 23 9 35 6 34 14 0 26 13 12 30 39 20],[6 5 13 26 18 36 20 1 15 0 39 23 29 22 4 27 21 7 19 34 31 25 28 2 3 10 35 9 12 37 8 16 30 17 32 14 24 33 38 11],31538,32877
steepest/lipa40a,229,32058,20,16380,2,[12 15 23 20 33 34 10 16 39 22 37 31 32 8 13 21 29 1 4 5 2 36 27 14 24 0 30 11 6 38 9 3 19 25 17 7 18 28 26 35],[6 5 13 26 18 36 20 1 15 0 39 23 29 22 4 27 21 7 19 34 31 25 28 2 3 10 35 9 12 37 8 16 30 17 32 14 24 33 38 11],31538,32877
greedy/lipa40a,230,31991,62,5445,0,[2 11 23 26 13 15 16 6 10 9 35 1 21 39 4 12 36 29 19 18 8 25 31 7 27 34 24 28 32 5 38 0 3 17 37 14 30 22 33 20],[6 5 13 26 18 36 20 1 15 0 39 23 29 22 4 27 21 7 19 34 31 25 28 2 3 10 35 9 12 37 8 16 30 17 32 14 24 33 38 11],31538,32793
steepest/lipa40a,230,31987,19,15600,6,[17 10 22 26 13 1 16 11 15 18 36 23 32 0 2 3 19 29 35 37 12 38 30 7 8 34 24 9 25 31 6 4 33 28 39 14 5 27 21 20],[6 5 13 26 18 36 20 1 15 0 39 23 29 22 4 27 21 7 19 34 31 25 28 2 3 10 35 9 12 37 8 16 30 17 32 14 24 33 38 11],31538,32793
greedy/lipa40a,231,32040,70,3762,0,[23 4 33 5 32 38 19 3 10 9 2 20 15 39 35 1 18 36 30 6 25 27 11 31 37 16 13 22 0 28 26 34 24 29 14 8 12 7 17 21],[6 5 13 26 18 36 20 1 15 0 39 23 29 22 4 27 21 7 19 34 31 25 28 2 3 10 35 9 12 37 8 16 30 17 32 14 24 33 38 11],31538,32725
steepest/lipa40a,231,32023,21,17160,2,[35 23 34 9 5 12 4 21 36 1 2 6 30 10 7 17 31 38 11 16 14 13 26 32 20 3 22 29 15 28 27 37 25 18 33 8 0 24 39 19],[6 5 13 26 18 36 20 1 15 0 39 23 29 22 4 27 21 7 19 34 31 25 28 2 3 10 35 9 12 37 8 16 30 17 32 14 24 33 38 11],31538,32725
greedy/lipa40a,232,32027,63,4731,0,[8 14 20 23 28 6 7 3 17 15 25 13 30 27 5 18 36 10 33 9 0 32 35 39 11 1 2 19 29 12 38 16 21 4 34 31 26 37 24 22],[6 5 13 26 18 36 20 1 15 0 39 23 29 22 4 27 21 7 19 34 31 25 28 2 3 10 35 9 12 37 8 16 30 17 32 14 24 33 38 11],31538,32708
steepest/lipa40a,232,32004,18,14820,1,[34 8 22 30 29 38 27 3 39 26 13 19 0 31 4 15 21 9 32 5 28 24 7 2 11 23 35 14 25 33 18 6 12 17 1 36 37 10 16 20],[6 5 13 26 18 36 20 1 15 0 39 23 29 22 4 27 21 7 19 34 31 25 28 2 3 10 35 9 12 37 8 16 30 17 32 14 24 33 38 11],31538,32708
greedy/lipa40a,233,32035,50,3464,0,[7 26 20 1 9 10 22 3 4 15 5 33 18 11 30 23 37 38 34 28 24 2 32 13 16 0 25 36 21 29 27 8 39 12 19 17 31 6 35 14],[6 5 13 26 18 36 20 1 15 0 39 23 29 22 4 27 21 7 19 34 31 25 28 2 3 10 35 9 12 37 8 16 30 17 32 14 24 33 38 11],31538,32658
steepest/lipa40a,233,31998,27,21840,3,[22 27 13 11 9 10 19 8 15 2 31 33 25 26 32 37 21 0 34 35 4 7 5 6 39 36 3 1 18 28 12 30 20 23 16 14 29 24 38 17],[6 5 13 26 18 36 20 1 15 0 39 23 29 22 4 27 21 7 19 34 31 25 28 2 3 10 35 9 12 37 8 16 30 17 32 14 24 33 38 11],31538,32658
greedy/lipa40a,234,32005,65,4329,0,[27 3 22 36 25 21 23 12 15 4 2 8 35 13 31 32 37 33 19 34 26 24 29 11 16 14 1 0 10 38 5 30 7 6 17 20 28 39 9 18],[6 5 13 26 18 36 20 1 15 0 39 23 29 22 4 27 21 7 19 34 31 25 28 2 3 10 35 9 12 37 8 16 30 17 32 14 24 33 38 11],31538,32705
steepest/lipa40a,234,32015,20,16380,1,[27 24 30 25 18 12 23 2 34 3 20 37 13 17 26 14 8 33 19 15 29 22 31 11 4 10 1 7 6 28 5 38 9 16 32 21 39 36 0 35],[6 5 13 26 18 36 20 1 15 0 39 23 29 22 4 27 21 7 19 34 31 25 28 2 3 10 35 9 12 37 8 16 30 17 32 14 24 33 38 11],31538,32705
greedy/lipa40a,235,32010,55,4015,0,[1 0 18 31 33 25 15 2 6 35 21 13 20 38 27 7 30 11 37 4 16 17 10 3 5 14 22 26 29 19 23 24 39 28 32 9 34 36 8 12],[6 5 13 26 18 36 20 1 15 0 39 23 29 22 4 27 21 7 19 34 31 25 28 2 3 10 35 9 12 37 8 16 30 17 32 14 24 33 38 11],31538,32687
steepest/lipa40a,235,32018,21,17160,2,[35 27 0 15 12 4 31 17 37 38 21 11 8 20 14 22 1 23 25 7 29 36 6 33 30 24 18 28 5 19 34 32 13 3 2 9 16 26 39 10],[6 5 13 26 18 36 20 1 15 0 39 23 29 22 4 27 21 7 19 34 31 25 28 2 3 10 35 9 12 37 8 16 30 17 32 14 24 33 38 11],31538,32687
greedy/lipa40a,236,32011,55,4945,0,[17 33 37 36 3 10 29 20 8 11 39 34 19 18 15 6 38 14 16 7 4 25 2 28 23 12 26 9 0 24 5 31 32 13 1 35 22 27 30 21],[6 5 13 26 18 36 20 1 15 0 39 23 29 22 4 27 21 7 19 34 31 25 28 2 3 10 35 9 12 37 8 16 30 17 32 14 24 33 38 11],31538,32716
steepest/lipa40a,236,32065,19,15600,1,[8 28 25 32 18 38 21 39 24 33 11 14 19 5 13 12 20 7 16 23 29 15 37 31 4 10 9 22 3 0 26 36 17 30 1 35 6 2 34 27],[6 5 13 26 18 36 20 1 15 0 39 23 29 22 4 27 21 7 19 34 31 25 28 2 3 10 35 9 12 37 8 16 30 17 32 14 24 33 38 11],31538,32716
greedy/lipa40a,237,32114,37,2493,0,[2 22 23 0 26 24 32 13 18 15 16 19 14 34 28 12 17 3 5 38 10 21 39 1 9 20 11 29 37 7 33 4 36 8 30 25 31 27 6 35],[6 5 13 26 18 36 20 1 15 0 39 23 29 22 4 27 21 7 19 34 31 25 28 2 3 10 35 9 12 37 8 16 30 17 32 14 24 33 38 11],31538,32682
steepest/lipa40a,237,31999,22,17940,1,[35 20 13 22 26 24 18 0 27 15 36 32 25 11 23 16 21 30 6 9 2 14 39 1 5 12 4 3 19 10 33 29 34 37 31 7 17 8 38 28],[6 5 13 26 18 36 20 1 15 0 39 23 29 22 4 27 21 7 19 34 31 25 28 2 3 10 35 9 12 37 8 16 30 17 32 14 24 33 38 11],31538,32682
greedy/lipa40a,238,31969,61,5167,0,[32 20 13 4 26 30 27 22 25 7 9 5 19 29 2 16 0 3 35 6 37 21 1 33 31 8 38 23 12 24 18 15 34 36 39 11 17 10 28 14],[6 5 13 26 18 36 20 1 15 0 39 23 29 22 4 27 21 7 19 34 31 25 28 2 3 10 35 9 12 37 8 16 30 17 32 14 24 33 38 11],31538,32697
steepest/lipa40a,238,32029,19,15600,1,[38 18 27 32 26 5 35 11 13 22 9 6 28 16 0 29 31 30 7 12 25 37 21 19 17 34 23 39 3 20 14 10 1 8 36 4 15 33 24 2],[6 5 13 26 18 36 20 1 15 0 39 23 29 22 4 27 21 7 19 34 31 25 28 2 3 10 35 9 12 37 8 16 30 17 32 14 24 33 38 11],31538,32697
greedy/lipa40a,239,32026,43,2901,0,[0 25 13 11 33 7 38 21 29 17 34 39 24 16 31 30 18 4 36 14 37 22 9 3 8 20 15 32 35 28 26 27 5 6 12 2 1 10 23 19],[6 5 13 26 18 36 20 1 15 0 39 23 29 22 4 27 21 7 19 34 31 25 28 2 3 10 35 9 12 37 8 16 30 17 32 14 24 33 38 11],31538,32627
steepest/lipa40a,239,31983,19,15600,3,[38 2 12 6 32 17 10 4 21 16 22 27 30 35 28 15 0 1 13 7 39 9 14 3 33 29 37 11 20 24 34 23 31 26 5 18 36 8 19 25],[6 5 13 26 18 36 20 1 15 0 39 23 29 22 4 27 21 7 19 34 31 25 28 2 3 10 35 9 12 37 8 16 30 17 32 14 24 33 38 11],31538,32627
greedy/lipa40a,240,32018,55,4693,0,[11 3 7 17 0 36 29 28 24 35 32 14 1 19 34 27 20 5 30 21 31 25 6 12 23 10 38 9 8 16 13 18 4 33 2 37 22 39 15 26],[6 5 13 26 18 36 20 1 15 0 39 23 29 22 4 27 21 7 19 34 31 25 28 2 3 10 35 9 12 37 8 16 30 17 32 14 24 33 38 11],31538,32650
steepest/lipa40a,240,32036,20,16380,2,[39 31 9 10 4 29 17 11 0 15 19 32 24 37 28 38 36 18 8 21 22 35 26 23 12 14 25 2 1 30 13 3 34 27 16 20 5 33 7 6],[6 5 13 26 18 36 20 1 15 0 39 23 29 22 4 27 21 7 19 34 31 25 28 2 3 10 35 9 12 37 8 16 30 17 32 14 24 33 38 11],31538,32650
greedy/lipa40a,241,31980,59,4523,1,[25 32 16 11 18 10 23 21 28 37 7 27 35 33 0 20 4 24 29 3 36 26 14 30 34 5 13 6 15 2 12 17 31 8 9 38 39 19 22 1],[6 5 13 26 18 36 20 1 15 0 39 23 29 22 4 27 21 7 19 34 31 25 28 2 3 10 35 9 12 37 8 16 30 17 32 14 24 33 38 11],31538,32644
steepest/lipa40a,241,32033,22,17940,1,[6 32 16 8 3 23 31 0 33 4 7 9 17 18 28 20 38 19 11 39 37 21 14 30 25 24 10 2 26 15 22 35 36 27 5 13 34 29 1 12],[6 5 13 26 18 36 20 1 15 0 39 23 29 22 4 27 21 7 19 34 31 25 28 2 3 10 35 9 12 37 8 16 30 17 32 14 24 33 38 11],31538,32644
greedy/lipa40a,242,32030,53,3702,0,[6 1 19 20 12 30 38 9 23 25 31 0 21 37 36 32 29 22 5 17 18 14 16 13 4 3 39 27 8 28 2 15 10 34 11 26 35 24 7 33],[6 5 13 26 18 36 20 1 15 0 39 23 29 22 4 27 21 7 19 34 31 25 28 2 3 10 35 9 12 37 8 16 30 17 32 14 24 33 38 11],31538,32716
steepest/lipa40a,242,32040,20,16380,0,[2 0 33 29 32 18 22 20 10 9 12 13 21 36 8 30 39 1 27 5 35 37 6 31 4 34 24 3 16 38 25 26 11 7 28 17 19 14 15 23],[6 5 13 26 18 36 20 1 15 0 39 23 29 22 4 27 21 7 19 34 31 25 28 2 3 10 35 9 12 37 8 16 30 17 32 14 24 33 38 11],31538,32716
greedy/lipa40a,243,31979,60,6858,0,[33 10 3 15 20 23 38 12 37 39 18 0 22 27 17 34 5 6 19 16 11 7 35 2 28 24 1 30 8 4 36 29 13 25 32 26 14 9 21 31],[6 5 13 26 18 36 20 1 15 0 39 23 29 22 4 27 21 7 19 34 31 25 28 2 3 10 35 9 12 37 8 16 30 17 32 14 24 33 38 11],31538,32800
steepest/lipa40a,243,32027,17,14040,2,[27 30 6 33 28 1 25 24 31 9 18 12 22 7 14 36 23 0 4 16 10 20 32 2 13 35 8 17 21 37 19 38 11 3 5 29 34 15 39 26],[6 5 13 26 18 36 20 1 15 0 39 23 29 22 4 27 21 7 19 34 31 25 28 2 3 10 35 9 12 37 8 16 30 17 32 14 24 33 38 11],31538,32800
greedy/lipa40a,244,31995,55,6019,0,[32 28 17 7 36 38 25 12 4 6 3 5 8 15 27 19 0 14 11 29 35 1 18 39 13 23 22 33 24 20 26 9 16 10 31 30 34 21 37 2],[6 5 13 26 18 36 20 1 15 0 39 23 29 22 4 27 21 7 19 34 31 25 28 2 3 10 35 9 12 37 8 16 30 17 32 14 24 33 38 11],31538,32610
steepest/lipa40a,244,32041,20,16380,3,[2 34 20 27 28 33 25 21 38 22 26 11 17 24 30 10 37 8 9 14 39 1 7 18 15 19 0 32 31 5 6 23 35 4 29 13 16 12 3 36],[6 5 13 26 18 36 20 1 15 0 39 23 29 22 4 27 21 7 19 34 31 25 28 2 3 10 35 9 12 37 8 16 30 17 32 14 24 33 38 11],31538,32610
greedy/lipa40a,245,32029,51,3996,0,[1 3 0 15 14 26 30 17 7 12 28 11 5 16 6 29 19 23 9 20 39 18 24 34 27 21 37 38 31 32 2 8 13 33 25 10 35 4 36 22],[6 5 13 26 18 36 20 1 15 0 39 23 29 22 4 27 21 7 19 34 31 25 28 2 3 10 35 9 12 37 8 16 30 17 32 14 24 33 38 11],31538,32708
steepest/lipa40a,245,32014,18,14820,0,[2 32 16 23 26 19 33 17 20 15 30 11 0 14 12 34 31 9 5 37 39 13 27 7 3 6 18 35 29 25 24 1 21 38 4 10 28 8 36 22],[6 5 13 26 18 36 20 1 15 0 39 23 29 22 4 27 21 7 19 34 31 25 28 2 3 10 35 9 12 37 8 16 30 17 32 14 24 33 38 11],31538,32708
greedy/lipa40a,246,31971,74,7646,0,[33 35 20 36 18 34 29 19 27 39 7 25 23 24 4 11 9 2 21 31 15 22 0 30 6 5 12 32 3 14 26 28 1 17 37 38 16 8 10 13],[6 5 13 26 18 36 20 1 15 0 39 23 29 22 4 27 21 7 19 34 31 25 28 2 3 10 35 9 12 37 8 16 30 17 32 14 24 33 38 11],31538,32868
steepest/lipa40a,246,32059,22,17940,1,[0 1 24 2 31 39 14 22 25 6 10 19 7 17 16 35 29 33 37 5 11 21 18 20 4 9 8 36 32 13 15 38 28 27 3 26 12 34 23 30],[6 5 13 26 18 36 20 1 15 0 39 23 29 22 4 27 21 7 19 34 31 25 28 2 3 10 35 9 12 37 8 16 30 17 32 14 24 33 38 11],31538,32868
greedy/lipa40a,247,32009,56,3479,0,[12 35 6 17 33 36 10 34 3 7 15 31 37 13 8 20 0 1 29 28 25 5 16 27 2 23 26 4 11 39 22 24 19 14 9 30 18 38 32 21],[6 5 13 26 18 36 20 1 15 0 39 23 29 22 4 27 21 7 19 34 31 25 28 2 3 10 35 9 12 37 8 16 30 17 32 14 24 33 38 11],31538,32676
steepest/lipa40a,247,31994,20,16380,0,[6 34 4 16 30 22 10 15 14 25 5 31 17 9 33 20 29 7 35 32 37 0 28 13 19 11 27 8 12 39 2 23 1 18 26 21 38 24 36 3],[6 5 13 26 18 36 20 1 15 0 39 23 29 22 4 27 21 7 19 34 31 25 28 2 3 10 35 9 12 37 8 16 30 17 32 14 24 33 38 11],31538,32676
greedy/lipa40a,248,31995,54,3332,0,[15 1 19 10 11 14 8 3 24 7 20 0 9 31 27 17 12 6 38 32 13 30 22 39 2 25 4 33 29 26 18 23 21 28 34 35 5 37 36 16],[6 5 13 26 18 36 20 1 15 0 39 23 29 22 4 27 21 7 19 34 31 25 28 2 3 10 35 9 12 37 8 16 30 17 32 14 24 33 38 11],31538,32685
steepest/lipa40a,248,32075,21,17160,5,[7 27 9 38 0 10 33 20 11 26 3 4 29 31 12 21 22 8 17 32 13 25 30 34 37 18 36 24 35 39 28 19 6 2 16 14 5 23 1 15],[6 5 13 26 18 36 20 1 15 0 39 23 29 22 4 27 21 7 19 34 31 25 28 2 3 10 35 9 12 37 8 16 30 17 32 14 24 33 38 11],31538,32685
greedy/lipa40a,249,32037,59,3429,0,[0 30 1 17 5 33 12 21 36 39 35 11 3 2 7 23 9 4 31 16 15 14 34 28 13 8 26 20 6 22 27 32 19 18 10 25 24 37 29 38],[6 5 13 26 18 36 20 1 15 0 39 23 29 22 4 27 21 7 19 34 31 25 28 2 3 10 35 9 12 37 8 16 30 17 32 14 24 33 38 11],31538,32693
steepest/lipa40a,249,31974,23,18720,3,[11 13 16 22 18 36 29 21 30 35 24 12 26 7 25 27 37 39 32 1 31 17 14 8 33 10 0 4 38 28 2 20 3 9 19 34 15 23 5 6],[6 5 13 26 18 36 20 1 15 0 39 23 29 22 4 27 21 7 19 34 31 25 28 2 3 10 35 9 12 37 8 16 30 17 32 14 24 33 38 11],31538,32693
greedy/lipa40a,250,32023,69,4807,0,[5 7 11 38 21 34 18 14 31 8 20 35 33 4 36 6 23 19 26 32 0 17 12 27 22 15 29 25 2 1 16 9 30 13 39 3 10 37 28 24],[6 5 13 26 18 36 20 1 15 0 39 23 29 22 4 27 21 7 19 34 31 25 28 2 3 10 35 9 12 37 8 16 30 17 32 14 24 33 38 11],31538,32821
steepest/lipa40a,250,32002,24,19500,0,[6 16 1 21 24 31 35 26 32 25 5 37 33 11 28 39 14 30 29 7 15 38 4 23 0 36 12 34 3 20 18 19 10 2 27 8 9 17 22 13],[6 5 13 26 18 36 20 1 15 0 39 23 29 22 4 27 21 7 19 34 31 25 28 2 3 10 35 9 12 37 8 16 30 17 32 14 24 33 38 11],31538,32821
greedy/lipa40a,251,32024,56,2361,0,[37 15 26 11 2 36 39 34 0 7 28 10 35 23 13 18 21 30 25 4 14 29 1 6 12 19 32 31 27 5 24 17 9 16 33 38 8 20 22 3],[6 5 13 26 18 36 20 1 15 0 39 23 29 22 4 27 21 7 19 34 31 25 28 2 3 10 35 9 12 37 8 16 30 17 32 14 24 33 38 11],31538,32695
steepest/lipa40a,251,31973,24,19500,2,[9 31 3 2 10 12 25 21 22 39 27 16 34 23 4 38 33 30 35 37 11 14 28 26 19 1 0 8 13 7 18 15 36 5 24 32 20 17 29 6],[6 5 13 26 18 36 20 1 15 0 39 23 29 22 4 27 21 7 19 34 31 25 28 2 3 10 35 9 12 37 8 16 30 17 32 14 24 33 38 11],31538,32695
greedy/lipa40a,252,32026,65,3971,1,[33 13 3 4 9 29 26 35 11 8 14 0 34 30 16 10 28 25 32 23 1 19 7 18 12 2 6 17 5 21 20 31 36 27 22 15 38 24 37 39],[6 5 13 26 18 36 20 1 15 0 39 23 29 22 4 27 21 7 19 34 31 25 28 2 3 10 35 9 12 37 8 16 30 17 32 14 24 33 38 11],31538,32830
steepest/lipa40a,252,32079,18,14820,0,[8 11 35 27 30 17 38 24 4 34 12 25 29 21 6 7 9 26 36 28 20 23 15 18 10 0 39 13 19 37 33 2 32 3 1 16 22 14 31 5],[6 5 13 26 18 36 20 1 15 0 39 23 29 22 4 27 21 7 19 34 31 25 28 2 3 10 35 9 12 37 8 16 30 17 32 14 24 33 38 11],31538,32830
greedy/lipa40a,253,31993,59,3361,2,[0 37 36 13 20 30 23 26 14 10 11 39 1 5 34 7 18 16 22 21 8 38 29 31 4 24 12 27 35 15 3 25 9 33 6 17 2 28 32 19],[6 5 13 26 18 36 20 1 15 0 39 23 29 22 4 27 21 7 19 34 31 25 28 2 3 10 35 9 12 37 8 16 30 17 32 14 24 33 38 11],31538,32597
steepest/lipa40a,253,32043,17,14040,0,[32 34 30 13 2 8 17 28 38 31 35 14 26 27 0 4 18 36 22 10 1 3 25 23 20 33 19 15 37 11 6 21 29 9 5 12 39 7 24 16],[6 5 13 26 18 36 20 1 15 0 39 23 29 22 4 27 21 7 19 34 31 25 28 2 3 10 35 9 12 37 8 16 30 17 32 14 24 33 38 11],31538,32597
greedy/lipa40a,254,32038,57,4083,0,[33 25 22 13 19 37 23 2 35 8 1 21 39 11 12 32 38 14 34 20 7 29 27 16 6 5 3 30 4 26 0 24 15 31 36 17 9 10 18 28],[6 5 13 26 18 36 20 1 15 0 39 23 29 22 4 27 21 7 19 34 31 25 28 2 3 10 35 9 12 37 8 16 30 17 32 14 24 33 38 11],31538,32760
steepest/lipa40a,254,31976,23,18720,0,[36 25 31 28 17 10 26 8 11 15 16 32 2 34 27 9 19 4 12 35 39 38 24 7 3 0 30 5 1 21 33 6 29 13 37 22 20 14 23 18],[6 5 13 26 18 36 20 1 15 0 39 23 29 22 4 27 21 7 19 34 31 25 28 2 3 10 35 9 12 37 8 16 30 17 32 14 24 33 38 11],31538,32760
greedy/lipa40a,255,31979,61,5731,0,[22 38 28 18 35 36 29 1 12 31 23 13 26 37 5 7 19 39 2 24 15 25 4 21 0 17 3 9 6 16 10 34 20 11 32 8 14 33 30 27],[6 5 13 26 18 36 20 1 15 0 39 23 29 22 4 27 21 7 19 34 31 25 28 2 3 10 35 9 12 37 8 16 30 17 32 14 24 33 38 11],31538,32716
steepest/lipa40a,255,31939,25,20280,6,[33 15 23 11 27 8 16 37 18 39 28 10 12 2 0 20 17 38 19 34 7 25 31 26 36 4 30 9 21 14 35 3 5 24 32 1 29 6 22 13],[6 5 13 26 18 36 20 1 15 0 39 23 29 22 4 27 21 7 19 34 31 25 28 2 3 10 35 9 12 37 8 16 30 17 32 14 24 33 38 11],31538,32716
greedy/lipa40a,256,32035,47,2698,0,[26 27 8 5 0 33 35 11 37 34 24 10 14 7 23 2 15 20 28 30 3 17 38 25 22 6 12 4 19 1 36 16 18 21 39 13 9 31 32 29],[6 5 13 26 18 36 20 1 15 0 39 23 29 22 4 27 21 7 19 34 31 25 28 2 3 10 35 9 12 37 8 16 30 17 32 14 24 33 38 11],31538,32767
steepest/lipa40a,256,32011,23,18720,0,[24 3 27 26 14 5 6 11 28 22 30 9 10 7 34 20 38 36 1 4 37 35 2 12 23 25 17 39 15 19 32 13 18 16 33 0 8 29 21 31],[6 5 13 26 18 36 20 1 15 0 39 23 29 22 4 27 21 7 19 34 31 25 28 2 3 10 35 9 12 37 8 16 30 17 32 14 24 33 38 11],31538,32767
greedy/lipa40a,257,32049,58,4808,0,[1 26 0 39 3 16 36 27 35 31 22 17 33 14 15 34 19 9 10 38 5 30 11 6 12 32 24 2 4 23 21 8 18 13 20 25 37 7 29 28],[6 5 13 26 18 36 20 1 15 0 39 23 29 22 4 27 21 7 19 34 31 25 28 2 3 10 35 9 12 37 8 16 30 17 32 14 24 33 38 11],31538,32767
steepest/lipa40a,257,32075,16,13260,4,[31 18 26 39 19 16 8 27 24 36 17 29 1 4 3 0 13 32 9 12 37 30 2 10 23 15 33 38 11 5 21 28 22 6 25 35 34 7 20 14],[6 5 13 26 18 36 20 1 15 0 39 23 29 22 4 27 21 7 19 34 31 25 28 2 3 10 35 9 12 37 8 16 30 17 32 14 24 33 38 11],31538,32767
greedy/lipa40a,258,32014,65,4065,0,[29 3 8 27 23 39 7 2 10 4 32 26 16 1 6 36 24 37 18 5 9 14 17 19 11 30 34 15 28 12 21 0 38 22 25 33 20 13 31 35],[6 5 13 26 18 36 20 1 15 0 39 23 29 22 4 27 21 7 19 34 31 25 28 2 3 10 35 9 12 37 8 16 30 17 32 14 24 33 38 11],31538,32940
steepest/lipa40a,258,32089,20,16380,2,[1 27 2 18 10 16 37 24 34 6 19 26 13 25 12 28 9 30 39 15 23 11 33 32 3 29 4 31 17 5 22 8 7 36 35 21 20 38 14 0],[6 5 13 26 18 36 20 1 15 0 39 23 29 22 4 27 21 7 19 34 31 25 28 2 3 10 35 9 12 37 8 16 30 17 32 14 24 33 38 11],31538,32940
greedy/lipa40a,259,32059,49,2471,0,[32 25 33 18 4 36 22 28 1 0 14 3 34 8 12 6 10 17 29 30 19 37 24 15 20 16 35 23 39 38 5 7 2 31 27 11 21 26 13 9],[6 5 13 26 18 36 20 1 15 0 39 23 29 22 4 27 21 7 19 34 31 25 28 2 3 10 35 9 12 37 8 16 30 17 32 14 24 33 38 11],31538,32665
steepest/lipa40a,259,32032,22,17940,0,[1 27 34 26 29 15 11 5 33 12 31 2 30 6 28 20 8 35 13 14 32 37 17 4 22 16 36 19 39 7 23 3 24 25 0 18 21 38 10 9],[6 5 13 26 18 36 20 1 15 0 39 23 29 22 4 27 21 7 19 34 31 25 28 2 3 10 35 9 12 37 8 16 30 17 32 14 24 33 38 11],31538,32665
greedy/lipa40a,260,32049,51,4369,0,[6 3 32 20 10 9 8 16 1 30 2 24 4 28 22 19 25 26 18 12 31 5 14 27 33 39 36 23 15 13 29 38 11 0 7 34 21 17 35 37],[6 5 13 26 18 36 20 1 15 0 39 23 29 22 4 27 21 7 19 34 31 25 28 2 3 10 35 9 12 37 8 16 30 17 32 14 24 33 38 11],31538,32783
steepest/lipa40a,260,31975,25,20280,5,[25 23 3 1 31 9 10 33 26 14 2 27 37 28 19 8 12 6 29 34 39 5 4 30 16 15 13 24 0 18 20 22 36 32 11 17 38 7 35 21],[6 5 13 26 18 36 20 1 15 0 39 23 29 22 4 27 21 7 19 34 31 25 28 2 3 10 35 9 12 37 8 16 30 17 32 14 24 33 38 11],31538,32783
greedy/lipa40a,261,32000,58,5832,0,[31 0 26 24 35 17 2 12 29 30 39 19 3 37 18 28 32 4 34 16 11 14 15 27 8 1 10 5 23 7 13 9 6 33 38 25 22 21 20 36],[6 5 13 26 18 36 20 1 15 0 39 23 29 22 4 27 21 7 19 34 31 25 28 2 3 10 35 9 12 37 8 16 30 17 32 14 24 33 38 11],31538,32691
steepest/lipa40a,261,32010,22,17940,3,[37 24 27 20 17 15 28 22 11 30 16 2 10 34 0 26 35 3 31 21 8 19 36 1 23 29 38 32 25 9 33 13 18 5 6 12 4 39 7 14],[6 5 13 26 18 36 20 1 15 0 39 23 29 22 4 27 21 7 19 34 31 25 28 2 3 10 35 9 12 37 8 16 30 17 32 14 24 33 38 11],31538,32691
greedy/lipa40a,262,32012,64,3859,0,[22 26 2 1 9 4 14 17 39 25 21 6 15 23 24 8 5 0 32 30 13 29 33 34 20 28 3 11 37 7 18 12 36 35 19 16 38 10 31 27],[6 5 13 26 18 36 20 1 15 0 39 23 29 22 4 27 21 7 19 34 31 25 28 2 3 10 35 9 12 37 8 16 30 17 32 14 24 33 38 11],31538,32765
steepest/lipa40a,262,32097,20,16380,1,[27 29 28 8 12 4 9 30 1 37 16 7 34 17 35 5 22 36 33 31 39 32 20 10 26 14 21 19 13 6 3 25 0 24 38 15 23 2 18 11],[6 5 13 26 18 36 20 1 15 0 39 23 29 22 4 27 21 7 19 34 31 25 28 2 3 10 35 9 12 37 8 16 30 17 32 14 24 33 38 11],31538,32765
greedy/lipa40a,263,32101,43,2270,0,[2 1 13 19 9 27 11 29 20 4 12 33 15 5 32 31 24 25 34 7 18 22 8 37 30 6 14 3 10 35 26 16 23 36 28 17 38 21 39 0],[6 5 13 26 18 36 20 1 15 0 39 23 29 22 4 27 21 7 19 34 31 25 28 2 3 10 35 9 12 37 8 16 30 17 32 14 24 33 38 11],31538,32751
steepest/lipa40a,263,32067,17,14040,3,[33 2 31 10 25 0 36 32 3 20 15 26 11 5 28 6 24 4 37 30 7 23 22 13 38 14 29 21 35 16 18 12 34 27 8 17 9 19 39 1],[6 5 13 26 18 36 20 1 15 0 39 23 29 22 4 27 21 7 19 34 31 25 28 2 3 10 35 9 12 37 8 16 30 17 32 14 24 33 38 11],31538,32751
greedy/lipa40a,264,32034,73,6388,0,[34 2 6 5 13 37 23 31 28 15 22 1 3 0 10 18 19 29 9 4 36 30 20 27 35 32 14 11 33 17 16 24 38 21 26 8 7 25 39 12],[6 5 13 26 18 36 20 1 15 0 39 23 29 22 4 27 21 7 19 34 31 25 28 2 3 10 35 9 12 37 8 16 30 17 32 14 24 33 38 11],31538,32771
steepest/lipa40a,264,32084,21,17160,2,[7 33 12 4 9 30 25 13 38 19 28 11 17 27 10 2 16 29 8 36 22 32 26 39 34 35 21 1 31 14 37 18 23 20 0 3 6 5 24 15],[6 5 13 26 18 36 20 1 15 0 39 23 29 22 4 27 21 7 19 34 31 25 28 2 3 10 35 9 12 37 8 16 30 17 32 14 24 33 38 11],31538,32771
greedy/lipa40a,265,31973,75,6825,0,[30 17 3 2 8 21 29 19 10 32 0 5 31 27 12 35 24 16 23 18 11 15 33 1 20 26 36 13 6 7 22 34 39 38 25 28 14 37 4 9],[6 5 13 26 18 36 20 1 15 0 39 23 29 22 4 27 21 7 19 34 31 25 28 2 3 10 35 9 12 37 8 16 30 17 32 14 24 33 38 11],31538,32765
steepest/lipa40a,265,31964,24,19500,0,[11 32 17 21 37 34 8 30 6 7 39 18 16 38 28 19 0 33 23 25 31 3 36 2 9 5 35 10 24 15 13 4 1 27 12 29 26 14 22 20],[6 5 13 26 18 36 20 1 15 0 39 23 29 22 4 27 21 7 19 34 31 25 28 2 3 10 35 9 12 37 8 16 30 17 32 14 24 33 38 11],31538,32765
greedy/lipa40a,266,32046,57,4033,5,[12 3 5 14 11 28 27 16 24 19 9 4 21 26 8 13 36 6 23 20 38 25 30 0 18 35 29 39 17 2 32 22 37 10 1 7 31 33 34 15],[6 5 13 26 18 36 20 1 15 0 39 23 29 22 4 27 21 7 19 34 31 25 28 2 3 10 35 9 12 37 8 16 30 17 32 14 24 33 38 11],31538,32668
steepest/lipa40a,266,32045,20,16380,1,[35 33 0 37 18 13 27 30 29 28 12 5 32 36 21 26 4 24 31 22 8 25 19 23 39 17 1 9 11 3 20 15 34 10 38 14 6 7 16 2],[6 5 13 26 18 36 20 1 15 0 39 23 29 22 4 27 21 7 19 34 31 25 28 2 3 10 35 9 12 37 8 16 30 17 32 14 24 33 38 11],31538,32668
greedy/lipa40a,267,32008,56,2627,0,[28 2 3 23 14 9 30 5 39 4 27 6 34 16 13 26 29 8 15 17 36 37 19 32 7 33 1 21 11 35 22 10 0 25 24 18 20 38 31 12],[6 5 13 26 18 36 20 1 15 0 39 23 29 22 4 27 21 7 19 34 31 25 28 2 3 10 35 9 12 37 8 16 30 17 32 14 24 33 38 11],31538,32616
steepest/lipa40a,267,32040,19,15600,3,[36 18 21 23 12 4 22 15 33 16 17 25 6 20 7 5 31 2 9 39 34 8 35 27 11 14 32 37 28 29 10 19 1 13 26 30 38 0 24 3],[6 5 13 26 18 36 20 1 15 0 39 23 29 22 4 27 21 7 19 34 31 25 28 2 3 10 35 9 12 37 8 16 30 17 32 14 24 33 38 11],31538,32616
greedy/lipa40a,268,32030,58,4171,0,[35 36 24 29 2 38 8 30 7 11 31 12 1 6 34 0 32 13 37 20 17 18 27 26 3 22 28 23 15 21 33 5 9 16 19 10 39 14 25 4],[6 5 13 26 18 36 20 1 15 0 39 23 29 22 4 27 21 7 19 34 31 25 28 2 3 10 35 9 12 37 8 16 30 17 32 14 24 33 38 11],31538,32804
steepest/lipa40a,268,32037,23,18720,2,[21 22 24 13 17 16 38 28 1 11 8 36 33 20 35 15 12 26 32 7 29 19 30 14 18 23 37 25 34 10 3 6 31 0 2 39 4 27 9 5],[6 5 13 26 18 36 20 1 15 0 39 23 29 22 4 27 21 7 19 34 31 25 28 2 3 10 35 9 12 37 8 16 30 17 32 14 24 33 38 11],31538,32804
greedy/lipa40a,269,32036,46,2657,1,[28 18 5 36 31 3 13 22 38 4 9 27 12 33 20 29 16 11 15 26 2 1 35 0 37 17 8 32 14 21 23 24 34 19 6 10 7 30 39 25],[6 5 13 26 18 36 20 1 15 0 39 23 29 22 4 27 21 7 19 34 31 25 28 2 3 10 35 9 12 37 8 16 30 17 32 14 24 33 38 11],31538,32630
steepest/lipa40a,269,32051,18,14820,1,[8 1 23 29 31 17 38 7 4 5 12 35 0 32 36 25 16 11 22 34 37 26 33 18 19 28 20 13 39 14 6 10 9 27 3 21 2 30 15 24],[6 5 13 26 18 36 20 1 15 0 39 23 29 22 4 27 21 7 19 34 31 25 28 2 3 10 35 9 12 37 8 16 30 17 32 14 24 33 38 11],31538,32630
greedy/lipa40a,270,31940,69,4450,0,[34 22 18 8 2 31 35 12 24 17 11 16 20 5 14 7 13 28 6 4 19 1 0 9 21 27 29 32 33 30 26 25 37 3 15 10 36 38 39 23],[6 5 13 26 18 36 20 1 15 0 39 23 29 22 4 27 21 7 19 34 31 25 28 2 3 10 35 9 12 37 8 16 30 17 32 14 24 33 38 11],31538,32707
steepest/lipa40a,270,31958,31,24960,4,[14 3 0 39 32 38 19 5 24 29 2 26 1 28 34 37 17 6 9 20 35 27 18 25 10 16 36 22 30 7 13 8 21 33 11 31 12 4 15 23],[6 5 13 26 18 36 20 1 15 0 39 23 29 22 4 27 21 7 19 34 31 25 28 2 3 10 35 9 12 37 8 16 30 17 32 14 24 33 38 11],31538,32707
greedy/lipa40a,271,32005,66,4594,0,[6 22 28 30 33 19 10 23 29 0 21 27 26 25 15 34 17 1 16 2 31 24 38 12 18 4 36 7 13 39 37 8 9 14 35 20 11 5 32 3],[6 5 13 26 18 36 20 1 15 0 39 23 29 22 4 27 21 7 19 34 31 25 28 2 3 10 35 9 12 37 8 16 30 17 32 14 24 33 38 11],31538,32874
steepest/lipa40a,271,32007,23,18720,3,[29 28 4 10 20 23 13 12 5 15 19 27 30 9 6 22 34 18 7 25 11 26 21 32 0 36 24 31 16 33 1 17 3 37 38 8 14 35 39 2],[6 5 13 26 18 36 20 1 15 0 39 23 29 22 4 27 21 7 19 34 31 25 28 2 3 10 35 9 12 37 8 16 30 17 32 14 24 33 38 11],31538,32874
greedy/lipa40a,272,31959,65,4674,0,[19 18 22 30 3 31 26 11 15 33 9 2 10 25 20 39 8 34 13 21 17 12 38 5 23 28 4 36 32 37 6 7 24 27 29 1 14 0 35 16],[6 5 13 26 18 36 20 1 15 0 39 23 29 22 4 27 21 7 19 34 31 25 28 2 3 10 35 9 12 37 8 16 30 17 32 14 24 33 38 11],31538,32710
steepest/lipa40a,272,32027,18,14820,2,[18 36 3 38 20 15 11 13 31 17 16 35 7 1 34 9 8 28 29 19 39 12 25 10 32 37 21 5 24 22 4 26 30 33 27 0 23 6 14 2],[6 5 13 26 18 36 20 1 15 0 39 23 29 22 4 27 21 7 19 34 31 25 28 2 3 10 35 9 12 37 8 16 30 17 32 14 24 33 38 11],31538,32710
greedy/lipa40a,273,32013,65,4243,0,[37 25 26 15 14 39 18 22 17 5 20 12 30 6 28 7 34 9 16 29 19 1 4 8 11 33 2 24 38 10 21 35 13 32 27 31 3 0 36 23],[6 5 13 26 18 36 20 1 15 0 39 23 29 22 4 27 21 7 19 34 31 25 28 2 3 10 35 9 12 37 8 16 30 17 32 14 24 33 38 11],31538,32749
steepest/lipa40a,273,31933,27,21840,3,[21 3 14 1 2 6 39 18 22 26 28 12 15 27 31 36 38 32 5 29 10 17 34 16 13 0 9 4 25 23 35 19 24 11 33 30 8 7 37 20],[6 5 13 26 18 36 20 1 15 0 39 23 29 22 4 27 21 7 19 34 31 25 28 2 3 10 35 9 12 37 8 16 30 17 32 14 24 33 38 11],31538,32749
greedy/lipa40a,274,32004,60,5292,1,[33 2 0 20 1 7 11 13 28 22 16 6 24 26 39 5 37 23 18 38 34 17 10 27 9 12 14 4 31 19 32 8 30 35 15 29 21 3 25 36],[6 5 13 26 18 36 20 1 15 0 39 23 29 22 4 27 21 7 19 34 31 25 28 2 3 10 35 9 12 37 8 16 30 17 32 14 24 33 38 11],31538,32654
steepest/lipa40a,274,32048,19,15600,0,[2 8 29 20 19 10 30 3 13 27 26 17 35 16 28 33 24 32 6 21 39 23 0 9 34 5 38 12 4 18 25 11 15 7 31 36 1 22 37 14],[6 5 13 26 18 36 20 1 15 0 39 23 29 22 4 27 21 7 19 34 31 25 28 2 3 10 35 9 12 37 8 16 30 17 32 14 24 33 38 11],31538,32654
greedy/lipa40a,275,32004,56,2878,2,[32 17 3 8 22 18 35 25 36 34 39 12 31 2 19 14 5 7 30 16 1 20 0 27 28 38 29 10 37 21 33 15 11 23 9 24 6 13 26 4],[6 5 13 26 18 36 20 1 15 0 39 23 29 22 4 27 21 7 19 34 31 25 28 2 3 10 35 9 12 37 8 16 30 17 32 14 24 33 38 11],31538,32744
steepest/lipa40a,275,32046,21,17160,2,[30 22 25 16 31 21 12 33 15 39 8 6 23 29 4 18 5 11 14 36 13 20 10 2 1 0 28 27 37 3 38 9 19 17 34 24 26 7 32 35],[6 5 13 26 18 36 20 1 15 0 39 23 29 22 4 27 21 7 19 34 31 25 28 2 3 10 35 9 12 37 8 16 30 17 32 14 24 33 38 11],31538,32744
greedy/lipa40a,276,31998,61,3646,0,[22 6 14 32 18 35 23 39 3 38 7 25 12 36 15 20 13 33 17 28 9 29 0 24 34 30 8 37 21 11 5 19 1 10 4 16 2 27 31 26],[6 5 13 26 18 36 20 1 15 0 39 23 29 22 4 27 21 7 19 34 31 25 28 2 3 10 35 9 12 37 8 16 30 17 32 14 24 33 38 11],31538,32613
steepest/lipa40a,276,32050,20,16380,1,[13 7 6 37 22 14 21 39 3 11 32 25 31 5 27 20 12 0 23 30 29 28 33 1 4 38 17 34 9 26 16 24 8 10 35 19 15 2 36 18],[6 5 13 26 18 36 20 1 15 0 39 23 29 22 4 27 21 7 19 34 31 25 28 2 3 10 35 9 12 37 8 16 30 17 32 14 24 33 38 11],31538,32613
greedy/lipa40a,277,32037,55,3028,0,[15 4 12 1 29 32 11 23 38 31 26 16 30 28 22 20 18 13 27 8 24 33 9 3 2 39 34 7 17 37 6 21 36 14 0 25 10 19 35 5],[6 5 13 26 18 36 20 1 15 0 39 23 29 22 4 27 21 7 19 34 31 25 28 2 3 10 35 9 12 37 8 16 30 17 32 14 24 33 38 11],31538,32725
steepest/lipa40a,277,32098,15,12480,3,[15 11 23 10 33 22 30 14 4 29 12 16 25 36 31 7 24 6 8 28 38 18 34 37 32 17 39 26 27 35 13 20 19 2 0 1 21 3 5 9],[6 5 13 26 18 36 20 1 15 0 39 23 29 22 4 27 21 7 19 34 31 25 28 2 3 10 35 9 12 37 8 16 30 17 32 14 24 33 38 11],31538,32725
greedy/lipa40a,278,32032,65,5184,0,[11 13 19 37 30 25 12 10 9 21 33 28 18 38 15 23 27 26 39 20 5 24 32 1 0 29 36 14 34 35 16 17 3 6 2 8 7 4 22 31],[6 5 13 26 18 36 20 1 15 0 39 23 29 22 4 27 21 7 19 34 31 25 28 2 3 10 35 9 12 37 8 16 30 17 32 14 24 33 38 11],31538,32693
steepest/lipa40a,278,32020,22,17940,0,[36 33 5 16 3 17 21 32 20 10 14 37 38 22 7 23 39 0 8 25 30 13 35 26 9 18 24 29 34 6 31 4 28 27 19 11 15 1 2 12],[6 5 13 26 18 36 20 1 15 0 39 23 29 22 4 27 21 7 19 34 31 25 28 2 3 10 35 9 12 37 8 16 30 17 32 14 24 33 38 11],31538,32693
greedy/lipa40a,279,32005,62,4708,0,[7 27 3 11 12 8 30 0 38 15 36 17 22 34 20 14 19 37 33 28 13 6 39 2 16 32 21 31 4 18 25 29 9 10 24 1 23 5 35 26],[6 5 13 26 18 36 20 1 15 0 39 23 29 22 4 27 21 7 19 34 31 25 28 2 3 10 35 9 12 37 8 16 30 17 32 14 24 33 38 11],31538,32676
steepest/lipa40a,279,32032,22,17940,0,[21 27 16 37 2 14 25 22 9 15 30 3 34 26 13 28 31 8 19 36 33 1 12 5 39 0 38 23 10 17 4 11 24 29 32 35 7 6 20 18],[6 5 13 26 18 36 20 1 15 0 39 23 29 22 4 27 21 7 19 34 31 25 28 2 3 10 35 9 12 37 8 16 30 17 32 14 24 33 38 11],31538,32676
greedy/lipa40a,280,32143,39,2764,3,[5 39 28 14 29 20 38 17 0 25 9 11 27 10 3 32 33 13 8 21 30 23 34 19 2 7 37 35 1 26 4 24 22 15 16 31 36 6 18 12],[6 5 13 26 18 36 20 1 15 0 39 23 29 22 4 27 21 7 19 34 31 25 28 2 3 10 35 9 12 37 8 16 30 17 32 14 24 33 38 11],31538,32769
steepest/lipa40a,280,32037,21,17160,0,[25 5 30 28 0 17 38 14 13 37 27 15 7 16 22 12 1 8 9 21 18 29 36 32 10 33 2 31 3 23 19 26 34 6 11 20 35 39 4 24],[6 5 13 26 18 36 20 1 15 0 39 23 29 22 4 27 21 7 19 34 31 25 28 2 3 10 35 9 12 37 8 16 30 17 32 14 24 33 38 11],31538,32769
greedy/lipa40a,281,32016,58,4957,0,[39 14 27 17 13 36 37 34 18 9 23 6 16 21 22 12 31 25 7 1 26 15 20 0 33 10 8 38 28 11 5 29 4 32 30 2 35 19 24 3],[6 5 13 26 18 36 20 1 15 0 39 23 29 22 4 27 21 7 19 34 31 25 28 2 3 10 35 9 12 37 8 16 30 17 32 14 24 33 38 11],31538,32622
steepest/lipa40a,281,32069,15,12480,0,[21 25 16 37 30 36 12 32 17 15 14 5 34 28 2 35 11 7 22 18 20 24 19 26 33 31 9 0 38 10 27 1 39 8 3 29 13 6 4 23],[6 5 13 26 18 36 20 1 15 0 39 23 29 22 4 27 21 7 19 34 31 25 28 2 3 10 35 9 12 37 8 16 30 17 32 14 24 33 38 11],31538,32622
greedy/lipa40a,282,32051,52,2846,0,[6 25 16 10 19 28 32 39 23 9 20 17 21 18 12 1 36 14 8 33 31 34 26 27 24 35 29 3 4 5 11 13 15 38 37 7 30 22 0 2],[6 5 13 26 18 36 20 1 15 0 39 23 29 22 4 27 21 7 19 34 31 25 28 2 3 10 35 9 12 37 8 16 30 17 32 14 24 33 38 11],31538,32697
steepest/lipa40a,282,32056,19,15600,6,[13 5 14 6 19 21 2 37 15 32 25 1 8 18 35 36 29 9 4 34 16 20 28 26 33 11 10 22 24 0 27 30 31 39 17 7 23 3 38 12],[6 5 13 26 18 36 20 1 15 0 39 23 29 22 4 27 21 7 19 34 31 25 28 2 3 10 35 9 12 37 8 16 30 17 32 14 24 33 38 11],31538,32697
greedy/lipa40a,283,32024,64,4773,0,[11 15 31 7 27 8 38 21 28 35 17 23 2 16 0 12 19 13 20 33 9 26 25 4 1 34 30 18 32 22 39 6 24 37 10 29 36 5 14 3],[6 5 13 26 18 36 20 1 15 0 39 23 29 22 4 27 21 7 19 34 31 25 28 2 3 10 35 9 12 37 8 16 30 17 32 14 24 33 38 11],31538,32801
steepest/lipa40a,283,31966,31,24960,4,[6 14 26 13 19 20 23 18 35 0 32 34 29 1 22 27 21 30 36 11 31 9 10 2 5 33 28 25 16 38 12 17 15 39 7 4 8 24 37 3],[6 5 13 26 18 36 20 1 15 0 39 23 29 22 4 27 21 7 19 34 31 25 28 2 3 10 35 9 12 37 8 16 30 17 32 14 24 33 38 11],31538,32801
greedy/lipa40a,284,31962,61,4464,0,[9 32 5 11 30 38 14 34 24 39 7 21 4 18 19 8 10 13 20 12 26 33 29 27 23 35 15 1 3 25 22 6 31 37 16 0 2 36 17 28],[6 5 13 26 18 36 20 1 15 0 39 23 29 22 4 27 21 7 19 34 31 25 28 2 3 10 35 9 12 37 8 16 30 17 32 14 24 33 38 11],31538,32751
steepest/lipa40a,284,31982,28,22620,2,[5 21 30 11 9 15 16 6 7 39 26 3 12 28 33 13 34 25 38 10 4 2 1 24 27 36 0 8 22 32 35 14 20 18 31 29 19 37 23 17],[6 5 13 26 18 36 20 1 15 0 39 23 29 22 4 27 21 7 19 34 31 25 28 2 3 10 35 9 12 37 8 16 30 17 32 14 24 33 38 11],31538,32751
greedy/lipa40a,285,32036,58,3422,0,[30 0 18 2 4 5 33 24 35 31 36 11 7 34 8 6 1 23 3 17 27 20 28 25 19 16 21 10 39 13 29 26 12 37 38 32 22 14 9 15],[6 5 13 26 18 36 20 1 15 0 39 23 29 22 4 27 21 7 19 34 31 25 28 2 3 10 35 9 12 37 8 16 30 17 32 14 24 33 38 11],31538,32846
steepest/lipa40a,285,32096,18,14820,1,[16 0 25 17 12 27 33 22 32 29 21 28 38 4 20 18 14 6 10 30 1 8 7 23 26 3 37 2 34 39 35 13 19 11 15 31 36 9 24 5],[6 5 13 26 18 36 20 1 15 0 39 23 29 22 4 27 21 7 19 34 31 25 28 2 3 10 35 9 12 37 8 16 30 17 32 14 24 33 38 11],31538,32846
greedy/lipa40a,286,31982,73,6418,1,[9 4 16 22 1 8 33 2 11 36 24 20 34 6 17 7 38 32 21 37 26 14 0 5 3 12 23 27 18 13 29 15 35 25 10 31 39 28 19 30],[6 5 13 26 18 36 20 1 15 0 39 23 29 22 4 27 21 7 19 34 31 25 28 2 3 10 35 9 12 37 8 16 30 17 32 14 24 33 38 11],31538,32736
steepest/lipa40a,286,32067,18,14820,1,[33 31 16 14 27 39 15 38 20 8 36 17 35 12 37 13 25 28 6 24 10 32 19 1 18 9 23 22 4 29 0 11 3 21 5 7 34 30 26 2],[6 5 13 26 18 36 20 1 15 0 39 23 29 22 4 27 21 7 19 34 31 25 28 2 3 10 35 9 12 37 8 16 30 17 32 14 24 33 38 11],31538,32736
greedy/lipa40a,287,32065,47,3223,0,[6 0 28 39 37 21 17 36 16 19 33 31 10 4 8 26 29 3 2 38 15 18 23 1 30 7 24 22 11 35 32 5 27 20 25 13 14 34 9 12],[6 5 13 26 18 36 20 1 15 0 39 23 29 22 4 27 21 7 19 34 31 25 28 2 3 10 35 9 12 37 8 16 30 17 32 14 24 33 38 11],31538,32811
steepest/lipa40a,287,32003,25,20280,2,[15 31 27 0 2 11 38 9 26 34 30 33 29 19 10 12 21 28 4 1 13 18 24 14 32 23 36 35 7 22 3 39 20 16 5 17 8 25 6 37],[6 5 13 26 18 36 20 1 15 0 39 23 29 22 4 27 21 7 19 34 31 25 28 2 3 10 35 9 12 37 8 16 30 17 32 14 24 33 38 11],31538,32811
greedy/lipa40a,288,31984,56,5656,0,[17 29 5 15 7 32 30 22 9 31 23 21 24 19 28 38 36 35 6 39 16 1 27 20 37 34 8 33 10 25 2 4 0 26 3 12 18 14 11 13],[6 5 13 26 18 36 20 1 15 0 39 23 29 22 4 27 21 7 19 34 31 25 28 2 3 10 35 9 12 37 8 16 30 17 32 14 24 33 38 11],31538,32669
steepest/lipa40a,288,32016,17,14040,1,[27 29 33 22 18 4 15 5 7 3 23 31 38 35 9 36 2 39 25 6 16 8 32 19 24 28 10 14 12 34 37 1 17 30 0 26 21 20 11 13],[6 5 13 26 18 36 20 1 15 0 39 23 29 22 4 27 21 7 19 34 31 25 28 2 3 10 35 9 12 37 8 16 30 17 32 14 24 33 38 11],31538,32669
greedy/lipa40a,289,32023,49,3586,0,[23 5 12 25 19 7 8 17 30 2 34 3 38 16 24 0 29 32 15 37 21 31 39 22 33 11 13 26 6 27 35 36 28 18 10 1 9 20 14 4],[6 5 13 26 18 36 20 1 15 0 39 23 29 22 4 27 21 7 19 34 31 25 28 2 3 10 35 9 12 37 8 16 30 17 32 14 24 33 38 11],31538,32612
steepest/lipa40a,289,32003,22,17940,1,[5 35 32 2 17 0 20 8 12 10 6 3 1 29 33 27 7 25 31 11 21 26 36 14 9 13 30 39 34 24 15 22 28 18 37 38 4 19 16 23],[6 5 13 26 18 36 20 1 15 0 39 23 29 22 4 27 21 7 19 34 31 25 28 2 3 10 35 9 12 37 8 16 30 17 32 14 24 33 38 11],31538,32612
greedy/lipa40a,290,32007,63,3861,0,[24 19 22 10 27 20 25 12 35 4 28 16 39 2 8 3 34 29 0 15 7 1 21 5 13 37 11 33 17 26 9 32 31 6 38 30 14 36 23 18],[6 5 13 26 18 36 20 1 15 0 39 23 29 22 4 27 21 7 19 34 31 25 28 2 3 10 35 9 12 37 8 16 30 17 32 14 24 33 38 11],31538,32746
steepest/lipa40a,290,31960,27,21840,3,[4 2 29 23 30 0 25 37 31 38 26 20 27 15 39 13 16 14 28 1 17 10 19 3 24 6 22 21 11 33 34 9 35 18 8 5 7 32 36 12],[6 5 13 26 18 36 20 1 15 0 39 23 29 22 4 27 21 7 19 34 31 25 28 2 3 10 35 9 12 37 8 16 30 17 32 14 24 33 38 11],31538,32746
greedy/lipa40a,291,32029,64,3566,0,[19 12 7 36 15 38 14 3 33 39 26 31 30 9 28 22 10 13 29 8 23 32 2 35 0 21 27 1 11 17 4 18 34 16 5 24 25 6 20 37],[6 5 13 26 18 36 20 1 15 0 39 23 29 22 4 27 21 7 19 34 31 25 28 2 3 10 35 9 12 37 8 16 30 17 32 14 24 33 38 11],31538,32735
steepest/lipa40a,291,31972,27,21840,2,[4 39 5 18 29 33 31 21 0 14 9 27 38 25 35 11 10 36 13 19 17 15 20 16 37 2 26 6 7 34 3 28 24 22 23 8 30 32 1 12],[6 5 13 26 18 36 20 1 15 0 39 23 29 22 4 27 21 7 19 34 31 25 28 2 3 10 35 9 12 37 8 16 30 17 32 14 24 33 38 11],31538,32735
greedy/lipa40a,292,32013,60,4867,0,[8 0 1 19 26 18 3 27 36 30 10 6 33 21 5 16 31 28 24 23 37 25 20 17 35 11 4 9 22 2 12 39 34 38 7 14 32 13 15 29],[6 5 13 26 18 36 20 1 15 0 39 23 29 22 4 27 21 7 19 34 31 25 28 2 3 10 35 9 12 37 8 16 30 17 32 14 24 33 38 11],31538,32892
steepest/lipa40a,292,32025,22,17940,1,[0 28 19 31 39 18 25 20 32 21 3 26 37 35 34 9 15 11 10 7 36 29 12 38 22 5 24 13 6 14 30 17 8 33 27 4 1 23 16 2],[6 5 13 26 18 36 20 1 15 0 39 23 29 22 4 27 21 7 19 34 31 25 28 2 3 10 35 9 12 37 8 16 30 17 32 14 24 33 38 11],31538,32892
greedy/lipa40a,293,32031,51,7649,0,[36 37 2 27 6 9 21 19 25 16 20 0 35 22 26 8 5 28 24 14 39 15 12 18 3 4 7 13 29 1 33 38 10 30 17 34 11 23 31 32],[6 5 13 26 18 36 20 1 15 0 39 23 29 22 4 27 21 7 19 34 31 25 28 2 3 10 35 9 12 37 8 16 30 17 32 14 24 33 38 11],31538,32624
steepest/lipa40a,293,31999,16,13260,1,[9 29 18 34 6 8 24 23 25 10 15 4 33 37 35 7 5 32 17 14 30 2 28 13 3 38 36 39 1 12 27 20 16 0 19 22 31 21 11 26],[6 5 13 26 18 36 20 1 15 0 39 23 29 22 4 27 21 7 19 34 31 25 28 2 3 10 35 9 12 37 8 16 30 17 32 14 24 33 38 11],31538,32624
greedy/lipa40a,294,32003,60,4636,0,[15 14 19 4 9 25 21 39 32 34 26 5 17 28 22 23 6 11 24 31 33 0 29 27 2 20 10 8 12 7 16 37 36 35 18 13 30 38 3 1],[6 5 13 26 18 36 20 1 15 0 39 23 29 22 4 27 21 7 19 34 31 25 28 2 3 10 35 9 12 37 8 16 30 17 32 14 24 33 38 11],31538,32757
steepest/lipa40a,294,32027,21,17160,1,[31 28 37 38 24 25 1 4 34 21 35 33 23 2 26 19 11 0 18 15 6 14 17 22 13 20 3 30 7 8 10 36 12 27 39 29 9 5 16 32],[6 5 13 26 18 36 20 1 15 0 39 23 29 22 4 27 21 7 19 34 31 25 28 2 3 10 35 9 12 37 8 16 30 17 32 14 24 33 38 11],31538,32757
greedy/lipa40a,295,31997,56,4783,0,[29 3 26 23 28 39 7 18 16 14 27 12 17 8 36 33 38 25 15 4 9 10 35 13 11 0 37 21 2 20 30 31 19 1 24 5 32 6 34 22],[6 5 13 26 18 36 20 1 15 0 39 23 29 22 4 27 21 7 19 34 31 25 28 2 3 10 35 9 12 37 8 16 30 17 32 14 24 33 38 11],31538,32777
steepest/lipa40a,295,31985,25,20280,4,[28 3 12 15 21 25 23 18 6 38 27 8 17 32 1 4 19 33 29 36 16 30 22 13 2 14 9 24 37 11 5 31 26 0 7 35 10 39 34 20],[6 5 13 26 18 36 20 1 15 0 39 23 29 22 4 27 21 7 19 34 31 25 28 2 3 10 35 9 12 37 8 16 30 17 32 14 24 33 38 11],31538,32777
greedy/lipa40a,296,32012,61,3617,1,[3 35 5 15 12 36 25 1 31 28 27 8 2 29 23 38 19 37 21 30 22 14 13 16 11 9 10 6 17 0 34 24 26 7 33 4 20 32 39 18],[6 5 13 26 18 36 20 1 15 0 39 23 29 22 4 27 21 7 19 34 31 25 28 2 3 10 35 9 12 37 8 16 30 17 32 14 24 33 38 11],31538,32597
steepest/lipa40a,296,32025,23,18720,1,[33 26 6 30 2 34 25 19 24 38 8 12 22 29 13 31 23 37 36 20 15 0 10 27 18 4 28 5 32 14 39 11 7 16 1 21 35 9 17 3],[6 5 13 26 18 36 20 1 15 0 39 23 29 22 4 27 21 7 19 34 31 25 28 2 3 10 35 9 12 37 8 16 30 17 32 14 24 33 38 11],31538,32597
greedy/lipa40a,297,32046,56,4521,0,[31 20 35 23 0 4 1 12 39 36 25 13 33 10 18 16 9 8 15 30 29 3 19 17 26 6 24 14 2 38 34 22 21 7 37 28 5 32 11 27],[6 5 13 26 18 36 20 1 15 0 39 23 29 22 4 27 21 7 19 34 31 25 28 2 3 10 35 9 12 37 8 16 30 17 32 14 24 33 38 11],31538,32637
steepest/lipa40a,297,31977,26,21060,0,[9 16 32 34 26 25 30 2 36 4 37 10 12 3 18 22 31 15 14 0 29 23 33 19 8 11 17 20 21 6 5 1 38 7 28 24 35 39 27 13],[6 5 13 26 18 36 20 1 15 0 39 23 29 22 4 27 21 7 19 34 31 25 28 2 3 10 35 9 12 37 8 16 30 17 32 14 24 33 38 11],31538,32637
greedy/lipa40a,298,31974,59,3277,0,[37 25 2 4 31 30 29 26 36 27 20 22 12 3 23 13 24 7 5 38 8 14 32 10 34 18 21 35 39 17 16 11 1 19 0 33 6 15 28 9],[6 5 13 26 18 36 20 1 15 0 39 23 29 22 4 27 21 7 19 34 31 25 28 2 3 10 35 9 12 37 8 16 30 17 32 14 24 33 38 11],31538,32757
steepest/lipa40a,298,32023,18,14820,3,[32 26 0 18 30 37 14 23 9 24 20 28 12 6 33 3 10 38 34 39 27 2 29 11 22 16 31 25 36 4 5 8 35 1 21 7 13 19 17 15],[6 5 13 26 18 36 20 1 15 0 39 23 29 22 4 27 21 7 19 34 31 25 28 2 3 10 35 9 12 37 8 16 30 17 32 14 24 33 38 11],31538,32757
greedy/lipa40a,299,32043,64,3458,0,[5 8 23 11 38 4 20 27 9 10 30 34 21 13 32 12 36 7 35 39 24 31 1 14 25 2 3 6 33 37 19 15 26 22 16 18 29 28 17 0],[6 5 13 26 18 36 20 1 15 0 39 23 29 22 4 27 21 7 19 34 31 25 28 2 3 10 35 9 12 37 8 16 30 17 32 14 24 33 38 11],31538,32801
steepest/lipa40a,299,31978,20,16380,4,[9 2 27 17 5 39 28 22 15 36 38 8 12 30 32 16 21 11 14 23 29 31 25 24 20 10 34 6 0 33 1 7 26 37 3 19 4 35 18 13],[6 5 13 26 18 36 20 1 15 0 39 23 29 22 4 27 21 7 19 34 31 25 28 2 3 10 35 9 12 37 8 16 30 17 32 14 24 33 38 11],31538,32801
greedy/lipa40a,300,32045,44,3547,0,[15 5 32 20 11 33 29 24 1 30 39 4 28 36 0 37 25 6 21 38 27 2 14 22 34 23 12 8 17 16 7 19 10 35 18 3 31 26 9 13],[6 5 13 26 18 36 20 1 15 0 39 23 29 22 4 27 21 7 19 34 31 25 28 2 3 10 35 9 12 37 8 16 30 17 32 14 24 33 38 11],31538,32696
steepest/lipa40a,300,31976,23,18720,2,[23 8 31 9 5 11 28 39 29 30 24 27 10 35 0 26 32 4 14 17 12 15 25 18 34 19 33 13 16 3 7 6 21 37 22 36 38 1 20 2],[6 5 13 26 18 36 20 1 15 0 39 23 29 22 4 27 21 7 19 34 31 25 28 2 3 10 35 9 12 37 8 16 30 17 32 14 24 33 38 11],31538,32696
greedy/lipa40a,301,31986,59,5747,0,[28 1 18 23 22 14 27 9 0 35 6 26 12 5 32 29 30 3 24 17 2 39 20 11 4 38 8 25 33 37 31 7 21 19 15 10 34 16 36 13],[6 5 13 26 18 36 20 1 15 0 39 23 29 22 4 27 21 7 19 34 31 25 28 2 3 10 35 9 12 37 8 16 30 17 32 14 24 33 38 11],31538,32602
steepest/lipa40a,301,31989,22,17940,2,[13 18 3 10 14 0 30 27 31 12 9 17 22 5 23 7 1 35 4 34 2 37 20 11 24 33 6 21 19 32 36 38 29 25 26 15 8 16 39 28],[6 5 13 26 18 36 20 1 15 0 39 23 29 22 4 27 21 7 19 34 31 25 28 2 3 10 35 9 12 37 8 16 30 17 32 14 24 33 38 11],31538,32602
greedy/lipa40a,302,32014,58,2581,0,[25 15 32 18 2 7 39 23 6 11 21 3 1 20 13 36 34 28 14 0 17 30 33 12 8 16 38 26 37 10 31 22 24 29 27 35 5 19 9 4],[6 5 13 26 18 36 20 1 15 0 39 23 29 22 4 27 21 7 19 34 31 25 28 2 3 10 35 9 12 37 8 16 30 17 32 14 24 33 38 11],31538,32743
steepest/lipa40a,302,31999,23,18720,2,[37 13 9 11 6 17 31 10 38 30 32 5 3 19 29 26 23 18 21 16 8 1 15 27 34 0 14 33 4 36 12 25 39 7 20 28 24 22 35 2],[6 5 13 26 18 36 20 1 15 0 39 23 29 22 4 27 21 7 19 34 31 25 28 2 3 10 35 9 12 37 8 16 30 17 32 14 24 33 38 11],31538,32743
greedy/lipa40a,303,31998,65,3798,0,[6 27 4 28 14 17 20 19 25 0 30 1 26 34 29 8 11 35 32 16 31 7 39 38 33 5 12 18 36 37 3 22 2 13 23 21 24 9 15 10],[6 5 13 26 18 36 20 1 15 0 39 23 29 22 4 27 21 7 19 34 31 25 28 2 3 10 35 9 12 37 8 16 30 17 32 14 24 33 38 11],31538,32742
steepest/lipa40a,303,31990,22,17940,0,[3 5 33 29 36 1 21 23 7 28 8 18 4 17 0 34 20 2 39 32 31 30 15 27 19 38 14 26 24 13 16 6 10 9 35 37 11 25 22 12],[6 5 13 26 18 36 20 1 15 0 39 23 29 22 4 27 21 7 19 34 31 25 28 2 3 10 35 9 12 37 8 16 30 17 32 14 24 33 38 11],31538,32742
greedy/lipa40a,304,31992,71,6532,0,[34 5 28 10 29 35 13 26 24 15 27 23 20 11 22 16 4 21 19 36 38 14 31 7 1 17 18 3 37 8 0 25 2 39 32 33 9 6 12 30],[6 5 13 26 18 36 20 1 15 0 39 23 29 22 4 27 21 7 19 34 31 25 28 2 3 10 35 9 12 37 8 16 30 17 32 14 24 33 38 11],31538,32764
steepest/lipa40a,304,32062,17,14040,5,[34 32 29 11 28 15 25 10 33 18 26 24 31 9 22 13 17 6 37 8 36 38 16 27 0 19 1 5 7 14 35 21 4 39 3 23 30 20 2 12],[6 5 13 26 18 36 20 1 15 0 39 23 29 22 4 27 21 7 19 34 31 25 28 2 3 10 35 9 12 37 8 16 30 17 32 14 24 33 38 11],31538,32764
greedy/lipa40a,305,31987,48,4945,0,[0 12 3 26 18 15 33 13 31 10 24 23 25 28 4 7 1 20 35 36 11 8 9 5 34 32 21 37 19 39 2 14 30 17 16 22 6 29 38 27],[6 5 13 26 18 36 20 1 15 0 39 23 29 22 4 27 21 7 19 34 31 25 28 2 3 10 35 9 12 37 8 16 30 17 32 14 24 33 38 11],31538,32599
steepest/lipa40a,305,31960,26,21060,0,[32 27 13 30 18 16 33 26 15 39 24 1 37 14 20 7 17 6 11 34 19 8 12 5 3 4 21 2 36 0 35 25 38 10 31 22 23 28 29 9],[6 5 13 26 18 36 20 1 15 0 39 23 29 22 4 27 21 7 19 34 31 25 28 2 3 10 35 9 12 37 8 16 30 17 32 14 24 33 38 11],31538,32599
greedy/lipa40a,306,31968,56,3758,0,[17 11 26 15 23 7 0 29 30 35 12 28 31 37 1 24 34 4 25 6 20 39 14 27 32 38 16 22 8 10 2 18 3 33 13 19 21 9 36 5],[6 5 13 26 18 36 20 1 15 0 39 23 29 22 4 27 21 7 19 34 31 25 28 2 3 10 35 9 12 37 8 16 30 17 32 14 24 33 38 11],31538,32748
steepest/lipa40a,306,32057,19,15600,4,[32 5 17 15 27 31 28 26 25 39 10 13 34 22 6 16 29 19 23 20 36 33 38 12 14 37 21 1 7 35 2 4 24 3 18 8 30 9 11 0],[6 5 13 26 18 36 20 1 15 0 39 23 29 22 4 27 21 7 19 34 31 25 28 2 3 10 35 9 12 37 8 16 30 17 32 14 24 33 38 11],31538,32748
greedy/lipa40a,307,32025,43,2741,0,[34 39 19 2 15 0 12 27 23 25 6 26 37 18 35 32 29 13 28 33 3 17 5 11 7 21 31 4 22 14 9 20 8 16 10 30 24 36 1 38],[6 5 13 26 18 36 20 1 15 0 39 23 29 22 4 27 21 7 19 34 31 25 28 2 3 10 35 9 12 37 8 16 30 17 32 14 24 33 38 11],31538,32665
steepest/lipa40a,307,32064,17,14040,2,[14 11 19 2 15 28 6 27 8 33 23 13 17 12 16 32 29 0 25 26 3 9 30 5 35 21 31 38 7 4 1 37 36 34 18 39 10 22 24 20],[6 5 13 26 18 36 20 1 15 0 39 23 29 22 4 27 21 7 19 34 31 25 28 2 3 10 35 9 12 37 8 16 30 17 32 14 24 33 38 11],31538,32665
greedy/lipa40a,308,32041,50,2118,0,[37 11 26 0 15 1 9 16 22 7 13 23 31 27 5 33 21 4 12 38 14 36 24 18 32 10 29 8 25 39 2 17 30 35 28 19 3 34 6 20],[6 5 13 26 18 36 20 1 15 0 39 23 29 22 4 27 21 7 19 34 31 25 28 2 3 10 35 9 12 37 8 16 30 17 32 14 24 33 38 11],31538,32623
steepest/lipa40a,308,32046,16,13260,0,[28 5 27 0 31 18 12 39 35 38 10 23 16 29 11 15 4 6 13 30 34 7 8 19 26 17 9 1 25 33 21 32 24 36 2 37 3 14 22 20],[6 5 13 26 18 36 20 1 15 0 39 23 29 22 4 27 21 7 19 34 31 25 28 2 3 10 35 9 12 37 8 16 30 17 32 14 24 33 38 11],31538,32623
greedy/lipa40a,309,31962,80,6291,0,[36 12 17 37 30 9 28 25 19 10 7 27 4 35 0 26 18 38 15 11 8 22 34 16 5 39 1 32 29 33 21 6 3 23 13 24 14 31 20 2],[6 5 13 26 18 36 20 1 15 0 39 23 29 22 4 27 21 7 19 34 31 25 28 2 3 10 35 9 12 37 8 16 30 17 32 14 24 33 38 11],31538,32763
steepest/lipa40a,309,32107,19,15600,0,[9 6 34 10 27 15 35 13 36 39 29 3 23 11 12 33 5 1 7 22 0 17 32 8 14 21 20 16 38 19 37 24 2 31 4 30 28 25 18 26],[6 5 13 26 18 36 20 1 15 0 39 23 29 22 4 27 21 7 19 34 31 25 28 2 3 10 35 9 12 37 8 16 30 17 32 14 24 33 38 11],31538,32763
greedy/lipa40a,310,32001,64,3866,0,[6 22 11 36 18 13 20 2 1 38 33 26 31 32 3 0 23 7 30 25 21 37 28 34 19 4 16 14 39 29 9 27 8 10 12 17 24 35 15 5],[6 5 13 26 18 36 20 1 15 0 39 23 29 22 4 27 21 7 19 34 31 25 28 2 3 10 35 9 12 37 8 16 30 17 32 14 24 33 38 11],31538,32754
steepest/lipa40a,310,32005,29,23400,7,[25 12 11 26 17 16 6 13 33 1 22 2 9 7 23 20 8 4 28 14 38 10 3 35 27 37 18 29 39 19 32 31 24 0 15 36 34 30 21 5],[6 5 13 26 18 36 20 1 15 0 39 23 29 22 4 27 21 7 19 34 31 25 28 2 3 10 35 9 12 37 8 16 30 17 32 14 24 33 38 11],31538,32754
greedy/lipa40a,311,31963,63,5086,0,[34 10 26 1 0 38 12 39 18 9 5 20 17 27 3 37 8 24 23 30 36 19 33 21 13 14 29 32 16 4 25 28 7 6 35 15 11 22 31 2],[6 5 13 26 18 36 20 1 15 0 39 23 29 22 4 27 21 7 19 34 31 25 28 2 3 10 35 9 12 37 8 16 30 17 32 14 24 33 38 11],31538,32685
steepest/lipa40a,311,31966,23,18720,0,[24 21 22 20 5 1 4 19 39 3 0 7 32 27 12 17 33 6 35 15 18 31 11 9 13 34 38 10 36 28 26 14 16 25 2 30 29 8 37 23],[6 5 13 26 18 36 20 1 15 0 39 23 29 22 4 27 21 7 19 34 31 25 28 2 3 10 35 9 12 37 8 16 30 17 32 14 24 33 38 11],31538,32685
greedy/lipa40a,312,31998,67,3549,0,[0 24 8 39 21 36 19 1 17 6 23 29 2 12 7 37 30 10 11 18 35 31 3 4 27 26 25 38 9 28 5 14 22 13 33 16 20 34 15 32],[6 5 13 26 18 36 20 1 15 0 39 23 29 22 4 27 21 7 19 34 31 25 28 2 3 10 35 9 12 37 8 16 30 17 32 14 24 33 38 11],31538,32656
steepest/lipa40a,312,32047,15,12480,0,[30 24 2 39 20 1 19 32 17 23 27 3 28 29 7 8 9 6 34 0 26 11 14 4 13 25 5 31 10 12 21 35 36 33 37 15 38 22 16 18],[6 5 13 26 18 36 20 1 15 0 39 23 29 22 4 27 21 7 19 34 31 25 28 2 3 10 35 9 12 37 8 16 30 17 32 14 24 33 38 11],31538,32656
greedy/lipa40a,313,32071,49,2865,0,[5 14 25 3 6 28 24 8 17 16 13 11 19 35 22 26 29 32 1 36 12 9 10 15 39 0 7 38 33 20 27 31 34 4 2 18 23 21 30 37],[6 5 13 26 18 36 20 1 15 0 39 23 29 22 4 27 21 7 19 34 31 25 28 2 3 10 35 9 12 37 8 16 30 17 32 14 24 33 38 11],31538,32699
steepest/lipa40a,313,32036,17,14040,6,[24 34 39 3 20 37 21 8 35 36 15 1 38 6 33 12 17 14 11 19 26 9 10 28 18 4 5 29 32 13 2 22 25 7 31 23 27 0 30 16],[6 5 13 26 18 36 20 1 15 0 39 23 29 22 4 27 21 7 19 34 31 25 28 2 3 10 35 9 12 37 8 16 30 17 32 14 24 33 38 11],31538,32699
greedy/lipa40a,314,32046,49,3261,0,[4 3 20 9 15 37 22 12 14 28 13 39 6 16 36 27 35 38 18 33 17 24 11 30 21 5 26 0 7 8 2 10 29 34 25 19 1 23 31 32],[6 5 13 26 18 36 20 1 15 0 39 23 29 22 4 27 21 7 19 34 31 25 28 2 3 10 35 9 12 37 8 16 30 17 32 14 24 33 38 11],31538,32607
steepest/lipa40a,314,32022,19,15600,2,[4 33 12 5 10 1 29 21 0 28 20 22 31 8 7 27 39 17 35 6 30 15 11 16 37 18 13 3 36 14 34 32 38 24 23 19 2 25 26 9],[6 5 13 26 18 36 20 1 15 0 39 23 29 22 4 27 21 7 19 34 31 25 28 2 3 10 35 9 12 37 8 16 30 17 32 14 24 33 38 11],31538,32607
greedy/lipa40a,315,32022,53,2634,0,[29 25 31 17 11 32 5 1 10 20 14 30 6 3 21 12 36 15 38 24 13 34 26 27 7 35 22 16 9 39 18 0 37 23 33 4 8 19 28 2],[6 5 13 26 18 36 20 1 15 0 39 23 29 22 4 27 21 7 19 34 31 25 28 2 3 10 35 9 12 37 8 16 30 17 32 14 24 33 38 11],31538,32814
steepest/lipa40a,315,32016,22,17940,0,[5 33 19 35 11 34 29 3 17 36 31 8 9 25 1 13 28 6 14 39 4 24 38 12 18 26 27 15 0 2 30 10 22 32 37 20 16 23 7 21],[6 5 13 26 18 36 20 1 15 0 39 23 29 22 4 27 21 7 19 34 31 25 28 2 3 10 35 9 12 37 8 16 30 17 32 14 24 33 38 11],31538,32814
greedy/lipa40a,316,31996,70,6990,0,[1 12 28 30 22 14 39 8 36 31 24 35 5 25 32 2 23 9 38 10 16 29 26 18 4 21 33 13 3 15 6 34 11 19 20 17 7 0 37 27],[6 5 13 26 18 36 20 1 15 0 39 23 29 22 4 27 21 7 19 34 31 25 28 2 3 10 35 9 12 37 8 16 30 17 32 14 24 33 38 11],31538,32785
steepest/lipa40a,316,31993,21,17160,6,[21 6 23 31 18 8 25 14 4 13 35 12 5 32 26 19 38 7 37 16 33 29 22 39 1 30 2 11 28 0 27 34 10 17 24 36 20 9 15 3],[6 5 13 26 18 36 20 1 15 0 39 23 29 22 4 27 21 7 19 34 31 25 28 2 3 10 35 9 12 37 8 16 30 17 32 14 24 33 38 11],31538,32785
greedy/lipa40a,317,31990,71,6356,0,[31 5 13 21 18 36 7 25 29 15 33 34 27 35 4 22 17 32 38 16 26 20 1 24 12 19 14 23 3 8 0 6 10 30 9 37 39 2 11 28],[6 5 13 26 18 36 20 1 15 0 39 23 29 22 4 27 21 7 19 34 31 25 28 2 3 10 35 9 12 37 8 16 30 17 32 14 24 33 38 11],31538,32773
steepest/lipa40a,317,32000,22,17940,3,[32 23 5 2 18 35 20 14 4 31 24 27 12 0 13 6 16 39 22 37 1 25 38 34 8 17 33 36 28 26 29 9 10 30 3 11 7 15 21 19],[6 5 13 26 18 36 20 1 15 0 39 23 29 22 4 27 21 7 19 34 31 25 28 2 3 10 35 9 12 37 8 16 30 17 32 14 24 33 38 11],31538,32773
greedy/lipa40a,318,32021,52,4210,0,[25 10 4 27 13 32 16 22 17 7 36 8 5 1 21 9 37 29 19 30 39 38 28 34 33 14 11 15 0 6 24 26 12 20 23 18 2 3 31 35],[6 5 13 26 18 36 20 1 15 0 39 23 29 22 4 27 21 7 19 34 31 25 28 2 3 10 35 9 12 37 8 16 30 17 32 14 24 33 38 11],31538,32709
steepest/lipa40a,318,32034,23,18720,0,[35 2 30 29 17 21 16 12 36 1 4 14 7 22 8 10 31 38 6 18 0 32 9 26 39 11 33 27 3 5 24 34 13 37 15 20 19 23 25 28],[6 5 13 26 18 36 20 1 15 0 39 23 29 22 4 27 21 7 19 34 31 25 28 2 3 10 35 9 12 37 8 16 30 17 32 14 24 33 38 11],31538,32709
greedy/lipa40a,319,32024,54,4307,4,[12 22 37 4 10 23 21 20 31 24 29 2 8 9 32 19 30 26 35 1 38 7 5 13 16 11 25 17 28 15 6 34 0 36 18 33 14 27 39 3],[6 5 13 26 18 36 20 1 15 0 39 23 29 22 4 27 21 7 19 34 31 25 28 2 3 10 35 9 12 37 8 16 30 17 32 14 24 33 38 11],31538,32676
steepest/lipa40a,319,32021,22,17940,0,[39 18 9 10 16 14 21 37 30 5 34 13 22 17 20 19 36 26 35 23 38 15 28 33 4 2 1 25 7 11 0 29 32 31 3 8 27 6 24 12],[6 5 13 26 18 36 20 1 15 0 39 23 29 22 4 27 21 7 19 34 31 25 28 2 3 10 35 9 12 37 8 16 30 17 32 14 24 33 38 11],31538,32676
greedy/lipa40a,320,32025,54,4380,0,[12 33 6 23 2 14 10 27 22 26 31 24 21 35 34 20 38 36 1 11 25 9 8 0 39 29 37 19 5 7 30 15 4 3 32 18 13 28 17 16],[6 5 13 26 18 36 20 1 15 0 39 23 29 22 4 27 21 7 19 34 31 25 28 2 3 10 35 9 12 37 8 16 30 17 32 14 24 33 38 11],31538,32648
steepest/lipa40a,320,32063,16,13260,0,[37 26 13 23 31 25 9 4 28 22 12 11 7 32 16 15 38 6 1 21 34 39 18 20 10 5 0 14 29 36 30 2 19 27 33 8 3 35 24 17],[6 5 13 26 18 36 20 1 15 0 39 23 29 22 4 27 21 7 19 34 31 25 28 2 3 10 35 9 12 37 8 16 30 17 32 14 24 33 38 11],31538,32648
greedy/lipa40a,321,32003,47,3268,0,[35 9 0 11 15 36 13 2 24 1 27 7 8 20 37 29 10 38 30 12 23 14 17 26 18 21 16 31 6 32 19 5 4 34 28 33 3 39 22 25],[6 5 13 26 18 36 20 1 15 0 39 23 29 22 4 27 21 7 19 34 31 25 28 2 3 10 35 9 12 37 8 16 30 17 32 14 24 33 38 11],31538,32640
steepest/lipa40a,321,31992,31,24960,3,[7 6 20 36 14 16 30 17 10 32 27 1 21 28 3 38 24 35 9 22 23 18 39 13 5 0 29 2 33 37 19 11 25 34 26 31 8 4 15 12],[6 5 13 26 18 36 20 1 15 0 39 23 29 22 4 27 21 7 19 34 31 25 28 2 3 10 35 9 12 37 8 16 30 17 32 14 24 33 38 11],31538,32640
greedy/lipa40a,322,32019,49,2600,0,[15 4 5 6 22 14 9 19 38 34 16 27 20 1 23 11 10 7 0 36 12 35 26 25 32 33 18 29 13 2 28 24 31 21 8 37 39 3 30 17],[6 5 13 26 18 36 20 1 15 0 39 23 29 22 4 27 21 7 19 34 31 25 28 2 3 10 35 9 12 37 8 16 30 17 32 14 24 33 38 11],31538,32636
steepest/lipa40a,322,32028,27,21840,2,[21 4 36 18 33 25 38 9 12 0 29 27 32 3 37 34 10 1 39 24 5 23 7 13 26 14 35 20 28 22 15 30 6 8 2 31 16 19 17 11],[6 5 13 26 18 36 20 1 15 0 39 23 29 22 4 27 21 7 19 34 31 25 28 2 3 10 35 9 12 37 8 16 30 17 32 14 24 33 38 11],31538,32636
greedy/lipa40a,323,32023,62,3847,0,[10 3 4 2 31 22 12 35 17 5 26 16 23 29 37 32 34 11 13 18 21 1 25 9 20 28 15 8 33 24 0 30 36 19 27 38 6 7 14 39],[6 5 13 26 18 36 20 1 15 0 39 23 29 22 4 27 21 7 19 34 31 25 28 2 3 10 35 9 12 37 8 16 30 17 32 14 24 33 38 11],31538,32731
steepest/lipa40a,323,31954,24,19500,0,[12 0 26 39 20 22 31 14 15 11 21 16 24 23 25 6 34 27 13 32 38 36 35 4 19 33 17 2 28 1 5 29 37 7 30 10 18 8 9 3],[6 5 13 26 18 36 20 1 15 0 39 23 29 22 4 27 21 7 19 34 31 25 28 2 3 10 35 9 12 37 8 16 30 17 32 14 24 33 38 11],31538,32731
greedy/lipa40a,324,32014,58,4588,0,[36 0 21 16 37 7 31 24 38 9 26 3 4 39 13 12 14 32 23 6 11 17 33 28 22 20 2 8 34 18 25 10 27 30 35 15 19 1 29 5],[6 5 13 26 18 36 20 1 15 0 39 23 29 22 4 27 21 7 19 34 31 25 28 2 3 10 35 9 12 37 8 16 30 17 32 14 24 33 38 11],31538,32667
steepest/lipa40a,324,32062,16,13260,6,[24 11 34 18 21 37 8 10 16 4 35 20 3 23 31 19 14 33 27 32 5 38 6 2 0 22 39 25 17 1 36 30 7 26 13 28 12 15 9 29],[6 5 13 26 18 36 20 1 15 0 39 23 29 22 4 27 21 7 19 34 31 25 28 2 3 10 35 9 12 37 8 16 30 17 32 14 24 33 38 11],31538,32667
greedy/lipa40a,325,32010,59,4420,0,[37 33 5 18 19 9 3 11 4 15 8 28 21 10 35 22 34 17 26 2 12 23 20 0 25 36 24 39 16 27 13 6 7 29 30 38 32 14 1 31],[6 5 13 26 18 36 20 1 15 0 39 23 29 22 4 27 21 7 19 34 31 25 28 2 3 10 35 9 12 37 8 16 30 17 32 14 24 33 38 11],31538,32675
steepest/lipa40a,325,32036,17,14040,3,[9 2 4 22 34 20 10 11 30 7 33 32 21 1 6 17 37 36 12 8 29 23 3 26 27 24 28 35 19 39 18 0 13 15 16 14 38 5 25 31],[6 5 13 26 18 36 20 1 15 0 39 23 29 22 4 27 21 7 19 34 31 25 28 2 3 10 35 9 12 37 8 16 30 17 32 14 24 33 38 11],31538,32675
greedy/lipa40a,326,32022,63,4390,0,[25 26 19 32 10 22 2 7 14 29 21 20 9 5 35 8 16 15 11 0 38 4 23 12 24 1 37 17 18 6 31 34 36 13 33 28 3 27 39 30],[6 5 13 26 18 36 20 1 15 0 39 23 29 22 4 27 21 7 19 34 31 25 28 2 3 10 35 9 12 37 8 16 30 17 32 14 24 33 38 11],31538,32765
steepest/lipa40a,326,32008,27,21840,6,[25 29 33 24 5 8 38 2 18 15 14 32 37 27 35 21 19 13 12 10 9 4 7 22 20 17 23 26 1 6 3 11 34 39 36 16 0 28 31 30],[6 5 13 26 18 36 20 1 15 0 39 23 29 22 4 27 21 7 19 34 31 25 28 2 3 10 35 9 12 37 8 16 30 17 32 14 24 33 38 11],31538,32765
greedy/lipa40a,327,31955,71,6169,1,[33 2 27 26 28 11 5 31 15 14 0 12 7 24 35 13 21 34 37 9 18 16 1 32 25 23 19 17 30 39 22 20 3 4 10 38 36 29 8 6],[6 5 13 26 18 36 20 1 15 0 39 23 29 22 4 27 21 7 19 34 31 25 28 2 3 10 35 9 12 37 8 16 30 17 32 14 24 33 38 11],31538,32677
steepest/lipa40a,327,31933,24,19500,1,[8 13 31 19 3 1 39 17 6 15 14 7 25 22 27 11 36 10 30 0 35 33 23 20 9 12 18 21 24 5 38 37 32 28 26 29 34 4 16 2],[6 5 13 26 18 36 20 1 15 0 39 23 29 22 4 27 21 7 19 34 31 25 28 2 3 10 35 9 12 37 8 16 30 17 32 14 24 33 38 11],31538,32677
greedy/lipa40a,328,31974,62,6571,0,[33 38 32 17 29 4 9 20 37 8 13 2 1 15 3 26 18 27 31 22 7 36 19 25 6 24 39 34 28 23 0 12 16 14 11 10 35 21 5 30],[6 5 13 26 18 36 20 1 15 0 39 23 29 22 4 27 21 7 19 34 31 25 28 2 3 10 35 9 12 37 8 16 30 17 32 14 24 33 38 11],31538,32671
steepest/lipa40a,328,32008,27,21840,2,[22 26 8 11 31 36 24 7 0 38 34 10 29 33 32 37 21 3 17 6 15 20 39 2 9 23 28 5 30 27 12 14 1 19 16 25 4 13 35 18],[6 5 13 26 18 36 20 1 15 0 39 23 29 22 4 27 21 7 19 34 31 25 28 2 3 10 35 9 12 37 8 16 30 17 32 14 24 33 38 11],31538,32671
greedy/lipa40a,329,32019,53,3204,0,[16 25 20 13 31 9 7 38 23 4 6 14 15 32 36 17 24 37 30 33 28 26 35 5 1 18 22 27 3 10 21 19 29 34 12 8 11 0 39 2],[6 5 13 26 18 36 20 1 15 0 39 23 29 22 4 27 21 7 19 34 31 25 28 2 3 10 35 9 12 37 8 16 30 17 32 14 24 33 38 11],31538,32676
steepest/lipa40a,329,32013,23,18720,5,[28 25 2 8 32 4 12 5 35 3 20 26 17 10 38 36 30 22 31 1 16 14 24 18 27 7 33 37 9 0 15 13 21 34 6 29 19 11 39 23],[6 5 13 26 18 36 20 1 15 0 39 23 29 22 4 27 21 7 19 34 31 25 28 2 3 10 35 9 12 37 8 16 30 17 32 14 24 33 38 11],31538,32676
greedy/lipa40a,330,31991,60,5917,3,[25 24 18 34 26 6 28 11 12 14 23 16 20 21 33 2 13 3 9 22 4 7 36 32 10 0 19 30 8 35 27 39 38 1 29 37 17 31 15 5],[6 5 13 26 18 36 20 1 15 0 39 23 29 22 4 27 21 7 19 34 31 25 28 2 3 10 35 9 12 37 8 16 30 17 32 14 24 33 38 11],31538,32773
steepest/lipa40a,330,32027,22,17940,3,[26 6 35 18 20 27 11 13 23 8 39 14 16 37 7 29 30 22 3 38 4 21 28 2 9 24 10 33 34 12 31 32 25 36 15 0 19 1 17 5],[6 5 13 26 18 36 20 1 15 0 39 23 29 22 4 27 21 7 19 34 31 25 28 2 3 10 35 9 12 37 8 16 30 17 32 14 24 33 38 11],31538,32773
greedy/lipa40a,331,32014,50,3328,0,[19 3 1 13 29 38 27 34 11 18 28 22 7 25 15 33 10 21 39 12 23 8 30 5 31 16 4 35 6 17 20 32 2 24 36 26 9 37 14 0],[6 5 13 26 18 36 20 1 15 0 39 23 29 22 4 27 21 7 19 34 31 25 28 2 3 10 35 9 12 37 8 16 30 17 32 14 24 33 38 11],31538,32839
steepest/lipa40a,331,31990,22,17940,2,[12 3 20 14 26 29 9 5 18 11 28 15 31 27 10 16 13 35 6 17 25 39 30 34 32 2 37 22 23 36 33 1 8 21 24 19 4 0 7 38],[6 5 13 26 18 36 20 1 15 0 39 23 29 22 4 27 21 7 19 34 31 25 28 2 3 10 35 9 12 37 8 16 30 17 32 14 24 33 38 11],31538,32839
greedy/lipa40a,332,32006,58,3226,0,[19 16 28 31 4 38 30 15 25 12 5 7 27 0 11 2 1 23 22 20 29 39 26 24 8 36 21 14 33 35 18 34 37 6 3 9 32 10 17 13],[6 5 13 26 18 36 20 1 15 0 39 23 29 22 4 27 21 7 19 34 31 25 28 2 3 10 35 9 12 37 8 16 30 17 32 14 24 33 38 11],31538,32767
steepest/lipa40a,332,32025,24,19500,2,[38 1 20 34 25 39 27 22 0 26 31 13 30 37 11 10 7 9 16 21 5 17 36 2 12 33 8 19 29 24 18 23 14 6 28 35 4 3 15 32],[6 5 13 26 18 36 20 1 15 0 39 23 29 22 4 27 21 7 19 34 31 25 28 2 3 10 35 9 12 37 8 16 30 17 32 14 24 33 38 11],31538,32767
greedy/lipa40a,333,32009,57,7767,0,[32 18 12 3 26 25 30 35 17 7 31 29 15 28 20 38 0 24 10 13 1 19 6 11 27 8 9 34 5 37 33 36 14 21 2 16 23 22 4 39],[6 5 13 26 18 36 20 1 15 0 39 23 29 22 4 27 21 7 19 34 31 25 28 2 3 10 35 9 12 37 8 16 30 17 32 14 24 33 38 11],31538,32716
steepest/lipa40a,333,32010,25,20280,3,[34 3 33 19 10 38 31 9 12 13 2 22 37 35 29 11 14 17 39 24 28 18 8 20 5 36 21 23 7 15 27 16 1 0 25 4 32 30 6 26],[6 5 13 26 18 36 20 1 15 0 39 23 29 22 4 27 21 7 19 34 31 25 28 2 3 10 35 9 12 37 8 16 30 17 32 14 24 33 38 11],31538,32716
greedy/lipa40a,334,32031,47,3082,0,[2 9 14 38 1 19 39 17 37 29 20 27 30 11 0 36 16 32 13 5 31 15 12 23 24 35 21 25 7 33 18 6 3 34 4 8 28 10 22 26],[6 5 13 26 18 36 20 1 15 0 39 23 29 22 4 27 21 7 19 34 31 25 28 2 3 10 35 9 12 37 8 16 30 17 32 14 24 33 38 11],31538,32665
steepest/lipa40a,334,32010,24,19500,2,[5 34 33 31 22 24 39 6 7 37 13 16 1 30 36 18 20 14 28 25 4 10 11 8 12 17 0 3 27 9 19 35 29 2 26 38 32 15 23 21],[6 5 13 26 18 36 20 1 15 0 39 23 29 22 4 27 21 7 19 34 31 25 28 2 3 10 35 9 12 37 8 16 30 17 32 14 24 33 38 11],31538,32665
greedy/lipa40a,335,31970,63,4393,1,[33 26 34 17 14 6 9 31 37 39 22 12 28 32 27 0 5 15 2 25 21 36 16 35 19 4 24 1 38 20 18 3 7 29 13 23 8 11 30 10],[6 5 13 26 18 36 20 1 15 0 39 23 29 22 4 27 21 7 19 34 31 25 28 2 3 10 35 9 12 37 8 16 30 17 32 14 24 33 38 11],31538,32746
steepest/lipa40a,335,32035,18,14820,1,[18 5 31 4 14 2 20 37 6 34 39 13 38 1 21 11 27 9 15 0 7 25 8 35 32 29 22 17 30 33 16 26 12 10 3 19 24 36 28 23],[6 5 13 26 18 36 20 1 15 0 39 23 29 22 4 27 21 7 19 34 31 25 28 2 3 10 35 9 12 37 8 16 30 17 32 14 24 33 38 11],31538,32746
greedy/lipa40a,336,32057,50,3868,0,[29 18 0 30 1 34 21 37 28 22 17 36 15 33 26 23 11 16 2 3 9 27 4 19 6 31 20 13 14 38 32 8 10 35 12 5 7 24 39 25],[6 5 13 26 18 36 20 1 15 0 39 23 29 22 4 27 21 7 19 34 31 25 28 2 3 10 35 9 12 37 8 16 30 17 32 14 24 33 38 11],31538,32677
steepest/lipa40a,336,32070,17,14040,3,[1 18 13 30 28 32 21 37 7 12 17 22 29 19 20 23 10 27 14 2 16 0 26 4 8 3 5 24 39 11 31 25 38 15 9 6 36 34 35 33],[6 5 13 26 18 36 20 1 15 0 39 23 29 22 4 27 21 7 19 34 31 25 28 2 3 10 35 9 12 37 8 16 30 17 32 14 24 33 38 11],31538,32677
greedy/lipa40a,337,32017,54,5139,1,[25 16 18 35 2 8 11 14 23 6 36 4 7 29 34 20 30 12 33 38 13 21 39 26 9 22 31 5 17 19 37 32 24 3 1 0 10 15 28 27],[6 5 13 26 18 36 20 1 15 0 39 23 29 22 4 27 21 7 19 34 31 25 28 2 3 10 35 9 12 37 8 16 30 17 32 14 24 33 38 11],31538,32613
steepest/lipa40a,337,32072,19,15600,2,[10 18 4 35 33 6 16 31 19 1 30 20 21 9 34 17 28 37 23 38 27 36 39 26 5 25 24 8 14 2 32 15 22 3 12 0 29 11 7 13],[6 5 13 26 18 36 20 1 15 0 39 23 29 22 4 27 21 7 19 34 31 25 28 2 3 10 35 9 12 37 8 16 30 17 32 14 24 33 38 11],31538,32613
greedy/lipa40a,338,32052,55,2804,2,[19 2 18 22 21 11 1 33 25 38 3 20 24 26 28 39 16 23 0 14 17 35 6 31 30 13 5 32 15 37 12 4 7 27 34 9 10 29 8 36],[6 5 13 26 18 36 20 1 15 0 39 23 29 22 4 27 21 7 19 34 31 25 28 2 3 10 35 9 12 37 8 16 30 17 32 14 24 33 38 11],31538,32784
steepest/lipa40a,338,31990,26,21060,0,[38 6 18 30 2 8 39 36 29 14 12 20 33 28 32 25 17 10 16 15 5 9 19 23 27 4 37 26 21 0 35 24 7 22 34 13 31 1 3 11],[6 5 13 26 18 36 20 1 15 0 39 23 29 22 4 27 21 7 19 34 31 25 28 2 3 10 35 9 12 37 8 16 30 17 32 14 24 33 38 11],31538,32784
greedy/lipa40a,339,32027,54,5860,0,[36 6 3 33 26 4 18 35 14 19 30 13 1 29 20 7 28 9 15 25 34 17 32 12 11 2 23 16 27 38 5 37 21 8 0 31 10 39 22 24],[6 5 13 26 18 36 20 1 15 0 39 23 29 22 4 27 21 7 19 34 31 25 28 2 3 10 35 9 12 37 8 16 30 17 32 14 24 33 38 11],31538,32645
steepest/lipa40a,339,32021,23,18720,4,[3 17 37 11 2 0 18 35 8 28 31 13 14 12 7 26 15 30 22 9 21 1 29 33 25 6 34 36 16 5 24 32 20 23 39 38 10 27 19 4],[6 5 13 26 18 36 20 1 15 0 39 23 29 22 4 27 21 7 19 34 31 25 28 2 3 10 35 9 12 37 8 16 30 17 32 14 24 33 38 11],31538,32645
greedy/lipa40a,340,32022,67,5793,0,[4 1 27 34 2 13 8 30 35 28 25 5 26 36 11 0 9 39 22 37 17 18 33 21 32 24 23 20 6 31 10 12 3 29 14 19 38 7 15 16],[6 5 13 26 18 36 20 1 15 0 39 23 29 22 4 27 21 7 19 34 31 25 28 2 3 10 35 9 12 37 8 16 30 17 32 14 24 33 38 11],31538,32767
steepest/lipa40a,340,32018,27,21840,0,[14 20 12 34 31 35 10 2 38 29 25 9 6 23 18 21 26 7 11 37 22 16 17 4 32 28 3 1 24 0 8 30 36 33 39 19 5 13 15 27],[6 5 13 26 18 36 20 1 15 0 39 23 29 22 4 27 21 7 19 34 31 25 28 2 3 10 35 9 12 37 8 16 30 17 32 14 24 33 38 11],31538,32767
greedy/lipa40a,341,32017,62,4736,0,[22 20 5 26 23 3 10 31 38 2 35 16 6 32 18 21 34 39 17 14 27 36 15 0 37 30 24 28 13 4 8 9 29 33 25 19 1 7 11 12],[6 5 13 26 18 36 20 1 15 0 39 23 29 22 4 27 21 7 19 34 31 25 28 2 3 10 35 9 12 37 8 16 30 17 32 14 24 33 38 11],31538,32735
steepest/lipa40a,341,32024,22,17940,0,[35 18 26 20 36 23 4 21 9 6 1 27 24 16 39 17 7 34 15 2 31 14 19 32 28 38 11 8 13 3 37 30 5 22 10 29 0 33 25 12],[6 5 13 26 18 36 20 1 15 0 39 23 29 22 4 27 21 7 19 34 31 25 28 2 3 10 35 9 12 37 8 16 30 17 32 14 24 33 38 11],31538,32735
greedy/lipa40a,342,31949,54,6144,0,[32 7 27 16 8 21 20 39 15 30 19 6 13 23 1 14 31 37 28 25 0 9 35 3 4 26 10 11 5 24 38 12 34 33 2 17 29 22 36 18],[6 5 13 26 18 36 20 1 15 0 39 23 29 22 4 27 21 7 19 34 31 25 28 2 3 10 35 9 12 37 8 16 30 17 32 14 24 33 38 11],31538,32586
steepest/lipa40a,342,31996,19,15600,3,[32 37 33 15 29 30 16 26 36 31 27 17 13 11 8 35 19 5 12 10 1 38 24 18 20 23 7 3 4 25 39 34 22 2 6 14 0 9 21 28],[6 5 13 26 18 36 20 1 15 0 39 23 29 22 4 27 21 7 19 34 31 25 28 2 3 10 35 9 12 37 8 16 30 17 32 14 24 33 38 11],31538,32586
greedy/lipa40a,343,31989,68,5237,0,[29 1 25 12 37 10 34 21 32 14 31 27 4 2 39 17 7 26 13 16 11 0 38 3 28 18 22 36 20 15 24 9 30 35 5 6 8 23 19 33],[6 5 13 26 18 36 20 1 15 0 39 23 29 22 4 27 21 7 19 34 31 25 28 2 3 10 35 9 12 37 8 16 30 17 32 14 24 33 38 11],31538,32879
steepest/lipa40a,343,32066,17,14040,0,[10 12 19 7 30 15 13 28 9 1 24 11 32 26 25 27 6 38 16 39 31 17 4 5 3 37 22 36 29 18 20 14 35 23 8 0 33 34 21 2],[6 5 13 26 18 36 20 1 15 0 39 23 29 22 4 27 21 7 19 34 31 25 28 2 3 10 35 9 12 37 8 16 30 17 32 14 24 33 38 11],31538,32879
greedy/lipa40a,344,32051,62,5065,0,[22 21 11 19 5 24 29 16 20 38 0 27 31 30 10 9 28 4 7 35 32 15 12 18 26 2 25 3 13 14 39 36 37 34 33 17 23 8 6 1],[6 5 13 26 18 36 20 1 15 0 39 23 29 22 4 27 21 7 19 34 31 25 28 2 3 10 35 9 12 37 8 16 30 17 32 14 24 33 38 11],31538,32764
steepest/lipa40a,344,32027,22,17940,6,[0 5 3 12 33 24 25 34 10 17 16 27 38 35 9 31 18 1 13 39 32 8 21 28 22 20 6 2 15 29 26 36 23 14 30 4 37 7 11 19],[6 5 13 26 18 36 20 1 15 0 39 23 29 22 4 27 21 7 19 34 31 25 28 2 3 10 35 9 12 37 8 16 30 17 32 14 24 33 38 11],31538,32764
greedy/lipa40a,345,32003,69,3989,0,[20 31 2 25 10 34 21 18 38 37 32 14 28 1 11 33 22 27 30 13 8 9 23 19 16 4 17 26 24 0 29 12 36 5 7 35 15 39 6 3],[6 5 13 26 18 36 20 1 15 0 39 23 29 22 4 27 21 7 19 34 31 25 28 2 3 10 35 9 12 37 8 16 30 17 32 14 24 33 38 11],31538,32773
steepest/lipa40a,345,32048,22,17940,1,[9 11 13 32 27 31 10 33 2 12 15 30 25 6 20 28 24 18 38 4 19 39 22 14 17 34 8 36 26 5 35 37 23 3 7 16 0 1 29 21],[6 5 13 26 18 36 20 1 15 0 39 23 29 22 4 27 21 7 19 34 31 25 28 2 3 10 35 9 12 37 8 16 30 17 32 14 24 33 38 11],31538,32773
greedy/lipa40a,346,32027,54,4978,0,[30 29 28 1 4 3 5 39 36 18 17 2 26 19 11 14 10 25 8 0 12 15 33 38 23 27 9 13 32 7 24 34 16 6 37 21 20 22 31 35],[6 5 13 26 18 36 20 1 15 0 39 23 29 22 4 27 21 7 19 34 31 25 28 2 3 10 35 9 12 37 8 16 30 17 32 14 24 33 38 11],31538,32708
steepest/lipa40a,346,32102,16,13260,0,[23 26 28 4 25 7 10 29 16 32 38 11 2 30 39 34 3 18 8 15 12 24 33 21 13 14 19 5 1 6 37 9 17 22 0 20 36 27 35 31],[6 5 13 26 18 36 20 1 15 0 39 23 29 22 4 27 21 7 19 34 31 25 28 2 3 10 35 9 12 37 8 16 30 17 32 14 24 33 38 11],31538,32708
greedy/lipa40a,347,32010,51,4136,0,[4 13 20 25 10 29 21 1 7 24 3 6 8 35 16 23 32 2 5 37 17 31 9 26 39 36 28 12 15 27 14 38 0 34 11 18 22 33 30 19],[6 5 13 26 18 36 20 1 15 0 39 23 29 22 4 27 21 7 19 34 31 25 28 2 3 10 35 9 12 37 8 16 30 17 32 14 24 33 38 11],31538,32745
steepest/lipa40a,347,31986,27,21840,0,[22 9 3 27 8 32 4 1 21 11 20 26 10 23 25 17 24 37 33 0 14 13 28 5 35 7 12 29 15 6 31 34 38 39 16 18 2 36 30 19],[6 5 13 26 18 36 20 1 15 0 39 23 29 22 4 27 21 7 19 34 31 25 28 2 3 10 35 9 12 37 8 16 30 17 32 14 24 33 38 11],31538,32745
greedy/lipa40a,348,32029,55,4082,0,[8 7 5 3 19 4 25 23 38 26 21 32 33 10 31 24 1 34 0 13 2 30 22 39 29 16 11 14 17 20 27 28 15 12 35 9 37 6 36 18],[6 5 13 26 18 36 20 1 15 0 39 23 29 22 4 27 21 7 19 34 31 25 28 2 3 10 35 9 12 37 8 16 30 17 32 14 24 33 38 11],31538,32695
steepest/lipa40a,348,32054,18,14820,8,[7 35 1 34 20 23 8 19 24 6 11 14 32 5 2 0 10 27 4 3 33 12 28 26 38 30 31 36 37 22 15 29 25 13 17 9 18 21 39 16],[6 5 13 26 18 36 20 1 15 0 39 23 29 22 4 27 21 7 19 34 31 25 28 2 3 10 35 9 12 37 8 16 30 17 32 14 24 33 38 11],31538,32695
greedy/lipa40a,349,31993,67,6793,0,[35 37 6 33 27 38 10 12 14 28 20 26 17 11 19 31 4 0 29 13 22 1 2 18 16 23 24 7 30 36 25 15 21 9 5 34 39 32 8 3],[6 5 13 26 18 36 20 1 15 0 39 23 29 22 4 27 21 7 19 34 31 25 28 2 3 10 35 9 12 37 8 16 30 17 32 14 24 33 38 11],31538,32793
steepest/lipa40a,349,32073,20,16380,0,[34 16 23 20 32 35 22 38 14 15 37 10 19 3 26 4 29 1 21 33 28 31 0 24 7 9 8 11 17 2 25 12 39 30 5 18 36 6 13 27],[6 5 13 26 18 36 20 1 15 0 39 23 29 22 4 27 21 7 19 34 31 25 28 2 3 10 35 9 12 37 8 16 30 17 32 14 24 33 38 11],31538,32793
greedy/lipa40a,350,32017,59,5091,0,[14 26 23 22 0 15 30 9 19 25 5 16 3 24 17 13 33 37 34 38 20 18 32 28 7 21 36 39 1 8 2 12 6 4 11 27 35 29 31 10],[6 5 13 26 18 36 20 1 15 0 39 23 29 22 4 27 21 7 19 34 31 25 28 2 3 10 35 9 12 37 8 16 30 17 32 14 24 33 38 11],31538,32660
steepest/lipa40a,350,32014,19,15600,2,[33 4 32 31 18 28 20 26 23 8 27 13 22 39 5 12 30 24 25 2 34 38 6 11 36 19 14 3 15 35 16 37 10 0 9 1 7 29 17 21],[6 5 13 26 18 36 20 1 15 0 39 23 29 22 4 27 21 7 19 34 31 25 28 2 3 10 35 9 12 37 8 16 30 17 32 14 24 33 38 11],31538,32660
greedy/lipa40a,351,31979,58,4342,0,[16 8 20 21 39 11 37 1 17 2 22 24 28 13 0 6 9 18 26 29 12 35 34 3 27 19 31 23 7 30 15 4 10 5 33 38 25 36 14 32],[6 5 13 26 18 36 20 1 15 0 39 23 29 22 4 27 21 7 19 34 31 25 28 2 3 10 35 9 12 37 8 16 30 17 32 14 24 33 38 11],31538,32711
steepest/lipa40a,351,31999,26,21060,2,[30 2 27 20 39 36 35 6 32 23 22 33 16 15 28 12 24 37 18 29 10 1 14 3 13 9 19 11 34 8 0 4 17 5 26 25 38 21 7 31],[6 5 13 26 18 36 20 1 15 0 39 23 29 22 4 27 21 7 19 34 31 25 28 2 3 10 35 9 12 37 8 16 30 17 32 14 24 33 38 11],31538,32711
greedy/lipa40a,352,31959,60,4704,2,[26 19 3 5 12 35 36 39 14 7 31 20 38 13 8 37 32 23 17 29 30 10 6 11 27 1 9 28 21 15 33 22 24 0 4 18 16 25 34 2],[6 5 13 26 18 36 20 1 15 0 39 23 29 22 4 27 21 7 19 34 31 25 28 2 3 10 35 9 12 37 8 16 30 17 32 14 24 33 38 11],31538,32667
steepest/lipa40a,352,31973,27,21840,1,[2 3 22 5 26 16 39 13 6 23 27 1 18 29 37 14 36 9 24 0 32 17 28 10 11 12 21 4 33 19 20 30 38 8 7 31 15 25 34 35],[6 5 13 26 18 36 20 1 15 0 39 23 29 22 4 27 21 7 19 34 31 25 28 2 3 10 35 9 12 37 8 16 30 17 32 14 24 33 38 11],31538,32667
greedy/lipa40a,353,32026,56,3113,0,[17 0 37 27 25 7 4 22 8 18 21 14 19 33 5 13 30 28 3 26 12 38 1 36 10 20 2 15 11 16 34 39 29 6 35 31 9 32 24 23],[6 5 13 26 18 36 20 1 15 0 39 23 29 22 4 27 21 7 19 34 31 25 28 2 3 10 35 9 12 37 8 16 30 17 32 14 24 33 38 11],31538,32671
steepest/lipa40a,353,32040,19,15600,0,[34 30 26 21 22 1 5 32 33 15 18 23 9 25 13 28 8 7 12 14 3 20 19 27 31 37 16 10 6 36 0 24 38 29 17 35 39 2 11 4],[6 5 13 26 18 36 20 1 15 0 39 23 29 22 4 27 21 7 19 34 31 25 28 2 3 10 35 9 12 37 8 16 30 17 32 14 24 33 38 11],31538,32671
greedy/lipa40a,354,31981,61,5316,5,[9 4 37 23 26 10 17 22 8 39 16 0 14 27 31 19 33 29 35 7 11 38 15 13 36 1 25 5 24 18 2 34 21 12 3 32 28 6 30 20],[6 5 13 26 18 36 20 1 15 0 39 23 29 22 4 27 21 7 19 34 31 25 28 2 3 10 35 9 12 37 8 16 30 17 32 14 24 33 38 11],31538,32791
steepest/lipa40a,354,31970,27,21840,5,[3 5 27 2 26 35 31 29 20 12 18 34 14 7 6 10 24 30 16 22 38 32 36 25 15 1 39 37 33 19 23 0 8 21 28 13 17 11 4 9],[6 5 13 26 18 36 20 1 15 0 39 23 29 22 4 27 21 7 19 34 31 25 28 2 3 10 35 9 12 37 8 16 30 17 32 14 24 33 38 11],31538,32791
greedy/lipa40a,355,32009,51,3399,0,[7 31 24 13 20 33 6 30 15 32 23 16 17 19 10 5 21 27 28 36 3 35 22 0 1 25 8 39 34 9 38 18 29 37 2 11 4 14 12 26],[6 5 13 26 18 36 20 1 15 0 39 23 29 22 4 27 21 7 19 34 31 25 28 2 3 10 35 9 12 37 8 16 30 17 32 14 24 33 38 11],31538,32689
steepest/lipa40a,355,32064,19,15600,2,[17 33 11 18 5 38 24 30 1 8 23 32 9 0 27 29 22 4 19 31 16 25 28 39 3 36 35 2 15 13 37 6 7 10 26 14 12 20 21 34],[6 5 13 26 18 36 20 1 15 0 39 23 29 22 4 27 21 7 19 34 31 25 28 2 3 10 35 9 12 37 8 16 30 17 32 14 24 33 38 11],31538,32689
greedy/lipa40a,356,32004,49,4332,0,[35 24 27 32 21 29 8 5 28 1 20 31 10 19 9 14 3 34 6 4 25 26 33 18 17 15 39 37 2 13 16 36 22 30 11 12 23 38 7 0],[6 5 13 26 18 36 20 1 15 0 39 23 29 22 4 27 21 7 19 34 31 25 28 2 3 10 35 9 12 37 8 16 30 17 32 14 24 33 38 11],31538,32597
steepest/lipa40a,356,32038,19,15600,0,[9 39 27 26 32 5 8 30 28 36 17 21 29 4 6 14 3 22 20 35 25 31 24 16 23 34 1 37 33 18 7 0 13 15 11 19 12 10 38 2],[6 5 13 26 18 36 20 1 15 0 39 23 29 22 4 27 21 7 19 34 31 25 28 2 3 10 35 9 12 37 8 16 30 17 32 14 24 33 38 11],31538,32597
greedy/lipa40a,357,31986,47,2443,0,[6 7 13 11 19 10 2 26 15 0 32 34 29 27 1 28 21 4 3 8 12 38 24 39 20 36 14 5 17 22 35 25 31 33 9 16 23 30 37 18],[6 5 13 26 18 36 20 1 15 0 39 23 29 22 4 27 21 7 19 34 31 25 28 2 3 10 35 9 12 37 8 16 30 17 32 14 24 33 38 11],31538,32760
steepest/lipa40a,357,31978,23,18720,0,[33 13 12 10 7 31 24 26 25 6 38 16 5 3 29 0 1 30 27 14 21 8 2 39 22 32 11 19 34 20 18 23 37 9 28 15 4 17 36 35],[6 5 13 26 18 36 20 1 15 0 39 23 29 22 4 27 21 7 19 34 31 25 28 2 3 10 35 9 12 37 8 16 30 17 32 14 24 33 38 11],31538,32760
greedy/lipa40a,358,32006,43,2662,0,[37 25 6 5 26 29 28 27 15 20 33 14 31 1 0 12 35 3 22 34 19 21 11 16 7 2 24 23 30 4 17 36 38 8 39 18 9 13 10 32],[6 5 13 26 18 36 20 1 15 0 39 23 29 22 4 27 21 7 19 34 31 25 28 2 3 10 35 9 12 37 8 16 30 17 32 14 24 33 38 11],31538,32616
steepest/lipa40a,358,31949,23,18720,8,[19 21 11 36 26 14 4 20 31 38 35 32 9 18 33 5 23 37 22 30 25 24 29 27 2 12 13 1 0 6 15 8 34 7 3 39 28 16 10 17],[6 5 13 26 18 36 20 1 15 0 39 23 29 22 4 27 21 7 19 34 31 25 28 2 3 10 35 9 12 37 8 16 30 17 32 14 24 33 38 11],31538,32616
greedy/lipa40a,359,32071,44,3194,0,[15 12 28 18 16 10 6 3 36 19 13 22 14 29 4 20 31 33 32 26 24 1 23 7 9 11 30 39 35 0 8 2 38 5 21 25 27 34 17 37],[6 5 13 26 18 36 20 1 15 0 39 23 29 22 4 27 21 7 19 34 31 25 28 2 3 10 35 9 12 37 8 16 30 17 32 14 24 33 38 11],31538,32739
steepest/lipa40a,359,32064,20,16380,0,[20 13 18 30 14 7 22 31 24 36 8 3 33 29 27 39 10 37 5 19 16 17 34 0 9 21 15 26 6 11 1 25 2 32 4 38 28 12 23 35],[6 5 13 26 18 36 20 1 15 0 39 23 29 22 4 27 21 7 19 34 31 25 28 2 3 10 35 9 12 37 8 16 30 17 32 14 24 33 38 11],31538,32739
greedy/lipa40a,360,32062,50,2977,0,[25 18 30 10 29 33 21 1 20 6 9 27 28 0 39 34 35 13 26 24 12 38 8 19 5 22 37 3 36 15 14 4 17 2 16 11 31 32 7 23],[6 5 13 26 18 36 20 1 15 0 39 23 29 22 4 27 21 7 19 34 31 25 28 2 3 10 35 9 12 37 8 16 30 17 32 14 24 33 38 11],31538,32697
steepest/lipa40a,360,31943,28,22620,0,[14 1 37 4 10 29 21 35 32 38 31 27 8 12 33 19 16 15 13 7 20 9 17 26 18 34 30 25 28 0 3 6 5 36 22 39 11 2 24 23],[6 5 13 26 18 36 20 1 15 0 39 23 29 22 4 27 21 7 19 34 31 25 28 2 3 10 35 9 12 37 8 16 30 17 32 14 24 33 38 11],31538,32697
greedy/lipa40a,361,32054,60,3972,0,[10 4 22 11 28 16 26 9 6 18 15 25 7 0 1 27 38 34 24 19 2 13 31 12 8 3 36 29 39 21 23 35 33 32 37 14 20 30 17 5],[6 5 13 26 18 36 20 1 15 0 39 23 29 22 4 27 21 7 19 34 31 25 28 2 3 10 35 9 12 37 8 16 30 17 32 14 24 33 38 11],31538,32778
steepest/lipa40a,361,31976,28,22620,8,[24 2 4 1 13 38 35 32 6 12 29 23 17 9 39 25 0 37 21 30 14 34 7 3 26 8 15 16 20 11 31 5 33 22 19 18 28 27 10 36],[6 5 13 26 18 36 20 1 15 0 39 23 29 22 4 27 21 7 19 34 31 25 28 2 3 10 35 9 12 37 8 16 30 17 32 14 24 33 38 11],31538,32778
greedy/lipa40a,362,31971,61,3548,0,[34 2 3 24 7 8 1 19 6 11 29 27 14 9 28 39 12 18 0 4 33 35 16 13 5 25 15 22 20 10 31 21 37 26 23 38 30 17 36 32],[6 5 13 26 18 36 20 1 15 0 39 23 29 22 4 27 21 7 19 34 31 25 28 2 3 10 35 9 12 37 8 16 30 17 32 14 24 33 38 11],31538,32789
steepest/lipa40a,362,31989,26,21060,0,[16 26 11 21 20 0 1 19 29 38 8 3 34 37 27 33 22 10 4 25 6 31 28 2 13 14 36 12 23 35 39 5 24 7 17 15 18 32 30 9],[6 5 13 26 18 36 20 1 15 0 39 23 29 22 4 27 21 7 19 34 31 25 28 2 3 10 35 9 12 37 8 16 30 17 32 14 24 33 38 11],31538,32789
greedy/lipa40a,363,32042,51,3841,0,[9 24 21 14 34 22 38 4 3 35 12 30 36 2 18 25 13 37 7 1 11 28 20 27 32 31 39 8 26 0 29 10 6 15 23 19 16 17 33 5],[6 5 13 26 18 36 20 1 15 0 39 23 29 22 4 27 21 7 19 34 31 25 28 2 3 10 35 9 12 37 8 16 30 17 32 14 24 33 38 11],31538,32732
steepest/lipa40a,363,32063,19,15600,0,[9 13 4 39 30 38 34 3 19 36 21 20 5 32 0 28 33 7 10 31 11 27 18 25 6 1 2 22 14 15 12 17 35 23 8 37 26 24 16 29],[6 5 13 26 18 36 20 1 15 0 39 23 29 22 4 27 21 7 19 34 31 25 28 2 3 10 35 9 12 37 8 16 30 17 32 14 24 33 38 11],31538,32732
greedy/lipa40a,364,32004,62,4378,7,[39 29 17 19 25 38 10 26 4 9 2 15 20 12 33 16 6 18 13 28 14 7 21 35 0 22 8 23 3 5 24 32 34 1 31 37 36 30 11 27],[6 5 13 26 18 36 20 1 15 0 39 23 29 22 4 27 21 7 19 34 31 25 28 2 3 10 35 9 12 37 8 16 30 17 32 14 24 33 38 11],31538,32746
steepest/lipa40a,364,32007,21,17160,1,[30 18 34 28 29 4 1 25 21 23 10 22 36 17 20 33 15 27 7 0 14 5 26 31 8 24 11 6 32 38 12 37 2 16 9 19 35 13 39 3],[6 5 13 26 18 36 20 1 15 0 39 23 29 22 4 27 21 7 19 34 31 25 28 2 3 10 35 9 12 37 8 16 30 17 32 14 24 33 38 11],31538,32746
greedy/lipa40a,365,32006,50,3383,0,[32 28 35 1 5 9 6 31 7 3 4 16 22 15 2 24 25 0 17 20 23 30 33 21 14 18 19 36 13 27 10 29 37 39 26 8 38 11 34 12],[6 5 13 26 18 36 20 1 15 0 39 23 29 22 4 27 21 7 19 34 31 25 28 2 3 10 35 9 12 37 8 16 30 17 32 14 24 33 38 11],31538,32805
steepest/lipa40a,365,31994,22,17940,2,[6 29 3 18 38 16 5 1 35 0 12 26 15 23 13 22 30 27 17 37 31 7 33 21 19 14 10 24 28 25 9 8 20 2 4 32 34 39 36 11],[6 5 13 26 18 36 20 1 15 0 39 23 29 22 4 27 21 7 19 34 31 25 28 2 3 10 35 9 12 37 8 16 30 17 32 14 24 33 38 11],31538,32805
greedy/lipa40a,366,32022,43,3625,0,[6 25 5 7 28 18 12 39 4 34 30 1 22 14 13 23 32 26 36 29 31 10 24 38 27 19 9 17 16 8 20 33 3 15 35 0 11 37 21 2],[6 5 13 26 18 36 20 1 15 0 39 23 29 22 4 27 21 7 19 34 31 25 28 2 3 10 35 9 12 37 8 16 30 17 32 14 24 33 38 11],31538,32612
steepest/lipa40a,366,32026,19,15600,1,[31 3 21 7 33 18 5 39 25 16 32 28 23 12 15 4 14 34 2 29 6 10 24 11 27 8 9 30 0 17 20 36 19 13 35 38 1 37 26 22],[6 5 13 26 18 36 20 1 15 0 39 23 29 22 4 27 21 7 19 34 31 25 28 2 3 10 35 9 12 37 8 16 30 17 32 14 24 33 38 11],31538,32612
greedy/lipa40a,367,31977,60,3005,0,[24 12 13 26 20 17 11 9 15 27 3 37 29 22 4 30 21 23 8 34 18 2 5 6 39 33 36 28 19 35 32 16 25 1 0 14 10 7 38 31],[6 5 13 26 18 36 20 1 15 0 39 23 29 22 4 27 21 7 19 34 31 25 28 2 3 10 35 9 12 37 8 16 30 17 32 14 24 33 38 11],31538,32701
steepest/lipa40a,367,31976,29,23400,2,[8 13 5 16 39 18 22 25 0 7 3 12 38 34 35 4 21 2 32 6 14 20 30 26 37 10 24 17 31 1 36 28 33 29 23 19 11 9 15 27],[6 5 13 26 18 36 20 1 15 0 39 23 29 22 4 27 21 7 19 34 31 25 28 2 3 10 35 9 12 37 8 16 30 17 32 14 24 33 38 11],31538,32701
greedy/lipa40a,368,32013,55,5027,0,[31 26 20 7 3 23 14 0 10 1 21 2 11 33 18 22 25 32 39 36 29 4 5 12 34 9 6 30 37 13 15 17 16 24 35 28 38 8 19 27],[6 5 13 26 18 36 20 1 15 0 39 23 29 22 4 27 21 7 19 34 31 25 28 2 3 10 35 9 12 37 8 16 30 17 32 14 24 33 38 11],31538,32810
steepest/lipa40a,368,31992,22,17940,2,[20 3 26 39 11 38 31 0 9 25 5 2 28 4 14 6 12 1 13 32 21 36 18 24 17 23 7 34 30 27 15 33 22 35 29 19 16 8 10 37],[6 5 13 26 18 36 20 1 15 0 39 23 29 22 4 27 21 7 19 34 31 25 28 2 3 10 35 9 12 37 8 16 30 17 32 14 24 33 38 11],31538,32810
greedy/lipa40a,369,32038,55,3422,0,[33 26 5 25 10 8 27 0 38 31 23 12 11 34 29 20 36 2 37 28 7 6 4 19 16 39 17 9 30 3 14 22 24 13 15 35 21 32 1 18],[6 5 13 26 18 36 20 1 15 0 39 23 29 22 4 27 21 7 19 34 31 25 28 2 3 10 35 9 12 37 8 16 30 17 32 14 24 33 38 11],31538,32691
steepest/lipa40a,369,31959,30,24180,2,[24 11 25 37 30 4 26 21 13 29 2 19 9 12 5 28 20 14 32 17 15 34 3 39 27 6 22 16 8 7 18 36 31 0 23 35 38 10 1 33],[6 5 13 26 18 36 20 1 15 0 39 23 29 22 4 27 21 7 19 34 31 25 28 2 3 10 35 9 12 37 8 16 30 17 32 14 24 33 38 11],31538,32691
greedy/lipa40a,370,31981,59,5668,1,[6 5 7 13 36 8 29 20 30 19 34 32 18 22 24 27 28 4 1 39 31 25 2 10 3 26 35 15 12 23 21 17 16 9 33 37 14 0 38 11],[6 5 13 26 18 36 20 1 15 0 39 23 29 22 4 27 21 7 19 34 31 25 28 2 3 10 35 9 12 37 8 16 30 17 32 14 24 33 38 11],31538,32832
steepest/lipa40a,370,31988,27,21840,2,[16 21 31 5 3 18 26 32 6 37 14 13 25 36 12 29 27 34 30 9 17 8 23 35 11 28 24 0 15 7 39 20 4 2 22 1 38 33 10 19],[6 5 13 26 18 36 20 1 15 0 39 23 29 22 4 27 21 7 19 34 31 25 28 2 3 10 35 9 12 37 8 16 30 17 32 14 24 33 38 11],31538,32832
greedy/lipa40a,371,31985,54,5375,1,[20 2 19 26 5 34 4 3 30 36 1 31 23 32 39 17 6 29 10 27 18 28 24 33 12 15 11 25 37 13 7 9 16 22 21 38 0 14 8 35],[6 5 13 26 18 36 20 1 15 0 39 23 29 22 4 27 21 7 19 34 31 25 28 2 3 10 35 9 12 37 8 16 30 17 32 14 24 33 38 11],31538,32654
steepest/lipa40a,371,31988,22,17940,1,[15 23 4 10 2 14 19 3 17 21 8 18 36 11 39 32 0 12 24 7 13 30 27 16 31 29 28 26 20 33 1 5 9 22 34 6 25 38 35 37],[6 5 13 26 18 36 20 1 15 0 39 23 29 22 4 27 21 7 19 34 31 25 28 2 3 10 35 9 12 37 8 16 30 17 32 14 24 33 38 11],31538,32654
greedy/lipa40a,372,32026,48,2288,0,[34 20 37 14 27 0 36 5 32 15 7 28 31 17 6 8 25 13 39 30 33 10 4 23 16 21 35 2 26 38 12 19 3 9 22 1 29 24 18 11],[6 5 13 26 18 36 20 1 15 0 39 23 29 22 4 27 21 7 19 34 31 25 28 2 3 10 35 9 12 37 8 16 30 17 32 14 24 33 38 11],31538,32660
steepest/lipa40a,372,31975,25,20280,2,[22 29 14 1 20 4 23 5 8 38 16 17 9 27 13 37 26 30 19 34 15 10 24 18 12 28 39 32 7 2 25 3 33 35 21 36 11 6 31 0],[6 5 13 26 18 36 20 1 15 0 39 23 29 22 4 27 21 7 19 34 31 25 28 2 3 10 35 9 12 37 8 16 30 17 32 14 24 33 38 11],31538,32660
greedy/lipa40a,373,32039,49,3327,0,[34 13 17 32 21 3 19 31 10 5 23 38 4 0 15 8 18 33 39 1 30 36 12 37 11 27 14 2 25 6 24 16 22 26 35 9 28 20 7 29],[6 5 13 26 18 36 20 1 15 0 39 23 29 22 4 27 21 7 19 34 31 25 28 2 3 10 35 9 12 37 8 16 30 17 32 14 24 33 38 11],31538,32696
steepest/lipa40a,373,32056,17,14040,1,[12 20 13 11 2 26 8 31 7 14 25 23 19 3 17 16 21 39 0 37 36 30 6 15 34 33 1 5 18 32 22 29 9 4 35 24 28 38 27 10],[6 5 13 26 18 36 20 1 15 0 39 23 29 22 4 27 21 7 19 34 31 25 28 2 3 10 35 9 12 37 8 16 30 17 32 14 24 33 38 11],31538,32696
greedy/lipa40a,374,31998,58,3748,0,[34 3 28 4 12 39 2 35 26 15 32 29 7 33 14 36 21 23 0 5 6 9 17 19 11 10 1 30 27 16 13 25 22 24 8 20 38 18 37 31],[6 5 13 26 18 36 20 1 15 0 39 23 29 22 4 27 21 7 19 34 31 25 28 2 3 10 35 9 12 37 8 16 30 17 32 14 24 33 38 11],31538,32696
steepest/lipa40a,374,32016,24,19500,2,[24 2 3 19 8 1 36 21 29 32 14 18 23 27 28 34 16 10 6 17 35 15 0 39 4 13 11 25 7 5 22 38 9 26 20 30 37 33 31 12],[6 5 13 26 18 36 20 1 15 0 39 23 29 22 4 27 21 7 19 34 31 25 28 2 3 10 35 9 12 37 8 16 30 17 32 14 24 33 38 11],31538,32696
greedy/lipa40a,375,31980,62,4515,0,[38 8 20 22 1 15 10 17 14 16 33 9 12 7 37 31 29 24 32 25 30 18 3 26 27 34 23 39 0 5 28 11 35 6 19 13 36 4 21 2],[6 5 13 26 18 36 20 1 15 0 39 23 29 22 4 27 21 7 19 34 31 25 28 2 3 10 35 9 12 37 8 16 30 17 32 14 24 33 38 11],31538,32680
steepest/lipa40a,375,32060,18,14820,2,[20 12 26 22 32 4 10 30 9 24 11 13 17 8 21 3 2 36 31 39 27 23 35 5 37 28 6 19 29 18 0 15 14 34 25 33 1 7 38 16],[6 5 13 26 18 36 20 1 15 0 39 23 29 22 4 27 21 7 19 34 31 25 28 2 3 10 35 9 12 37 8 16 30 17 32 14 24 33 38 11],31538,32680
greedy/lipa40a,376,32027,64,4613,0,[36 21 16 19 27 14 25 3 22 15 0 30 9 24 10 13 38 20 11 2 12 5 17 8 18 33 28 4 26 32 6 1 37 31 34 39 7 35 29 23],[6 5 13 26 18 36 20 1 15 0 39 23 29 22 4 27 21 7 19 34 31 25 28 2 3 10 35 9 12 37 8 16 30 17 32 14 24 33 38 11],31538,32662
steepest/lipa40a,376,32059,22,17940,1,[36 3 27 30 13 7 37 35 25 0 32 5 28 18 6 29 21 16 22 1 12 20 38 19 33 10 9 14 11 2 8 4 34 17 39 24 15 26 31 23],[6 5 13 26 18 36 20 1 15 0 39 23 29 22 4 27 21 7 19 34 31 25 28 2 3 10 35 9 12 37 8 16 30 17 32 14 24 33 38 11],31538,32662
greedy/lipa40a,377,32004,50,2992,2,[6 25 2 38 32 36 15 4 28 35 8 1 39 0 18 13 11 19 24 3 20 29 12 27 22 31 16 9 33 17 26 10 30 7 5 14 37 34 21 23],[6 5 13 26 18 36 20 1 15 0 39 23 29 22 4 27 21 7 19 34 31 25 28 2 3 10 35 9 12 37 8 16 30 17 32 14 24 33 38 11],31538,32611
steepest/lipa40a,377,32009,24,19500,1,[11 32 6 23 34 7 0 13 18 35 14 38 24 3 1 37 30 28 9 17 20 21 12 27 19 26 33 25 5 10 29 31 4 39 15 22 36 16 2 8],[6 5 13 26 18 36 20 1 15 0 39 23 29 22 4 27 21 7 19 34 31 25 28 2 3 10 35 9 12 37 8 16 30 17 32 14 24 33 38 11],31538,32611
greedy/lipa40a,378,31993,62,4258,0,[18 12 26 9 19 4 11 30 33 1 10 28 29 3 27 31 8 37 16 20 24 23 25 2 22 6 36 0 34 35 39 17 38 15 13 14 21 7 32 5],[6 5 13 26 18 36 20 1 15 0 39 23 29 22 4 27 21 7 19 34 31 25 28 2 3 10 35 9 12 37 8 16 30 17 32 14 24 33 38 11],31538,32708
steepest/lipa40a,378,32020,21,17160,0,[17 38 29 7 19 16 11 28 13 0 8 20 1 3 18 6 14 23 10 9 4 35 36 2 26 15 25 22 39 37 32 31 24 33 27 30 21 34 12 5],[6 5 13 26 18 36 20 1 15 0 39 23 29 22 4 27 21 7 19 34 31 25 28 2 3 10 35 9 12 37 8 16 30 17 32 14 24 33 38 11],31538,32708
greedy/lipa40a,379,31952,62,5469,0,[27 23 32 14 0 35 10 33 36 31 8 28 22 29 15 37 16 24 7 38 20 12 39 2 9 17 13 30 26 18 25 19 3 6 34 11 5 1 4 21],[6 5 13 26 18 36 20 1 15 0 39 23 29 22 4 27 21 7 19 34 31 25 28 2 3 10 35 9 12 37 8 16 30 17 32 14 24 33 38 11],31538,32661
steepest/lipa40a,379,32021,18,14820,5,[10 4 5 6 9 34 29 33 38 36 37 13 28 12 22 11 16 15 30 26 23 39 31 3 17 8 0 18 27 2 35 24 20 32 14 19 25 1 7 21],[6 5 13 26 18 36 20 1 15 0 39 23 29 22 4 27 21 7 19 34 31 25 28 2 3 10 35 9 12 37 8 16 30 17 32 14 24 33 38 11],31538,32661
greedy/lipa40a,380,32048,48,2875,0,[2 35 0 33 26 19 31 14 25 4 30 22 37 5 12 3 6 16 32 29 28 7 34 20 13 11 10 18 9 1 23 24 21 38 27 15 17 36 8 39],[6 5 13 26 18 36 20 1 15 0 39 23 29 22 4 27 21 7 19 34 31 25 28 2 3 10 35 9 12 37 8 16 30 17 32 14 24 33 38 11],31538,32586
steepest/lipa40a,380,32026,27,21840,1,[36 23 8 25 22 17 6 19 10 31 5 26 2 0 12 37 1 35 15 34 11 39 28 27 3 33 7 18 9 30 29 24 21 38 13 16 4 32 14 20],[6 5 13 26 18 36 20 1 15 0 39 23 29 22 4 27 21 7 19 34 31 25 28 2 3 10 35 9 12 37 8 16 30 17 32 14 24 33 38 11],31538,32586
greedy/lipa40a,381,32001,56,4188,0,[0 10 17 5 20 27 23 16 19 33 18 38 4 7 8 12 39 11 3 15 24 29 28 2 22 35 31 9 32 36 25 26 13 37 6 14 30 1 21 34],[6 5 13 26 18 36 20 1 15 0 39 23 29 22 4 27 21 7 19 34 31 25 28 2 3 10 35 9 12 37 8 16 30 17 32 14 24 33 38 11],31538,32668
steepest/lipa40a,381,31982,20,16380,4,[13 12 33 25 32 23 10 39 16 21 19 17 26 37 6 27 14 36 3 29 30 5 28 34 0 24 9 31 4 11 20 7 18 15 22 8 1 35 38 2],[6 5 13 26 18 36 20 1 15 0 39 23 29 22 4 27 21 7 19 34 31 25 28 2 3 10 35 9 12 37 8 16 30 17 32 14 24 33 38 11],31538,32668
greedy/lipa40a,382,32099,50,2453,0,[26 32 27 24 1 17 13 6 20 19 34 25 22 3 2 16 31 36 18 37 30 38 14 8 9 35 0 5 39 21 4 29 7 10 23 11 33 28 12 15],[6 5 13 26 18 36 20 1 15 0 39 23 29 22 4 27 21 7 19 34 31 25 28 2 3 10 35 9 12 37 8 16 30 17 32 14 24 33 38 11],31538,32662
steepest/lipa40a,382,32000,21,17160,3,[33 26 27 13 37 31 24 2 29 25 19 20 10 32 17 0 14 34 6 16 21 23 30 5 1 22 4 15 11 39 38 18 35 7 12 36 3 8 9 28],[6 5 13 26 18 36 20 1 15 0 39 23 29 22 4 27 21 7 19 34 31 25 28 2 3 10 35 9 12 37 8 16 30 17 32 14 24 33 38 11],31538,32662
greedy/lipa40a,383,32047,61,4807,1,[19 27 33 39 24 30 1 14 34 15 9 2 7 11 13 0 8 35 38 6 17 25 22 5 31 32 29 18 36 10 4 21 3 23 12 20 26 37 28 16],[6 5 13 26 18 36 20 1 15 0 39 23 29 22 4 27 21 7 19 34 31 25 28 2 3 10 35 9 12 37 8 16 30 17 32 14 24 33 38 11],31538,32749
steepest/lipa40a,383,31935,28,22620,2,[4 2 27 19 18 30 20 0 22 28 33 26 13 34 36 39 31 7 9 38 17 25 32 11 3 37 6 23 15 35 16 10 21 1 29 14 24 5 12 8],[6 5 13 26 18 36 20 1 15 0 39 23 29 22 4 27 21 7 19 34 31 25 28 2 3 10 35 9 12 37 8 16 30 17 32 14 24 33 38 11],31538,32749
greedy/lipa40a,384,31953,50,4815,0,[14 1 33 9 23 8 12 2 7 25 34 11 18 16 32 21 20 0 6 4 22 24 29 13 17 30 15 26 5 3 35 31 38 27 28 10 19 37 36 39],[6 5 13 26 18 36 20 1 15 0 39 23 29 22 4 27 21 7 19 34 31 25 28 2 3 10 35 9 12 37 8 16 30 17 32 14 24 33 38 11],31538,32722
steepest/lipa40a,384,31995,24,19500,2,[11 23 24 26 27 32 38 19 7 35 29 4 18 13 12 5 20 14 8 15 31 22 30 10 25 34 33 39 17 28 2 1 6 36 37 9 16 0 21 3],[6 5 13 26 18 36 20 1 15 0 39 23 29 22 4 27 21 7 19 34 31 25 28 2 3 10 35 9 12 37 8 16 30 17 32 14 24 33 38 11],31538,32722
greedy/lipa40a,385,32007,67,6158,2,[30 9 11 32 28 6 8 10 20 23 39 12 1 2 34 16 24 26 38 7 4 5 22 14 18 35 36 0 37 13 15 31 19 33 3 25 27 21 29 17],[6 5 13 26 18 36 20 1 15 0 39 23 29 22 4 27 21 7 19 34 31 25 28 2 3 10 35 9 12 37 8 16 30 17 32 14 24 33 38 11],31538,32830
steepest/lipa40a,385,32034,25,20280,4,[9 13 26 32 1 11 23 6 28 36 17 18 30 16 27 4 38 33 21 3 0 8 35 25 34 12 19 37 7 2 39 31 10 14 20 22 24 5 29 15],[6 5 13 26 18 36 20 1 15 0 39 23 29 22 4 27 21 7 19 34 31 25 28 2 3 10 35 9 12 37 8 16 30 17 32 14 24 33 38 11],31538,32830
greedy/lipa40a,386,32016,67,7818,1,[6 27 25 14 23 32 21 1 39 4 12 37 9 15 10 28 29 0 13 5 3 35 8 2 38 11 31 24 19 26 17 18 30 34 33 20 22 36 7 16],[6 5 13 26 18 36 20 1 15 0 39 23 29 22 4 27 21 7 19 34 31 25 28 2 3 10 35 9 12 37 8 16 30 17 32 14 24 33 38 11],31538,32784
steepest/lipa40a,386,31974,28,22620,0,[26 20 25 37 30 29 38 33 31 8 24 39 36 7 18 9 1 22 3 27 28 19 12 5 13 23 4 32 2 35 0 10 17 6 34 15 14 21 11 16],[6 5 13 26 18 36 20 1 15 0 39 23 29 22 4 27 21 7 19 34 31 25 28 2 3 10 35 9 12 37 8 16 30 17 32 14 24 33 38 11],31538,32784
greedy/lipa40a,387,31993,67,4433,0,[7 6 16 27 12 39 38 1 15 0 2 8 17 28 3 35 21 23 37 5 30 10 20 11 24 19 25 29 14 22 9 13 26 34 32 18 4 36 31 33],[6 5 13 26 18 36 20 1 15 0 39 23 29 22 4 27 21 7 19 34 31 25 28 2 3 10 35 9 12 37 8 16 30 17 32 14 24 33 38 11],31538,32692
steepest/lipa40a,387,32019,21,17160,0,[12 11 9 39 21 34 24 19 38 13 35 17 30 14 6 7 8 20 4 37 15 36 28 27 3 0 16 1 26 10 29 25 18 22 23 31 2 32 33 5],[6 5 13 26 18 36 20 1 15 0 39 23 29 22 4 27 21 7 19 34 31 25 28 2 3 10 35 9 12 37 8 16 30 17 32 14 24 33 38 11],31538,32692
greedy/lipa40a,388,32031,49,2213,0,[1 9 8 11 33 24 15 7 2 38 28 3 36 16 0 14 22 34 23 29 32 37 31 26 27 39 35 19 6 4 17 10 5 12 13 20 21 18 25 30],[6 5 13 26 18 36 20 1 15 0 39 23 29 22 4 27 21 7 19 34 31 25 28 2 3 10 35 9 12 37 8 16 30 17 32 14 24 33 38 11],31538,32788
steepest/lipa40a,388,32064,19,15600,7,[14 30 8 11 24 35 31 29 2 38 37 13 5 39 28 0 22 1 25 23 6 15 16 34 4 32 21 20 7 19 3 17 33 12 9 36 18 27 10 26],[6 5 13 26 18 36 20 1 15 0 39 23 29 22 4 27 21 7 19 34 31 25 28 2 3 10 35 9 12 37 8 16 30 17 32 14 24 33 38 11],31538,32788
greedy/lipa40a,389,31984,58,3405,0,[0 39 3 28 1 20 16 18 14 10 29 34 38 13 2 8 33 24 36 21 9 31 15 26 19 35 30 25 37 4 17 22 5 12 7 23 32 6 11 27],[6 5 13 26 18 36 20 1 15 0 39 23 29 22 4 27 21 7 19 34 31 25 28 2 3 10 35 9 12 37 8 16 30 17 32 14 24 33 38 11],31538,32742
steepest/lipa40a,389,31925,25,20280,2,[21 39 12 2 26 24 28 18 15 0 9 33 23 13 3 6 7 17 1 36 10 19 31 11 27 22 5 32 37 35 29 30 8 34 16 38 4 20 14 25],[6 5 13 26 18 36 20 1 15 0 39 23 29 22 4 27 21 7 19 34 31 25 28 2 3 10 35 9 12 37 8 16 30 17 32 14 24 33 38 11],31538,32742
greedy/lipa40a,390,32010,52,5504,0,[16 21 27 24 39 8 31 11 28 37 26 12 14 9 20 29 4 36 18 19 17 22 30 13 3 5 35 7 0 32 2 25 33 10 15 38 34 1 23 6],[6 5 13 26 18 36 20 1 15 0 39 23 29 22 4 27 21 7 19 34 31 25 28 2 3 10 35 9 12 37 8 16 30 17 32 14 24 33 38 11],31538,32627
steepest/lipa40a,390,32081,21,17160,1,[13 11 39 9 38 5 31 24 22 32 12 14 17 37 20 25 8 30 3 21 27 4 33 18 23 10 7 26 19 28 2 35 29 16 34 0 15 1 36 6],[6 5 13 26 18 36 20 1 15 0 39 23 29 22 4 27 21 7 19 34 31 25 28 2 3 10 35 9 12 37 8 16 30 17 32 14 24 33 38 11],31538,32627
greedy/lipa40a,391,32035,42,3364,0,[15 19 2 9 13 6 29 37 38 36 16 12 28 18 3 10 23 25 21 26 0 20 31 11 24 4 5 30 27 22 39 33 1 14 32 35 7 34 17 8],[6 5 13 26 18 36 20 1 15 0 39 23 29 22 4 27 21 7 19 34 31 25 28 2 3 10 35 9 12 37 8 16 30 17 32 14 24 33 38 11],31538,32751
steepest/lipa40a,391,32008,27,21840,1,[39 21 15 20 9 6 30 11 38 33 26 19 24 16 34 28 23 25 32 22 35 37 14 27 13 4 10 8 17 3 7 12 18 36 1 2 31 0 29 5],[6 5 13 26 18 36 20 1 15 0 39 23 29 22 4 27 21 7 19 34 31 25 28 2 3 10 35 9 12 37 8 16 30 17 32 14 24 33 38 11],31538,32751
greedy/lipa40a,392,32019,70,5968,2,[25 15 37 1 11 24 29 38 19 34 31 2 21 13 6 3 35 20 30 33 28 14 32 26 7 12 16 27 8 4 17 0 23 22 9 36 39 18 10 5],[6 5 13 26 18 36 20 1 15 0 39 23 29 22 4 27 21 7 19 34 31 25 28 2 3 10 35 9 12 37 8 16 30 17 32 14 24 33 38 11],31538,32753
steepest/lipa40a,392,32024,21,17160,2,[5 11 3 21 16 7 6 18 20 10 35 37 15 24 1 22 13 0 14 25 38 17 12 2 26 29 28 19 8 4 30 34 36 32 39 31 9 23 27 33],[6 5 13 26 18 36 20 1 15 0 39 23 29 22 4 27 21 7 19 34 31 25 28 2 3 10 35 9 12 37 8 16 30 17 32 14 24 33 38 11],31538,32753
greedy/lipa40a,393,31946,52,7031,0,[1 0 3 19 39 23 4 21 37 12 18 16 14 20 8 22 28 2 17 15 11 26 9 25 27 24 13 30 34 6 31 7 32 29 10 38 36 33 35 5],[6 5 13 26 18 36 20 1 15 0 39 23 29 22 4 27 21 7 19 34 31 25 28 2 3 10 35 9 12 37 8 16 30 17 32 14 24 33 38 11],31538,32462
steepest/lipa40a,393,31981,26,21060,2,[24 29 3 18 5 36 4 2 22 19 25 26 10 27 35 21 28 6 30 11 0 14 23 12 33 16 15 20 9 37 17 34 7 39 13 1 38 32 31 8],[6 5 13 26 18 36 20 1 15 0 39 23 29 22 4 27 21 7 19 34 31 25 28 2 3 10 35 9 12 37 8 16 30 17 32 14 24 33 38 11],31538,32462
greedy/lipa40a,394,32056,66,4015,0,[35 4 8 15 3 39 22 29 37 1 6 7 31 26 5 0 30 34 33 16 17 2 23 18 27 9 25 10 24 19 32 36 12 28 11 14 38 13 21 20],[6 5 13 26 18 36 20 1 15 0 39 23 29 22 4 27 21 7 19 34 31 25 28 2 3 10 35 9 12 37 8 16 30 17 32 14 24 33 38 11],31538,32751
steepest/lipa40a,394,32047,20,16380,1,[11 23 2 33 29 31 18 30 6 21 36 27 8 3 32 25 0 10 35 4 1 17 38 34 26 15 37 16 7 5 28 39 24 22 14 9 13 19 12 20],[6 5 13 26 18 36 20 1 15 0 39 23 29 22 4 27 21 7 19 34 31 25 28 2 3 10 35 9 12 37 8 16 30 17 32 14 24 33 38 11],31538,32751
greedy/lipa40a,395,31995,61,5271,2,[35 25 2 34 6 37 11 26 10 1 14 13 39 20 33 36 5 15 29 23 16 12 17 19 18 4 21 38 31 22 32 8 0 7 3 24 28 30 9 27],[6 5 13 26 18 36 20 1 15 0 39 23 29 22 4 27 21 7 19 34 31 25 28 2 3 10 35 9 12 37 8 16 30 17 32 14 24 33 38 11],31538,32618
steepest/lipa40a,395,31972,20,16380,0,[35 5 2 33 30 16 26 20 12 28 17 22 36 6 0 25 3 34 39 13 29 7 32 19 15 37 9 31 24 21 23 10 1 8 18 14 38 11 4 27],[6 5 13 26 18 36 20 1 15 0 39 23 29 22 4 27 21 7 19 34 31 25 28 2 3 10 35 9 12 37 8 16 30 17 32 14 24 33 38 11],31538,32618
greedy/lipa40a,396,31979,67,5873,0,[4 25 26 15 22 7 10 30 17 0 3 20 28 6 39 33 21 5 27 29 8 18 24 35 11 37 23 12 16 36 32 9 38 1 13 31 14 34 19 2],[6 5 13 26 18 36 20 1 15 0 39 23 29 22 4 27 21 7 19 34 31 25 28 2 3 10 35 9 12 37 8 16 30 17 32 14 24 33 38 11],31538,32752
steepest/lipa40a,396,31999,28,22620,3,[5 0 13 9 31 15 7 18 30 17 6 26 16 2 24 22 39 11 27 35 21 10 3 37 12 34 8 19 28 32 4 29 38 1 20 36 25 14 23 33],[6 5 13 26 18 36 20 1 15 0 39 23 29 22 4 27 21 7 19 34 31 25 28 2 3 10 35 9 12 37 8 16 30 17 32 14 24 33 38 11],31538,32752
greedy/lipa40a,397,31989,51,5461,0,[23 26 6 38 3 14 20 8 24 2 34 39 17 36 15 11 4 37 35 12 21 22 30 33 27 32 1 5 18 25 28 31 9 13 0 29 7 19 16 10],[6 5 13 26 18 36 20 1 15 0 39 23 29 22 4 27 21 7 19 34 31 25 28 2 3 10 35 9 12 37 8 16 30 17 32 14 24 33 38 11],31538,32667
steepest/lipa40a,397,32018,23,18720,0,[25 13 5 31 33 22 34 39 0 14 21 27 24 23 7 28 36 1 32 6 9 8 11 20 37 12 10 2 35 26 30 4 3 17 19 29 15 18 16 38],[6 5 13 26 18 36 20 1 15 0 39 23 29 22 4 27 21 7 19 34 31 25 28 2 3 10 35 9 12 37 8 16 30 17 32 14 24 33 38 11],31538,32667
greedy/lipa40a,398,31999,66,5123,0,[4 33 9 10 3 23 38 35 5 0 15 14 11 13 26 25 39 6 8 34 30 1 31 12 19 36 37 29 20 16 27 21 32 28 2 17 22 24 18 7],[6 5 13 26 18 36 20 1 15 0 39 23 29 22 4 27 21 7 19 34 31 25 28 2 3 10 35 9 12 37 8 16 30 17 32 14 24 33 38 11],31538,32817
steepest/lipa40a,398,32003,27,21840,6,[35 19 18 16 4 27 39 12 36 30 22 13 26 34 0 2 31 17 25 10 3 33 20 5 37 6 11 1 29 9 38 7 28 24 21 8 15 14 32 23],[6 5 13 26 18 36 20 1 15 0 39 23 29 22 4 27 21 7 19 34 31 25 28 2 3 10 35 9 12 37 8 16 30 17 32 14 24 33 38 11],31538,32817
greedy/lipa40a,399,32036,46,4098,3,[14 0 30 5 17 20 16 18 26 21 6 11 12 37 32 28 8 4 36 34 22 38 9 3 23 29 31 24 33 2 10 13 35 1 7 19 25 39 15 27],[6 5 13 26 18 36 20 1 15 0 39 23 29 22 4 27 21 7 19 34 31 25 28 2 3 10 35 9 12 37 8 16 30 17 32 14 24 33 38 11],31538,32590
steepest/lipa40a,399,32028,22,17940,0,[34 12 30 1 27 10 36 21 38 26 13 11 4 29 32 7 8 15 6 14 0 22 33 2 3 24 28 39 31 18 35 9 17 19 5 37 16 20 25 23],[6 5 13 26 18 36 20 1 15 0 39 23 29 22 4 27 21 7 19 34 31 25 28 2 3 10 35 9 12 37 8 16 30 17 32 14 24 33 38 11],31538,32590
greedy/lipa40a,400,32043,49,4534,0,[0 13 34 27 19 37 14 9 39 10 32 2 28 1 6 24 5 23 36 15 20 18 22 4 33 38 8 7 12 25 17 3 16 31 11 30 21 29 35 26],[6 5 13 26 18 36 20 1 15 0 39 23 29 22 4 27 21 7 19 34 31 25 28 2 3 10 35 9 12 37 8 16 30 17 32 14 24 33 38 11],31538,32763
steepest/lipa40a,400,32004,21,17160,3,[17 13 18 27 19 37 9 6 33 23 3 12 7 14 35 24 30 32 2 8 4 39 16 34 0 11 36 28 38 10 21 20 29 22 31 5 1 15 25 26],[6 5 13 26 18 36 20 1 15 0 39 23 29 22 4 27 21 7 19 34 31 25 28 2 3 10 35 9 12 37 8 16 30 17 32 14 24 33 38 11],31538,32763
greedy/lipa80a,1,255230,158,34240,11,[50 60 10 12 68 55 3 58 61 63 36 39 24 74 14 65 2 45 5 52 49 42 44 1 27 79 51 48 70 4 34 22 23 67 64 43 46 59 73 56 30 17 25 13 77 57 21 19 33 8 9 11 26 75 20 7 0 37 69 78 31 47 16 62 15 54 6 41 35 76 66 40 72 32 38 29 18 71 53 28],[22 71 78 12 65 44 7 70 58 77 39 36 38 45 5 68 56 73 16 66 0 1 28 49 21 79 13 69 40 9 61 26 6 62 55 46 11 19 50 29 53 33 76 43 74 17 27 35 75 48 20 60 4 24 31 2 42 18 63 34 52 47 10 32 25 51 72 67 8 15 57 23 14 64 54 59 30 41 37 3],253195,258754
steepest/lipa80a,1,255498,34,110600,23,[1 33 71 23 49 57 69 60 61 56 13 68 3 72 63 45 32 42 5 43 74 59 24 75 76 8 44 2 35 65 70 12 4 64 28 67 50 26 46 20 17 58 21 27 29 77 30 11 66 55 53 41 34 9 0 37 73 36 48 39 62 25 54 16 22 14 40 6 19 7 31 78 15 79 38 18 47 51 52 10],[22 71 78 12 65 44 7 70 58 77 39 36 38 45 5 68 56 73 16 66 0 1 28 49 21 79 13 69 40 9 61 26 6 62 55 46 11 19 50 29 53 33 76 43 74 17 27 35 75 48 20 60 4 24 31 2 42 18 63 34 52 47 10 32 25 51 72 67 8 15 57 23 14 64 54 59 30 41 37 3],253195,258754
greedy/lipa80a,2,255164,130,35580,2,[19 40 60 51 65 11 6 23 78 72 59 73 41 33 9 63 48 49 20 58 17 5 61 34 47 0 36 14 76 54 38 57 70 42 35 16 28 44 66 10 39 53 27 55 25 1 68 69 18 43 26 22 24 52 32 74 29 79 8 37 62 71 15 2 75 45 3 46 67 7 12 64 13 4 50 56 30 31 21 77],[22 71 78 12 65 44 7 70 58 77 39 36 38 45 5 68 56 73 16 66 0 1 28 49 21 79 13 69 40 9 61 26 6 62 55 46 11 19 50 29 53 33 76 43 74 17 27 35 75 48 20 60 4 24 31 2 42 18 63 34 52 47 10 32 25 51 72 67 8 15 57 23 14 64 54 59 30 41 37 3],253195,258062
steepest/lipa80a,2,255274,40,129560,33,[73 67 62 30 65 52 75 9 50 4 23 0 24 58 38 33 7 49 12 40 45 20 79 10 39 44 16 8 51 11 26 56 57 59 70 61 2 15 74 66 32 5 29 21 25 1 3 46 53 48 54 19 47 55 41 68 60 37 42 28 27 77 22 76 69 14 13 17 78 34 71 63 6 43 72 36 64 31 35 18],[22 71 78 12 65 44 7 70 58 77 39 36 38 45 5 68 56 73 16 66 0 1 28 49 21 79 13 69 40 9 61 26 6 62 55 46 11 19 50 29 53 33 76 43 74 17 27 35 75 48 20 60 4 24 31 2 42 18 63 34 52 47 10 32 25 51 72 67 8 15 57 23 14 64 54 59 30 41 37 3],253195,258062
greedy/lipa80a,3,255185,155,39922,8,[19 50 20 21 66 28 56 73 57 38 75 29 54 37 68 58 16 55 51 45 31 65 59 6 47 2 76 40 24 35 46 52 23 7 10 26 49 30 39 79 1 63 3 61 15 77 12 13 78 32 53 0 8 67 11 44 18 42 43 33 5 64 36 25 22 74 4 71 9 41 60 72 69 34 27 70 62 48 17 14],[22 71 78 12 65 44 7 70 58 77 39 36 38 45 5 68 56 73 16 66 0 1 28 49 21 79 13 69 40 9 61 26 6 62 55 46 11 19 50 29 53 33 76 43 74 17 27 35 75 48 20 60 4 24 31 2 42 18 63 34 52 47 10 32 25 51 72 67 8 15 57 23 14 64 54 59 30 41 37 3],253195,258575
steepest/lipa80a,3,255287,54,173800,41,[58 2 54 3 22 4 15 21 64 49 11 75 19 36 42 43 52 77 34 46 65 1 59 23 72 56 69 16 51 74 27 50 73 10 79 45 14 30 20 78 6 28 38 29 76 25 61 17 12 60 24 39 32 44 40 5 31 35 68 66 53 13 67 48 33 0 62 7 9 41 18 26 8 57 63 70 47 55 37 71],[22 71 78 12 65 44 7 70 58 77 39 36 38 45 5 68 56 73 16 66 0 1 28 49 21 79 13 69 40 9 61 26 6 62 55 46 11 19 50 29 53 33 76 43 74 17 27 35 75 48 20 60 4 24 31 2 42 18 63 34 52 47 10 32 25 51 72 67 8 15 57 23 14 64 54 59 30 41 37 3],253195,258575
greedy/lipa80a,4,255223,139,28747,7,[58 31 69 13 53 36 30 37 34 35 33 72 79 11 59 43 66 7 52 62 15 48 50 39 45 27 23 0 44 77 63 6 32 71 16 51 14 18 17 76 2 1 78 54 22 25 38 74 26 10 9 42 28 60 65 20 64 70 3 47 12 49 61 55 21 68 67 19 29 41 46 4 8 57 73 40 5 75 56 24],[22 71 78 12 65 44 7 70 58 77 39 36 38 45 5 68 56 73 16 66 0 1 28 49 21 79 13 69 40 9 61 26 6 62 55 46 11 19 50 29 53 33 76 43 74 17 27 35 75 48 20 60 4 24 31 2 42 18 63 34 52 47 10 32 25 51 72 67 8 15 57 23 14 64 54 59 30 41 37 3],253195,258196
steepest/lipa80a,4,255491,39,126400,31,[1 64 38 21 53 35 42 52 27 37 73 8 78 11 56 62 17 44 46 49 6 2 43 25 13 20 45 15 14 68 67 26 51 10 60 72 24 18 41 57 34 63 7 16 71 9 54 66 3 40 30 61 4 48 39 74 19 79 47 33 12 32 22 36 65 50 70 5 31 28 69 55 29 76 58 0 59 75 23 77],[22 71 78 12 65 44 7 70 58 77 39 36 38 45 5 68 56 73 16 66 0 1 28 49 21 79 13 69 40 9 61 26 6 62 55 46 11 19 50 29 53 33 76 43 74 17 27 35 75 48 20 60 4 24 31 2 42 18 63 34 52 47 10 32 25 51 72 67 8 15 57 23 14 64 54 59 30 41 37 3],253195,258196
greedy/lipa80a,5,255406,146,31215,5,[25 1 23 64 62 78 54 65 66 30 16 56 53 63 60 24 37 14 67 34 39 20 58 59 48 3 57 77 28 70 72 46 31 10 32 27 76 17 42 5 52 11 2 75 35 51 4 22 45 71 21 12 50 15 33 8 13 36 79 0 38 61 47 40 26 41 55 68 18 19 6 9 7 69 74 43 44 73 49 29],[22 71 78 12 65 44 7 70 58 77 39 36 38 45 5 68 56 73 16 66 0 1 28 49 21 79 13 69 40 9 61 26 6 62 55 46 11 19 50 29 53 33 76 43 74 17 27 35 75 48 20 60 4 24 31 2 42 18 63 34 52 47 10 32 25 51 72 67 8 15 57 23 14 64 54 59 30 41 37 3],253195,258466
steepest/lipa80a,5,255332,51,164320,47,[42 29 23 71 31 39 1 20 77 74 22 21 45 11 79 14 38 51 43 26 67 56 5 64 57 15 0 59 33 69 68 50 70 27 47 78 9 55 13 25 16 12 48 49 19 34 4 18 35 32 30 44 76 72 24 46 41 28 17 61 58 36 54 52 65 62 7 60 73 10 37 2 8 40 63 66 75 53 6 3],[22 71 78 12 65 44 7 70 58 77 39 36 38 45 5 68 56 73 16 66 0 1 28 49 21 79 13 69 40 9 61 26 6 62 55 46 11 19 50 29 53 33 76 43 74 17 27 35 75 48 20 60 4 24 31 2 42 18 63 34 52 47 10 32 25 51 72 67 8 15 57 23 14 64 54 59 30 41 37 3],253195,258466
greedy/lipa80a,6,255250,155,30227,10,[17 76 77 26 6 67 39 4 9 3 28 58 65 60 79 19 27 10 11 23 34 16 12 31 78 47 50 42 33 56 45 59 57 35 40 53 43 55 44 52 13 2 68 48 75 1 71 63 30 22 25 0 18 70 7 51 69 46 15 5 62 49 8 64 20 61 36 24 73 32 66 72 21 54 41 14 37 29 74 38],[22 71 78 12 65 44 7 70 58 77 39 36 38 45 5 68 56 73 16 66 0 1 28 49 21 79 13 69 40 9 61 26 6 62 55 46 11 19 50 29 53 33 76 43 74 17 27 35 75 48 20 60 4 24 31 2 42 18 63 34 52 47 10 32 25 51 72 67 8 15 57 23 14 64 54 59 30 41 37 3],253195,258517
steepest/lipa80a,6,255261,47,151680,38,[1 45 60 16 47 76 69 72 19 17 49 50 66 74 6 27 63 31 46 18 42 58 77 35 79 8 7 13 52 40 26 11 15 12 53 44 57 21 67 68 43 14 56 65 25 0 3 29 23 34 37 71 78 70 30 32 51 59 61 64 62 55 20 24 75 48 41 4 73 28 2 38 5 54 10 33 39 22 36 9],[22 71 78 12 65 44 7 70 58 77 39 36 38 45 5 68 56 73 16 66 0 1 28 49 21 79 13 69 40 9 61 26 6 62 55 46 11 19 50 29 53 33 76 43 74 17 27 35 75 48 20 60 4 24 31 2 42 18 63 34 52 47 10 32 25 51 72 67 8 15 57 23 14 64 54 59 30 41 37 3],253195,258517
greedy/lipa80a,7,255101,158,26329,6,[23 44 55 9 53 22 40 38 52 71 41 19 73 79 2 64 46 57 8 77 66 43 16 74 14 27 0 49 47 75 61 6 62 20 11 67 36 70 13 30 32 34 4 17 72 58 68 60 33 63 78 7 35 45 10 48 5 12 69 28 50 29 54 51 37 24 21 39 56 42 65 15 76 18 3 59 26 31 25 1],[22 71 78 12 65 44 7 70 58 77 39 36 38 45 5 68 56 73 16 66 0 1 28 49 21 79 13 69 40 9 61 26 6 62 55 46 11 19 50 29 53 33 76 43 74 17 27 35 75 48 20 60 4 24 31 2 42 18 63 34 52 47 10 32 25 51 72 67 8 15 57 23 14 64 54 59 30 41 37 3],253195,258746
steepest/lipa80a,7,255272,49,158000,32,[68 20 40 10 50 51 43 24 15 45 1 2 76 36 71 19 49 0 26 62 52 32 16 73 70 27 22 33 30 66 18 13 37 6 69 4 28 8 74 17 12 3 60 75 41 25 78 29 61 35 44 34 55 38 77 48 5 11 57 56 63 7 9 23 46 72 58 39 65 53 14 67 42 31 21 54 47 64 59 79],[22 71 78 12 65 44 7 70 58 77 39 36 38 45 5 68 56 73 16 66 0 1 28 49 21 79 13 69 40 9 61 26 6 62 55 46 11 19 50 29 53 33 76 43 74 17 27 35 75 48 20 60 4 24 31 2 42 18 63 34 52 47 10 32 25 51 72 67 8 15 57 23 14 64 54 59 30 41 37 3],253195,258746
greedy/lipa80a,8,255445,136,18008,6,[23 11 60 17 51 49 46 7 47 9 44 8 79 65 15 78 30 29 77 16 52 40 66 4 10 33 0 21 42 38 53 20 25 3 63 18 56 62 72 48 73 68 13 22 34 74 67 45 50 75 5 12 31 43 35 26 64 54 2 27 24 55 37 57 76 58 14 41 36 28 6 70 19 1 32 69 39 61 71 59],[22 71 78 12 65 44 7 70 58 77 39 36 38 45 5 68 56 73 16 66 0 1 28 49 21 79 13 69 40 9 61 26 6 62 55 46 11 19 50 29 53 33 76 43 74 17 27 35 75 48 20 60 4 24 31 2 42 18 63 34 52 47 10 32 25 51 72 67 8 15 57 23 14 64 54 59 30 41 37 3],253195,258515
steepest/lipa80a,8,255295,46,148520,31,[67 54 77 56 51 33 42 23 30 6 53 12 61 14 8 31 46 78 63 70 52 4 16 66 2 32 13 55 37 29 40 73 20 62 35 10 7 18 15 79 11 21 44 39 25 28 0 76 48 75 41 64 27 74 1 59 72 5 34 69 38 43 3 22 49 19 57 45 36 9 71 47 65 68 50 58 17 26 24 60],[22 71 78 12 65 44 7 70 58 77 39 36 38 45 5 68 56 73 16 66 0 1 28 49 21 79 13 69 40 9 61 26 6 62 55 46 11 19 50 29 53 33 76 43 74 17 27 35 75 48 20 60 4 24 31 2 42 18 63 34 52 47 10 32 25 51 72 67 8 15 57 23 14 64 54 59 30 41 37 3],253195,258515
greedy/lipa80a,9,255293,143,28900,8,[47 48 76 43 54 35 24 72 49 45 13 50 51 36 40 19 56 55 79 64 74 77 0 70 62 2 20 66 7 10 18 46 52 15 23 75 53 42 25 58 34 17 57 71 59 37 69 27 38 61 65 32 5 6 12 21 73 31 3 1 78 60 44 16 26 28 8 9 4 11 67 22 30 68 39 29 41 63 14 33],[22 71 78 12 65 44 7 70 58 77 39 36 38 45 5 68 56 73 16 66 0 1 28 49 21 79 13 69 40 9 61 26 6 62 55 46 11 19 50 29 53 33 76 43 74 17 27 35 75 48 20 60 4 24 31 2 42 18 63 34 52 47 10 32 25 51 72 67 8 15 57 23 14 64 54 59 30 41 37 3],253195,258455
steepest/lipa80a,9,255301,49,158000,33,[73 17 65 64 70 46 13 15 2 22 54 68 31 4 9 49 61 37 48 1 77 10 3 18 0 7 57 62 12 36 78 20 60 38 8 21 53 27 71 75 40 76 66 69 43 11 55 41 24 52 59 44 58 32 19 42 35 16 30 74 5 26 56 29 51 14 79 23 72 28 67 47 6 39 33 25 63 45 50 34],[22 71 78 12 65 44 7 70 58 77 39 36 38 45 5 68 56 73 16 66 0 1 28 49 21 79 13 69 40 9 61 26 6 62 55 46 11 19 50 29 53 33 76 43 74 17 27 35 75 48 20 60 4 24 31 2 42 18 63 34 52 47 10 32 25 51 72 67 8 15 57 23 14 64 54 59 30 41 37 3],253195,258455
greedy/lipa80a,10,255209,158,46826,14,[42 51 12 24 57 20 59 63 32 29 27 26 55 61 77 62 43 9 21 56 33 19 16 35 38 53 69 34 23 2 8 74 14 58 5 13 40 39 6 66 4 45 11 54 60 75 46 70 41 15 52 64 71 76 18 28 30 7 78 0 25 48 44 37 22 17 49 10 3 65 50 79 1 68 67 73 31 72 47 36],[22 71 78 12 65 44 7 70 58 77 39 36 38 45 5 68 56 73 16 66 0 1 28 49 21 79 13 69 40 9 61 26 6 62 55 46 11 19 50 29 53 33 76 43 74 17 27 35 75 48 20 60 4 24 31 2 42 18 63 34 52 47 10 32 25 51 72 67 8 15 57 23 14 64 54 59 30 41 37 3],253195,258493
steepest/lipa80a,10,255261,51,164320,42,[59 23 34 16 74 58 67 19 79 77 55 32 43 66 27 3 52 54 68 1 2 49 12 13 78 37 46 0 75 17 33 14 9 5 8 25 72 42 28 63 76 60 10 20 57 73 24 44 56 36 6 71 41 39 51 50 7 64 11 15 47 31 62 18 21 35 40 69 29 70 45 4 48 22 26 30 65 38 61 53],[22 71 78 12 65 44 7 70 58 77 39 36 38 45 5 68 56 73 16 66 0 1 28 49 21 79 13 69 40 9 61 26 6 62 55 46 11 19 50 29 53 33 76 43 74 17 27 35 75 48 20 60 4 24 31 2 42 18 63 34 52 47 10 32 25 51 72 67 8 15 57 23 14 64 54 59 30 41 37 3],253195,258493
greedy/lipa80a,11,255307,140,33327,7,[47 24 65 53 66 58 55 28 30 69 68 19 32 21 13 29 25 36 39 79 43 20 78 34 31 2 51 40 75 12 8 27 14 70 5 41 37 46 15 16 63 73 54 44 9 77 61 56 33 60 59 10 23 74 71 52 0 18 50 4 38 42 7 48 26 45 64 6 11 76 57 17 22 67 72 3 62 35 49 1],[22 71 78 12 65 44 7 70 58 77 39 36 38 45 5 68 56 73 16 66 0 1 28 49 21 79 13 69 40 9 61 26 6 62 55 46 11 19 50 29 53 33 76 43 74 17 27 35 75 48 20 60 4 24 31 2 42 18 63 34 52 47 10 32 25 51 72 67 8 15 57 23 14 64 54 59 30 41 37 3],253195,258508
steepest/lipa80a,11,255226,55,176960,38,[65 26 20 5 66 6 55 63 4 78 25 18 30 2 54 61 15 0 44 40 24 21 14 32 1 73 33 74 31 9 27 22 71 75 56 8 62 17 79 43 57 48 42 70 36 10 7 68 64 46 77 38 45 23 29 58 37 76 39 60 50 13 51 67 52 35 69 16 28 11 34 3 41 49 72 53 59 47 19 12],[22 71 78 12 65 44 7 70 58 77 39 36 38 45 5 68 56 73 16 66 0 1 28 49 21 79 13 69 40 9 61 26 6 62 55 46 11 19 50 29 53 33 76 43 74 17 27 35 75 48 20 60 4 24 31 2 42 18 63 34 52 47 10 32 25 51 72 67 8 15 57 23 14 64 54 59 30 41 37 3],253195,258508
greedy/lipa80a,12,255211,146,30533,6,[57 0 8 74 79 77 3 43 21 35 20 71 69 45 10 60 23 53 13 16 73 26 42 27 68 47 65 33 24 75 46 51 31 36 61 39 72 52 1 30 50 32 14 49 54 58 29 48 55 9 28 67 63 7 56 44 6 4 59 34 40 2 76 18 38 22 11 62 64 12 17 25 41 70 78 5 19 37 15 66],[22 71 78 12 65 44 7 70 58 77 39 36 38 45 5 68 56 73 16 66 0 1 28 49 21 79 13 69 40 9 61 26 6 62 55 46 11 19 50 29 53 33 76 43 74 17 27 35 75 48 20 60 4 24 31 2 42 18 63 34 52 47 10 32 25 51 72 67 8 15 57 23 14 64 54 59 30 41 37 3],253195,258667
steepest/lipa80a,12,255282,47,151680,34,[43 7 49 33 54 63 40 14 48 25 19 47 35 79 16 6 17 11 61 4 2 42 13 57 76 68 32 31 24 20 30 75 1 58 37 62 28 51 18 23 69 45 71 26 74 29 67 0 59 15 9 53 27 44 8 77 56 60 34 46 70 73 12 5 66 22 78 3 21 36 41 52 72 65 55 39 10 64 38 50],[22 71 78 12 65 44 7 70 58 77 39 36 38 45 5 68 56 73 16 66 0 1 28 49 21 79 13 69 40 9 61 26 6 62 55 46 11 19 50 29 53 33 76 43 74 17 27 35 75 48 20 60 4 24 31 2 42 18 63 34 52 47 10 32 25 51 72 67 8 15 57 23 14 64 54 59 30 41 37 3],253195,258667
greedy/lipa80a,13,255345,128,14472,0,[45 77 34 18 73 29 70 46 79 53 38 58 4 68 65 78 27 13 69 14 76 31 20 75 52 51 64 5 61 6 36 33 21 47 19 40 67 17 49 28 16 7 25 32 39 3 55 0 54 15 30 10 35 11 24 12 62 8 57 22 41 50 44 9 37 59 72 66 74 2 43 1 60 56 23 63 71 26 48 42],[22 71 78 12 65 44 7 70 58 77 39 36 38 45 5 68 56 73 16 66 0 1 28 49 21 79 13 69 40 9 61 26 6 62 55 46 11 19 50 29 53 33 76 43 74 17 27 35 75 48 20 60 4 24 31 2 42 18 63 34 52 47 10 32 25 51 72 67 8 15 57 23 14 64 54 59 30 41 37 3],253195,258398
steepest/lipa80a,13,255269,45,145360,31,[20 44 6 28 76 19 15 17 50 43 18 3 79 31 12 67 29 66 36 75 73 56 26 9 35 61 63 65 55 70 72 22 16 10 74 8 71 34 14 40 45 57 49 42 39 59 52 62 37 25 46 32 27 11 13 68 78 38 69 47 64 60 77 33 41 21 0 51 4 7 1 23 54 2 24 30 53 58 5 48],[22 71 78 12 65 44 7 70 58 77 39 36 38 45 5 68 56 73 16 66 0 1 28 49 21 79 13 69 40 9 61 26 6 62 55 46 11 19 50 29 53 33 76 43 74 17 27 35 75 48 20 60 4 24 31 2 42 18 63 34 52 47 10 32 25 51 72 67 8 15 57 23 14 64 54 59 30 41 37 3],253195,258398
greedy/lipa80a,14,255406,129,18220,7,[6 45 42 3 8 7 65 24 33 29 60 21 52 66 30 69 75 17 54 63 13 20 47 64 55 31 12 27 71 26 18 72 9 37 57 14 74 34 44 38 22 40 39 4 46 78 53 48 36 70 58 35 76 1 2 5 10 43 59 51 28 77 79 23 16 62 67 50 32 11 56 0 73 68 49 15 41 25 19 61],[22 71 78 12 65 44 7 70 58 77 39 36 38 45 5 68 56 73 16 66 0 1 28 49 21 79 13 69 40 9 61 26 6 62 55 46 11 19 50 29 53 33 76 43 74 17 27 35 75 48 20 60 4 24 31 2 42 18 63 34 52 47 10 32 25 51 72 67 8 15 57 23 14 64 54 59 30 41 37 3],253195,258240
steepest/lipa80a,14,255285,51,164320,34,[36 45 64 77 24 2 33 72 42 0 13 66 37 53 41 38 63 12 15 5 47 34 6 52 71 8 31 61 27 57 40 25 11 14 3 79 50 7 48 4 30 70 26 23 51 22 18 9 56 44 76 54 55 68 62 29 1 78 59 39 58 67 43 74 35 69 60 10 46 32 16 49 73 19 28 20 17 21 75 65],[22 71 78 12 65 44 7 70 58 77 39 36 38 45 5 68 56 73 16 66 0 1 28 49 21 79 13 69 40 9 61 26 6 62 55 46 11 19 50 29 53 33 76 43 74 17 27 35 75 48 20 60 4 24 31 2 42 18 63 34 52 47 10 32 25 51 72 67 8 15 57 23 14 64 54 59 30 41 37 3],253195,258240
greedy/lipa80a,15,255256,148,33595,7,[26 66 79 17 8 18 53 9 61 22 41 45 7 48 40 65 33 74 50 31 52 6 42 54 15 59 38 36 55 10 19 78 75 69 11 34 37 57 47 70 29 32 58 20 46 16 63 4 39 24 49 3 13 56 28 14 64 44 68 21 27 5 77 0 12 35 30 73 62 76 60 67 71 23 25 2 72 43 51 1],[22 71 78 12 65 44 7 70 58 77 39 36 38 45 5 68 56 73 16 66 0 1 28 49 21 79 13 69 40 9 61 26 6 62 55 46 11 19 50 29 53 33 76 43 74 17 27 35 75 48 20 60 4 24 31 2 42 18 63 34 52 47 10 32 25 51 72 67 8 15 57 23 14 64 54 59 30 41 37 3],253195,258570
steepest/lipa80a,15,255464,34,110600,23,[18 29 50 69 64 39 37 9 35 34 3 23 47 16 40 12 4 71 2 46 1 53 45 30 60 25 43 32 58 10 79 26 78 67 63 75 56 51 61 44 76 19 36 21 68 13 11 38 55 41 28 52 7 66 48 42 57 5 65 77 27 24 74 31 20 22 73 6 70 49 33 62 15 0 54 17 8 14 72 59],[22 71 78 12 65 44 7 70 58 77 39 36 38 45 5 68 56 73 16 66 0 1 28 49 21 79 13 69 40 9 61 26 6 62 55 46 11 19 50 29 53 33 76 43 74 17 27 35 75 48 20 60 4 24 31 2 42 18 63 34 52 47 10 32 25 51 72 67 8 15 57 23 14 64 54 59 30 41 37 3],253195,258570
greedy/lipa80a,16,255265,136,23353,4,[56 38 18 44 48 62 41 27 75 47 26 7 15 45 1 6 42 51 33 25 73 29 66 72 60 37 70 54 36 20 34 31 13 19 53 8 17 10 0 50 68 71 65 11 24 64 43 77 69 28 14 35 4 76 74 32 2 46 12 5 16 23 30 40 21 3 49 61 9 58 67 57 79 78 55 59 22 63 52 39],[22 71 78 12 65 44 7 70 58 77 39 36 38 45 5 68 56 73 16 66 0 1 28 49 21 79 13 69 40 9 61 26 6 62 55 46 11 19 50 29 53 33 76 43 74 17 27 35 75 48 20 60 4 24 31 2 42 18 63 34 52 47 10 32 25 51 72 67 8 15 57 23 14 64 54 59 30 41 37 3],253195,258522
steepest/lipa80a,16,255225,50,161160,33,[5 25 47 2 17 13 15 7 31 32 54 75 40 50 27 0 60 34 77 23 73 71 36 53 56 64 12 67 21 20 19 55 69 70 4 57 6 48 44 39 1 62 14 16 24 65 43 33 41 46 79 51 35 61 58 76 26 18 59 63 30 37 8 49 28 74 11 66 72 78 45 3 68 38 9 29 22 10 52 42],[22 71 78 12 65 44 7 70 58 77 39 36 38 45 5 68 56 73 16 66 0 1 28 49 21 79 13 69 40 9 61 26 6 62 55 46 11 19 50 29 53 33 76 43 74 17 27 35 75 48 20 60 4 24 31 2 42 18 63 34 52 47 10 32 25 51 72 67 8 15 57 23 14 64 54 59 30 41 37 3],253195,258522
greedy/lipa80a,17,255423,123,21424,0,[0 39 45 3 61 11 2 40 48 46 6 38 9 71 55 29 19 16 26 17 63 56 66 75 30 37 47 4 23 49 53 58 24 69 33 25 1 34 8 60 52 50 20 21 72 43 10 18 64 7 79 14 78 70 42 32 15 67 5 28 73 57 44 41 31 22 13 51 76 12 77 68 54 27 65 74 35 59 36 62],[22 71 78 12 65 44 7 70 58 77 39 36 38 45 5 68 56 73 16 66 0 1 28 49 21 79 13 69 40 9 61 26 6 62 55 46 11 19 50 29 53 33 76 43 74 17 27 35 75 48 20 60 4 24 31 2 42 18 63 34 52 47 10 32 25 51 72 67 8 15 57 23 14 64 54 59 30 41 37 3],253195,258532
steepest/lipa80a,17,255237,55,176960,52,[2 29 38 48 32 73 16 25 27 55 28 11 0 65 64 19 4 76 5 22 44 13 30 43 41 1 12 59 10 63 3 58 21 26 70 75 37 33 57 34 52 68 17 6 69 8 72 24 71 51 42 15 66 9 14 36 23 79 62 61 20 50 40 47 53 56 49 35 77 45 39 46 7 60 67 31 18 74 54 78],[22 71 78 12 65 44 7 70 58 77 39 36 38 45 5 68 56 73 16 66 0 1 28 49 21 79 13 69 40 9 61 26 6 62 55 46 11 19 50 29 53 33 76 43 74 17 27 35 75 48 20 60 4 24 31 2 42 18 63 34 52 47 10 32 25 51 72 67 8 15 57 23 14 64 54 59 30 41 37 3],253195,258532
greedy/lipa80a,18,255320,129,16277,7,[7 67 28 6 70 12 56 50 66 54 30 60 36 31 55 15 58 13 32 62 10 2 61 53 19 11 23 9 42 63 20 73 43 27 38 26 14 4 79 57 52 77 45 16 5 71 49 75 47 72 21 1 65 39 78 74 40 37 48 68 41 46 51 34 33 35 22 59 18 0 29 64 44 69 3 25 76 8 17 24],[22 71 78 12 65 44 7 70 58 77 39 36 38 45 5 68 56 73 16 66 0 1 28 49 21 79 13 69 40 9 61 26 6 62 55 46 11 19 50 29 53 33 76 43 74 17 27 35 75 48 20 60 4 24 31 2 42 18 63 34 52 47 10 32 25 51 72 67 8 15 57 23 14 64 54 59 30 41 37 3],253195,258817
steepest/lipa80a,18,255211,53,170640,37,[29 60 64 14 31 78 69 70 72 65 27 10 12 61 22 45 59 11 13 17 46 15 49 77 4 44 33 62 35 25 20 34 1 7 36 39 79 48 66 2 57 23 67 73 43 37 71 68 32 5 21 51 40 19 0 50 58 24 9 74 47 8 63 3 53 42 55 6 30 38 16 41 56 54 75 18 76 52 26 28],[22 71 78 12 65 44 7 70 58 77 39 36 38 45 5 68 56 73 16 66 0 1 28 49 21 79 13 69 40 9 61 26 6 62 55 46 11 19 50 29 53 33 76 43 74 17 27 35 75 48 20 60 4 24 31 2 42 18 63 34 52 47 10 32 25 51 72 67 8 15 57 23 14 64 54 59 30 41 37 3],253195,258817
greedy/lipa80a,19,255377,151,33287,7,[43 50 15 53 77 17 13 79 74 67 5 42 76 78 30 51 14 59 60 9 16 25 55 71 38 19 41 40 2 28 4 11 48 20 44 57 23 35 0 6 7 8 18 49 62 29 27 75 66 33 45 10 70 65 61 31 22 21 46 37 47 12 39 72 34 63 54 58 73 3 52 68 56 1 24 36 69 32 26 64],[22 71 78 12 65 44 7 70 58 77 39 36 38 45 5 68 56 73 16 66 0 1 28 49 21 79 13 69 40 9 61 26 6 62 55 46 11 19 50 29 53 33 76 43 74 17 27 35 75 48 20 60 4 24 31 2 42 18 63 34 52 47 10 32 25 51 72 67 8 15 57 23 14 64 54 59 30 41 37 3],253195,258719
steepest/lipa80a,19,255386,38,123240,31,[55 35 48 16 69 39 50 17 19 67 42 21 74 18 30 1 47 44 49 40 46 25 37 73 33 78 15 54 24 23 4 68 59 63 20 45 41 52 3 64 5 58 14 43 32 7 2 77 8 76 66 10 0 27 36 51 22 65 61 12 34 56 11 31 13 9 72 6 38 57 60 28 75 62 53 71 70 79 26 29],[22 71 78 12 65 44 7 70 58 77 39 36 38 45 5 68 56 73 16 66 0 1 28 49 21 79 13 69 40 9 61 26 6 62 55 46 11 19 50 29 53 33 76 43 74 17 27 35 75 48 20 60 4 24 31 2 42 18 63 34 52 47 10 32 25 51 72 67 8 15 57 23 14 64 54 59 30 41 37 3],253195,258719
greedy/lipa80a,20,255243,147,28285,6,[64 7 28 73 61 11 13 74 15 42 39 10 76 77 55 3 56 69 6 34 46 71 5 59 36 2 53 20 40 54 51 41 8 65 44 29 48 52 12 32 58 49 16 47 72 0 50 33 68 67 37 60 26 63 66 79 75 23 4 38 9 24 1 14 19 35 27 30 18 62 57 31 25 21 22 17 70 78 45 43],[22 71 78 12 65 44 7 70 58 77 39 36 38 45 5 68 56 73 16 66 0 1 28 49 21 79 13 69 40 9 61 26 6 62 55 46 11 19 50 29 53 33 76 43 74 17 27 35 75 48 20 60 4 24 31 2 42 18 63 34 52 47 10 32 25 51 72 67 8 15 57 23 14 64 54 59 30 41 37 3],253195,258758
steepest/lipa80a,20,255310,51,164320,37,[33 14 58 41 59 54 15 18 6 52 36 39 78 55 22 9 12 21 5 72 46 47 23 68 73 64 65 27 24 28 60 69 16 62 13 7 50 53 56 75 61 26 74 30 2 40 4 43 79 70 20 45 3 1 44 11 48 19 42 17 57 34 71 31 67 37 25 51 63 76 0 77 8 32 29 49 38 66 35 10],[22 71 78 12 65 44 7 70 58 77 39 36 38 45 5 68 56 73 16 66 0 1 28 49 21 79 13 69 40 9 61 26 6 62 55 46 11 19 50 29 53 33 76 43 74 17 27 35 75 48 20 60 4 24 31 2 42 18 63 34 52 47 10 32 25 51 72 67 8 15 57 23 14 64 54 59 30 41 37 3],253195,258758
greedy/lipa80a,21,255259,136,23894,8,[38 6 36 22 27 2 55 15 76 65 30 42 4 29 54 28 45 74 67 1 16 8 69 61 59 3 48 73 40 35 41 26 63 72 25 53 71 78 9 19 43 17 68 58 7 66 44 11 77 32 75 21 37 33 49 13 62 52 12 10 51 60 0 64 5 31 18 20 14 70 34 50 57 39 79 24 46 47 56 23],[22 71 78 12 65 44 7 70 58 77 39 36 38 45 5 68 56 73 16 66 0 1 28 49 21 79 13 69 40 9 61 26 6 62 55 46 11 19 50 29 53 33 76 43 74 17 27 35 75 48 20 60 4 24 31 2 42 18 63 34 52 47 10 32 25 51 72 67 8 15 57 23 14 64 54 59 30 41 37 3],253195,258565
steepest/lipa80a,21,255481,42,135880,31,[59 4 40 33 78 22 10 16 26 15 13 53 0 31 18 20 69 28 61 3 38 45 6 21 54 42 63 27 75 29 57 43 76 32 35 44 71 79 60 51 7 11 8 5 74 68 47 55 19 37 1 64 50 23 46 34 9 66 39 77 56 36 2 58 12 70 52 72 65 48 67 25 62 41 49 17 24 30 14 73],[22 71 78 12 65 44 7 70 58 77 39 36 38 45 5 68 56 73 16 66 0 1 28 49 21 79 13 69 40 9 61 26 6 62 55 46 11 19 50 29 53 33 76 43 74 17 27 35 75 48 20 60 4 24 31 2 42 18 63 34 52 47 10 32 25 51 72 67 8 15 57 23 14 64 54 59 30 41 37 3],253195,258565
greedy/lipa80a,22,255336,142,19381,4,[66 59 63 18 42 12 17 30 74 47 37 57 46 5 68 52 10 34 60 40 6 65 77 53 4 9 36 48 78 32 3 67 43 56 15 25 39 19 21 14 75 54 16 28 7 51 31 0 73 11 23 62 27 72 44 13 26 79 38 29 55 24 22 45 2 20 76 64 35 58 49 69 61 8 1 41 33 70 50 71],[22 71 78 12 65 44 7 70 58 77 39 36 38 45 5 68 56 73 16 66 0 1 28 49 21 79 13 69 40 9 61 26 6 62 55 46 11 19 50 29 53 33 76 43 74 17 27 35 75 48 20 60 4 24 31 2 42 18 63 34 52 47 10 32 25 51 72 67 8 15 57 23 14 64 54 59 30 41 37 3],253195,258359
steepest/lipa80a,22,255171,49,158000,36,[79 12 22 53 70 45 71 65 77 44 27 76 64 62 69 51 36 0 35 46 61 8 40 41 48 24 26 66 73 72 67 13 38 9 42 75 28 29 5 14 31 54 10 78 20 30 39 7 55 58 59 47 33 19 15 32 3 34 74 17 1 37 2 68 11 60 4 23 57 18 43 16 56 21 25 6 63 49 50 52],[22 71 78 12 65 44 7 70 58 77 39 36 38 45 5 68 56 73 16 66 0 1 28 49 21 79 13 69 40 9 61 26 6 62 55 46 11 19 50 29 53 33 76 43 74 17 27 35 75 48 20 60 4 24 31 2 42 18 63 34 52 47 10 32 25 51 72 67 8 15 57 23 14 64 54 59 30 41 37 3],253195,258359
greedy/lipa80a,23,255445,137,25385,10,[20 67 53 63 77 66 39 29 36 75 51 72 79 58 78 5 69 42 59 16 45 10 48 56 35 33 9 12 13 17 32 74 1 50 70 62 57 3 27 2 0 71 55 25 11 6 54 7 73 61 41 21 65 22 40 8 18 49 44 31 38 64 76 34 24 46 52 43 30 4 28 47 68 14 60 23 15 19 26 37],[22 71 78 12 65 44 7 70 58 77 39 36 38 45 5 68 56 73 16 66 0 1 28 49 21 79 13 69 40 9 61 26 6 62 55 46 11 19 50 29 53 33 76 43 74 17 27 35 75 48 20 60 4 24 31 2 42 18 63 34 52 47 10 32 25 51 72 67 8 15 57 23 14 64 54 59 30 41 37 3],253195,258704
steepest/lipa80a,23,255615,41,132720,31,[30 13 6 47 73 41 61 1 55 46 38 35 24 78 65 21 18 76 42 15 8 63 14 5 66 29 7 50 34 57 40 16 28 36 71 68 10 52 17 48 19 53 74 54 39 0 33 58 9 27 45 59 77 32 70 4 67 49 69 60 2 23 44 72 37 75 20 43 64 56 11 62 26 79 22 3 51 12 25 31],[22 71 78 12 65 44 7 70 58 77 39 36 38 45 5 68 56 73 16 66 0 1 28 49 21 79 13 69 40 9 61 26 6 62 55 46 11 19 50 29 53 33 76 43 74 17 27 35 75 48 20 60 4 24 31 2 42 18 63 34 52 47 10 32 25 51 72 67 8 15 57 23 14 64 54 59 30 41 37 3],253195,258704
greedy/lipa80a,24,255132,132,29475,3,[2 38 0 76 57 42 27 29 55 58 13 53 43 45 5 10 77 46 54 73 68 63 67 62 51 20 69 61 39 66 15 75 35 30 48 6 65 44 33 28 3 79 70 36 12 11 21 24 41 47 14 59 31 71 78 26 40 49 72 4 52 17 32 23 25 1 9 7 64 18 19 22 37 16 56 34 8 50 60 74],[22 71 78 12 65 44 7 70 58 77 39 36 38 45 5 68 56 73 16 66 0 1 28 49 21 79 13 69 40 9 61 26 6 62 55 46 11 19 50 29 53 33 76 43 74 17 27 35 75 48 20 60 4 24 31 2 42 18 63 34 52 47 10 32 25 51 72 67 8 15 57 23 14 64 54 59 30 41 37 3],253195,258395
steepest/lipa80a,24,255381,46,148520,40,[40 70 12 0 31 48 5 58 55 15 71 53 41 33 67 14 77 46 54 2 66 78 6 79 43 51 16 36 47 4 18 32 75 37 59 72 57 73 35 62 27 60 42 52 13 34 69 24 10 44 74 3 68 56 20 25 29 9 22 49 45 1 21 30 64 17 28 65 76 50 19 26 8 39 61 7 38 11 23 63],[22 71 78 12 65 44 7 70 58 77 39 36 38 45 5 68 56 73 16 66 0 1 28 49 21 79 13 69 40 9 61 26 6 62 55 46 11 19 50 29 53 33 76 43 74 17 27 35 75 48 20 60 4 24 31 2 42 18 63 34 52 47 10 32 25 51 72 67 8 15 57 23 14 64 54 59 30 41 37 3],253195,258395
greedy/lipa80a,25,255380,140,27163,6,[32 74 28 77 17 52 43 71 37 6 18 57 47 40 2 31 24 67 62 0 15 56 19 36 61 53 5 68 48 50 33 3 63 10 49 34 9 35 45 13 60 73 4 14 55 46 65 54 42 78 72 29 16 44 66 59 64 23 38 21 25 20 41 51 8 7 22 12 75 11 79 26 39 1 76 70 30 58 69 27],[22 71 78 12 65 44 7 70 58 77 39 36 38 45 5 68 56 73 16 66 0 1 28 49 21 79 13 69 40 9 61 26 6 62 55 46 11 19 50 29 53 33 76 43 74 17 27 35 75 48 20 60 4 24 31 2 42 18 63 34 52 47 10 32 25 51 72 67 8 15 57 23 14 64 54 59 30 41 37 3],253195,258737
steepest/lipa80a,25,255360,53,170640,41,[13 78 36 2 57 16 63 6 0 22 56 41 47 23 62 79 19 31 30 76 54 15 70 61 50 35 5 28 29 75 60 40 4 66 77 59 3 9 73 7 71 45 49 17 34 46 39 21 48 55 20 72 65 44 10 11 8 51 64 68 69 67 1 58 25 24 74 43 53 42 52 18 38 37 32 12 27 14 26 33],[22 71 78 12 65 44 7 70 58 77 39 36 38 45 5 68 56 73 16 66 0 1 28 49 21 79 13 69 40 9 61 26 6 62 55 46 11 19 50 29 53 33 76 43 74 17 27 35 75 48 20 60 4 24 31 2 42 18 63 34 52 47 10 32 25 51 72 67 8 15 57 23 14 64 54 59 30 41 37 3],253195,258737
greedy/lipa80a,26,255422,142,19182,6,[44 35 74 43 58 0 30 53 70 73 2 15 3 57 4 8 20 66 21 39 59 25 56 63 72 78 41 28 33 42 24 16 11 10 62 26 79 54 45 17 61 1 50 19 60 52 65 47 37 71 77 76 31 12 5 32 7 9 27 18 13 68 34 64 14 36 23 29 49 40 55 6 67 22 46 69 51 75 38 48],[22 71 78 12 65 44 7 70 58 77 39 36 38 45 5 68 56 73 16 66 0 1 28 49 21 79 13 69 40 9 61 26 6 62 55 46 11 19 50 29 53 33 76 43 74 17 27 35 75 48 20 60 4 24 31 2 42 18 63 34 52 47 10 32 25 51 72 67 8 15 57 23 14 64 54 59 30 41 37 3],253195,258800
steepest/lipa80a,26,255298,48,154840,34,[20 71 19 51 1 53 17 34 42 7 2 33 6 38 61 75 30 57 18 63 46 76 56 12 21 26 23 37 48 77 4 73 29 35 58 10 60 11 32 55 52 45 74 36 28 44 27 62 66 65 68 24 8 50 5 47 22 15 43 67 25 3 69 41 79 39 70 54 14 0 9 49 13 40 59 31 72 16 64 78],[22 71 78 12 65 44 7 70 58 77 39 36 38 45 5 68 56 73 16 66 0 1 28 49 21 79 13 69 40 9 61 26 6 62 55 46 11 19 50 29 53 33 76 43 74 17 27 35 75 48 20 60 4 24 31 2 42 18 63 34 52 47 10 32 25 51 72 67 8 15 57 23 14 64 54 59 30 41 37 3],253195,258800
greedy/lipa80a,27,255236,146,28800,10,[73 9 70 34 79 39 52 44 65 53 54 46 32 61 49 20 57 21 22 40 66 43 26 19 33 5 16 0 11 37 63 14 17 64 8 31 7 71 10 15 55 18 62 50 68 60 69 6 41 27 28 45 59 1 56 29 25 58 47 48 72 51 36 13 24 23 78 77 75 2 3 4 30 76 35 12 42 74 38 67],[22 71 78 12 65 44 7 70 58 77 39 36 38 45 5 68 56 73 16 66 0 1 28 49 21 79 13 69 40 9 61 26 6 62 55 46 11 19 50 29 53 33 76 43 74 17 27 35 75 48 20 60 4 24 31 2 42 18 63 34 52 47 10 32 25 51 72 67 8 15 57 23 14 64 54 59 30 41 37 3],253195,258331
steepest/lipa80a,27,255501,35,113760,21,[4 39 41 29 27 23 33 50 73 44 66 36 37 43 22 2 40 70 65 5 60 25 6 52 62 53 20 58 12 46 7 75 16 63 32 34 54 15 10 71 49 0 74 31 26 55 14 18 48 9 1 61 21 11 28 68 69 77 45 17 24 19 56 59 76 47 78 57 72 8 67 30 3 64 35 79 42 51 38 13],[22 71 78 12 65 44 7 70 58 77 39 36 38 45 5 68 56 73 16 66 0 1 28 49 21 79 13 69 40 9 61 26 6 62 55 46 11 19 50 29 53 33 76 43 74 17 27 35 75 48 20 60 4 24 31 2 42 18 63 34 52 47 10 32 25 51 72 67 8 15 57 23 14 64 54 59 30 41 37 3],253195,258331
greedy/lipa80a,28,255485,120,21454,14,[65 68 75 67 17 34 39 74 15 53 63 50 62 9 69 48 54 8 38 33 22 44 46 35 1 37 11 70 18 76 31 24 29 25 4 13 20 78 52 56 10 32 5 30 43 61 49 41 73 19 23 58 14 72 77 21 64 42 57 0 27 2 47 6 3 51 16 36 45 60 79 26 59 66 28 40 7 71 12 55],[22 71 78 12 65 44 7 70 58 77 39 36 38 45 5 68 56 73 16 66 0 1 28 49 21 79 13 69 40 9 61 26 6 62 55 46 11 19 50 29 53 33 76 43 74 17 27 35 75 48 20 60 4 24 31 2 42 18 63 34 52 47 10 32 25 51 72 67 8 15 57 23 14 64 54 59 30 41 37 3],253195,258558
steepest/lipa80a,28,255336,49,158000,32,[77 39 70 63 75 36 43 71 8 38 76 22 49 18 11 7 66 44 53 16 58 69 62 68 52 3 74 30 10 31 24 72 21 6 14 26 17 20 57 35 54 50 60 28 25 65 34 33 73 19 2 47 46 29 9 61 15 78 23 32 1 55 40 13 5 79 56 59 42 51 27 48 0 67 41 45 37 12 4 64],[22 71 78 12 65 44 7 70 58 77 39 36 38 45 5 68 56 73 16 66 0 1 28 49 21 79 13 69 40 9 61 26 6 62 55 46 11 19 50 29 53 33 76 43 74 17 27 35 75 48 20 60 4 24 31 2 42 18 63 34 52 47 10 32 25 51 72 67 8 15 57 23 14 64 54 59 30 41 37 3],253195,258558
greedy/lipa80a,29,255439,121,23125,4,[26 10 57 24 13 20 30 72 37 1 74 34 42 5 60 21 27 12 65 3 49 79 2 43 31 78 55 41 38 46 58 0 56 73 59 77 16 28 32 6 14 69 53 51 50 63 62 4 35 36 39 54 23 68 64 29 75 48 7 76 44 66 33 40 11 15 22 19 17 52 67 47 71 25 70 9 8 45 18 61],[22 71 78 12 65 44 7 70 58 77 39 36 38 45 5 68 56 73 16 66 0 1 28 49 21 79 13 69 40 9 61 26 6 62 55 46 11 19 50 29 53 33 76 43 74 17 27 35 75 48 20 60 4 24 31 2 42 18 63 34 52 47 10 32 25 51 72 67 8 15 57 23 14 64 54 59 30 41 37 3],253195,258050
steepest/lipa80a,29,255539,42,135880,40,[14 74 19 76 24 39 56 58 4 10 22 6 50 35 5 46 27 60 8 65 57 38 36 78 40 25 77 68 29 33 42 20 79 47 64 55 9 53 32 30 70 17 26 51 7 23 73 0 3 34 63 11 52 28 2 12 41 45 43 16 72 62 61 75 49 66 54 18 59 67 69 37 13 44 15 1 71 31 48 21],[22 71 78 12 65 44 7 70 58 77 39 36 38 45 5 68 56 73 16 66 0 1 28 49 21 79 13 69 40 9 61 26 6 62 55 46 11 19 50 29 53 33 76 43 74 17 27 35 75 48 20 60 4 24 31 2 42 18 63 34 52 47 10 32 25 51 72 67 8 15 57 23 14 64 54 59 30 41 37 3],253195,258050
greedy/lipa80a,30,255296,161,18044,2,[6 49 17 44 24 23 72 54 56 26 41 20 15 10 4 69 46 5 76 68 11 67 77 73 66 38 60 43 1 51 33 74 39 31 36 25 70 2 7 64 18 21 29 57 55 62 61 58 50 14 19 71 30 28 45 35 37 53 52 27 42 59 3 75 65 8 78 47 40 9 12 34 79 22 63 32 13 16 0 48],[22 71 78 12 65 44 7 70 58 77 39 36 38 45 5 68 56 73 16 66 0 1 28 49 21 79 13 69 40 9 61 26 6 62 55 46 11 19 50 29 53 33 76 43 74 17 27 35 75 48 20 60 4 24 31 2 42 18 63 34 52 47 10 32 25 51 72 67 8 15 57 23 14 64 54 59 30 41 37 3],253195,258793
steepest/lipa80a,30,255220,52,167480,36,[0 54 32 60 69 49 50 10 21 33 38 29 20 45 12 11 18 22 52 72 63 40 1 61 3 55 47 73 15 56 39 30 14 4 24 76 64 6 68 25 31 66 36 5 13 79 44 65 34 17 74 77 62 28 53 67 35 2 41 75 23 42 57 78 19 46 9 27 8 37 51 7 71 70 59 58 48 26 43 16],[22 71 78 12 65 44 7 70 58 77 39 36 38 45 5 68 56 73 16 66 0 1 28 49 21 79 13 69 40 9 61 26 6 62 55 46 11 19 50 29 53 33 76 43 74 17 27 35 75 48 20 60 4 24 31 2 42 18 63 34 52 47 10 32 25 51 72 67 8 15 57 23 14 64 54 59 30 41 37 3],253195,258793
greedy/lipa80a,31,255211,140,25919,6,[27 11 5 36 78 14 72 66 53 23 0 32 18 34 16 50 13 12 57 68 46 30 28 67 76 38 31 25 59 79 35 55 20 29 74 6 64 52 2 43 58 22 61 1 37 69 33 49 7 62 63 56 77 65 15 41 75 39 70 73 9 48 4 26 45 60 24 44 42 8 47 19 71 40 10 21 54 51 17 3],[22 71 78 12 65 44 7 70 58 77 39 36 38 45 5 68 56 73 16 66 0 1 28 49 21 79 13 69 40 9 61 26 6 62 55 46 11 19 50 29 53 33 76 43 74 17 27 35 75 48 20 60 4 24 31 2 42 18 63 34 52 47 10 32 25 51 72 67 8 15 57 23 14 64 54 59 30 41 37 3],253195,258169
steepest/lipa80a,31,255208,52,167480,48,[57 76 31 53 69 48 17 66 9 71 15 77 73 74 37 34 72 38 45 12 8 32 5 35 46 21 59 25 58 18 68 13 20 55 49 24 62 4 56 64 40 67 29 7 6 22 28 27 2 3 26 78 60 23 0 30 63 70 47 65 52 19 75 61 50 43 79 44 42 54 33 1 10 41 14 39 51 36 16 11],[22 71 78 12 65 44 7 70 58 77 39 36 38 45 5 68 56 73 16 66 0 1 28 49 21 79 13 69 40 9 61 26 6 62 55 46 11 19 50 29 53 33 76 43 74 17 27 35 75 48 20 60 4 24 31 2 42 18 63 34 52 47 10 32 25 51 72 67 8 15 57 23 14 64 54 59 30 41 37 3],253195,258169
greedy/lipa80a,32,255353,110,22170,5,[55 32 43 51 22 74 53 50 20 65 56 42 26 49 73 70 33 12 1 60 9 13 46 78 45 36 23 79 30 6 31 4 59 66 64 63 71 17 41 61 75 2 27 58 76 28 69 44 62 0 39 35 52 11 8 67 5 15 54 25 24 34 47 40 10 37 57 72 21 29 19 7 3 18 68 77 38 14 16 48],[22 71 78 12 65 44 7 70 58 77 39 36 38 45 5 68 56 73 16 66 0 1 28 49 21 79 13 69 40 9 61 26 6 62 55 46 11 19 50 29 53 33 76 43 74 17 27 35 75 48 20 60 4 24 31 2 42 18 63 34 52 47 10 32 25 51 72 67 8 15 57 23 14 64 54 59 30 41 37 3],253195,258422
steepest/lipa80a,32,255394,47,151680,38,[43 72 7 15 52 53 61 64 62 57 65 50 6 14 48 60 44 54 4 1 12 46 23 13 58 59 76 66 34 18 26 49 33 28 73 32 63 35 22 70 0 39 79 24 29 45 8 11 30 10 27 3 38 56 42 67 69 77 37 75 47 31 68 19 9 41 16 74 5 20 17 36 71 2 55 40 25 21 51 78],[22 71 78 12 65 44 7 70 58 77 39 36 38 45 5 68 56 73 16 66 0 1 28 49 21 79 13 69 40 9 61 26 6 62 55 46 11 19 50 29 53 33 76 43 74 17 27 35 75 48 20 60 4 24 31 2 42 18 63 34 52 47 10 32 25 51 72 67 8 15 57 23 14 64 54 59 30 41 37 3],253195,258422
greedy/lipa80a,33,255309,131,26317,7,[32 16 58 42 29 45 5 76 18 74 46 54 26 60 15 69 71 73 49 50 35 64 27 47 0 9 78 72 79 8 7 38 51 3 2 68 57 20 55 39 19 4 43 70 52 40 44 37 17 61 63 28 33 11 13 66 65 24 53 30 31 10 6 62 25 21 56 41 48 22 23 12 34 14 77 59 67 1 36 75],[22 71 78 12 65 44 7 70 58 77 39 36 38 45 5 68 56 73 16 66 0 1 28 49 21 79 13 69 40 9 61 26 6 62 55 46 11 19 50 29 53 33 76 43 74 17 27 35 75 48 20 60 4 24 31 2 42 18 63 34 52 47 10 32 25 51 72 67 8 15 57 23 14 64 54 59 30 41 37 3],253195,258376
steepest/lipa80a,33,255362,47,151680,56,[55 1 11 64 50 45 54 53 40 69 32 59 56 21 73 20 71 31 30 65 49 41 42 47 78 9 26 66 38 37 19 28 4 29 24 5 79 34 13 8 27 74 16 67 10 17 33 63 68 62 25 0 48 72 57 43 35 2 75 3 6 77 18 61 58 36 76 46 23 22 44 12 39 14 70 15 52 60 7 51],[22 71 78 12 65 44 7 70 58 77 39 36 38 45 5 68 56 73 16 66 0 1 28 49 21 79 13 69 40 9 61 26 6 62 55 46 11 19 50 29 53 33 76 43 74 17 27 35 75 48 20 60 4 24 31 2 42 18 63 34 52 47 10 32 25 51 72 67 8 15 57 23 14 64 54 59 30 41 37 3],253195,258376
greedy/lipa80a,34,255286,147,25975,9,[10 74 55 47 5 50 73 15 45 41 9 12 18 38 30 1 78 66 7 19 42 3 8 31 2 35 13 14 22 76 11 26 61 0 48 51 52 4 54 34 62 24 37 67 60 21 27 40 77 57 71 33 23 79 75 69 32 59 6 44 20 49 46 25 65 58 63 16 72 53 68 56 28 43 39 29 36 17 64 70],[22 71 78 12 65 44 7 70 58 77 39 36 38 45 5 68 56 73 16 66 0 1 28 49 21 79 13 69 40 9 61 26 6 62 55 46 11 19 50 29 53 33 76 43 74 17 27 35 75 48 20 60 4 24 31 2 42 18 63 34 52 47 10 32 25 51 72 67 8 15 57 23 14 64 54 59 30 41 37 3],253195,258864
steepest/lipa80a,34,255430,43,139040,33,[76 12 63 10 78 52 65 11 70 1 45 41 35 71 61 27 53 4 2 7 9 29 8 49 3 31 16 67 54 43 58 66 42 47 59 20 26 40 77 28 37 19 74 15 60 72 38 23 30 36 21 18 57 39 25 32 68 50 44 62 34 14 64 0 33 5 17 48 79 56 75 6 73 51 55 24 13 46 69 22],[22 71 78 12 65 44 7 70 58 77 39 36 38 45 5 68 56 73 16 66 0 1 28 49 21 79 13 69 40 9 61 26 6 62 55 46 11 19 50 29 53 33 76 43 74 17 27 35 75 48 20 60 4 24 31 2 42 18 63 34 52 47 10 32 25 51 72 67 8 15 57 23 14 64 54 59 30 41 37 3],253195,258864
greedy/lipa80a,35,255246,118,24839,7,[70 67 44 43 21 28 34 63 18 0 26 25 19 14 78 77 69 35 62 37 36 7 2 48 29 33 17 46 53 68 66 32 79 42 51 3 13 38 75 27 64 30 8 15 4 65 57 49 16 52 6 10 5 74 12 60 47 40 72 23 50 41 45 1 55 54 58 9 11 59 71 39 22 61 24 20 73 76 56 31],[22 71 78 12 65 44 7 70 58 77 39 36 38 45 5 68 56 73 16 66 0 1 28 49 21 79 13 69 40 9 61 26 6 62 55 46 11 19 50 29 53 33 76 43 74 17 27 35 75 48 20 60 4 24 31 2 42 18 63 34 52 47 10 32 25 51 72 67 8 15 57 23 14 64 54 59 30 41 37 3],253195,258365
steepest/lipa80a,35,255353,43,139040,32,[44 41 37 62 2 34 27 22 71 6 21 63 52 16 70 38 53 76 14 64 77 39 79 35 29 51 25 15 57 31 40 60 13 72 66 78 5 42 59 3 18 36 68 74 61 73 30 69 50 45 46 28 75 20 65 23 17 11 19 55 49 47 43 1 54 8 58 9 4 24 12 0 67 10 32 48 33 56 7 26],[22 71 78 12 65 44 7 70 58 77 39 36 38 45 5 68 56 73 16 66 0 1 28 49 21 79 13 69 40 9 61 26 6 62 55 46 11 19 50 29 53 33 76 43 74 17 27 35 75 48 20 60 4 24 31 2 42 18 63 34 52 47 10 32 25 51 72 67 8 15 57 23 14 64 54 59 30 41 37 3],253195,258365
greedy/lipa80a,36,255366,138,18756,7,[77 39 56 18 67 12 51 53 23 74 36 25 70 32 48 4 7 45 75 26 10 57 54 1 47 68 9 31 3 2 21 42 8 40 72 63 58 14 27 41 0 29 61 64 20 11 5 17 6 76 24 49 73 62 65 79 13 28 71 78 34 16 55 52 33 59 30 15 22 60 69 19 35 37 66 38 46 50 44 43],[22 71 78 12 65 44 7 70 58 77 39 36 38 45 5 68 56 73 16 66 0 1 28 49 21 79 13 69 40 9 61 26 6 62 55 46 11 19 50 29 53 33 76 43 74 17 27 35 75 48 20 60 4 24 31 2 42 18 63 34 52 47 10 32 25 51 72 67 8 15 57 23 14 64 54 59 30 41 37 3],253195,258373
steepest/lipa80a,36,255269,54,173800,40,[77 75 32 57 30 56 71 60 49 1 61 27 19 12 62 29 13 72 23 58 65 51 39 44 36 10 5 42 43 48 59 14 38 2 25 50 69 16 21 8 76 3 28 22 0 63 67 35 37 54 31 66 4 33 20 47 68 40 78 18 24 74 26 11 46 52 17 34 6 7 45 70 55 79 41 64 53 9 15 73],[22 71 78 12 65 44 7 70 58 77 39 36 38 45 5 68 56 73 16 66 0 1 28 49 21 79 13 69 40 9 61 26 6 62 55 46 11 19 50 29 53 33 76 43 74 17 27 35 75 48 20 60 4 24 31 2 42 18 63 34 52 47 10 32 25 51 72 67 8 15 57 23 14 64 54 59 30 41 37 3],253195,258373
greedy/lipa80a,37,255360,142,28184,6,[31 29 69 78 39 19 40 24 9 79 71 46 75 66 25 61 38 23 52 45 7 77 54 2 58 68 76 57 0 22 6 43 12 36 47 28 37 41 1 60 27 35 44 64 10 42 50 18 30 4 3 14 13 34 49 26 21 32 67 72 62 5 65 56 59 16 15 73 48 51 63 11 53 17 74 70 55 8 20 33],[22 71 78 12 65 44 7 70 58 77 39 36 38 45 5 68 56 73 16 66 0 1 28 49 21 79 13 69 40 9 61 26 6 62 55 46 11 19 50 29 53 33 76 43 74 17 27 35 75 48 20 60 4 24 31 2 42 18 63 34 52 47 10 32 25 51 72 67 8 15 57 23 14 64 54 59 30 41 37 3],253195,258450
steepest/lipa80a,37,255461,41,132720,27,[10 15 36 1 29 64 78 55 35 58 38 42 37 34 49 11 4 5 26 27 21 69 30 2 6 31 39 7 32 48 18 52 66 56 9 47 70 44 59 33 43 76 12 24 46 63 67 40 28 51 50 16 45 73 62 41 13 17 77 53 72 8 54 75 68 74 71 23 61 22 0 20 79 25 65 60 19 57 3 14],[22 71 78 12 65 44 7 70 58 77 39 36 38 45 5 68 56 73 16 66 0 1 28 49 21 79 13 69 40 9 61 26 6 62 55 46 11 19 50 29 53 33 76 43 74 17 27 35 75 48 20 60 4 24 31 2 42 18 63 34 52 47 10 32 25 51 72 67 8 15 57 23 14 64 54 59 30 41 37 3],253195,258450
greedy/lipa80a,38,255464,128,16051,3,[8 74 12 2 10 36 43 1 20 69 60 24 56 28 52 48 70 40 61 63 34 42 3 58 38 49 0 19 13 37 35 14 47 5 65 50 29 78 33 51 72 25 46 53 31 54 76 71 17 9 16 11 26 75 67 22 68 59 79 4 18 32 21 57 55 44 39 73 64 30 62 7 45 27 23 6 77 66 15 41],[22 71 78 12 65 44 7 70 58 77 39 36 38 45 5 68 56 73 16 66 0 1 28 49 21 79 13 69 40 9 61 26 6 62 55 46 11 19 50 29 53 33 76 43 74 17 27 35 75 48 20 60 4 24 31 2 42 18 63 34 52 47 10 32 25 51 72 67 8 15 57 23 14 64 54 59 30 41 37 3],253195,258510
steepest/lipa80a,38,255255,53,170640,38,[18 21 66 33 63 16 43 45 74 53 19 24 69 28 4 8 42 26 25 17 61 76 73 27 30 0 23 52 15 14 51 11 2 75 71 60 34 55 50 46 59 1 62 13 38 64 67 9 48 70 39 6 47 56 65 29 3 57 36 58 79 44 10 12 7 31 72 40 35 32 37 41 5 20 78 49 68 54 22 77],[22 71 78 12 65 44 7 70 58 77 39 36 38 45 5 68 56 73 16 66 0 1 28 49 21 79 13 69 40 9 61 26 6 62 55 46 11 19 50 29 53 33 76 43 74 17 27 35 75 48 20 60 4 24 31 2 42 18 63 34 52 47 10 32 25 51 72 67 8 15 57 23 14 64 54 59 30 41 37 3],253195,258510
greedy/lipa80a,39,255366,123,20093,6,[63 66 71 30 57 70 79 41 21 78 42 25 77 36 50 0 15 34 53 75 39 2 24 55 45 60 72 47 3 43 26 32 68 5 22 38 17 46 37 18 33 54 27 59 13 65 73 62 52 51 49 67 19 74 14 58 28 31 48 23 56 6 4 40 61 64 9 44 7 16 11 10 76 12 29 69 35 1 20 8],[22 71 78 12 65 44 7 70 58 77 39 36 38 45 5 68 56 73 16 66 0 1 28 49 21 79 13 69 40 9 61 26 6 62 55 46 11 19 50 29 53 33 76 43 74 17 27 35 75 48 20 60 4 24 31 2 42 18 63 34 52 47 10 32 25 51 72 67 8 15 57 23 14 64 54 59 30 41 37 3],253195,258563
steepest/lipa80a,39,255380,49,158000,35,[14 7 62 67 33 65 40 12 68 75 48 21 51 54 56 41 24 42 49 30 1 20 43 27 10 6 58 66 3 25 2 32 52 35 18 37 5 64 38 46 53 34 71 78 4 16 63 72 39 19 79 57 76 74 77 59 11 31 28 17 50 70 47 45 0 55 26 23 8 61 9 60 22 44 29 13 69 36 73 15],[22 71 78 12 65 44 7 70 58 77 39 36 38 45 5 68 56 73 16 66 0 1 28 49 21 79 13 69 40 9 61 26 6 62 55 46 11 19 50 29 53 33 76 43 74 17 27 35 75 48 20 60 4 24 31 2 42 18 63 34 52 47 10 32 25 51 72 67 8 15 57 23 14 64 54 59 30 41 37 3],253195,258563
greedy/lipa80a,40,255306,146,31228,8,[28 36 67 68 52 30 17 41 75 21 4 50 18 13 39 5 58 61 27 45 77 32 12 31 48 9 26 49 35 74 64 70 73 0 3 8 78 11 15 7 44 34 19 71 10 25 65 72 69 66 33 51 37 20 42 1 40 6 43 53 46 54 22 38 57 16 79 2 24 55 56 62 76 23 60 29 47 14 59 63],[22 71 78 12 65 44 7 70 58 77 39 36 38 45 5 68 56 73 16 66 0 1 28 49 21 79 13 69 40 9 61 26 6 62 55 46 11 19 50 29 53 33 76 43 74 17 27 35 75 48 20 60 4 24 31 2 42 18 63 34 52 47 10 32 25 51 72 67 8 15 57 23 14 64 54 59 30 41 37 3],253195,258375
steepest/lipa80a,40,255237,52,167480,41,[0 41 51 12 45 68 74 31 63 49 60 54 5 43 30 23 29 77 27 65 1 16 55 52 28 25 64 34 11 22 35 4 17 32 2 59 9 50 56 46 36 33 19 6 61 14 21 58 48 76 20 39 78 40 24 66 42 37 15 10 26 13 44 73 69 53 79 67 72 62 71 18 57 75 3 70 47 8 38 7],[22 71 78 12 65 44 7 70 58 77 39 36 38 45 5 68 56 73 16 66 0 1 28 49 21 79 13 69 40 9 61 26 6 62 55 46 11 19 50 29 53 33 76 43 74 17 27 35 75 48 20 60 4 24 31 2 42 18 63 34 52 47 10 32 25 51 72 67 8 15 57 23 14 64 54 59 30 41 37 3],253195,258375
greedy/lipa80a,41,255247,143,28650,9,[36 59 14 18 27 66 20 45 46 65 32 33 64 41 15 39 23 29 69 4 7 1 17 12 77 30 53 25 38 22 0 60 68 55 62 72 78 37 76 40 6 49 26 42 9 28 21 5 50 2 70 67 54 48 51 13 79 57 24 61 58 34 75 10 8 31 52 35 73 47 16 11 71 3 44 56 19 43 74 63],[22 71 78 12 65 44 7 70 58 77 39 36 38 45 5 68 56 73 16 66 0 1 28 49 21 79 13 69 40 9 61 26 6 62 55 46 11 19 50 29 53 33 76 43 74 17 27 35 75 48 20 60 4 24 31 2 42 18 63 34 52 47 10 32 25 51 72 67 8 15 57 23 14 64 54 59 30 41 37 3],253195,258433
steepest/lipa80a,41,255299,54,173800,49,[4 2 11 15 62 22 6 55 51 67 39 40 56 25 16 32 5 52 13 44 10 43 3 12 28 7 19 46 21 30 33 38 54 29 60 23 50 48 68 57 58 8 72 70 31 26 42 34 1 18 17 27 0 76 75 61 71 66 65 20 24 79 47 59 36 9 49 69 74 77 35 14 64 53 78 45 37 63 73 41],[22 71 78 12 65 44 7 70 58 77 39 36 38 45 5 68 56 73 16 66 0 1 28 49 21 79 13 69 40 9 61 26 6 62 55 46 11 19 50 29 53 33 76 43 74 17 27 35 75 48 20 60 4 24 31 2 42 18 63 34 52 47 10 32 25 51 72 67 8 15 57 23 14 64 54 59 30 41 37 3],253195,258433
greedy/lipa80a,42,255228,148,31357,14,[27 18 19 71 75 7 65 68 73 43 25 36 28 49 44 74 12 8 20 48 5 67 14 1 10 77 13 17 66 42 33 76 64 31 37 63 60 56 11 23 70 78 45 58 21 72 29 57 15 54 40 6 30 53 22 46 4 52 41 47 61 16 0 2 39 34 9 26 55 35 51 79 69 59 50 32 38 62 3 24],[22 71 78 12 65 44 7 70 58 77 39 36 38 45 5 68 56 73 16 66 0 1 28 49 21 79 13 69 40 9 61 26 6 62 55 46 11 19 50 29 53 33 76 43 74 17 27 35 75 48 20 60 4 24 31 2 42 18 63 34 52 47 10 32 25 51 72 67 8 15 57 23 14 64 54 59 30 41 37 3],253195,258526
steepest/lipa80a,42,255400,42,135880,33,[67 68 5 29 0 45 50 2 20 78 52 36 9 44 66 42 77 21 71 37 79 47 3 58 27 56 72 18 35 10 70 30 54 59 13 40 17 55 26 63 8 57 12 15 23 61 1 51 46 19 25 76 41 31 69 53 6 4 32 39 74 16 22 73 14 7 34 65 75 60 11 64 33 48 62 28 43 49 38 24],[22 71 78 12 65 44 7 70 58 77 39 36 38 45 5 68 56 73 16 66 0 1 28 49 21 79 13 69 40 9 61 26 6 62 55 46 11 19 50 29 53 33 76 43 74 17 27 35 75 48 20 60 4 24 31 2 42 18 63 34 52 47 10 32 25 51 72 67 8 15 57 23 14 64 54 59 30 41 37 3],253195,258526
greedy/lipa80a,43,255339,127,34827,10,[15 6 22 50 7 38 40 35 46 66 26 25 47 54 18 77 69 79 30 78 20 65 59 28 49 0 11 68 60 67 42 63 57 70 75 51 72 9 39 37 32 33 27 45 24 71 19 31 76 56 61 17 52 16 36 12 64 10 53 4 48 23 43 21 41 5 8 14 55 73 29 1 58 74 34 2 62 13 3 44],[22 71 78 12 65 44 7 70 58 77 39 36 38 45 5 68 56 73 16 66 0 1 28 49 21 79 13 69 40 9 61 26 6 62 55 46 11 19 50 29 53 33 76 43 74 17 27 35 75 48 20 60 4 24 31 2 42 18 63 34 52 47 10 32 25 51 72 67 8 15 57 23 14 64 54 59 30 41 37 3],253195,258543
steepest/lipa80a,43,255431,42,135880,33,[73 6 78 54 34 57 31 38 23 66 26 27 7 46 35 43 69 9 24 11 50 18 8 74 22 60 44 30 39 63 58 36 17 25 62 67 79 41 72 37 53 13 14 42 45 48 0 29 76 56 59 16 47 71 68 12 19 75 2 15 28 77 61 32 64 5 52 3 10 55 1 65 21 4 20 70 49 33 40 51],[22 71 78 12 65 44 7 70 58 77 39 36 38 45 5 68 56 73 16 66 0 1 28 49 21 79 13 69 40 9 61 26 6 62 55 46 11 19 50 29 53 33 76 43 74 17 27 35 75 48 20 60 4 24 31 2 42 18 63 34 52 47 10 32 25 51 72 67 8 15 57 23 14 64 54 59 30 41 37 3],253195,258543
greedy/lipa80a,44,255292,139,25108,7,[33 16 29 6 51 23 10 44 63 56 79 64 1 25 35 3 37 38 28 20 52 40 74 42 18 9 49 68 72 77 2 46 26 7 27 76 59 58 36 13 12 43 31 45 15 65 34 17 32 61 75 39 24 19 21 8 60 69 4 71 66 22 50 70 41 55 73 11 78 62 0 57 67 48 5 53 30 54 14 47],[22 71 78 12 65 44 7 70 58 77 39 36 38 45 5 68 56 73 16 66 0 1 28 49 21 79 13 69 40 9 61 26 6 62 55 46 11 19 50 29 53 33 76 43 74 17 27 35 75 48 20 60 4 24 31 2 42 18 63 34 52 47 10 32 25 51 72 67 8 15 57 23 14 64 54 59 30 41 37 3],253195,258422
steepest/lipa80a,44,255297,54,173800,41,[77 56 31 25 46 21 16 7 60 34 11 65 51 1 29 38 71 23 73 59 49 13 19 42 78 43 58 75 3 62 33 54 45 52 44 48 70 8 36 63 12 2 50 64 79 53 4 61 74 5 30 69 41 6 24 0 72 20 66 57 15 47 39 32 17 68 14 37 67 22 9 76 55 40 28 35 26 10 18 27],[22 71 78 12 65 44 7 70 58 77 39 36 38 45 5 68 56 73 16 66 0 1 28 49 21 79 13 69 40 9 61 26 6 62 55 46 11 19 50 29 53 33 76 43 74 17 27 35 75 48 20 60 4 24 31 2 42 18 63 34 52 47 10 32 25 51 72 67 8 15 57 23 14 64 54 59 30 41 37 3],253195,258422
greedy/lipa80a,45,255243,129,28896,6,[45 74 3 69 1 0 77 38 26 37 15 9 6 65 55 58 22 70 52 28 61 10 32 13 71 25 36 76 7 41 2 47 49 64 62 43 57 51 35 48 66 4 24 46 17 79 19 8 30 78 56 21 16 50 5 72 42 73 40 33 44 12 20 11 59 54 63 34 31 68 60 53 23 29 39 18 14 67 27 75],[22 71 78 12 65 44 7 70 58 77 39 36 38 45 5 68 56 73 16 66 0 1 28 49 21 79 13 69 40 9 61 26 6 62 55 46 11 19 50 29 53 33 76 43 74 17 27 35 75 48 20 60 4 24 31 2 42 18 63 34 52 47 10 32 25 51 72 67 8 15 57 23 14 64 54 59 30 41 37 3],253195,258083
steepest/lipa80a,45,255333,43,139040,32,[73 74 5 45 21 15 77 9 19 52 28 71 38 16 20 47 22 57 40 12 61 13 63 75 18 25 31 49 3 65 42 26 62 54 46 56 11 70 35 33 50 6 67 48 14 2 27 64 55 78 7 51 68 0 72 43 44 1 41 17 23 29 36 32 60 30 66 34 24 69 8 58 76 39 59 4 79 37 53 10],[22 71 78 12 65 44 7 70 58 77 39 36 38 45 5 68 56 73 16 66 0 1 28 49 21 79 13 69 40 9 61 26 6 62 55 46 11 19 50 29 53 33 76 43 74 17 27 35 75 48 20 60 4 24 31 2 42 18 63 34 52 47 10 32 25 51 72 67 8 15 57 23 14 64 54 59 30 41 37 3],253195,258083
greedy/lipa80a,46,255204,131,26010,3,[76 38 54 36 46 67 2 18 7 59 6 55 20 52 72 35 77 42 30 29 75 50 25 31 14 26 4 57 62 13 48 60 32 10 0 70 64 41 51 37 28 9 44 1 79 3 53 15 78 47 24 45 63 11 43 66 49 40 58 23 69 68 73 39 8 65 5 17 34 71 56 33 61 19 21 22 16 12 27 74],[22 71 78 12 65 44 7 70 58 77 39 36 38 45 5 68 56 73 16 66 0 1 28 49 21 79 13 69 40 9 61 26 6 62 55 46 11 19 50 29 53 33 76 43 74 17 27 35 75 48 20 60 4 24 31 2 42 18 63 34 52 47 10 32 25 51 72 67 8 15 57 23 14 64 54 59 30 41 37 3],253195,258572
steepest/lipa80a,46,255333,51,164320,40,[9 77 78 29 46 35 71 64 8 79 14 27 31 20 42 0 34 36 75 48 28 39 3 38 7 26 47 61 68 4 56 51 65 1 30 16 53 55 52 5 70 37 6 32 54 67 2 59 21 15 23 13 57 58 18 33 40 41 63 49 74 24 17 12 73 69 76 62 50 43 22 66 45 11 19 60 44 10 25 72],[22 71 78 12 65 44 7 70 58 77 39 36 38 45 5 68 56 73 16 66 0 1 28 49 21 79 13 69 40 9 61 26 6 62 55 46 11 19 50 29 53 33 76 43 74 17 27 35 75 48 20 60 4 24 31 2 42 18 63 34 52 47 10 32 25 51 72 67 8 15 57 23 14 64 54 59 30 41 37 3],253195,258572
greedy/lipa80a,47,255253,133,19190,0,[2 4 7 53 38 46 67 73 64 71 10 27 6 16 54 78 29 51 20 23 42 61 56 15 18 8 65 34 37 21 79 63 5 40 45 50 52 41 25 22 1 59 70 75 28 13 36 31 55 69 58 44 3 17 11 68 66 72 19 48 0 9 32 60 43 76 62 12 57 49 33 47 24 35 74 39 30 26 14 77],[22 71 78 12 65 44 7 70 58 77 39 36 38 45 5 68 56 73 16 66 0 1 28 49 21 79 13 69 40 9 61 26 6 62 55 46 11 19 50 29 53 33 76 43 74 17 27 35 75 48 20 60 4 24 31 2 42 18 63 34 52 47 10 32 25 51 72 67 8 15 57 23 14 64 54 59 30 41 37 3],253195,258349
steepest/lipa80a,47,255262,35,113760,31,[16 22 50 51 4 8 78 10 2 38 59 29 52 23 62 61 49 44 18 70 58 43 56 72 64 35 63 27 47 53 79 54 1 60 30 9 25 12 24 77 73 21 55 66 28 46 13 42 65 69 6 57 7 37 15 11 17 20 41 36 74 71 3 31 68 75 5 32 34 76 19 45 33 40 0 39 67 14 48 26],[22 71 78 12 65 44 7 70 58 77 39 36 38 45 5 68 56 73 16 66 0 1 28 49 21 79 13 69 40 9 61 26 6 62 55 46 11 19 50 29 53 33 76 43 74 17 27 35 75 48 20 60 4 24 31 2 42 18 63 34 52 47 10 32 25 51 72 67 8 15 57 23 14 64 54 59 30 41 37 3],253195,258349
greedy/lipa80a,48,255226,131,24477,0,[13 58 25 48 68 49 10 76 7 11 73 40 4 42 20 15 36 27 21 41 17 32 24 61 66 9 29 52 18 54 56 64 57 33 63 39 67 37 47 14 0 19 35 78 69 8 59 65 6 43 74 72 55 1 34 5 51 71 60 3 62 46 31 53 30 23 26 50 44 79 2 70 45 22 77 28 38 75 16 12],[22 71 78 12 65 44 7 70 58 77 39 36 38 45 5 68 56 73 16 66 0 1 28 49 21 79 13 69 40 9 61 26 6 62 55 46 11 19 50 29 53 33 76 43 74 17 27 35 75 48 20 60 4 24 31 2 42 18 63 34 52 47 10 32 25 51 72 67 8 15 57 23 14 64 54 59 30 41 37 3],253195,258221
steepest/lipa80a,48,255334,40,129560,36,[5 32 24 39 60 49 8 67 48 42 15 77 62 56 36 76 78 26 22 64 13 66 68 63 6 54 29 52 45 53 10 57 38 33 47 9 75 37 30 14 41 19 58 2 59 46 34 20 17 16 35 55 61 25 79 27 72 40 7 71 69 1 31 0 11 4 73 44 70 74 43 50 18 21 3 12 28 65 51 23],[22 71 78 12 65 44 7 70 58 77 39 36 38 45 5 68 56 73 16 66 0 1 28 49 21 79 13 69 40 9 61 26 6 62 55 46 11 19 50 29 53 33 76 43 74 17 27 35 75 48 20 60 4 24 31 2 42 18 63 34 52 47 10 32 25 51 72 67 8 15 57 23 14 64 54 59 30 41 37 3],253195,258221
greedy/lipa80a,49,255340,145,33423,8,[73 42 1 34 7 21 64 62 70 40 44 38 19 55 59 23 47 0 12 17 16 61 37 9 48 4 46 33 24 22 28 13 66 65 54 67 69 25 56 43 26 75 3 78 18 14 68 29 8 31 5 41 76 45 35 27 30 53 39 57 49 20 71 77 11 63 50 2 52 58 60 74 36 15 79 51 10 6 72 32],[22 71 78 12 65 44 7 70 58 77 39 36 38 45 5 68 56 73 16 66 0 1 28 49 21 79 13 69 40 9 61 26 6 62 55 46 11 19 50 29 53 33 76 43 74 17 27 35 75 48 20 60 4 24 31 2 42 18 63 34 52 47 10 32 25 51 72 67 8 15 57 23 14 64 54 59 30 41 37 3],253195,258779
steepest/lipa80a,49,255495,46,148520,35,[16 25 19 31 36 0 79 33 35 38 70 13 28 21 78 4 14 22 7 44 40 46 69 67 64 56 60 27 75 57 1 2 77 76 29 53 47 41 74 66 59 72 55 65 39 10 51 30 23 71 5 12 3 49 48 11 6 61 43 42 73 18 24 58 15 26 32 45 37 63 17 34 20 52 62 8 50 9 54 68],[22 71 78 12 65 44 7 70 58 77 39 36 38 45 5 68 56 73 16 66 0 1 28 49 21 79 13 69 40 9 61 26 6 62 55 46 11 19 50 29 53 33 76 43 74 17 27 35 75 48 20 60 4 24 31 2 42 18 63 34 52 47 10 32 25 51 72 67 8 15 57 23 14 64 54 59 30 41 37 3],253195,258779
greedy/lipa80a,50,255417,124,27591,3,[21 44 49 24 27 54 30 32 56 69 26 28 38 5 48 55 74 61 65 20 0 36 51 17 2 59 73 18 33 63 41 11 66 34 15 71 37 77 7 23 53 35 43 75 50 62 10 31 79 6 58 67 40 68 45 39 42 60 78 76 4 29 14 12 13 19 46 22 25 64 72 9 47 52 16 70 57 3 8 1],[22 71 78 12 65 44 7 70 58 77 39 36 38 45 5 68 56 73 16 66 0 1 28 49 21 79 13 69 40 9 61 26 6 62 55 46 11 19 50 29 53 33 76 43 74 17 27 35 75 48 20 60 4 24 31 2 42 18 63 34 52 47 10 32 25 51 72 67 8 15 57 23 14 64 54 59 30 41 37 3],253195,258432
steepest/lipa80a,50,255509,39,126400,27,[65 47 32 75 78 10 40 69 37 8 72 61 20 12 71 50 44 6 21 28 9 27 26 11 2 22 73 67 55 43 58 66 7 13 60 74 68 4 23 64 39 62 56 5 53 46 38 41 35 49 24 18 15 54 45 52 25 17 48 57 30 29 77 31 33 19 1 63 34 51 70 3 59 42 14 0 16 36 76 79],[22 71 78 12 65 44 7 70 58 77 39 36 38 45 5 68 56 73 16 66 0 1 28 49 21 79 13 69 40 9 61 26 6 62 55 46 11 19 50 29 53 33 76 43 74 17 27 35 75 48 20 60 4 24 31 2 42 18 63 34 52 47 10 32 25 51 72 67 8 15 57 23 14 64 54 59 30 41 37 3],253195,258432
greedy/lipa80a,51,255289,138,28617,12,[8 51 64 45 48 75 2 21 31 41 29 38 52 46 49 57 15 16 50 19 27 74 7 76 3 56 47 1 72 13 58 33 60 65 24 10 14 5 67 68 70 0 79 77 28 34 66 69 54 73 6 78 26 59 37 44 22 53 36 71 35 20 43 23 55 11 17 42 63 18 39 9 32 4 12 25 40 62 61 30],[22 71 78 12 65 44 7 70 58 77 39 36 38 45 5 68 56 73 16 66 0 1 28 49 21 79 13 69 40 9 61 26 6 62 55 46 11 19 50 29 53 33 76 43 74 17 27 35 75 48 20 60 4 24 31 2 42 18 63 34 52 47 10 32 25 51 72 67 8 15 57 23 14 64 54 59 30 41 37 3],253195,258710
steepest/lipa80a,51,255460,43,139040,31,[33 66 75 65 79 34 51 38 7 20 12 49 62 41 40 21 64 4 2 36 31 68 13 74 32 5 76 24 27 55 52 48 3 6 58 61 69 10 45 71 35 67 57 25 0 18 43 60 29 15 1 78 50 8 22 63 53 70 17 19 28 16 47 42 39 46 77 72 37 44 9 26 59 23 14 73 11 56 54 30],[22 71 78 12 65 44 7 70 58 77 39 36 38 45 5 68 56 73 16 66 0 1 28 49 21 79 13 69 40 9 61 26 6 62 55 46 11 19 50 29 53 33 76 43 74 17 27 35 75 48 20 60 4 24 31 2 42 18 63 34 52 47 10 32 25 51 72 67 8 15 57 23 14 64 54 59 30 41 37 3],253195,258710
greedy/lipa80a,52,255254,143,26312,7,[42 28 54 9 41 59 48 57 64 38 16 73 35 74 70 60 4 39 7 0 33 58 20 78 5 36 13 47 15 37 2 22 32 45 69 3 63 30 26 50 40 23 43 76 52 51 68 66 27 18 6 46 55 79 17 34 62 8 29 10 24 14 31 75 21 49 71 44 25 12 77 53 1 56 11 67 61 65 72 19],[22 71 78 12 65 44 7 70 58 77 39 36 38 45 5 68 56 73 16 66 0 1 28 49 21 79 13 69 40 9 61 26 6 62 55 46 11 19 50 29 53 33 76 43 74 17 27 35 75 48 20 60 4 24 31 2 42 18 63 34 52 47 10 32 25 51 72 67 8 15 57 23 14 64 54 59 30 41 37 3],253195,258330
steepest/lipa80a,52,255542,38,123240,29,[6 53 73 55 76 68 17 41 48 50 8 44 62 79 9 32 72 71 35 69 14 30 2 16 10 59 47 46 52 67 3 37 26 31 22 25 51 13 38 78 29 63 40 28 64 4 12 39 27 18 0 24 61 77 21 43 19 60 5 33 45 56 42 49 23 58 54 75 7 34 11 20 70 1 57 36 65 66 74 15],[22 71 78 12 65 44 7 70 58 77 39 36 38 45 5 68 56 73 16 66 0 1 28 49 21 79 13 69 40 9 61 26 6 62 55 46 11 19 50 29 53 33 76 43 74 17 27 35 75 48 20 60 4 24 31 2 42 18 63 34 52 47 10 32 25 51 72 67 8 15 57 23 14 64 54 59 30 41 37 3],253195,258330
greedy/lipa80a,53,255159,157,29998,1,[61 8 71 33 70 32 25 57 30 74 55 17 18 13 49 2 20 73 58 62 44 38 59 0 67 37 50 7 22 72 48 77 26 51 6 24 56 4 27 35 10 68 63 15 43 45 34 29 53 47 5 23 41 75 42 46 1 79 28 54 11 39 14 16 69 66 31 65 64 52 21 36 78 19 60 40 9 76 12 3],[22 71 78 12 65 44 7 70 58 77 39 36 38 45 5 68 56 73 16 66 0 1 28 49 21 79 13 69 40 9 61 26 6 62 55 46 11 19 50 29 53 33 76 43 74 17 27 35 75 48 20 60 4 24 31 2 42 18 63 34 52 47 10 32 25 51 72 67 8 15 57 23 14 64 54 59 30 41 37 3],253195,258521
steepest/lipa80a,53,255432,45,145360,31,[52 45 19 4 55 20 67 65 33 14 3 62 12 50 18 2 17 36 75 69 25 9 30 21 70 51 49 78 22 26 64 11 32 48 53 42 56 15 79 72 10 6 40 76 16 38 13 27 41 63 60 73 37 43 57 46 61 74 47 24 29 77 28 68 8 0 71 39 1 35 7 31 54 66 5 23 58 44 34 59],[22 71 78 12 65 44 7 70 58 77 39 36 38 45 5 68 56 73 16 66 0 1 28 49 21 79 13 69 40 9 61 26 6 62 55 46 11 19 50 29 53 33 76 43 74 17 27 35 75 48 20 60 4 24 31 2 42 18 63 34 52 47 10 32 25 51 72 67 8 15 57 23 14 64 54 59 30 41 37 3],253195,258521
greedy/lipa80a,54,255176,144,21562,10,[13 1 48 25 28 5 8 37 47 27 73 0 41 38 70 31 18 24 57 55 46 36 4 60 52 29 50 78 45 15 72 11 2 63 59 23 65 61 16 20 32 6 68 56 33 39 77 12 34 62 22 54 49 17 19 9 53 44 21 42 30 51 67 71 26 69 79 7 76 3 58 66 64 75 10 43 14 35 40 74],[22 71 78 12 65 44 7 70 58 77 39 36 38 45 5 68 56 73 16 66 0 1 28 49 21 79 13 69 40 9 61 26 6 62 55 46 11 19 50 29 53 33 76 43 74 17 27 35 75 48 20 60 4 24 31 2 42 18 63 34 52 47 10 32 25 51 72 67 8 15 57 23 14 64 54 59 30 41 37 3],253195,258720
steepest/lipa80a,54,255446,39,126400,20,[46 26 25 15 52 33 41 42 55 3 18 8 37 70 73 5 65 38 27 35 48 36 34 44 28 57 59 12 62 78 39 2 74 79 72 1 63 21 0 69 20 31 43 71 10 50 23 22 9 56 68 24 45 17 30 58 40 13 14 64 6 53 29 47 54 16 66 19 51 61 7 67 75 76 60 11 4 32 77 49],[22 71 78 12 65 44 7 70 58 77 39 36 38 45 5 68 56 73 16 66 0 1 28 49 21 79 13 69 40 9 61 26 6 62 55 46 11 19 50 29 53 33 76 43 74 17 27 35 75 48 20 60 4 24 31 2 42 18 63 34 52 47 10 32 25 51 72 67 8 15 57 23 14 64 54 59 30 41 37 3],253195,258720
greedy/lipa80a,55,255300,135,23910,16,[21 19 51 58 33 41 76 28 10 64 9 74 31 16 52 59 43 44 25 49 12 68 75 45 35 23 5 7 56 57 48 55 67 63 20 61 54 37 2 53 15 73 22 39 24 29 8 72 46 47 17 32 66 0 38 65 42 40 30 71 4 69 14 79 1 60 50 62 18 78 6 70 13 26 11 3 77 34 36 27],[22 71 78 12 65 44 7 70 58 77 39 36 38 45 5 68 56 73 16 66 0 1 28 49 21 79 13 69 40 9 61 26 6 62 55 46 11 19 50 29 53 33 76 43 74 17 27 35 75 48 20 60 4 24 31 2 42 18 63 34 52 47 10 32 25 51 72 67 8 15 57 23 14 64 54 59 30 41 37 3],253195,258611
steepest/lipa80a,55,255343,45,145360,32,[12 24 68 61 59 40 79 28 36 21 16 74 20 39 42 9 19 6 75 52 73 44 67 32 29 69 2 30 56 37 47 64 1 45 49 65 31 35 23 78 33 10 62 43 11 8 76 5 14 60 54 25 7 46 77 53 55 27 66 4 18 71 50 63 17 51 57 13 26 3 34 22 41 72 15 70 58 48 38 0],[22 71 78 12 65 44 7 70 58 77 39 36 38 45 5 68 56 73 16 66 0 1 28 49 21 79 13 69 40 9 61 26 6 62 55 46 11 19 50 29 53 33 76 43 74 17 27 35 75 48 20 60 4 24 31 2 42 18 63 34 52 47 10 32 25 51 72 67 8 15 57 23 14 64 54 59 30 41 37 3],253195,258611
greedy/lipa80a,56,255329,113,24308,3,[68 13 26 4 3 70 58 73 12 48 21 20 77 51 44 47 53 79 42 22 1 57 15 66 64 7 41 32 63 60 8 65 16 40 35 59 37 45 5 6 0 76 25 14 56 69 61 17 55 50 30 36 54 10 43 46 34 49 9 71 23 75 74 27 19 62 52 31 67 11 24 18 39 38 29 72 28 2 33 78],[22 71 78 12 65 44 7 70 58 77 39 36 38 45 5 68 56 73 16 66 0 1 28 49 21 79 13 69 40 9 61 26 6 62 55 46 11 19 50 29 53 33 76 43 74 17 27 35 75 48 20 60 4 24 31 2 42 18 63 34 52 47 10 32 25 51 72 67 8 15 57 23 14 64 54 59 30 41 37 3],253195,258416
steepest/lipa80a,56,255302,55,176960,41,[31 5 13 45 66 37 75 68 41 21 51 79 46 52 72 47 0 77 27 71 62 69 54 4 19 43 32 48 63 40 74 39 33 56 55 49 53 64 38 50 6 16 8 26 65 17 18 15 11 70 2 1 7 12 61 34 25 59 58 22 30 42 35 28 36 3 78 23 60 73 57 14 9 76 29 67 24 10 20 44],[22 71 78 12 65 44 7 70 58 77 39 36 38 45 5 68 56 73 16 66 0 1 28 49 21 79 13 69 40 9 61 26 6 62 55 46 11 19 50 29 53 33 76 43 74 17 27 35 75 48 20 60 4 24 31 2 42 18 63 34 52 47 10 32 25 51 72 67 8 15 57 23 14 64 54 59 30 41 37 3],253195,258416
greedy/lipa80a,57,255337,157,34849,8,[24 36 49 26 58 64 1 37 27 52 6 35 72 76 10 79 77 68 54 30 63 66 11 3 55 53 2 48 5 57 14 28 71 12 39 31 69 41 19 59 78 0 50 67 43 56 4 62 45 75 60 74 22 65 18 21 8 15 44 29 40 7 17 73 46 42 23 25 70 38 34 33 16 13 61 9 20 47 51 32],[22 71 78 12 65 44 7 70 58 77 39 36 38 45 5 68 56 73 16 66 0 1 28 49 21 79 13 69 40 9 61 26 6 62 55 46 11 19 50 29 53 33 76 43 74 17 27 35 75 48 20 60 4 24 31 2 42 18 63 34 52 47 10 32 25 51 72 67 8 15 57 23 14 64 54 59 30 41 37 3],253195,258486
steepest/lipa80a,57,255388,48,154840,41,[64 42 63 52 30 21 54 39 31 56 24 8 35 69 10 62 38 68 19 7 11 3 32 22 16 0 60 34 36 53 12 66 65 73 74 18 72 41 13 26 59 9 43 49 37 23 44 78 4 55 27 48 33 71 61 79 20 17 50 67 40 5 70 57 77 29 6 14 28 75 58 47 25 46 1 2 45 15 76 51],[22 71 78 12 65 44 7 70 58 77 39 36 38 45 5 68 56 73 16 66 0 1 28 49 21 79 13 69 40 9 61 26 6 62 55 46 11 19 50 29 53 33 76 43 74 17 27 35 75 48 20 60 4 24 31 2 42 18 63 34 52 47 10 32 25 51 72 67 8 15 57 23 14 64 54 59 30 41 37 3],253195,258486
greedy/lipa80a,58,255222,147,26846,6,[19 38 23 76 65 26 11 69 40 60 70 5 12 14 77 59 62 9 66 78 55 56 57 27 7 37 61 25 64 33 6 48 1 3 45 42 21 35 74 39 32 75 4 8 46 67 71 50 10 47 13 29 52 0 41 15 18 43 72 30 58 31 54 17 68 79 63 53 22 28 16 51 73 36 2 34 49 24 44 20],[22 71 78 12 65 44 7 70 58 77 39 36 38 45 5 68 56 73 16 66 0 1 28 49 21 79 13 69 40 9 61 26 6 62 55 46 11 19 50 29 53 33 76 43 74 17 27 35 75 48 20 60 4 24 31 2 42 18 63 34 52 47 10 32 25 51 72 67 8 15 57 23 14 64 54 59 30 41 37 3],253195,258397
steepest/lipa80a,58,255408,43,139040,34,[67 76 38 53 78 56 79 31 41 65 44 16 72 46 60 7 3 5 0 69 14 64 39 45 24 71 68 40 29 23 59 52 18 37 12 74 50 28 48 42 73 20 2 49 32 19 10 51 15 27 66 47 30 43 36 1 8 34 62 26 58 13 61 25 17 4 6 33 35 11 77 70 55 9 22 63 57 54 75 21],[22 71 78 12 65 44 7 70 58 77 39 36 38 45 5 68 56 73 16 66 0 1 28 49 21 79 13 69 40 9 61 26 6 62 55 46 11 19 50 29 53 33 76 43 74 17 27 35 75 48 20 60 4 24 31 2 42 18 63 34 52 47 10 32 25 51 72 67 8 15 57 23 14 64 54 59 30 41 37 3],253195,258397
greedy/lipa80a,59,255446,127,25575,4,[48 13 78 45 28 65 49 0 12 51 44 6 21 37 70 43 50 5 27 61 64 56 53 34 23 72 76 8 4 42 47 24 1 3 18 10 16 63 46 39 54 33 7 75 11 73 9 66 55 35 26 67 58 20 41 52 69 29 74 15 79 68 25 2 60 57 38 14 62 40 32 59 36 77 31 22 30 19 71 17],[22 71 78 12 65 44 7 70 58 77 39 36 38 45 5 68 56 73 16 66 0 1 28 49 21 79 13 69 40 9 61 26 6 62 55 46 11 19 50 29 53 33 76 43 74 17 27 35 75 48 20 60 4 24 31 2 42 18 63 34 52 47 10 32 25 51 72 67 8 15 57 23 14 64 54 59 30 41 37 3],253195,258346
steepest/lipa80a,59,255392,44,142200,37,[28 20 15 18 16 54 3 26 12 68 37 40 39 8 69 11 70 53 65 71 33 79 76 34 38 72 78 74 42 29 17 47 61 46 9 36 45 13 32 22 63 48 73 2 56 25 52 14 24 35 49 58 41 31 67 4 43 1 66 57 44 50 0 7 62 51 75 64 19 55 60 21 30 10 77 27 59 6 23 5],[22 71 78 12 65 44 7 70 58 77 39 36 38 45 5 68 56 73 16 66 0 1 28 49 21 79 13 69 40 9 61 26 6 62 55 46 11 19 50 29 53 33 76 43 74 17 27 35 75 48 20 60 4 24 31 2 42 18 63 34 52 47 10 32 25 51 72 67 8 15 57 23 14 64 54 59 30 41 37 3],253195,258346
greedy/lipa80a,60,255182,142,24744,6,[70 5 65 30 73 10 1 14 43 44 47 19 59 32 34 21 15 48 67 77 17 79 56 31 27 64 12 29 46 39 42 63 41 45 3 7 66 2 58 13 35 11 25 68 53 28 20 61 23 69 16 62 52 4 54 57 18 55 71 6 26 60 38 75 78 22 74 37 76 0 36 24 49 40 9 8 33 50 51 72],[22 71 78 12 65 44 7 70 58 77 39 36 38 45 5 68 56 73 16 66 0 1 28 49 21 79 13 69 40 9 61 26 6 62 55 46 11 19 50 29 53 33 76 43 74 17 27 35 75 48 20 60 4 24 31 2 42 18 63 34 52 47 10 32 25 51 72 67 8 15 57 23 14 64 54 59 30 41 37 3],253195,258805
steepest/lipa80a,60,255285,47,151680,34,[65 56 44 32 49 7 21 19 42 76 39 43 60 26 33 74 6 77 34 38 36 13 1 11 27 12 3 35 48 67 63 79 20 53 73 70 23 22 58 30 64 28 72 59 10 55 68 18 51 37 57 66 62 4 54 61 24 25 17 5 47 29 45 46 40 8 15 75 78 0 71 16 69 14 9 52 41 31 50 2],[22 71 78 12 65 44 7 70 58 77 39 36 38 45 5 68 56 73 16 66 0 1 28 49 21 79 13 69 40 9 61 26 6 62 55 46 11 19 50 29 53 33 76 43 74 17 27 35 75 48 20 60 4 24 31 2 42 18 63 34 52 47 10 32 25 51 72 67 8 15 57 23 14 64 54 59 30 41 37 3],253195,258805
greedy/lipa80a,61,255250,139,29844,8,[45 15 40 65 11 16 41 78 76 43 23 3 42 9 62 44 19 6 55 69 20 57 38 50 63 28 54 79 68 25 33 32 26 73 49 34 0 56 75 36 17 4 67 1 24 52 18 8 21 77 60 7 47 10 37 35 30 70 71 39 48 31 29 2 59 53 58 5 14 13 22 12 27 72 46 61 64 66 74 51],[22 71 78 12 65 44 7 70 58 77 39 36 38 45 5 68 56 73 16 66 0 1 28 49 21 79 13 69 40 9 61 26 6 62 55 46 11 19 50 29 53 33 76 43 74 17 27 35 75 48 20 60 4 24 31 2 42 18 63 34 52 47 10 32 25 51 72 67 8 15 57 23 14 64 54 59 30 41 37 3],253195,258575
steepest/lipa80a,61,255504,39,126400,26,[53 5 46 48 78 62 42 47 41 37 63 49 40 45 31 54 11 26 79 77 0 71 75 28 72 66 52 20 36 24 18 55 35 23 69 14 60 38 12 34 10 4 50 29 33 16 19 61 44 76 32 27 17 56 3 64 57 43 15 1 65 70 9 2 6 51 68 67 13 30 39 74 59 25 7 73 22 58 21 8],[22 71 78 12 65 44 7 70 58 77 39 36 38 45 5 68 56 73 16 66 0 1 28 49 21 79 13 69 40 9 61 26 6 62 55 46 11 19 50 29 53 33 76 43 74 17 27 35 75 48 20 60 4 24 31 2 42 18 63 34 52 47 10 32 25 51 72 67 8 15 57 23 14 64 54 59 30 41 37 3],253195,258575
greedy/lipa80a,62,255373,133,17472,8,[5 38 24 29 32 77 70 6 16 35 19 30 68 71 18 76 10 57 75 59 49 63 48 34 2 78 26 79 0 47 72 1 23 51 41 61 11 4 15 67 25 21 7 12 33 36 8 9 53 42 39 69 28 40 74 46 54 65 17 56 55 45 66 14 73 58 31 43 3 60 13 44 52 22 27 37 62 20 50 64],[22 71 78 12 65 44 7 70 58 77 39 36 38 45 5 68 56 73 16 66 0 1 28 49 21 79 13 69 40 9 61 26 6 62 55 46 11 19 50 29 53 33 76 43 74 17 27 35 75 48 20 60 4 24 31 2 42 18 63 34 52 47 10 32 25 51 72 67 8 15 57 23 14 64 54 59 30 41 37 3],253195,258585
steepest/lipa80a,62,255375,41,132720,39,[74 17 12 26 28 22 13 62 63 77 49 61 24 57 5 70 7 4 15 41 16 54 25 21 78 46 50 40 75 66 43 59 36 68 52 33 2 30 23 20 14 29 73 19 48 32 38 58 34 55 53 10 44 6 56 0 9 72 18 37 1 60 3 47 11 51 76 67 27 79 45 35 69 71 65 39 31 8 42 64],[22 71 78 12 65 44 7 70 58 77 39 36 38 45 5 68 56 73 16 66 0 1 28 49 21 79 13 69 40 9 61 26 6 62 55 46 11 19 50 29 53 33 76 43 74 17 27 35 75 48 20 60 4 24 31 2 42 18 63 34 52 47 10 32 25 51 72 67 8 15 57 23 14 64 54 59 30 41 37 3],253195,258585
greedy/lipa80a,63,255298,133,26388,4,[72 23 1 52 46 20 76 10 77 49 31 32 11 6 67 53 38 60 59 18 69 71 15 24 55 19 40 0 27 3 51 41 61 56 48 16 36 21 54 70 14 28 42 74 79 47 5 4 12 2 62 75 22 33 78 26 34 66 73 44 8 9 43 13 45 57 25 35 17 7 39 65 50 64 58 29 30 68 37 63],[22 71 78 12 65 44 7 70 58 77 39 36 38 45 5 68 56 73 16 66 0 1 28 49 21 79 13 69 40 9 61 26 6 62 55 46 11 19 50 29 53 33 76 43 74 17 27 35 75 48 20 60 4 24 31 2 42 18 63 34 52 47 10 32 25 51 72 67 8 15 57 23 14 64 54 59 30 41 37 3],253195,258607
steepest/lipa80a,63,255296,50,161160,37,[50 74 34 40 11 2 64 58 9 19 23 28 33 49 24 43 65 1 71 69 5 36 72 30 10 8 79 53 66 76 32 3 6 44 42 4 52 46 18 67 68 56 55 38 16 13 41 25 14 61 26 75 39 54 29 0 27 37 77 47 31 60 20 45 15 35 78 70 17 62 21 73 59 48 51 7 57 12 63 22],[22 71 78 12 65 44 7 70 58 77 39 36 38 45 5 68 56 73 16 66 0 1 28 49 21 79 13 69 40 9 61 26 6 62 55 46 11 19 50 29 53 33 76 43 74 17 27 35 75 48 20 60 4 24 31 2 42 18 63 34 52 47 10 32 25 51 72 67 8 15 57 23 14 64 54 59 30 41 37 3],253195,258607
greedy/lipa80a,64,255639,113,12746,5,[6 79 16 0 47 60 42 44 65 1 34 51 25 23 39 69 59 63 57 48 74 33 26 30 17 22 77 18 45 28 54 8 53 75 12 19 62 4 70 43 27 37 9 31 68 52 38 36 14 46 67 15 76 66 3 35 21 24 73 32 29 49 64 71 56 61 78 7 5 72 55 20 13 40 58 10 41 2 50 11],[22 71 78 12 65 44 7 70 58 77 39 36 38 45 5 68 56 73 16 66 0 1 28 49 21 79 13 69 40 9 61 26 6 62 55 46 11 19 50 29 53 33 76 43 74 17 27 35 75 48 20 60 4 24 31 2 42 18 63 34 52 47 10 32 25 51 72 67 8 15 57 23 14 64 54 59 30 41 37 3],253195,258829
steepest/lipa80a,64,255219,52,167480,36,[59 13 43 78 47 34 35 20 68 79 76 1 26 23 69 21 18 36 61 8 72 41 0 77 10 22 42 9 54 66 56 19 3 5 11 37 73 14 38 63 67 57 40 46 65 48 51 58 17 52 31 16 29 71 6 4 27 12 74 28 25 70 32 64 30 60 75 62 44 24 39 33 53 2 45 55 15 50 7 49],[22 71 78 12 65 44 7 70 58 77 39 36 38 45 5 68 56 73 16 66 0 1 28 49 21 79 13 69 40 9 61 26 6 62 55 46 11 19 50 29 53 33 76 43 74 17 27 35 75 48 20 60 4 24 31 2 42 18 63 34 52 47 10 32 25 51 72 67 8 15 57 23 14 64 54 59 30 41 37 3],253195,258829
greedy/lipa80a,65,255161,134,18989,0,[78 36 35 3 38 49 51 66 65 63 56 5 79 50 77 2 19 10 54 1 61 25 20 69 37 70 60 32 44 48 47 39 57 58 40 45 6 30 42 17 34 73 11 64 68 74 71 29 8 75 9 21 28 22 26 14 23 76 62 41 33 18 67 16 0 59 52 15 53 43 72 27 7 13 4 12 31 24 46 55],[22 71 78 12 65 44 7 70 58 77 39 36 38 45 5 68 56 73 16 66 0 1 28 49 21 79 13 69 40 9 61 26 6 62 55 46 11 19 50 29 53 33 76 43 74 17 27 35 75 48 20 60 4 24 31 2 42 18 63 34 52 47 10 32 25 51 72 67 8 15 57 23 14 64 54 59 30 41 37 3],253195,258589
steepest/lipa80a,65,255268,60,192760,46,[5 78 68 79 38 41 26 35 34 0 40 57 4 77 56 20 55 2 60 18 70 25 62 59 69 10 44 33 17 52 7 67 65 32 50 63 13 30 3 54 73 12 8 51 42 64 22 9 48 19 27 23 16 36 74 71 15 72 14 24 76 37 58 47 61 66 45 21 75 39 43 28 1 29 49 6 31 11 46 53],[22 71 78 12 65 44 7 70 58 77 39 36 38 45 5 68 56 73 16 66 0 1 28 49 21 79 13 69 40 9 61 26 6 62 55 46 11 19 50 29 53 33 76 43 74 17 27 35 75 48 20 60 4 24 31 2 42 18 63 34 52 47 10 32 25 51 72 67 8 15 57 23 14 64 54 59 30 41 37 3],253195,258589
greedy/lipa80a,66,255417,136,33509,5,[8 69 62 23 34 33 57 78 31 17 58 45 36 10 13 68 67 59 2 37 74 72 46 71 35 41 28 44 7 16 20 9 49 61 65 5 32 22 18 77 11 30 54 66 51 24 76 42 52 6 64 26 27 25 1 50 39 75 4 43 55 21 79 19 3 38 29 47 40 15 56 14 63 60 48 70 73 12 53 0],[22 71 78 12 65 44 7 70 58 77 39 36 38 45 5 68 56 73 16 66 0 1 28 49 21 79 13 69 40 9 61 26 6 62 55 46 11 19 50 29 53 33 76 43 74 17 27 35 75 48 20 60 4 24 31 2 42 18 63 34 52 47 10 32 25 51 72 67 8 15 57 23 14 64 54 59 30 41 37 3],253195,258527
steepest/lipa80a,66,255396,45,145360,34,[12 36 45 20 61 64 29 72 60 7 46 26 27 1 13 78 39 38 47 50 17 2 23 3 57 62 6 53 18 43 79 68 14 19 30 22 31 37 69 28 66 65 58 10 48 11 54 56 32 40 74 24 71 34 59 15 76 25 55 8 51 63 67 75 70 49 16 41 9 44 33 52 77 42 21 0 73 4 5 35],[22 71 78 12 65 44 7 70 58 77 39 36 38 45 5 68 56 73 16 66 0 1 28 49 21 79 13 69 40 9 61 26 6 62 55 46 11 19 50 29 53 33 76 43 74 17 27 35 75 48 20 60 4 24 31 2 42 18 63 34 52 47 10 32 25 51 72 67 8 15 57 23 14 64 54 59 30 41 37 3],253195,258527
greedy/lipa80a,67,255254,158,26739,5,[27 43 62 79 13 26 51 77 42 46 11 75 29 47 52 76 40 20 36 35 33 50 4 25 58 21 74 5 34 55 78 57 2 16 60 17 6 72 0 39 61 12 15 41 66 56 37 22 70 45 63 1 38 71 7 10 59 23 3 31 9 8 32 49 68 53 65 24 30 44 14 73 64 67 54 18 48 19 28 69],[22 71 78 12 65 44 7 70 58 77 39 36 38 45 5 68 56 73 16 66 0 1 28 49 21 79 13 69 40 9 61 26 6 62 55 46 11 19 50 29 53 33 76 43 74 17 27 35 75 48 20 60 4 24 31 2 42 18 63 34 52 47 10 32 25 51 72 67 8 15 57 23 14 64 54 59 30 41 37 3],253195,258768
steepest/lipa80a,67,255087,58,186440,42,[29 41 44 51 56 48 63 57 60 33 76 37 75 25 16 70 4 39 40 38 22 24 54 43 31 34 11 55 78 12 67 71 6 50 68 30 62 35 3 52 7 47 64 15 69 27 53 73 20 19 5 23 17 10 2 61 14 72 8 32 9 0 58 49 45 26 79 21 77 65 59 74 1 36 13 28 66 46 18 42],[22 71 78 12 65 44 7 70 58 77 39 36 38 45 5 68 56 73 16 66 0 1 28 49 21 79 13 69 40 9 61 26 6 62 55 46 11 19 50 29 53 33 76 43 74 17 27 35 75 48 20 60 4 24 31 2 42 18 63 34 52 47 10 32 25 51 72 67 8 15 57 23 14 64 54 59 30 41 37 3],253195,258768
greedy/lipa80a,68,255391,116,23773,4,[18 43 66 57 9 14 52 6 25 12 48 50 0 32 47 1 17 58 67 54 74 26 56 40 28 42 76 37 35 36 46 20 78 5 79 41 64 70 27 53 75 68 19 72 69 11 10 31 33 63 62 38 59 34 44 29 39 71 15 61 3 24 73 22 55 23 49 65 51 2 21 4 77 7 45 8 30 13 60 16],[22 71 78 12 65 44 7 70 58 77 39 36 38 45 5 68 56 73 16 66 0 1 28 49 21 79 13 69 40 9 61 26 6 62 55 46 11 19 50 29 53 33 76 43 74 17 27 35 75 48 20 60 4 24 31 2 42 18 63 34 52 47 10 32 25 51 72 67 8 15 57 23 14 64 54 59 30 41 37 3],253195,258190
steepest/lipa80a,68,255313,47,151680,26,[16 61 25 17 36 64 29 76 47 30 6 69 11 70 7 73 18 71 14 32 72 2 77 56 0 15 40 46 50 44 33 66 31 59 10 5 68 75 58 53 43 26 65 38 27 67 79 42 9 48 62 12 34 22 8 45 3 24 63 1 35 20 19 60 78 23 74 4 37 28 41 55 21 39 49 51 57 13 52 54],[22 71 78 12 65 44 7 70 58 77 39 36 38 45 5 68 56 73 16 66 0 1 28 49 21 79 13 69 40 9 61 26 6 62 55 46 11 19 50 29 53 33 76 43 74 17 27 35 75 48 20 60 4 24 31 2 42 18 63 34 52 47 10 32 25 51 72 67 8 15 57 23 14 64 54 59 30 41 37 3],253195,258190
greedy/lipa80a,69,255338,132,22168,6,[65 39 27 40 46 75 15 44 56 55 33 72 20 13 24 30 43 10 63 52 79 45 49 23 66 34 67 12 35 59 18 54 71 41 48 58 16 11 62 69 36 70 14 76 25 9 47 60 57 73 2 19 5 0 53 42 61 64 77 1 29 3 28 68 17 31 21 51 7 50 8 38 32 78 22 26 37 4 6 74],[22 71 78 12 65 44 7 70 58 77 39 36 38 45 5 68 56 73 16 66 0 1 28 49 21 79 13 69 40 9 61 26 6 62 55 46 11 19 50 29 53 33 76 43 74 17 27 35 75 48 20 60 4 24 31 2 42 18 63 34 52 47 10 32 25 51 72 67 8 15 57 23 14 64 54 59 30 41 37 3],253195,258337
steepest/lipa80a,69,255302,45,145360,34,[18 11 24 75 52 34 29 10 19 36 78 63 76 39 59 54 27 64 40 31 33 22 12 57 30 68 26 74 67 4 3 23 28 41 48 45 71 73 49 65 25 79 47 70 69 61 62 15 13 58 7 32 35 0 37 20 5 66 8 77 1 43 14 55 38 53 51 60 2 50 42 21 9 72 46 17 6 44 56 16],[22 71 78 12 65 44 7 70 58 77 39 36 38 45 5 68 56 73 16 66 0 1 28 49 21 79 13 69 40 9 61 26 6 62 55 46 11 19 50 29 53 33 76 43 74 17 27 35 75 48 20 60 4 24 31 2 42 18 63 34 52 47 10 32 25 51 72 67 8 15 57 23 14 64 54 59 30 41 37 3],253195,258337
greedy/lipa80a,70,255336,122,27704,4,[3 58 36 37 78 13 28 35 16 54 65 61 70 73 75 31 45 68 44 55 21 43 52 30 41 8 48 0 74 46 63 32 39 27 38 11 19 5 2 20 79 6 57 53 33 7 25 4 49 12 56 42 77 60 71 23 29 72 34 40 62 76 59 66 69 22 50 18 67 26 9 14 1 17 47 64 15 10 51 24],[22 71 78 12 65 44 7 70 58 77 39 36 38 45 5 68 56 73 16 66 0 1 28 49 21 79 13 69 40 9 61 26 6 62 55 46 11 19 50 29 53 33 76 43 74 17 27 35 75 48 20 60 4 24 31 2 42 18 63 34 52 47 10 32 25 51 72 67 8 15 57 23 14 64 54 59 30 41 37 3],253195,258590
steepest/lipa80a,70,255148,57,183280,39,[71 18 38 36 28 59 72 31 54 22 29 37 24 53 10 39 8 19 15 48 21 79 14 64 30 45 9 5 74 75 25 62 32 68 69 78 46 52 49 17 7 67 23 43 20 2 4 3 35 34 56 1 70 60 76 65 0 27 47 58 40 57 73 42 6 51 11 44 55 61 16 50 26 77 13 63 33 12 66 41],[22 71 78 12 65 44 7 70 58 77 39 36 38 45 5 68 56 73 16 66 0 1 28 49 21 79 13 69 40 9 61 26 6 62 55 46 11 19 50 29 53 33 76 43 74 17 27 35 75 48 20 60 4 24 31 2 42 18 63 34 52 47 10 32 25 51 72 67 8 15 57 23 14 64 54 59 30 41 37 3],253195,258590
greedy/lipa80a,71,255217,132,25539,9,[71 10 32 13 1 36 75 51 33 56 34 11 35 66 21 50 8 29 44 61 15 65 14 77 48 40 59 39 58 7 70 79 43 47 20 28 78 18 37 74 2 41 63 72 25 0 19 4 30 27 45 68 49 22 24 42 76 54 31 38 73 69 6 5 55 62 52 57 67 46 12 9 26 53 23 3 64 16 17 60],[22 71 78 12 65 44 7 70 58 77 39 36 38 45 5 68 56 73 16 66 0 1 28 49 21 79 13 69 40 9 61 26 6 62 55 46 11 19 50 29 53 33 76 43 74 17 27 35 75 48 20 60 4 24 31 2 42 18 63 34 52 47 10 32 25 51 72 67 8 15 57 23 14 64 54 59 30 41 37 3],253195,258251
steepest/lipa80a,71,255340,46,148520,33,[33 31 76 27 24 21 53 38 56 17 60 42 77 71 20 37 3 49 4 50 44 57 1 26 29 39 68 36 23 72 9 55 75 47 59 6 51 7 48 28 22 41 73 54 0 12 8 25 40 10 14 11 52 18 35 67 15 61 5 16 58 19 43 45 70 46 63 34 32 79 2 13 30 62 69 78 64 65 74 66],[22 71 78 12 65 44 7 70 58 77 39 36 38 45 5 68 56 73 16 66 0 1 28 49 21 79 13 69 40 9 61 26 6 62 55 46 11 19 50 29 53 33 76 43 74 17 27 35 75 48 20 60 4 24 31 2 42 18 63 34 52 47 10 32 25 51 72 67 8 15 57 23 14 64 54 59 30 41 37 3],253195,258251
greedy/lipa80a,72,255216,151,36337,9,[10 49 66 8 67 52 29 15 37 51 20 28 35 12 63 1 65 40 59 53 76 24 31 57 19 68 23 2 13 75 62 58 27 17 77 16 22 50 0 74 14 34 45 79 42 69 54 46 9 26 41 44 30 6 33 60 70 18 38 43 4 32 73 72 3 64 7 47 56 36 39 5 55 11 71 78 48 61 25 21],[22 71 78 12 65 44 7 70 58 77 39 36 38 45 5 68 56 73 16 66 0 1 28 49 21 79 13 69 40 9 61 26 6 62 55 46 11 19 50 29 53 33 76 43 74 17 27 35 75 48 20 60 4 24 31 2 42 18 63 34 52 47 10 32 25 51 72 67 8 15 57 23 14 64 54 59 30 41 37 3],253195,258815
steepest/lipa80a,72,255465,38,123240,23,[27 47 2 19 43 67 21 15 62 12 38 42 8 10 18 26 59 31 28 48 20 76 44 58 50 72 73 24 29 55 56 64 4 5 52 9 54 69 70 33 53 79 1 13 71 34 23 57 63 35 74 36 32 45 49 61 17 37 78 14 77 6 68 51 16 11 7 22 40 75 60 41 30 46 3 66 39 65 0 25],[22 71 78 12 65 44 7 70 58 77 39 36 38 45 5 68 56 73 16 66 0 1 28 49 21 79 13 69 40 9 61 26 6 62 55 46 11 19 50 29 53 33 76 43 74 17 27 35 75 48 20 60 4 24 31 2 42 18 63 34 52 47 10 32 25 51 72 67 8 15 57 23 14 64 54 59 30 41 37 3],253195,258815
greedy/lipa80a,73,255190,139,14511,0,[20 31 59 73 64 72 42 45 58 43 22 76 33 60 63 14 30 18 61 56 0 4 2 51 35 52 66 49 57 48 65 16 29 40 5 26 17 7 9 55 21 69 78 37 74 36 67 50 8 10 41 70 32 77 12 25 71 1 3 39 75 54 27 23 46 28 53 19 79 6 47 13 38 11 15 68 34 24 62 44],[22 71 78 12 65 44 7 70 58 77 39 36 38 45 5 68 56 73 16 66 0 1 28 49 21 79 13 69 40 9 61 26 6 62 55 46 11 19 50 29 53 33 76 43 74 17 27 35 75 48 20 60 4 24 31 2 42 18 63 34 52 47 10 32 25 51 72 67 8 15 57 23 14 64 54 59 30 41 37 3],253195,258439
steepest/lipa80a,73,255348,45,145360,43,[29 8 26 33 23 63 53 10 7 74 61 27 18 39 24 34 60 12 52 41 66 45 35 78 5 37 51 59 3 16 32 36 6 58 21 14 31 22 79 75 73 50 9 30 0 42 67 57 4 17 40 46 20 62 55 43 11 72 15 65 38 28 48 44 64 68 25 56 70 2 69 54 1 13 71 77 76 19 49 47],[22 71 78 12 65 44 7 70 58 77 39 36 38 45 5 68 56 73 16 66 0 1 28 49 21 79 13 69 40 9 61 26 6 62 55 46 11 19 50 29 53 33 76 43 74 17 27 35 75 48 20 60 4 24 31 2 42 18 63 34 52 47 10 32 25 51 72 67 8 15 57 23 14 64 54 59 30 41 37 3],253195,258439
greedy/lipa80a,74,255399,139,27706,7,[23 9 15 61 53 54 64 7 63 6 2 19 33 68 62 37 39 4 49 56 46 75 50 74 71 28 5 21 17 79 58 47 25 20 26 41 67 76 69 38 42 65 13 66 34 60 73 57 48 27 40 12 70 1 10 3 72 32 51 22 24 55 14 52 31 78 11 36 18 59 43 8 30 44 29 45 0 77 16 35],[22 71 78 12 65 44 7 70 58 77 39 36 38 45 5 68 56 73 16 66 0 1 28 49 21 79 13 69 40 9 61 26 6 62 55 46 11 19 50 29 53 33 76 43 74 17 27 35 75 48 20 60 4 24 31 2 42 18 63 34 52 47 10 32 25 51 72 67 8 15 57 23 14 64 54 59 30 41 37 3],253195,258468
steepest/lipa80a,74,255372,44,142200,32,[14 24 79 61 25 54 62 8 40 75 44 17 69 50 76 7 19 12 67 5 72 21 6 43 77 32 39 37 3 53 49 71 16 42 64 55 60 65 13 52 9 2 35 22 20 33 34 63 10 66 73 11 38 57 30 23 4 41 47 74 18 26 27 51 70 58 46 1 59 28 31 0 68 36 45 29 56 15 48 78],[22 71 78 12 65 44 7 70 58 77 39 36 38 45 5 68 56 73 16 66 0 1 28 49 21 79 13 69 40 9 61 26 6 62 55 46 11 19 50 29 53 33 76 43 74 17 27 35 75 48 20 60 4 24 31 2 42 18 63 34 52 47 10 32 25 51 72 67 8 15 57 23 14 64 54 59 30 41 37 3],253195,258468
greedy/lipa80a,75,255402,121,10942,2,[10 12 76 72 44 45 23 31 64 27 46 54 36 34 17 59 2 75 29 7 74 77 19 4 73 56 55 65 48 50 57 53 61 70 30 69 32 14 8 42 1 39 62 79 52 5 13 66 25 49 15 63 41 78 67 24 40 33 35 11 26 21 20 22 71 51 58 3 0 18 43 9 37 47 6 68 28 60 38 16],[22 71 78 12 65 44 7 70 58 77 39 36 38 45 5 68 56 73 16 66 0 1 28 49 21 79 13 69 40 9 61 26 6 62 55 46 11 19 50 29 53 33 76 43 74 17 27 35 75 48 20 60 4 24 31 2 42 18 63 34 52 47 10 32 25 51 72 67 8 15 57 23 14 64 54 59 30 41 37 3],253195,258704
steepest/lipa80a,75,255357,47,151680,32,[56 9 72 37 29 74 1 27 52 0 40 14 48 10 2 68 70 33 31 7 43 25 28 57 8 58 21 77 60 38 54 49 67 46 12 76 19 35 4 42 5 15 64 23 75 13 36 79 63 3 50 55 6 53 66 32 71 16 61 73 26 65 45 51 44 69 34 18 78 20 24 59 11 30 22 47 39 62 17 41],[22 71 78 12 65 44 7 70 58 77 39 36 38 45 5 68 56 73 16 66 0 1 28 49 21 79 13 69 40 9 61 26 6 62 55 46 11 19 50 29 53 33 76 43 74 17 27 35 75 48 20 60 4 24 31 2 42 18 63 34 52 47 10 32 25 51 72 67 8 15 57 23 14 64 54 59 30 41 37 3],253195,258704
greedy/lipa80a,76,255215,144,40019,10,[48 50 69 2 57 0 25 66 9 30 71 56 19 15 37 43 10 18 60 63 70 44 36 32 28 77 39 7 12 52 20 74 45 35 4 3 14 78 75 61 13 49 76 8 59 64 22 62 55 68 26 23 31 17 21 46 41 42 29 51 79 33 27 5 65 47 58 53 73 16 1 54 34 24 40 72 38 11 6 67],[22 71 78 12 65 44 7 70 58 77 39 36 38 45 5 68 56 73 16 66 0 1 28 49 21 79 13 69 40 9 61 26 6 62 55 46 11 19 50 29 53 33 76 43 74 17 27 35 75 48 20 60 4 24 31 2 42 18 63 34 52 47 10 32 25 51 72 67 8 15 57 23 14 64 54 59 30 41 37 3],253195,258545
steepest/lipa80a,76,255418,43,139040,24,[68 7 24 0 17 69 61 34 18 38 73 63 46 79 14 21 8 6 56 45 10 66 2 32 57 4 43 62 42 19 49 28 1 23 36 25 53 50 54 29 51 58 27 55 65 35 20 67 5 60 31 22 59 12 26 75 41 9 33 44 64 16 70 52 48 78 3 74 76 77 30 72 39 71 40 37 15 47 13 11],[22 71 78 12 65 44 7 70 58 77 39 36 38 45 5 68 56 73 16 66 0 1 28 49 21 79 13 69 40 9 61 26 6 62 55 46 11 19 50 29 53 33 76 43 74 17 27 35 75 48 20 60 4 24 31 2 42 18 63 34 52 47 10 32 25 51 72 67 8 15 57 23 14 64 54 59 30 41 37 3],253195,258545
greedy/lipa80a,77,255484,120,15515,9,[33 56 67 2 76 42 7 57 40 59 69 4 51 24 29 66 3 17 8 75 11 68 46 62 73 79 36 35 12 34 65 5 9 77 15 50 28 78 39 26 16 72 37 71 1 61 70 43 55 44 10 58 31 27 21 47 19 64 22 41 32 49 23 53 74 48 6 52 45 0 30 18 14 60 63 20 13 25 54 38],[22 71 78 12 65 44 7 70 58 77 39 36 38 45 5 68 56 73 16 66 0 1 28 49 21 79 13 69 40 9 61 26 6 62 55 46 11 19 50 29 53 33 76 43 74 17 27 35 75 48 20 60 4 24 31 2 42 18 63 34 52 47 10 32 25 51 72 67 8 15 57 23 14 64 54 59 30 41 37 3],253195,258636
steepest/lipa80a,77,255529,43,139040,32,[66 17 67 53 73 41 33 69 16 9 29 52 4 14 58 15 64 42 35 32 76 8 2 7 51 46 68 30 28 1 79 57 19 78 10 47 34 43 25 50 54 59 45 36 20 56 74 71 24 44 48 3 60 63 61 55 21 13 22 70 6 38 72 27 40 75 5 65 11 39 18 62 0 31 77 23 49 26 12 37],[22 71 78 12 65 44 7 70 58 77 39 36 38 45 5 68 56 73 16 66 0 1 28 49 21 79 13 69 40 9 61 26 6 62 55 46 11 19 50 29 53 33 76 43 74 17 27 35 75 48 20 60 4 24 31 2 42 18 63 34 52 47 10 32 25 51 72 67 8 15 57 23 14 64 54 59 30 41 37 3],253195,258636
greedy/lipa80a,78,255280,123,31446,9,[21 15 58 24 52 7 76 18 62 55 37 66 79 28 30 42 26 8 56 11 50 25 23 9 46 71 32 78 0 16 3 10 19 60 41 36 57 45 4 65 64 61 75 47 69 43 1 12 48 77 68 35 2 70 54 51 72 17 40 6 20 34 49 31 27 38 14 22 67 63 39 13 73 59 5 53 29 74 44 33],[22 71 78 12 65 44 7 70 58 77 39 36 38 45 5 68 56 73 16 66 0 1 28 49 21 79 13 69 40 9 61 26 6 62 55 46 11 19 50 29 53 33 76 43 74 17 27 35 75 48 20 60 4 24 31 2 42 18 63 34 52 47 10 32 25 51 72 67 8 15 57 23 14 64 54 59 30 41 37 3],253195,258283
steepest/lipa80a,78,255323,50,161160,30,[76 2 59 13 11 25 37 34 47 48 71 40 62 12 30 66 68 19 58 70 29 28 23 75 46 24 53 3 18 52 57 50 69 51 32 14 9 55 72 49 21 35 17 15 33 60 10 36 22 31 56 16 0 74 38 39 1 42 73 43 5 45 67 41 63 26 65 78 64 27 7 77 61 20 6 54 79 44 4 8],[22 71 78 12 65 44 7 70 58 77 39 36 38 45 5 68 56 73 16 66 0 1 28 49 21 79 13 69 40 9 61 26 6 62 55 46 11 19 50 29 53 33 76 43 74 17 27 35 75 48 20 60 4 24 31 2 42 18 63 34 52 47 10 32 25 51 72 67 8 15 57 23 14 64 54 59 30 41 37 3],253195,258283
greedy/lipa80a,79,255266,139,36803,15,[63 5 1 70 0 54 67 32 76 47 60 24 15 41 30 49 62 52 71 36 34 59 19 17 33 51 39 72 3 16 27 73 55 56 6 25 64 13 9 57 10 75 14 4 23 21 58 53 61 2 22 38 46 35 42 66 26 31 37 29 78 69 74 45 7 28 68 12 65 18 11 77 8 48 44 50 43 40 20 79],[22 71 78 12 65 44 7 70 58 77 39 36 38 45 5 68 56 73 16 66 0 1 28 49 21 79 13 69 40 9 61 26 6 62 55 46 11 19 50 29 53 33 76 43 74 17 27 35 75 48 20 60 4 24 31 2 42 18 63 34 52 47 10 32 25 51 72 67 8 15 57 23 14 64 54 59 30 41 37 3],253195,258744
steepest/lipa80a,79,255275,55,176960,44,[44 6 33 58 41 23 71 7 53 78 50 28 16 57 43 72 55 4 77 54 21 46 56 2 17 3 73 61 13 60 10 5 18 62 64 79 30 66 49 29 1 59 70 39 52 65 8 31 9 69 67 25 42 26 34 38 74 45 24 37 11 75 20 32 19 0 68 48 14 76 40 35 22 15 51 27 63 47 36 12],[22 71 78 12 65 44 7 70 58 77 39 36 38 45 5 68 56 73 16 66 0 1 28 49 21 79 13 69 40 9 61 26 6 62 55 46 11 19 50 29 53 33 76 43 74 17 27 35 75 48 20 60 4 24 31 2 42 18 63 34 52 47 10 32 25 51 72 67 8 15 57 23 14 64 54 59 30 41 37 3],253195,258744
greedy/lipa80a,80,255169,125,23228,1,[12 64 20 45 9 43 62 26 8 50 53 34 13 10 7 37 57 17 2 33 1 79 54 47 22 29 28 51 5 55 39 74 15 48 11 71 6 52 66 30 4 32 14 75 40 3 24 77 63 59 27 67 68 69 18 41 70 56 35 65 49 46 36 25 61 78 58 76 42 19 73 60 21 23 16 44 72 31 0 38],[22 71 78 12 65 44 7 70 58 77 39 36 38 45 5 68 56 73 16 66 0 1 28 49 21 79 13 69 40 9 61 26 6 62 55 46 11 19 50 29 53 33 76 43 74 17 27 35 75 48 20 60 4 24 31 2 42 18 63 34 52 47 10 32 25 51 72 67 8 15 57 23 14 64 54 59 30 41 37 3],253195,258686
steepest/lipa80a,80,255308,52,167480,41,[16 78 21 19 51 40 48 4 0 69 61 14 13 73 54 77 12 24 33 25 42 35 59 7 32 64 66 55 34 38 11 10 6 56 68 2 72 63 79 22 15 26 70 18 57 41 50 62 43 23 28 74 36 46 67 75 37 39 9 3 20 49 47 5 27 8 58 71 65 1 45 76 60 29 52 44 30 53 31 17],[22 71 78 12 65 44 7 70 58 77 39 36 38 45 5 68 56 73 16 66 0 1 28 49 21 79 13 69 40 9 61 26 6 62 55 46 11 19 50 29 53 33 76 43 74 17 27 35 75 48 20 60 4 24 31 2 42 18 63 34 52 47 10 32 25 51 72 67 8 15 57 23 14 64 54 59 30 41 37 3],253195,258686
greedy/lipa80a,81,255143,144,32271,8,[35 66 53 3 5 6 15 19 24 73 11 32 36 14 12 1 30 52 10 42 54 27 40 69 47 43 44 71 37 46 4 26 20 70 25 29 57 79 72 16 49 38 18 68 2 63 60 41 62 33 50 75 7 45 51 9 64 56 34 23 31 48 8 58 65 21 28 13 17 22 76 39 55 59 0 67 78 61 77 74],[22 71 78 12 65 44 7 70 58 77 39 36 38 45 5 68 56 73 16 66 0 1 28 49 21 79 13 69 40 9 61 26 6 62 55 46 11 19 50 29 53 33 76 43 74 17 27 35 75 48 20 60 4 24 31 2 42 18 63 34 52 47 10 32 25 51 72 67 8 15 57 23 14 64 54 59 30 41 37 3],253195,258057
steepest/lipa80a,81,255515,39,126400,22,[60 6 68 30 18 36 15 35 51 54 58 40 9 12 49 78 14 17 55 43 42 70 3 75 25 64 27 52 10 2 63 28 22 29 21 57 16 72 33 48 26 50 73 4 1 7 20 44 62 69 38 5 59 41 0 79 39 31 19 46 34 53 37 13 23 66 67 77 45 65 76 24 61 32 74 11 56 71 8 47],[22 71 78 12 65 44 7 70 58 77 39 36 38 45 5 68 56 73 16 66 0 1 28 49 21 79 13 69 40 9 61 26 6 62 55 46 11 19 50 29 53 33 76 43 74 17 27 35 75 48 20 60 4 24 31 2 42 18 63 34 52 47 10 32 25 51 72 67 8 15 57 23 14 64 54 59 30 41 37 3],253195,258057
greedy/lipa80a,82,255324,123,16759,11,[58 48 77 6 32 4 14 72 43 10 29 70 18 17 35 42 21 55 56 28 33 41 1 45 40 57 53 46 36 66 9 15 3 61 64 12 31 38 13 59 34 74 76 7 0 20 51 30 75 71 60 24 37 25 39 16 8 69 27 52 63 47 11 78 62 22 2 49 50 68 23 73 44 65 67 19 79 54 5 26],[22 71 78 12 65 44 7 70 58 77 39 36 38 45 5 68 56 73 16 66 0 1 28 49 21 79 13 69 40 9 61 26 6 62 55 46 11 19 50 29 53 33 76 43 74 17 27 35 75 48 20 60 4 24 31 2 42 18 63 34 52 47 10 32 25 51 72 67 8 15 57 23 14 64 54 59 30 41 37 3],253195,258682
steepest/lipa80a,82,255367,47,151680,34,[43 16 54 56 15 57 2 64 42 13 79 45 28 12 17 58 74 10 30 31 60 76 20 8 51 49 70 55 65 5 19 9 24 22 40 34 72 38 52 32 14 36 62 69 37 7 29 71 44 35 77 3 67 41 47 39 48 6 26 18 59 25 68 46 27 21 75 4 11 66 50 0 23 61 53 63 73 78 1 33],[22 71 78 12 65 44 7 70 58 77 39 36 38 45 5 68 56 73 16 66 0 1 28 49 21 79 13 69 40 9 61 26 6 62 55 46 11 19 50 29 53 33 76 43 74 17 27 35 75 48 20 60 4 24 31 2 42 18 63 34 52 47 10 32 25 51 72 67 8 15 57 23 14 64 54 59 30 41 37 3],253195,258682
greedy/lipa80a,83,255366,134,23474,4,[1 76 67 23 25 34 3 17 70 31 62 72 51 71 20 73 5 46 41 15 4 60 66 77 37 36 50 55 64 30 27 26 32 14 78 79 22 2 63 44 13 48 10 54 61 52 7 58 56 16 53 19 12 47 29 9 43 38 39 40 65 74 0 28 21 68 35 11 75 18 59 69 42 45 33 24 57 49 8 6],[22 71 78 12 65 44 7 70 58 77 39 36 38 45 5 68 56 73 16 66 0 1 28 49 21 79 13 69 40 9 61 26 6 62 55 46 11 19 50 29 53 33 76 43 74 17 27 35 75 48 20 60 4 24 31 2 42 18 63 34 52 47 10 32 25 51 72 67 8 15 57 23 14 64 54 59 30 41 37 3],253195,258468
steepest/lipa80a,83,255414,39,126400,28,[14 25 52 35 3 22 34 21 44 6 36 39 72 17 46 55 79 5 43 2 41 47 66 76 49 4 27 19 62 45 73 32 24 59 51 7 50 71 9 30 13 0 54 18 20 23 63 56 61 53 40 28 15 65 10 60 58 67 77 64 75 16 48 29 69 12 68 57 26 78 11 8 74 70 33 37 42 1 38 31],[22 71 78 12 65 44 7 70 58 77 39 36 38 45 5 68 56 73 16 66 0 1 28 49 21 79 13 69 40 9 61 26 6 62 55 46 11 19 50 29 53 33 76 43 74 17 27 35 75 48 20 60 4 24 31 2 42 18 63 34 52 47 10 32 25 51 72 67 8 15 57 23 14 64 54 59 30 41 37 3],253195,258468
greedy/lipa80a,84,255432,103,15496,3,[9 30 32 50 27 66 18 7 49 13 53 67 19 65 41 31 37 38 77 44 40 48 47 23 39 70 16 29 55 58 21 76 75 43 64 36 12 20 14 3 51 72 46 56 6 74 45 42 11 8 62 61 17 2 22 24 68 15 4 26 34 25 73 33 1 71 79 28 0 35 60 57 5 78 10 63 59 69 54 52],[22 71 78 12 65 44 7 70 58 77 39 36 38 45 5 68 56 73 16 66 0 1 28 49 21 79 13 69 40 9 61 26 6 62 55 46 11 19 50 29 53 33 76 43 74 17 27 35 75 48 20 60 4 24 31 2 42 18 63 34 52 47 10 32 25 51 72 67 8 15 57 23 14 64 54 59 30 41 37 3],253195,258125
steepest/lipa80a,84,255400,41,132720,31,[42 70 19 29 44 71 54 43 4 35 63 10 50 32 13 64 47 58 33 36 40 7 24 53 62 51 5 15 55 57 75 56 26 67 6 22 77 31 3 21 45 1 30 23 72 66 74 48 18 17 79 61 9 12 28 27 0 49 46 16 38 25 73 39 78 2 60 68 41 59 8 14 37 65 76 20 34 69 11 52],[22 71 78 12 65 44 7 70 58 77 39 36 38 45 5 68 56 73 16 66 0 1 28 49 21 79 13 69 40 9 61 26 6 62 55 46 11 19 50 29 53 33 76 43 74 17 27 35 75 48 20 60 4 24 31 2 42 18 63 34 52 47 10 32 25 51 72 67 8 15 57 23 14 64 54 59 30 41 37 3],253195,258125
greedy/lipa80a,85,255348,140,34004,6,[42 16 47 14 69 38 49 31 74 1 78 63 7 24 30 64 56 20 4 67 77 72 11 25 79 70 57 9 55 52 46 6 27 76 65 36 32 17 5 50 75 19 71 23 66 53 22 44 51 61 21 45 35 34 2 12 18 73 59 60 58 54 3 29 68 28 43 26 37 48 33 15 10 62 40 39 13 41 8 0],[22 71 78 12 65 44 7 70 58 77 39 36 38 45 5 68 56 73 16 66 0 1 28 49 21 79 13 69 40 9 61 26 6 62 55 46 11 19 50 29 53 33 76 43 74 17 27 35 75 48 20 60 4 24 31 2 42 18 63 34 52 47 10 32 25 51 72 67 8 15 57 23 14 64 54 59 30 41 37 3],253195,258619
steepest/lipa80a,85,255192,52,167480,40,[42 7 12 11 64 32 6 52 19 39 31 57 71 68 2 24 77 45 63 72 47 25 48 55 56 79 14 9 3 29 28 10 8 44 20 60 26 59 17 15 34 51 70 30 50 1 38 4 23 67 21 5 35 76 41 61 58 53 18 54 75 78 36 43 49 37 33 22 74 69 73 65 16 0 40 66 62 13 46 27],[22 71 78 12 65 44 7 70 58 77 39 36 38 45 5 68 56 73 16 66 0 1 28 49 21 79 13 69 40 9 61 26 6 62 55 46 11 19 50 29 53 33 76 43 74 17 27 35 75 48 20 60 4 24 31 2 42 18 63 34 52 47 10 32 25 51 72 67 8 15 57 23 14 64 54 59 30 41 37 3],253195,258619
greedy/lipa80a,86,255172,146,23478,5,[28 76 32 71 29 1 61 67 10 64 57 68 65 26 59 62 5 23 78 8 38 50 36 51 79 77 3 49 20 53 34 41 12 13 58 54 31 70 52 72 40 55 56 37 9 43 22 19 21 75 15 0 39 73 27 25 74 44 69 16 48 14 17 6 46 4 60 2 30 45 35 42 63 24 11 7 18 66 33 47],[22 71 78 12 65 44 7 70 58 77 39 36 38 45 5 68 56 73 16 66 0 1 28 49 21 79 13 69 40 9 61 26 6 62 55 46 11 19 50 29 53 33 76 43 74 17 27 35 75 48 20 60 4 24 31 2 42 18 63 34 52 47 10 32 25 51 72 67 8 15 57 23 14 64 54 59 30 41 37 3],253195,258634
steepest/lipa80a,86,255217,54,173800,43,[48 29 36 6 4 25 56 64 72 78 53 22 30 33 55 68 41 67 12 8 49 50 42 20 79 57 43 11 27 71 26 28 54 13 46 52 16 37 58 10 39 44 60 5 65 0 7 19 21 47 2 14 62 24 61 69 66 38 40 63 35 76 45 17 18 15 1 59 34 77 9 73 74 51 70 3 75 31 23 32],[22 71 78 12 65 44 7 70 58 77 39 36 38 45 5 68 56 73 16 66 0 1 28 49 21 79 13 69 40 9 61 26 6 62 55 46 11 19 50 29 53 33 76 43 74 17 27 35 75 48 20 60 4 24 31 2 42 18 63 34 52 47 10 32 25 51 72 67 8 15 57 23 14 64 54 59 30 41 37 3],253195,258634
greedy/lipa80a,87,255378,126,18944,4,[41 30 16 58 8 73 20 10 72 54 6 55 36 44 4 29 31 71 48 42 32 59 1 53 75 62 9 76 7 33 77 57 43 52 38 37 3 15 56 5 0 47 49 60 14 13 74 51 25 18 23 21 35 68 34 65 39 40 67 46 50 66 69 64 2 26 79 28 22 12 24 61 70 27 19 17 63 45 78 11],[22 71 78 12 65 44 7 70 58 77 39 36 38 45 5 68 56 73 16 66 0 1 28 49 21 79 13 69 40 9 61 26 6 62 55 46 11 19 50 29 53 33 76 43 74 17 27 35 75 48 20 60 4 24 31 2 42 18 63 34 52 47 10 32 25 51 72 67 8 15 57 23 14 64 54 59 30 41 37 3],253195,258451
steepest/lipa80a,87,255260,55,176960,38,[72 28 6 21 23 22 71 58 62 64 43 54 39 67 57 44 48 13 50 26 20 66 10 68 74 36 3 17 29 35 14 32 55 30 45 7 42 60 63 47 11 5 73 61 27 79 16 38 75 33 25 37 31 1 12 34 40 9 46 53 0 24 78 69 49 41 77 51 4 59 76 70 18 65 56 8 52 19 15 2],[22 71 78 12 65 44 7 70 58 77 39 36 38 45 5 68 56 73 16 66 0 1 28 49 21 79 13 69 40 9 61 26 6 62 55 46 11 19 50 29 53 33 76 43 74 17 27 35 75 48 20 60 4 24 31 2 42 18 63 34 52 47 10 32 25 51 72 67 8 15 57 23 14 64 54 59 30 41 37 3],253195,258451
greedy/lipa80a,88,255231,122,25689,7,[55 3 38 41 14 30 74 28 40 5 54 50 0 73 42 6 63 2 61 72 45 33 32 19 17 48 15 75 39 1 10 21 76 37 49 13 69 46 77 60 12 44 9 67 27 58 25 65 20 11 26 62 78 53 64 59 24 7 43 70 16 56 68 29 79 52 51 22 35 4 71 47 18 31 66 36 34 8 57 23],[22 71 78 12 65 44 7 70 58 77 39 36 38 45 5 68 56 73 16 66 0 1 28 49 21 79 13 69 40 9 61 26 6 62 55 46 11 19 50 29 53 33 76 43 74 17 27 35 75 48 20 60 4 24 31 2 42 18 63 34 52 47 10 32 25 51 72 67 8 15 57 23 14 64 54 59 30 41 37 3],253195,258377
steepest/lipa80a,88,255352,49,158000,31,[13 39 60 3 38 46 19 53 43 57 56 59 52 12 68 70 7 66 30 18 55 9 10 31 47 50 21 48 73 11 62 28 61 0 35 2 72 40 6 69 27 8 22 41 42 16 71 45 49 65 26 34 63 64 20 78 23 25 24 74 58 36 32 1 75 29 54 15 77 4 44 17 76 14 5 67 33 37 51 79],[22 71 78 12 65 44 7 70 58 77 39 36 38 45 5 68 56 73 16 66 0 1 28 49 21 79 13 69 40 9 61 26 6 62 55 46 11 19 50 29 53 33 76 43 74 17 27 35 75 48 20 60 4 24 31 2 42 18 63 34 52 47 10 32 25 51 72 67 8 15 57 23 14 64 54 59 30 41 37 3],253195,258377
greedy/lipa80a,89,255207,140,28284,15,[73 69 15 77 24 59 41 11 6 21 70 5 17 45 63 16 10 65 71 28 72 54 64 29 40 57 46 8 38 47 76 33 35 68 43 32 9 31 25 39 62 48 0 49 60 22 79 2 7 3 4 14 23 26 75 78 30 34 55 44 52 61 20 51 37 12 56 19 18 58 67 53 13 74 50 27 36 1 42 66],[22 71 78 12 65 44 7 70 58 77 39 36 38 45 5 68 56 73 16 66 0 1 28 49 21 79 13 69 40 9 61 26 6 62 55 46 11 19 50 29 53 33 76 43 74 17 27 35 75 48 20 60 4 24 31 2 42 18 63 34 52 47 10 32 25 51 72 67 8 15 57 23 14 64 54 59 30 41 37 3],253195,258687
steepest/lipa80a,89,255405,42,135880,30,[42 66 11 79 2 46 57 68 23 41 76 5 49 13 16 7 54 14 20 67 24 60 44 31 6 35 48 17 71 9 78 51 64 62 36 26 59 40 33 63 43 52 73 45 19 70 15 4 30 39 29 69 38 65 75 32 12 28 61 53 21 18 55 77 72 34 25 37 3 58 56 0 10 74 22 8 27 50 1 47],[22 71 78 12 65 44 7 70 58 77 39 36 38 45 5 68 56 73 16 66 0 1 28 49 21 79 13 69 40 9 61 26 6 62 55 46 11 19 50 29 53 33 76 43 74 17 27 35 75 48 20 60 4 24 31 2 42 18 63 34 52 47 10 32 25 51 72 67 8 15 57 23 14 64 54 59 30 41 37 3],253195,258687
greedy/lipa80a,90,255244,124,22139,6,[38 63 68 69 75 15 24 51 44 57 35 76 39 53 48 28 10 0 73 25 5 74 67 32 43 46 13 30 22 41 29 47 14 16 27 37 18 8 54 42 50 26 71 79 23 1 19 78 70 60 11 33 61 55 72 40 9 3 6 34 36 56 17 45 59 49 7 77 31 52 21 58 20 64 66 65 2 62 4 12],[22 71 78 12 65 44 7 70 58 77 39 36 38 45 5 68 56 73 16 66 0 1 28 49 21 79 13 69 40 9 61 26 6 62 55 46 11 19 50 29 53 33 76 43 74 17 27 35 75 48 20 60 4 24 31 2 42 18 63 34 52 47 10 32 25 51 72 67 8 15 57 23 14 64 54 59 30 41 37 3],253195,258269
steepest/lipa80a,90,255479,42,135880,30,[62 72 44 43 68 35 40 39 4 48 37 29 20 69 55 11 33 13 1 25 42 23 9 32 28 77 22 78 36 2 49 54 19 71 34 47 60 57 67 79 21 53 76 15 73 7 46 30 26 0 61 50 27 24 17 16 10 70 38 56 12 74 14 6 75 3 8 31 41 18 66 58 51 45 52 65 59 5 64 63],[22 71 78 12 65 44 7 70 58 77 39 36 38 45 5 68 56 73 16 66 0 1 28 49 21 79 13 69 40 9 61 26 6 62 55 46 11 19 50 29 53 33 76 43 74 17 27 35 75 48 20 60 4 24 31 2 42 18 63 34 52 47 10 32 25 51 72 67 8 15 57 23 14 64 54 59 30 41 37 3],253195,258269
greedy/lipa80a,91,255303,147,30211,15,[73 23 26 20 1 76 9 78 5 62 71 70 77 69 60 0 2 38 43 11 31 16 6 35 53 55 59 45 64 66 51 25 37 74 72 52 18 19 8 58 10 61 40 48 39 57 46 21 63 68 75 27 22 13 42 7 14 49 65 4 33 24 12 32 54 79 41 34 50 28 36 67 15 47 29 17 44 3 56 30],[22 71 78 12 65 44 7 70 58 77 39 36 38 45 5 68 56 73 16 66 0 1 28 49 21 79 13 69 40 9 61 26 6 62 55 46 11 19 50 29 53 33 76 43 74 17 27 35 75 48 20 60 4 24 31 2 42 18 63 34 52 47 10 32 25 51 72 67 8 15 57 23 14 64 54 59 30 41 37 3],253195,258480
steepest/lipa80a,91,255472,41,132720,33,[39 71 57 46 73 1 2 65 45 26 72 8 15 75 52 13 48 30 0 24 35 6 69 31 27 55 20 44 79 34 78 58 25 77 67 18 63 19 59 61 10 5 3 70 9 33 53 68 17 56 38 4 14 74 21 7 22 76 40 36 37 29 60 32 42 43 49 51 62 12 64 11 16 23 28 47 54 41 50 66],[22 71 78 12 65 44 7 70 58 77 39 36 38 45 5 68 56 73 16 66 0 1 28 49 21 79 13 69 40 9 61 26 6 62 55 46 11 19 50 29 53 33 76 43 74 17 27 35 75 48 20 60 4 24 31 2 42 18 63 34 52 47 10 32 25 51 72 67 8 15 57 23 14 64 54 59 30 41 37 3],253195,258480
greedy/lipa80a,92,255477,131,18126,4,[69 48 60 55 65 54 9 22 19 38 52 66 70 41 11 14 15 72 39 57 33 1 20 16 23 59 5 58 77 12 4 8 3 27 31 36 10 32 29 63 26 40 7 17 13 46 18 79 45 43 49 74 61 28 2 64 47 53 56 25 21 6 51 42 44 24 68 76 30 50 34 37 71 78 67 75 35 0 62 73],[22 71 78 12 65 44 7 70 58 77 39 36 38 45 5 68 56 73 16 66 0 1 28 49 21 79 13 69 40 9 61 26 6 62 55 46 11 19 50 29 53 33 76 43 74 17 27 35 75 48 20 60 4 24 31 2 42 18 63 34 52 47 10 32 25 51 72 67 8 15 57 23 14 64 54 59 30 41 37 3],253195,258541
steepest/lipa80a,92,255374,43,139040,27,[60 53 78 12 0 17 11 33 77 48 8 73 64 24 35 54 72 70 9 69 6 50 5 52 27 38 71 58 34 57 41 29 40 23 18 1 31 66 28 7 37 3 20 26 61 10 75 79 19 15 47 74 2 16 42 21 62 22 56 25 63 44 4 32 59 46 43 55 76 51 36 68 65 49 39 45 30 14 13 67],[22 71 78 12 65 44 7 70 58 77 39 36 38 45 5 68 56 73 16 66 0 1 28 49 21 79 13 69 40 9 61 26 6 62 55 46 11 19 50 29 53 33 76 43 74 17 27 35 75 48 20 60 4 24 31 2 42 18 63 34 52 47 10 32 25 51 72 67 8 15 57 23 14 64 54 59 30 41 37 3],253195,258541
greedy/lipa80a,93,255310,126,16056,4,[22 21 23 11 31 45 77 61 19 78 59 7 30 67 68 53 35 25 46 39 0 55 79 75 58 51 56 4 57 9 70 47 50 62 6 60 33 16 26 73 17 72 66 1 14 5 12 37 69 48 13 76 49 29 15 63 42 3 10 43 74 64 65 2 52 18 34 27 41 8 40 24 44 54 71 36 38 20 32 28],[22 71 78 12 65 44 7 70 58 77 39 36 38 45 5 68 56 73 16 66 0 1 28 49 21 79 13 69 40 9 61 26 6 62 55 46 11 19 50 29 53 33 76 43 74 17 27 35 75 48 20 60 4 24 31 2 42 18 63 34 52 47 10 32 25 51 72 67 8 15 57 23 14 64 54 59 30 41 37 3],253195,258590
steepest/lipa80a,93,255177,58,186440,44,[36 30 1 66 25 62 33 68 3 8 50 16 22 42 7 52 4 23 79 54 40 72 12 78 74 67 21 31 0 2 28 20 58 17 19 71 59 27 26 15 14 46 39 41 48 38 35 9 60 37 49 53 43 6 64 73 76 13 10 56 47 77 65 45 61 29 34 63 44 55 24 57 69 18 70 11 75 5 51 32],[22 71 78 12 65 44 7 70 58 77 39 36 38 45 5 68 56 73 16 66 0 1 28 49 21 79 13 69 40 9 61 26 6 62 55 46 11 19 50 29 53 33 76 43 74 17 27 35 75 48 20 60 4 24 31 2 42 18 63 34 52 47 10 32 25 51 72 67 8 15 57 23 14 64 54 59 30 41 37 3],253195,258590
greedy/lipa80a,94,255237,148,40445,7,[69 70 22 12 65 34 44 5 73 30 77 15 46 43 48 21 52 58 16 79 45 63 62 53 3 42 1 37 18 41 27 75 33 57 66 26 38 51 25 35 17 28 71 0 74 55 59 7 78 23 39 50 40 24 68 31 54 49 76 10 32 61 67 6 36 9 56 72 14 4 13 47 8 64 60 11 2 20 19 29],[22 71 78 12 65 44 7 70 58 77 39 36 38 45 5 68 56 73 16 66 0 1 28 49 21 79 13 69 40 9 61 26 6 62 55 46 11 19 50 29 53 33 76 43 74 17 27 35 75 48 20 60 4 24 31 2 42 18 63 34 52 47 10 32 25 51 72 67 8 15 57 23 14 64 54 59 30 41 37 3],253195,258660
steepest/lipa80a,94,255329,48,154840,41,[0 29 36 77 45 66 69 59 24 4 51 15 73 18 35 13 65 27 74 37 75 19 43 9 5 31 25 7 70 30 76 55 62 3 12 26 64 2 44 72 32 78 1 14 22 33 17 54 10 47 46 23 40 48 42 20 58 11 41 28 79 68 49 39 60 61 52 6 50 16 63 67 71 57 53 21 38 8 56 34],[22 71 78 12 65 44 7 70 58 77 39 36 38 45 5 68 56 73 16 66 0 1 28 49 21 79 13 69 40 9 61 26 6 62 55 46 11 19 50 29 53 33 76 43 74 17 27 35 75 48 20 60 4 24 31 2 42 18 63 34 52 47 10 32 25 51 72 67 8 15 57 23 14 64 54 59 30 41 37 3],253195,258660
greedy/lipa80a,95,255240,149,28619,0,[37 56 26 51 21 39 61 55 4 10 2 33 53 50 35 13 17 3 64 34 71 54 14 9 69 77 0 52 24 58 47 20 12 74 1 32 76 72 22 38 63 57 11 45 59 8 67 44 7 40 46 5 30 60 62 31 18 15 27 16 78 66 68 65 25 75 43 41 49 73 19 28 42 36 79 6 48 23 70 29],[22 71 78 12 65 44 7 70 58 77 39 36 38 45 5 68 56 73 16 66 0 1 28 49 21 79 13 69 40 9 61 26 6 62 55 46 11 19 50 29 53 33 76 43 74 17 27 35 75 48 20 60 4 24 31 2 42 18 63 34 52 47 10 32 25 51 72 67 8 15 57 23 14 64 54 59 30 41 37 3],253195,258494
steepest/lipa80a,95,255550,43,139040,33,[34 66 2 15 14 59 68 69 24 73 0 23 13 40 30 57 56 33 37 78 21 8 67 72 31 29 55 7 18 26 74 47 39 50 36 75 38 51 70 19 32 77 45 61 16 71 65 44 62 52 46 6 58 25 17 43 54 3 5 1 20 35 9 4 42 41 10 79 22 49 12 48 63 27 11 76 53 64 60 28],[22 71 78 12 65 44 7 70 58 77 39 36 38 45 5 68 56 73 16 66 0 1 28 49 21 79 13 69 40 9 61 26 6 62 55 46 11 19 50 29 53 33 76 43 74 17 27 35 75 48 20 60 4 24 31 2 42 18 63 34 52 47 10 32 25 51 72 67 8 15 57 23 14 64 54 59 30 41 37 3],253195,258494
greedy/lipa80a,96,255159,157,31419,11,[23 60 41 40 57 25 15 34 55 30 29 4 54 78 26 62 12 49 14 32 20 77 17 63 10 64 28 68 31 73 76 8 70 38 35 69 52 46 11 9 79 0 42 50 75 56 5 19 2 24 43 39 36 72 6 27 13 58 45 37 71 51 53 59 47 33 1 48 7 18 61 67 44 21 3 16 65 66 74 22],[22 71 78 12 65 44 7 70 58 77 39 36 38 45 5 68 56 73 16 66 0 1 28 49 21 79 13 69 40 9 61 26 6 62 55 46 11 19 50 29 53 33 76 43 74 17 27 35 75 48 20 60 4 24 31 2 42 18 63 34 52 47 10 32 25 51 72 67 8 15 57 23 14 64 54 59 30 41 37 3],253195,258520
steepest/lipa80a,96,255392,41,132720,31,[49 0 68 58 59 9 8 16 15 30 67 42 40 51 14 44 63 55 11 10 37 71 26 24 76 65 28 5 60 19 32 47 73 20 3 38 77 78 79 54 74 69 23 2 64 50 75 57 72 13 34 52 22 36 66 53 61 45 21 18 4 12 48 6 31 33 7 35 70 29 39 1 17 62 25 43 41 46 56 27],[22 71 78 12 65 44 7 70 58 77 39 36 38 45 5 68 56 73 16 66 0 1 28 49 21 79 13 69 40 9 61 26 6 62 55 46 11 19 50 29 53 33 76 43 74 17 27 35 75 48 20 60 4 24 31 2 42 18 63 34 52 47 10 32 25 51 72 67 8 15 57 23 14 64 54 59 30 41 37 3],253195,258520
greedy/lipa80a,97,255179,161,53692,16,[57 23 46 53 50 45 61 30 3 77 14 7 38 76 54 52 17 22 6 13 74 8 40 26 31 4 15 43 39 78 73 24 35 60 47 9 72 0 21 69 12 70 18 32 10 1 63 48 75 64 28 44 2 49 56 11 42 58 25 29 37 67 68 65 79 33 34 16 71 55 36 27 62 59 66 20 19 5 41 51],[22 71 78 12 65 44 7 70 58 77 39 36 38 45 5 68 56 73 16 66 0 1 28 49 21 79 13 69 40 9 61 26 6 62 55 46 11 19 50 29 53 33 76 43 74 17 27 35 75 48 20 60 4 24 31 2 42 18 63 34 52 47 10 32 25 51 72 67 8 15 57 23 14 64 54 59 30 41 37 3],253195,258283
steepest/lipa80a,97,255167,45,145360,31,[23 40 51 64 11 14 46 79 31 8 29 0 32 30 59 68 2 24 42 74 72 44 57 77 41 75 54 55 69 67 26 22 6 45 38 9 20 35 7 10 56 36 47 70 27 33 12 58 18 73 62 71 34 37 43 25 78 17 15 60 50 16 19 66 53 65 49 4 28 52 3 63 76 5 13 61 48 1 39 21],[22 71 78 12 65 44 7 70 58 77 39 36 38 45 5 68 56 73 16 66 0 1 28 49 21 79 13 69 40 9 61 26 6 62 55 46 11 19 50 29 53 33 76 43 74 17 27 35 75 48 20 60 4 24 31 2 42 18 63 34 52 47 10 32 25 51 72 67 8 15 57 23 14 64 54 59 30 41 37 3],253195,258283
greedy/lipa80a,98,255196,158,26255,12,[47 79 69 11 58 40 4 21 50 41 29 75 8 33 32 1 44 71 13 9 73 10 18 64 38 7 46 20 62 39 34 45 22 36 26 14 67 65 19 5 31 27 78 12 53 6 48 16 57 28 76 54 2 59 15 61 55 77 30 24 42 66 63 43 37 17 23 49 60 56 68 0 3 70 25 72 51 74 52 35],[22 71 78 12 65 44 7 70 58 77 39 36 38 45 5 68 56 73 16 66 0 1 28 49 21 79 13 69 40 9 61 26 6 62 55 46 11 19 50 29 53 33 76 43 74 17 27 35 75 48 20 60 4 24 31 2 42 18 63 34 52 47 10 32 25 51 72 67 8 15 57 23 14 64 54 59 30 41 37 3],253195,258524
steepest/lipa80a,98,255200,54,173800,59,[11 61 9 58 63 79 44 0 25 60 22 6 10 17 42 35 48 4 50 14 66 52 73 45 75 59 46 43 29 18 31 78 67 12 26 69 40 72 19 21 54 27 62 39 33 55 8 36 64 16 74 71 49 1 20 5 7 34 24 2 32 53 68 38 77 65 28 57 41 56 47 15 37 23 76 13 3 30 70 51],[22 71 78 12 65 44 7 70 58 77 39 36 38 45 5 68 56 73 16 66 0 1 28 49 21 79 13 69 40 9 61 26 6 62 55 46 11 19 50 29 53 33 76 43 74 17 27 35 75 48 20 60 4 24 31 2 42 18 63 34 52 47 10 32 25 51 72 67 8 15 57 23 14 64 54 59 30 41 37 3],253195,258524
greedy/lipa80a,99,255506,108,15012,4,[76 66 44 43 23 78 73 36 2 41 1 37 34 33 3 42 63 61 65 46 57 12 11 48 75 62 38 27 15 47 32 13 26 22 5 45 67 4 59 17 35 60 69 18 25 24 68 53 72 51 71 49 52 20 19 29 10 40 31 50 55 74 64 8 39 6 77 16 14 28 79 70 21 30 58 54 0 56 9 7],[22 71 78 12 65 44 7 70 58 77 39 36 38 45 5 68 56 73 16 66 0 1 28 49 21 79 13 69 40 9 61 26 6 62 55 46 11 19 50 29 53 33 76 43 74 17 27 35 75 48 20 60 4 24 31 2 42 18 63 34 52 47 10 32 25 51 72 67 8 15 57 23 14 64 54 59 30 41 37 3],253195,258470
steepest/lipa80a,99,255346,47,151680,41,[79 25 17 23 1 18 14 24 59 73 47 68 3 21 63 51 35 60 8 4 57 54 26 2 30 22 32 36 45 5 6 37 52 46 77 67 34 71 78 39 69 29 72 42 55 65 76 61 33 20 74 53 49 19 11 50 62 40 44 70 48 28 12 75 64 38 10 27 0 16 58 31 41 7 43 13 15 9 66 56],[22 71 78 12 65 44 7 70 58 77 39 36 38 45 5 68 56 73 16 66 0 1 28 49 21 79 13 69 40 9 61 26 6 62 55 46 11 19 50 29 53 33 76 43 74 17 27 35 75 48 20 60 4 24 31 2 42 18 63 34 52 47 10 32 25 51 72 67 8 15 57 23 14 64 54 59 30 41 37 3],253195,258470
greedy/lipa80a,100,255348,126,19077,1,[38 67 8 40 17 75 19 29 41 7 34 11 51 77 35 42 20 26 46 30 31 49 43 21 6 50 1 69 14 28 68 53 3 76 73 4 45 79 52 2 18 71 47 72 54 39 13 78 15 48 32 60 37 24 5 16 65 36 57 70 59 64 22 56 44 66 27 0 61 33 12 58 9 25 62 74 10 23 63 55],[22 71 78 12 65 44 7 70 58 77 39 36 38 45 5 68 56 73 16 66 0 1 28 49 21 79 13 69 40 9 61 26 6 62 55 46 11 19 50 29 53 33 76 43 74 17 27 35 75 48 20 60 4 24 31 2 42 18 63 34 52 47 10 32 25 51 72 67 8 15 57 23 14 64 54 59 30 41 37 3],253195,258383
steepest/lipa80a,100,255376,44,142200,25,[68 12 77 76 24 26 21 9 41 79 34 45 55 19 57 13 49 42 78 23 52 27 51 5 47 11 3 63 37 29 7 56 0 39 20 53 2 67 25 28 14 73 40 16 60 61 44 58 30 74 31 35 72 62 36 75 6 64 66 59 48 43 18 70 10 71 22 50 8 65 1 17 4 32 69 38 15 46 54 33],[22 71 78 12 65 44 7 70 58 77 39 36 38 45 5 68 56 73 16 66 0 1 28 49 21 79 13 69 40 9 61 26 6 62 55 46 11 19 50 29 53 33 76 43 74 17 27 35 75 48 20 60 4 24 31 2 42 18 63 34 52 47 10 32 25 51 72 67 8 15 57 23 14 64 54 59 30 41 37 3],253195,258383
greedy/lipa80a,101,255409,140,18726,13,[78 56 18 76 5 1 72 62 46 12 34 24 45 15 64 39 69 26 22 68 25 28 41 27 2 43 48 55 77 63 42 23 33 4 73 7 13 65 79 36 58 0 16 57 53 59 70 35 61 3 8 10 37 14 9 19 6 29 54 52 60 49 51 32 50 75 71 44 31 17 74 20 30 21 67 47 40 66 38 11],[22 71 78 12 65 44 7 70 58 77 39 36 38 45 5 68 56 73 16 66 0 1 28 49 21 79 13 69 40 9 61 26 6 62 55 46 11 19 50 29 53 33 76 43 74 17 27 35 75 48 20 60 4 24 31 2 42 18 63 34 52 47 10 32 25 51 72 67 8 15 57 23 14 64 54 59 30 41 37 3],253195,258400
steepest/lipa80a,101,255369,46,148520,33,[54 47 41 72 38 24 62 2 5 65 23 3 56 32 61 57 29 17 1 14 15 71 69 55 68 21 4 52 58 7 20 51 22 37 74 76 12 27 28 50 40 70 9 6 25 78 73 8 18 42 44 64 30 16 0 31 63 53 45 26 59 11 79 43 33 77 60 49 36 34 19 46 35 39 75 10 67 13 48 66],[22 71 78 12 65 44 7 70 58 77 39 36 38 45 5 68 56 73 16 66 0 1 28 49 21 79 13 69 40 9 61 26 6 62 55 46 11 19 50 29 53 33 76 43 74 17 27 35 75 48 20 60 4 24 31 2 42 18 63 34 52 47 10 32 25 51 72 67 8 15 57 23 14 64 54 59 30 41 37 3],253195,258400
greedy/lipa80a,102,255394,145,18977,2,[37 63 61 6 8 29 28 52 76 66 13 15 10 27 54 19 24 33 51 62 3 32 38 55 78 47 1 17 30 56 59 48 45 31 34 26 40 68 12 64 65 77 7 67 60 2 35 50 73 25 23 41 58 5 43 46 49 69 72 9 0 22 57 11 71 42 4 75 20 21 14 18 70 79 39 74 53 36 16 44],[22 71 78 12 65 44 7 70 58 77 39 36 38 45 5 68 56 73 16 66 0 1 28 49 21 79 13 69 40 9 61 26 6 62 55 46 11 19 50 29 53 33 76 43 74 17 27 35 75 48 20 60 4 24 31 2 42 18 63 34 52 47 10 32 25 51 72 67 8 15 57 23 14 64 54 59 30 41 37 3],253195,258752
steepest/lipa80a,102,255362,40,129560,32,[49 52 42 8 38 47 39 43 4 30 15 5 10 2 74 76 17 21 48 70 69 32 50 57 14 28 13 9 11 3 36 44 12 61 54 45 51 58 66 77 31 55 22 1 67 27 41 59 64 23 25 53 65 34 24 26 19 20 63 60 73 40 33 6 46 62 29 18 79 68 35 56 72 71 75 7 37 78 16 0],[22 71 78 12 65 44 7 70 58 77 39 36 38 45 5 68 56 73 16 66 0 1 28 49 21 79 13 69 40 9 61 26 6 62 55 46 11 19 50 29 53 33 76 43 74 17 27 35 75 48 20 60 4 24 31 2 42 18 63 34 52 47 10 32 25 51 72 67 8 15 57 23 14 64 54 59 30 41 37 3],253195,258752
greedy/lipa80a,103,255327,163,28919,0,[58 20 54 71 55 76 29 41 11 68 21 60 37 10 27 12 51 40 63 15 26 57 49 64 43 62 14 72 66 22 39 32 8 34 47 25 53 38 7 33 48 19 75 52 36 56 0 70 69 4 23 13 65 59 3 74 78 28 18 2 45 42 67 46 50 17 5 77 30 16 6 61 79 24 1 31 35 73 9 44],[22 71 78 12 65 44 7 70 58 77 39 36 38 45 5 68 56 73 16 66 0 1 28 49 21 79 13 69 40 9 61 26 6 62 55 46 11 19 50 29 53 33 76 43 74 17 27 35 75 48 20 60 4 24 31 2 42 18 63 34 52 47 10 32 25 51 72 67 8 15 57 23 14 64 54 59 30 41 37 3],253195,258723
steepest/lipa80a,103,255468,41,132720,38,[20 17 41 50 4 75 55 76 53 52 44 13 58 11 37 67 24 28 71 57 54 60 43 23 59 73 9 78 79 62 72 74 2 39 35 68 6 22 69 26 15 8 33 25 51 21 1 27 32 61 65 7 10 14 18 64 12 63 45 77 42 5 56 46 16 38 19 70 47 36 49 40 30 48 0 29 31 3 34 66],[22 71 78 12 65 44 7 70 58 77 39 36 38 45 5 68 56 73 16 66 0 1 28 49 21 79 13 69 40 9 61 26 6 62 55 46 11 19 50 29 53 33 76 43 74 17 27 35 75 48 20 60 4 24 31 2 42 18 63 34 52 47 10 32 25 51 72 67 8 15 57 23 14 64 54 59 30 41 37 3],253195,258723
greedy/lipa80a,104,255444,138,33448,12,[16 26 21 54 6 2 49 68 52 10 74 56 17 22 61 73 15 60 47 48 57 29 34 46 37 38 13 1 43 59 24 69 44 19 45 71 28 75 30 50 79 58 11 23 42 9 20 3 55 14 5 67 64 27 7 72 35 25 4 63 77 31 0 40 76 78 33 41 62 32 70 8 39 65 53 36 66 12 51 18],[22 71 78 12 65 44 7 70 58 77 39 36 38 45 5 68 56 73 16 66 0 1 28 49 21 79 13 69 40 9 61 26 6 62 55 46 11 19 50 29 53 33 76 43 74 17 27 35 75 48 20 60 4 24 31 2 42 18 63 34 52 47 10 32 25 51 72 67 8 15 57 23 14 64 54 59 30 41 37 3],253195,258727
steepest/lipa80a,104,255403,41,132720,34,[68 28 8 24 43 12 27 17 65 22 71 11 69 10 59 26 74 16 35 73 79 77 29 51 13 47 7 75 32 53 14 19 34 1 45 3 40 63 38 50 67 58 64 70 21 46 62 55 20 4 61 2 37 44 30 23 6 60 18 52 54 39 42 31 0 9 49 41 5 15 25 48 72 76 56 36 66 33 78 57],[22 71 78 12 65 44 7 70 58 77 39 36 38 45 5 68 56 73 16 66 0 1 28 49 21 79 13 69 40 9 61 26 6 62 55 46 11 19 50 29 53 33 76 43 74 17 27 35 75 48 20 60 4 24 31 2 42 18 63 34 52 47 10 32 25 51 72 67 8 15 57 23 14 64 54 59 30 41 37 3],253195,258727
greedy/lipa80a,105,255294,124,17331,3,[68 6 78 17 1 33 0 75 74 13 47 31 24 23 79 28 55 4 62 77 36 16 58 2 41 40 65 18 11 56 76 10 8 72 27 48 22 15 26 49 39 9 64 67 35 70 3 51 32 69 73 38 53 43 5 66 14 45 60 50 54 46 25 21 63 7 57 59 44 52 61 34 20 42 71 19 30 29 37 12],[22 71 78 12 65 44 7 70 58 77 39 36 38 45 5 68 56 73 16 66 0 1 28 49 21 79 13 69 40 9 61 26 6 62 55 46 11 19 50 29 53 33 76 43 74 17 27 35 75 48 20 60 4 24 31 2 42 18 63 34 52 47 10 32 25 51 72 67 8 15 57 23 14 64 54 59 30 41 37 3],253195,258440
steepest/lipa80a,105,255282,47,151680,36,[33 10 26 61 7 12 15 18 17 63 69 6 8 75 21 79 1 24 20 42 28 16 57 67 66 40 60 34 41 65 27 45 31 19 58 55 23 0 46 52 29 62 35 14 9 59 4 70 13 50 73 39 47 11 2 68 72 74 56 78 32 5 54 49 44 76 22 51 43 37 53 38 77 25 30 3 48 36 71 64],[22 71 78 12 65 44 7 70 58 77 39 36 38 45 5 68 56 73 16 66 0 1 28 49 21 79 13 69 40 9 61 26 6 62 55 46 11 19 50 29 53 33 76 43 74 17 27 35 75 48 20 60 4 24 31 2 42 18 63 34 52 47 10 32 25 51 72 67 8 15 57 23 14 64 54 59 30 41 37 3],253195,258440
greedy/lipa80a,106,255158,165,28558,8,[2 16 53 40 76 20 29 75 51 70 12 49 8 72 74 21 15 67 69 6 25 66 57 43 10 18 28 61 64 26 41 54 33 52 55 62 65 59 79 37 71 45 78 22 5 24 46 7 31 73 47 39 11 19 0 60 77 14 13 1 17 56 48 44 68 58 35 38 30 42 34 63 3 32 4 36 27 23 9 50],[22 71 78 12 65 44 7 70 58 77 39 36 38 45 5 68 56 73 16 66 0 1 28 49 21 79 13 69 40 9 61 26 6 62 55 46 11 19 50 29 53 33 76 43 74 17 27 35 75 48 20 60 4 24 31 2 42 18 63 34 52 47 10 32 25 51 72 67 8 15 57 23 14 64 54 59 30 41 37 3],253195,258666
steepest/lipa80a,106,255300,46,148520,36,[6 73 71 8 74 2 18 26 62 7 29 41 24 19 52 68 3 23 69 13 79 25 60 78 14 55 11 75 56 33 16 36 45 20 34 43 38 70 77 31 0 50 22 66 32 76 64 48 30 63 65 46 57 27 42 12 9 1 59 67 5 21 15 28 39 4 61 53 44 37 17 49 40 10 54 35 72 58 51 47],[22 71 78 12 65 44 7 70 58 77 39 36 38 45 5 68 56 73 16 66 0 1 28 49 21 79 13 69 40 9 61 26 6 62 55 46 11 19 50 29 53 33 76 43 74 17 27 35 75 48 20 60 4 24 31 2 42 18 63 34 52 47 10 32 25 51 72 67 8 15 57 23 14 64 54 59 30 41 37 3],253195,258666
greedy/lipa80a,107,255293,130,23827,7,[36 6 42 28 21 62 0 72 74 44 8 60 17 1 46 64 53 49 33 75 43 34 24 4 39 54 32 13 30 48 15 22 70 77 35 50 5 2 9 18 31 76 69 41 66 57 7 10 25 55 27 19 23 47 65 51 52 79 3 45 63 78 20 38 67 59 58 61 56 68 11 73 71 29 16 37 40 12 14 26],[22 71 78 12 65 44 7 70 58 77 39 36 38 45 5 68 56 73 16 66 0 1 28 49 21 79 13 69 40 9 61 26 6 62 55 46 11 19 50 29 53 33 76 43 74 17 27 35 75 48 20 60 4 24 31 2 42 18 63 34 52 47 10 32 25 51 72 67 8 15 57 23 14 64 54 59 30 41 37 3],253195,258279
steepest/lipa80a,107,255201,46,148520,34,[10 79 32 61 7 28 26 51 62 70 24 60 47 1 53 16 46 74 9 8 68 37 55 22 63 17 35 71 34 31 78 14 48 5 43 29 3 18 67 52 21 20 64 44 66 54 77 40 25 33 41 6 45 75 13 58 65 72 0 39 59 2 42 69 50 49 4 27 38 73 11 19 57 15 76 23 30 36 12 56],[22 71 78 12 65 44 7 70 58 77 39 36 38 45 5 68 56 73 16 66 0 1 28 49 21 79 13 69 40 9 61 26 6 62 55 46 11 19 50 29 53 33 76 43 74 17 27 35 75 48 20 60 4 24 31 2 42 18 63 34 52 47 10 32 25 51 72 67 8 15 57 23 14 64 54 59 30 41 37 3],253195,258279
greedy/lipa80a,108,255292,146,33816,7,[38 49 75 51 56 13 42 3 4 50 22 52 58 40 73 25 62 12 26 74 63 6 43 66 44 70 67 0 48 78 2 8 32 29 69 59 41 71 39 68 53 16 23 1 5 31 47 11 61 9 28 14 37 34 77 33 54 79 17 64 35 21 36 76 18 55 15 24 10 60 27 7 72 65 20 45 30 57 46 19],[22 71 78 12 65 44 7 70 58 77 39 36 38 45 5 68 56 73 16 66 0 1 28 49 21 79 13 69 40 9 61 26 6 62 55 46 11 19 50 29 53 33 76 43 74 17 27 35 75 48 20 60 4 24 31 2 42 18 63 34 52 47 10 32 25 51 72 67 8 15 57 23 14 64 54 59 30 41 37 3],253195,258979
steepest/lipa80a,108,255307,51,164320,38,[33 70 3 59 72 8 43 20 4 37 55 30 48 66 58 50 29 54 46 24 40 6 71 60 44 11 27 18 77 9 39 75 32 56 0 69 41 15 61 25 13 51 67 52 36 45 74 1 79 23 31 42 16 38 21 73 28 14 5 12 35 7 2 64 57 17 78 47 62 76 68 63 34 26 10 19 53 65 22 49],[22 71 78 12 65 44 7 70 58 77 39 36 38 45 5 68 56 73 16 66 0 1 28 49 21 79 13 69 40 9 61 26 6 62 55 46 11 19 50 29 53 33 76 43 74 17 27 35 75 48 20 60 4 24 31 2 42 18 63 34 52 47 10 32 25 51 72 67 8 15 57 23 14 64 54 59 30 41 37 3],253195,258979
greedy/lipa80a,109,255195,141,34529,5,[12 9 21 62 2 76 23 13 44 68 3 11 38 26 60 39 27 63 43 6 46 69 58 49 57 45 29 78 10 41 65 17 59 32 8 28 72 15 52 14 19 55 30 25 61 33 24 34 22 42 77 51 31 66 50 47 35 67 4 54 79 53 70 36 16 20 5 64 73 1 74 18 75 40 48 0 71 7 56 37],[22 71 78 12 65 44 7 70 58 77 39 36 38 45 5 68 56 73 16 66 0 1 28 49 21 79 13 69 40 9 61 26 6 62 55 46 11 19 50 29 53 33 76 43 74 17 27 35 75 48 20 60 4 24 31 2 42 18 63 34 52 47 10 32 25 51 72 67 8 15 57 23 14 64 54 59 30 41 37 3],253195,258819
steepest/lipa80a,109,255356,44,142200,31,[63 73 19 20 0 12 25 54 66 26 75 17 23 33 32 7 1 79 67 14 50 34 59 49 44 6 22 43 71 13 8 76 39 77 60 2 28 65 9 40 74 24 61 78 35 21 30 15 55 18 51 56 29 4 38 5 3 70 58 27 68 47 69 41 72 37 53 46 36 64 16 45 62 31 52 42 10 57 11 48],[22 71 78 12 65 44 7 70 58 77 39 36 38 45 5 68 56 73 16 66 0 1 28 49 21 79 13 69 40 9 61 26 6 62 55 46 11 19 50 29 53 33 76 43 74 17 27 35 75 48 20 60 4 24 31 2 42 18 63 34 52 47 10 32 25 51 72 67 8 15 57 23 14 64 54 59 30 41 37 3],253195,258819
greedy/lipa80a,110,255342,124,21822,9,[41 12 69 57 55 17 43 44 79 35 60 8 0 27 70 50 30 26 65 36 5 37 32 75 45 72 13 38 63 42 73 14 47 4 77 1 40 74 62 31 15 64 20 2 16 22 58 48 56 61 39 11 21 53 23 9 51 33 59 76 49 78 46 3 67 19 24 54 52 7 71 29 34 25 28 66 68 10 6 18],[22 71 78 12 65 44 7 70 58 77 39 36 38 45 5 68 56 73 16 66 0 1 28 49 21 79 13 69 40 9 61 26 6 62 55 46 11 19 50 29 53 33 76 43 74 17 27 35 75 48 20 60 4 24 31 2 42 18 63 34 52 47 10 32 25 51 72 67 8 15 57 23 14 64 54 59 30 41 37 3],253195,258424
steepest/lipa80a,110,255273,56,180120,42,[29 71 30 1 48 24 78 2 53 8 33 28 73 72 10 41 34 11 70 0 3 57 23 55 67 26 4 35 27 40 54 31 37 68 12 38 15 19 39 65 21 9 63 59 43 20 58 56 74 17 5 77 22 49 13 6 47 64 14 44 51 79 60 42 76 25 50 32 52 46 61 69 62 7 45 18 36 66 75 16],[22 71 78 12 65 44 7 70 58 77 39 36 38 45 5 68 56 73 16 66 0 1 28 49 21 79 13 69 40 9 61 26 6 62 55 46 11 19 50 29 53 33 76 43 74 17 27 35 75 48 20 60 4 24 31 2 42 18 63 34 52 47 10 32 25 51 72 67 8 15 57 23 14 64 54 59 30 41 37 3],253195,258424
greedy/lipa80a,111,255363,127,22344,4,[28 23 63 54 69 6 60 24 61 35 65 26 27 18 38 79 59 31 29 1 33 75 76 47 0 44 40 10 14 2 66 3 52 13 71 46 20 78 50 45 48 30 43 12 4 22 51 19 7 64 39 42 37 21 11 16 67 68 25 8 74 77 32 57 58 49 72 9 5 56 34 73 53 70 36 15 62 41 17 55],[22 71 78 12 65 44 7 70 58 77 39 36 38 45 5 68 56 73 16 66 0 1 28 49 21 79 13 69 40 9 61 26 6 62 55 46 11 19 50 29 53 33 76 43 74 17 27 35 75 48 20 60 4 24 31 2 42 18 63 34 52 47 10 32 25 51 72 67 8 15 57 23 14 64 54 59 30 41 37 3],253195,258339
steepest/lipa80a,111,255364,44,142200,34,[12 17 64 32 63 34 60 4 79 71 6 69 27 59 70 65 61 46 52 13 54 37 26 31 43 15 44 58 35 18 76 0 45 29 75 10 20 78 25 73 49 67 14 40 22 42 51 7 57 1 41 74 19 30 48 47 9 5 23 28 62 77 66 3 24 36 53 8 50 56 16 68 21 2 38 11 33 39 72 55],[22 71 78 12 65 44 7 70 58 77 39 36 38 45 5 68 56 73 16 66 0 1 28 49 21 79 13 69 40 9 61 26 6 62 55 46 11 19 50 29 53 33 76 43 74 17 27 35 75 48 20 60 4 24 31 2 42 18 63 34 52 47 10 32 25 51 72 67 8 15 57 23 14 64 54 59 30 41 37 3],253195,258339
greedy/lipa80a,112,255416,132,20415,5,[67 65 11 37 79 66 18 51 16 26 0 29 41 61 43 69 52 74 64 76 22 44 36 78 13 31 21 10 8 53 38 33 59 28 73 70 17 3 42 40 68 5 19 34 23 54 50 63 12 39 7 55 20 45 71 25 46 30 62 27 75 56 58 72 9 77 15 60 6 24 57 48 1 47 35 32 4 14 49 2],[22 71 78 12 65 44 7 70 58 77 39 36 38 45 5 68 56 73 16 66 0 1 28 49 21 79 13 69 40 9 61 26 6 62 55 46 11 19 50 29 53 33 76 43 74 17 27 35 75 48 20 60 4 24 31 2 42 18 63 34 52 47 10 32 25 51 72 67 8 15 57 23 14 64 54 59 30 41 37 3],253195,258380
steepest/lipa80a,112,255407,39,126400,28,[4 67 34 69 19 18 60 52 65 72 22 21 26 74 10 28 42 32 0 23 45 78 49 6 11 44 76 73 9 41 48 51 70 77 54 40 17 35 39 33 5 46 38 31 68 79 61 7 75 12 56 15 62 50 25 1 3 37 64 16 47 29 36 58 71 30 53 63 66 2 27 55 13 24 14 59 43 57 20 8],[22 71 78 12 65 44 7 70 58 77 39 36 38 45 5 68 56 73 16 66 0 1 28 49 21 79 13 69 40 9 61 26 6 62 55 46 11 19 50 29 53 33 76 43 74 17 27 35 75 48 20 60 4 24 31 2 42 18 63 34 52 47 10 32 25 51 72 67 8 15 57 23 14 64 54 59 30 41 37 3],253195,258380
greedy/lipa80a,113,255219,161,33180,5,[59 72 64 5 69 37 11 16 51 76 65 39 25 71 10 60 8 12 49 15 23 46 67 30 52 43 33 7 35 24 18 77 45 41 55 40 56 4 6 17 66 20 50 14 32 68 9 31 28 58 26 2 29 78 0 54 53 73 74 1 47 79 22 36 27 21 19 13 61 42 48 70 63 44 57 75 38 62 34 3],[22 71 78 12 65 44 7 70 58 77 39 36 38 45 5 68 56 73 16 66 0 1 28 49 21 79 13 69 40 9 61 26 6 62 55 46 11 19 50 29 53 33 76 43 74 17 27 35 75 48 20 60 4 24 31 2 42 18 63 34 52 47 10 32 25 51 72 67 8 15 57 23 14 64 54 59 30 41 37 3],253195,258762
steepest/lipa80a,113,255434,44,142200,50,[41 13 6 51 57 30 75 10 38 25 40 39 24 66 60 0 53 78 12 22 21 69 20 37 45 43 8 5 65 48 74 68 15 14 7 76 46 4 1 9 55 67 59 62 18 36 54 70 33 28 50 16 58 64 35 31 34 79 32 44 52 47 73 42 63 77 29 23 61 11 71 26 17 49 72 19 56 27 3 2],[22 71 78 12 65 44 7 70 58 77 39 36 38 45 5 68 56 73 16 66 0 1 28 49 21 79 13 69 40 9 61 26 6 62 55 46 11 19 50 29 53 33 76 43 74 17 27 35 75 48 20 60 4 24 31 2 42 18 63 34 52 47 10 32 25 51 72 67 8 15 57 23 14 64 54 59 30 41 37 3],253195,258762
greedy/lipa80a,114,255337,139,20377,6,[10 21 65 15 20 28 47 73 68 24 53 38 35 79 75 31 4 11 61 16 41 3 2 77 18 51 64 19 34 49 27 25 37 9 33 23 7 1 36 58 43 32 17 54 74 66 44 57 5 59 52 69 78 6 22 76 8 26 48 0 63 60 39 50 12 46 71 70 56 14 45 29 55 72 40 30 42 13 62 67],[22 71 78 12 65 44 7 70 58 77 39 36 38 45 5 68 56 73 16 66 0 1 28 49 21 79 13 69 40 9 61 26 6 62 55 46 11 19 50 29 53 33 76 43 74 17 27 35 75 48 20 60 4 24 31 2 42 18 63 34 52 47 10 32 25 51 72 67 8 15 57 23 14 64 54 59 30 41 37 3],253195,258320
steepest/lipa80a,114,255474,38,123240,31,[44 28 54 14 74 16 34 61 11 68 20 70 64 53 31 38 48 19 47 10 7 18 2 77 72 63 3 37 32 24 29 55 40 33 23 5 25 50 36 67 56 0 13 26 65 1 17 9 12 4 41 8 51 60 73 66 79 49 75 22 27 21 46 39 43 15 71 45 57 6 78 30 59 52 69 42 58 35 62 76],[22 71 78 12 65 44 7 70 58 77 39 36 38 45 5 68 56 73 16 66 0 1 28 49 21 79 13 69 40 9 61 26 6 62 55 46 11 19 50 29 53 33 76 43 74 17 27 35 75 48 20 60 4 24 31 2 42 18 63 34 52 47 10 32 25 51 72 67 8 15 57 23 14 64 54 59 30 41 37 3],253195,258320
greedy/lipa80a,115,255338,121,24997,5,[77 34 43 1 11 49 17 21 52 28 14 7 2 47 57 36 19 4 66 37 5 0 60 62 29 26 61 35 53 56 45 73 67 63 42 15 50 65 13 46 72 6 74 27 75 25 9 10 64 8 59 58 78 20 70 32 18 39 40 38 68 23 30 41 3 76 12 54 22 16 71 31 55 33 51 69 48 79 24 44],[22 71 78 12 65 44 7 70 58 77 39 36 38 45 5 68 56 73 16 66 0 1 28 49 21 79 13 69 40 9 61 26 6 62 55 46 11 19 50 29 53 33 76 43 74 17 27 35 75 48 20 60 4 24 31 2 42 18 63 34 52 47 10 32 25 51 72 67 8 15 57 23 14 64 54 59 30 41 37 3],253195,258232
steepest/lipa80a,115,255274,54,173800,42,[0 1 61 53 31 46 74 64 69 5 57 40 29 33 30 23 37 58 28 34 43 32 59 62 52 11 14 78 56 38 51 66 39 55 44 54 8 15 77 3 7 45 19 13 79 49 63 68 35 73 21 20 47 10 4 42 65 22 72 2 9 48 70 41 6 25 76 27 67 36 16 17 50 71 75 26 12 24 18 60],[22 71 78 12 65 44 7 70 58 77 39 36 38 45 5 68 56 73 16 66 0 1 28 49 21 79 13 69 40 9 61 26 6 62 55 46 11 19 50 29 53 33 76 43 74 17 27 35 75 48 20 60 4 24 31 2 42 18 63 34 52 47 10 32 25 51 72 67 8 15 57 23 14 64 54 59 30 41 37 3],253195,258232
greedy/lipa80a,116,255217,145,38034,6,[58 20 75 18 47 4 25 7 71 1 22 68 55 23 50 28 21 32 33 67 41 62 6 2 42 64 37 61 70 19 24 38 51 11 66 40 56 73 12 31 29 52 16 76 79 44 65 8 0 69 78 54 53 46 39 13 17 14 45 10 72 59 49 36 43 5 77 63 74 3 9 26 15 27 57 60 34 30 35 48],[22 71 78 12 65 44 7 70 58 77 39 36 38 45 5 68 56 73 16 66 0 1 28 49 21 79 13 69 40 9 61 26 6 62 55 46 11 19 50 29 53 33 76 43 74 17 27 35 75 48 20 60 4 24 31 2 42 18 63 34 52 47 10 32 25 51 72 67 8 15 57 23 14 64 54 59 30 41 37 3],253195,258539
steepest/lipa80a,116,255314,46,148520,39,[66 28 36 33 58 76 43 63 13 69 29 44 71 50 25 15 48 57 47 68 49 30 6 75 52 56 64 65 0 62 34 67 70 31 21 46 10 73 59 18 9 22 55 1 45 39 60 35 24 53 16 41 42 27 17 3 11 72 77 4 78 79 54 12 7 8 5 37 19 20 51 26 61 38 2 23 40 32 14 74],[22 71 78 12 65 44 7 70 58 77 39 36 38 45 5 68 56 73 16 66 0 1 28 49 21 79 13 69 40 9 61 26 6 62 55 46 11 19 50 29 53 33 76 43 74 17 27 35 75 48 20 60 4 24 31 2 42 18 63 34 52 47 10 32 25 51 72 67 8 15 57 23 14 64 54 59 30 41 37 3],253195,258539
greedy/lipa80a,117,255268,114,28767,7,[43 10 23 64 63 68 6 40 60 58 33 66 61 7 79 12 31 16 37 67 11 69 28 77 55 24 26 56 1 71 74 25 42 32 21 4 39 2 27 70 15 36 46 30 57 18 51 44 22 65 35 50 48 8 62 45 41 76 59 19 54 5 9 75 20 29 47 53 13 38 52 34 72 78 49 0 73 14 3 17],[22 71 78 12 65 44 7 70 58 77 39 36 38 45 5 68 56 73 16 66 0 1 28 49 21 79 13 69 40 9 61 26 6 62 55 46 11 19 50 29 53 33 76 43 74 17 27 35 75 48 20 60 4 24 31 2 42 18 63 34 52 47 10 32 25 51 72 67 8 15 57 23 14 64 54 59 30 41 37 3],253195,258274
steepest/lipa80a,117,255146,53,170640,40,[74 7 6 77 29 12 61 64 18 35 14 26 58 49 41 22 8 46 25 39 24 69 28 15 33 4 23 43 62 54 79 75 10 3 63 21 9 2 37 60 0 36 19 78 44 50 17 66 47 48 52 53 71 16 40 45 31 27 59 76 65 51 30 56 57 55 38 11 13 70 42 34 73 32 68 72 5 1 20 67],[22 71 78 12 65 44 7 70 58 77 39 36 38 45 5 68 56 73 16 66 0 1 28 49 21 79 13 69 40 9 61 26 6 62 55 46 11 19 50 29 53 33 76 43 74 17 27 35 75 48 20 60 4 24 31 2 42 18 63 34 52 47 10 32 25 51 72 67 8 15 57 23 14 64 54 59 30 41 37 3],253195,258274
greedy/lipa80a,118,255509,119,16467,6,[32 37 68 40 27 58 67 13 59 5 12 43 74 41 65 55 71 79 78 24 64 0 45 48 6 44 49 15 38 60 9 21 7 36 56 61 25 18 10 35 28 42 34 2 77 69 63 76 4 30 22 1 75 73 47 50 54 57 23 19 31 8 11 16 53 51 3 52 62 46 66 17 39 33 14 72 70 20 29 26],[22 71 78 12 65 44 7 70 58 77 39 36 38 45 5 68 56 73 16 66 0 1 28 49 21 79 13 69 40 9 61 26 6 62 55 46 11 19 50 29 53 33 76 43 74 17 27 35 75 48 20 60 4 24 31 2 42 18 63 34 52 47 10 32 25 51 72 67 8 15 57 23 14 64 54 59 30 41 37 3],253195,258713
steepest/lipa80a,118,255463,47,151680,36,[40 49 75 76 60 3 69 48 59 66 54 46 38 23 72 44 52 2 78 14 30 15 16 64 32 27 20 9 67 18 7 24 50 26 65 79 11 45 55 71 34 53 39 28 63 5 8 22 77 73 74 1 29 10 41 37 47 35 25 68 21 58 17 13 57 62 56 61 31 4 36 12 6 42 33 19 43 70 51 0],[22 71 78 12 65 44 7 70 58 77 39 36 38 45 5 68 56 73 16 66 0 1 28 49 21 79 13 69 40 9 61 26 6 62 55 46 11 19 50 29 53 33 76 43 74 17 27 35 75 48 20 60 4 24 31 2 42 18 63 34 52 47 10 32 25 51 72 67 8 15 57 23 14 64 54 59 30 41 37 3],253195,258713
greedy/lipa80a,119,255203,153,28592,7,[32 36 71 49 29 66 0 19 2 39 3 58 67 60 52 61 22 8 11 75 68 20 7 44 43 14 65 12 53 21 34 4 33 25 37 13 72 79 47 56 26 45 57 27 77 76 69 62 73 64 17 16 15 38 78 46 9 41 48 1 5 70 31 6 24 50 30 23 35 10 63 54 42 40 74 55 18 59 28 51],[22 71 78 12 65 44 7 70 58 77 39 36 38 45 5 68 56 73 16 66 0 1 28 49 21 79 13 69 40 9 61 26 6 62 55 46 11 19 50 29 53 33 76 43 74 17 27 35 75 48 20 60 4 24 31 2 42 18 63 34 52 47 10 32 25 51 72 67 8 15 57 23 14 64 54 59 30 41 37 3],253195,258496
steepest/lipa80a,119,255483,43,139040,26,[50 49 20 72 78 52 19 11 39 70 21 42 29 51 60 38 10 9 34 14 53 73 26 66 27 13 46 58 31 65 76 32 45 22 1 67 64 30 37 40 6 12 62 74 5 68 69 57 2 44 8 75 28 47 7 24 59 33 41 43 48 79 15 35 18 16 17 56 54 61 0 25 55 77 36 23 4 71 63 3],[22 71 78 12 65 44 7 70 58 77 39 36 38 45 5 68 56 73 16 66 0 1 28 49 21 79 13 69 40 9 61 26 6 62 55 46 11 19 50 29 53 33 76 43 74 17 27 35 75 48 20 60 4 24 31 2 42 18 63 34 52 47 10 32 25 51 72 67 8 15 57 23 14 64 54 59 30 41 37 3],253195,258496
greedy/lipa80a,120,255388,109,22952,10,[24 75 40 70 37 38 15 41 26 79 62 67 77 27 54 43 59 11 32 63 42 8 5 65 4 58 36 47 0 22 56 71 49 17 12 19 61 51 74 21 64 78 18 48 16 35 6 46 14 29 44 3 2 76 25 68 52 55 57 28 20 73 34 60 53 69 66 50 45 30 23 13 10 33 39 1 7 9 72 31],[22 71 78 12 65 44 7 70 58 77 39 36 38 45 5 68 56 73 16 66 0 1 28 49 21 79 13 69 40 9 61 26 6 62 55 46 11 19 50 29 53 33 76 43 74 17 27 35 75 48 20 60 4 24 31 2 42 18 63 34 52 47 10 32 25 51 72 67 8 15 57 23 14 64 54 59 30 41 37 3],253195,258168
steepest/lipa80a,120,255059,52,167480,31,[62 43 71 34 22 52 41 51 1 28 24 17 79 27 38 46 58 11 3 14 78 26 59 77 4 57 68 15 73 2 72 21 12 0 49 56 69 63 74 42 45 61 67 35 23 29 33 44 50 40 8 31 32 47 18 6 70 53 20 65 37 19 36 48 60 76 66 7 30 5 16 55 75 64 54 10 39 9 25 13],[22 71 78 12 65 44 7 70 58 77 39 36 38 45 5 68 56 73 16 66 0 1 28 49 21 79 13 69 40 9 61 26 6 62 55 46 11 19 50 29 53 33 76 43 74 17 27 35 75 48 20 60 4 24 31 2 42 18 63 34 52 47 10 32 25 51 72 67 8 15 57 23 14 64 54 59 30 41 37 3],253195,258168
greedy/lipa80a,121,255165,143,31665,11,[1 78 2 43 69 41 18 15 35 5 29 38 7 14 28 39 30 11 75 20 72 47 22 61 60 26 57 25 49 56 13 23 46 68 37 44 6 77 9 17 8 55 79 32 54 67 71 50 59 74 16 4 21 62 34 48 45 70 52 76 12 36 27 51 64 63 19 73 65 0 10 33 42 66 40 58 3 24 31 53],[22 71 78 12 65 44 7 70 58 77 39 36 38 45 5 68 56 73 16 66 0 1 28 49 21 79 13 69 40 9 61 26 6 62 55 46 11 19 50 29 53 33 76 43 74 17 27 35 75 48 20 60 4 24 31 2 42 18 63 34 52 47 10 32 25 51 72 67 8 15 57 23 14 64 54 59 30 41 37 3],253195,258446
steepest/lipa80a,121,255441,39,126400,39,[4 7 74 1 63 23 30 9 38 35 29 47 52 58 28 62 41 14 75 25 70 45 66 18 27 33 49 72 37 76 77 60 44 68 0 57 42 2 56 51 12 46 20 69 11 19 5 73 53 15 16 50 21 10 59 48 32 65 61 31 39 36 3 54 55 22 79 17 8 26 13 43 67 78 40 64 24 71 34 6],[22 71 78 12 65 44 7 70 58 77 39 36 38 45 5 68 56 73 16 66 0 1 28 49 21 79 13 69 40 9 61 26 6 62 55 46 11 19 50 29 53 33 76 43 74 17 27 35 75 48 20 60 4 24 31 2 42 18 63 34 52 47 10 32 25 51 72 67 8 15 57 23 14 64 54 59 30 41 37 3],253195,258446
greedy/lipa80a,122,255270,146,24940,4,[77 3 22 76 40 21 35 25 42 79 14 34 18 62 59 6 64 19 16 2 7 12 30 5 23 55 60 58 38 65 39 31 13 57 50 11 44 9 63 29 8 10 56 74 36 41 61 73 1 69 49 75 68 24 67 54 33 37 26 28 46 15 78 52 47 4 48 20 45 66 43 17 51 71 32 27 70 0 53 72],[22 71 78 12 65 44 7 70 58 77 39 36 38 45 5 68 56 73 16 66 0 1 28 49 21 79 13 69 40 9 61 26 6 62 55 46 11 19 50 29 53 33 76 43 74 17 27 35 75 48 20 60 4 24 31 2 42 18 63 34 52 47 10 32 25 51 72 67 8 15 57 23 14 64 54 59 30 41 37 3],253195,258358
steepest/lipa80a,122,255447,43,139040,32,[12 69 59 15 21 6 11 38 63 54 42 62 50 60 5 8 56 22 67 64 48 18 33 26 58 79 44 30 34 61 20 75 14 13 25 1 19 70 68 3 40 32 41 39 35 29 17 28 46 65 71 47 31 49 10 2 74 4 43 24 52 77 23 78 16 9 55 53 45 66 57 51 73 7 72 36 76 0 27 37],[22 71 78 12 65 44 7 70 58 77 39 36 38 45 5 68 56 73 16 66 0 1 28 49 21 79 13 69 40 9 61 26 6 62 55 46 11 19 50 29 53 33 76 43 74 17 27 35 75 48 20 60 4 24 31 2 42 18 63 34 52 47 10 32 25 51 72 67 8 15 57 23 14 64 54 59 30 41 37 3],253195,258358
greedy/lipa80a,123,255354,122,12741,4,[79 5 57 42 76 11 53 14 29 25 78 66 41 28 18 73 3 24 54 13 44 35 19 60 51 36 67 33 22 45 30 1 2 31 59 21 32 48 74 27 58 0 26 46 68 23 37 6 17 15 56 16 47 64 70 12 43 9 40 20 75 50 65 63 8 4 7 34 72 62 52 49 71 39 69 10 77 61 38 55],[22 71 78 12 65 44 7 70 58 77 39 36 38 45 5 68 56 73 16 66 0 1 28 49 21 79 13 69 40 9 61 26 6 62 55 46 11 19 50 29 53 33 76 43 74 17 27 35 75 48 20 60 4 24 31 2 42 18 63 34 52 47 10 32 25 51 72 67 8 15 57 23 14 64 54 59 30 41 37 3],253195,258291
steepest/lipa80a,123,255403,47,151680,31,[32 8 43 70 60 24 47 14 75 33 23 79 34 65 64 44 18 73 49 74 15 56 52 0 78 22 45 76 58 12 36 1 31 69 35 28 2 21 29 19 41 16 26 30 46 27 37 48 39 17 67 53 3 11 57 68 71 77 20 50 61 9 59 51 7 4 25 42 72 62 40 13 54 63 38 66 55 10 6 5],[22 71 78 12 65 44 7 70 58 77 39 36 38 45 5 68 56 73 16 66 0 1 28 49 21 79 13 69 40 9 61 26 6 62 55 46 11 19 50 29 53 33 76 43 74 17 27 35 75 48 20 60 4 24 31 2 42 18 63 34 52 47 10 32 25 51 72 67 8 15 57 23 14 64 54 59 30 41 37 3],253195,258291
greedy/lipa80a,124,255424,126,23243,8,[46 8 24 55 30 20 49 79 68 10 37 29 16 23 1 25 56 72 62 53 39 42 71 6 41 70 40 78 32 67 13 57 48 31 28 77 44 69 14 11 64 34 65 0 4 66 52 38 51 18 43 26 2 21 54 61 58 47 17 50 15 5 7 60 73 9 36 12 19 74 33 27 22 35 3 45 75 59 76 63],[22 71 78 12 65 44 7 70 58 77 39 36 38 45 5 68 56 73 16 66 0 1 28 49 21 79 13 69 40 9 61 26 6 62 55 46 11 19 50 29 53 33 76 43 74 17 27 35 75 48 20 60 4 24 31 2 42 18 63 34 52 47 10 32 25 51 72 67 8 15 57 23 14 64 54 59 30 41 37 3],253195,258531
steepest/lipa80a,124,255263,48,154840,33,[72 15 3 75 5 49 26 57 79 35 29 19 36 52 47 1 66 24 4 40 55 32 56 14 44 71 43 23 48 33 78 27 73 25 53 37 65 58 54 64 70 18 59 74 2 77 9 10 7 69 6 60 13 42 51 0 39 31 62 20 34 45 46 8 68 22 63 21 30 76 67 11 38 28 12 41 61 17 16 50],[22 71 78 12 65 44 7 70 58 77 39 36 38 45 5 68 56 73 16 66 0 1 28 49 21 79 13 69 40 9 61 26 6 62 55 46 11 19 50 29 53 33 76 43 74 17 27 35 75 48 20 60 4 24 31 2 42 18 63 34 52 47 10 32 25 51 72 67 8 15 57 23 14 64 54 59 30 41 37 3],253195,258531
greedy/lipa80a,125,255239,146,21348,6,[52 72 79 3 61 29 75 26 42 25 66 78 69 36 14 47 44 68 13 15 58 56 4 38 77 2 12 73 9 22 5 27 20 63 24 60 71 30 43 67 49 48 40 57 32 34 76 31 64 54 46 6 50 45 7 23 18 11 51 1 65 21 17 28 41 33 0 19 53 37 74 62 55 70 8 35 10 39 59 16],[22 71 78 12 65 44 7 70 58 77 39 36 38 45 5 68 56 73 16 66 0 1 28 49 21 79 13 69 40 9 61 26 6 62 55 46 11 19 50 29 53 33 76 43 74 17 27 35 75 48 20 60 4 24 31 2 42 18 63 34 52 47 10 32 25 51 72 67 8 15 57 23 14 64 54 59 30 41 37 3],253195,258518
steepest/lipa80a,125,255231,44,142200,37,[58 50 78 62 0 16 79 42 34 18 76 22 45 65 33 40 31 12 57 29 36 56 5 61 48 15 3 54 9 77 55 51 27 69 21 68 28 52 24 19 11 75 6 43 32 53 66 8 39 41 60 20 73 35 49 63 4 17 37 26 67 47 30 23 2 70 71 46 59 72 7 25 1 38 14 64 10 74 44 13],[22 71 78 12 65 44 7 70 58 77 39 36 38 45 5 68 56 73 16 66 0 1 28 49 21 79 13 69 40 9 61 26 6 62 55 46 11 19 50 29 53 33 76 43 74 17 27 35 75 48 20 60 4 24 31 2 42 18 63 34 52 47 10 32 25 51 72 67 8 15 57 23 14 64 54 59 30 41 37 3],253195,258518
greedy/lipa80a,126,255175,143,27884,6,[52 26 72 14 30 73 57 38 75 74 34 51 69 31 64 23 15 20 43 6 4 7 53 49 22 58 44 63 71 45 18 60 13 56 54 39 19 48 29 79 8 68 59 5 12 27 11 9 46 25 0 35 42 16 67 17 3 77 37 61 10 50 76 66 24 21 1 32 41 2 28 62 55 70 36 33 65 47 40 78],[22 71 78 12 65 44 7 70 58 77 39 36 38 45 5 68 56 73 16 66 0 1 28 49 21 79 13 69 40 9 61 26 6 62 55 46 11 19 50 29 53 33 76 43 74 17 27 35 75 48 20 60 4 24 31 2 42 18 63 34 52 47 10 32 25 51 72 67 8 15 57 23 14 64 54 59 30 41 37 3],253195,258583
steepest/lipa80a,126,255610,36,116920,26,[79 52 33 14 12 63 60 56 23 7 44 46 30 38 61 28 57 13 50 5 39 59 36 25 68 64 11 66 29 75 51 26 21 43 10 31 20 32 62 53 54 69 72 74 18 58 22 9 45 2 77 48 67 71 0 35 6 70 55 42 40 1 17 65 15 4 73 8 24 49 41 76 16 27 3 37 19 34 47 78],[22 71 78 12 65 44 7 70 58 77 39 36 38 45 5 68 56 73 16 66 0 1 28 49 21 79 13 69 40 9 61 26 6 62 55 46 11 19 50 29 53 33 76 43 74 17 27 35 75 48 20 60 4 24 31 2 42 18 63 34 52 47 10 32 25 51 72 67 8 15 57 23 14 64 54 59 30 41 37 3],253195,258583
greedy/lipa80a,127,255410,135,20029,6,[28 16 25 30 71 22 8 58 21 75 20 67 66 33 12 79 50 1 62 53 7 19 54 74 9 45 59 0 32 34 44 48 5 24 15 52 35 69 56 10 47 13 18 14 17 43 40 31 64 46 61 49 4 73 36 2 78 60 63 57 38 6 42 26 11 70 68 72 41 65 3 51 39 77 23 55 29 27 37 76],[22 71 78 12 65 44 7 70 58 77 39 36 38 45 5 68 56 73 16 66 0 1 28 49 21 79 13 69 40 9 61 26 6 62 55 46 11 19 50 29 53 33 76 43 74 17 27 35 75 48 20 60 4 24 31 2 42 18 63 34 52 47 10 32 25 51 72 67 8 15 57 23 14 64 54 59 30 41 37 3],253195,258733
steepest/lipa80a,127,255517,39,126400,25,[20 78 27 29 58 75 42 48 46 44 66 13 12 49 55 59 8 50 16 51 1 35 54 41 18 70 38 72 19 52 7 31 34 21 53 40 56 30 28 74 3 15 45 32 67 25 57 68 10 17 79 60 4 24 47 69 22 37 9 73 71 65 6 77 43 2 76 64 11 33 5 62 0 14 23 26 39 61 36 63],[22 71 78 12 65 44 7 70 58 77 39 36 38 45 5 68 56 73 16 66 0 1 28 49 21 79 13 69 40 9 61 26 6 62 55 46 11 19 50 29 53 33 76 43 74 17 27 35 75 48 20 60 4 24 31 2 42 18 63 34 52 47 10 32 25 51 72 67 8 15 57 23 14 64 54 59 30 41 37 3],253195,258733
greedy/lipa80a,128,255455,147,20391,7,[68 7 9 14 63 5 67 4 27 69 56 16 36 61 75 79 52 44 12 23 43 46 38 73 64 6 20 39 33 10 37 26 1 41 60 77 53 74 25 47 19 71 45 11 78 51 31 35 40 58 76 62 42 55 13 54 49 70 66 32 2 18 59 48 22 34 29 0 3 72 57 17 24 30 28 8 21 65 50 15],[22 71 78 12 65 44 7 70 58 77 39 36 38 45 5 68 56 73 16 66 0 1 28 49 21 79 13 69 40 9 61 26 6 62 55 46 11 19 50 29 53 33 76 43 74 17 27 35 75 48 20 60 4 24 31 2 42 18 63 34 52 47 10 32 25 51 72 67 8 15 57 23 14 64 54 59 30 41 37 3],253195,258687
steepest/lipa80a,128,255364,52,167480,33,[54 40 15 26 46 0 53 28 27 42 44 68 60 14 29 75 64 33 37 16 56 1 2 72 51 78 31 48 39 66 34 77 43 62 41 21 23 6 25 73 35 76 70 59 57 11 38 9 12 36 74 63 4 10 58 45 55 65 5 67 18 69 32 7 24 8 22 61 19 47 13 71 49 30 50 3 52 20 17 79],[22 71 78 12 65 44 7 70 58 77 39 36 38 45 5 68 56 73 16 66 0 1 28 49 21 79 13 69 40 9 61 26 6 62 55 46 11 19 50 29 53 33 76 43 74 17 27 35 75 48 20 60 4 24 31 2 42 18 63 34 52 47 10 32 25 51 72 67 8 15 57 23 14 64 54 59 30 41 37 3],253195,258687
greedy/lipa80a,129,255348,133,33075,5,[47 14 60 58 55 5 18 41 16 40 19 39 28 74 43 52 7 13 57 20 44 22 4 54 49 78 38 51 61 0 12 76 2 26 64 71 15 67 32 73 77 59 70 66 33 65 35 30 24 69 10 53 21 56 50 79 62 31 25 36 29 75 6 8 27 72 42 1 34 37 17 63 3 11 23 45 48 9 68 46],[22 71 78 12 65 44 7 70 58 77 39 36 38 45 5 68 56 73 16 66 0 1 28 49 21 79 13 69 40 9 61 26 6 62 55 46 11 19 50 29 53 33 76 43 74 17 27 35 75 48 20 60 4 24 31 2 42 18 63 34 52 47 10 32 25 51 72 67 8 15 57 23 14 64 54 59 30 41 37 3],253195,258662
steepest/lipa80a,129,255391,48,154840,41,[60 62 63 76 39 12 10 38 70 49 48 28 54 27 15 74 46 26 41 59 79 34 13 22 8 24 58 11 6 18 43 0 33 77 78 71 9 73 67 40 3 20 66 23 19 37 2 4 61 53 21 1 52 30 47 75 17 64 36 14 29 69 7 25 68 72 44 50 55 51 32 45 65 5 16 56 31 42 35 57],[22 71 78 12 65 44 7 70 58 77 39 36 38 45 5 68 56 73 16 66 0 1 28 49 21 79 13 69 40 9 61 26 6 62 55 46 11 19 50 29 53 33 76 43 74 17 27 35 75 48 20 60 4 24 31 2 42 18 63 34 52 47 10 32 25 51 72 67 8 15 57 23 14 64 54 59 30 41 37 3],253195,258662
greedy/lipa80a,130,255218,141,24343,3,[26 36 59 63 58 49 0 74 28 68 17 2 61 13 60 15 27 11 52 7 77 6 48 73 46 71 40 33 76 23 29 34 66 72 31 64 4 41 45 32 56 67 24 55 19 1 62 78 30 43 12 14 8 25 79 47 18 39 75 54 65 50 21 69 57 20 9 51 10 35 37 70 38 22 3 16 5 44 42 53],[22 71 78 12 65 44 7 70 58 77 39 36 38 45 5 68 56 73 16 66 0 1 28 49 21 79 13 69 40 9 61 26 6 62 55 46 11 19 50 29 53 33 76 43 74 17 27 35 75 48 20 60 4 24 31 2 42 18 63 34 52 47 10 32 25 51 72 67 8 15 57 23 14 64 54 59 30 41 37 3],253195,258420
steepest/lipa80a,130,255449,41,132720,33,[17 13 76 21 29 45 66 14 0 54 33 79 28 63 25 62 27 16 74 41 12 77 71 56 44 20 59 1 5 52 31 9 30 70 39 72 43 22 23 51 6 19 60 57 47 42 15 34 49 40 64 67 65 38 61 3 46 53 69 68 24 50 75 37 2 8 58 36 35 7 26 18 32 4 11 10 48 73 78 55],[22 71 78 12 65 44 7 70 58 77 39 36 38 45 5 68 56 73 16 66 0 1 28 49 21 79 13 69 40 9 61 26 6 62 55 46 11 19 50 29 53 33 76 43 74 17 27 35 75 48 20 60 4 24 31 2 42 18 63 34 52 47 10 32 25 51 72 67 8 15 57 23 14 64 54 59 30 41 37 3],253195,258420
greedy/lipa80a,131,255341,132,23987,8,[44 21 68 2 25 13 7 45 6 71 64 3 53 37 63 33 70 34 77 4 29 67 43 31 38 51 24 42 57 54 55 46 5 58 26 52 59 65 60 1 39 28 49 20 14 16 11 61 78 9 41 10 48 50 69 56 22 17 79 12 35 76 62 0 74 8 27 19 73 18 32 72 23 15 66 75 40 30 36 47],[22 71 78 12 65 44 7 70 58 77 39 36 38 45 5 68 56 73 16 66 0 1 28 49 21 79 13 69 40 9 61 26 6 62 55 46 11 19 50 29 53 33 76 43 74 17 27 35 75 48 20 60 4 24 31 2 42 18 63 34 52 47 10 32 25 51 72 67 8 15 57 23 14 64 54 59 30 41 37 3],253195,258273
steepest/lipa80a,131,255244,52,167480,41,[3 24 7 66 2 19 25 75 33 16 37 59 6 50 63 8 60 51 0 71 77 20 21 15 29 22 69 11 40 64 79 61 45 58 5 54 39 38 4 74 56 48 68 1 23 14 17 27 41 9 26 12 53 49 57 70 55 36 30 32 76 35 28 52 72 62 42 46 78 67 43 13 47 44 18 31 34 65 73 10],[22 71 78 12 65 44 7 70 58 77 39 36 38 45 5 68 56 73 16 66 0 1 28 49 21 79 13 69 40 9 61 26 6 62 55 46 11 19 50 29 53 33 76 43 74 17 27 35 75 48 20 60 4 24 31 2 42 18 63 34 52 47 10 32 25 51 72 67 8 15 57 23 14 64 54 59 30 41 37 3],253195,258273
greedy/lipa80a,132,255380,142,23749,5,[26 9 74 61 52 6 66 42 59 40 53 73 29 47 3 31 12 23 75 54 0 39 60 32 25 55 77 48 38 30 76 15 43 41 19 63 1 69 70 11 68 17 56 2 22 20 7 16 65 78 72 62 36 58 5 64 4 14 18 57 67 13 21 24 51 10 37 33 34 27 28 79 71 45 49 50 46 35 44 8],[22 71 78 12 65 44 7 70 58 77 39 36 38 45 5 68 56 73 16 66 0 1 28 49 21 79 13 69 40 9 61 26 6 62 55 46 11 19 50 29 53 33 76 43 74 17 27 35 75 48 20 60 4 24 31 2 42 18 63 34 52 47 10 32 25 51 72 67 8 15 57 23 14 64 54 59 30 41 37 3],253195,258705
steepest/lipa80a,132,255319,44,142200,31,[27 16 21 36 13 71 0 38 19 20 32 6 17 47 37 76 41 5 29 75 3 25 74 46 9 57 52 62 60 11 30 67 4 63 50 68 58 73 70 28 66 23 1 12 69 31 53 79 35 61 45 14 78 34 64 33 54 2 7 49 10 43 65 26 42 15 56 44 55 48 40 24 51 59 22 39 8 77 18 72],[22 71 78 12 65 44 7 70 58 77 39 36 38 45 5 68 56 73 16 66 0 1 28 49 21 79 13 69 40 9 61 26 6 62 55 46 11 19 50 29 53 33 76 43 74 17 27 35 75 48 20 60 4 24 31 2 42 18 63 34 52 47 10 32 25 51 72 67 8 15 57 23 14 64 54 59 30 41 37 3],253195,258705
greedy/lipa80a,133,255302,135,27244,7,[71 78 51 1 62 44 73 27 57 52 36 67 76 68 13 48 74 65 70 56 53 3 5 12 42 26 32 59 77 34 20 4 0 69 41 61 50 9 38 60 6 45 54 47 35 55 11 43 79 2 17 37 30 33 40 14 49 39 72 22 16 15 25 58 24 19 46 23 29 10 28 75 66 21 31 7 18 63 8 64],[22 71 78 12 65 44 7 70 58 77 39 36 38 45 5 68 56 73 16 66 0 1 28 49 21 79 13 69 40 9 61 26 6 62 55 46 11 19 50 29 53 33 76 43 74 17 27 35 75 48 20 60 4 24 31 2 42 18 63 34 52 47 10 32 25 51 72 67 8 15 57 23 14 64 54 59 30 41 37 3],253195,258427
steepest/lipa80a,133,255347,40,129560,27,[57 0 56 58 55 1 18 48 53 67 27 75 33 15 76 12 22 31 34 71 49 21 74 13 8 65 6 51 11 73 44 25 24 61 41 17 59 62 32 3 42 19 14 38 45 36 47 43 77 30 79 70 2 23 35 60 50 40 16 7 39 4 78 63 26 66 37 28 29 46 52 9 10 72 54 20 69 5 68 64],[22 71 78 12 65 44 7 70 58 77 39 36 38 45 5 68 56 73 16 66 0 1 28 49 21 79 13 69 40 9 61 26 6 62 55 46 11 19 50 29 53 33 76 43 74 17 27 35 75 48 20 60 4 24 31 2 42 18 63 34 52 47 10 32 25 51 72 67 8 15 57 23 14 64 54 59 30 41 37 3],253195,258427
greedy/lipa80a,134,255177,151,29410,12,[10 42 68 41 8 29 37 18 77 16 48 79 27 74 33 6 58 34 24 76 36 67 13 45 30 70 25 35 73 39 2 47 21 69 4 31 49 19 60 43 20 75 72 15 17 3 64 40 51 62 61 28 56 11 52 66 9 7 22 50 59 78 46 23 65 5 44 12 38 55 0 1 57 26 32 63 71 54 53 14],[22 71 78 12 65 44 7 70 58 77 39 36 38 45 5 68 56 73 16 66 0 1 28 49 21 79 13 69 40 9 61 26 6 62 55 46 11 19 50 29 53 33 76 43 74 17 27 35 75 48 20 60 4 24 31 2 42 18 63 34 52 47 10 32 25 51 72 67 8 15 57 23 14 64 54 59 30 41 37 3],253195,258526
steepest/lipa80a,134,255366,43,139040,35,[12 23 58 77 79 45 32 16 33 25 22 6 74 66 26 35 14 49 28 31 7 17 57 29 18 19 36 47 78 62 41 51 68 44 70 37 73 21 13 59 72 43 5 4 46 39 61 27 52 75 9 3 40 76 65 56 10 15 53 38 71 20 50 67 24 2 34 0 11 60 63 8 64 48 1 55 30 54 69 42],[22 71 78 12 65 44 7 70 58 77 39 36 38 45 5 68 56 73 16 66 0 1 28 49 21 79 13 69 40 9 61 26 6 62 55 46 11 19 50 29 53 33 76 43 74 17 27 35 75 48 20 60 4 24 31 2 42 18 63 34 52 47 10 32 25 51 72 67 8 15 57 23 14 64 54 59 30 41 37 3],253195,258526
greedy/lipa80a,135,255151,143,21154,2,[77 31 21 64 68 47 71 4 19 7 58 36 62 67 50 15 30 29 37 40 20 78 11 59 24 27 16 41 44 49 46 25 1 55 8 56 75 17 73 3 74 57 65 72 6 70 63 10 23 35 79 34 32 53 39 33 60 2 66 42 52 12 14 9 26 61 38 48 18 28 0 51 13 76 54 22 69 43 5 45],[22 71 78 12 65 44 7 70 58 77 39 36 38 45 5 68 56 73 16 66 0 1 28 49 21 79 13 69 40 9 61 26 6 62 55 46 11 19 50 29 53 33 76 43 74 17 27 35 75 48 20 60 4 24 31 2 42 18 63 34 52 47 10 32 25 51 72 67 8 15 57 23 14 64 54 59 30 41 37 3],253195,258714
steepest/lipa80a,135,255401,41,132720,35,[62 25 72 56 8 42 51 68 58 22 70 43 3 12 64 67 20 41 19 5 60 45 11 59 76 77 13 57 65 54 35 1 34 4 17 32 48 66 30 16 53 2 71 14 47 63 46 75 36 18 23 26 28 49 31 50 15 21 44 52 78 33 0 61 10 24 9 73 27 79 39 74 29 7 69 38 55 37 6 40],[22 71 78 12 65 44 7 70 58 77 39 36 38 45 5 68 56 73 16 66 0 1 28 49 21 79 13 69 40 9 61 26 6 62 55 46 11 19 50 29 53 33 76 43 74 17 27 35 75 48 20 60 4 24 31 2 42 18 63 34 52 47 10 32 25 51 72 67 8 15 57 23 14 64 54 59 30 41 37 3],253195,258714
greedy/lipa80a,136,255201,136,25982,7,[78 74 43 8 26 29 53 2 6 79 18 32 57 21 23 77 27 17 11 1 20 30 33 24 37 31 42 0 54 35 56 41 73 66 58 59 15 34 49 62 60 36 52 46 3 22 45 50 61 10 13 65 51 38 69 72 64 44 55 5 12 14 63 67 16 7 75 70 76 19 68 39 25 28 47 40 48 4 71 9],[22 71 78 12 65 44 7 70 58 77 39 36 38 45 5 68 56 73 16 66 0 1 28 49 21 79 13 69 40 9 61 26 6 62 55 46 11 19 50 29 53 33 76 43 74 17 27 35 75 48 20 60 4 24 31 2 42 18 63 34 52 47 10 32 25 51 72 67 8 15 57 23 14 64 54 59 30 41 37 3],253195,258414
steepest/lipa80a,136,255244,49,158000,38,[78 79 39 2 8 9 11 0 23 71 59 13 74 38 75 63 64 66 15 52 42 62 6 21 56 69 25 31 22 40 24 35 58 55 67 54 73 18 20 12 32 36 57 47 60 10 16 50 44 46 41 65 45 1 37 29 70 51 72 28 19 30 14 77 76 49 27 3 4 34 53 5 7 26 68 17 48 43 61 33],[22 71 78 12 65 44 7 70 58 77 39 36 38 45 5 68 56 73 16 66 0 1 28 49 21 79 13 69 40 9 61 26 6 62 55 46 11 19 50 29 53 33 76 43 74 17 27 35 75 48 20 60 4 24 31 2 42 18 63 34 52 47 10 32 25 51 72 67 8 15 57 23 14 64 54 59 30 41 37 3],253195,258414
greedy/lipa80a,137,255298,149,25752,5,[56 72 16 43 76 33 12 79 46 24 54 11 42 61 66 63 51 19 29 50 31 1 9 10 69 27 2 22 65 47 45 37 52 18 13 34 4 17 5 38 60 28 8 64 75 40 57 25 0 44 20 14 49 39 36 26 53 7 77 74 48 23 41 58 59 71 55 35 15 73 30 67 70 6 78 3 68 32 62 21],[22 71 78 12 65 44 7 70 58 77 39 36 38 45 5 68 56 73 16 66 0 1 28 49 21 79 13 69 40 9 61 26 6 62 55 46 11 19 50 29 53 33 76 43 74 17 27 35 75 48 20 60 4 24 31 2 42 18 63 34 52 47 10 32 25 51 72 67 8 15 57 23 14 64 54 59 30 41 37 3],253195,258508
steepest/lipa80a,137,255406,44,142200,36,[66 78 40 43 37 25 27 48 55 6 5 42 10 1 15 51 28 14 69 29 59 41 50 46 75 31 44 17 68 34 24 12 52 61 22 58 13 77 30 76 33 38 9 0 3 47 53 62 35 63 49 32 16 60 8 19 65 70 39 45 79 36 18 23 57 73 20 26 2 67 21 56 71 4 72 64 11 74 7 54],[22 71 78 12 65 44 7 70 58 77 39 36 38 45 5 68 56 73 16 66 0 1 28 49 21 79 13 69 40 9 61 26 6 62 55 46 11 19 50 29 53 33 76 43 74 17 27 35 75 48 20 60 4 24 31 2 42 18 63 34 52 47 10 32 25 51 72 67 8 15 57 23 14 64 54 59 30 41 37 3],253195,258508
greedy/lipa80a,138,255366,129,27324,6,[16 11 76 21 30 67 74 50 24 20 78 66 23 17 32 73 3 44 29 55 38 54 28 53 13 48 19 41 40 34 27 1 22 75 7 33 31 72 79 58 62 70 10 12 37 26 77 39 2 71 63 51 57 25 9 47 0 6 5 35 65 61 68 43 60 52 69 56 15 36 64 59 42 4 49 14 8 45 18 46],[22 71 78 12 65 44 7 70 58 77 39 36 38 45 5 68 56 73 16 66 0 1 28 49 21 79 13 69 40 9 61 26 6 62 55 46 11 19 50 29 53 33 76 43 74 17 27 35 75 48 20 60 4 24 31 2 42 18 63 34 52 47 10 32 25 51 72 67 8 15 57 23 14 64 54 59 30 41 37 3],253195,258427
steepest/lipa80a,138,255432,39,126400,26,[72 41 68 16 58 29 62 44 65 4 73 64 34 28 32 6 20 57 12 3 43 66 70 37 26 30 38 23 22 19 67 39 10 79 59 17 33 51 31 56 25 11 78 40 14 54 24 13 77 71 15 76 55 75 74 60 53 61 21 48 36 2 46 47 9 7 0 49 5 63 52 8 45 35 42 27 1 69 18 50],[22 71 78 12 65 44 7 70 58 77 39 36 38 45 5 68 56 73 16 66 0 1 28 49 21 79 13 69 40 9 61 26 6 62 55 46 11 19 50 29 53 33 76 43 74 17 27 35 75 48 20 60 4 24 31 2 42 18 63 34 52 47 10 32 25 51 72 67 8 15 57 23 14 64 54 59 30 41 37 3],253195,258427
greedy/lipa80a,139,255375,144,27765,4,[55 2 19 51 67 49 8 60 20 18 14 40 1 35 22 78 30 66 38 36 7 24 45 15 6 58 28 63 0 43 77 13 10 17 50 48 9 64 62 5 46 23 52 16 42 53 70 3 33 4 56 54 75 11 59 26 37 72 47 12 25 32 34 41 69 65 21 44 68 61 73 27 71 29 79 31 57 76 74 39],[22 71 78 12 65 44 7 70 58 77 39 36 38 45 5 68 56 73 16 66 0 1 28 49 21 79 13 69 40 9 61 26 6 62 55 46 11 19 50 29 53 33 76 43 74 17 27 35 75 48 20 60 4 24 31 2 42 18 63 34 52 47 10 32 25 51 72 67 8 15 57 23 14 64 54 59 30 41 37 3],253195,258750
steepest/lipa80a,139,255514,43,139040,31,[33 12 61 73 19 30 68 69 16 49 2 52 1 55 8 13 22 66 38 79 58 54 60 51 15 34 23 64 17 45 27 29 74 46 71 36 5 48 14 53 0 44 57 11 10 3 4 56 24 35 42 21 25 70 50 59 65 63 28 62 32 78 18 72 41 39 31 67 40 9 7 20 43 47 75 77 37 6 76 26],[22 71 78 12 65 44 7 70 58 77 39 36 38 45 5 68 56 73 16 66 0 1 28 49 21 79 13 69 40 9 61 26 6 62 55 46 11 19 50 29 53 33 76 43 74 17 27 35 75 48 20 60 4 24 31 2 42 18 63 34 52 47 10 32 25 51 72 67 8 15 57 23 14 64 54 59 30 41 37 3],253195,258750
greedy/lipa80a,140,255423,123,19835,10,[18 33 37 65 52 59 66 14 36 7 30 60 54 39 57 62 28 77 11 68 56 26 1 78 8 47 2 44 70 10 23 0 25 22 48 24 32 34 12 35 64 21 40 15 3 42 31 17 71 72 19 67 45 38 55 75 79 74 46 9 58 53 49 6 41 5 29 51 69 73 16 63 43 61 4 13 76 20 27 50],[22 71 78 12 65 44 7 70 58 77 39 36 38 45 5 68 56 73 16 66 0 1 28 49 21 79 13 69 40 9 61 26 6 62 55 46 11 19 50 29 53 33 76 43 74 17 27 35 75 48 20 60 4 24 31 2 42 18 63 34 52 47 10 32 25 51 72 67 8 15 57 23 14 64 54 59 30 41 37 3],253195,258363
steepest/lipa80a,140,255344,44,142200,38,[5 65 6 68 8 77 52 71 39 14 62 1 4 19 57 29 74 17 24 32 56 27 50 36 34 31 23 35 70 10 20 72 9 26 3 30 67 46 38 43 0 64 33 63 55 40 11 66 47 51 21 49 44 2 54 13 28 16 69 7 45 41 42 59 60 78 15 22 73 37 75 53 18 25 79 76 12 58 61 48],[22 71 78 12 65 44 7 70 58 77 39 36 38 45 5 68 56 73 16 66 0 1 28 49 21 79 13 69 40 9 61 26 6 62 55 46 11 19 50 29 53 33 76 43 74 17 27 35 75 48 20 60 4 24 31 2 42 18 63 34 52 47 10 32 25 51 72 67 8 15 57 23 14 64 54 59 30 41 37 3],253195,258363
greedy/lipa80a,141,255304,130,19867,6,[56 58 49 52 13 16 41 64 27 63 44 26 38 61 73 7 53 31 30 42 15 74 68 10 6 57 79 66 39 77 3 37 4 65 24 25 11 35 28 43 76 60 40 18 69 55 78 51 62 22 54 32 71 33 21 23 29 36 47 0 17 70 34 5 46 8 72 45 59 12 1 2 50 19 67 14 20 48 9 75],[22 71 78 12 65 44 7 70 58 77 39 36 38 45 5 68 56 73 16 66 0 1 28 49 21 79 13 69 40 9 61 26 6 62 55 46 11 19 50 29 53 33 76 43 74 17 27 35 75 48 20 60 4 24 31 2 42 18 63 34 52 47 10 32 25 51 72 67 8 15 57 23 14 64 54 59 30 41 37 3],253195,258185
steepest/lipa80a,141,255375,39,126400,32,[14 73 32 35 65 43 67 7 25 63 49 44 21 26 39 59 3 75 20 79 64 28 53 76 50 55 19 24 15 16 8 13 9 77 0 66 45 37 47 33 68 23 72 10 56 42 58 22 61 18 52 46 69 6 38 4 48 34 5 60 62 1 29 2 70 74 40 12 71 54 27 11 36 51 78 17 30 31 57 41],[22 71 78 12 65 44 7 70 58 77 39 36 38 45 5 68 56 73 16 66 0 1 28 49 21 79 13 69 40 9 61 26 6 62 55 46 11 19 50 29 53 33 76 43 74 17 27 35 75 48 20 60 4 24 31 2 42 18 63 34 52 47 10 32 25 51 72 67 8 15 57 23 14 64 54 59 30 41 37 3],253195,258185
greedy/lipa80a,142,255318,122,37025,5,[31 8 76 53 42 59 71 21 27 41 48 61 7 14 5 66 18 32 38 35 44 51 52 13 43 67 23 37 20 72 70 2 19 0 65 74 6 50 77 45 10 12 69 75 47 28 33 63 40 57 64 3 22 11 9 26 15 73 62 24 58 4 1 49 36 17 60 16 56 30 39 46 54 25 78 29 55 34 79 68],[22 71 78 12 65 44 7 70 58 77 39 36 38 45 5 68 56 73 16 66 0 1 28 49 21 79 13 69 40 9 61 26 6 62 55 46 11 19 50 29 53 33 76 43 74 17 27 35 75 48 20 60 4 24 31 2 42 18 63 34 52 47 10 32 25 51 72 67 8 15 57 23 14 64 54 59 30 41 37 3],253195,258241
steepest/lipa80a,142,255418,46,148520,42,[53 61 33 70 48 73 46 36 10 31 59 40 14 63 18 66 35 60 11 21 38 42 24 5 19 7 77 50 2 16 65 79 43 30 20 26 56 72 28 34 47 9 8 69 71 12 51 74 78 41 67 52 0 22 27 32 49 64 37 58 17 44 55 3 68 4 39 54 29 62 23 6 76 75 15 57 1 45 25 13],[22 71 78 12 65 44 7 70 58 77 39 36 38 45 5 68 56 73 16 66 0 1 28 49 21 79 13 69 40 9 61 26 6 62 55 46 11 19 50 29 53 33 76 43 74 17 27 35 75 48 20 60 4 24 31 2 42 18 63 34 52 47 10 32 25 51 72 67 8 15 57 23 14 64 54 59 30 41 37 3],253195,258241
greedy/lipa80a,143,255321,148,20134,0,[67 19 53 25 47 28 41 62 49 31 65 61 60 12 17 20 10 39 7 79 66 77 42 48 0 40 76 11 5 74 18 70 6 52 55 2 69 1 78 27 14 33 54 72 8 73 64 56 37 30 36 38 29 32 22 75 59 44 58 57 68 13 63 21 43 51 50 46 23 71 45 15 4 24 35 26 16 9 34 3],[22 71 78 12 65 44 7 70 58 77 39 36 38 45 5 68 56 73 16 66 0 1 28 49 21 79 13 69 40 9 61 26 6 62 55 46 11 19 50 29 53 33 76 43 74 17 27 35 75 48 20 60 4 24 31 2 42 18 63 34 52 47 10 32 25 51 72 67 8 15 57 23 14 64 54 59 30 41 37 3],253195,258375
steepest/lipa80a,143,255307,51,164320,44,[69 1 63 16 66 48 74 55 3 15 60 7 14 59 76 20 8 28 79 23 77 40 49 71 30 58 44 17 56 34 64 52 54 21 68 11 43 38 33 13 25 2 75 51 72 0 24 19 37 62 47 31 4 61 5 29 73 10 50 26 6 42 57 78 70 18 67 65 46 36 45 41 27 53 35 9 22 32 12 39],[22 71 78 12 65 44 7 70 58 77 39 36 38 45 5 68 56 73 16 66 0 1 28 49 21 79 13 69 40 9 61 26 6 62 55 46 11 19 50 29 53 33 76 43 74 17 27 35 75 48 20 60 4 24 31 2 42 18 63 34 52 47 10 32 25 51 72 67 8 15 57 23 14 64 54 59 30 41 37 3],253195,258375
greedy/lipa80a,144,255445,157,24644,3,[47 39 14 6 15 56 18 71 77 36 78 32 44 3 20 64 17 4 79 0 43 63 73 69 48 68 19 5 23 30 57 9 42 50 31 33 75 52 51 62 74 13 59 22 12 26 60 27 25 1 61 66 10 16 58 21 72 53 49 40 65 70 34 54 41 76 8 46 37 35 38 55 67 28 2 29 7 11 24 45],[22 71 78 12 65 44 7 70 58 77 39 36 38 45 5 68 56 73 16 66 0 1 28 49 21 79 13 69 40 9 61 26 6 62 55 46 11 19 50 29 53 33 76 43 74 17 27 35 75 48 20 60 4 24 31 2 42 18 63 34 52 47 10 32 25 51 72 67 8 15 57 23 14 64 54 59 30 41 37 3],253195,258673
steepest/lipa80a,144,255526,37,120080,27,[6 79 67 8 71 47 53 15 19 51 55 24 41 39 75 77 28 68 54 69 25 1 5 57 45 2 9 60 56 46 31 11 74 72 65 0 64 66 70 38 27 3 78 42 48 33 26 34 50 73 52 20 16 35 63 36 7 18 12 30 32 4 23 14 10 62 49 22 61 13 44 58 40 17 29 21 37 43 76 59],[22 71 78 12 65 44 7 70 58 77 39 36 38 45 5 68 56 73 16 66 0 1 28 49 21 79 13 69 40 9 61 26 6 62 55 46 11 19 50 29 53 33 76 43 74 17 27 35 75 48 20 60 4 24 31 2 42 18 63 34 52 47 10 32 25 51 72 67 8 15 57 23 14 64 54 59 30 41 37 3],253195,258673
greedy/lipa80a,145,255161,144,19806,1,[20 52 42 37 70 72 22 12 75 13 54 46 1 23 74 10 15 4 28 9 56 39 25 29 43 60 16 40 14 59 48 5 64 24 36 41 11 47 31 73 32 35 65 53 71 63 8 44 62 57 6 77 17 78 76 61 55 30 67 26 49 45 33 3 69 21 51 68 34 2 7 27 66 38 50 58 19 79 0 18],[22 71 78 12 65 44 7 70 58 77 39 36 38 45 5 68 56 73 16 66 0 1 28 49 21 79 13 69 40 9 61 26 6 62 55 46 11 19 50 29 53 33 76 43 74 17 27 35 75 48 20 60 4 24 31 2 42 18 63 34 52 47 10 32 25 51 72 67 8 15 57 23 14 64 54 59 30 41 37 3],253195,258643
steepest/lipa80a,145,255391,54,173800,48,[1 22 52 9 58 4 50 34 54 59 56 16 64 39 21 55 74 31 70 63 43 13 3 0 30 25 28 51 57 12 49 27 24 53 18 37 66 47 48 2 62 73 26 72 20 23 14 46 8 68 76 32 11 69 75 60 65 42 17 19 77 38 67 40 35 44 45 41 6 10 7 61 5 71 33 29 36 78 79 15],[22 71 78 12 65 44 7 70 58 77 39 36 38 45 5 68 56 73 16 66 0 1 28 49 21 79 13 69 40 9 61 26 6 62 55 46 11 19 50 29 53 33 76 43 74 17 27 35 75 48 20 60 4 24 31 2 42 18 63 34 52 47 10 32 25 51 72 67 8 15 57 23 14 64 54 59 30 41 37 3],253195,258643
greedy/lipa80a,146,255317,158,32071,7,[60 10 29 62 51 32 38 64 5 34 42 67 68 45 56 26 43 78 37 39 31 12 50 4 59 75 16 2 53 40 22 46 14 35 7 48 72 25 73 77 61 19 69 13 66 0 57 28 63 27 79 55 44 24 76 71 54 49 47 58 9 21 3 41 36 15 6 23 70 52 11 30 17 33 65 20 8 1 18 74],[22 71 78 12 65 44 7 70 58 77 39 36 38 45 5 68 56 73 16 66 0 1 28 49 21 79 13 69 40 9 61 26 6 62 55 46 11 19 50 29 53 33 76 43 74 17 27 35 75 48 20 60 4 24 31 2 42 18 63 34 52 47 10 32 25 51 72 67 8 15 57 23 14 64 54 59 30 41 37 3],253195,258704
steepest/lipa80a,146,255367,38,123240,32,[39 56 41 38 64 11 77 72 29 59 63 45 54 22 32 14 69 16 74 73 25 7 46 28 78 79 10 2 27 43 48 47 42 18 9 37 35 75 36 15 31 0 26 71 61 66 19 6 68 52 53 24 8 33 20 60 13 58 50 23 51 76 49 3 70 65 4 34 44 62 21 1 55 57 30 5 40 12 67 17],[22 71 78 12 65 44 7 70 58 77 39 36 38 45 5 68 56 73 16 66 0 1 28 49 21 79 13 69 40 9 61 26 6 62 55 46 11 19 50 29 53 33 76 43 74 17 27 35 75 48 20 60 4 24 31 2 42 18 63 34 52 47 10 32 25 51 72 67 8 15 57 23 14 64 54 59 30 41 37 3],253195,258704
greedy/lipa80a,147,255375,137,28208,6,[55 50 7 51 29 5 64 38 8 10 53 13 69 36 40 20 70 44 25 48 32 0 30 72 45 37 27 42 14 6 75 54 62 41 28 15 39 16 33 73 9 79 18 66 67 49 68 59 58 65 23 52 2 22 17 60 21 43 24 56 47 35 57 11 46 78 76 3 4 77 34 1 12 71 26 31 74 63 61 19],[22 71 78 12 65 44 7 70 58 77 39 36 38 45 5 68 56 73 16 66 0 1 28 49 21 79 13 69 40 9 61 26 6 62 55 46 11 19 50 29 53 33 76 43 74 17 27 35 75 48 20 60 4 24 31 2 42 18 63 34 52 47 10 32 25 51 72 67 8 15 57 23 14 64 54 59 30 41 37 3],253195,258764
steepest/lipa80a,147,255264,50,161160,38,[66 25 71 60 54 18 78 40 38 37 45 76 4 28 70 9 24 36 75 15 3 49 62 8 44 64 67 27 61 58 50 68 14 63 73 39 72 20 69 35 0 51 43 56 13 47 22 59 74 46 2 12 19 52 65 5 48 55 53 1 57 34 6 33 23 10 79 32 30 31 16 42 29 11 7 17 77 21 41 26],[22 71 78 12 65 44 7 70 58 77 39 36 38 45 5 68 56 73 16 66 0 1 28 49 21 79 13 69 40 9 61 26 6 62 55 46 11 19 50 29 53 33 76 43 74 17 27 35 75 48 20 60 4 24 31 2 42 18 63 34 52 47 10 32 25 51 72 67 8 15 57 23 14 64 54 59 30 41 37 3],253195,258764
greedy/lipa80a,148,255285,138,28161,3,[12 42 8 46 79 75 51 77 55 43 45 58 37 36 5 9 47 68 62 59 49 66 76 54 17 22 73 19 71 63 34 24 74 4 78 72 38 23 33 61 27 32 15 1 53 29 7 48 3 14 65 35 41 16 69 21 6 26 57 40 52 13 31 60 50 18 67 30 70 39 56 44 64 28 0 11 20 2 25 10],[22 71 78 12 65 44 7 70 58 77 39 36 38 45 5 68 56 73 16 66 0 1 28 49 21 79 13 69 40 9 61 26 6 62 55 46 11 19 50 29 53 33 76 43 74 17 27 35 75 48 20 60 4 24 31 2 42 18 63 34 52 47 10 32 25 51 72 67 8 15 57 23 14 64 54 59 30 41 37 3],253195,258413
steepest/lipa80a,148,255434,41,132720,33,[73 46 43 75 55 60 71 69 24 61 1 37 72 9 23 3 36 26 22 18 0 4 15 25 49 7 27 67 40 19 76 13 77 28 78 16 38 63 11 2 33 20 70 45 6 32 58 31 21 41 47 8 51 35 39 79 44 57 17 74 5 68 10 12 52 34 42 65 59 53 14 48 62 50 56 54 30 64 66 29],[22 71 78 12 65 44 7 70 58 77 39 36 38 45 5 68 56 73 16 66 0 1 28 49 21 79 13 69 40 9 61 26 6 62 55 46 11 19 50 29 53 33 76 43 74 17 27 35 75 48 20 60 4 24 31 2 42 18 63 34 52 47 10 32 25 51 72 67 8 15 57 23 14 64 54 59 30 41 37 3],253195,258413
greedy/lipa80a,149,255375,138,19242,6,[26 10 71 66 13 29 70 75 54 50 12 43 22 46 65 21 18 49 20 27 72 32 57 44 25 42 45 64 38 8 67 17 3 31 11 51 14 15 55 53 34 61 74 36 35 19 7 47 62 63 59 60 33 39 76 37 68 9 28 41 0 79 78 58 56 2 4 77 24 52 23 1 73 5 40 48 30 6 69 16],[22 71 78 12 65 44 7 70 58 77 39 36 38 45 5 68 56 73 16 66 0 1 28 49 21 79 13 69 40 9 61 26 6 62 55 46 11 19 50 29 53 33 76 43 74 17 27 35 75 48 20 60 4 24 31 2 42 18 63 34 52 47 10 32 25 51 72 67 8 15 57 23 14 64 54 59 30 41 37 3],253195,258546
steepest/lipa80a,149,255269,53,170640,41,[38 23 68 59 17 21 71 70 73 9 35 12 4 0 53 77 79 66 1 64 72 46 24 78 44 7 14 65 2 10 45 13 61 41 11 26 33 22 39 31 76 3 34 40 55 42 50 20 30 8 43 60 19 5 18 58 28 69 63 32 47 52 56 25 54 36 6 48 57 15 51 16 74 62 49 29 75 67 27 37],[22 71 78 12 65 44 7 70 58 77 39 36 38 45 5 68 56 73 16 66 0 1 28 49 21 79 13 69 40 9 61 26 6 62 55 46 11 19 50 29 53 33 76 43 74 17 27 35 75 48 20 60 4 24 31 2 42 18 63 34 52 47 10 32 25 51 72 67 8 15 57 23 14 64 54 59 30 41 37 3],253195,258546
greedy/lipa80a,150,255192,128,26955,8,[0 49 32 4 15 43 22 27 75 44 47 38 42 23 36 76 78 56 69 77 16 14 60 45 68 35 11 54 20 73 67 66 70 24 12 25 28 52 26 10 61 1 39 34 53 74 51 50 2 62 13 37 17 57 29 64 5 21 59 41 9 7 65 55 79 18 48 58 33 8 71 72 40 6 3 63 19 31 30 46],[22 71 78 12 65 44 7 70 58 77 39 36 38 45 5 68 56 73 16 66 0 1 28 49 21 79 13 69 40 9 61 26 6 62 55 46 11 19 50 29 53 33 76 43 74 17 27 35 75 48 20 60 4 24 31 2 42 18 63 34 52 47 10 32 25 51 72 67 8 15 57 23 14 64 54 59 30 41 37 3],253195,258959
steepest/lipa80a,150,255314,41,132720,30,[22 28 72 60 4 42 79 75 24 23 39 1 49 50 77 68 48 56 54 19 6 35 64 30 69 3 36 37 13 53 5 11 57 20 12 45 51 52 66 27 40 17 70 34 2 43 62 14 31 65 7 38 9 32 8 74 73 59 44 10 76 29 21 55 15 58 47 18 25 71 67 16 78 26 63 41 0 33 61 46],[22 71 78 12 65 44 7 70 58 77 39 36 38 45 5 68 56 73 16 66 0 1 28 49 21 79 13 69 40 9 61 26 6 62 55 46 11 19 50 29 53 33 76 43 74 17 27 35 75 48 20 60 4 24 31 2 42 18 63 34 52 47 10 32 25 51 72 67 8 15 57 23 14 64 54 59 30 41 37 3],253195,258959
greedy/lipa80a,151,255132,150,29193,6,[79 25 28 35 9 43 3 1 2 4 15 66 72 23 52 58 48 67 78 13 10 42 0 20 73 74 36 57 41 63 19 21 33 6 44 56 45 49 64 54 31 68 77 76 39 8 27 7 70 24 26 14 32 53 51 59 55 16 46 62 18 12 34 50 22 5 61 65 30 69 29 11 71 60 40 37 38 17 47 75],[22 71 78 12 65 44 7 70 58 77 39 36 38 45 5 68 56 73 16 66 0 1 28 49 21 79 13 69 40 9 61 26 6 62 55 46 11 19 50 29 53 33 76 43 74 17 27 35 75 48 20 60 4 24 31 2 42 18 63 34 52 47 10 32 25 51 72 67 8 15 57 23 14 64 54 59 30 41 37 3],253195,258830
steepest/lipa80a,151,255220,57,183280,36,[31 19 33 26 10 1 16 8 75 13 0 63 76 72 39 40 51 48 28 67 52 42 54 25 30 70 59 64 41 29 7 21 57 60 74 78 23 27 56 43 2 36 9 6 62 11 4 45 44 68 58 20 46 35 24 77 5 3 18 53 61 14 65 66 22 37 12 73 49 69 50 15 71 79 32 34 47 55 38 17],[22 71 78 12 65 44 7 70 58 77 39 36 38 45 5 68 56 73 16 66 0 1 28 49 21 79 13 69 40 9 61 26 6 62 55 46 11 19 50 29 53 33 76 43 74 17 27 35 75 48 20 60 4 24 31 2 42 18 63 34 52 47 10 32 25 51 72 67 8 15 57 23 14 64 54 59 30 41 37 3],253195,258830
greedy/lipa80a,152,255258,154,28082,10,[28 56 20 13 78 77 72 65 19 49 54 46 3 26 52 38 69 79 73 64 21 42 41 68 14 50 36 48 31 53 6 55 71 67 16 60 39 30 66 10 51 76 22 8 32 61 34 45 70 59 75 4 7 37 5 24 11 57 9 44 74 0 15 35 17 18 29 23 62 1 47 33 12 58 25 63 2 27 40 43],[22 71 78 12 65 44 7 70 58 77 39 36 38 45 5 68 56 73 16 66 0 1 28 49 21 79 13 69 40 9 61 26 6 62 55 46 11 19 50 29 53 33 76 43 74 17 27 35 75 48 20 60 4 24 31 2 42 18 63 34 52 47 10 32 25 51 72 67 8 15 57 23 14 64 54 59 30 41 37 3],253195,258521
steepest/lipa80a,152,255433,42,135880,33,[14 64 35 60 78 5 17 19 30 49 56 71 63 46 12 50 11 79 48 52 27 16 69 8 41 20 39 22 45 21 59 65 6 61 75 23 54 51 1 77 67 29 58 44 32 25 66 33 15 3 74 70 55 13 18 43 31 7 34 26 24 0 73 76 10 38 42 2 53 47 4 9 57 28 40 72 62 36 37 68],[22 71 78 12 65 44 7 70 58 77 39 36 38 45 5 68 56 73 16 66 0 1 28 49 21 79 13 69 40 9 61 26 6 62 55 46 11 19 50 29 53 33 76 43 74 17 27 35 75 48 20 60 4 24 31 2 42 18 63 34 52 47 10 32 25 51 72 67 8 15 57 23 14 64 54 59 30 41 37 3],253195,258521
greedy/lipa80a,153,255270,133,29604,8,[21 48 25 28 31 62 6 26 69 50 8 60 45 20 70 4 43 47 77 68 75 22 44 38 7 49 23 64 46 33 78 9 40 76 36 5 3 41 0 17 59 66 74 16 34 52 72 65 51 79 1 14 35 12 53 11 58 73 63 10 15 19 13 54 39 37 42 55 30 27 71 57 18 29 2 56 61 24 67 32],[22 71 78 12 65 44 7 70 58 77 39 36 38 45 5 68 56 73 16 66 0 1 28 49 21 79 13 69 40 9 61 26 6 62 55 46 11 19 50 29 53 33 76 43 74 17 27 35 75 48 20 60 4 24 31 2 42 18 63 34 52 47 10 32 25 51 72 67 8 15 57 23 14 64 54 59 30 41 37 3],253195,258367
steepest/lipa80a,153,255184,50,161160,36,[48 1 47 2 49 56 57 4 32 71 55 70 53 3 45 68 25 10 50 65 44 18 41 59 43 29 23 34 42 8 69 9 77 51 78 21 31 30 73 67 38 74 75 79 14 33 24 60 62 76 54 26 19 66 11 58 15 64 52 40 28 46 0 16 39 36 6 13 27 20 5 72 63 17 22 61 37 7 12 35],[22 71 78 12 65 44 7 70 58 77 39 36 38 45 5 68 56 73 16 66 0 1 28 49 21 79 13 69 40 9 61 26 6 62 55 46 11 19 50 29 53 33 76 43 74 17 27 35 75 48 20 60 4 24 31 2 42 18 63 34 52 47 10 32 25 51 72 67 8 15 57 23 14 64 54 59 30 41 37 3],253195,258367
greedy/lipa80a,154,255275,147,31720,4,[35 65 70 43 59 49 3 66 53 8 7 63 41 60 51 61 50 40 30 44 21 47 45 58 34 55 23 36 74 22 6 11 10 38 27 73 64 18 2 0 14 72 33 48 37 13 75 42 46 26 56 4 29 28 17 19 24 20 52 1 31 32 62 5 71 67 76 69 15 77 54 68 79 12 16 78 25 9 57 39],[22 71 78 12 65 44 7 70 58 77 39 36 38 45 5 68 56 73 16 66 0 1 28 49 21 79 13 69 40 9 61 26 6 62 55 46 11 19 50 29 53 33 76 43 74 17 27 35 75 48 20 60 4 24 31 2 42 18 63 34 52 47 10 32 25 51 72 67 8 15 57 23 14 64 54 59 30 41 37 3],253195,258784
steepest/lipa80a,154,255374,44,142200,35,[40 1 66 70 37 26 36 41 14 30 42 7 43 23 52 18 35 16 44 71 21 60 76 65 78 5 73 79 28 27 9 57 24 8 3 67 53 61 58 29 63 62 10 17 33 47 75 77 54 45 34 56 50 59 48 22 51 55 13 2 31 32 19 4 11 64 15 20 6 74 46 68 0 49 12 25 69 38 39 72],[22 71 78 12 65 44 7 70 58 77 39 36 38 45 5 68 56 73 16 66 0 1 28 49 21 79 13 69 40 9 61 26 6 62 55 46 11 19 50 29 53 33 76 43 74 17 27 35 75 48 20 60 4 24 31 2 42 18 63 34 52 47 10 32 25 51 72 67 8 15 57 23 14 64 54 59 30 41 37 3],253195,258784
greedy/lipa80a,155,255568,124,17564,3,[38 31 70 78 42 73 36 76 2 35 33 79 6 21 64 77 61 49 44 23 12 15 32 63 47 4 14 57 55 53 66 60 3 27 58 51 39 41 7 43 75 50 30 62 72 37 18 54 22 25 68 71 11 1 10 59 69 74 29 20 45 5 67 65 8 28 16 19 48 24 0 17 26 46 34 56 52 40 13 9],[22 71 78 12 65 44 7 70 58 77 39 36 38 45 5 68 56 73 16 66 0 1 28 49 21 79 13 69 40 9 61 26 6 62 55 46 11 19 50 29 53 33 76 43 74 17 27 35 75 48 20 60 4 24 31 2 42 18 63 34 52 47 10 32 25 51 72 67 8 15 57 23 14 64 54 59 30 41 37 3],253195,258281
steepest/lipa80a,155,255275,43,139040,30,[9 34 61 78 49 71 31 73 43 56 57 75 66 20 77 27 64 14 10 2 23 17 15 48 35 4 74 21 29 79 25 60 22 69 63 45 70 58 12 39 72 19 28 30 26 6 46 37 8 7 33 47 3 68 38 24 51 59 32 36 42 53 62 41 18 55 16 50 65 11 44 0 54 1 76 13 40 67 52 5],[22 71 78 12 65 44 7 70 58 77 39 36 38 45 5 68 56 73 16 66 0 1 28 49 21 79 13 69 40 9 61 26 6 62 55 46 11 19 50 29 53 33 76 43 74 17 27 35 75 48 20 60 4 24 31 2 42 18 63 34 52 47 10 32 25 51 72 67 8 15 57 23 14 64 54 59 30 41 37 3],253195,258281
greedy/lipa80a,156,255489,136,27205,4,[27 20 50 23 24 13 55 69 67 56 29 41 5 48 22 61 25 30 1 26 18 28 76 0 6 64 40 65 38 51 2 9 16 58 36 46 17 32 57 15 11 39 52 44 60 21 43 78 8 35 66 68 34 19 12 77 45 3 10 71 14 49 75 54 72 79 59 33 70 73 42 7 47 62 31 63 74 37 4 53],[22 71 78 12 65 44 7 70 58 77 39 36 38 45 5 68 56 73 16 66 0 1 28 49 21 79 13 69 40 9 61 26 6 62 55 46 11 19 50 29 53 33 76 43 74 17 27 35 75 48 20 60 4 24 31 2 42 18 63 34 52 47 10 32 25 51 72 67 8 15 57 23 14 64 54 59 30 41 37 3],253195,259143
steepest/lipa80a,156,255355,49,158000,38,[65 20 79 15 1 11 39 63 17 48 29 3 35 55 71 61 9 30 14 57 23 76 47 54 70 62 58 74 67 24 46 73 26 45 27 69 22 40 37 32 34 13 56 64 18 10 0 41 60 8 7 66 75 52 44 16 53 49 28 43 50 21 33 68 72 59 25 19 4 51 42 38 36 77 31 6 2 78 5 12],[22 71 78 12 65 44 7 70 58 77 39 36 38 45 5 68 56 73 16 66 0 1 28 49 21 79 13 69 40 9 61 26 6 62 55 46 11 19 50 29 53 33 76 43 74 17 27 35 75 48 20 60 4 24 31 2 42 18 63 34 52 47 10 32 25 51 72 67 8 15 57 23 14 64 54 59 30 41 37 3],253195,259143
greedy/lipa80a,157,255317,130,29418,2,[1 38 78 9 65 3 77 54 69 13 64 76 10 73 37 60 58 33 28 46 66 8 47 32 62 75 57 31 20 52 6 61 67 68 12 35 45 27 74 39 40 36 30 22 50 5 17 42 51 29 59 24 79 19 4 23 49 21 18 56 70 26 16 63 2 7 25 14 55 41 71 72 43 48 11 15 53 0 44 34],[22 71 78 12 65 44 7 70 58 77 39 36 38 45 5 68 56 73 16 66 0 1 28 49 21 79 13 69 40 9 61 26 6 62 55 46 11 19 50 29 53 33 76 43 74 17 27 35 75 48 20 60 4 24 31 2 42 18 63 34 52 47 10 32 25 51 72 67 8 15 57 23 14 64 54 59 30 41 37 3],253195,258458
steepest/lipa80a,157,255464,36,116920,30,[25 10 36 17 67 69 41 53 42 8 48 68 9 5 38 63 73 78 23 28 50 11 12 59 20 37 57 43 72 31 22 14 54 34 46 62 71 21 74 29 40 18 66 47 52 24 58 30 32 44 55 2 51 19 6 35 0 75 64 77 60 26 27 13 70 49 3 45 4 7 33 16 56 79 1 15 65 76 61 39],[22 71 78 12 65 44 7 70 58 77 39 36 38 45 5 68 56 73 16 66 0 1 28 49 21 79 13 69 40 9 61 26 6 62 55 46 11 19 50 29 53 33 76 43 74 17 27 35 75 48 20 60 4 24 31 2 42 18 63 34 52 47 10 32 25 51 72 67 8 15 57 23 14 64 54 59 30 41 37 3],253195,258458
greedy/lipa80a,158,255471,113,17273,0,[26 11 29 70 72 52 32 33 27 38 17 62 35 9 19 21 5 15 53 64 71 48 40 77 75 36 69 31 24 28 49 2 58 39 34 55 22 54 1 74 3 16 46 7 44 56 18 73 12 61 79 20 43 59 50 51 13 63 76 42 45 4 10 37 23 14 47 0 67 30 60 25 78 41 6 66 57 65 8 68],[22 71 78 12 65 44 7 70 58 77 39 36 38 45 5 68 56 73 16 66 0 1 28 49 21 79 13 69 40 9 61 26 6 62 55 46 11 19 50 29 53 33 76 43 74 17 27 35 75 48 20 60 4 24 31 2 42 18 63 34 52 47 10 32 25 51 72 67 8 15 57 23 14 64 54 59 30 41 37 3],253195,258410
steepest/lipa80a,158,255273,37,120080,35,[8 24 79 5 67 74 73 44 4 45 17 54 56 0 52 18 19 36 64 15 21 50 69 2 51 6 77 12 62 25 28 39 53 59 71 75 32 27 14 65 11 16 13 46 42 33 7 58 9 55 31 34 47 37 66 70 38 26 23 63 72 61 48 68 43 60 22 3 57 76 49 35 29 40 1 41 20 30 10 78],[22 71 78 12 65 44 7 70 58 77 39 36 38 45 5 68 56 73 16 66 0 1 28 49 21 79 13 69 40 9 61 26 6 62 55 46 11 19 50 29 53 33 76 43 74 17 27 35 75 48 20 60 4 24 31 2 42 18 63 34 52 47 10 32 25 51 72 67 8 15 57 23 14 64 54 59 30 41 37 3],253195,258410
greedy/lipa80a,159,255262,140,25505,5,[40 21 59 50 29 16 54 58 17 2 33 57 48 45 20 14 42 15 66 71 73 64 44 74 39 8 6 49 36 63 24 60 76 28 18 34 62 70 22 47 75 1 69 52 9 35 25 10 41 30 27 7 38 67 43 51 55 31 32 5 12 61 53 56 11 65 37 13 19 26 46 79 0 78 77 72 3 68 23 4],[22 71 78 12 65 44 7 70 58 77 39 36 38 45 5 68 56 73 16 66 0 1 28 49 21 79 13 69 40 9 61 26 6 62 55 46 11 19 50 29 53 33 76 43 74 17 27 35 75 48 20 60 4 24 31 2 42 18 63 34 52 47 10 32 25 51 72 67 8 15 57 23 14 64 54 59 30 41 37 3],253195,258636
steepest/lipa80a,159,255293,40,129560,29,[0 14 39 43 3 34 35 47 37 76 4 2 74 5 8 67 18 15 77 27 69 54 60 51 63 78 58 71 19 6 61 73 70 33 64 40 38 44 31 59 13 9 48 25 11 79 53 20 41 30 55 22 24 26 10 17 57 12 72 45 29 49 50 66 1 21 56 16 7 42 46 23 65 52 36 62 75 32 68 28],[22 71 78 12 65 44 7 70 58 77 39 36 38 45 5 68 56 73 16 66 0 1 28 49 21 79 13 69 40 9 61 26 6 62 55 46 11 19 50 29 53 33 76 43 74 17 27 35 75 48 20 60 4 24 31 2 42 18 63 34 52 47 10 32 25 51 72 67 8 15 57 23 14 64 54 59 30 41 37 3],253195,258636
greedy/lipa80a,160,255298,127,19048,4,[20 72 11 19 39 59 75 33 51 53 38 29 69 0 50 74 71 73 70 12 25 76 3 47 14 43 68 6 64 46 36 2 26 1 31 52 41 7 66 48 63 35 65 16 67 24 23 27 5 58 13 78 62 60 61 79 56 15 57 9 55 8 21 32 18 77 42 54 37 4 40 44 30 34 22 17 49 28 10 45],[22 71 78 12 65 44 7 70 58 77 39 36 38 45 5 68 56 73 16 66 0 1 28 49 21 79 13 69 40 9 61 26 6 62 55 46 11 19 50 29 53 33 76 43 74 17 27 35 75 48 20 60 4 24 31 2 42 18 63 34 52 47 10 32 25 51 72 67 8 15 57 23 14 64 54 59 30 41 37 3],253195,258456
steepest/lipa80a,160,255348,41,132720,30,[61 57 0 40 21 6 4 50 38 76 58 43 34 47 20 74 33 5 2 13 25 44 53 69 46 67 63 75 12 26 24 68 36 17 51 48 1 9 70 66 42 15 35 41 60 71 27 3 49 73 11 7 16 56 10 28 31 14 55 29 65 39 23 32 54 77 37 62 30 78 18 79 59 64 22 19 8 52 72 45],[22 71 78 12 65 44 7 70 58 77 39 36 38 45 5 68 56 73 16 66 0 1 28 49 21 79 13 69 40 9 61 26 6 62 55 46 11 19 50 29 53 33 76 43 74 17 27 35 75 48 20 60 4 24 31 2 42 18 63 34 52 47 10 32 25 51 72 67 8 15 57 23 14 64 54 59 30 41 37 3],253195,258456
greedy/lipa80a,161,255265,127,19273,4,[28 70 29 52 73 0 50 51 59 53 3 23 71 78 9 55 5 68 63 2 67 14 11 22 20 18 30 10 40 36 39 32 65 27 74 75 26 37 1 72 69 64 13 58 44 47 16 7 48 35 21 46 34 62 60 24 56 17 49 12 79 33 76 38 6 31 41 4 54 61 43 42 19 66 45 57 15 8 77 25],[22 71 78 12 65 44 7 70 58 77 39 36 38 45 5 68 56 73 16 66 0 1 28 49 21 79 13 69 40 9 61 26 6 62 55 46 11 19 50 29 53 33 76 43 74 17 27 35 75 48 20 60 4 24 31 2 42 18 63 34 52 47 10 32 25 51 72 67 8 15 57 23 14 64 54 59 30 41 37 3],253195,258122
steepest/lipa80a,161,255435,42,135880,20,[50 17 71 5 52 74 62 34 59 78 15 77 76 57 22 64 75 19 63 39 23 16 41 47 31 9 14 20 45 79 70 66 25 10 26 27 51 30 3 40 48 67 53 29 68 56 33 35 12 24 21 32 18 6 60 58 1 2 46 55 11 13 8 28 36 44 61 4 49 65 37 73 72 0 7 69 54 42 38 43],[22 71 78 12 65 44 7 70 58 77 39 36 38 45 5 68 56 73 16 66 0 1 28 49 21 79 13 69 40 9 61 26 6 62 55 46 11 19 50 29 53 33 76 43 74 17 27 35 75 48 20 60 4 24 31 2 42 18 63 34 52 47 10 32 25 51 72 67 8 15 57 23 14 64 54 59 30 41 37 3],253195,258122
greedy/lipa80a,162,255339,127,21689,16,[50 28 70 60 61 67 23 46 41 59 57 75 49 19 1 10 48 52 26 13 18 29 25 24 33 63 36 17 5 66 27 11 55 76 6 45 31 37 74 32 20 69 39 0 65 35 38 2 51 21 68 14 3 16 54 62 42 7 43 47 44 72 4 53 22 9 58 79 40 64 73 8 71 15 56 12 34 78 77 30],[22 71 78 12 65 44 7 70 58 77 39 36 38 45 5 68 56 73 16 66 0 1 28 49 21 79 13 69 40 9 61 26 6 62 55 46 11 19 50 29 53 33 76 43 74 17 27 35 75 48 20 60 4 24 31 2 42 18 63 34 52 47 10 32 25 51 72 67 8 15 57 23 14 64 54 59 30 41 37 3],253195,258413
steepest/lipa80a,162,255557,42,135880,33,[53 11 7 40 25 74 1 58 42 68 75 45 4 23 18 69 62 32 48 14 50 17 43 57 6 38 59 67 19 76 29 60 36 54 77 34 31 46 20 64 3 28 73 12 65 66 5 78 0 51 63 55 15 16 2 30 49 21 22 79 72 44 35 10 24 9 27 39 33 8 41 13 37 71 56 26 47 70 52 61],[22 71 78 12 65 44 7 70 58 77 39 36 38 45 5 68 56 73 16 66 0 1 28 49 21 79 13 69 40 9 61 26 6 62 55 46 11 19 50 29 53 33 76 43 74 17 27 35 75 48 20 60 4 24 31 2 42 18 63 34 52 47 10 32 25 51 72 67 8 15 57 23 14 64 54 59 30 41 37 3],253195,258413
greedy/lipa80a,163,255158,147,32148,7,[12 36 4 29 75 13 10 37 21 44 30 65 58 63 42 9 19 45 14 79 17 0 38 41 18 28 15 20 77 16 27 57 8 73 60 26 6 48 23 54 51 1 31 46 76 33 74 56 78 55 35 64 43 72 5 50 67 70 2 49 66 25 71 62 32 52 53 11 59 47 39 24 34 40 7 3 22 68 61 69],[22 71 78 12 65 44 7 70 58 77 39 36 38 45 5 68 56 73 16 66 0 1 28 49 21 79 13 69 40 9 61 26 6 62 55 46 11 19 50 29 53 33 76 43 74 17 27 35 75 48 20 60 4 24 31 2 42 18 63 34 52 47 10 32 25 51 72 67 8 15 57 23 14 64 54 59 30 41 37 3],253195,258552
steepest/lipa80a,163,255475,42,135880,36,[14 0 4 23 60 49 10 72 9 34 42 38 36 15 76 16 22 55 20 5 39 79 51 32 27 40 31 3 29 71 1 57 18 73 46 65 53 45 30 6 56 41 69 78 25 68 7 63 77 24 50 47 11 54 12 35 58 59 62 66 8 44 17 19 74 21 26 33 64 75 52 70 13 43 61 2 48 37 28 67],[22 71 78 12 65 44 7 70 58 77 39 36 38 45 5 68 56 73 16 66 0 1 28 49 21 79 13 69 40 9 61 26 6 62 55 46 11 19 50 29 53 33 76 43 74 17 27 35 75 48 20 60 4 24 31 2 42 18 63 34 52 47 10 32 25 51 72 67 8 15 57 23 14 64 54 59 30 41 37 3],253195,258552
greedy/lipa80a,164,255197,149,39016,10,[47 18 3 24 79 40 37 41 26 75 77 28 4 68 50 60 25 51 20 59 6 78 62 57 38 42 49 65 7 71 46 61 70 23 5 69 67 9 52 76 44 45 13 12 36 66 16 63 34 1 0 31 35 30 15 33 48 17 29 54 19 39 2 56 32 58 64 72 10 43 14 55 21 53 73 11 27 22 8 74],[22 71 78 12 65 44 7 70 58 77 39 36 38 45 5 68 56 73 16 66 0 1 28 49 21 79 13 69 40 9 61 26 6 62 55 46 11 19 50 29 53 33 76 43 74 17 27 35 75 48 20 60 4 24 31 2 42 18 63 34 52 47 10 32 25 51 72 67 8 15 57 23 14 64 54 59 30 41 37 3],253195,258932
steepest/lipa80a,164,255338,50,161160,37,[40 64 7 28 69 53 63 75 65 26 20 67 66 52 33 57 74 12 37 4 11 54 44 58 43 48 23 47 49 3 34 61 16 46 56 42 45 22 68 78 10 62 72 36 31 1 35 76 0 17 5 24 6 60 71 32 15 50 21 13 39 19 70 14 2 77 18 73 25 27 9 59 8 30 38 41 51 79 29 55],[22 71 78 12 65 44 7 70 58 77 39 36 38 45 5 68 56 73 16 66 0 1 28 49 21 79 13 69 40 9 61 26 6 62 55 46 11 19 50 29 53 33 76 43 74 17 27 35 75 48 20 60 4 24 31 2 42 18 63 34 52 47 10 32 25 51 72 67 8 15 57 23 14 64 54 59 30 41 37 3],253195,258932
greedy/lipa80a,165,255082,145,23892,6,[52 66 44 26 40 3 1 48 41 69 60 62 61 20 12 10 15 36 75 54 45 64 0 59 47 29 33 77 27 56 8 39 11 19 28 4 5 73 58 50 32 46 18 7 57 43 9 37 25 13 16 51 63 38 68 78 65 72 49 67 79 53 31 6 71 34 23 35 30 17 14 55 42 76 2 21 24 22 74 70],[22 71 78 12 65 44 7 70 58 77 39 36 38 45 5 68 56 73 16 66 0 1 28 49 21 79 13 69 40 9 61 26 6 62 55 46 11 19 50 29 53 33 76 43 74 17 27 35 75 48 20 60 4 24 31 2 42 18 63 34 52 47 10 32 25 51 72 67 8 15 57 23 14 64 54 59 30 41 37 3],253195,258581
steepest/lipa80a,165,255262,46,148520,36,[43 15 9 4 11 26 68 63 10 17 77 52 62 36 48 12 37 56 45 54 8 59 1 65 61 18 23 33 58 3 20 32 79 5 28 13 29 22 50 66 0 46 71 57 34 39 31 49 64 51 47 67 60 19 38 25 2 40 27 75 73 53 41 44 55 74 72 70 14 78 16 35 30 7 69 42 24 21 6 76],[22 71 78 12 65 44 7 70 58 77 39 36 38 45 5 68 56 73 16 66 0 1 28 49 21 79 13 69 40 9 61 26 6 62 55 46 11 19 50 29 53 33 76 43 74 17 27 35 75 48 20 60 4 24 31 2 42 18 63 34 52 47 10 32 25 51 72 67 8 15 57 23 14 64 54 59 30 41 37 3],253195,258581
greedy/lipa80a,166,255387,143,24243,16,[69 64 12 24 18 20 39 65 35 10 25 63 46 16 5 67 70 53 13 56 76 14 54 55 30 15 47 11 71 1 40 33 0 73 29 68 32 38 51 6 42 48 41 27 57 21 2 79 74 75 23 31 59 22 44 60 8 17 9 50 4 66 43 37 3 77 49 36 26 78 28 62 7 58 19 52 45 72 34 61],[22 71 78 12 65 44 7 70 58 77 39 36 38 45 5 68 56 73 16 66 0 1 28 49 21 79 13 69 40 9 61 26 6 62 55 46 11 19 50 29 53 33 76 43 74 17 27 35 75 48 20 60 4 24 31 2 42 18 63 34 52 47 10 32 25 51 72 67 8 15 57 23 14 64 54 59 30 41 37 3],253195,258646
steepest/lipa80a,166,255341,48,154840,42,[57 48 4 69 79 39 46 35 78 25 34 53 18 32 73 52 67 33 71 13 75 31 23 65 8 59 68 27 10 17 74 55 14 47 62 12 16 19 44 3 54 11 58 15 64 5 24 7 40 0 9 30 38 29 60 63 2 20 66 26 76 37 72 28 21 77 1 49 42 70 43 45 41 51 22 6 36 56 61 50],[22 71 78 12 65 44 7 70 58 77 39 36 38 45 5 68 56 73 16 66 0 1 28 49 21 79 13 69 40 9 61 26 6 62 55 46 11 19 50 29 53 33 76 43 74 17 27 35 75 48 20 60 4 24 31 2 42 18 63 34 52 47 10 32 25 51 72 67 8 15 57 23 14 64 54 59 30 41 37 3],253195,258646
greedy/lipa80a,167,255364,122,23083,4,[10 59 23 17 61 76 20 3 25 28 35 62 19 48 38 63 11 41 29 0 21 46 65 27 67 50 18 34 16 9 47 32 57 51 12 53 55 58 14 22 8 72 44 5 31 1 49 71 77 56 39 42 30 60 26 66 37 24 79 33 52 13 69 75 78 2 64 43 6 4 74 15 40 36 73 70 68 7 54 45],[22 71 78 12 65 44 7 70 58 77 39 36 38 45 5 68 56 73 16 66 0 1 28 49 21 79 13 69 40 9 61 26 6 62 55 46 11 19 50 29 53 33 76 43 74 17 27 35 75 48 20 60 4 24 31 2 42 18 63 34 52 47 10 32 25 51 72 67 8 15 57 23 14 64 54 59 30 41 37 3],253195,258364
steepest/lipa80a,167,255385,47,151680,36,[66 31 29 62 5 45 64 10 79 4 77 15 35 26 55 51 30 18 1 32 42 68 25 46 22 20 24 47 16 9 3 28 65 2 70 12 58 50 40 75 41 23 14 7 69 17 48 72 56 34 44 27 63 61 33 78 37 49 43 21 52 13 57 59 38 67 76 53 73 6 71 60 74 8 0 39 11 36 54 19],[22 71 78 12 65 44 7 70 58 77 39 36 38 45 5 68 56 73 16 66 0 1 28 49 21 79 13 69 40 9 61 26 6 62 55 46 11 19 50 29 53 33 76 43 74 17 27 35 75 48 20 60 4 24 31 2 42 18 63 34 52 47 10 32 25 51 72 67 8 15 57 23 14 64 54 59 30 41 37 3],253195,258364
greedy/lipa80a,168,255467,135,18468,2,[27 53 56 75 12 22 78 40 24 7 49 44 18 33 42 23 15 77 54 41 25 70 66 29 9 30 36 20 61 46 6 67 35 13 2 72 17 71 58 45 1 19 59 73 68 48 62 57 38 21 34 50 52 28 11 47 8 14 16 37 4 39 3 26 31 0 74 60 10 69 65 79 51 43 64 76 32 63 5 55],[22 71 78 12 65 44 7 70 58 77 39 36 38 45 5 68 56 73 16 66 0 1 28 49 21 79 13 69 40 9 61 26 6 62 55 46 11 19 50 29 53 33 76 43 74 17 27 35 75 48 20 60 4 24 31 2 42 18 63 34 52 47 10 32 25 51 72 67 8 15 57 23 14 64 54 59 30 41 37 3],253195,258724
steepest/lipa80a,168,255087,62,199080,49,[48 50 74 10 75 77 14 25 27 8 6 22 42 33 53 40 21 46 79 23 12 59 5 52 71 19 36 0 38 20 58 45 13 31 70 76 18 66 17 4 1 68 26 78 72 54 55 63 51 41 49 7 47 60 9 16 56 69 65 3 43 39 24 57 44 37 15 34 67 30 29 61 62 28 64 73 35 2 11 32],[22 71 78 12 65 44 7 70 58 77 39 36 38 45 5 68 56 73 16 66 0 1 28 49 21 79 13 69 40 9 61 26 6 62 55 46 11 19 50 29 53 33 76 43 74 17 27 35 75 48 20 60 4 24 31 2 42 18 63 34 52 47 10 32 25 51 72 67 8 15 57 23 14 64 54 59 30 41 37 3],253195,258724
greedy/lipa80a,169,255290,151,41414,10,[60 58 68 10 6 33 14 78 49 66 22 7 1 77 74 8 31 13 62 54 0 52 32 50 53 15 37 25 64 73 35 44 20 47 51 34 5 56 45 3 76 46 36 4 38 21 72 48 27 28 43 17 55 75 61 24 65 69 19 9 59 71 41 79 63 29 18 40 2 70 16 67 23 42 57 39 30 11 12 26],[22 71 78 12 65 44 7 70 58 77 39 36 38 45 5 68 56 73 16 66 0 1 28 49 21 79 13 69 40 9 61 26 6 62 55 46 11 19 50 29 53 33 76 43 74 17 27 35 75 48 20 60 4 24 31 2 42 18 63 34 52 47 10 32 25 51 72 67 8 15 57 23 14 64 54 59 30 41 37 3],253195,258510
steepest/lipa80a,169,255420,41,132720,28,[21 10 51 74 70 13 3 54 68 35 16 73 5 22 8 42 18 7 26 61 64 14 32 9 58 78 1 38 15 2 50 66 44 6 53 20 39 72 45 48 60 67 79 62 65 29 17 34 52 49 36 11 55 30 41 47 69 31 0 12 75 76 63 43 46 28 57 40 71 33 77 19 37 59 25 27 4 56 24 23],[22 71 78 12 65 44 7 70 58 77 39 36 38 45 5 68 56 73 16 66 0 1 28 49 21 79 13 69 40 9 61 26 6 62 55 46 11 19 50 29 53 33 76 43 74 17 27 35 75 48 20 60 4 24 31 2 42 18 63 34 52 47 10 32 25 51 72 67 8 15 57 23 14 64 54 59 30 41 37 3],253195,258510
greedy/lipa80a,170,255409,133,22834,7,[64 60 28 33 54 26 25 35 68 16 3 40 19 21 51 47 30 65 74 27 73 67 2 50 59 52 49 79 72 63 57 13 43 39 31 37 8 7 62 6 14 77 61 11 75 5 56 45 53 46 1 0 10 29 22 20 41 24 48 71 70 15 38 23 69 78 66 55 76 17 44 34 4 9 12 32 58 42 36 18],[22 71 78 12 65 44 7 70 58 77 39 36 38 45 5 68 56 73 16 66 0 1 28 49 21 79 13 69 40 9 61 26 6 62 55 46 11 19 50 29 53 33 76 43 74 17 27 35 75 48 20 60 4 24 31 2 42 18 63 34 52 47 10 32 25 51 72 67 8 15 57 23 14 64 54 59 30 41 37 3],253195,258627
steepest/lipa80a,170,255398,52,167480,35,[63 4 37 74 51 55 18 45 6 21 40 57 22 77 65 10 28 61 31 48 49 60 67 16 73 36 76 59 72 20 13 23 42 5 38 9 35 33 29 68 75 43 50 56 0 7 3 34 52 24 78 62 19 15 69 39 70 26 1 14 41 44 30 12 2 8 25 32 17 79 66 64 54 58 27 46 53 47 71 11],[22 71 78 12 65 44 7 70 58 77 39 36 38 45 5 68 56 73 16 66 0 1 28 49 21 79 13 69 40 9 61 26 6 62 55 46 11 19 50 29 53 33 76 43 74 17 27 35 75 48 20 60 4 24 31 2 42 18 63 34 52 47 10 32 25 51 72 67 8 15 57 23 14 64 54 59 30 41 37 3],253195,258627
greedy/lipa80a,171,255478,115,18868,1,[62 23 33 32 19 41 27 75 30 15 7 40 77 66 39 76 48 56 52 55 20 22 28 3 42 49 37 10 60 61 59 63 14 21 79 2 25 35 72 17 78 51 43 53 47 29 74 18 16 0 12 34 46 5 69 36 64 6 65 13 4 11 44 73 68 58 50 9 57 45 71 67 70 24 1 54 31 8 26 38],[22 71 78 12 65 44 7 70 58 77 39 36 38 45 5 68 56 73 16 66 0 1 28 49 21 79 13 69 40 9 61 26 6 62 55 46 11 19 50 29 53 33 76 43 74 17 27 35 75 48 20 60 4 24 31 2 42 18 63 34 52 47 10 32 25 51 72 67 8 15 57 23 14 64 54 59 30 41 37 3],253195,258457
steepest/lipa80a,171,255301,50,161160,38,[27 38 76 25 78 33 40 10 75 48 39 67 61 11 8 26 43 31 47 56 7 29 55 3 74 72 32 66 79 65 41 63 51 52 15 69 59 35 2 21 23 9 68 70 77 24 50 12 60 6 53 62 17 34 45 44 36 1 16 28 14 20 71 22 19 13 37 58 49 18 46 54 57 42 5 73 30 4 0 64],[22 71 78 12 65 44 7 70 58 77 39 36 38 45 5 68 56 73 16 66 0 1 28 49 21 79 13 69 40 9 61 26 6 62 55 46 11 19 50 29 53 33 76 43 74 17 27 35 75 48 20 60 4 24 31 2 42 18 63 34 52 47 10 32 25 51 72 67 8 15 57 23 14 64 54 59 30 41 37 3],253195,258457
greedy/lipa80a,172,255166,153,33613,1,[63 42 31 15 69 51 77 55 26 68 34 57 27 25 2 0 9 35 16 67 40 29 1 12 78 18 45 20 53 39 48 3 22 50 23 75 47 19 6 72 79 14 61 74 71 28 56 8 38 62 59 66 41 4 60 5 10 7 43 54 24 17 46 13 11 65 73 64 52 70 58 32 21 36 76 30 33 44 37 49],[22 71 78 12 65 44 7 70 58 77 39 36 38 45 5 68 56 73 16 66 0 1 28 49 21 79 13 69 40 9 61 26 6 62 55 46 11 19 50 29 53 33 76 43 74 17 27 35 75 48 20 60 4 24 31 2 42 18 63 34 52 47 10 32 25 51 72 67 8 15 57 23 14 64 54 59 30 41 37 3],253195,258677
steepest/lipa80a,172,255146,55,176960,48,[45 32 68 6 67 51 74 35 79 13 42 5 71 53 28 4 55 33 3 31 27 10 39 66 58 73 75 54 12 9 48 22 59 52 20 76 8 61 64 60 57 43 46 41 56 37 0 24 21 25 50 63 36 1 23 38 47 30 62 11 34 14 16 70 26 19 15 65 78 7 49 77 18 69 29 40 72 2 44 17],[22 71 78 12 65 44 7 70 58 77 39 36 38 45 5 68 56 73 16 66 0 1 28 49 21 79 13 69 40 9 61 26 6 62 55 46 11 19 50 29 53 33 76 43 74 17 27 35 75 48 20 60 4 24 31 2 42 18 63 34 52 47 10 32 25 51 72 67 8 15 57 23 14 64 54 59 30 41 37 3],253195,258677
greedy/lipa80a,173,255454,152,18133,5,[16 1 63 29 6 52 36 79 26 70 17 2 35 75 71 73 37 3 31 65 47 18 53 77 55 11 50 23 66 68 19 22 10 8 27 61 78 43 32 40 13 76 56 5 30 39 21 60 54 67 62 12 44 9 72 25 20 51 45 14 64 74 0 49 4 69 7 34 58 38 15 42 48 46 28 33 24 57 41 59],[22 71 78 12 65 44 7 70 58 77 39 36 38 45 5 68 56 73 16 66 0 1 28 49 21 79 13 69 40 9 61 26 6 62 55 46 11 19 50 29 53 33 76 43 74 17 27 35 75 48 20 60 4 24 31 2 42 18 63 34 52 47 10 32 25 51 72 67 8 15 57 23 14 64 54 59 30 41 37 3],253195,258182
steepest/lipa80a,173,255469,42,135880,29,[45 5 37 9 52 50 61 20 46 70 35 16 3 36 48 55 2 18 8 51 75 74 11 27 79 77 6 0 12 76 19 47 23 41 68 73 60 42 22 54 69 66 71 40 7 25 31 13 17 30 53 34 44 38 62 56 58 39 33 64 63 49 21 4 15 32 10 67 14 59 43 78 28 57 1 26 29 72 65 24],[22 71 78 12 65 44 7 70 58 77 39 36 38 45 5 68 56 73 16 66 0 1 28 49 21 79 13 69 40 9 61 26 6 62 55 46 11 19 50 29 53 33 76 43 74 17 27 35 75 48 20 60 4 24 31 2 42 18 63 34 52 47 10 32 25 51 72 67 8 15 57 23 14 64 54 59 30 41 37 3],253195,258182
greedy/lipa80a,174,255392,123,13562,0,[18 42 27 2 39 77 3 60 4 49 65 50 12 79 59 32 38 75 33 6 20 1 58 23 8 72 68 52 30 61 51 56 46 36 15 63 7 37 54 69 19 66 29 14 73 17 55 78 48 71 74 53 67 34 28 26 62 64 10 44 24 40 47 9 16 70 31 76 22 5 21 25 45 57 0 43 11 13 35 41],[22 71 78 12 65 44 7 70 58 77 39 36 38 45 5 68 56 73 16 66 0 1 28 49 21 79 13 69 40 9 61 26 6 62 55 46 11 19 50 29 53 33 76 43 74 17 27 35 75 48 20 60 4 24 31 2 42 18 63 34 52 47 10 32 25 51 72 67 8 15 57 23 14 64 54 59 30 41 37 3],253195,258105
steepest/lipa80a,174,255401,43,139040,41,[57 39 2 64 6 43 7 32 46 72 13 53 49 21 4 73 40 47 68 20 15 25 9 70 8 74 29 18 1 36 52 56 51 63 30 67 3 17 38 48 75 69 45 50 22 14 37 44 33 12 10 31 78 42 79 28 76 16 23 26 61 11 58 5 59 65 19 27 77 71 55 66 62 54 0 34 24 35 60 41],[22 71 78 12 65 44 7 70 58 77 39 36 38 45 5 68 56 73 16 66 0 1 28 49 21 79 13 69 40 9 61 26 6 62 55 46 11 19 50 29 53 33 76 43 74 17 27 35 75 48 20 60 4 24 31 2 42 18 63 34 52 47 10 32 25 51 72 67 8 15 57 23 14 64 54 59 30 41 37 3],253195,258105
greedy/lipa80a,175,255104,147,37067,10,[47 50 77 21 5 15 32 42 60 8 18 33 59 25 72 68 23 46 41 49 56 13 64 66 29 19 1 57 14 3 4 70 40 26 58 73 65 48 76 71 37 12 62 31 45 55 0 27 17 16 75 69 67 6 9 7 2 35 78 44 38 43 22 36 54 10 51 11 30 52 61 63 28 20 79 24 34 39 53 74],[22 71 78 12 65 44 7 70 58 77 39 36 38 45 5 68 56 73 16 66 0 1 28 49 21 79 13 69 40 9 61 26 6 62 55 46 11 19 50 29 53 33 76 43 74 17 27 35 75 48 20 60 4 24 31 2 42 18 63 34 52 47 10 32 25 51 72 67 8 15 57 23 14 64 54 59 30 41 37 3],253195,258688
steepest/lipa80a,175,255355,46,148520,30,[68 31 14 46 34 63 2 8 37 75 19 15 6 45 0 23 30 67 22 1 78 40 69 36 21 73 13 49 35 60 44 24 33 56 57 10 48 72 62 28 54 52 76 12 53 38 7 29 70 61 65 11 18 51 16 32 26 41 39 17 47 79 55 77 74 43 25 5 27 9 64 59 20 58 50 66 42 4 3 71],[22 71 78 12 65 44 7 70 58 77 39 36 38 45 5 68 56 73 16 66 0 1 28 49 21 79 13 69 40 9 61 26 6 62 55 46 11 19 50 29 53 33 76 43 74 17 27 35 75 48 20 60 4 24 31 2 42 18 63 34 52 47 10 32 25 51 72 67 8 15 57 23 14 64 54 59 30 41 37 3],253195,258688
greedy/lipa80a,176,255071,150,26324,6,[3 67 54 36 79 45 61 75 53 25 78 32 29 49 74 7 42 41 50 28 73 40 37 1 14 4 5 2 6 63 52 66 64 57 17 13 8 24 0 48 76 44 22 12 23 59 33 47 20 69 35 71 30 56 15 51 38 46 27 26 11 77 39 68 21 58 34 62 72 31 55 16 10 65 60 70 19 9 43 18],[22 71 78 12 65 44 7 70 58 77 39 36 38 45 5 68 56 73 16 66 0 1 28 49 21 79 13 69 40 9 61 26 6 62 55 46 11 19 50 29 53 33 76 43 74 17 27 35 75 48 20 60 4 24 31 2 42 18 63 34 52 47 10 32 25 51 72 67 8 15 57 23 14 64 54 59 30 41 37 3],253195,258351
steepest/lipa80a,176,255438,43,139040,33,[61 47 77 67 30 7 79 10 41 20 65 71 55 52 49 32 42 45 75 26 36 27 6 58 51 69 76 21 73 40 54 12 3 60 64 56 50 24 0 44 35 22 62 57 17 28 37 34 70 19 18 16 63 38 46 78 33 48 23 15 11 8 29 68 66 13 14 59 31 53 43 2 25 39 5 1 9 72 74 4],[22 71 78 12 65 44 7 70 58 77 39 36 38 45 5 68 56 73 16 66 0 1 28 49 21 79 13 69 40 9 61 26 6 62 55 46 11 19 50 29 53 33 76 43 74 17 27 35 75 48 20 60 4 24 31 2 42 18 63 34 52 47 10 32 25 51 72 67 8 15 57 23 14 64 54 59 30 41 37 3],253195,258351
greedy/lipa80a,177,255198,150,34028,4,[28 10 79 7 74 36 20 69 32 71 78 55 56 61 18 58 14 34 45 40 42 47 16 77 4 13 68 25 44 67 29 23 39 31 52 70 11 30 22 53 54 57 8 15 41 17 2 76 51 27 5 0 35 24 38 1 3 50 48 65 6 37 59 33 73 26 64 49 9 46 72 62 19 63 43 12 66 21 75 60],[22 71 78 12 65 44 7 70 58 77 39 36 38 45 5 68 56 73 16 66 0 1 28 49 21 79 13 69 40 9 61 26 6 62 55 46 11 19 50 29 53 33 76 43 74 17 27 35 75 48 20 60 4 24 31 2 42 18 63 34 52 47 10 32 25 51 72 67 8 15 57 23 14 64 54 59 30 41 37 3],253195,258508
steepest/lipa80a,177,255466,38,123240,26,[34 0 77 41 50 18 2 75 13 31 14 49 12 27 30 72 63 54 68 36 11 47 26 46 58 65 6 24 69 25 74 28 20 70 35 15 56 62 29 78 37 44 17 40 22 73 48 33 76 67 79 32 7 5 52 1 43 19 4 61 16 55 51 39 53 64 8 23 57 38 10 71 42 21 66 45 60 9 59 3],[22 71 78 12 65 44 7 70 58 77 39 36 38 45 5 68 56 73 16 66 0 1 28 49 21 79 13 69 40 9 61 26 6 62 55 46 11 19 50 29 53 33 76 43 74 17 27 35 75 48 20 60 4 24 31 2 42 18 63 34 52 47 10 32 25 51 72 67 8 15 57 23 14 64 54 59 30 41 37 3],253195,258508
greedy/lipa80a,178,255348,130,22025,10,[79 61 14 11 12 28 57 0 67 10 19 30 22 68 72 23 31 24 4 5 9 18 53 34 48 15 66 58 54 27 41 35 45 32 75 37 17 74 78 52 8 26 64 49 50 47 76 16 70 65 55 60 25 59 29 44 36 3 42 69 73 51 63 21 6 40 38 33 7 1 13 39 56 20 46 43 71 77 2 62],[22 71 78 12 65 44 7 70 58 77 39 36 38 45 5 68 56 73 16 66 0 1 28 49 21 79 13 69 40 9 61 26 6 62 55 46 11 19 50 29 53 33 76 43 74 17 27 35 75 48 20 60 4 24 31 2 42 18 63 34 52 47 10 32 25 51 72 67 8 15 57 23 14 64 54 59 30 41 37 3],253195,258525
steepest/lipa80a,178,255327,39,126400,21,[0 41 73 11 65 25 19 61 79 75 52 29 4 68 56 31 7 58 16 9 30 12 49 34 36 32 5 10 53 14 24 50 1 35 76 42 64 70 78 60 45 3 71 27 74 44 23 54 22 63 46 57 62 40 18 6 28 13 8 66 72 55 39 69 15 77 20 51 33 38 21 37 43 26 47 17 48 2 67 59],[22 71 78 12 65 44 7 70 58 77 39 36 38 45 5 68 56 73 16 66 0 1 28 49 21 79 13 69 40 9 61 26 6 62 55 46 11 19 50 29 53 33 76 43 74 17 27 35 75 48 20 60 4 24 31 2 42 18 63 34 52 47 10 32 25 51 72 67 8 15 57 23 14 64 54 59 30 41 37 3],253195,258525
greedy/lipa80a,179,255373,123,22875,9,[69 73 60 57 50 31 63 26 19 59 18 8 4 58 29 55 39 66 78 70 12 68 11 33 10 62 46 22 21 61 48 14 20 77 71 72 3 43 16 35 36 1 9 52 32 5 67 41 13 7 24 56 34 45 47 74 28 40 2 54 15 51 64 30 25 17 42 0 44 27 53 65 75 49 6 79 38 37 23 76],[22 71 78 12 65 44 7 70 58 77 39 36 38 45 5 68 56 73 16 66 0 1 28 49 21 79 13 69 40 9 61 26 6 62 55 46 11 19 50 29 53 33 76 43 74 17 27 35 75 48 20 60 4 24 31 2 42 18 63 34 52 47 10 32 25 51 72 67 8 15 57 23 14 64 54 59 30 41 37 3],253195,258352
steepest/lipa80a,179,255480,41,132720,30,[71 64 5 20 58 7 12 40 62 6 70 50 66 17 28 56 3 55 0 76 63 47 77 67 16 27 23 46 15 21 4 37 18 49 52 10 35 53 72 57 36 22 48 41 29 54 33 8 24 38 60 73 34 68 11 74 65 25 2 44 43 14 61 45 1 19 42 39 51 30 9 78 79 32 59 26 69 75 13 31],[22 71 78 12 65 44 7 70 58 77 39 36 38 45 5 68 56 73 16 66 0 1 28 49 21 79 13 69 40 9 61 26 6 62 55 46 11 19 50 29 53 33 76 43 74 17 27 35 75 48 20 60 4 24 31 2 42 18 63 34 52 47 10 32 25 51 72 67 8 15 57 23 14 64 54 59 30 41 37 3],253195,258352
greedy/lipa80a,180,255361,141,19388,4,[24 54 60 4 45 77 57 25 51 59 53 13 70 33 78 8 68 10 27 15 62 64 5 69 7 20 23 6 63 46 35 58 55 16 37 39 56 52 71 79 3 12 32 41 76 75 36 73 21 42 49 19 74 47 72 65 29 2 26 11 17 22 28 1 14 50 34 40 30 31 66 61 38 18 9 0 43 48 67 44],[22 71 78 12 65 44 7 70 58 77 39 36 38 45 5 68 56 73 16 66 0 1 28 49 21 79 13 69 40 9 61 26 6 62 55 46 11 19 50 29 53 33 76 43 74 17 27 35 75 48 20 60 4 24 31 2 42 18 63 34 52 47 10 32 25 51 72 67 8 15 57 23 14 64 54 59 30 41 37 3],253195,258504
steepest/lipa80a,180,255347,48,154840,36,[26 51 6 14 27 76 67 62 18 72 4 45 58 25 8 3 15 54 13 50 0 64 63 75 56 78 2 57 66 19 69 1 74 39 65 37 79 35 42 68 46 10 20 7 9 32 36 73 38 33 71 41 60 61 12 59 43 77 30 44 49 53 5 22 70 21 16 48 29 55 28 23 11 52 40 34 24 47 17 31],[22 71 78 12 65 44 7 70 58 77 39 36 38 45 5 68 56 73 16 66 0 1 28 49 21 79 13 69 40 9 61 26 6 62 55 46 11 19 50 29 53 33 76 43 74 17 27 35 75 48 20 60 4 24 31 2 42 18 63 34 52 47 10 32 25 51 72 67 8 15 57 23 14 64 54 59 30 41 37 3],253195,258504
greedy/lipa80a,181,255374,116,22866,4,[48 44 78 59 9 31 57 39 20 64 2 42 38 58 72 79 46 6 66 27 1 50 63 26 65 10 60 5 61 35 15 74 73 68 14 25 11 52 24 17 71 77 8 3 13 55 4 19 29 49 51 75 22 45 36 53 67 56 23 40 43 12 7 37 0 69 47 33 76 30 41 18 34 16 21 70 62 54 28 32],[22 71 78 12 65 44 7 70 58 77 39 36 38 45 5 68 56 73 16 66 0 1 28 49 21 79 13 69 40 9 61 26 6 62 55 46 11 19 50 29 53 33 76 43 74 17 27 35 75 48 20 60 4 24 31 2 42 18 63 34 52 47 10 32 25 51 72 67 8 15 57 23 14 64 54 59 30 41 37 3],253195,258641
steepest/lipa80a,181,255265,53,170640,36,[13 34 22 26 9 8 42 16 55 65 31 10 64 32 46 53 73 36 56 43 57 47 62 20 30 4 28 45 35 75 41 12 71 38 48 19 78 51 74 18 79 40 25 23 3 2 17 72 50 11 66 27 77 14 69 6 67 60 68 61 59 29 54 52 15 24 7 33 76 39 21 37 49 5 58 44 0 1 70 63],[22 71 78 12 65 44 7 70 58 77 39 36 38 45 5 68 56 73 16 66 0 1 28 49 21 79 13 69 40 9 61 26 6 62 55 46 11 19 50 29 53 33 76 43 74 17 27 35 75 48 20 60 4 24 31 2 42 18 63 34 52 47 10 32 25 51 72 67 8 15 57 23 14 64 54 59 30 41 37 3],253195,258641
greedy/lipa80a,182,254975,158,45247,7,[47 54 4 8 18 39 15 59 10 0 52 66 61 14 9 42 17 63 45 72 33 5 16 44 49 38 70 21 43 1 57 6 71 2 48 36 25 12 68 29 23 78 7 31 40 11 37 30 24 75 13 74 35 27 19 20 41 60 62 73 79 53 22 32 69 50 65 26 64 28 51 55 34 76 67 58 3 77 56 46],[22 71 78 12 65 44 7 70 58 77 39 36 38 45 5 68 56 73 16 66 0 1 28 49 21 79 13 69 40 9 61 26 6 62 55 46 11 19 50 29 53 33 76 43 74 17 27 35 75 48 20 60 4 24 31 2 42 18 63 34 52 47 10 32 25 51 72 67 8 15 57 23 14 64 54 59 30 41 37 3],253195,258241
steepest/lipa80a,182,255563,38,123240,32,[32 75 39 14 45 61 5 2 46 58 19 64 16 79 65 8 13 25 63 54 49 18 17 24 4 44 31 0 59 36 52 6 29 57 77 10 12 21 34 43 30 68 71 15 22 11 72 9 48 23 3 42 55 62 20 74 35 40 1 67 60 27 53 73 69 66 41 26 47 38 56 76 7 78 50 33 37 70 28 51],[22 71 78 12 65 44 7 70 58 77 39 36 38 45 5 68 56 73 16 66 0 1 28 49 21 79 13 69 40 9 61 26 6 62 55 46 11 19 50 29 53 33 76 43 74 17 27 35 75 48 20 60 4 24 31 2 42 18 63 34 52 47 10 32 25 51 72 67 8 15 57 23 14 64 54 59 30 41 37 3],253195,258241
greedy/lipa80a,183,255343,117,20483,0,[10 15 65 28 9 25 31 20 44 66 34 57 68 39 29 63 5 70 35 37 64 13 2 48 52 18 60 73 58 3 61 0 32 56 49 33 7 55 24 50 8 1 72 53 41 6 59 42 14 12 47 26 4 27 45 38 54 11 16 36 69 30 74 71 19 62 46 67 22 23 40 77 75 76 78 21 51 17 79 43],[22 71 78 12 65 44 7 70 58 77 39 36 38 45 5 68 56 73 16 66 0 1 28 49 21 79 13 69 40 9 61 26 6 62 55 46 11 19 50 29 53 33 76 43 74 17 27 35 75 48 20 60 4 24 31 2 42 18 63 34 52 47 10 32 25 51 72 67 8 15 57 23 14 64 54 59 30 41 37 3],253195,258318
steepest/lipa80a,183,255386,40,129560,33,[25 41 77 28 10 40 67 29 22 32 55 76 53 63 30 3 47 0 31 2 21 75 72 23 39 33 1 16 54 9 70 20 74 15 57 5 59 49 27 44 60 64 68 11 43 37 19 50 18 61 65 79 51 12 66 46 38 4 34 78 26 14 8 36 71 62 69 42 48 35 13 6 52 58 73 7 24 45 17 56],[22 71 78 12 65 44 7 70 58 77 39 36 38 45 5 68 56 73 16 66 0 1 28 49 21 79 13 69 40 9 61 26 6 62 55 46 11 19 50 29 53 33 76 43 74 17 27 35 75 48 20 60 4 24 31 2 42 18 63 34 52 47 10 32 25 51 72 67 8 15 57 23 14 64 54 59 30 41 37 3],253195,258318
greedy/lipa80a,184,255256,157,33623,6,[38 21 4 71 30 27 40 39 9 44 66 52 18 12 77 32 33 35 76 29 56 58 8 16 10 47 46 26 79 73 60 14 22 53 63 11 70 19 5 37 54 41 78 2 1 15 43 57 36 59 7 17 6 24 3 68 28 48 62 49 51 0 42 45 67 61 50 34 23 55 64 69 74 75 25 72 13 20 31 65],[22 71 78 12 65 44 7 70 58 77 39 36 38 45 5 68 56 73 16 66 0 1 28 49 21 79 13 69 40 9 61 26 6 62 55 46 11 19 50 29 53 33 76 43 74 17 27 35 75 48 20 60 4 24 31 2 42 18 63 34 52 47 10 32 25 51 72 67 8 15 57 23 14 64 54 59 30 41 37 3],253195,258447
steepest/lipa80a,184,255207,46,148520,31,[61 21 64 45 76 62 33 4 11 9 34 53 24 3 56 32 40 59 54 66 35 50 67 5 8 47 63 26 28 14 37 12 65 74 48 60 68 30 10 39 25 15 71 44 1 22 18 29 69 7 38 17 36 52 70 72 55 41 23 0 2 51 19 16 43 79 42 57 75 49 6 20 77 13 78 46 31 73 58 27],[22 71 78 12 65 44 7 70 58 77 39 36 38 45 5 68 56 73 16 66 0 1 28 49 21 79 13 69 40 9 61 26 6 62 55 46 11 19 50 29 53 33 76 43 74 17 27 35 75 48 20 60 4 24 31 2 42 18 63 34 52 47 10 32 25 51 72 67 8 15 57 23 14 64 54 59 30 41 37 3],253195,258447
greedy/lipa80a,185,255491,123,17427,10,[19 14 24 46 42 15 44 65 49 73 70 52 12 33 11 16 30 74 22 45 2 1 36 54 63 67 48 71 72 9 21 59 23 35 3 29 64 4 47 78 40 56 62 5 6 75 0 27 57 77 26 79 34 31 10 53 43 37 51 69 66 28 38 17 60 41 7 25 68 13 8 18 50 76 58 61 55 32 20 39],[22 71 78 12 65 44 7 70 58 77 39 36 38 45 5 68 56 73 16 66 0 1 28 49 21 79 13 69 40 9 61 26 6 62 55 46 11 19 50 29 53 33 76 43 74 17 27 35 75 48 20 60 4 24 31 2 42 18 63 34 52 47 10 32 25 51 72 67 8 15 57 23 14 64 54 59 30 41 37 3],253195,258545
steepest/lipa80a,185,255380,41,132720,29,[74 2 5 6 42 48 23 66 15 18 40 64 9 49 54 10 14 19 63 28 1 31 39 71 24 44 38 29 22 8 55 11 52 34 13 36 50 57 56 33 47 58 46 16 78 69 3 25 73 4 26 20 77 67 51 68 0 21 76 12 65 30 59 45 60 61 79 75 70 27 53 62 7 72 43 17 35 37 32 41],[22 71 78 12 65 44 7 70 58 77 39 36 38 45 5 68 56 73 16 66 0 1 28 49 21 79 13 69 40 9 61 26 6 62 55 46 11 19 50 29 53 33 76 43 74 17 27 35 75 48 20 60 4 24 31 2 42 18 63 34 52 47 10 32 25 51 72 67 8 15 57 23 14 64 54 59 30 41 37 3],253195,258545
greedy/lipa80a,186,255347,138,25986,5,[26 50 42 59 62 57 38 3 14 58 64 76 51 67 55 75 69 29 32 52 28 63 0 47 65 72 41 12 15 18 10 54 39 19 36 5 44 34 61 79 20 17 6 27 11 37 46 78 22 23 74 21 24 66 30 60 2 73 7 31 56 35 8 13 70 9 40 77 33 43 53 71 4 16 45 1 68 48 25 49],[22 71 78 12 65 44 7 70 58 77 39 36 38 45 5 68 56 73 16 66 0 1 28 49 21 79 13 69 40 9 61 26 6 62 55 46 11 19 50 29 53 33 76 43 74 17 27 35 75 48 20 60 4 24 31 2 42 18 63 34 52 47 10 32 25 51 72 67 8 15 57 23 14 64 54 59 30 41 37 3],253195,258769
steepest/lipa80a,186,255316,50,161160,36,[67 4 76 13 47 1 65 38 70 64 51 23 57 71 34 26 69 61 32 12 66 33 40 0 73 36 2 18 35 63 25 14 3 79 58 50 29 55 52 6 31 43 45 10 59 5 7 21 56 24 48 68 30 54 27 19 74 15 62 16 42 78 46 75 39 20 37 28 77 49 8 9 17 11 60 53 72 22 44 41],[22 71 78 12 65 44 7 70 58 77 39 36 38 45 5 68 56 73 16 66 0 1 28 49 21 79 13 69 40 9 61 26 6 62 55 46 11 19 50 29 53 33 76 43 74 17 27 35 75 48 20 60 4 24 31 2 42 18 63 34 52 47 10 32 25 51 72 67 8 15 57 23 14 64 54 59 30 41 37 3],253195,258769
greedy/lipa80a,187,255423,141,13861,0,[6 26 77 70 64 60 41 30 75 17 19 16 76 66 44 69 22 63 49 42 28 67 27 73 37 34 8 52 45 48 68 36 47 58 29 71 18 31 3 79 9 53 38 35 62 0 78 4 15 74 21 51 24 72 54 25 12 57 14 13 23 50 59 11 39 20 55 46 2 10 5 65 61 40 56 32 43 33 7 1],[22 71 78 12 65 44 7 70 58 77 39 36 38 45 5 68 56 73 16 66 0 1 28 49 21 79 13 69 40 9 61 26 6 62 55 46 11 19 50 29 53 33 76 43 74 17 27 35 75 48 20 60 4 24 31 2 42 18 63 34 52 47 10 32 25 51 72 67 8 15 57 23 14 64 54 59 30 41 37 3],253195,258576
steepest/lipa80a,187,255376,50,161160,36,[22 67 54 30 49 65 17 60 75 78 9 43 51 64 32 68 52 56 18 4 66 27 73 69 53 33 29 35 0 39 26 77 70 74 11 38 76 46 5 40 41 62 31 19 12 6 72 14 2 7 55 79 16 45 57 25 71 37 36 23 21 28 42 13 15 20 50 24 48 58 61 63 34 8 47 44 59 3 10 1],[22 71 78 12 65 44 7 70 58 77 39 36 38 45 5 68 56 73 16 66 0 1 28 49 21 79 13 69 40 9 61 26 6 62 55 46 11 19 50 29 53 33 76 43 74 17 27 35 75 48 20 60 4 24 31 2 42 18 63 34 52 47 10 32 25 51 72 67 8 15 57 23 14 64 54 59 30 41 37 3],253195,258576
greedy/lipa80a,188,255285,144,34736,10,[11 12 2 45 68 24 42 19 33 58 43 1 34 75 25 71 57 65 52 27 36 29 35 44 72 16 28 54 7 56 74 69 59 4 0 8 41 63 79 14 37 9 13 17 22 70 18 31 67 61 32 20 21 73 55 26 53 40 15 76 47 78 5 64 6 23 60 38 77 3 62 46 49 10 48 66 30 39 51 50],[22 71 78 12 65 44 7 70 58 77 39 36 38 45 5 68 56 73 16 66 0 1 28 49 21 79 13 69 40 9 61 26 6 62 55 46 11 19 50 29 53 33 76 43 74 17 27 35 75 48 20 60 4 24 31 2 42 18 63 34 52 47 10 32 25 51 72 67 8 15 57 23 14 64 54 59 30 41 37 3],253195,258490
steepest/lipa80a,188,255368,42,135880,26,[48 44 34 59 76 74 37 17 78 25 66 9 69 45 51 61 10 50 65 29 57 32 5 41 15 42 1 16 35 40 22 27 64 4 19 0 70 18 75 36 12 43 79 6 26 49 58 68 7 31 13 39 62 73 21 46 3 23 53 63 47 8 54 55 28 77 24 30 67 38 14 52 20 11 72 60 2 56 33 71],[22 71 78 12 65 44 7 70 58 77 39 36 38 45 5 68 56 73 16 66 0 1 28 49 21 79 13 69 40 9 61 26 6 62 55 46 11 19 50 29 53 33 76 43 74 17 27 35 75 48 20 60 4 24 31 2 42 18 63 34 52 47 10 32 25 51 72 67 8 15 57 23 14 64 54 59 30 41 37 3],253195,258490
greedy/lipa80a,189,255500,114,18901,8,[5 46 71 36 15 26 67 61 20 70 23 64 79 75 74 76 54 40 63 22 60 44 66 39 73 33 55 13 38 7 49 3 0 50 17 47 6 29 51 35 16 52 2 53 12 25 14 18 56 19 30 10 27 59 21 77 65 41 48 57 32 4 11 1 42 58 31 37 43 62 69 78 9 24 45 28 8 34 72 68],[22 71 78 12 65 44 7 70 58 77 39 36 38 45 5 68 56 73 16 66 0 1 28 49 21 79 13 69 40 9 61 26 6 62 55 46 11 19 50 29 53 33 76 43 74 17 27 35 75 48 20 60 4 24 31 2 42 18 63 34 52 47 10 32 25 51 72 67 8 15 57 23 14 64 54 59 30 41 37 3],253195,258610
steepest/lipa80a,189,255283,50,161160,43,[0 70 41 12 38 67 4 23 62 65 7 42 79 46 74 78 54 31 26 77 47 48 76 58 19 22 32 14 3 59 20 6 53 61 11 75 15 66 16 39 69 52 50 2 25 63 56 18 44 5 1 64 27 36 17 8 30 43 9 28 73 51 37 29 55 60 24 45 10 21 68 57 40 13 33 72 34 71 35 49],[22 71 78 12 65 44 7 70 58 77 39 36 38 45 5 68 56 73 16 66 0 1 28 49 21 79 13 69 40 9 61 26 6 62 55 46 11 19 50 29 53 33 76 43 74 17 27 35 75 48 20 60 4 24 31 2 42 18 63 34 52 47 10 32 25 51 72 67 8 15 57 23 14 64 54 59 30 41 37 3],253195,258610
greedy/lipa80a,190,255390,143,21071,4,[77 62 19 76 70 54 1 52 21 4 57 33 42 41 53 58 55 45 79 30 12 32 38 75 28 29 27 20 40 74 68 65 8 25 18 51 44 17 73 67 14 66 72 10 13 6 61 59 5 35 43 3 34 56 22 64 24 37 63 50 36 23 0 15 48 31 46 39 69 47 2 9 71 26 16 78 60 7 11 49],[22 71 78 12 65 44 7 70 58 77 39 36 38 45 5 68 56 73 16 66 0 1 28 49 21 79 13 69 40 9 61 26 6 62 55 46 11 19 50 29 53 33 76 43 74 17 27 35 75 48 20 60 4 24 31 2 42 18 63 34 52 47 10 32 25 51 72 67 8 15 57 23 14 64 54 59 30 41 37 3],253195,258590
steepest/lipa80a,190,255116,50,161160,36,[39 66 21 38 53 65 70 61 79 18 75 57 62 46 28 43 15 59 56 52 12 19 67 29 76 58 77 49 27 30 68 13 63 24 4 40 20 17 34 10 47 22 71 42 6 41 11 37 16 36 33 0 35 23 51 1 3 25 9 54 72 78 45 26 50 5 44 55 32 69 74 60 2 8 64 48 14 31 7 73],[22 71 78 12 65 44 7 70 58 77 39 36 38 45 5 68 56 73 16 66 0 1 28 49 21 79 13 69 40 9 61 26 6 62 55 46 11 19 50 29 53 33 76 43 74 17 27 35 75 48 20 60 4 24 31 2 42 18 63 34 52 47 10 32 25 51 72 67 8 15 57 23 14 64 54 59 30 41 37 3],253195,258590
greedy/lipa80a,191,255375,130,22266,10,[44 69 27 31 50 2 25 34 24 42 70 5 3 77 43 49 14 48 73 65 74 53 59 47 41 64 57 21 58 11 10 13 36 19 46 29 45 62 33 23 40 71 54 9 16 1 18 60 6 32 7 12 78 35 55 17 63 22 79 38 8 76 66 56 15 0 30 26 51 68 28 75 20 39 52 37 61 72 67 4],[22 71 78 12 65 44 7 70 58 77 39 36 38 45 5 68 56 73 16 66 0 1 28 49 21 79 13 69 40 9 61 26 6 62 55 46 11 19 50 29 53 33 76 43 74 17 27 35 75 48 20 60 4 24 31 2 42 18 63 34 52 47 10 32 25 51 72 67 8 15 57 23 14 64 54 59 30 41 37 3],253195,258307
steepest/lipa80a,191,255246,45,145360,31,[59 28 60 31 58 30 13 73 24 38 54 2 64 50 51 0 3 1 62 75 42 67 74 37 23 72 63 49 10 70 21 12 9 7 57 78 4 27 45 44 25 76 19 15 53 56 52 40 46 61 36 6 65 66 17 71 16 35 8 43 69 14 55 5 39 26 18 68 20 22 11 47 33 34 32 77 48 41 79 29],[22 71 78 12 65 44 7 70 58 77 39 36 38 45 5 68 56 73 16 66 0 1 28 49 21 79 13 69 40 9 61 26 6 62 55 46 11 19 50 29 53 33 76 43 74 17 27 35 75 48 20 60 4 24 31 2 42 18 63 34 52 47 10 32 25 51 72 67 8 15 57 23 14 64 54 59 30 41 37 3],253195,258307
greedy/lipa80a,192,255293,135,27206,6,[49 58 72 42 71 35 43 18 31 79 62 11 21 13 51 63 19 23 2 9 74 76 5 38 41 26 54 24 17 65 7 12 60 46 57 47 16 10 28 75 59 8 34 14 52 0 78 30 53 45 1 22 69 73 61 6 48 67 33 66 32 50 20 44 39 77 36 25 3 15 64 55 70 40 68 27 29 4 37 56],[22 71 78 12 65 44 7 70 58 77 39 36 38 45 5 68 56 73 16 66 0 1 28 49 21 79 13 69 40 9 61 26 6 62 55 46 11 19 50 29 53 33 76 43 74 17 27 35 75 48 20 60 4 24 31 2 42 18 63 34 52 47 10 32 25 51 72 67 8 15 57 23 14 64 54 59 30 41 37 3],253195,258610
steepest/lipa80a,192,255385,47,151680,31,[33 78 13 61 75 1 34 50 31 15 71 19 21 43 37 55 63 58 24 18 62 40 70 72 73 26 64 35 20 11 17 76 9 57 66 39 29 49 16 10 7 8 6 5 54 69 3 67 41 23 12 79 77 46 2 48 14 74 44 51 32 4 27 68 22 56 52 53 0 65 59 28 25 60 36 30 45 38 42 47],[22 71 78 12 65 44 7 70 58 77 39 36 38 45 5 68 56 73 16 66 0 1 28 49 21 79 13 69 40 9 61 26 6 62 55 46 11 19 50 29 53 33 76 43 74 17 27 35 75 48 20 60 4 24 31 2 42 18 63 34 52 47 10 32 25 51 72 67 8 15 57 23 14 64 54 59 30 41 37 3],253195,258610
greedy/lipa80a,193,255326,129,25142,3,[52 39 16 46 73 68 14 53 2 62 20 41 12 33 48 13 17 42 56 15 0 57 74 31 10 22 40 5 21 63 26 3 32 11 44 61 75 25 49 6 64 45 71 78 7 67 24 27 66 36 50 51 34 79 4 77 18 60 35 1 58 38 76 37 8 59 70 23 30 43 9 29 72 65 69 28 19 55 47 54],[22 71 78 12 65 44 7 70 58 77 39 36 38 45 5 68 56 73 16 66 0 1 28 49 21 79 13 69 40 9 61 26 6 62 55 46 11 19 50 29 53 33 76 43 74 17 27 35 75 48 20 60 4 24 31 2 42 18 63 34 52 47 10 32 25 51 72 67 8 15 57 23 14 64 54 59 30 41 37 3],253195,258468
steepest/lipa80a,193,255352,47,151680,32,[50 73 43 17 12 67 23 46 36 65 3 41 62 25 48 27 20 42 77 39 15 74 8 75 22 60 69 47 57 13 21 30 35 64 16 45 29 76 53 78 6 71 79 54 9 10 11 2 18 0 19 28 34 33 63 38 1 24 7 26 44 49 58 51 37 59 31 68 4 5 40 66 72 52 56 14 32 55 61 70],[22 71 78 12 65 44 7 70 58 77 39 36 38 45 5 68 56 73 16 66 0 1 28 49 21 79 13 69 40 9 61 26 6 62 55 46 11 19 50 29 53 33 76 43 74 17 27 35 75 48 20 60 4 24 31 2 42 18 63 34 52 47 10 32 25 51 72 67 8 15 57 23 14 64 54 59 30 41 37 3],253195,258468
greedy/lipa80a,194,255184,151,36398,12,[42 41 14 30 75 72 37 67 73 50 74 16 22 70 64 58 29 38 77 48 32 46 12 44 47 62 13 5 34 78 56 59 26 4 9 71 79 27 66 19 28 21 3 43 36 24 23 10 31 61 20 63 2 0 39 40 52 1 7 65 60 8 33 25 69 55 11 76 49 6 35 57 51 15 53 18 17 68 54 45],[22 71 78 12 65 44 7 70 58 77 39 36 38 45 5 68 56 73 16 66 0 1 28 49 21 79 13 69 40 9 61 26 6 62 55 46 11 19 50 29 53 33 76 43 74 17 27 35 75 48 20 60 4 24 31 2 42 18 63 34 52 47 10 32 25 51 72 67 8 15 57 23 14 64 54 59 30 41 37 3],253195,258766
steepest/lipa80a,194,255274,51,164320,34,[49 8 74 64 4 45 39 53 38 18 61 48 68 3 15 76 47 66 56 21 16 57 25 30 63 34 46 42 33 73 67 28 5 19 32 43 17 52 2 23 54 6 35 58 69 24 20 13 11 44 27 1 10 70 71 51 79 36 22 40 60 29 14 50 77 31 75 9 55 26 65 72 0 78 41 7 12 59 37 62],[22 71 78 12 65 44 7 70 58 77 39 36 38 45 5 68 56 73 16 66 0 1 28 49 21 79 13 69 40 9 61 26 6 62 55 46 11 19 50 29 53 33 76 43 74 17 27 35 75 48 20 60 4 24 31 2 42 18 63 34 52 47 10 32 25 51 72 67 8 15 57 23 14 64 54 59 30 41 37 3],253195,258766
greedy/lipa80a,195,255230,142,31332,8,[6 23 25 40 14 46 8 60 67 28 20 73 7 13 12 32 69 59 37 50 35 56 24 79 55 19 9 11 77 16 1 49 61 71 48 63 74 2 34 22 27 21 18 70 30 33 76 52 54 0 29 36 15 10 31 66 65 57 42 58 72 51 17 26 47 45 41 44 75 4 68 38 39 5 78 43 62 53 3 64],[22 71 78 12 65 44 7 70 58 77 39 36 38 45 5 68 56 73 16 66 0 1 28 49 21 79 13 69 40 9 61 26 6 62 55 46 11 19 50 29 53 33 76 43 74 17 27 35 75 48 20 60 4 24 31 2 42 18 63 34 52 47 10 32 25 51 72 67 8 15 57 23 14 64 54 59 30 41 37 3],253195,258654
steepest/lipa80a,195,255518,40,129560,28,[59 29 46 42 8 71 3 79 67 15 39 73 12 6 50 32 41 63 57 65 13 20 35 60 0 16 66 9 19 52 17 56 48 68 61 49 64 22 38 75 78 74 40 18 44 37 10 24 55 76 4 62 31 1 7 58 43 5 36 53 72 26 28 54 69 2 70 11 47 23 51 27 30 34 33 25 14 45 21 77],[22 71 78 12 65 44 7 70 58 77 39 36 38 45 5 68 56 73 16 66 0 1 28 49 21 79 13 69 40 9 61 26 6 62 55 46 11 19 50 29 53 33 76 43 74 17 27 35 75 48 20 60 4 24 31 2 42 18 63 34 52 47 10 32 25 51 72 67 8 15 57 23 14 64 54 59 30 41 37 3],253195,258654
greedy/lipa80a,196,255243,110,25287,10,[67 61 76 41 77 38 68 3 64 14 48 71 21 1 62 20 32 34 53 59 27 75 70 29 42 65 39 54 49 79 52 16 13 72 69 51 12 37 36 31 60 56 4 26 15 7 66 33 45 28 78 0 55 24 17 46 30 19 5 18 73 57 23 10 74 22 47 2 9 58 63 11 8 44 25 40 50 35 6 43],[22 71 78 12 65 44 7 70 58 77 39 36 38 45 5 68 56 73 16 66 0 1 28 49 21 79 13 69 40 9 61 26 6 62 55 46 11 19 50 29 53 33 76 43 74 17 27 35 75 48 20 60 4 24 31 2 42 18 63 34 52 47 10 32 25 51 72 67 8 15 57 23 14 64 54 59 30 41 37 3],253195,258076
steepest/lipa80a,196,255405,36,116920,21,[54 62 32 20 71 19 12 4 64 31 65 39 30 79 70 59 46 42 7 41 69 6 34 67 13 75 23 60 72 15 27 16 1 35 37 36 26 52 22 77 51 29 43 53 56 63 66 33 28 49 57 3 45 0 76 40 17 25 11 48 58 10 50 5 74 18 47 8 9 73 61 14 44 21 2 38 78 68 55 24],[22 71 78 12 65 44 7 70 58 77 39 36 38 45 5 68 56 73 16 66 0 1 28 49 21 79 13 69 40 9 61 26 6 62 55 46 11 19 50 29 53 33 76 43 74 17 27 35 75 48 20 60 4 24 31 2 42 18 63 34 52 47 10 32 25 51 72 67 8 15 57 23 14 64 54 59 30 41 37 3],253195,258076
greedy/lipa80a,197,255343,154,28946,10,[73 1 46 21 14 64 31 69 6 34 54 17 24 32 19 0 8 5 30 71 74 13 51 2 18 15 47 59 63 16 12 75 52 68 10 66 11 67 49 39 42 50 58 56 40 79 76 26 35 65 27 48 77 28 22 29 7 9 60 57 23 36 62 41 33 44 70 61 43 25 45 4 55 37 38 20 72 78 53 3],[22 71 78 12 65 44 7 70 58 77 39 36 38 45 5 68 56 73 16 66 0 1 28 49 21 79 13 69 40 9 61 26 6 62 55 46 11 19 50 29 53 33 76 43 74 17 27 35 75 48 20 60 4 24 31 2 42 18 63 34 52 47 10 32 25 51 72 67 8 15 57 23 14 64 54 59 30 41 37 3],253195,258525
steepest/lipa80a,197,255286,42,135880,33,[25 2 77 69 18 11 6 27 55 19 58 40 32 60 71 15 23 5 0 16 62 47 21 30 70 7 17 57 41 76 35 66 52 67 1 31 14 72 39 63 64 37 56 44 12 13 75 33 59 4 38 10 22 50 45 20 73 3 34 24 26 46 48 28 51 8 61 42 65 9 29 49 74 79 43 36 54 78 68 53],[22 71 78 12 65 44 7 70 58 77 39 36 38 45 5 68 56 73 16 66 0 1 28 49 21 79 13 69 40 9 61 26 6 62 55 46 11 19 50 29 53 33 76 43 74 17 27 35 75 48 20 60 4 24 31 2 42 18 63 34 52 47 10 32 25 51 72 67 8 15 57 23 14 64 54 59 30 41 37 3],253195,258525
greedy/lipa80a,198,255276,134,32444,5,[46 56 70 31 35 71 37 34 18 38 72 0 32 79 8 28 59 12 39 33 19 63 57 30 44 9 42 51 14 15 74 47 11 78 75 53 20 76 62 73 25 66 60 41 67 1 52 23 50 3 77 54 40 68 2 24 69 58 55 10 45 5 4 21 64 26 48 29 7 65 27 17 22 36 13 6 61 49 16 43],[22 71 78 12 65 44 7 70 58 77 39 36 38 45 5 68 56 73 16 66 0 1 28 49 21 79 13 69 40 9 61 26 6 62 55 46 11 19 50 29 53 33 76 43 74 17 27 35 75 48 20 60 4 24 31 2 42 18 63 34 52 47 10 32 25 51 72 67 8 15 57 23 14 64 54 59 30 41 37 3],253195,258084
steepest/lipa80a,198,255203,55,176960,42,[60 72 5 28 53 39 20 36 46 29 62 1 33 19 56 59 16 61 74 0 78 12 51 48 2 30 13 21 10 55 6 34 4 58 15 18 67 76 57 44 70 9 7 75 22 26 45 66 17 79 52 73 40 68 49 24 50 38 3 41 25 65 42 32 77 11 43 47 8 35 64 23 69 27 54 71 14 63 37 31],[22 71 78 12 65 44 7 70 58 77 39 36 38 45 5 68 56 73 16 66 0 1 28 49 21 79 13 69 40 9 61 26 6 62 55 46 11 19 50 29 53 33 76 43 74 17 27 35 75 48 20 60 4 24 31 2 42 18 63 34 52 47 10 32 25 51 72 67 8 15 57 23 14 64 54 59 30 41 37 3],253195,258084
greedy/lipa80a,199,255361,131,15624,4,[35 42 68 48 30 40 11 7 8 54 64 59 29 1 15 20 38 21 5 13 28 67 4 61 34 49 44 75 43 71 63 66 76 0 74 60 55 12 73 69 72 78 3 53 45 77 6 19 65 2 37 10 62 52 27 26 47 58 50 39 41 9 16 23 33 79 36 57 56 51 70 46 22 31 25 24 18 32 14 17],[22 71 78 12 65 44 7 70 58 77 39 36 38 45 5 68 56 73 16 66 0 1 28 49 21 79 13 69 40 9 61 26 6 62 55 46 11 19 50 29 53 33 76 43 74 17 27 35 75 48 20 60 4 24 31 2 42 18 63 34 52 47 10 32 25 51 72 67 8 15 57 23 14 64 54 59 30 41 37 3],253195,258511
steepest/lipa80a,199,255112,52,167480,37,[74 20 78 3 33 12 2 44 53 76 55 6 57 75 48 77 13 38 16 52 29 60 40 58 71 7 26 54 17 59 28 72 46 24 49 32 27 10 21 69 25 47 43 45 50 68 79 42 36 35 62 0 39 23 67 19 8 11 66 5 63 56 22 37 61 34 18 4 9 51 64 41 73 31 15 65 30 14 1 70],[22 71 78 12 65 44 7 70 58 77 39 36 38 45 5 68 56 73 16 66 0 1 28 49 21 79 13 69 40 9 61 26 6 62 55 46 11 19 50 29 53 33 76 43 74 17 27 35 75 48 20 60 4 24 31 2 42 18 63 34 52 47 10 32 25 51 72 67 8 15 57 23 14 64 54 59 30 41 37 3],253195,258511
greedy/lipa80a,200,255109,148,23520,10,[60 6 32 28 22 44 79 26 64 42 36 58 19 17 8 14 74 29 47 76 72 45 67 38 30 7 20 59 50 51 10 12 23 34 2 63 69 33 21 39 55 5 18 65 52 41 15 70 54 68 71 27 9 61 35 3 43 73 4 62 46 57 25 16 53 37 0 1 77 78 13 11 48 31 49 40 66 24 75 56],[22 71 78 12 65 44 7 70 58 77 39 36 38 45 5 68 56 73 16 66 0 1 28 49 21 79 13 69 40 9 61 26 6 62 55 46 11 19 50 29 53 33 76 43 74 17 27 35 75 48 20 60 4 24 31 2 42 18 63 34 52 47 10 32 25 51 72 67 8 15 57 23 14 64 54 59 30 41 37 3],253195,258474
steepest/lipa80a,200,255551,39,126400,26,[51 6 68 30 3 21 78 63 36 40 54 70 39 17 76 20 5 75 45 35 42 28 56 31 72 7 38 24 10 13 77 33 9 26 43 65 32 48 64 57 58 29 49 67 11 14 15 22 59 69 12 16 60 61 74 1 44 71 79 52 2 18 34 19 37 53 4 66 46 73 23 62 41 55 25 8 27 47 50 0],[22 71 78 12 65 44 7 70 58 77 39 36 38 45 5 68 56 73 16 66 0 1 28 49 21 79 13 69 40 9 61 26 6 62 55 46 11 19 50 29 53 33 76 43 74 17 27 35 75 48 20 60 4 24 31 2 42 18 63 34 52 47 10 32 25 51 72 67 8 15 57 23 14 64 54 59 30 41 37 3],253195,258474
greedy/lipa80a,201,255359,142,18439,6,[59 13 62 0 69 78 14 76 46 20 74 65 70 60 77 79 53 72 16 19 44 40 63 51 64 36 31 33 18 25 27 6 43 58 35 50 32 67 3 75 30 47 15 7 61 22 21 48 39 68 71 54 45 26 41 38 52 73 34 8 37 29 5 49 42 57 2 28 17 12 1 10 66 56 23 4 24 11 9 55],[22 71 78 12 65 44 7 70 58 77 39 36 38 45 5 68 56 73 16 66 0 1 28 49 21 79 13 69 40 9 61 26 6 62 55 46 11 19 50 29 53 33 76 43 74 17 27 35 75 48 20 60 4 24 31 2 42 18 63 34 52 47 10 32 25 51 72 67 8 15 57 23 14 64 54 59 30 41 37 3],253195,258832
steepest/lipa80a,201,255320,47,151680,34,[24 54 42 22 32 7 38 59 41 62 31 10 4 75 30 17 70 3 64 76 53 72 66 67 14 78 9 71 8 34 27 33 1 61 60 20 47 79 40 39 69 29 65 35 16 63 51 73 57 13 0 26 12 25 19 37 50 74 21 11 56 5 45 58 55 48 77 23 15 28 18 6 46 2 43 49 68 36 44 52],[22 71 78 12 65 44 7 70 58 77 39 36 38 45 5 68 56 73 16 66 0 1 28 49 21 79 13 69 40 9 61 26 6 62 55 46 11 19 50 29 53 33 76 43 74 17 27 35 75 48 20 60 4 24 31 2 42 18 63 34 52 47 10 32 25 51 72 67 8 15 57 23 14 64 54 59 30 41 37 3],253195,258832
greedy/lipa80a,202,255338,117,24462,5,[41 2 14 69 59 29 66 72 24 35 40 64 31 25 56 46 21 79 51 0 55 12 26 52 19 11 45 16 3 33 22 1 71 37 7 39 27 30 32 42 34 9 8 38 6 67 18 65 68 60 50 57 15 47 63 13 77 4 43 20 61 17 78 70 10 28 76 36 75 62 23 53 48 73 54 44 5 49 58 74],[22 71 78 12 65 44 7 70 58 77 39 36 38 45 5 68 56 73 16 66 0 1 28 49 21 79 13 69 40 9 61 26 6 62 55 46 11 19 50 29 53 33 76 43 74 17 27 35 75 48 20 60 4 24 31 2 42 18 63 34 52 47 10 32 25 51 72 67 8 15 57 23 14 64 54 59 30 41 37 3],253195,258478
steepest/lipa80a,202,255240,48,154840,31,[38 21 50 63 66 61 30 58 43 5 74 78 39 35 19 48 33 3 11 27 69 23 73 41 59 16 46 24 60 13 44 68 55 10 20 37 64 76 26 42 25 4 65 56 72 71 54 49 53 40 47 22 51 12 29 34 36 45 6 70 28 9 15 32 52 1 2 31 7 62 8 77 18 57 79 0 14 67 75 17],[22 71 78 12 65 44 7 70 58 77 39 36 38 45 5 68 56 73 16 66 0 1 28 49 21 79 13 69 40 9 61 26 6 62 55 46 11 19 50 29 53 33 76 43 74 17 27 35 75 48 20 60 4 24 31 2 42 18 63 34 52 47 10 32 25 51 72 67 8 15 57 23 14 64 54 59 30 41 37 3],253195,258478
greedy/lipa80a,203,255165,132,33627,9,[12 24 25 55 71 1 78 13 70 36 40 2 72 43 34 76 57 79 59 47 8 68 44 45 18 10 38 6 69 0 48 28 16 22 77 5 35 67 41 14 42 11 53 62 56 7 73 27 51 17 75 49 74 9 52 65 58 33 20 39 15 26 19 60 31 4 30 66 63 37 3 50 64 23 29 21 46 61 54 32],[22 71 78 12 65 44 7 70 58 77 39 36 38 45 5 68 56 73 16 66 0 1 28 49 21 79 13 69 40 9 61 26 6 62 55 46 11 19 50 29 53 33 76 43 74 17 27 35 75 48 20 60 4 24 31 2 42 18 63 34 52 47 10 32 25 51 72 67 8 15 57 23 14 64 54 59 30 41 37 3],253195,258263
steepest/lipa80a,203,255473,43,139040,33,[50 20 12 48 79 30 65 26 9 25 47 8 10 39 17 6 44 32 31 3 51 41 21 71 13 60 38 5 40 46 62 45 19 59 7 56 37 16 23 15 66 67 72 11 28 53 36 55 70 35 14 68 2 22 74 78 69 61 18 24 27 73 0 43 34 77 1 49 57 58 64 33 52 75 42 63 4 54 29 76],[22 71 78 12 65 44 7 70 58 77 39 36 38 45 5 68 56 73 16 66 0 1 28 49 21 79 13 69 40 9 61 26 6 62 55 46 11 19 50 29 53 33 76 43 74 17 27 35 75 48 20 60 4 24 31 2 42 18 63 34 52 47 10 32 25 51 72 67 8 15 57 23 14 64 54 59 30 41 37 3],253195,258263
greedy/lipa80a,204,255217,156,31595,8,[37 23 40 7 36 44 33 69 11 35 43 39 6 61 31 71 75 66 4 30 12 74 42 8 78 60 26 68 32 51 63 79 57 65 47 72 73 17 46 20 25 19 10 1 49 5 2 9 41 59 13 29 53 70 3 58 64 21 45 16 15 24 54 18 28 27 38 50 77 48 0 67 52 62 56 55 34 14 76 22],[22 71 78 12 65 44 7 70 58 77 39 36 38 45 5 68 56 73 16 66 0 1 28 49 21 79 13 69 40 9 61 26 6 62 55 46 11 19 50 29 53 33 76 43 74 17 27 35 75 48 20 60 4 24 31 2 42 18 63 34 52 47 10 32 25 51 72 67 8 15 57 23 14 64 54 59 30 41 37 3],253195,258592
steepest/lipa80a,204,255462,42,135880,29,[26 39 66 68 11 28 6 12 25 36 9 27 49 38 59 5 7 50 41 55 22 30 46 23 65 79 31 3 2 63 48 53 0 71 19 14 57 47 32 4 42 33 43 17 61 35 45 73 29 54 52 10 51 20 1 64 62 13 78 77 44 8 16 21 15 24 74 56 18 58 60 76 67 75 70 72 34 69 37 40],[22 71 78 12 65 44 7 70 58 77 39 36 38 45 5 68 56 73 16 66 0 1 28 49 21 79 13 69 40 9 61 26 6 62 55 46 11 19 50 29 53 33 76 43 74 17 27 35 75 48 20 60 4 24 31 2 42 18 63 34 52 47 10 32 25 51 72 67 8 15 57 23 14 64 54 59 30 41 37 3],253195,258592
greedy/lipa80a,205,255531,115,10960,0,[25 11 10 47 4 79 37 45 46 0 22 20 71 55 76 18 3 50 70 43 67 28 14 8 21 49 65 41 44 39 54 66 19 38 78 51 69 57 74 72 52 61 12 26 13 68 40 56 17 7 77 60 62 42 31 1 23 64 2 24 63 33 16 27 34 15 73 29 59 75 53 35 5 9 30 32 58 36 48 6],[22 71 78 12 65 44 7 70 58 77 39 36 38 45 5 68 56 73 16 66 0 1 28 49 21 79 13 69 40 9 61 26 6 62 55 46 11 19 50 29 53 33 76 43 74 17 27 35 75 48 20 60 4 24 31 2 42 18 63 34 52 47 10 32 25 51 72 67 8 15 57 23 14 64 54 59 30 41 37 3],253195,258655
steepest/lipa80a,205,255274,57,183280,40,[28 79 13 47 7 4 62 8 76 24 53 22 64 75 52 46 48 44 49 78 20 50 72 45 26 6 19 60 3 61 68 14 59 10 11 12 41 65 34 40 39 42 71 43 63 73 27 70 21 51 77 23 33 0 74 66 17 38 56 54 18 25 55 67 15 31 69 1 2 58 5 36 35 9 30 32 37 57 16 29],[22 71 78 12 65 44 7 70 58 77 39 36 38 45 5 68 56 73 16 66 0 1 28 49 21 79 13 69 40 9 61 26 6 62 55 46 11 19 50 29 53 33 76 43 74 17 27 35 75 48 20 60 4 24 31 2 42 18 63 34 52 47 10 32 25 51 72 67 8 15 57 23 14 64 54 59 30 41 37 3],253195,258655
greedy/lipa80a,206,255387,131,24926,6,[76 45 42 15 75 5 72 47 61 48 4 50 51 11 14 3 44 53 55 17 63 52 24 26 27 43 40 64 35 57 32 31 36 41 46 13 67 70 54 33 39 25 69 38 6 0 34 77 10 79 78 12 19 9 62 58 1 7 56 28 29 65 74 60 2 66 37 8 49 30 16 22 21 20 59 71 73 18 23 68],[22 71 78 12 65 44 7 70 58 77 39 36 38 45 5 68 56 73 16 66 0 1 28 49 21 79 13 69 40 9 61 26 6 62 55 46 11 19 50 29 53 33 76 43 74 17 27 35 75 48 20 60 4 24 31 2 42 18 63 34 52 47 10 32 25 51 72 67 8 15 57 23 14 64 54 59 30 41 37 3],253195,258303
steepest/lipa80a,206,255307,51,164320,37,[49 73 14 68 45 69 53 8 54 13 1 62 51 75 43 9 0 55 30 31 56 72 46 6 4 36 52 50 28 65 10 76 41 61 18 35 32 78 47 23 29 34 67 74 63 59 39 11 79 44 77 25 57 20 17 40 2 21 24 66 60 42 19 7 27 22 3 15 38 26 48 58 70 71 12 5 33 64 37 16],[22 71 78 12 65 44 7 70 58 77 39 36 38 45 5 68 56 73 16 66 0 1 28 49 21 79 13 69 40 9 61 26 6 62 55 46 11 19 50 29 53 33 76 43 74 17 27 35 75 48 20 60 4 24 31 2 42 18 63 34 52 47 10 32 25 51 72 67 8 15 57 23 14 64 54 59 30 41 37 3],253195,258303
greedy/lipa80a,207,255176,140,26377,7,[30 57 29 68 9 49 64 37 0 74 45 55 60 24 10 18 34 76 75 78 52 40 39 22 31 48 51 59 19 46 62 20 32 56 61 6 65 33 23 2 15 11 14 67 42 53 35 26 7 12 72 63 73 58 79 1 5 54 77 4 13 66 50 47 8 3 44 36 16 69 41 70 28 27 25 21 38 17 43 71],[22 71 78 12 65 44 7 70 58 77 39 36 38 45 5 68 56 73 16 66 0 1 28 49 21 79 13 69 40 9 61 26 6 62 55 46 11 19 50 29 53 33 76 43 74 17 27 35 75 48 20 60 4 24 31 2 42 18 63 34 52 47 10 32 25 51 72 67 8 15 57 23 14 64 54 59 30 41 37 3],253195,258214
steepest/lipa80a,207,255261,50,161160,35,[14 20 5 6 56 26 0 78 2 37 77 15 51 60 52 76 67 73 79 59 66 72 1 22 27 18 49 54 35 38 43 3 74 61 65 13 70 9 44 39 4 47 12 16 48 11 31 33 7 10 57 23 8 75 19 46 71 32 41 29 55 24 28 45 40 50 21 63 36 69 34 30 17 64 62 42 58 25 53 68],[22 71 78 12 65 44 7 70 58 77 39 36 38 45 5 68 56 73 16 66 0 1 28 49 21 79 13 69 40 9 61 26 6 62 55 46 11 19 50 29 53 33 76 43 74 17 27 35 75 48 20 60 4 24 31 2 42 18 63 34 52 47 10 32 25 51 72 67 8 15 57 23 14 64 54 59 30 41 37 3],253195,258214
greedy/lipa80a,208,255309,116,21799,3,[6 77 21 36 31 3 48 55 33 18 47 49 8 57 28 53 68 79 45 0 37 76 2 64 32 17 51 59 50 29 15 58 60 5 25 62 19 24 34 1 43 63 66 41 26 61 4 40 52 78 7 44 27 13 72 74 9 56 70 12 30 42 14 22 67 35 69 71 46 20 65 16 39 54 11 38 23 73 75 10],[22 71 78 12 65 44 7 70 58 77 39 36 38 45 5 68 56 73 16 66 0 1 28 49 21 79 13 69 40 9 61 26 6 62 55 46 11 19 50 29 53 33 76 43 74 17 27 35 75 48 20 60 4 24 31 2 42 18 63 34 52 47 10 32 25 51 72 67 8 15 57 23 14 64 54 59 30 41 37 3],253195,258525
steepest/lipa80a,208,255412,48,154840,34,[37 32 46 5 72 47 6 26 79 18 77 14 69 51 21 35 31 2 60 4 68 17 23 19 33 52 25 12 55 8 15 39 49 61 73 27 57 34 53 29 63 43 56 28 7 64 1 67 71 78 36 13 0 50 48 9 20 76 44 40 16 58 3 54 75 38 59 66 62 10 70 22 42 24 11 45 65 41 30 74],[22 71 78 12 65 44 7 70 58 77 39 36 38 45 5 68 56 73 16 66 0 1 28 49 21 79 13 69 40 9 61 26 6 62 55 46 11 19 50 29 53 33 76 43 74 17 27 35 75 48 20 60 4 24 31 2 42 18 63 34 52 47 10 32 25 51 72 67 8 15 57 23 14 64 54 59 30 41 37 3],253195,258525
greedy/lipa80a,209,255214,130,17534,0,[16 26 68 70 8 73 54 1 13 78 34 53 65 66 59 71 25 2 4 41 72 44 74 5 37 64 10 57 31 15 35 24 33 38 55 17 43 48 56 11 76 45 0 6 20 61 51 30 21 22 60 14 77 27 32 29 69 3 47 12 62 67 7 63 39 46 79 18 49 19 58 36 9 28 52 42 23 75 50 40],[22 71 78 12 65 44 7 70 58 77 39 36 38 45 5 68 56 73 16 66 0 1 28 49 21 79 13 69 40 9 61 26 6 62 55 46 11 19 50 29 53 33 76 43 74 17 27 35 75 48 20 60 4 24 31 2 42 18 63 34 52 47 10 32 25 51 72 67 8 15 57 23 14 64 54 59 30 41 37 3],253195,258557
steepest/lipa80a,209,255176,57,183280,47,[3 74 54 52 56 11 73 63 19 68 45 71 31 15 10 51 28 72 8 77 75 40 26 53 64 25 20 33 62 57 29 6 50 14 41 48 23 4 35 18 67 38 30 7 44 0 37 55 66 22 76 16 27 32 2 39 46 17 59 47 24 9 21 42 5 65 78 49 61 69 34 36 1 60 43 70 13 12 58 79],[22 71 78 12 65 44 7 70 58 77 39 36 38 45 5 68 56 73 16 66 0 1 28 49 21 79 13 69 40 9 61 26 6 62 55 46 11 19 50 29 53 33 76 43 74 17 27 35 75 48 20 60 4 24 31 2 42 18 63 34 52 47 10 32 25 51 72 67 8 15 57 23 14 64 54 59 30 41 37 3],253195,258557
greedy/lipa80a,210,255576,135,21913,5,[65 26 75 16 57 61 34 2 5 31 35 1 10 42 36 27 67 69 63 6 48 28 50 32 30 4 47 55 72 71 20 46 51 74 19 49 40 3 8 11 29 37 23 14 25 66 54 79 7 21 68 52 15 12 62 56 59 13 76 58 70 9 60 78 41 24 33 64 22 18 53 39 43 38 73 0 17 77 44 45],[22 71 78 12 65 44 7 70 58 77 39 36 38 45 5 68 56 73 16 66 0 1 28 49 21 79 13 69 40 9 61 26 6 62 55 46 11 19 50 29 53 33 76 43 74 17 27 35 75 48 20 60 4 24 31 2 42 18 63 34 52 47 10 32 25 51 72 67 8 15 57 23 14 64 54 59 30 41 37 3],253195,258535
steepest/lipa80a,210,255239,47,151680,27,[57 67 35 54 24 23 51 17 5 48 56 19 74 70 2 12 42 15 13 30 55 28 61 68 37 41 8 40 59 16 36 25 31 78 58 79 73 47 50 26 72 14 10 44 66 11 63 62 7 27 64 53 32 34 38 0 9 6 20 71 75 29 33 21 3 49 52 43 22 1 60 76 77 69 18 45 4 65 46 39],[22 71 78 12 65 44 7 70 58 77 39 36 38 45 5 68 56 73 16 66 0 1 28 49 21 79 13 69 40 9 61 26 6 62 55 46 11 19 50 29 53 33 76 43 74 17 27 35 75 48 20 60 4 24 31 2 42 18 63 34 52 47 10 32 25 51 72 67 8 15 57 23 14 64 54 59 30 41 37 3],253195,258535
greedy/lipa80a,211,255380,144,29799,9,[54 38 9 75 4 49 65 15 28 35 56 3 68 59 74 18 62 5 34 78 79 72 26 76 46 21 73 2 41 48 58 40 52 44 47 69 17 8 20 67 0 77 22 7 45 13 43 10 19 16 11 50 66 33 71 30 6 27 42 14 39 60 55 64 57 63 32 61 70 36 29 51 31 53 1 24 12 25 37 23],[22 71 78 12 65 44 7 70 58 77 39 36 38 45 5 68 56 73 16 66 0 1 28 49 21 79 13 69 40 9 61 26 6 62 55 46 11 19 50 29 53 33 76 43 74 17 27 35 75 48 20 60 4 24 31 2 42 18 63 34 52 47 10 32 25 51 72 67 8 15 57 23 14 64 54 59 30 41 37 3],253195,258424
steepest/lipa80a,211,255393,55,176960,42,[5 26 49 75 4 0 43 23 42 69 22 52 13 67 61 34 27 74 79 30 8 66 1 76 46 71 35 2 41 44 11 77 58 78 31 47 72 29 62 64 21 55 32 48 28 14 68 36 10 18 40 24 37 60 38 12 54 65 9 3 73 59 17 20 15 7 63 39 33 70 50 57 25 51 45 16 56 19 6 53],[22 71 78 12 65 44 7 70 58 77 39 36 38 45 5 68 56 73 16 66 0 1 28 49 21 79 13 69 40 9 61 26 6 62 55 46 11 19 50 29 53 33 76 43 74 17 27 35 75 48 20 60 4 24 31 2 42 18 63 34 52 47 10 32 25 51 72 67 8 15 57 23 14 64 54 59 30 41 37 3],253195,258424
greedy/lipa80a,212,255116,153,24439,10,[42 53 21 50 78 47 14 22 44 59 26 25 76 41 9 38 70 74 24 63 55 45 43 8 62 51 16 28 3 1 46 12 48 58 7 36 66 72 32 75 71 73 57 20 60 23 37 52 61 17 15 19 40 2 10 56 39 13 5 0 68 54 6 69 49 35 65 77 30 67 11 27 4 33 64 18 31 29 34 79],[22 71 78 12 65 44 7 70 58 77 39 36 38 45 5 68 56 73 16 66 0 1 28 49 21 79 13 69 40 9 61 26 6 62 55 46 11 19 50 29 53 33 76 43 74 17 27 35 75 48 20 60 4 24 31 2 42 18 63 34 52 47 10 32 25 51 72 67 8 15 57 23 14 64 54 59 30 41 37 3],253195,258698
steepest/lipa80a,212,255306,49,158000,37,[50 54 36 11 20 19 42 18 39 64 9 24 73 65 61 16 40 4 62 5 44 71 51 21 43 0 33 37 14 10 66 35 78 58 8 25 55 17 49 1 72 60 74 63 28 3 38 52 47 15 29 53 2 69 13 27 7 67 31 70 23 75 22 46 76 45 30 77 41 34 59 26 56 68 32 57 79 12 48 6],[22 71 78 12 65 44 7 70 58 77 39 36 38 45 5 68 56 73 16 66 0 1 28 49 21 79 13 69 40 9 61 26 6 62 55 46 11 19 50 29 53 33 76 43 74 17 27 35 75 48 20 60 4 24 31 2 42 18 63 34 52 47 10 32 25 51 72 67 8 15 57 23 14 64 54 59 30 41 37 3],253195,258698
greedy/lipa80a,213,255361,133,20495,1,[64 1 53 20 71 62 34 29 38 19 48 79 52 32 73 36 31 33 58 68 57 26 67 28 30 15 16 41 7 6 60 55 59 5 47 46 63 8 65 18 37 70 43 44 11 49 45 4 78 35 2 39 69 9 10 14 23 3 22 0 76 72 74 13 17 25 42 51 54 24 77 40 27 12 56 66 75 61 21 50],[22 71 78 12 65 44 7 70 58 77 39 36 38 45 5 68 56 73 16 66 0 1 28 49 21 79 13 69 40 9 61 26 6 62 55 46 11 19 50 29 53 33 76 43 74 17 27 35 75 48 20 60 4 24 31 2 42 18 63 34 52 47 10 32 25 51 72 67 8 15 57 23 14 64 54 59 30 41 37 3],253195,258377
steepest/lipa80a,213,255348,46,148520,37,[37 46 9 67 10 63 72 8 33 62 31 50 1 55 41 78 49 21 68 25 73 58 32 22 6 38 19 64 76 57 75 59 17 3 65 16 5 29 43 4 39 26 61 34 54 14 18 52 20 44 79 15 69 7 28 13 30 36 42 60 27 77 40 12 47 45 0 51 66 56 35 53 11 70 74 23 71 24 48 2],[22 71 78 12 65 44 7 70 58 77 39 36 38 45 5 68 56 73 16 66 0 1 28 49 21 79 13 69 40 9 61 26 6 62 55 46 11 19 50 29 53 33 76 43 74 17 27 35 75 48 20 60 4 24 31 2 42 18 63 34 52 47 10 32 25 51 72 67 8 15 57 23 14 64 54 59 30 41 37 3],253195,258377
greedy/lipa80a,214,255281,136,38457,8,[65 18 35 16 45 5 44 47 61 39 48 71 22 21 27 66 8 15 28 38 12 69 52 32 30 67 78 19 34 49 74 42 58 56 31 51 14 50 55 11 77 10 9 26 4 59 62 20 70 2 25 23 17 41 13 54 68 53 76 40 29 36 33 1 57 3 73 46 0 7 64 72 43 79 63 75 37 60 6 24],[22 71 78 12 65 44 7 70 58 77 39 36 38 45 5 68 56 73 16 66 0 1 28 49 21 79 13 69 40 9 61 26 6 62 55 46 11 19 50 29 53 33 76 43 74 17 27 35 75 48 20 60 4 24 31 2 42 18 63 34 52 47 10 32 25 51 72 67 8 15 57 23 14 64 54 59 30 41 37 3],253195,258508
steepest/lipa80a,214,255437,47,151680,39,[69 1 56 48 45 16 12 33 68 57 22 76 23 79 60 14 64 38 43 44 20 65 52 47 6 11 73 9 17 37 71 55 74 70 4 75 34 62 63 15 3 29 8 50 58 21 30 19 46 10 42 25 77 26 2 78 0 61 13 40 66 36 49 59 5 41 35 53 32 24 54 39 72 31 27 67 18 51 28 7],[22 71 78 12 65 44 7 70 58 77 39 36 38 45 5 68 56 73 16 66 0 1 28 49 21 79 13 69 40 9 61 26 6 62 55 46 11 19 50 29 53 33 76 43 74 17 27 35 75 48 20 60 4 24 31 2 42 18 63 34 52 47 10 32 25 51 72 67 8 15 57 23 14 64 54 59 30 41 37 3],253195,258508
greedy/lipa80a,215,255264,141,26226,5,[52 26 54 42 79 66 61 30 53 45 1 12 28 11 64 29 15 77 36 2 22 56 48 9 10 71 24 39 8 41 25 47 51 65 50 49 44 74 18 0 7 23 3 67 46 33 19 37 59 21 35 16 27 73 6 76 62 5 17 34 57 69 40 68 70 20 4 31 38 43 60 58 63 75 14 13 55 32 78 72],[22 71 78 12 65 44 7 70 58 77 39 36 38 45 5 68 56 73 16 66 0 1 28 49 21 79 13 69 40 9 61 26 6 62 55 46 11 19 50 29 53 33 76 43 74 17 27 35 75 48 20 60 4 24 31 2 42 18 63 34 52 47 10 32 25 51 72 67 8 15 57 23 14 64 54 59 30 41 37 3],253195,258786
steepest/lipa80a,215,255324,50,161160,38,[8 46 40 21 27 54 74 1 78 42 34 72 20 59 5 44 43 45 41 31 73 9 67 68 13 53 32 33 61 51 10 65 18 24 14 37 48 30 26 36 0 7 76 58 50 70 12 15 64 62 66 77 3 11 49 69 35 22 57 47 55 60 25 63 52 16 17 4 28 38 2 23 75 19 6 29 71 56 39 79],[22 71 78 12 65 44 7 70 58 77 39 36 38 45 5 68 56 73 16 66 0 1 28 49 21 79 13 69 40 9 61 26 6 62 55 46 11 19 50 29 53 33 76 43 74 17 27 35 75 48 20 60 4 24 31 2 42 18 63 34 52 47 10 32 25 51 72 67 8 15 57 23 14 64 54 59 30 41 37 3],253195,258786
greedy/lipa80a,216,255313,138,31001,8,[67 74 29 69 68 22 31 27 48 21 8 18 62 24 5 39 78 38 34 7 9 25 49 6 12 73 46 50 55 0 3 66 13 42 26 56 16 53 54 52 41 15 45 71 64 40 19 79 14 44 28 60 47 2 65 70 1 30 37 33 61 32 75 77 4 51 63 58 59 72 20 43 23 57 36 11 76 17 35 10],[22 71 78 12 65 44 7 70 58 77 39 36 38 45 5 68 56 73 16 66 0 1 28 49 21 79 13 69 40 9 61 26 6 62 55 46 11 19 50 29 53 33 76 43 74 17 27 35 75 48 20 60 4 24 31 2 42 18 63 34 52 47 10 32 25 51 72 67 8 15 57 23 14 64 54 59 30 41 37 3],253195,258554
steepest/lipa80a,216,255353,48,154840,28,[9 23 54 69 35 8 21 70 44 0 11 77 64 53 19 66 2 72 34 26 27 1 74 56 41 12 25 42 45 48 71 20 49 18 76 15 31 52 38 4 24 22 58 39 16 57 79 17 78 65 75 32 60 33 10 30 62 67 68 13 73 7 29 50 6 40 3 14 5 61 63 37 55 59 51 43 46 28 36 47],[22 71 78 12 65 44 7 70 58 77 39 36 38 45 5 68 56 73 16 66 0 1 28 49 21 79 13 69 40 9 61 26 6 62 55 46 11 19 50 29 53 33 76 43 74 17 27 35 75 48 20 60 4 24 31 2 42 18 63 34 52 47 10 32 25 51 72 67 8 15 57 23 14 64 54 59 30 41 37 3],253195,258554
greedy/lipa80a,217,255248,138,29215,7,[47 61 38 29 18 46 58 30 69 55 19 68 11 56 35 70 31 53 6 43 63 22 77 41 57 15 45 44 64 49 50 1 39 52 9 2 24 40 21 60 34 48 76 0 27 72 62 33 71 74 66 67 7 79 4 20 59 75 25 78 65 26 14 28 36 73 54 13 12 8 16 10 51 37 5 32 3 42 23 17],[22 71 78 12 65 44 7 70 58 77 39 36 38 45 5 68 56 73 16 66 0 1 28 49 21 79 13 69 40 9 61 26 6 62 55 46 11 19 50 29 53 33 76 43 74 17 27 35 75 48 20 60 4 24 31 2 42 18 63 34 52 47 10 32 25 51 72 67 8 15 57 23 14 64 54 59 30 41 37 3],253195,258439
steepest/lipa80a,217,255351,46,148520,30,[78 24 62 49 38 69 43 74 25 63 67 7 32 1 60 33 17 76 64 35 29 47 6 14 56 21 50 46 61 44 34 66 51 52 71 53 36 58 10 9 8 11 2 28 77 55 72 57 37 42 54 75 23 20 26 5 31 22 0 45 65 3 39 4 68 48 40 19 15 30 12 70 73 16 13 18 41 27 59 79],[22 71 78 12 65 44 7 70 58 77 39 36 38 45 5 68 56 73 16 66 0 1 28 49 21 79 13 69 40 9 61 26 6 62 55 46 11 19 50 29 53 33 76 43 74 17 27 35 75 48 20 60 4 24 31 2 42 18 63 34 52 47 10 32 25 51 72 67 8 15 57 23 14 64 54 59 30 41 37 3],253195,258439
greedy/lipa80a,218,255354,133,23488,3,[48 19 39 78 47 52 77 27 24 18 43 58 69 26 20 28 51 13 11 31 42 54 3 66 7 32 61 4 44 38 67 8 21 75 2 16 41 72 49 68 65 33 5 56 64 0 35 53 46 62 71 76 23 37 60 10 17 55 36 12 9 63 15 73 1 45 70 34 30 6 79 50 57 40 74 25 14 22 59 29],[22 71 78 12 65 44 7 70 58 77 39 36 38 45 5 68 56 73 16 66 0 1 28 49 21 79 13 69 40 9 61 26 6 62 55 46 11 19 50 29 53 33 76 43 74 17 27 35 75 48 20 60 4 24 31 2 42 18 63 34 52 47 10 32 25 51 72 67 8 15 57 23 14 64 54 59 30 41 37 3],253195,258954
steepest/lipa80a,218,255414,46,148520,39,[22 69 46 49 8 74 51 63 40 53 18 23 68 57 50 67 3 16 64 31 78 2 76 65 7 27 0 54 38 56 59 20 42 17 24 77 75 52 79 15 39 26 13 71 47 58 35 14 33 5 61 1 44 45 62 10 6 12 36 34 73 66 72 60 41 48 9 43 25 70 32 21 55 37 29 28 4 19 30 11],[22 71 78 12 65 44 7 70 58 77 39 36 38 45 5 68 56 73 16 66 0 1 28 49 21 79 13 69 40 9 61 26 6 62 55 46 11 19 50 29 53 33 76 43 74 17 27 35 75 48 20 60 4 24 31 2 42 18 63 34 52 47 10 32 25 51 72 67 8 15 57 23 14 64 54 59 30 41 37 3],253195,258954
greedy/lipa80a,219,255334,145,36115,8,[33 19 40 79 45 47 68 74 60 57 20 34 77 7 18 50 30 15 66 23 72 16 62 25 71 28 26 22 69 78 58 17 21 37 63 14 53 32 59 2 46 0 8 65 38 6 56 5 52 4 70 35 1 42 24 10 3 48 36 9 55 11 41 39 43 29 31 54 76 44 13 51 67 75 27 61 49 64 73 12],[22 71 78 12 65 44 7 70 58 77 39 36 38 45 5 68 56 73 16 66 0 1 28 49 21 79 13 69 40 9 61 26 6 62 55 46 11 19 50 29 53 33 76 43 74 17 27 35 75 48 20 60 4 24 31 2 42 18 63 34 52 47 10 32 25 51 72 67 8 15 57 23 14 64 54 59 30 41 37 3],253195,258710
steepest/lipa80a,219,255294,43,139040,29,[73 12 61 32 9 16 47 31 70 22 69 53 4 5 44 79 37 28 33 38 63 54 66 18 20 21 27 43 35 19 14 7 40 15 3 13 36 29 2 1 50 23 72 0 49 11 65 74 34 8 67 52 51 77 55 25 62 78 48 76 75 41 10 68 58 59 71 42 17 56 64 24 6 57 26 45 30 60 46 39],[22 71 78 12 65 44 7 70 58 77 39 36 38 45 5 68 56 73 16 66 0 1 28 49 21 79 13 69 40 9 61 26 6 62 55 46 11 19 50 29 53 33 76 43 74 17 27 35 75 48 20 60 4 24 31 2 42 18 63 34 52 47 10 32 25 51 72 67 8 15 57 23 14 64 54 59 30 41 37 3],253195,258710
greedy/lipa80a,220,255406,134,16432,3,[68 37 29 15 61 42 5 78 74 79 18 54 1 14 27 77 30 25 28 69 33 53 48 3 63 9 59 23 41 49 60 2 0 13 56 46 22 19 26 7 10 6 67 20 11 70 4 72 21 43 75 44 31 39 57 50 36 51 52 73 47 64 65 55 17 35 38 76 8 62 45 32 71 66 34 16 40 24 58 12],[22 71 78 12 65 44 7 70 58 77 39 36 38 45 5 68 56 73 16 66 0 1 28 49 21 79 13 69 40 9 61 26 6 62 55 46 11 19 50 29 53 33 76 43 74 17 27 35 75 48 20 60 4 24 31 2 42 18 63 34 52 47 10 32 25 51 72 67 8 15 57 23 14 64 54 59 30 41 37 3],253195,258667
steepest/lipa80a,220,255518,43,139040,29,[13 21 68 63 52 38 27 61 35 74 64 43 1 4 46 54 30 15 32 78 26 59 62 66 67 47 33 22 39 56 3 29 58 37 45 25 9 51 48 10 57 55 41 11 69 14 5 71 2 53 16 18 72 34 20 44 17 60 79 24 40 23 28 70 76 7 36 73 8 65 19 49 77 31 75 0 42 50 6 12],[22 71 78 12 65 44 7 70 58 77 39 36 38 45 5 68 56 73 16 66 0 1 28 49 21 79 13 69 40 9 61 26 6 62 55 46 11 19 50 29 53 33 76 43 74 17 27 35 75 48 20 60 4 24 31 2 42 18 63 34 52 47 10 32 25 51 72 67 8 15 57 23 14 64 54 59 30 41 37 3],253195,258667
greedy/lipa80a,221,255272,153,28896,2,[6 16 40 69 9 66 15 25 41 33 42 47 19 45 24 28 32 2 78 58 53 54 52 4 44 70 21 62 59 12 14 13 49 68 29 43 50 63 27 39 75 77 60 3 48 23 57 8 65 71 72 73 22 0 46 7 37 56 36 55 38 10 76 34 26 64 30 51 5 17 11 67 79 74 20 31 35 1 18 61],[22 71 78 12 65 44 7 70 58 77 39 36 38 45 5 68 56 73 16 66 0 1 28 49 21 79 13 69 40 9 61 26 6 62 55 46 11 19 50 29 53 33 76 43 74 17 27 35 75 48 20 60 4 24 31 2 42 18 63 34 52 47 10 32 25 51 72 67 8 15 57 23 14 64 54 59 30 41 37 3],253195,258707
steepest/lipa80a,221,255373,50,161160,42,[66 37 48 12 43 21 11 15 76 22 56 6 3 64 31 79 78 49 63 59 7 45 42 20 4 38 13 60 46 9 54 61 2 75 17 77 72 52 58 44 68 23 67 57 70 55 27 62 40 30 0 65 33 47 29 10 69 1 25 74 51 71 24 14 32 18 41 39 50 8 36 73 35 19 28 16 34 53 5 26],[22 71 78 12 65 44 7 70 58 77 39 36 38 45 5 68 56 73 16 66 0 1 28 49 21 79 13 69 40 9 61 26 6 62 55 46 11 19 50 29 53 33 76 43 74 17 27 35 75 48 20 60 4 24 31 2 42 18 63 34 52 47 10 32 25 51 72 67 8 15 57 23 14 64 54 59 30 41 37 3],253195,258707
greedy/lipa80a,222,255393,141,23204,5,[72 20 7 2 37 9 67 62 75 17 27 50 44 36 78 51 49 68 79 71 65 3 8 21 16 18 30 58 6 26 60 29 53 73 34 23 61 4 31 19 69 70 39 45 1 54 76 43 55 35 47 74 52 57 11 66 63 33 22 64 46 28 13 14 59 41 15 42 5 38 32 25 40 48 0 77 56 10 24 12],[22 71 78 12 65 44 7 70 58 77 39 36 38 45 5 68 56 73 16 66 0 1 28 49 21 79 13 69 40 9 61 26 6 62 55 46 11 19 50 29 53 33 76 43 74 17 27 35 75 48 20 60 4 24 31 2 42 18 63 34 52 47 10 32 25 51 72 67 8 15 57 23 14 64 54 59 30 41 37 3],253195,258960
steepest/lipa80a,222,255283,50,161160,31,[10 32 35 61 9 54 29 23 68 50 5 62 38 45 28 18 69 53 73 16 7 63 44 12 59 8 33 14 17 15 78 74 40 49 51 1 26 37 24 70 72 71 58 47 39 60 77 30 11 0 21 36 25 67 13 66 6 31 20 41 2 57 3 48 22 19 46 4 64 65 75 52 42 43 79 34 76 55 56 27],[22 71 78 12 65 44 7 70 58 77 39 36 38 45 5 68 56 73 16 66 0 1 28 49 21 79 13 69 40 9 61 26 6 62 55 46 11 19 50 29 53 33 76 43 74 17 27 35 75 48 20 60 4 24 31 2 42 18 63 34 52 47 10 32 25 51 72 67 8 15 57 23 14 64 54 59 30 41 37 3],253195,258960
greedy/lipa80a,223,255367,125,18886,10,[71 75 43 33 50 20 15 64 74 22 25 39 37 61 63 56 23 76 5 57 47 13 1 55 46 60 35 36 51 62 24 54 58 32 53 73 52 11 44 42 48 34 78 18 41 27 4 10 21 17 65 28 6 9 19 45 3 31 40 12 79 59 49 38 70 8 67 26 66 7 30 29 0 2 16 14 68 72 69 77],[22 71 78 12 65 44 7 70 58 77 39 36 38 45 5 68 56 73 16 66 0 1 28 49 21 79 13 69 40 9 61 26 6 62 55 46 11 19 50 29 53 33 76 43 74 17 27 35 75 48 20 60 4 24 31 2 42 18 63 34 52 47 10 32 25 51 72 67 8 15 57 23 14 64 54 59 30 41 37 3],253195,258585
steepest/lipa80a,223,255332,46,148520,31,[71 25 35 28 55 58 14 39 74 5 11 61 78 22 40 56 16 64 23 59 36 77 32 3 15 33 31 10 0 46 1 17 52 29 12 72 26 65 43 68 50 69 57 18 62 53 30 66 21 13 51 24 4 19 2 45 37 48 20 76 70 47 54 67 75 8 42 34 60 7 9 41 63 79 6 38 44 73 49 27],[22 71 78 12 65 44 7 70 58 77 39 36 38 45 5 68 56 73 16 66 0 1 28 49 21 79 13 69 40 9 61 26 6 62 55 46 11 19 50 29 53 33 76 43 74 17 27 35 75 48 20 60 4 24 31 2 42 18 63 34 52 47 10 32 25 51 72 67 8 15 57 23 14 64 54 59 30 41 37 3],253195,258585
greedy/lipa80a,224,255537,106,15173,4,[42 55 14 48 60 68 3 30 69 36 53 12 22 31 62 75 72 41 24 46 26 20 50 47 38 13 74 21 71 66 73 25 33 43 58 52 2 17 28 23 70 19 76 27 39 32 63 10 34 6 1 16 4 35 37 49 77 8 40 61 5 54 0 15 18 9 45 64 65 51 56 29 44 67 57 7 11 79 59 78],[22 71 78 12 65 44 7 70 58 77 39 36 38 45 5 68 56 73 16 66 0 1 28 49 21 79 13 69 40 9 61 26 6 62 55 46 11 19 50 29 53 33 76 43 74 17 27 35 75 48 20 60 4 24 31 2 42 18 63 34 52 47 10 32 25 51 72 67 8 15 57 23 14 64 54 59 30 41 37 3],253195,258386
steepest/lipa80a,224,255351,42,135880,37,[24 33 16 15 42 1 9 46 30 36 6 22 34 71 62 19 57 44 13 77 51 48 75 10 17 54 11 56 26 66 4 63 59 43 23 52 61 2 67 35 3 28 49 55 50 5 78 12 53 72 8 79 31 21 37 0 70 7 64 39 41 14 38 73 60 32 18 27 76 25 65 29 68 69 47 40 45 20 58 74],[22 71 78 12 65 44 7 70 58 77 39 36 38 45 5 68 56 73 16 66 0 1 28 49 21 79 13 69 40 9 61 26 6 62 55 46 11 19 50 29 53 33 76 43 74 17 27 35 75 48 20 60 4 24 31 2 42 18 63 34 52 47 10 32 25 51 72 67 8 15 57 23 14 64 54 59 30 41 37 3],253195,258386
greedy/lipa80a,225,255358,109,15914,6,[40 72 35 74 7 66 68 14 65 11 23 79 55 47 5 44 8 17 52 50 26 36 1 64 39 45 28 12 51 25 69 71 57 63 9 49 54 21 58 53 34 27 3 31 67 56 48 19 59 62 41 29 60 38 61 2 78 10 32 75 24 70 42 76 46 33 15 22 30 73 20 0 6 77 4 43 37 13 16 18],[22 71 78 12 65 44 7 70 58 77 39 36 38 45 5 68 56 73 16 66 0 1 28 49 21 79 13 69 40 9 61 26 6 62 55 46 11 19 50 29 53 33 76 43 74 17 27 35 75 48 20 60 4 24 31 2 42 18 63 34 52 47 10 32 25 51 72 67 8 15 57 23 14 64 54 59 30 41 37 3],253195,257860
steepest/lipa80a,225,255278,56,180120,56,[8 71 35 27 51 17 74 24 75 52 3 11 55 14 5 47 29 23 25 50 26 68 28 10 72 66 43 56 4 40 42 18 45 63 34 61 64 76 39 20 41 65 69 16 60 0 57 19 77 48 53 79 44 73 54 6 78 13 32 7 9 49 36 70 1 37 2 22 33 12 15 21 58 46 38 62 31 67 30 59],[22 71 78 12 65 44 7 70 58 77 39 36 38 45 5 68 56 73 16 66 0 1 28 49 21 79 13 69 40 9 61 26 6 62 55 46 11 19 50 29 53 33 76 43 74 17 27 35 75 48 20 60 4 24 31 2 42 18 63 34 52 47 10 32 25 51 72 67 8 15 57 23 14 64 54 59 30 41 37 3],253195,257860
greedy/lipa80a,226,255258,142,31624,10,[45 34 2 15 17 67 13 54 74 70 65 33 73 9 4 41 10 27 77 76 49 61 79 26 58 48 56 20 6 44 22 25 55 31 30 32 62 64 24 14 71 37 66 60 52 23 1 51 39 53 29 57 47 40 0 78 43 16 5 21 68 19 3 12 75 42 69 50 28 38 36 63 18 11 59 46 8 7 72 35],[22 71 78 12 65 44 7 70 58 77 39 36 38 45 5 68 56 73 16 66 0 1 28 49 21 79 13 69 40 9 61 26 6 62 55 46 11 19 50 29 53 33 76 43 74 17 27 35 75 48 20 60 4 24 31 2 42 18 63 34 52 47 10 32 25 51 72 67 8 15 57 23 14 64 54 59 30 41 37 3],253195,258735
steepest/lipa80a,226,255245,53,170640,41,[64 11 16 26 46 21 3 44 5 66 65 69 28 2 71 59 77 74 72 41 36 24 13 22 34 79 33 9 4 38 43 76 73 14 49 6 47 10 54 57 37 45 39 31 51 0 35 56 52 53 78 17 60 30 42 25 48 27 50 15 63 19 68 55 62 61 20 23 75 1 29 67 12 58 32 7 18 40 8 70],[22 71 78 12 65 44 7 70 58 77 39 36 38 45 5 68 56 73 16 66 0 1 28 49 21 79 13 69 40 9 61 26 6 62 55 46 11 19 50 29 53 33 76 43 74 17 27 35 75 48 20 60 4 24 31 2 42 18 63 34 52 47 10 32 25 51 72 67 8 15 57 23 14 64 54 59 30 41 37 3],253195,258735
greedy/lipa80a,227,255346,125,18365,3,[25 74 11 15 2 20 64 18 1 7 44 17 38 45 8 24 65 27 79 67 36 76 47 26 70 31 49 54 73 55 0 19 3 35 62 75 37 22 32 50 34 42 60 77 23 71 30 33 58 61 72 63 12 56 39 57 48 9 59 21 46 52 6 13 53 4 51 16 78 29 28 40 69 68 14 66 43 41 10 5],[22 71 78 12 65 44 7 70 58 77 39 36 38 45 5 68 56 73 16 66 0 1 28 49 21 79 13 69 40 9 61 26 6 62 55 46 11 19 50 29 53 33 76 43 74 17 27 35 75 48 20 60 4 24 31 2 42 18 63 34 52 47 10 32 25 51 72 67 8 15 57 23 14 64 54 59 30 41 37 3],253195,258320
steepest/lipa80a,227,255277,43,139040,29,[9 35 53 54 11 14 7 64 78 61 23 72 31 77 73 12 70 51 79 4 58 26 10 15 8 6 33 48 24 50 25 59 67 65 62 40 71 46 32 43 74 28 63 21 34 19 41 5 68 20 60 36 52 56 66 49 30 75 44 27 47 37 16 13 2 55 76 42 17 29 0 22 45 18 57 1 69 38 3 39],[22 71 78 12 65 44 7 70 58 77 39 36 38 45 5 68 56 73 16 66 0 1 28 49 21 79 13 69 40 9 61 26 6 62 55 46 11 19 50 29 53 33 76 43 74 17 27 35 75 48 20 60 4 24 31 2 42 18 63 34 52 47 10 32 25 51 72 67 8 15 57 23 14 64 54 59 30 41 37 3],253195,258320
greedy/lipa80a,228,255203,132,24098,11,[79 1 65 37 50 27 53 6 76 35 39 67 41 66 58 5 18 64 59 3 17 75 74 16 11 9 49 38 48 8 78 33 22 28 21 14 70 2 10 47 20 69 12 77 32 19 42 71 36 30 7 40 4 24 62 45 46 13 26 31 68 0 63 56 72 15 61 34 57 51 25 55 60 54 73 23 44 52 29 43],[22 71 78 12 65 44 7 70 58 77 39 36 38 45 5 68 56 73 16 66 0 1 28 49 21 79 13 69 40 9 61 26 6 62 55 46 11 19 50 29 53 33 76 43 74 17 27 35 75 48 20 60 4 24 31 2 42 18 63 34 52 47 10 32 25 51 72 67 8 15 57 23 14 64 54 59 30 41 37 3],253195,258266
steepest/lipa80a,228,255301,45,145360,28,[76 68 18 37 27 43 75 62 57 61 34 53 45 74 11 12 79 21 4 66 25 5 50 48 9 58 36 73 22 63 24 8 16 32 17 13 2 19 77 39 64 30 59 3 41 20 60 67 10 54 42 6 31 26 40 71 70 46 33 65 49 47 14 1 56 29 55 23 38 0 7 28 15 69 52 35 44 78 72 51],[22 71 78 12 65 44 7 70 58 77 39 36 38 45 5 68 56 73 16 66 0 1 28 49 21 79 13 69 40 9 61 26 6 62 55 46 11 19 50 29 53 33 76 43 74 17 27 35 75 48 20 60 4 24 31 2 42 18 63 34 52 47 10 32 25 51 72 67 8 15 57 23 14 64 54 59 30 41 37 3],253195,258266
greedy/lipa80a,229,255318,128,24693,10,[49 74 11 12 4 10 35 39 18 48 54 68 17 32 19 63 65 43 38 30 15 6 56 58 77 59 76 40 79 13 66 21 44 22 53 70 67 0 37 47 14 60 51 50 28 33 75 72 78 16 25 5 29 2 8 41 62 57 3 61 73 9 71 7 26 34 52 20 42 45 23 46 27 64 1 24 69 31 55 36],[22 71 78 12 65 44 7 70 58 77 39 36 38 45 5 68 56 73 16 66 0 1 28 49 21 79 13 69 40 9 61 26 6 62 55 46 11 19 50 29 53 33 76 43 74 17 27 35 75 48 20 60 4 24 31 2 42 18 63 34 52 47 10 32 25 51 72 67 8 15 57 23 14 64 54 59 30 41 37 3],253195,258359
steepest/lipa80a,229,255336,44,142200,31,[22 6 59 28 14 68 13 16 8 79 45 75 63 48 78 66 53 4 69 11 52 38 33 62 21 49 12 40 54 10 56 46 42 23 60 29 74 76 30 58 18 34 72 15 67 43 39 1 61 55 65 0 2 70 44 36 25 20 3 24 73 5 37 57 26 7 47 50 51 19 27 17 35 32 9 71 41 31 77 64],[22 71 78 12 65 44 7 70 58 77 39 36 38 45 5 68 56 73 16 66 0 1 28 49 21 79 13 69 40 9 61 26 6 62 55 46 11 19 50 29 53 33 76 43 74 17 27 35 75 48 20 60 4 24 31 2 42 18 63 34 52 47 10 32 25 51 72 67 8 15 57 23 14 64 54 59 30 41 37 3],253195,258359
greedy/lipa80a,230,255337,138,27014,2,[7 75 35 52 65 34 72 69 39 32 56 71 46 48 66 43 17 60 78 67 22 58 41 24 42 68 37 16 25 29 54 47 50 45 10 64 53 79 1 23 30 36 51 49 74 27 38 4 28 18 55 21 77 70 9 15 44 57 31 61 14 76 8 20 19 62 11 33 6 59 26 12 0 63 40 5 73 2 3 13],[22 71 78 12 65 44 7 70 58 77 39 36 38 45 5 68 56 73 16 66 0 1 28 49 21 79 13 69 40 9 61 26 6 62 55 46 11 19 50 29 53 33 76 43 74 17 27 35 75 48 20 60 4 24 31 2 42 18 63 34 52 47 10 32 25 51 72 67 8 15 57 23 14 64 54 59 30 41 37 3],253195,258683
steepest/lipa80a,230,255192,50,161160,38,[33 54 15 52 71 11 9 41 61 60 48 65 58 74 28 66 18 24 34 78 51 27 31 17 72 10 68 44 62 30 75 56 73 76 16 53 47 23 70 2 19 37 50 55 45 25 63 64 77 13 40 22 35 26 8 38 42 57 20 46 32 59 29 12 36 69 3 39 7 4 1 43 67 14 21 6 0 5 79 49],[22 71 78 12 65 44 7 70 58 77 39 36 38 45 5 68 56 73 16 66 0 1 28 49 21 79 13 69 40 9 61 26 6 62 55 46 11 19 50 29 53 33 76 43 74 17 27 35 75 48 20 60 4 24 31 2 42 18 63 34 52 47 10 32 25 51 72 67 8 15 57 23 14 64 54 59 30 41 37 3],253195,258683
greedy/lipa80a,231,255504,117,19043,5,[14 66 68 0 26 1 18 63 15 44 39 36 51 16 46 34 4 55 78 25 56 73 20 62 76 67 23 45 2 48 42 5 50 69 10 64 31 27 72 74 40 38 28 19 21 57 43 52 8 24 29 9 32 7 77 6 79 13 30 17 75 65 37 47 49 59 35 54 12 41 60 71 22 33 70 53 11 61 3 58],[22 71 78 12 65 44 7 70 58 77 39 36 38 45 5 68 56 73 16 66 0 1 28 49 21 79 13 69 40 9 61 26 6 62 55 46 11 19 50 29 53 33 76 43 74 17 27 35 75 48 20 60 4 24 31 2 42 18 63 34 52 47 10 32 25 51 72 67 8 15 57 23 14 64 54 59 30 41 37 3],253195,258358
steepest/lipa80a,231,255312,40,129560,25,[31 49 15 14 13 67 17 41 35 26 45 63 56 16 46 19 29 73 79 60 47 53 4 70 0 66 1 5 36 32 38 50 42 69 2 68 61 51 8 11 12 78 54 72 28 76 33 52 71 62 23 39 20 22 21 25 3 24 37 27 75 59 18 77 10 34 43 64 9 74 40 44 6 48 30 57 7 55 58 65],[22 71 78 12 65 44 7 70 58 77 39 36 38 45 5 68 56 73 16 66 0 1 28 49 21 79 13 69 40 9 61 26 6 62 55 46 11 19 50 29 53 33 76 43 74 17 27 35 75 48 20 60 4 24 31 2 42 18 63 34 52 47 10 32 25 51 72 67 8 15 57 23 14 64 54 59 30 41 37 3],253195,258358
greedy/lipa80a,232,255246,144,38499,11,[30 44 6 20 40 29 13 70 49 11 42 31 54 76 68 0 8 61 43 50 33 34 74 41 17 2 73 19 67 3 21 32 7 53 56 47 64 35 58 52 57 45 77 16 48 39 69 72 27 63 12 28 65 71 10 26 46 25 15 75 24 60 51 55 1 37 9 18 4 78 14 66 62 38 59 5 23 22 36 79],[22 71 78 12 65 44 7 70 58 77 39 36 38 45 5 68 56 73 16 66 0 1 28 49 21 79 13 69 40 9 61 26 6 62 55 46 11 19 50 29 53 33 76 43 74 17 27 35 75 48 20 60 4 24 31 2 42 18 63 34 52 47 10 32 25 51 72 67 8 15 57 23 14 64 54 59 30 41 37 3],253195,258279
steepest/lipa80a,232,255382,39,126400,30,[60 42 5 12 38 61 14 19 64 9 17 54 68 40 43 21 27 11 3 26 29 30 77 51 56 52 34 35 46 44 58 32 1 66 8 13 39 65 45 62 18 7 70 48 31 23 6 4 20 71 50 63 15 36 72 47 73 22 76 57 2 33 75 41 16 28 74 10 0 69 25 59 79 24 53 55 78 49 37 67],[22 71 78 12 65 44 7 70 58 77 39 36 38 45 5 68 56 73 16 66 0 1 28 49 21 79 13 69 40 9 61 26 6 62 55 46 11 19 50 29 53 33 76 43 74 17 27 35 75 48 20 60 4 24 31 2 42 18 63 34 52 47 10 32 25 51 72 67 8 15 57 23 14 64 54 59 30 41 37 3],253195,258279
greedy/lipa80a,233,255437,122,27436,6,[42 39 61 38 22 5 73 23 52 76 48 35 3 66 16 60 40 33 37 21 20 30 65 45 2 74 56 36 27 25 77 67 46 58 14 0 47 9 68 41 71 70 28 8 6 64 24 51 75 1 12 4 50 53 17 10 11 43 31 72 79 13 57 55 7 18 29 49 62 26 54 59 34 78 63 15 32 44 69 19],[22 71 78 12 65 44 7 70 58 77 39 36 38 45 5 68 56 73 16 66 0 1 28 49 21 79 13 69 40 9 61 26 6 62 55 46 11 19 50 29 53 33 76 43 74 17 27 35 75 48 20 60 4 24 31 2 42 18 63 34 52 47 10 32 25 51 72 67 8 15 57 23 14 64 54 59 30 41 37 3],253195,258571
steepest/lipa80a,233,255259,44,142200,26,[39 8 67 68 23 12 61 24 62 18 50 27 33 2 15 19 1 0 76 40 59 44 37 22 71 29 4 46 55 64 45 14 54 10 38 9 25 70 69 42 49 36 66 58 75 52 34 74 5 57 16 53 20 13 72 3 63 78 48 60 17 47 73 41 77 31 51 65 7 30 79 56 28 35 21 43 11 6 32 26],[22 71 78 12 65 44 7 70 58 77 39 36 38 45 5 68 56 73 16 66 0 1 28 49 21 79 13 69 40 9 61 26 6 62 55 46 11 19 50 29 53 33 76 43 74 17 27 35 75 48 20 60 4 24 31 2 42 18 63 34 52 47 10 32 25 51 72 67 8 15 57 23 14 64 54 59 30 41 37 3],253195,258571
greedy/lipa80a,234,255260,134,23482,10,[11 21 0 34 9 70 24 13 53 35 75 23 65 71 25 62 22 44 79 69 20 2 74 72 67 16 8 31 6 10 78 41 43 64 61 42 59 38 57 54 18 32 63 52 39 48 50 36 37 4 46 27 76 58 17 1 30 45 3 56 28 66 40 5 15 77 14 51 26 29 55 49 12 73 60 33 7 68 19 47],[22 71 78 12 65 44 7 70 58 77 39 36 38 45 5 68 56 73 16 66 0 1 28 49 21 79 13 69 40 9 61 26 6 62 55 46 11 19 50 29 53 33 76 43 74 17 27 35 75 48 20 60 4 24 31 2 42 18 63 34 52 47 10 32 25 51 72 67 8 15 57 23 14 64 54 59 30 41 37 3],253195,258337
steepest/lipa80a,234,255431,37,120080,28,[7 66 2 41 9 63 40 55 68 74 65 56 35 77 32 18 34 78 39 75 48 1 31 49 60 47 22 26 59 14 21 72 3 62 64 13 42 4 12 57 52 11 69 23 27 17 70 25 29 30 46 58 76 50 6 0 16 45 33 28 24 51 15 61 44 73 19 36 71 8 54 67 79 43 53 20 38 37 10 5],[22 71 78 12 65 44 7 70 58 77 39 36 38 45 5 68 56 73 16 66 0 1 28 49 21 79 13 69 40 9 61 26 6 62 55 46 11 19 50 29 53 33 76 43 74 17 27 35 75 48 20 60 4 24 31 2 42 18 63 34 52 47 10 32 25 51 72 67 8 15 57 23 14 64 54 59 30 41 37 3],253195,258337
greedy/lipa80a,235,255339,137,22545,3,[72 57 34 56 69 15 48 42 13 35 70 52 33 23 27 18 73 77 68 75 76 22 45 16 44 41 60 61 31 49 66 67 32 26 55 17 30 24 21 63 59 36 14 7 6 11 79 43 38 37 39 25 5 65 62 2 28 3 53 9 47 19 4 46 40 51 74 71 1 20 58 64 50 54 8 10 29 78 0 12],[22 71 78 12 65 44 7 70 58 77 39 36 38 45 5 68 56 73 16 66 0 1 28 49 21 79 13 69 40 9 61 26 6 62 55 46 11 19 50 29 53 33 76 43 74 17 27 35 75 48 20 60 4 24 31 2 42 18 63 34 52 47 10 32 25 51 72 67 8 15 57 23 14 64 54 59 30 41 37 3],253195,258644
steepest/lipa80a,235,255414,39,126400,24,[46 10 12 33 5 30 3 76 64 70 42 67 23 50 77 52 73 35 56 26 21 61 24 31 69 55 51 65 63 53 34 60 74 62 28 36 19 68 29 72 43 79 27 11 45 9 54 38 48 14 22 40 4 57 16 15 17 2 1 13 41 6 59 49 58 18 66 7 39 8 78 20 75 71 0 37 25 44 32 47],[22 71 78 12 65 44 7 70 58 77 39 36 38 45 5 68 56 73 16 66 0 1 28 49 21 79 13 69 40 9 61 26 6 62 55 46 11 19 50 29 53 33 76 43 74 17 27 35 75 48 20 60 4 24 31 2 42 18 63 34 52 47 10 32 25 51 72 67 8 15 57 23 14 64 54 59 30 41 37 3],253195,258644
greedy/lipa80a,236,255160,153,46508,12,[9 19 21 16 24 22 79 3 64 18 53 42 73 38 44 43 49 60 59 25 57 34 20 74 12 35 23 10 15 7 76 77 50 30 65 67 46 54 0 47 70 71 45 2 14 6 52 62 33 58 1 78 51 55 36 72 27 68 75 32 69 5 63 40 39 4 26 13 37 28 66 8 17 56 48 41 61 29 11 31],[22 71 78 12 65 44 7 70 58 77 39 36 38 45 5 68 56 73 16 66 0 1 28 49 21 79 13 69 40 9 61 26 6 62 55 46 11 19 50 29 53 33 76 43 74 17 27 35 75 48 20 60 4 24 31 2 42 18 63 34 52 47 10 32 25 51 72 67 8 15 57 23 14 64 54 59 30 41 37 3],253195,258871
steepest/lipa80a,236,255458,47,151680,38,[55 26 41 64 72 78 7 48 34 24 70 54 58 77 5 32 10 43 51 8 52 39 45 59 60 71 65 73 38 4 22 1 49 17 30 74 35 66 53 18 12 0 79 46 23 67 62 2 15 21 33 6 44 27 11 40 31 3 50 14 25 75 13 29 37 36 63 42 69 68 47 57 9 20 61 76 56 28 19 16],[22 71 78 12 65 44 7 70 58 77 39 36 38 45 5 68 56 73 16 66 0 1 28 49 21 79 13 69 40 9 61 26 6 62 55 46 11 19 50 29 53 33 76 43 74 17 27 35 75 48 20 60 4 24 31 2 42 18 63 34 52 47 10 32 25 51 72 67 8 15 57 23 14 64 54 59 30 41 37 3],253195,258871
greedy/lipa80a,237,255320,144,30688,7,[18 74 77 29 11 13 76 8 73 19 57 40 35 43 27 1 22 68 6 14 66 32 62 54 2 42 24 33 48 21 28 65 72 55 34 39 46 30 25 10 70 7 75 41 4 51 50 9 31 64 0 67 17 79 49 56 20 47 52 58 12 37 3 15 23 45 69 5 53 26 61 16 36 71 60 63 78 38 59 44],[22 71 78 12 65 44 7 70 58 77 39 36 38 45 5 68 56 73 16 66 0 1 28 49 21 79 13 69 40 9 61 26 6 62 55 46 11 19 50 29 53 33 76 43 74 17 27 35 75 48 20 60 4 24 31 2 42 18 63 34 52 47 10 32 25 51 72 67 8 15 57 23 14 64 54 59 30 41 37 3],253195,258440
steepest/lipa80a,237,255107,55,176960,37,[19 71 36 16 17 18 34 76 66 51 73 40 9 31 63 15 78 1 60 0 20 47 27 32 30 26 11 69 65 35 42 52 56 59 3 39 5 44 54 53 77 24 25 33 62 22 70 57 61 48 75 72 10 37 79 50 64 55 41 46 12 49 68 67 23 21 8 45 14 7 74 43 28 2 13 4 38 58 29 6],[22 71 78 12 65 44 7 70 58 77 39 36 38 45 5 68 56 73 16 66 0 1 28 49 21 79 13 69 40 9 61 26 6 62 55 46 11 19 50 29 53 33 76 43 74 17 27 35 75 48 20 60 4 24 31 2 42 18 63 34 52 47 10 32 25 51 72 67 8 15 57 23 14 64 54 59 30 41 37 3],253195,258440
greedy/lipa80a,238,255378,115,19978,10,[66 30 56 50 36 58 77 57 63 0 46 15 55 43 52 53 17 31 21 70 1 5 14 10 72 40 25 28 75 37 65 2 4 79 24 54 44 8 20 7 48 39 69 19 26 32 78 49 35 12 47 64 68 16 60 22 67 6 27 51 33 18 9 71 59 41 13 29 23 61 76 74 62 42 11 3 34 73 45 38],[22 71 78 12 65 44 7 70 58 77 39 36 38 45 5 68 56 73 16 66 0 1 28 49 21 79 13 69 40 9 61 26 6 62 55 46 11 19 50 29 53 33 76 43 74 17 27 35 75 48 20 60 4 24 31 2 42 18 63 34 52 47 10 32 25 51 72 67 8 15 57 23 14 64 54 59 30 41 37 3],253195,258410
steepest/lipa80a,238,255251,50,161160,32,[23 14 15 78 55 29 59 2 31 16 53 69 25 43 18 46 34 42 47 67 21 5 63 77 64 33 12 4 54 70 30 8 0 79 51 13 49 35 1 71 57 20 28 17 45 40 44 76 6 7 3 61 50 58 10 41 65 32 66 73 36 75 37 26 11 24 9 56 72 60 68 22 19 38 52 74 27 39 48 62],[22 71 78 12 65 44 7 70 58 77 39 36 38 45 5 68 56 73 16 66 0 1 28 49 21 79 13 69 40 9 61 26 6 62 55 46 11 19 50 29 53 33 76 43 74 17 27 35 75 48 20 60 4 24 31 2 42 18 63 34 52 47 10 32 25 51 72 67 8 15 57 23 14 64 54 59 30 41 37 3],253195,258410
greedy/lipa80a,239,255259,136,25844,0,[60 74 48 65 54 6 47 5 7 36 67 62 41 22 61 8 10 21 33 45 71 78 19 66 59 3 53 23 79 39 11 17 0 37 51 49 57 12 13 27 58 63 72 2 46 29 43 28 68 24 20 34 30 77 9 40 50 70 31 52 76 18 69 56 25 4 38 35 14 75 73 64 15 55 44 1 16 26 32 42],[22 71 78 12 65 44 7 70 58 77 39 36 38 45 5 68 56 73 16 66 0 1 28 49 21 79 13 69 40 9 61 26 6 62 55 46 11 19 50 29 53 33 76 43 74 17 27 35 75 48 20 60 4 24 31 2 42 18 63 34 52 47 10 32 25 51 72 67 8 15 57 23 14 64 54 59 30 41 37 3],253195,258325
steepest/lipa80a,239,255549,37,120080,33,[27 24 39 47 58 72 51 38 74 77 20 36 41 22 71 15 55 61 21 34 52 78 7 11 2 31 65 69 37 0 54 42 10 63 6 64 70 79 3 59 25 45 28 46 68 43 9 32 48 8 1 44 73 17 30 40 50 49 19 62 76 5 53 56 60 26 75 18 35 67 33 57 12 4 16 29 13 23 66 14],[22 71 78 12 65 44 7 70 58 77 39 36 38 45 5 68 56 73 16 66 0 1 28 49 21 79 13 69 40 9 61 26 6 62 55 46 11 19 50 29 53 33 76 43 74 17 27 35 75 48 20 60 4 24 31 2 42 18 63 34 52 47 10 32 25 51 72 67 8 15 57 23 14 64 54 59 30 41 37 3],253195,258325
greedy/lipa80a,240,255202,128,18550,3,[3 71 13 54 0 29 25 34 47 63 15 66 19 55 73 57 70 79 21 68 32 17 64 23 41 10 65 18 42 31 48 76 69 2 6 16 14 52 61 75 30 22 58 7 9 53 35 4 24 28 62 67 59 12 38 56 37 39 8 33 11 77 72 50 49 26 44 46 5 27 60 78 1 20 74 36 51 45 43 40],[22 71 78 12 65 44 7 70 58 77 39 36 38 45 5 68 56 73 16 66 0 1 28 49 21 79 13 69 40 9 61 26 6 62 55 46 11 19 50 29 53 33 76 43 74 17 27 35 75 48 20 60 4 24 31 2 42 18 63 34 52 47 10 32 25 51 72 67 8 15 57 23 14 64 54 59 30 41 37 3],253195,258399
steepest/lipa80a,240,255260,42,135880,29,[53 77 39 40 3 75 45 21 67 38 19 41 16 62 52 13 34 64 2 66 63 5 50 23 22 12 59 10 8 33 49 24 14 29 48 46 20 78 32 25 11 79 47 37 18 26 55 61 17 28 31 71 70 65 69 68 35 57 76 4 27 9 6 0 30 72 42 58 73 51 56 44 74 60 54 43 7 1 15 36],[22 71 78 12 65 44 7 70 58 77 39 36 38 45 5 68 56 73 16 66 0 1 28 49 21 79 13 69 40 9 61 26 6 62 55 46 11 19 50 29 53 33 76 43 74 17 27 35 75 48 20 60 4 24 31 2 42 18 63 34 52 47 10 32 25 51 72 67 8 15 57 23 14 64 54 59 30 41 37 3],253195,258399
greedy/lipa80a,241,255389,136,31434,8,[44 79 77 50 33 56 76 51 13 37 31 67 18 75 20 53 59 78 32 49 16 1 62 63 66 61 60 41 21 64 42 55 7 45 57 14 29 48 24 3 8 9 71 70 6 12 72 23 19 28 65 26 4 22 54 35 2 10 15 36 38 43 17 27 74 52 69 5 46 47 30 11 58 40 34 39 68 25 73 0],[22 71 78 12 65 44 7 70 58 77 39 36 38 45 5 68 56 73 16 66 0 1 28 49 21 79 13 69 40 9 61 26 6 62 55 46 11 19 50 29 53 33 76 43 74 17 27 35 75 48 20 60 4 24 31 2 42 18 63 34 52 47 10 32 25 51 72 67 8 15 57 23 14 64 54 59 30 41 37 3],253195,258234
steepest/lipa80a,241,255258,44,142200,37,[47 21 55 45 62 72 24 75 28 49 50 70 18 51 46 52 42 40 57 3 69 22 79 44 65 16 60 15 0 17 53 67 41 23 61 14 4 71 1 63 59 32 54 43 12 77 64 27 19 33 9 58 36 78 48 26 8 34 20 73 29 5 37 6 39 38 11 7 31 35 30 13 56 68 2 76 10 25 74 66],[22 71 78 12 65 44 7 70 58 77 39 36 38 45 5 68 56 73 16 66 0 1 28 49 21 79 13 69 40 9 61 26 6 62 55 46 11 19 50 29 53 33 76 43 74 17 27 35 75 48 20 60 4 24 31 2 42 18 63 34 52 47 10 32 25 51 72 67 8 15 57 23 14 64 54 59 30 41 37 3],253195,258234
greedy/lipa80a,242,255332,129,29808,7,[14 29 41 66 13 33 69 43 51 3 64 74 32 25 6 21 77 37 12 10 75 62 16 72 42 35 1 71 46 79 47 54 39 49 73 22 76 24 55 59 8 63 44 9 57 7 48 78 70 38 19 61 58 27 34 53 5 36 26 15 40 60 17 45 68 0 50 30 2 4 31 67 56 18 52 11 23 20 28 65],[22 71 78 12 65 44 7 70 58 77 39 36 38 45 5 68 56 73 16 66 0 1 28 49 21 79 13 69 40 9 61 26 6 62 55 46 11 19 50 29 53 33 76 43 74 17 27 35 75 48 20 60 4 24 31 2 42 18 63 34 52 47 10 32 25 51 72 67 8 15 57 23 14 64 54 59 30 41 37 3],253195,258583
steepest/lipa80a,242,255383,43,139040,31,[74 77 42 66 32 31 21 46 39 19 2 52 0 26 55 65 27 13 11 44 58 41 23 75 61 51 60 54 59 3 45 6 76 7 14 68 34 35 25 79 24 49 4 43 5 1 69 18 29 78 12 33 64 37 10 70 9 56 38 15 36 20 63 73 53 40 30 22 72 57 47 71 48 62 8 67 16 28 50 17],[22 71 78 12 65 44 7 70 58 77 39 36 38 45 5 68 56 73 16 66 0 1 28 49 21 79 13 69 40 9 61 26 6 62 55 46 11 19 50 29 53 33 76 43 74 17 27 35 75 48 20 60 4 24 31 2 42 18 63 34 52 47 10 32 25 51 72 67 8 15 57 23 14 64 54 59 30 41 37 3],253195,258583
greedy/lipa80a,243,255344,137,19090,6,[27 74 0 23 13 12 59 61 31 29 54 46 14 50 3 10 57 22 26 48 68 75 40 52 1 62 43 38 24 45 15 72 32 67 71 25 65 8 70 5 39 28 11 69 53 64 63 17 4 18 55 78 58 2 34 56 49 36 9 41 16 35 73 79 33 6 60 47 37 44 77 19 51 7 20 76 30 21 42 66],[22 71 78 12 65 44 7 70 58 77 39 36 38 45 5 68 56 73 16 66 0 1 28 49 21 79 13 69 40 9 61 26 6 62 55 46 11 19 50 29 53 33 76 43 74 17 27 35 75 48 20 60 4 24 31 2 42 18 63 34 52 47 10 32 25 51 72 67 8 15 57 23 14 64 54 59 30 41 37 3],253195,258648
steepest/lipa80a,243,255465,39,126400,28,[26 23 63 49 60 0 40 62 36 55 42 79 5 67 10 22 50 13 54 6 8 66 47 9 27 19 31 37 65 35 3 39 12 78 7 72 18 14 59 38 34 45 20 53 11 74 70 73 69 64 68 17 75 30 41 52 76 4 25 43 61 16 32 56 77 21 24 2 44 48 1 57 71 46 58 28 51 29 15 33],[22 71 78 12 65 44 7 70 58 77 39 36 38 45 5 68 56 73 16 66 0 1 28 49 21 79 13 69 40 9 61 26 6 62 55 46 11 19 50 29 53 33 76 43 74 17 27 35 75 48 20 60 4 24 31 2 42 18 63 34 52 47 10 32 25 51 72 67 8 15 57 23 14 64 54 59 30 41 37 3],253195,258648
greedy/lipa80a,244,255194,139,27512,10,[58 45 78 13 49 7 17 63 21 48 5 41 52 4 65 38 55 46 60 72 61 36 3 54 34 18 1 23 77 67 19 76 68 50 69 29 9 30 73 2 37 6 26 64 47 66 35 27 62 56 14 20 28 22 53 71 10 11 12 43 40 57 33 32 75 59 15 39 25 31 42 16 74 24 44 70 79 51 8 0],[22 71 78 12 65 44 7 70 58 77 39 36 38 45 5 68 56 73 16 66 0 1 28 49 21 79 13 69 40 9 61 26 6 62 55 46 11 19 50 29 53 33 76 43 74 17 27 35 75 48 20 60 4 24 31 2 42 18 63 34 52 47 10 32 25 51 72 67 8 15 57 23 14 64 54 59 30 41 37 3],253195,258341
steepest/lipa80a,244,255230,50,161160,36,[75 77 26 28 53 54 7 17 30 15 4 21 58 6 68 36 29 19 57 11 67 74 12 46 76 61 33 50 55 24 31 71 13 72 70 22 8 56 79 52 2 65 23 60 34 16 39 38 32 49 43 1 51 35 37 66 45 18 27 5 64 3 73 25 48 42 69 41 14 47 78 20 62 40 63 59 0 10 9 44],[22 71 78 12 65 44 7 70 58 77 39 36 38 45 5 68 56 73 16 66 0 1 28 49 21 79 13 69 40 9 61 26 6 62 55 46 11 19 50 29 53 33 76 43 74 17 27 35 75 48 20 60 4 24 31 2 42 18 63 34 52 47 10 32 25 51 72 67 8 15 57 23 14 64 54 59 30 41 37 3],253195,258341
greedy/lipa80a,245,255168,137,26618,6,[30 7 20 60 34 44 73 37 31 51 32 55 65 58 11 76 22 18 71 19 46 79 17 8 69 2 25 50 68 49 5 77 67 59 38 36 41 78 14 4 1 47 27 43 45 23 15 28 53 57 3 72 64 0 42 40 29 24 35 12 66 63 39 26 62 70 56 33 6 52 13 54 9 16 75 10 61 21 48 74],[22 71 78 12 65 44 7 70 58 77 39 36 38 45 5 68 56 73 16 66 0 1 28 49 21 79 13 69 40 9 61 26 6 62 55 46 11 19 50 29 53 33 76 43 74 17 27 35 75 48 20 60 4 24 31 2 42 18 63 34 52 47 10 32 25 51 72 67 8 15 57 23 14 64 54 59 30 41 37 3],253195,258615
steepest/lipa80a,245,255273,50,161160,46,[4 55 32 51 70 46 71 6 12 29 40 57 19 78 67 41 30 18 34 44 2 56 39 25 69 26 79 50 7 17 68 14 31 35 58 47 1 37 23 54 48 72 11 3 77 22 62 42 66 24 5 73 43 0 49 20 65 15 16 33 21 59 36 61 76 8 60 28 38 27 9 10 63 53 45 64 52 75 13 74],[22 71 78 12 65 44 7 70 58 77 39 36 38 45 5 68 56 73 16 66 0 1 28 49 21 79 13 69 40 9 61 26 6 62 55 46 11 19 50 29 53 33 76 43 74 17 27 35 75 48 20 60 4 24 31 2 42 18 63 34 52 47 10 32 25 51 72 67 8 15 57 23 14 64 54 59 30 41 37 3],253195,258615
greedy/lipa80a,246,255307,127,20115,4,[37 39 68 9 18 74 54 28 21 15 53 34 10 52 50 31 65 56 66 71 1 55 20 40 45 35 24 76 29 72 58 42 79 33 43 11 57 30 14 77 67 48 23 46 13 27 6 8 12 36 78 32 44 61 4 63 38 0 69 7 26 60 62 25 2 19 22 59 16 47 49 73 41 51 3 5 64 70 17 75],[22 71 78 12 65 44 7 70 58 77 39 36 38 45 5 68 56 73 16 66 0 1 28 49 21 79 13 69 40 9 61 26 6 62 55 46 11 19 50 29 53 33 76 43 74 17 27 35 75 48 20 60 4 24 31 2 42 18 63 34 52 47 10 32 25 51 72 67 8 15 57 23 14 64 54 59 30 41 37 3],253195,258479
steepest/lipa80a,246,255152,56,180120,44,[68 58 5 30 67 46 11 9 29 53 48 25 7 76 37 66 38 73 69 41 10 42 18 79 62 1 24 65 35 50 52 32 74 31 2 20 6 77 60 17 14 23 59 75 13 72 16 64 27 12 57 43 33 39 4 78 15 55 45 22 0 70 49 26 40 36 44 34 51 61 8 63 71 3 28 21 19 54 47 56],[22 71 78 12 65 44 7 70 58 77 39 36 38 45 5 68 56 73 16 66 0 1 28 49 21 79 13 69 40 9 61 26 6 62 55 46 11 19 50 29 53 33 76 43 74 17 27 35 75 48 20 60 4 24 31 2 42 18 63 34 52 47 10 32 25 51 72 67 8 15 57 23 14 64 54 59 30 41 37 3],253195,258479
greedy/lipa80a,247,255218,142,32678,7,[2 8 77 76 16 19 74 18 42 3 0 32 9 60 13 40 59 79 33 15 4 22 49 5 61 63 39 46 72 38 36 55 6 21 71 23 58 35 17 37 20 48 54 64 66 24 25 29 44 12 75 10 14 52 30 50 67 26 27 56 51 11 43 28 45 47 41 57 65 70 53 69 7 78 73 34 62 1 68 31],[22 71 78 12 65 44 7 70 58 77 39 36 38 45 5 68 56 73 16 66 0 1 28 49 21 79 13 69 40 9 61 26 6 62 55 46 11 19 50 29 53 33 76 43 74 17 27 35 75 48 20 60 4 24 31 2 42 18 63 34 52 47 10 32 25 51 72 67 8 15 57 23 14 64 54 59 30 41 37 3],253195,258794
steepest/lipa80a,247,255161,61,195920,44,[61 13 14 78 0 6 28 67 70 37 12 2 9 3 45 21 53 57 33 59 62 51 39 55 38 19 74 58 29 46 25 5 16 79 71 10 75 35 24 56 41 23 11 18 32 22 26 4 40 54 30 1 73 52 65 63 20 66 34 15 27 76 17 77 69 8 68 31 72 60 44 49 7 48 50 64 47 42 43 36],[22 71 78 12 65 44 7 70 58 77 39 36 38 45 5 68 56 73 16 66 0 1 28 49 21 79 13 69 40 9 61 26 6 62 55 46 11 19 50 29 53 33 76 43 74 17 27 35 75 48 20 60 4 24 31 2 42 18 63 34 52 47 10 32 25 51 72 67 8 15 57 23 14 64 54 59 30 41 37 3],253195,258794
greedy/lipa80a,248,255269,149,38700,12,[77 71 9 36 44 58 61 68 27 0 13 54 17 78 37 34 62 57 30 45 56 24 16 40 4 66 67 1 38 8 43 49 35 74 15 59 5 6 39 7 48 55 33 46 31 26 47 10 63 51 50 11 65 28 75 29 2 64 42 32 22 21 72 60 14 18 53 41 73 12 23 52 79 69 20 70 3 19 25 76],[22 71 78 12 65 44 7 70 58 77 39 36 38 45 5 68 56 73 16 66 0 1 28 49 21 79 13 69 40 9 61 26 6 62 55 46 11 19 50 29 53 33 76 43 74 17 27 35 75 48 20 60 4 24 31 2 42 18 63 34 52 47 10 32 25 51 72 67 8 15 57 23 14 64 54 59 30 41 37 3],253195,258851
steepest/lipa80a,248,255318,50,161160,34,[26 65 46 47 22 69 14 33 23 32 2 10 17 41 61 56 78 28 79 37 11 20 64 77 27 36 3 70 44 34 75 66 43 35 39 50 18 15 7 55 63 30 72 5 21 4 51 42 19 74 53 49 40 62 59 57 1 38 52 0 29 45 67 54 13 76 6 16 73 12 68 60 71 48 31 58 9 24 25 8],[22 71 78 12 65 44 7 70 58 77 39 36 38 45 5 68 56 73 16 66 0 1 28 49 21 79 13 69 40 9 61 26 6 62 55 46 11 19 50 29 53 33 76 43 74 17 27 35 75 48 20 60 4 24 31 2 42 18 63 34 52 47 10 32 25 51 72 67 8 15 57 23 14 64 54 59 30 41 37 3],253195,258851
greedy/lipa80a,249,255357,134,20248,0,[60 44 36 22 69 7 63 62 27 42 71 58 18 76 29 26 8 9 49 59 3 68 79 52 24 64 1 70 55 25 10 4 43 15 17 53 45 56 32 73 37 54 38 40 20 77 14 48 31 28 61 33 66 74 41 75 12 67 72 5 11 78 50 46 2 57 19 0 51 47 30 23 65 34 13 39 6 16 21 35],[22 71 78 12 65 44 7 70 58 77 39 36 38 45 5 68 56 73 16 66 0 1 28 49 21 79 13 69 40 9 61 26 6 62 55 46 11 19 50 29 53 33 76 43 74 17 27 35 75 48 20 60 4 24 31 2 42 18 63 34 52 47 10 32 25 51 72 67 8 15 57 23 14 64 54 59 30 41 37 3],253195,258291
steepest/lipa80a,249,255316,45,145360,37,[45 6 23 15 17 71 21 62 76 68 73 16 49 3 53 41 38 66 52 26 63 31 14 51 56 24 28 43 35 36 42 64 48 67 61 37 70 57 75 4 58 65 12 33 47 60 74 78 8 55 77 13 79 25 5 72 29 19 50 69 1 32 54 10 34 9 30 22 27 7 44 0 20 2 46 59 18 11 40 39],[22 71 78 12 65 44 7 70 58 77 39 36 38 45 5 68 56 73 16 66 0 1 28 49 21 79 13 69 40 9 61 26 6 62 55 46 11 19 50 29 53 33 76 43 74 17 27 35 75 48 20 60 4 24 31 2 42 18 63 34 52 47 10 32 25 51 72 67 8 15 57 23 14 64 54 59 30 41 37 3],253195,258291
greedy/lipa80a,250,255245,135,23773,3,[60 51 58 62 17 39 28 36 7 22 47 55 15 42 74 18 2 20 75 27 33 21 49 4 24 76 3 66 43 48 54 0 30 68 31 1 29 35 56 65 11 61 16 40 13 64 73 69 5 34 78 57 44 9 19 50 46 53 12 67 59 6 71 72 63 14 25 77 37 23 38 79 41 45 8 32 10 26 70 52],[22 71 78 12 65 44 7 70 58 77 39 36 38 45 5 68 56 73 16 66 0 1 28 49 21 79 13 69 40 9 61 26 6 62 55 46 11 19 50 29 53 33 76 43 74 17 27 35 75 48 20 60 4 24 31 2 42 18 63 34 52 47 10 32 25 51 72 67 8 15 57 23 14 64 54 59 30 41 37 3],253195,258385
steepest/lipa80a,250,255440,42,135880,32,[19 53 46 74 61 28 60 7 55 31 63 66 33 14 27 47 62 2 51 34 76 25 40 4 56 43 79 41 71 49 15 67 24 32 3 13 30 65 16 77 48 11 50 37 12 0 73 23 10 42 59 64 57 9 6 75 21 72 44 58 17 52 35 54 20 78 18 29 36 39 1 45 69 8 68 70 22 38 26 5],[22 71 78 12 65 44 7 70 58 77 39 36 38 45 5 68 56 73 16 66 0 1 28 49 21 79 13 69 40 9 61 26 6 62 55 46 11 19 50 29 53 33 76 43 74 17 27 35 75 48 20 60 4 24 31 2 42 18 63 34 52 47 10 32 25 51 72 67 8 15 57 23 14 64 54 59 30 41 37 3],253195,258385
greedy/lipa80a,251,255410,128,19174,7,[47 31 14 79 63 54 2 15 5 66 53 73 60 21 12 59 46 22 58 20 45 56 8 68 78 24 38 76 9 11 57 72 64 19 17 52 69 65 32 28 43 4 10 37 40 36 75 30 50 35 1 61 67 74 62 7 25 26 27 33 77 44 16 55 39 29 70 18 0 51 13 41 34 42 23 49 6 48 71 3],[22 71 78 12 65 44 7 70 58 77 39 36 38 45 5 68 56 73 16 66 0 1 28 49 21 79 13 69 40 9 61 26 6 62 55 46 11 19 50 29 53 33 76 43 74 17 27 35 75 48 20 60 4 24 31 2 42 18 63 34 52 47 10 32 25 51 72 67 8 15 57 23 14 64 54 59 30 41 37 3],253195,258648
steepest/lipa80a,251,255302,51,164320,40,[64 9 25 48 40 11 41 71 56 62 23 22 66 39 6 47 24 69 53 70 18 79 21 61 17 30 46 76 42 7 73 32 75 0 19 26 10 13 2 38 54 55 68 60 58 74 59 78 43 27 63 77 35 36 8 37 15 28 3 72 16 44 4 20 57 29 65 50 34 33 5 1 45 67 31 49 52 51 12 14],[22 71 78 12 65 44 7 70 58 77 39 36 38 45 5 68 56 73 16 66 0 1 28 49 21 79 13 69 40 9 61 26 6 62 55 46 11 19 50 29 53 33 76 43 74 17 27 35 75 48 20 60 4 24 31 2 42 18 63 34 52 47 10 32 25 51 72 67 8 15 57 23 14 64 54 59 30 41 37 3],253195,258648
greedy/lipa80a,252,255344,148,24560,4,[14 69 44 12 75 40 32 41 50 67 0 9 15 43 20 34 6 55 48 4 33 38 47 57 21 19 1 17 28 65 18 45 64 35 2 27 60 3 52 63 68 66 8 37 25 54 56 36 78 31 29 46 16 74 58 73 13 26 53 39 7 11 70 72 76 30 42 59 49 5 71 79 22 61 77 51 62 10 23 24],[22 71 78 12 65 44 7 70 58 77 39 36 38 45 5 68 56 73 16 66 0 1 28 49 21 79 13 69 40 9 61 26 6 62 55 46 11 19 50 29 53 33 76 43 74 17 27 35 75 48 20 60 4 24 31 2 42 18 63 34 52 47 10 32 25 51 72 67 8 15 57 23 14 64 54 59 30 41 37 3],253195,258497
steepest/lipa80a,252,255347,47,151680,40,[14 59 9 62 68 12 24 38 57 3 63 0 28 75 50 46 8 37 6 34 33 78 79 1 21 53 16 43 30 18 10 47 54 23 70 32 72 71 19 44 73 77 13 36 69 67 2 22 76 45 7 26 40 15 74 58 4 49 60 11 42 56 41 27 52 39 35 17 31 48 64 55 5 66 25 65 61 29 20 51],[22 71 78 12 65 44 7 70 58 77 39 36 38 45 5 68 56 73 16 66 0 1 28 49 21 79 13 69 40 9 61 26 6 62 55 46 11 19 50 29 53 33 76 43 74 17 27 35 75 48 20 60 4 24 31 2 42 18 63 34 52 47 10 32 25 51 72 67 8 15 57 23 14 64 54 59 30 41 37 3],253195,258497
greedy/lipa80a,253,255171,151,31932,4,[9 58 17 64 13 39 67 70 74 47 65 76 37 16 62 41 54 46 44 18 14 48 57 36 52 8 63 60 22 29 30 53 59 79 10 5 11 15 0 6 40 33 42 2 68 73 4 55 38 12 1 69 28 23 77 49 78 3 56 19 27 26 35 24 72 51 43 7 20 25 66 61 75 50 45 21 34 32 31 71],[22 71 78 12 65 44 7 70 58 77 39 36 38 45 5 68 56 73 16 66 0 1 28 49 21 79 13 69 40 9 61 26 6 62 55 46 11 19 50 29 53 33 76 43 74 17 27 35 75 48 20 60 4 24 31 2 42 18 63 34 52 47 10 32 25 51 72 67 8 15 57 23 14 64 54 59 30 41 37 3],253195,258486
steepest/lipa80a,253,255384,53,170640,41,[6 23 77 72 40 0 73 63 62 9 75 42 51 16 4 46 3 11 60 64 14 12 25 53 78 55 26 22 56 67 59 70 21 17 66 58 31 2 48 20 15 79 41 32 39 33 50 54 74 38 68 47 44 19 1 45 71 61 49 27 10 52 28 24 13 5 30 69 43 29 65 34 7 8 36 18 37 35 57 76],[22 71 78 12 65 44 7 70 58 77 39 36 38 45 5 68 56 73 16 66 0 1 28 49 21 79 13 69 40 9 61 26 6 62 55 46 11 19 50 29 53 33 76 43 74 17 27 35 75 48 20 60 4 24 31 2 42 18 63 34 52 47 10 32 25 51 72 67 8 15 57 23 14 64 54 59 30 41 37 3],253195,258486
greedy/lipa80a,254,255455,139,18053,8,[33 58 75 20 42 44 26 54 18 70 10 27 46 79 62 37 21 24 41 51 23 73 30 8 64 17 14 50 55 59 56 47 16 49 36 74 7 25 76 38 39 2 28 0 45 9 29 67 68 19 13 52 31 15 34 1 60 71 72 53 66 63 35 78 57 32 40 65 22 4 6 77 5 61 12 69 3 43 11 48],[22 71 78 12 65 44 7 70 58 77 39 36 38 45 5 68 56 73 16 66 0 1 28 49 21 79 13 69 40 9 61 26 6 62 55 46 11 19 50 29 53 33 76 43 74 17 27 35 75 48 20 60 4 24 31 2 42 18 63 34 52 47 10 32 25 51 72 67 8 15 57 23 14 64 54 59 30 41 37 3],253195,258714
steepest/lipa80a,254,255209,52,167480,33,[38 4 12 57 59 14 70 60 40 51 7 15 34 39 62 44 28 13 50 45 73 25 37 69 10 19 36 35 55 33 5 23 20 18 21 54 52 27 56 67 64 63 42 11 41 16 79 74 0 29 24 58 1 53 30 76 77 8 66 43 32 61 3 49 17 75 2 9 31 78 72 22 26 6 46 68 71 48 65 47],[22 71 78 12 65 44 7 70 58 77 39 36 38 45 5 68 56 73 16 66 0 1 28 49 21 79 13 69 40 9 61 26 6 62 55 46 11 19 50 29 53 33 76 43 74 17 27 35 75 48 20 60 4 24 31 2 42 18 63 34 52 47 10 32 25 51 72 67 8 15 57 23 14 64 54 59 30 41 37 3],253195,258714
greedy/lipa80a,255,255279,132,28314,11,[47 36 19 22 25 23 30 4 42 70 63 60 69 35 77 5 31 32 59 68 73 79 38 0 8 28 26 46 74 43 51 39 62 33 72 24 48 78 65 14 56 54 64 75 20 44 40 34 16 67 45 12 10 53 29 52 6 50 41 13 49 55 66 58 11 18 2 37 57 1 61 7 21 3 15 17 9 76 27 71],[22 71 78 12 65 44 7 70 58 77 39 36 38 45 5 68 56 73 16 66 0 1 28 49 21 79 13 69 40 9 61 26 6 62 55 46 11 19 50 29 53 33 76 43 74 17 27 35 75 48 20 60 4 24 31 2 42 18 63 34 52 47 10 32 25 51 72 67 8 15 57 23 14 64 54 59 30 41 37 3],253195,257998
steepest/lipa80a,255,255522,37,120080,24,[70 72 61 20 25 44 1 5 76 52 7 67 66 64 73 13 0 53 48 46 56 21 75 35 31 50 27 38 15 36 34 59 43 22 39 6 62 30 65 24 11 60 51 12 71 4 23 42 40 57 68 78 33 63 37 58 79 74 16 47 2 19 29 26 54 18 45 77 8 32 9 3 49 14 55 41 10 17 69 28],[22 71 78 12 65 44 7 70 58 77 39 36 38 45 5 68 56 73 16 66 0 1 28 49 21 79 13 69 40 9 61 26 6 62 55 46 11 19 50 29 53 33 76 43 74 17 27 35 75 48 20 60 4 24 31 2 42 18 63 34 52 47 10 32 25 51 72 67 8 15 57 23 14 64 54 59 30 41 37 3],253195,257998
greedy/lipa80a,256,255361,133,26332,3,[77 33 1 78 57 28 14 36 42 30 60 7 58 47 24 23 72 71 11 22 61 65 31 48 68 43 26 63 76 16 20 32 69 66 4 8 6 54 25 35 29 21 39 5 74 79 64 17 45 50 56 15 13 49 62 27 53 67 37 19 46 18 44 41 59 73 52 10 51 0 75 9 40 34 3 2 12 38 70 55],[22 71 78 12 65 44 7 70 58 77 39 36 38 45 5 68 56 73 16 66 0 1 28 49 21 79 13 69 40 9 61 26 6 62 55 46 11 19 50 29 53 33 76 43 74 17 27 35 75 48 20 60 4 24 31 2 42 18 63 34 52 47 10 32 25 51 72 67 8 15 57 23 14 64 54 59 30 41 37 3],253195,258719
steepest/lipa80a,256,255231,58,186440,35,[12 53 1 42 77 59 40 36 78 30 22 21 9 47 4 35 58 29 60 66 26 61 70 5 52 74 54 28 6 25 72 16 62 27 2 48 32 41 15 44 68 51 37 20 11 56 63 45 57 71 34 76 13 3 55 50 0 7 8 19 18 46 39 79 17 73 64 14 33 10 75 65 23 24 43 31 69 49 67 38],[22 71 78 12 65 44 7 70 58 77 39 36 38 45 5 68 56 73 16 66 0 1 28 49 21 79 13 69 40 9 61 26 6 62 55 46 11 19 50 29 53 33 76 43 74 17 27 35 75 48 20 60 4 24 31 2 42 18 63 34 52 47 10 32 25 51 72 67 8 15 57 23 14 64 54 59 30 41 37 3],253195,258719
greedy/lipa80a,257,255242,154,30530,15,[50 71 6 52 79 76 10 20 31 66 74 16 61 46 69 7 48 37 1 44 33 70 40 29 21 57 13 22 47 72 43 59 68 34 8 58 4 17 63 26 27 38 56 28 51 45 64 9 15 39 12 14 11 75 30 3 65 2 55 36 41 24 0 32 54 62 35 49 77 23 19 18 78 60 67 42 5 25 73 53],[22 71 78 12 65 44 7 70 58 77 39 36 38 45 5 68 56 73 16 66 0 1 28 49 21 79 13 69 40 9 61 26 6 62 55 46 11 19 50 29 53 33 76 43 74 17 27 35 75 48 20 60 4 24 31 2 42 18 63 34 52 47 10 32 25 51 72 67 8 15 57 23 14 64 54 59 30 41 37 3],253195,258721
steepest/lipa80a,257,255169,54,173800,36,[4 0 18 60 50 52 31 62 16 49 10 1 15 35 69 40 32 48 71 36 58 19 26 29 45 65 8 79 75 72 38 41 59 68 3 12 64 78 28 25 44 46 67 73 23 77 61 5 34 39 70 56 21 27 37 30 66 55 33 76 11 63 9 54 43 51 2 13 7 24 17 42 14 53 57 6 22 20 74 47],[22 71 78 12 65 44 7 70 58 77 39 36 38 45 5 68 56 73 16 66 0 1 28 49 21 79 13 69 40 9 61 26 6 62 55 46 11 19 50 29 53 33 76 43 74 17 27 35 75 48 20 60 4 24 31 2 42 18 63 34 52 47 10 32 25 51 72 67 8 15 57 23 14 64 54 59 30 41 37 3],253195,258721
greedy/lipa80a,258,255284,149,22815,10,[14 42 59 62 67 70 64 63 34 66 77 78 46 9 7 18 38 44 13 68 2 6 30 35 50 0 39 26 24 4 76 75 27 55 61 60 48 47 37 73 40 32 56 45 69 36 29 65 3 31 28 43 58 21 17 72 54 71 20 15 49 12 16 23 11 5 8 74 10 41 25 51 22 57 1 52 19 33 53 79],[22 71 78 12 65 44 7 70 58 77 39 36 38 45 5 68 56 73 16 66 0 1 28 49 21 79 13 69 40 9 61 26 6 62 55 46 11 19 50 29 53 33 76 43 74 17 27 35 75 48 20 60 4 24 31 2 42 18 63 34 52 47 10 32 25 51 72 67 8 15 57 23 14 64 54 59 30 41 37 3],253195,258448
steepest/lipa80a,258,255418,48,154840,34,[46 14 51 56 27 36 67 41 34 69 22 74 77 72 18 47 30 37 68 1 2 71 31 40 79 33 60 13 24 42 25 75 52 53 70 4 50 57 9 63 62 55 54 3 26 44 76 5 8 61 32 7 58 39 20 28 11 78 66 6 49 73 12 43 59 64 45 35 21 23 17 48 38 19 29 10 65 0 16 15],[22 71 78 12 65 44 7 70 58 77 39 36 38 45 5 68 56 73 16 66 0 1 28 49 21 79 13 69 40 9 61 26 6 62 55 46 11 19 50 29 53 33 76 43 74 17 27 35 75 48 20 60 4 24 31 2 42 18 63 34 52 47 10 32 25 51 72 67 8 15 57 23 14 64 54 59 30 41 37 3],253195,258448
greedy/lipa80a,259,255055,149,32935,9,[19 6 41 66 25 53 48 70 64 9 75 76 58 11 63 62 68 16 55 78 51 67 12 15 0 49 38 57 21 8 36 17 18 14 30 5 1 27 34 52 44 37 45 10 20 40 47 50 4 22 28 56 71 3 61 39 31 33 72 7 65 26 74 29 24 59 13 79 69 54 35 43 23 32 42 46 2 77 60 73],[22 71 78 12 65 44 7 70 58 77 39 36 38 45 5 68 56 73 16 66 0 1 28 49 21 79 13 69 40 9 61 26 6 62 55 46 11 19 50 29 53 33 76 43 74 17 27 35 75 48 20 60 4 24 31 2 42 18 63 34 52 47 10 32 25 51 72 67 8 15 57 23 14 64 54 59 30 41 37 3],253195,258589
steepest/lipa80a,259,255471,37,120080,28,[47 16 32 44 78 48 43 6 61 50 55 28 74 68 14 73 67 8 1 23 51 22 27 79 64 18 12 71 62 11 20 60 39 63 19 4 58 69 37 29 15 17 41 56 25 66 7 30 54 77 36 35 10 9 31 59 76 72 33 21 38 13 57 2 46 52 70 40 34 24 42 75 3 65 49 53 5 0 26 45],[22 71 78 12 65 44 7 70 58 77 39 36 38 45 5 68 56 73 16 66 0 1 28 49 21 79 13 69 40 9 61 26 6 62 55 46 11 19 50 29 53 33 76 43 74 17 27 35 75 48 20 60 4 24 31 2 42 18 63 34 52 47 10 32 25 51 72 67 8 15 57 23 14 64 54 59 30 41 37 3],253195,258589
greedy/lipa80a,260,255391,126,23940,0,[65 62 52 78 19 64 27 66 56 58 54 46 42 44 39 69 35 33 55 6 53 21 47 32 10 57 76 29 36 16 74 51 26 9 25 60 70 23 63 4 75 38 40 67 20 24 15 41 79 68 0 11 48 3 8 71 31 37 17 72 28 73 14 12 30 61 59 13 34 2 1 45 18 43 5 7 49 50 22 77],[22 71 78 12 65 44 7 70 58 77 39 36 38 45 5 68 56 73 16 66 0 1 28 49 21 79 13 69 40 9 61 26 6 62 55 46 11 19 50 29 53 33 76 43 74 17 27 35 75 48 20 60 4 24 31 2 42 18 63 34 52 47 10 32 25 51 72 67 8 15 57 23 14 64 54 59 30 41 37 3],253195,258393
steepest/lipa80a,260,255553,38,123240,33,[47 68 22 37 66 50 69 67 56 24 57 44 8 54 64 62 61 30 55 78 53 45 10 4 70 34 41 76 23 13 31 15 75 14 11 25 26 40 39 51 20 32 16 73 33 71 9 58 29 19 38 21 27 48 65 59 60 12 6 17 52 36 7 0 42 18 74 3 35 2 77 72 28 79 46 1 49 43 63 5],[22 71 78 12 65 44 7 70 58 77 39 36 38 45 5 68 56 73 16 66 0 1 28 49 21 79 13 69 40 9 61 26 6 62 55 46 11 19 50 29 53 33 76 43 74 17 27 35 75 48 20 60 4 24 31 2 42 18 63 34 52 47 10 32 25 51 72 67 8 15 57 23 14 64 54 59 30 41 37 3],253195,258393
greedy/lipa80a,261,255324,132,19206,4,[15 46 65 5 12 62 54 50 71 55 49 76 35 16 45 11 44 67 39 23 28 27 21 19 9 22 52 57 56 73 77 30 8 7 18 75 63 38 61 79 59 25 53 31 36 78 1 33 32 6 66 41 40 74 48 58 2 70 34 17 13 42 14 26 51 3 4 68 24 0 69 20 64 43 47 60 29 72 10 37],[22 71 78 12 65 44 7 70 58 77 39 36 38 45 5 68 56 73 16 66 0 1 28 49 21 79 13 69 40 9 61 26 6 62 55 46 11 19 50 29 53 33 76 43 74 17 27 35 75 48 20 60 4 24 31 2 42 18 63 34 52 47 10 32 25 51 72 67 8 15 57 23 14 64 54 59 30 41 37 3],253195,258630
steepest/lipa80a,261,255620,38,123240,24,[56 31 52 53 49 34 36 38 9 73 37 1 55 41 51 8 47 64 16 76 69 60 14 71 3 18 75 11 39 78 15 12 54 24 13 74 50 33 4 30 45 62 79 29 5 70 66 2 68 46 32 43 58 20 72 40 17 6 22 0 77 42 28 67 61 26 57 59 48 65 44 23 25 35 27 7 21 19 63 10],[22 71 78 12 65 44 7 70 58 77 39 36 38 45 5 68 56 73 16 66 0 1 28 49 21 79 13 69 40 9 61 26 6 62 55 46 11 19 50 29 53 33 76 43 74 17 27 35 75 48 20 60 4 24 31 2 42 18 63 34 52 47 10 32 25 51 72 67 8 15 57 23 14 64 54 59 30 41 37 3],253195,258630
greedy/lipa80a,262,255252,131,21172,0,[42 10 18 25 38 28 61 13 3 45 46 79 29 33 75 78 63 74 34 30 51 24 59 20 7 71 2 21 31 43 70 66 39 8 73 50 68 76 62 58 60 14 23 41 77 65 27 16 37 11 35 64 56 47 69 54 5 26 12 55 9 49 4 40 1 19 48 0 67 36 57 15 52 53 32 44 22 72 17 6],[22 71 78 12 65 44 7 70 58 77 39 36 38 45 5 68 56 73 16 66 0 1 28 49 21 79 13 69 40 9 61 26 6 62 55 46 11 19 50 29 53 33 76 43 74 17 27 35 75 48 20 60 4 24 31 2 42 18 63 34 52 47 10 32 25 51 72 67 8 15 57 23 14 64 54 59 30 41 37 3],253195,258462
steepest/lipa80a,262,255458,37,120080,30,[2 71 38 18 5 68 53 49 13 0 73 79 20 75 17 78 65 74 34 8 51 60 36 54 4 43 61 63 27 46 40 30 66 59 52 48 16 62 41 77 72 24 64 11 45 39 31 37 76 1 21 35 56 47 50 44 10 33 42 67 9 7 3 25 14 57 69 70 15 19 26 29 55 28 32 22 12 23 58 6],[22 71 78 12 65 44 7 70 58 77 39 36 38 45 5 68 56 73 16 66 0 1 28 49 21 79 13 69 40 9 61 26 6 62 55 46 11 19 50 29 53 33 76 43 74 17 27 35 75 48 20 60 4 24 31 2 42 18 63 34 52 47 10 32 25 51 72 67 8 15 57 23 14 64 54 59 30 41 37 3],253195,258462
greedy/lipa80a,263,255376,125,20856,7,[22 73 12 28 77 5 3 69 1 53 30 8 21 45 24 26 40 19 66 27 33 2 6 79 68 55 74 50 20 32 31 47 23 62 70 60 29 52 16 48 78 14 17 10 34 7 35 43 75 51 38 39 15 71 18 0 4 37 49 58 67 57 65 72 44 36 42 56 9 64 76 63 25 13 46 54 11 61 59 41],[22 71 78 12 65 44 7 70 58 77 39 36 38 45 5 68 56 73 16 66 0 1 28 49 21 79 13 69 40 9 61 26 6 62 55 46 11 19 50 29 53 33 76 43 74 17 27 35 75 48 20 60 4 24 31 2 42 18 63 34 52 47 10 32 25 51 72 67 8 15 57 23 14 64 54 59 30 41 37 3],253195,258565
steepest/lipa80a,263,255140,59,189600,42,[70 10 62 2 38 12 44 73 8 14 74 64 66 3 18 21 19 72 0 76 59 77 33 61 7 42 71 4 55 45 78 29 35 27 20 79 41 34 28 57 16 22 1 47 32 43 75 51 69 63 65 36 15 40 24 13 9 17 67 58 5 60 26 23 52 31 30 25 39 37 6 56 49 53 48 46 54 11 68 50],[22 71 78 12 65 44 7 70 58 77 39 36 38 45 5 68 56 73 16 66 0 1 28 49 21 79 13 69 40 9 61 26 6 62 55 46 11 19 50 29 53 33 76 43 74 17 27 35 75 48 20 60 4 24 31 2 42 18 63 34 52 47 10 32 25 51 72 67 8 15 57 23 14 64 54 59 30 41 37 3],253195,258565
greedy/lipa80a,264,255572,120,12520,0,[62 3 78 8 36 7 66 11 69 29 43 55 46 5 18 28 64 42 21 77 9 22 12 56 67 47 51 25 30 0 61 10 26 23 44 33 53 27 39 57 72 38 1 6 2 50 63 40 34 58 16 52 71 65 4 41 54 59 75 76 31 48 20 32 14 68 15 13 17 19 37 49 70 45 79 35 24 73 74 60],[22 71 78 12 65 44 7 70 58 77 39 36 38 45 5 68 56 73 16 66 0 1 28 49 21 79 13 69 40 9 61 26 6 62 55 46 11 19 50 29 53 33 76 43 74 17 27 35 75 48 20 60 4 24 31 2 42 18 63 34 52 47 10 32 25 51 72 67 8 15 57 23 14 64 54 59 30 41 37 3],253195,258739
steepest/lipa80a,264,255035,51,164320,39,[76 56 57 52 33 72 16 14 18 73 70 54 35 32 51 49 71 68 13 59 28 21 67 22 20 79 30 23 64 77 6 78 41 9 29 1 46 44 66 62 19 60 38 10 55 75 34 48 5 36 39 58 0 45 8 24 47 17 74 40 27 26 15 11 43 31 61 65 7 37 42 50 63 53 12 25 3 4 69 2],[22 71 78 12 65 44 7 70 58 77 39 36 38 45 5 68 56 73 16 66 0 1 28 49 21 79 13 69 40 9 61 26 6 62 55 46 11 19 50 29 53 33 76 43 74 17 27 35 75 48 20 60 4 24 31 2 42 18 63 34 52 47 10 32 25 51 72 67 8 15 57 23 14 64 54 59 30 41 37 3],253195,258739
greedy/lipa80a,265,255183,146,25931,10,[51 37 75 3 42 77 56 14 13 33 67 61 43 68 31 18 78 60 55 71 74 15 79 11 72 50 25 1 7 9 30 53 36 54 64 16 0 58 38 20 63 34 10 69 6 17 12 76 21 28 49 5 59 2 52 26 48 41 47 66 24 40 29 57 73 4 27 44 35 19 22 65 62 45 32 39 23 70 46 8],[22 71 78 12 65 44 7 70 58 77 39 36 38 45 5 68 56 73 16 66 0 1 28 49 21 79 13 69 40 9 61 26 6 62 55 46 11 19 50 29 53 33 76 43 74 17 27 35 75 48 20 60 4 24 31 2 42 18 63 34 52 47 10 32 25 51 72 67 8 15 57 23 14 64 54 59 30 41 37 3],253195,258729
steepest/lipa80a,265,255312,42,135880,36,[24 50 51 70 59 0 13 18 57 33 61 32 45 74 22 4 43 46 41 54 75 10 76 9 42 72 71 55 30 17 47 64 78 49 63 40 60 56 11 35 48 68 52 7 29 20 36 31 6 27 34 3 14 73 44 21 37 5 15 65 25 26 28 79 77 67 2 53 38 23 69 66 16 19 58 12 39 62 1 8],[22 71 78 12 65 44 7 70 58 77 39 36 38 45 5 68 56 73 16 66 0 1 28 49 21 79 13 69 40 9 61 26 6 62 55 46 11 19 50 29 53 33 76 43 74 17 27 35 75 48 20 60 4 24 31 2 42 18 63 34 52 47 10 32 25 51 72 67 8 15 57 23 14 64 54 59 30 41 37 3],253195,258729
greedy/lipa80a,266,255376,140,18520,7,[26 35 63 50 28 46 38 70 73 37 27 14 61 44 48 12 56 51 23 20 22 13 65 15 3 74 47 4 75 49 9 66 62 54 42 7 76 59 57 8 19 25 55 64 24 2 52 78 6 34 32 31 17 58 1 79 11 16 10 29 5 60 40 68 33 36 41 77 67 21 45 53 71 0 43 39 30 72 18 69],[22 71 78 12 65 44 7 70 58 77 39 36 38 45 5 68 56 73 16 66 0 1 28 49 21 79 13 69 40 9 61 26 6 62 55 46 11 19 50 29 53 33 76 43 74 17 27 35 75 48 20 60 4 24 31 2 42 18 63 34 52 47 10 32 25 51 72 67 8 15 57 23 14 64 54 59 30 41 37 3],253195,258618
steepest/lipa80a,266,255370,47,151680,39,[32 14 38 49 40 68 41 11 37 8 61 65 54 78 17 15 69 22 67 48 51 26 39 12 0 36 34 62 53 50 75 63 1 27 35 52 6 29 58 47 71 33 43 56 42 2 16 72 60 30 44 74 9 4 76 7 5 73 28 79 18 3 31 66 45 21 70 46 57 25 13 24 20 64 77 23 59 19 10 55],[22 71 78 12 65 44 7 70 58 77 39 36 38 45 5 68 56 73 16 66 0 1 28 49 21 79 13 69 40 9 61 26 6 62 55 46 11 19 50 29 53 33 76 43 74 17 27 35 75 48 20 60 4 24 31 2 42 18 63 34 52 47 10 32 25 51 72 67 8 15 57 23 14 64 54 59 30 41 37 3],253195,258618
greedy/lipa80a,267,255281,138,27758,6,[77 76 44 17 13 20 31 3 33 7 68 63 19 66 69 29 22 36 56 11 9 27 39 55 15 71 73 74 1 0 6 28 24 75 4 79 14 58 70 8 23 45 67 38 59 40 18 37 60 43 78 47 54 12 21 46 30 64 53 52 62 42 5 41 48 16 49 32 35 34 25 57 65 26 51 2 50 72 10 61],[22 71 78 12 65 44 7 70 58 77 39 36 38 45 5 68 56 73 16 66 0 1 28 49 21 79 13 69 40 9 61 26 6 62 55 46 11 19 50 29 53 33 76 43 74 17 27 35 75 48 20 60 4 24 31 2 42 18 63 34 52 47 10 32 25 51 72 67 8 15 57 23 14 64 54 59 30 41 37 3],253195,258416
steepest/lipa80a,267,255290,43,139040,39,[24 8 29 14 78 6 17 39 40 10 62 49 71 11 18 50 44 58 53 13 22 5 16 55 56 37 79 43 51 15 42 19 74 2 61 20 66 30 59 3 48 0 12 75 60 31 9 21 72 73 68 23 35 32 57 70 25 7 76 27 77 1 47 67 63 45 46 54 38 41 33 52 69 34 28 36 65 64 26 4],[22 71 78 12 65 44 7 70 58 77 39 36 38 45 5 68 56 73 16 66 0 1 28 49 21 79 13 69 40 9 61 26 6 62 55 46 11 19 50 29 53 33 76 43 74 17 27 35 75 48 20 60 4 24 31 2 42 18 63 34 52 47 10 32 25 51 72 67 8 15 57 23 14 64 54 59 30 41 37 3],253195,258416
greedy/lipa80a,268,255334,130,28005,5,[59 17 76 2 30 66 0 33 51 37 62 55 23 43 68 20 75 24 58 9 47 29 36 4 56 40 50 71 28 42 10 60 53 54 22 6 45 69 44 78 13 74 12 67 31 16 7 1 8 64 73 26 46 65 72 77 3 32 5 48 27 61 35 19 57 14 18 63 25 49 79 11 70 38 21 41 15 39 52 34],[22 71 78 12 65 44 7 70 58 77 39 36 38 45 5 68 56 73 16 66 0 1 28 49 21 79 13 69 40 9 61 26 6 62 55 46 11 19 50 29 53 33 76 43 74 17 27 35 75 48 20 60 4 24 31 2 42 18 63 34 52 47 10 32 25 51 72 67 8 15 57 23 14 64 54 59 30 41 37 3],253195,258412
steepest/lipa80a,268,255399,48,154840,63,[25 74 33 2 38 55 66 70 3 76 48 28 59 69 5 46 36 77 29 24 44 4 56 78 37 71 11 57 60 40 19 45 18 20 12 41 58 49 53 68 75 17 42 43 47 10 7 73 30 65 8 14 35 39 26 32 54 23 31 22 63 79 15 72 1 51 16 9 27 6 21 50 64 52 61 0 67 13 62 34],[22 71 78 12 65 44 7 70 58 77 39 36 38 45 5 68 56 73 16 66 0 1 28 49 21 79 13 69 40 9 61 26 6 62 55 46 11 19 50 29 53 33 76 43 74 17 27 35 75 48 20 60 4 24 31 2 42 18 63 34 52 47 10 32 25 51 72 67 8 15 57 23 14 64 54 59 30 41 37 3],253195,258412
greedy/lipa80a,269,255326,143,18356,0,[20 60 6 9 76 19 37 1 50 69 54 13 58 10 26 71 7 32 64 35 57 34 36 0 4 23 14 33 29 47 11 74 21 77 42 79 75 53 49 25 41 31 5 73 3 72 65 68 56 2 22 17 38 61 70 44 43 39 55 52 8 18 62 46 67 51 30 12 24 78 59 40 27 16 48 28 15 63 45 66],[22 71 78 12 65 44 7 70 58 77 39 36 38 45 5 68 56 73 16 66 0 1 28 49 21 79 13 69 40 9 61 26 6 62 55 46 11 19 50 29 53 33 76 43 74 17 27 35 75 48 20 60 4 24 31 2 42 18 63 34 52 47 10 32 25 51 72 67 8 15 57 23 14 64 54 59 30 41 37 3],253195,258768
steepest/lipa80a,269,255369,43,139040,33,[3 12 68 46 70 47 17 18 73 41 38 29 40 14 50 15 76 13 11 71 5 78 4 52 43 21 33 31 9 56 48 0 19 49 34 79 60 51 65 27 57 58 16 61 35 25 63 55 6 2 36 53 62 44 69 23 64 54 77 24 8 20 26 45 67 72 59 75 22 74 42 32 39 7 66 28 1 10 37 30],[22 71 78 12 65 44 7 70 58 77 39 36 38 45 5 68 56 73 16 66 0 1 28 49 21 79 13 69 40 9 61 26 6 62 55 46 11 19 50 29 53 33 76 43 74 17 27 35 75 48 20 60 4 24 31 2 42 18 63 34 52 47 10 32 25 51 72 67 8 15 57 23 14 64 54 59 30 41 37 3],253195,258768
greedy/lipa80a,270,255104,150,33926,9,[29 39 10 52 54 31 60 27 77 13 63 42 7 15 23 65 24 45 30 79 48 44 67 47 38 69 26 61 74 43 34 46 12 53 18 62 6 4 68 57 22 28 78 75 17 32 50 56 51 36 3 76 0 35 37 73 59 70 11 66 33 2 21 14 41 20 58 40 64 25 16 71 1 19 49 5 72 9 8 55],[22 71 78 12 65 44 7 70 58 77 39 36 38 45 5 68 56 73 16 66 0 1 28 49 21 79 13 69 40 9 61 26 6 62 55 46 11 19 50 29 53 33 76 43 74 17 27 35 75 48 20 60 4 24 31 2 42 18 63 34 52 47 10 32 25 51 72 67 8 15 57 23 14 64 54 59 30 41 37 3],253195,258559
steepest/lipa80a,270,255496,44,142200,29,[5 23 20 10 48 75 38 39 22 41 11 3 62 56 70 6 51 55 24 40 44 15 28 29 42 49 13 47 61 72 54 37 12 9 18 58 74 30 67 1 53 57 52 64 17 27 66 50 35 79 33 26 0 21 63 77 4 31 71 59 76 60 7 73 78 34 45 43 25 14 32 46 68 8 69 2 16 36 19 65],[22 71 78 12 65 44 7 70 58 77 39 36 38 45 5 68 56 73 16 66 0 1 28 49 21 79 13 69 40 9 61 26 6 62 55 46 11 19 50 29 53 33 76 43 74 17 27 35 75 48 20 60 4 24 31 2 42 18 63 34 52 47 10 32 25 51 72 67 8 15 57 23 14 64 54 59 30 41 37 3],253195,258559
greedy/lipa80a,271,255310,145,26405,12,[8 12 11 2 37 60 20 67 70 61 71 56 36 13 21 24 47 54 68 59 78 17 74 18 44 27 14 23 73 33 29 6 41 57 9 48 53 7 30 10 16 3 69 75 19 77 55 63 15 49 0 45 28 34 52 26 46 4 35 40 38 58 31 32 72 76 62 39 5 42 51 66 64 22 25 43 65 50 1 79],[22 71 78 12 65 44 7 70 58 77 39 36 38 45 5 68 56 73 16 66 0 1 28 49 21 79 13 69 40 9 61 26 6 62 55 46 11 19 50 29 53 33 76 43 74 17 27 35 75 48 20 60 4 24 31 2 42 18 63 34 52 47 10 32 25 51 72 67 8 15 57 23 14 64 54 59 30 41 37 3],253195,258633
steepest/lipa80a,271,255450,39,126400,47,[67 14 11 37 78 23 68 43 16 69 41 36 49 13 27 48 77 32 21 57 54 25 55 6 75 17 46 60 44 40 51 74 7 24 19 39 18 15 2 29 5 47 58 61 33 10 64 35 53 30 12 79 70 38 50 26 63 1 28 56 20 4 42 59 65 0 3 22 73 9 72 76 66 45 71 62 34 52 31 8],[22 71 78 12 65 44 7 70 58 77 39 36 38 45 5 68 56 73 16 66 0 1 28 49 21 79 13 69 40 9 61 26 6 62 55 46 11 19 50 29 53 33 76 43 74 17 27 35 75 48 20 60 4 24 31 2 42 18 63 34 52 47 10 32 25 51 72 67 8 15 57 23 14 64 54 59 30 41 37 3],253195,258633
greedy/lipa80a,272,255313,126,18872,0,[46 32 22 38 49 47 79 10 18 51 9 27 60 24 33 36 78 15 74 3 70 16 26 77 54 7 0 2 42 13 45 41 72 50 58 75 69 73 44 52 63 31 37 35 65 71 53 39 55 5 40 28 12 48 8 57 30 66 68 34 56 59 1 76 14 67 19 64 62 29 6 21 43 61 23 11 20 17 25 4],[22 71 78 12 65 44 7 70 58 77 39 36 38 45 5 68 56 73 16 66 0 1 28 49 21 79 13 69 40 9 61 26 6 62 55 46 11 19 50 29 53 33 76 43 74 17 27 35 75 48 20 60 4 24 31 2 42 18 63 34 52 47 10 32 25 51 72 67 8 15 57 23 14 64 54 59 30 41 37 3],253195,258525
steepest/lipa80a,272,255252,47,151680,31,[32 19 15 2 22 74 77 27 18 16 1 73 58 28 70 11 41 37 4 46 63 51 31 78 24 40 68 60 59 56 33 52 8 72 38 3 75 79 57 50 64 44 45 42 21 12 7 17 55 30 0 20 26 67 14 65 54 5 9 71 61 48 53 25 29 49 10 23 35 47 6 39 36 69 62 43 34 13 66 76],[22 71 78 12 65 44 7 70 58 77 39 36 38 45 5 68 56 73 16 66 0 1 28 49 21 79 13 69 40 9 61 26 6 62 55 46 11 19 50 29 53 33 76 43 74 17 27 35 75 48 20 60 4 24 31 2 42 18 63 34 52 47 10 32 25 51 72 67 8 15 57 23 14 64 54 59 30 41 37 3],253195,258525
greedy/lipa80a,273,255301,134,30098,13,[4 24 23 18 13 10 42 38 65 17 32 59 60 70 30 20 41 55 62 36 29 75 58 1 22 16 51 19 61 76 9 69 3 78 35 71 44 8 15 6 79 34 14 27 0 33 5 73 43 50 68 40 63 57 74 56 11 28 2 52 66 72 7 77 67 26 31 47 37 21 48 45 64 12 25 53 39 46 54 49],[22 71 78 12 65 44 7 70 58 77 39 36 38 45 5 68 56 73 16 66 0 1 28 49 21 79 13 69 40 9 61 26 6 62 55 46 11 19 50 29 53 33 76 43 74 17 27 35 75 48 20 60 4 24 31 2 42 18 63 34 52 47 10 32 25 51 72 67 8 15 57 23 14 64 54 59 30 41 37 3],253195,258602
steepest/lipa80a,273,255097,56,180120,38,[60 42 38 36 37 10 28 51 0 48 19 74 20 63 75 8 27 30 4 35 29 32 67 31 11 52 43 64 68 70 13 56 16 15 53 65 14 33 12 44 54 34 76 72 66 41 71 22 57 58 73 25 7 3 9 45 2 39 47 78 24 55 18 77 69 62 50 79 46 17 6 5 23 21 61 1 26 49 59 40],[22 71 78 12 65 44 7 70 58 77 39 36 38 45 5 68 56 73 16 66 0 1 28 49 21 79 13 69 40 9 61 26 6 62 55 46 11 19 50 29 53 33 76 43 74 17 27 35 75 48 20 60 4 24 31 2 42 18 63 34 52 47 10 32 25 51 72 67 8 15 57 23 14 64 54 59 30 41 37 3],253195,258602
greedy/lipa80a,274,255493,124,20346,11,[10 75 74 71 53 43 3 36 63 73 76 1 38 68 18 33 66 44 50 26 8 45 47 48 31 60 20 59 41 17 4 13 32 56 61 30 46 21 67 2 35 27 14 70 28 29 24 78 62 79 77 9 7 72 49 11 42 39 64 0 52 22 58 16 15 55 51 69 12 54 19 57 34 65 37 6 40 23 5 25],[22 71 78 12 65 44 7 70 58 77 39 36 38 45 5 68 56 73 16 66 0 1 28 49 21 79 13 69 40 9 61 26 6 62 55 46 11 19 50 29 53 33 76 43 74 17 27 35 75 48 20 60 4 24 31 2 42 18 63 34 52 47 10 32 25 51 72 67 8 15 57 23 14 64 54 59 30 41 37 3],253195,258003
steepest/lipa80a,274,255354,43,139040,29,[24 9 67 74 75 58 54 27 8 11 53 69 63 60 50 43 3 41 61 25 7 39 33 20 47 55 21 57 4 56 38 34 37 71 30 73 46 64 6 36 22 65 28 10 45 70 17 62 26 66 77 76 72 5 35 51 78 16 48 59 14 23 42 52 31 49 40 68 12 19 29 15 2 32 79 0 18 1 13 44],[22 71 78 12 65 44 7 70 58 77 39 36 38 45 5 68 56 73 16 66 0 1 28 49 21 79 13 69 40 9 61 26 6 62 55 46 11 19 50 29 53 33 76 43 74 17 27 35 75 48 20 60 4 24 31 2 42 18 63 34 52 47 10 32 25 51 72 67 8 15 57 23 14 64 54 59 30 41 37 3],253195,258003
greedy/lipa80a,275,255438,114,24561,5,[55 76 69 51 61 70 34 60 42 65 19 58 57 5 46 6 37 17 16 64 78 48 73 43 45 8 13 25 44 68 41 0 21 28 9 31 10 2 52 47 11 26 54 35 74 39 67 12 15 27 62 33 79 24 38 36 40 75 3 71 1 18 23 56 4 20 72 77 66 22 53 49 7 32 50 59 30 29 14 63],[22 71 78 12 65 44 7 70 58 77 39 36 38 45 5 68 56 73 16 66 0 1 28 49 21 79 13 69 40 9 61 26 6 62 55 46 11 19 50 29 53 33 76 43 74 17 27 35 75 48 20 60 4 24 31 2 42 18 63 34 52 47 10 32 25 51 72 67 8 15 57 23 14 64 54 59 30 41 37 3],253195,258109
steepest/lipa80a,275,255384,46,148520,31,[79 39 51 19 61 43 41 27 35 54 21 68 70 76 32 23 12 37 33 25 5 74 14 30 45 34 64 67 17 65 8 49 47 16 52 13 10 29 11 9 59 24 78 73 72 60 26 56 6 7 36 18 58 1 44 40 48 0 2 75 62 4 77 15 63 20 38 46 66 22 55 57 69 42 50 28 53 3 71 31],[22 71 78 12 65 44 7 70 58 77 39 36 38 45 5 68 56 73 16 66 0 1 28 49 21 79 13 69 40 9 61 26 6 62 55 46 11 19 50 29 53 33 76 43 74 17 27 35 75 48 20 60 4 24 31 2 42 18 63 34 52 47 10 32 25 51 72 67 8 15 57 23 14 64 54 59 30 41 37 3],253195,258109
greedy/lipa80a,276,255058,166,45637,18,[63 52 14 4 57 67 41 29 46 19 10 1 33 6 72 78 15 76 16 53 74 43 2 62 7 64 36 73 13 30 23 47 71 70 51 25 26 55 8 69 40 34 44 65 75 9 31 59 22 17 32 24 5 42 0 79 66 45 48 68 49 20 60 77 11 28 58 61 3 38 50 18 54 37 39 21 12 56 35 27],[22 71 78 12 65 44 7 70 58 77 39 36 38 45 5 68 56 73 16 66 0 1 28 49 21 79 13 69 40 9 61 26 6 62 55 46 11 19 50 29 53 33 76 43 74 17 27 35 75 48 20 60 4 24 31 2 42 18 63 34 52 47 10 32 25 51 72 67 8 15 57 23 14 64 54 59 30 41 37 3],253195,258665
steepest/lipa80a,276,255419,44,142200,32,[0 10 22 28 45 44 35 42 69 15 2 4 47 63 36 24 29 49 76 1 74 11 75 46 8 57 54 41 73 14 60 34 72 52 6 77 27 30 68 53 43 55 64 12 62 56 7 38 25 50 32 70 23 71 65 79 59 58 26 66 9 78 21 33 16 18 17 31 48 51 20 67 40 5 39 37 19 13 3 61],[22 71 78 12 65 44 7 70 58 77 39 36 38 45 5 68 56 73 16 66 0 1 28 49 21 79 13 69 40 9 61 26 6 62 55 46 11 19 50 29 53 33 76 43 74 17 27 35 75 48 20 60 4 24 31 2 42 18 63 34 52 47 10 32 25 51 72 67 8 15 57 23 14 64 54 59 30 41 37 3],253195,258665
greedy/lipa80a,277,255319,126,21886,10,[11 29 76 55 8 24 39 79 50 23 60 57 21 31 6 45 70 25 44 0 28 13 49 17 4 61 73 77 51 48 53 12 52 69 22 40 34 35 16 2 20 9 71 41 72 59 18 66 19 47 75 26 78 42 33 37 5 1 27 10 64 56 32 74 54 7 30 36 65 67 15 46 38 63 43 3 62 58 68 14],[22 71 78 12 65 44 7 70 58 77 39 36 38 45 5 68 56 73 16 66 0 1 28 49 21 79 13 69 40 9 61 26 6 62 55 46 11 19 50 29 53 33 76 43 74 17 27 35 75 48 20 60 4 24 31 2 42 18 63 34 52 47 10 32 25 51 72 67 8 15 57 23 14 64 54 59 30 41 37 3],253195,258417
steepest/lipa80a,277,255358,43,139040,32,[32 74 30 4 66 55 6 17 73 29 39 19 38 49 67 61 57 69 22 14 56 15 28 20 5 79 13 8 50 3 1 78 60 77 24 47 26 63 16 53 54 7 31 41 36 72 64 52 40 65 10 45 48 34 0 43 42 62 37 76 44 25 35 71 2 18 33 46 75 12 23 59 51 21 11 68 70 58 9 27],[22 71 78 12 65 44 7 70 58 77 39 36 38 45 5 68 56 73 16 66 0 1 28 49 21 79 13 69 40 9 61 26 6 62 55 46 11 19 50 29 53 33 76 43 74 17 27 35 75 48 20 60 4 24 31 2 42 18 63 34 52 47 10 32 25 51 72 67 8 15 57 23 14 64 54 59 30 41 37 3],253195,258417
greedy/lipa80a,278,255226,141,23949,5,[13 44 40 21 24 55 75 22 54 65 14 48 76 26 37 31 79 71 28 32 10 53 45 70 17 58 67 64 42 38 59 8 36 25 66 43 56 72 9 74 29 4 33 51 20 2 16 19 49 41 78 12 63 15 68 6 5 35 57 46 52 39 0 69 60 18 62 23 30 1 47 50 77 11 61 73 7 27 34 3],[22 71 78 12 65 44 7 70 58 77 39 36 38 45 5 68 56 73 16 66 0 1 28 49 21 79 13 69 40 9 61 26 6 62 55 46 11 19 50 29 53 33 76 43 74 17 27 35 75 48 20 60 4 24 31 2 42 18 63 34 52 47 10 32 25 51 72 67 8 15 57 23 14 64 54 59 30 41 37 3],253195,257841
steepest/lipa80a,278,255338,42,135880,27,[26 1 63 18 57 5 55 29 19 71 64 16 46 36 30 15 10 25 38 73 3 77 44 53 65 9 43 21 4 58 61 75 22 68 74 72 67 47 24 39 12 20 60 28 32 17 31 78 13 49 37 76 79 35 27 66 54 40 7 56 52 59 42 69 14 62 2 6 41 45 50 33 8 23 51 70 11 0 34 48],[22 71 78 12 65 44 7 70 58 77 39 36 38 45 5 68 56 73 16 66 0 1 28 49 21 79 13 69 40 9 61 26 6 62 55 46 11 19 50 29 53 33 76 43 74 17 27 35 75 48 20 60 4 24 31 2 42 18 63 34 52 47 10 32 25 51 72 67 8 15 57 23 14 64 54 59 30 41 37 3],253195,257841
greedy/lipa80a,279,255439,130,19060,8,[75 38 48 56 24 53 16 4 69 20 8 59 66 3 79 29 42 51 72 37 31 40 26 71 11 49 2 21 45 32 62 13 5 64 70 10 76 17 0 14 78 57 1 33 60 77 50 44 41 25 12 65 63 28 73 19 18 36 61 67 6 55 9 68 54 7 34 35 74 15 43 47 46 58 52 30 27 23 39 22],[22 71 78 12 65 44 7 70 58 77 39 36 38 45 5 68 56 73 16 66 0 1 28 49 21 79 13 69 40 9 61 26 6 62 55 46 11 19 50 29 53 33 76 43 74 17 27 35 75 48 20 60 4 24 31 2 42 18 63 34 52 47 10 32 25 51 72 67 8 15 57 23 14 64 54 59 30 41 37 3],253195,258402
steepest/lipa80a,279,255622,34,110600,25,[10 68 9 15 72 50 38 13 69 79 59 32 53 4 70 63 21 51 11 47 22 42 66 36 31 18 73 44 34 6 60 37 49 29 76 55 52 14 0 28 20 16 71 67 8 3 33 40 2 25 48 23 75 41 30 54 35 19 77 62 26 46 39 74 78 7 65 43 64 27 45 56 61 57 1 5 12 24 58 17],[22 71 78 12 65 44 7 70 58 77 39 36 38 45 5 68 56 73 16 66 0 1 28 49 21 79 13 69 40 9 61 26 6 62 55 46 11 19 50 29 53 33 76 43 74 17 27 35 75 48 20 60 4 24 31 2 42 18 63 34 52 47 10 32 25 51 72 67 8 15 57 23 14 64 54 59 30 41 37 3],253195,258402
greedy/lipa80a,280,255403,124,23535,5,[29 45 26 0 53 42 1 50 63 38 7 14 6 32 15 23 58 68 36 21 10 70 69 73 77 9 61 28 78 2 11 12 46 65 71 75 40 19 8 43 27 48 5 44 34 24 54 74 59 55 64 76 33 60 49 66 37 79 3 16 41 20 18 25 57 72 67 30 22 51 39 52 62 56 17 35 4 31 47 13],[22 71 78 12 65 44 7 70 58 77 39 36 38 45 5 68 56 73 16 66 0 1 28 49 21 79 13 69 40 9 61 26 6 62 55 46 11 19 50 29 53 33 76 43 74 17 27 35 75 48 20 60 4 24 31 2 42 18 63 34 52 47 10 32 25 51 72 67 8 15 57 23 14 64 54 59 30 41 37 3],253195,258083
steepest/lipa80a,280,255202,59,189600,43,[79 26 13 67 45 66 42 78 44 55 19 47 74 49 62 23 21 63 25 9 60 57 2 38 4 51 36 41 64 59 3 68 46 31 61 11 48 28 1 53 43 0 71 56 58 27 54 17 14 15 52 34 10 77 72 76 65 7 18 32 8 20 30 39 22 73 50 40 35 69 16 5 6 24 75 70 37 12 33 29],[22 71 78 12 65 44 7 70 58 77 39 36 38 45 5 68 56 73 16 66 0 1 28 49 21 79 13 69 40 9 61 26 6 62 55 46 11 19 50 29 53 33 76 43 74 17 27 35 75 48 20 60 4 24 31 2 42 18 63 34 52 47 10 32 25 51 72 67 8 15 57 23 14 64 54 59 30 41 37 3],253195,258083
greedy/lipa80a,281,255321,153,24557,5,[30 13 67 25 45 22 59 71 12 52 44 72 33 1 0 60 66 15 5 24 38 47 57 26 6 74 40 41 49 64 55 34 76 19 29 79 36 56 39 8 58 51 61 17 21 14 77 16 69 53 32 65 3 7 9 23 50 63 20 10 37 35 48 43 11 54 68 78 70 75 4 28 27 2 73 31 62 18 42 46],[22 71 78 12 65 44 7 70 58 77 39 36 38 45 5 68 56 73 16 66 0 1 28 49 21 79 13 69 40 9 61 26 6 62 55 46 11 19 50 29 53 33 76 43 74 17 27 35 75 48 20 60 4 24 31 2 42 18 63 34 52 47 10 32 25 51 72 67 8 15 57 23 14 64 54 59 30 41 37 3],253195,258473
steepest/lipa80a,281,255475,37,120080,27,[12 45 78 19 10 51 32 60 74 57 68 22 11 71 41 37 5 15 13 26 29 25 72 66 35 7 54 2 18 47 58 39 61 59 31 6 69 49 16 65 17 21 77 67 52 3 1 55 48 44 43 63 8 73 9 50 62 24 23 40 30 14 76 75 20 79 33 64 0 36 28 70 27 53 46 42 34 56 38 4],[22 71 78 12 65 44 7 70 58 77 39 36 38 45 5 68 56 73 16 66 0 1 28 49 21 79 13 69 40 9 61 26 6 62 55 46 11 19 50 29 53 33 76 43 74 17 27 35 75 48 20 60 4 24 31 2 42 18 63 34 52 47 10 32 25 51 72 67 8 15 57 23 14 64 54 59 30 41 37 3],253195,258473
greedy/lipa80a,282,255347,109,17527,3,[25 68 18 66 10 15 30 33 5 2 59 47 78 21 12 46 54 29 44 51 79 75 74 52 48 20 27 24 60 11 7 26 8 57 17 55 70 38 50 62 77 0 36 64 39 31 3 69 35 41 56 53 61 67 40 49 37 9 34 4 32 45 23 73 65 16 19 71 13 28 1 63 22 72 6 58 43 42 76 14],[22 71 78 12 65 44 7 70 58 77 39 36 38 45 5 68 56 73 16 66 0 1 28 49 21 79 13 69 40 9 61 26 6 62 55 46 11 19 50 29 53 33 76 43 74 17 27 35 75 48 20 60 4 24 31 2 42 18 63 34 52 47 10 32 25 51 72 67 8 15 57 23 14 64 54 59 30 41 37 3],253195,258677
steepest/lipa80a,282,255328,48,154840,34,[5 33 1 51 10 74 48 30 54 46 31 43 6 72 69 71 55 35 24 11 18 25 64 20 76 59 21 34 77 28 17 49 66 65 75 47 39 4 50 41 68 57 56 26 52 19 62 38 0 79 36 23 16 2 40 73 42 15 60 44 37 45 32 12 63 27 78 67 3 22 29 7 61 14 70 58 53 8 13 9],[22 71 78 12 65 44 7 70 58 77 39 36 38 45 5 68 56 73 16 66 0 1 28 49 21 79 13 69 40 9 61 26 6 62 55 46 11 19 50 29 53 33 76 43 74 17 27 35 75 48 20 60 4 24 31 2 42 18 63 34 52 47 10 32 25 51 72 67 8 15 57 23 14 64 54 59 30 41 37 3],253195,258677
greedy/lipa80a,283,255419,148,26596,10,[9 68 50 37 34 69 53 21 27 30 44 38 56 10 72 15 22 18 2 51 48 32 13 12 8 59 39 62 36 40 41 77 67 23 52 25 57 29 35 60 71 66 75 63 45 47 24 17 7 54 64 74 78 16 26 33 3 76 31 14 49 4 11 28 70 73 65 58 61 43 19 79 5 0 46 20 55 1 6 42],[22 71 78 12 65 44 7 70 58 77 39 36 38 45 5 68 56 73 16 66 0 1 28 49 21 79 13 69 40 9 61 26 6 62 55 46 11 19 50 29 53 33 76 43 74 17 27 35 75 48 20 60 4 24 31 2 42 18 63 34 52 47 10 32 25 51 72 67 8 15 57 23 14 64 54 59 30 41 37 3],253195,258410
steepest/lipa80a,283,255333,48,154840,34,[37 14 25 18 40 52 47 77 2 30 68 79 56 51 74 65 35 1 39 4 44 59 21 12 45 22 8 49 67 38 41 58 9 32 0 48 28 27 57 76 60 23 16 5 24 26 42 64 34 70 3 13 69 31 17 6 78 54 15 19 29 10 33 63 62 73 66 11 53 43 7 72 50 71 61 36 55 75 20 46],[22 71 78 12 65 44 7 70 58 77 39 36 38 45 5 68 56 73 16 66 0 1 28 49 21 79 13 69 40 9 61 26 6 62 55 46 11 19 50 29 53 33 76 43 74 17 27 35 75 48 20 60 4 24 31 2 42 18 63 34 52 47 10 32 25 51 72 67 8 15 57 23 14 64 54 59 30 41 37 3],253195,258410
greedy/lipa80a,284,255352,119,24177,4,[68 39 49 28 66 3 29 34 19 64 57 8 7 78 36 0 43 56 59 42 47 71 11 69 45 62 18 52 50 73 15 26 70 53 12 1 6 9 33 31 10 67 72 2 13 21 27 35 23 54 76 25 58 48 61 16 22 38 63 74 14 24 37 79 5 4 77 75 17 44 65 55 40 60 30 41 51 32 20 46],[22 71 78 12 65 44 7 70 58 77 39 36 38 45 5 68 56 73 16 66 0 1 28 49 21 79 13 69 40 9 61 26 6 62 55 46 11 19 50 29 53 33 76 43 74 17 27 35 75 48 20 60 4 24 31 2 42 18 63 34 52 47 10 32 25 51 72 67 8 15 57 23 14 64 54 59 30 41 37 3],253195,258298
steepest/lipa80a,284,255193,51,164320,39,[68 25 26 32 41 5 29 7 74 33 56 6 60 65 36 79 24 59 10 50 73 18 42 69 54 62 37 61 9 71 15 20 48 12 53 55 3 44 45 77 78 13 38 28 39 52 70 72 23 46 8 76 58 57 64 16 2 31 27 66 22 49 75 67 35 4 19 47 43 21 0 51 17 1 30 63 40 34 14 11],[22 71 78 12 65 44 7 70 58 77 39 36 38 45 5 68 56 73 16 66 0 1 28 49 21 79 13 69 40 9 61 26 6 62 55 46 11 19 50 29 53 33 76 43 74 17 27 35 75 48 20 60 4 24 31 2 42 18 63 34 52 47 10 32 25 51 72 67 8 15 57 23 14 64 54 59 30 41 37 3],253195,258298
greedy/lipa80a,285,255417,117,16156,0,[66 9 4 7 59 70 65 63 69 37 76 5 42 13 64 33 15 35 21 27 71 55 47 48 6 68 61 32 10 56 53 3 78 16 19 2 18 22 41 24 20 77 40 67 60 79 36 62 39 12 46 72 75 0 30 57 38 14 29 58 49 73 45 28 11 52 54 44 34 8 1 51 74 26 31 23 17 50 43 25],[22 71 78 12 65 44 7 70 58 77 39 36 38 45 5 68 56 73 16 66 0 1 28 49 21 79 13 69 40 9 61 26 6 62 55 46 11 19 50 29 53 33 76 43 74 17 27 35 75 48 20 60 4 24 31 2 42 18 63 34 52 47 10 32 25 51 72 67 8 15 57 23 14 64 54 59 30 41 37 3],253195,258464
steepest/lipa80a,285,255329,48,154840,39,[4 9 75 51 73 61 25 68 30 37 24 55 43 65 13 2 27 64 32 67 62 7 70 72 45 47 12 22 63 38 10 16 41 40 5 60 71 56 49 6 14 42 15 59 33 26 31 8 77 0 18 28 3 46 19 69 39 66 54 29 21 53 44 11 74 20 48 1 79 35 78 76 36 23 57 58 17 50 34 52],[22 71 78 12 65 44 7 70 58 77 39 36 38 45 5 68 56 73 16 66 0 1 28 49 21 79 13 69 40 9 61 26 6 62 55 46 11 19 50 29 53 33 76 43 74 17 27 35 75 48 20 60 4 24 31 2 42 18 63 34 52 47 10 32 25 51 72 67 8 15 57 23 14 64 54 59 30 41 37 3],253195,258464
greedy/lipa80a,286,255227,131,21499,10,[23 6 24 58 75 73 10 52 72 78 29 54 71 0 22 62 47 38 28 67 33 35 3 42 79 40 11 15 34 32 41 57 26 16 21 68 66 39 27 12 61 48 74 70 45 51 1 44 30 69 46 17 64 43 5 53 56 31 7 63 2 19 76 50 37 25 49 60 65 18 14 55 20 4 77 36 59 9 8 13],[22 71 78 12 65 44 7 70 58 77 39 36 38 45 5 68 56 73 16 66 0 1 28 49 21 79 13 69 40 9 61 26 6 62 55 46 11 19 50 29 53 33 76 43 74 17 27 35 75 48 20 60 4 24 31 2 42 18 63 34 52 47 10 32 25 51 72 67 8 15 57 23 14 64 54 59 30 41 37 3],253195,258502
steepest/lipa80a,286,255451,40,129560,29,[39 11 10 72 17 49 41 44 71 18 55 6 42 73 16 46 4 12 67 7 28 21 58 61 48 31 59 26 32 79 68 1 56 2 24 74 70 78 75 37 23 14 66 29 13 15 45 35 63 3 20 43 40 51 60 64 30 36 27 53 9 8 76 69 25 52 62 19 50 77 0 38 34 22 54 47 33 57 5 65],[22 71 78 12 65 44 7 70 58 77 39 36 38 45 5 68 56 73 16 66 0 1 28 49 21 79 13 69 40 9 61 26 6 62 55 46 11 19 50 29 53 33 76 43 74 17 27 35 75 48 20 60 4 24 31 2 42 18 63 34 52 47 10 32 25 51 72 67 8 15 57 23 14 64 54 59 30 41 37 3],253195,258502
greedy/lipa80a,287,255078,163,46192,12,[67 73 43 59 37 40 76 10 63 22 60 1 0 68 35 52 49 54 13 11 34 19 26 42 53 15 51 17 56 65 24 57 16 30 64 36 6 18 72 33 2 75 20 32 28 31 61 66 48 27 4 41 29 46 50 38 23 14 47 21 58 3 70 45 74 78 39 62 5 8 71 77 44 69 12 25 7 79 9 55],[22 71 78 12 65 44 7 70 58 77 39 36 38 45 5 68 56 73 16 66 0 1 28 49 21 79 13 69 40 9 61 26 6 62 55 46 11 19 50 29 53 33 76 43 74 17 27 35 75 48 20 60 4 24 31 2 42 18 63 34 52 47 10 32 25 51 72 67 8 15 57 23 14 64 54 59 30 41 37 3],253195,258854
steepest/lipa80a,287,255381,43,139040,31,[50 10 79 78 34 21 77 37 66 71 58 67 42 56 33 23 73 74 11 46 26 14 45 22 38 55 17 25 16 5 31 57 39 61 7 36 43 19 24 6 52 54 75 18 35 1 70 72 3 59 51 4 41 12 63 29 62 32 48 65 30 0 60 13 40 8 68 15 28 47 64 44 53 27 2 9 49 69 76 20],[22 71 78 12 65 44 7 70 58 77 39 36 38 45 5 68 56 73 16 66 0 1 28 49 21 79 13 69 40 9 61 26 6 62 55 46 11 19 50 29 53 33 76 43 74 17 27 35 75 48 20 60 4 24 31 2 42 18 63 34 52 47 10 32 25 51 72 67 8 15 57 23 14 64 54 59 30 41 37 3],253195,258854
greedy/lipa80a,288,255185,136,29577,9,[79 47 64 72 37 44 1 58 28 65 0 29 15 13 33 42 62 3 5 6 77 23 12 8 48 9 36 54 73 11 31 76 45 2 4 60 63 21 75 38 67 50 66 24 30 43 27 7 56 49 14 20 18 35 17 57 26 61 74 70 40 71 78 16 10 41 46 55 51 19 69 34 39 32 59 53 52 25 22 68],[22 71 78 12 65 44 7 70 58 77 39 36 38 45 5 68 56 73 16 66 0 1 28 49 21 79 13 69 40 9 61 26 6 62 55 46 11 19 50 29 53 33 76 43 74 17 27 35 75 48 20 60 4 24 31 2 42 18 63 34 52 47 10 32 25 51 72 67 8 15 57 23 14 64 54 59 30 41 37 3],253195,258817
steepest/lipa80a,288,255264,58,186440,43,[50 35 13 30 5 14 62 32 49 71 76 27 10 44 54 40 20 39 36 11 41 22 74 24 33 57 34 9 48 63 79 42 0 21 23 67 78 45 60 17 77 3 46 56 72 47 73 1 51 16 18 75 69 29 61 68 65 7 15 25 31 55 59 28 53 66 70 2 64 38 43 19 37 26 58 6 4 8 52 12],[22 71 78 12 65 44 7 70 58 77 39 36 38 45 5 68 56 73 16 66 0 1 28 49 21 79 13 69 40 9 61 26 6 62 55 46 11 19 50 29 53 33 76 43 74 17 27 35 75 48 20 60 4 24 31 2 42 18 63 34 52 47 10 32 25 51 72 67 8 15 57 23 14 64 54 59 30 41 37 3],253195,258817
greedy/lipa80a,289,255302,135,20018,3,[41 29 26 43 2 14 58 60 1 20 9 21 62 12 6 75 4 71 46 30 51 0 78 48 3 68 72 49 67 73 17 59 63 22 10 27 32 70 33 44 8 65 55 39 5 15 57 28 47 37 38 16 74 53 45 36 13 40 42 35 7 77 18 25 23 19 34 31 56 64 52 66 69 54 76 11 24 50 79 61],[22 71 78 12 65 44 7 70 58 77 39 36 38 45 5 68 56 73 16 66 0 1 28 49 21 79 13 69 40 9 61 26 6 62 55 46 11 19 50 29 53 33 76 43 74 17 27 35 75 48 20 60 4 24 31 2 42 18 63 34 52 47 10 32 25 51 72 67 8 15 57 23 14 64 54 59 30 41 37 3],253195,258169
steepest/lipa80a,289,255395,41,132720,27,[47 55 66 53 2 58 79 15 51 26 68 41 76 73 6 75 20 4 46 74 18 3 62 28 48 56 64 57 22 14 30 23 31 33 61 45 60 29 32 71 39 65 69 63 5 36 40 21 70 1 9 35 72 67 50 44 37 34 38 27 49 10 25 13 0 78 42 43 12 77 52 8 7 54 17 19 59 16 11 24],[22 71 78 12 65 44 7 70 58 77 39 36 38 45 5 68 56 73 16 66 0 1 28 49 21 79 13 69 40 9 61 26 6 62 55 46 11 19 50 29 53 33 76 43 74 17 27 35 75 48 20 60 4 24 31 2 42 18 63 34 52 47 10 32 25 51 72 67 8 15 57 23 14 64 54 59 30 41 37 3],253195,258169
greedy/lipa80a,290,255233,128,21703,10,[55 78 79 31 37 74 2 25 38 50 70 77 69 28 11 8 23 27 18 76 4 43 14 61 20 7 64 58 68 49 53 19 12 54 57 34 39 65 16 6 44 75 62 47 13 17 29 73 26 63 0 41 59 45 42 60 3 35 48 33 1 66 71 72 24 52 30 9 5 10 22 21 56 40 36 46 15 32 51 67],[22 71 78 12 65 44 7 70 58 77 39 36 38 45 5 68 56 73 16 66 0 1 28 49 21 79 13 69 40 9 61 26 6 62 55 46 11 19 50 29 53 33 76 43 74 17 27 35 75 48 20 60 4 24 31 2 42 18 63 34 52 47 10 32 25 51 72 67 8 15 57 23 14 64 54 59 30 41 37 3],253195,258117
steepest/lipa80a,290,255392,40,129560,23,[9 2 79 8 63 28 38 42 32 74 68 77 69 50 62 34 4 3 64 24 19 20 65 18 21 56 67 57 23 75 73 33 12 22 53 16 60 43 36 46 7 25 11 13 39 55 37 5 70 47 76 58 17 45 61 31 14 59 51 41 6 10 44 26 78 52 48 29 72 66 0 30 1 71 35 27 15 54 49 40],[22 71 78 12 65 44 7 70 58 77 39 36 38 45 5 68 56 73 16 66 0 1 28 49 21 79 13 69 40 9 61 26 6 62 55 46 11 19 50 29 53 33 76 43 74 17 27 35 75 48 20 60 4 24 31 2 42 18 63 34 52 47 10 32 25 51 72 67 8 15 57 23 14 64 54 59 30 41 37 3],253195,258117
greedy/lipa80a,291,255113,164,37909,13,[51 72 63 9 75 8 49 73 53 47 0 28 62 34 3 40 66 41 46 70 32 10 11 24 30 35 20 26 65 55 27 36 64 44 17 71 22 38 67 14 43 23 33 68 76 50 1 37 77 61 57 69 45 13 58 5 42 15 25 19 16 29 60 78 52 6 18 12 4 56 74 2 54 79 39 59 48 7 31 21],[22 71 78 12 65 44 7 70 58 77 39 36 38 45 5 68 56 73 16 66 0 1 28 49 21 79 13 69 40 9 61 26 6 62 55 46 11 19 50 29 53 33 76 43 74 17 27 35 75 48 20 60 4 24 31 2 42 18 63 34 52 47 10 32 25 51 72 67 8 15 57 23 14 64 54 59 30 41 37 3],253195,258705
steepest/lipa80a,291,255475,44,142200,38,[65 53 29 35 22 42 11 76 36 64 59 79 62 16 34 48 71 66 52 77 68 54 1 21 28 43 12 49 51 2 55 63 32 74 61 31 69 23 26 7 67 27 30 13 24 75 78 40 73 60 70 72 56 8 17 45 3 6 41 50 39 25 5 19 57 15 38 47 33 9 0 44 18 10 58 20 37 14 46 4],[22 71 78 12 65 44 7 70 58 77 39 36 38 45 5 68 56 73 16 66 0 1 28 49 21 79 13 69 40 9 61 26 6 62 55 46 11 19 50 29 53 33 76 43 74 17 27 35 75 48 20 60 4 24 31 2 42 18 63 34 52 47 10 32 25 51 72 67 8 15 57 23 14 64 54 59 30 41 37 3],253195,258705
greedy/lipa80a,292,255240,147,29767,6,[74 5 44 52 38 67 45 59 28 8 25 3 34 61 16 64 76 51 2 41 55 40 60 12 54 18 0 49 71 21 58 42 26 14 27 69 4 70 23 22 29 50 35 66 36 43 75 30 19 46 17 13 1 39 20 32 77 47 72 11 10 63 79 6 24 33 7 56 15 31 65 78 48 53 9 73 37 68 57 62],[22 71 78 12 65 44 7 70 58 77 39 36 38 45 5 68 56 73 16 66 0 1 28 49 21 79 13 69 40 9 61 26 6 62 55 46 11 19 50 29 53 33 76 43 74 17 27 35 75 48 20 60 4 24 31 2 42 18 63 34 52 47 10 32 25 51 72 67 8 15 57 23 14 64 54 59 30 41 37 3],253195,258664
steepest/lipa80a,292,255203,54,173800,41,[65 44 28 42 53 55 60 10 58 4 16 74 30 12 52 9 25 1 13 54 61 27 6 47 26 37 38 76 70 20 7 72 5 73 29 78 3 33 64 36 23 75 17 79 15 31 51 63 35 46 0 71 68 19 45 22 77 57 48 49 50 32 2 11 39 18 69 24 56 8 21 67 41 40 66 59 34 43 14 62],[22 71 78 12 65 44 7 70 58 77 39 36 38 45 5 68 56 73 16 66 0 1 28 49 21 79 13 69 40 9 61 26 6 62 55 46 11 19 50 29 53 33 76 43 74 17 27 35 75 48 20 60 4 24 31 2 42 18 63 34 52 47 10 32 25 51 72 67 8 15 57 23 14 64 54 59 30 41 37 3],253195,258664
greedy/lipa80a,293,255230,146,22437,0,[32 31 57 10 64 0 24 21 18 20 36 23 15 79 25 48 42 28 13 3 29 72 12 73 40 37 74 45 68 77 54 63 47 39 43 2 59 27 16 34 67 70 46 4 17 53 78 30 55 58 7 8 1 22 33 51 66 11 75 5 69 50 35 52 19 62 9 41 60 38 6 71 76 26 61 65 49 14 44 56],[22 71 78 12 65 44 7 70 58 77 39 36 38 45 5 68 56 73 16 66 0 1 28 49 21 79 13 69 40 9 61 26 6 62 55 46 11 19 50 29 53 33 76 43 74 17 27 35 75 48 20 60 4 24 31 2 42 18 63 34 52 47 10 32 25 51 72 67 8 15 57 23 14 64 54 59 30 41 37 3],253195,258856
steepest/lipa80a,293,255410,44,142200,55,[5 25 20 13 70 33 53 0 28 41 34 71 29 74 2 42 31 11 59 12 51 6 44 57 45 52 24 21 75 3 48 39 69 38 37 16 68 23 27 46 14 35 64 50 47 60 56 55 30 26 36 62 66 1 4 15 77 54 73 61 8 79 9 43 63 65 72 58 7 40 17 19 18 10 67 78 49 76 32 22],[22 71 78 12 65 44 7 70 58 77 39 36 38 45 5 68 56 73 16 66 0 1 28 49 21 79 13 69 40 9 61 26 6 62 55 46 11 19 50 29 53 33 76 43 74 17 27 35 75 48 20 60 4 24 31 2 42 18 63 34 52 47 10 32 25 51 72 67 8 15 57 23 14 64 54 59 30 41 37 3],253195,258856
greedy/lipa80a,294,255261,144,33768,8,[78 27 6 7 58 67 20 16 73 38 40 57 52 49 47 41 9 24 17 37 18 71 70 42 23 54 44 28 68 2 11 72 69 48 31 75 50 19 36 64 63 33 60 14 13 3 0 10 62 77 12 76 43 5 59 55 29 15 53 65 56 34 39 32 79 30 22 8 35 61 21 1 26 66 45 51 46 74 25 4],[22 71 78 12 65 44 7 70 58 77 39 36 38 45 5 68 56 73 16 66 0 1 28 49 21 79 13 69 40 9 61 26 6 62 55 46 11 19 50 29 53 33 76 43 74 17 27 35 75 48 20 60 4 24 31 2 42 18 63 34 52 47 10 32 25 51 72 67 8 15 57 23 14 64 54 59 30 41 37 3],253195,258618
steepest/lipa80a,294,255257,48,154840,39,[61 79 18 24 58 64 14 11 15 49 70 50 77 75 31 41 28 16 71 78 37 20 23 17 62 22 21 39 52 54 7 2 1 67 45 13 63 34 72 4 5 55 30 6 56 8 46 73 76 59 43 32 0 57 9 10 47 60 74 36 27 35 44 33 51 38 3 40 69 68 29 12 42 65 53 48 26 66 25 19],[22 71 78 12 65 44 7 70 58 77 39 36 38 45 5 68 56 73 16 66 0 1 28 49 21 79 13 69 40 9 61 26 6 62 55 46 11 19 50 29 53 33 76 43 74 17 27 35 75 48 20 60 4 24 31 2 42 18 63 34 52 47 10 32 25 51 72 67 8 15 57 23 14 64 54 59 30 41 37 3],253195,258618
greedy/lipa80a,295,255333,124,21753,4,[26 12 23 39 24 75 13 48 56 69 59 6 35 7 8 46 15 65 4 25 42 34 20 66 5 73 1 3 0 40 70 33 41 11 45 28 36 30 74 68 60 63 18 47 50 53 32 77 43 49 29 72 61 58 52 17 16 9 71 10 21 14 57 78 37 19 76 54 44 55 51 62 38 2 79 27 67 22 31 64],[22 71 78 12 65 44 7 70 58 77 39 36 38 45 5 68 56 73 16 66 0 1 28 49 21 79 13 69 40 9 61 26 6 62 55 46 11 19 50 29 53 33 76 43 74 17 27 35 75 48 20 60 4 24 31 2 42 18 63 34 52 47 10 32 25 51 72 67 8 15 57 23 14 64 54 59 30 41 37 3],253195,258355
steepest/lipa80a,295,255209,52,167480,42,[41 55 71 7 54 36 34 68 21 6 28 4 0 35 37 19 20 67 42 73 23 3 32 39 5 50 25 27 60 24 29 76 33 11 18 45 40 31 46 38 59 79 1 10 47 2 74 13 12 43 70 66 61 52 48 30 44 15 72 56 22 58 69 51 14 49 75 77 78 62 26 65 17 57 63 53 16 8 64 9],[22 71 78 12 65 44 7 70 58 77 39 36 38 45 5 68 56 73 16 66 0 1 28 49 21 79 13 69 40 9 61 26 6 62 55 46 11 19 50 29 53 33 76 43 74 17 27 35 75 48 20 60 4 24 31 2 42 18 63 34 52 47 10 32 25 51 72 67 8 15 57 23 14 64 54 59 30 41 37 3],253195,258355
greedy/lipa80a,296,255312,145,23851,6,[29 51 59 54 77 9 22 32 2 4 67 60 48 10 73 76 30 5 45 37 66 13 79 74 0 47 38 17 71 15 31 69 24 68 58 53 57 7 28 65 43 12 40 16 34 41 3 25 39 72 20 46 52 19 33 23 61 70 64 11 78 63 18 6 14 36 42 21 44 56 1 75 62 55 35 49 27 50 26 8],[22 71 78 12 65 44 7 70 58 77 39 36 38 45 5 68 56 73 16 66 0 1 28 49 21 79 13 69 40 9 61 26 6 62 55 46 11 19 50 29 53 33 76 43 74 17 27 35 75 48 20 60 4 24 31 2 42 18 63 34 52 47 10 32 25 51 72 67 8 15 57 23 14 64 54 59 30 41 37 3],253195,258694
steepest/lipa80a,296,255417,53,170640,43,[50 32 46 2 0 72 78 15 73 24 48 28 75 79 17 36 18 22 68 51 12 67 47 58 65 42 20 23 3 33 45 70 40 53 44 71 10 34 9 74 43 66 54 30 6 62 55 37 31 49 1 29 19 76 57 52 64 61 25 8 4 77 39 26 14 21 16 60 41 35 69 13 5 63 56 38 11 27 7 59],[22 71 78 12 65 44 7 70 58 77 39 36 38 45 5 68 56 73 16 66 0 1 28 49 21 79 13 69 40 9 61 26 6 62 55 46 11 19 50 29 53 33 76 43 74 17 27 35 75 48 20 60 4 24 31 2 42 18 63 34 52 47 10 32 25 51 72 67 8 15 57 23 14 64 54 59 30 41 37 3],253195,258694
greedy/lipa80a,297,255397,131,27356,7,[64 50 72 36 17 67 7 24 58 44 18 41 55 28 69 68 10 43 20 8 51 60 32 35 71 78 76 27 49 79 59 0 11 1 75 46 34 30 5 15 39 57 3 37 6 56 73 4 38 63 2 12 62 66 21 42 45 40 61 48 19 65 70 33 23 16 52 14 22 74 47 9 31 25 54 29 53 26 13 77],[22 71 78 12 65 44 7 70 58 77 39 36 38 45 5 68 56 73 16 66 0 1 28 49 21 79 13 69 40 9 61 26 6 62 55 46 11 19 50 29 53 33 76 43 74 17 27 35 75 48 20 60 4 24 31 2 42 18 63 34 52 47 10 32 25 51 72 67 8 15 57 23 14 64 54 59 30 41 37 3],253195,258145
steepest/lipa80a,297,255451,37,120080,21,[17 67 66 36 77 59 61 47 35 49 73 27 10 76 48 55 26 18 28 43 3 63 50 40 62 4 39 68 60 69 70 34 22 1 52 8 46 5 24 9 13 12 75 65 14 79 53 16 29 23 32 15 31 72 21 38 6 64 30 20 19 37 41 33 25 74 2 11 51 57 42 44 58 71 78 7 56 0 45 54],[22 71 78 12 65 44 7 70 58 77 39 36 38 45 5 68 56 73 16 66 0 1 28 49 21 79 13 69 40 9 61 26 6 62 55 46 11 19 50 29 53 33 76 43 74 17 27 35 75 48 20 60 4 24 31 2 42 18 63 34 52 47 10 32 25 51 72 67 8 15 57 23 14 64 54 59 30 41 37 3],253195,258145
greedy/lipa80a,298,255383,128,19748,13,[54 13 4 24 37 69 75 73 77 7 26 53 3 15 42 17 27 6 45 63 2 44 23 55 68 46 58 61 8 10 78 30 67 49 29 35 47 76 20 70 72 22 5 50 33 71 31 48 51 0 79 59 36 64 38 12 11 34 66 14 1 39 25 21 19 74 56 18 28 65 60 52 32 41 16 43 57 9 40 62],[22 71 78 12 65 44 7 70 58 77 39 36 38 45 5 68 56 73 16 66 0 1 28 49 21 79 13 69 40 9 61 26 6 62 55 46 11 19 50 29 53 33 76 43 74 17 27 35 75 48 20 60 4 24 31 2 42 18 63 34 52 47 10 32 25 51 72 67 8 15 57 23 14 64 54 59 30 41 37 3],253195,258461
steepest/lipa80a,298,255277,53,170640,41,[73 36 70 24 11 40 61 64 42 7 15 26 22 56 50 1 67 77 52 9 45 5 69 14 68 4 53 75 48 47 79 35 17 41 25 12 44 43 72 30 13 27 65 63 46 51 31 55 16 10 60 58 6 34 38 33 23 74 71 3 19 39 59 21 8 78 54 49 28 37 32 0 62 2 18 57 20 66 76 29],[22 71 78 12 65 44 7 70 58 77 39 36 38 45 5 68 56 73 16 66 0 1 28 49 21 79 13 69 40 9 61 26 6 62 55 46 11 19 50 29 53 33 76 43 74 17 27 35 75 48 20 60 4 24 31 2 42 18 63 34 52 47 10 32 25 51 72 67 8 15 57 23 14 64 54 59 30 41 37 3],253195,258461
greedy/lipa80a,299,255280,120,20205,6,[73 14 8 75 78 50 72 49 62 27 47 38 67 74 46 51 70 55 16 77 60 53 26 17 30 22 28 36 31 39 69 66 23 29 2 43 59 18 48 68 79 52 25 34 32 63 9 76 57 61 1 4 0 45 58 19 40 7 44 65 10 11 71 24 12 35 41 37 21 15 33 5 6 64 20 3 42 54 13 56],[22 71 78 12 65 44 7 70 58 77 39 36 38 45 5 68 56 73 16 66 0 1 28 49 21 79 13 69 40 9 61 26 6 62 55 46 11 19 50 29 53 33 76 43 74 17 27 35 75 48 20 60 4 24 31 2 42 18 63 34 52 47 10 32 25 51 72 67 8 15 57 23 14 64 54 59 30 41 37 3],253195,258619
steepest/lipa80a,299,255351,44,142200,34,[36 44 45 50 78 47 20 17 53 70 7 56 19 42 51 6 72 68 22 71 0 13 67 8 39 27 33 62 57 77 75 32 11 15 35 16 26 2 28 31 79 48 34 5 23 40 69 18 24 10 1 30 12 14 58 43 65 63 55 21 64 74 4 29 25 41 52 59 37 61 60 3 73 76 66 9 46 38 54 49],[22 71 78 12 65 44 7 70 58 77 39 36 38 45 5 68 56 73 16 66 0 1 28 49 21 79 13 69 40 9 61 26 6 62 55 46 11 19 50 29 53 33 76 43 74 17 27 35 75 48 20 60 4 24 31 2 42 18 63 34 52 47 10 32 25 51 72 67 8 15 57 23 14 64 54 59 30 41 37 3],253195,258619
greedy/lipa80a,300,255106,168,38487,7,[53 4 24 28 52 39 1 68 78 41 66 6 16 65 12 5 45 32 15 48 23 75 31 11 70 67 49 72 44 0 60 13 58 73 19 38 57 27 10 74 62 43 22 77 7 42 30 36 26 2 56 69 79 29 63 18 76 14 9 61 21 33 59 51 54 34 40 71 20 35 25 3 37 46 47 55 64 50 17 8],[22 71 78 12 65 44 7 70 58 77 39 36 38 45 5 68 56 73 16 66 0 1 28 49 21 79 13 69 40 9 61 26 6 62 55 46 11 19 50 29 53 33 76 43 74 17 27 35 75 48 20 60 4 24 31 2 42 18 63 34 52 47 10 32 25 51 72 67 8 15 57 23 14 64 54 59 30 41 37 3],253195,258830
steepest/lipa80a,300,255316,50,161160,41,[7 9 15 4 48 20 57 30 1 37 31 2 64 66 19 24 42 61 51 11 58 23 16 28 14 10 22 47 35 69 70 68 45 3 76 78 41 46 52 39 63 75 0 18 71 60 67 12 38 27 43 26 56 5 62 65 17 21 34 33 8 44 77 13 54 32 55 40 29 50 6 53 79 72 74 25 49 36 73 59],[22 71 78 12 65 44 7 70 58 77 39 36 38 45 5 68 56 73 16 66 0 1 28 49 21 79 13 69 40 9 61 26 6 62 55 46 11 19 50 29 53 33 76 43 74 17 27 35 75 48 20 60 4 24 31 2 42 18 63 34 52 47 10 32 25 51 72 67 8 15 57 23 14 64 54 59 30 41 37 3],253195,258830
greedy/lipa80a,301,255363,114,26422,8,[16 47 60 63 34 77 67 41 52 37 39 40 65 79 75 61 31 30 12 17 59 0 38 42 64 51 14 78 70 8 54 45 32 68 3 71 57 73 49 72 7 19 4 36 53 26 35 21 55 29 69 50 22 27 23 20 33 10 62 1 46 66 76 2 56 58 11 13 6 5 43 25 9 18 48 15 28 44 24 74],[22 71 78 12 65 44 7 70 58 77 39 36 38 45 5 68 56 73 16 66 0 1 28 49 21 79 13 69 40 9 61 26 6 62 55 46 11 19 50 29 53 33 76 43 74 17 27 35 75 48 20 60 4 24 31 2 42 18 63 34 52 47 10 32 25 51 72 67 8 15 57 23 14 64 54 59 30 41 37 3],253195,258514
steepest/lipa80a,301,255342,47,151680,35,[64 15 70 77 33 60 16 46 38 10 40 61 51 58 34 76 7 30 12 29 8 0 28 42 17 79 18 11 63 47 57 21 3 32 62 65 22 19 13 39 1 49 14 56 37 75 35 73 20 26 71 68 4 23 59 45 43 24 55 31 36 66 54 50 53 48 2 72 6 5 25 44 41 52 69 78 27 67 9 74],[22 71 78 12 65 44 7 70 58 77 39 36 38 45 5 68 56 73 16 66 0 1 28 49 21 79 13 69 40 9 61 26 6 62 55 46 11 19 50 29 53 33 76 43 74 17 27 35 75 48 20 60 4 24 31 2 42 18 63 34 52 47 10 32 25 51 72 67 8 15 57 23 14 64 54 59 30 41 37 3],253195,258514
greedy/lipa80a,302,255416,142,32468,8,[60 62 38 46 29 37 6 59 51 2 5 3 26 24 9 1 65 48 61 23 47 16 39 30 78 73 70 63 28 17 7 33 66 64 13 11 55 52 77 54 71 50 15 68 41 18 75 44 14 72 25 67 36 20 79 0 21 76 43 4 8 12 34 42 32 22 40 53 69 57 58 31 35 27 10 49 56 74 19 45],[22 71 78 12 65 44 7 70 58 77 39 36 38 45 5 68 56 73 16 66 0 1 28 49 21 79 13 69 40 9 61 26 6 62 55 46 11 19 50 29 53 33 76 43 74 17 27 35 75 48 20 60 4 24 31 2 42 18 63 34 52 47 10 32 25 51 72 67 8 15 57 23 14 64 54 59 30 41 37 3],253195,258601
steepest/lipa80a,302,255276,53,170640,46,[58 16 33 24 66 54 20 3 51 13 63 78 5 2 28 48 50 52 77 68 61 45 56 17 73 30 26 34 4 11 21 9 53 79 72 39 12 70 59 7 65 23 74 29 22 36 10 18 6 71 32 42 44 55 43 46 76 14 31 15 40 57 64 37 0 47 62 67 38 49 69 41 1 27 25 8 19 60 75 35],[22 71 78 12 65 44 7 70 58 77 39 36 38 45 5 68 56 73 16 66 0 1 28 49 21 79 13 69 40 9 61 26 6 62 55 46 11 19 50 29 53 33 76 43 74 17 27 35 75 48 20 60 4 24 31 2 42 18 63 34 52 47 10 32 25 51 72 67 8 15 57 23 14 64 54 59 30 41 37 3],253195,258601
greedy/lipa80a,303,255238,140,29186,6,[75 70 35 25 61 56 10 5 64 57 16 73 49 36 13 42 38 62 53 24 63 55 33 1 72 78 46 47 8 19 45 51 52 74 66 68 27 30 26 3 60 9 50 31 41 14 29 2 39 21 32 28 65 77 79 17 4 11 76 40 34 18 22 20 0 7 71 59 48 15 44 43 69 58 54 12 37 23 6 67],[22 71 78 12 65 44 7 70 58 77 39 36 38 45 5 68 56 73 16 66 0 1 28 49 21 79 13 69 40 9 61 26 6 62 55 46 11 19 50 29 53 33 76 43 74 17 27 35 75 48 20 60 4 24 31 2 42 18 63 34 52 47 10 32 25 51 72 67 8 15 57 23 14 64 54 59 30 41 37 3],253195,258570
steepest/lipa80a,303,255373,46,148520,34,[23 36 17 20 47 51 7 40 52 13 14 71 26 48 46 22 64 45 42 70 35 53 62 34 54 4 78 28 55 38 76 19 61 69 27 56 33 30 8 60 2 9 41 73 5 74 29 58 25 12 50 32 77 0 3 31 72 49 75 79 24 66 18 43 16 10 15 65 59 39 11 67 44 68 63 21 37 1 6 57],[22 71 78 12 65 44 7 70 58 77 39 36 38 45 5 68 56 73 16 66 0 1 28 49 21 79 13 69 40 9 61 26 6 62 55 46 11 19 50 29 53 33 76 43 74 17 27 35 75 48 20 60 4 24 31 2 42 18 63 34 52 47 10 32 25 51 72 67 8 15 57 23 14 64 54 59 30 41 37 3],253195,258570
greedy/lipa80a,304,255233,132,32272,9,[37 45 33 43 65 17 67 5 38 69 9 49 68 32 52 59 34 76 75 55 12 27 54 39 71 18 72 60 64 42 41 4 24 21 19 14 20 35 61 73 53 47 66 2 74 1 62 10 78 7 50 15 70 46 31 13 63 40 79 6 30 29 48 57 28 51 56 22 77 11 16 58 25 36 23 44 3 0 26 8],[22 71 78 12 65 44 7 70 58 77 39 36 38 45 5 68 56 73 16 66 0 1 28 49 21 79 13 69 40 9 61 26 6 62 55 46 11 19 50 29 53 33 76 43 74 17 27 35 75 48 20 60 4 24 31 2 42 18 63 34 52 47 10 32 25 51 72 67 8 15 57 23 14 64 54 59 30 41 37 3],253195,258081
steepest/lipa80a,304,255284,38,123240,26,[54 14 71 24 47 48 55 67 61 5 73 49 32 26 4 46 27 57 34 38 50 18 64 8 68 3 39 36 72 65 51 19 20 1 35 62 75 41 52 11 40 16 74 15 59 43 10 0 29 21 23 53 70 12 30 69 78 63 17 56 7 45 13 28 2 9 31 42 58 25 44 6 37 77 60 76 33 22 79 66],[22 71 78 12 65 44 7 70 58 77 39 36 38 45 5 68 56 73 16 66 0 1 28 49 21 79 13 69 40 9 61 26 6 62 55 46 11 19 50 29 53 33 76 43 74 17 27 35 75 48 20 60 4 24 31 2 42 18 63 34 52 47 10 32 25 51 72 67 8 15 57 23 14 64 54 59 30 41 37 3],253195,258081
greedy/lipa80a,305,255234,138,33024,8,[34 78 60 4 75 48 79 8 20 25 66 51 31 74 14 58 32 38 44 19 18 50 26 28 53 7 37 42 63 57 33 54 21 41 9 73 23 55 76 69 72 15 77 6 29 56 68 13 64 65 39 52 5 59 43 30 67 45 2 36 17 24 35 46 70 22 71 1 3 11 40 12 47 49 16 0 61 10 27 62],[22 71 78 12 65 44 7 70 58 77 39 36 38 45 5 68 56 73 16 66 0 1 28 49 21 79 13 69 40 9 61 26 6 62 55 46 11 19 50 29 53 33 76 43 74 17 27 35 75 48 20 60 4 24 31 2 42 18 63 34 52 47 10 32 25 51 72 67 8 15 57 23 14 64 54 59 30 41 37 3],253195,258444
steepest/lipa80a,305,255284,44,142200,29,[30 57 13 78 16 79 41 72 20 50 32 33 64 35 62 42 47 28 4 71 76 26 45 48 7 58 46 63 77 75 25 55 21 65 9 66 31 8 36 60 44 23 49 2 38 43 6 34 0 68 14 53 56 67 18 3 59 37 39 12 51 24 40 54 70 52 73 61 22 17 11 69 27 29 15 74 19 1 5 10],[22 71 78 12 65 44 7 70 58 77 39 36 38 45 5 68 56 73 16 66 0 1 28 49 21 79 13 69 40 9 61 26 6 62 55 46 11 19 50 29 53 33 76 43 74 17 27 35 75 48 20 60 4 24 31 2 42 18 63 34 52 47 10 32 25 51 72 67 8 15 57 23 14 64 54 59 30 41 37 3],253195,258444
greedy/lipa80a,306,255341,131,27743,10,[62 69 56 54 27 65 34 39 14 4 46 25 50 67 41 35 32 75 76 47 24 44 37 74 1 12 68 51 2 60 3 78 43 72 61 71 52 42 77 28 6 31 29 57 9 79 63 36 22 13 17 64 30 23 7 19 10 59 48 20 40 58 11 8 55 33 26 53 70 66 21 0 73 5 16 45 18 38 49 15],[22 71 78 12 65 44 7 70 58 77 39 36 38 45 5 68 56 73 16 66 0 1 28 49 21 79 13 69 40 9 61 26 6 62 55 46 11 19 50 29 53 33 76 43 74 17 27 35 75 48 20 60 4 24 31 2 42 18 63 34 52 47 10 32 25 51 72 67 8 15 57 23 14 64 54 59 30 41 37 3],253195,258545
steepest/lipa80a,306,255385,42,135880,34,[16 24 22 57 46 65 43 39 52 29 9 0 35 36 76 53 18 6 56 25 64 73 1 74 71 72 26 51 4 2 62 79 58 63 31 32 10 5 45 54 27 3 69 48 42 13 23 30 34 17 44 70 78 50 47 37 8 12 68 41 67 60 40 7 49 61 66 38 14 28 77 59 21 19 15 11 55 75 33 20],[22 71 78 12 65 44 7 70 58 77 39 36 38 45 5 68 56 73 16 66 0 1 28 49 21 79 13 69 40 9 61 26 6 62 55 46 11 19 50 29 53 33 76 43 74 17 27 35 75 48 20 60 4 24 31 2 42 18 63 34 52 47 10 32 25 51 72 67 8 15 57 23 14 64 54 59 30 41 37 3],253195,258545
greedy/lipa80a,307,255269,159,29918,7,[40 64 39 3 10 47 2 1 12 7 44 68 58 37 52 60 74 55 6 31 77 25 56 11 61 8 76 41 51 42 79 23 50 48 65 22 9 33 69 45 27 70 29 35 59 4 38 15 46 36 66 17 71 24 30 53 20 43 73 57 62 13 67 14 75 16 19 78 54 72 18 34 0 32 26 28 49 5 63 21],[22 71 78 12 65 44 7 70 58 77 39 36 38 45 5 68 56 73 16 66 0 1 28 49 21 79 13 69 40 9 61 26 6 62 55 46 11 19 50 29 53 33 76 43 74 17 27 35 75 48 20 60 4 24 31 2 42 18 63 34 52 47 10 32 25 51 72 67 8 15 57 23 14 64 54 59 30 41 37 3],253195,258799
steepest/lipa80a,307,255256,55,176960,41,[43 11 65 52 76 56 15 44 9 32 59 47 31 23 37 4 62 57 8 41 49 5 77 7 20 29 13 28 68 10 12 64 71 2 58 38 53 35 27 24 54 22 30 60 1 40 6 33 75 34 72 45 21 63 0 48 3 70 39 78 36 67 74 26 16 42 69 51 55 17 19 79 25 46 66 61 14 50 73 18],[22 71 78 12 65 44 7 70 58 77 39 36 38 45 5 68 56 73 16 66 0 1 28 49 21 79 13 69 40 9 61 26 6 62 55 46 11 19 50 29 53 33 76 43 74 17 27 35 75 48 20 60 4 24 31 2 42 18 63 34 52 47 10 32 25 51 72 67 8 15 57 23 14 64 54 59 30 41 37 3],253195,258799
greedy/lipa80a,308,255250,124,30650,7,[16 76 66 28 79 69 42 33 74 4 61 41 49 64 26 77 5 75 29 35 30 39 12 6 56 51 70 19 68 55 67 59 43 1 10 9 7 23 52 11 21 31 50 53 48 18 47 57 58 22 63 44 65 8 13 25 20 71 78 2 32 40 17 46 36 34 37 73 45 38 54 60 24 0 27 14 62 3 72 15],[22 71 78 12 65 44 7 70 58 77 39 36 38 45 5 68 56 73 16 66 0 1 28 49 21 79 13 69 40 9 61 26 6 62 55 46 11 19 50 29 53 33 76 43 74 17 27 35 75 48 20 60 4 24 31 2 42 18 63 34 52 47 10 32 25 51 72 67 8 15 57 23 14 64 54 59 30 41 37 3],253195,258063
steepest/lipa80a,308,255342,40,129560,23,[56 15 68 3 61 33 1 31 57 5 21 66 46 18 60 76 51 4 29 49 12 70 19 24 48 58 41 71 34 36 39 32 16 35 73 9 10 8 53 63 74 20 59 17 43 28 2 23 79 22 75 55 47 6 40 7 11 64 44 26 38 77 42 69 78 52 37 30 45 0 72 67 50 54 27 14 62 25 13 65],[22 71 78 12 65 44 7 70 58 77 39 36 38 45 5 68 56 73 16 66 0 1 28 49 21 79 13 69 40 9 61 26 6 62 55 46 11 19 50 29 53 33 76 43 74 17 27 35 75 48 20 60 4 24 31 2 42 18 63 34 52 47 10 32 25 51 72 67 8 15 57 23 14 64 54 59 30 41 37 3],253195,258063
greedy/lipa80a,309,255154,161,36161,16,[76 14 26 73 50 54 32 10 43 56 42 5 4 39 51 37 40 11 46 7 44 77 52 3 6 22 13 30 58 9 57 64 1 38 49 2 61 33 68 78 53 63 79 29 28 55 74 23 75 24 62 67 66 20 59 72 69 16 12 71 27 21 41 25 47 70 17 35 34 65 45 8 18 31 60 36 48 19 15 0],[22 71 78 12 65 44 7 70 58 77 39 36 38 45 5 68 56 73 16 66 0 1 28 49 21 79 13 69 40 9 61 26 6 62 55 46 11 19 50 29 53 33 76 43 74 17 27 35 75 48 20 60 4 24 31 2 42 18 63 34 52 47 10 32 25 51 72 67 8 15 57 23 14 64 54 59 30 41 37 3],253195,258507
steepest/lipa80a,309,255523,45,145360,32,[14 69 57 68 11 72 64 39 10 16 23 36 25 41 5 12 67 51 46 48 31 63 60 2 7 8 13 38 18 9 24 4 77 58 27 66 62 20 59 75 79 26 44 37 3 55 29 74 61 6 65 49 71 32 56 45 15 22 73 76 1 35 47 40 50 33 53 17 34 21 28 30 0 54 52 70 43 19 78 42],[22 71 78 12 65 44 7 70 58 77 39 36 38 45 5 68 56 73 16 66 0 1 28 49 21 79 13 69 40 9 61 26 6 62 55 46 11 19 50 29 53 33 76 43 74 17 27 35 75 48 20 60 4 24 31 2 42 18 63 34 52 47 10 32 25 51 72 67 8 15 57 23 14 64 54 59 30 41 37 3],253195,258507
greedy/lipa80a,310,255307,124,30746,3,[69 63 40 75 67 6 45 51 29 57 68 77 0 52 32 4 78 76 74 23 55 22 72 42 56 64 25 54 2 36 43 58 13 21 53 70 71 38 26 15 48 73 79 10 61 18 12 19 17 44 46 9 33 8 59 50 3 31 14 47 30 34 7 49 28 62 37 41 27 1 5 24 60 16 65 11 35 66 20 39],[22 71 78 12 65 44 7 70 58 77 39 36 38 45 5 68 56 73 16 66 0 1 28 49 21 79 13 69 40 9 61 26 6 62 55 46 11 19 50 29 53 33 76 43 74 17 27 35 75 48 20 60 4 24 31 2 42 18 63 34 52 47 10 32 25 51 72 67 8 15 57 23 14 64 54 59 30 41 37 3],253195,258427
steepest/lipa80a,310,255255,54,173800,41,[76 38 48 78 32 6 70 57 46 75 56 71 62 54 9 14 47 63 45 21 74 55 13 66 35 18 24 1 11 36 2 69 64 33 53 65 30 19 0 34 40 4 49 16 59 60 10 51 68 39 79 22 26 12 15 27 7 77 31 17 5 41 29 28 23 58 42 73 52 67 3 61 43 44 25 50 8 72 20 37],[22 71 78 12 65 44 7 70 58 77 39 36 38 45 5 68 56 73 16 66 0 1 28 49 21 79 13 69 40 9 61 26 6 62 55 46 11 19 50 29 53 33 76 43 74 17 27 35 75 48 20 60 4 24 31 2 42 18 63 34 52 47 10 32 25 51 72 67 8 15 57 23 14 64 54 59 30 41 37 3],253195,258427
greedy/lipa80a,311,255368,155,22545,7,[77 4 23 68 52 42 13 26 36 15 7 45 19 56 69 5 48 58 43 22 63 70 51 38 74 34 35 30 59 60 39 32 79 47 18 55 33 62 10 28 20 12 21 17 73 61 11 25 3 24 75 16 29 72 64 49 41 67 2 66 27 1 65 78 57 8 9 54 50 0 14 44 53 40 76 37 46 6 71 31],[22 71 78 12 65 44 7 70 58 77 39 36 38 45 5 68 56 73 16 66 0 1 28 49 21 79 13 69 40 9 61 26 6 62 55 46 11 19 50 29 53 33 76 43 74 17 27 35 75 48 20 60 4 24 31 2 42 18 63 34 52 47 10 32 25 51 72 67 8 15 57 23 14 64 54 59 30 41 37 3],253195,258833
steepest/lipa80a,311,255339,44,142200,30,[15 20 73 32 52 69 74 31 10 72 1 62 36 59 28 5 67 34 58 9 64 47 51 53 77 66 71 37 25 35 43 11 68 70 23 46 14 22 65 60 56 0 18 39 40 27 76 30 45 49 13 24 29 7 50 4 55 33 16 8 26 21 61 79 75 19 3 57 17 78 44 2 63 54 41 48 6 42 38 12],[22 71 78 12 65 44 7 70 58 77 39 36 38 45 5 68 56 73 16 66 0 1 28 49 21 79 13 69 40 9 61 26 6 62 55 46 11 19 50 29 53 33 76 43 74 17 27 35 75 48 20 60 4 24 31 2 42 18 63 34 52 47 10 32 25 51 72 67 8 15 57 23 14 64 54 59 30 41 37 3],253195,258833
greedy/lipa80a,312,255129,151,36034,11,[8 11 6 48 59 20 19 0 61 51 79 28 52 74 75 7 21 65 70 41 44 2 66 25 57 38 53 46 34 49 68 64 60 42 24 71 30 35 13 10 12 23 29 56 54 43 62 73 4 18 40 78 39 37 27 17 22 1 55 16 9 15 26 32 36 69 14 58 63 3 45 72 33 47 67 77 76 50 5 31],[22 71 78 12 65 44 7 70 58 77 39 36 38 45 5 68 56 73 16 66 0 1 28 49 21 79 13 69 40 9 61 26 6 62 55 46 11 19 50 29 53 33 76 43 74 17 27 35 75 48 20 60 4 24 31 2 42 18 63 34 52 47 10 32 25 51 72 67 8 15 57 23 14 64 54 59 30 41 37 3],253195,258436
steepest/lipa80a,312,255287,39,126400,33,[19 5 48 40 39 21 41 60 18 31 7 42 66 12 73 49 15 6 55 63 65 74 72 69 46 64 75 22 32 30 53 70 76 33 27 59 47 13 11 23 54 56 43 62 17 9 0 35 67 34 16 44 37 38 8 1 36 57 79 58 24 25 77 71 68 4 20 50 29 45 78 10 28 51 14 26 2 3 61 52],[22 71 78 12 65 44 7 70 58 77 39 36 38 45 5 68 56 73 16 66 0 1 28 49 21 79 13 69 40 9 61 26 6 62 55 46 11 19 50 29 53 33 76 43 74 17 27 35 75 48 20 60 4 24 31 2 42 18 63 34 52 47 10 32 25 51 72 67 8 15 57 23 14 64 54 59 30 41 37 3],253195,258436
greedy/lipa80a,313,255322,138,29464,7,[63 24 19 56 48 3 12 9 65 20 8 60 14 50 33 45 7 1 37 17 43 67 69 62 38 6 21 77 71 47 31 28 15 73 23 11 64 35 61 76 26 2 78 59 58 13 57 46 41 4 52 79 40 70 30 32 49 16 68 10 0 39 27 51 66 54 44 22 72 18 53 55 5 29 75 36 25 74 42 34],[22 71 78 12 65 44 7 70 58 77 39 36 38 45 5 68 56 73 16 66 0 1 28 49 21 79 13 69 40 9 61 26 6 62 55 46 11 19 50 29 53 33 76 43 74 17 27 35 75 48 20 60 4 24 31 2 42 18 63 34 52 47 10 32 25 51 72 67 8 15 57 23 14 64 54 59 30 41 37 3],253195,258667
steepest/lipa80a,313,255255,50,161160,35,[30 24 11 37 20 62 2 63 78 36 17 44 12 55 74 77 33 19 15 40 51 73 50 46 31 16 14 79 68 7 5 28 13 57 35 8 21 56 67 76 69 32 65 61 26 23 53 47 45 41 70 3 75 64 60 54 22 72 34 1 0 59 39 25 71 48 4 52 18 38 6 43 9 49 27 10 58 29 42 66],[22 71 78 12 65 44 7 70 58 77 39 36 38 45 5 68 56 73 16 66 0 1 28 49 21 79 13 69 40 9 61 26 6 62 55 46 11 19 50 29 53 33 76 43 74 17 27 35 75 48 20 60 4 24 31 2 42 18 63 34 52 47 10 32 25 51 72 67 8 15 57 23 14 64 54 59 30 41 37 3],253195,258667
greedy/lipa80a,314,255321,127,19449,10,[16 45 14 63 26 73 5 77 44 55 8 7 50 72 78 71 53 39 0 34 64 4 43 19 74 51 2 32 75 10 56 25 69 28 37 15 3 65 31 41 33 58 17 20 59 42 48 12 76 47 62 22 79 21 30 23 13 49 27 6 38 66 46 40 1 35 54 60 68 67 29 36 70 9 52 18 57 61 24 11],[22 71 78 12 65 44 7 70 58 77 39 36 38 45 5 68 56 73 16 66 0 1 28 49 21 79 13 69 40 9 61 26 6 62 55 46 11 19 50 29 53 33 76 43 74 17 27 35 75 48 20 60 4 24 31 2 42 18 63 34 52 47 10 32 25 51 72 67 8 15 57 23 14 64 54 59 30 41 37 3],253195,258368
steepest/lipa80a,314,255440,40,129560,38,[31 18 15 63 55 62 64 58 52 26 42 54 70 71 3 10 12 34 53 17 2 1 14 49 43 21 16 72 73 4 30 78 61 79 41 13 60 65 75 7 32 44 56 38 6 5 48 51 37 40 11 35 28 76 22 23 24 57 77 25 45 66 29 68 39 47 46 59 20 19 33 0 74 69 50 9 36 67 27 8],[22 71 78 12 65 44 7 70 58 77 39 36 38 45 5 68 56 73 16 66 0 1 28 49 21 79 13 69 40 9 61 26 6 62 55 46 11 19 50 29 53 33 76 43 74 17 27 35 75 48 20 60 4 24 31 2 42 18 63 34 52 47 10 32 25 51 72 67 8 15 57 23 14 64 54 59 30 41 37 3],253195,258368
greedy/lipa80a,315,255118,148,38172,10,[5 19 61 26 74 46 10 62 9 48 15 77 4 27 63 58 0 60 1 20 45 71 2 25 34 40 69 6 8 35 59 16 72 53 44 70 67 7 65 33 13 49 68 43 36 79 64 17 37 30 54 31 12 66 21 57 24 22 41 56 76 14 29 32 73 51 18 11 47 55 78 75 52 39 3 23 38 50 28 42],[22 71 78 12 65 44 7 70 58 77 39 36 38 45 5 68 56 73 16 66 0 1 28 49 21 79 13 69 40 9 61 26 6 62 55 46 11 19 50 29 53 33 76 43 74 17 27 35 75 48 20 60 4 24 31 2 42 18 63 34 52 47 10 32 25 51 72 67 8 15 57 23 14 64 54 59 30 41 37 3],253195,258710
steepest/lipa80a,315,255392,49,158000,41,[11 32 44 67 71 4 77 7 9 26 12 1 41 39 50 55 23 14 21 10 5 0 47 69 59 19 58 64 51 2 8 54 74 30 57 79 70 22 16 33 72 31 65 48 56 24 18 37 36 38 6 13 29 52 27 60 61 20 49 25 34 45 76 46 68 78 62 15 35 43 40 42 17 53 28 75 73 66 63 3],[22 71 78 12 65 44 7 70 58 77 39 36 38 45 5 68 56 73 16 66 0 1 28 49 21 79 13 69 40 9 61 26 6 62 55 46 11 19 50 29 53 33 76 43 74 17 27 35 75 48 20 60 4 24 31 2 42 18 63 34 52 47 10 32 25 51 72 67 8 15 57 23 14 64 54 59 30 41 37 3],253195,258710
greedy/lipa80a,316,255334,141,21078,3,[40 19 3 49 1 10 33 7 2 6 22 74 27 23 43 11 64 17 75 66 71 69 77 44 59 14 63 55 4 16 34 12 20 30 21 78 46 18 25 41 51 9 48 50 72 42 37 29 38 15 47 56 39 62 5 73 61 76 8 68 57 32 26 65 35 13 52 79 45 53 28 70 0 36 60 31 58 24 67 54],[22 71 78 12 65 44 7 70 58 77 39 36 38 45 5 68 56 73 16 66 0 1 28 49 21 79 13 69 40 9 61 26 6 62 55 46 11 19 50 29 53 33 76 43 74 17 27 35 75 48 20 60 4 24 31 2 42 18 63 34 52 47 10 32 25 51 72 67 8 15 57 23 14 64 54 59 30 41 37 3],253195,258229
steepest/lipa80a,316,255475,37,120080,27,[46 61 2 78 27 1 70 8 55 10 6 76 26 17 74 40 41 35 16 43 34 48 28 37 25 4 77 68 23 58 42 33 22 79 67 20 30 29 38 56 36 7 64 5 73 32 3 75 54 69 66 65 51 49 53 57 15 63 60 52 31 47 44 14 24 45 18 13 71 50 59 11 12 72 39 19 0 62 9 21],[22 71 78 12 65 44 7 70 58 77 39 36 38 45 5 68 56 73 16 66 0 1 28 49 21 79 13 69 40 9 61 26 6 62 55 46 11 19 50 29 53 33 76 43 74 17 27 35 75 48 20 60 4 24 31 2 42 18 63 34 52 47 10 32 25 51 72 67 8 15 57 23 14 64 54 59 30 41 37 3],253195,258229
greedy/lipa80a,317,255154,161,21687,5,[62 30 63 68 67 21 54 70 36 59 71 60 35 50 7 4 14 6 18 15 42 32 16 22 34 64 43 73 0 38 61 26 79 11 8 39 3 2 31 49 48 9 12 46 28 72 65 29 69 74 75 78 77 37 66 52 20 19 25 10 47 41 40 24 27 76 53 17 56 5 23 13 57 1 51 45 55 44 33 58],[22 71 78 12 65 44 7 70 58 77 39 36 38 45 5 68 56 73 16 66 0 1 28 49 21 79 13 69 40 9 61 26 6 62 55 46 11 19 50 29 53 33 76 43 74 17 27 35 75 48 20 60 4 24 31 2 42 18 63 34 52 47 10 32 25 51 72 67 8 15 57 23 14 64 54 59 30 41 37 3],253195,258744
steepest/lipa80a,317,255373,48,154840,37,[57 24 46 42 39 64 53 22 70 50 40 43 48 5 27 68 14 4 37 38 12 69 35 62 44 31 34 65 66 30 56 73 13 77 79 58 16 63 19 61 36 28 75 29 78 23 51 26 32 17 25 59 11 2 3 9 21 6 18 76 52 7 0 71 20 47 1 60 54 49 33 15 10 72 45 67 8 41 55 74],[22 71 78 12 65 44 7 70 58 77 39 36 38 45 5 68 56 73 16 66 0 1 28 49 21 79 13 69 40 9 61 26 6 62 55 46 11 19 50 29 53 33 76 43 74 17 27 35 75 48 20 60 4 24 31 2 42 18 63 34 52 47 10 32 25 51 72 67 8 15 57 23 14 64 54 59 30 41 37 3],253195,258744
greedy/lipa80a,318,255266,124,21467,2,[15 55 71 77 3 63 4 57 23 28 74 22 31 59 2 7 70 32 35 41 50 26 30 78 51 18 42 13 62 8 19 52 39 27 14 0 24 20 56 44 60 61 10 64 58 76 17 34 47 6 45 21 1 5 79 36 37 68 48 11 75 67 69 65 38 43 25 29 53 12 49 54 73 16 9 40 66 72 46 33],[22 71 78 12 65 44 7 70 58 77 39 36 38 45 5 68 56 73 16 66 0 1 28 49 21 79 13 69 40 9 61 26 6 62 55 46 11 19 50 29 53 33 76 43 74 17 27 35 75 48 20 60 4 24 31 2 42 18 63 34 52 47 10 32 25 51 72 67 8 15 57 23 14 64 54 59 30 41 37 3],253195,258755
steepest/lipa80a,318,255262,55,176960,45,[49 51 57 77 28 14 17 20 43 21 59 26 31 55 42 63 2 39 73 32 24 50 37 27 79 76 56 5 64 8 38 11 29 33 41 12 15 52 71 58 13 61 60 25 23 67 35 70 16 30 68 1 78 62 7 75 47 34 40 6 22 66 48 74 3 44 10 54 18 46 72 19 0 53 36 9 4 45 65 69],[22 71 78 12 65 44 7 70 58 77 39 36 38 45 5 68 56 73 16 66 0 1 28 49 21 79 13 69 40 9 61 26 6 62 55 46 11 19 50 29 53 33 76 43 74 17 27 35 75 48 20 60 4 24 31 2 42 18 63 34 52 47 10 32 25 51 72 67 8 15 57 23 14 64 54 59 30 41 37 3],253195,258755
greedy/lipa80a,319,255282,147,23420,3,[65 72 17 20 11 54 8 55 76 2 24 33 9 22 42 12 51 23 16 69 66 70 7 75 27 45 31 46 40 4 56 53 19 13 30 37 79 38 32 47 3 10 6 14 71 67 62 60 21 63 26 1 41 39 74 5 29 25 64 68 61 43 0 52 44 73 36 57 18 58 50 78 59 15 35 48 34 49 77 28],[22 71 78 12 65 44 7 70 58 77 39 36 38 45 5 68 56 73 16 66 0 1 28 49 21 79 13 69 40 9 61 26 6 62 55 46 11 19 50 29 53 33 76 43 74 17 27 35 75 48 20 60 4 24 31 2 42 18 63 34 52 47 10 32 25 51 72 67 8 15 57 23 14 64 54 59 30 41 37 3],253195,258596
steepest/lipa80a,319,255359,44,142200,31,[68 55 77 44 19 11 31 75 24 42 9 39 53 4 51 14 43 54 59 0 66 67 13 46 22 18 47 21 58 45 16 56 20 7 28 73 23 78 65 61 60 26 25 50 64 8 34 40 2 79 71 76 41 1 52 29 62 72 6 69 57 33 74 15 48 32 35 30 3 5 12 38 17 10 49 37 63 27 36 70],[22 71 78 12 65 44 7 70 58 77 39 36 38 45 5 68 56 73 16 66 0 1 28 49 21 79 13 69 40 9 61 26 6 62 55 46 11 19 50 29 53 33 76 43 74 17 27 35 75 48 20 60 4 24 31 2 42 18 63 34 52 47 10 32 25 51 72 67 8 15 57 23 14 64 54 59 30 41 37 3],253195,258596
greedy/lipa80a,320,255369,146,22595,8,[3 57 61 39 51 14 0 31 32 15 2 63 10 25 79 56 75 33 55 21 46 9 50 24 34 58 41 37 17 71 64 40 30 42 29 45 78 35 19 44 76 4 23 11 72 62 16 12 65 74 36 38 8 77 13 18 27 1 48 26 49 20 68 28 43 60 69 67 22 7 52 54 47 6 5 59 73 53 70 66],[22 71 78 12 65 44 7 70 58 77 39 36 38 45 5 68 56 73 16 66 0 1 28 49 21 79 13 69 40 9 61 26 6 62 55 46 11 19 50 29 53 33 76 43 74 17 27 35 75 48 20 60 4 24 31 2 42 18 63 34 52 47 10 32 25 51 72 67 8 15 57 23 14 64 54 59 30 41 37 3],253195,258646
steepest/lipa80a,320,255414,47,151680,30,[45 64 13 77 38 11 36 8 63 34 37 16 19 66 50 54 42 14 59 24 2 0 12 28 75 18 40 57 47 72 70 55 74 9 22 73 32 27 44 5 7 41 58 76 23 71 51 65 15 17 25 4 49 48 78 10 79 1 68 53 56 26 3 52 20 69 61 39 62 6 35 31 67 60 43 21 30 46 29 33],[22 71 78 12 65 44 7 70 58 77 39 36 38 45 5 68 56 73 16 66 0 1 28 49 21 79 13 69 40 9 61 26 6 62 55 46 11 19 50 29 53 33 76 43 74 17 27 35 75 48 20 60 4 24 31 2 42 18 63 34 52 47 10 32 25 51 72 67 8 15 57 23 14 64 54 59 30 41 37 3],253195,258646
greedy/lipa80a,321,255444,130,25404,8,[74 19 66 24 3 1 67 77 0 41 54 13 11 39 49 14 15 62 4 63 10 31 18 60 46 8 50 37 53 6 33 56 57 36 75 32 29 51 64 48 27 45 73 2 21 79 69 35 65 7 16 38 34 23 72 76 42 9 78 44 70 25 59 52 22 17 55 61 47 43 26 5 68 28 40 20 12 71 58 30],[22 71 78 12 65 44 7 70 58 77 39 36 38 45 5 68 56 73 16 66 0 1 28 49 21 79 13 69 40 9 61 26 6 62 55 46 11 19 50 29 53 33 76 43 74 17 27 35 75 48 20 60 4 24 31 2 42 18 63 34 52 47 10 32 25 51 72 67 8 15 57 23 14 64 54 59 30 41 37 3],253195,258799
steepest/lipa80a,321,255347,48,154840,36,[60 47 18 37 68 21 48 36 31 20 39 40 71 30 44 29 55 27 77 58 76 23 59 14 8 3 22 67 15 5 13 79 69 32 57 43 66 33 52 24 7 73 63 46 54 9 0 41 65 42 74 4 6 35 49 72 28 78 34 19 12 50 2 1 64 11 53 61 62 51 26 16 45 70 38 10 25 17 75 56],[22 71 78 12 65 44 7 70 58 77 39 36 38 45 5 68 56 73 16 66 0 1 28 49 21 79 13 69 40 9 61 26 6 62 55 46 11 19 50 29 53 33 76 43 74 17 27 35 75 48 20 60 4 24 31 2 42 18 63 34 52 47 10 32 25 51 72 67 8 15 57 23 14 64 54 59 30 41 37 3],253195,258799
greedy/lipa80a,322,255063,152,38111,7,[44 17 30 77 45 68 65 51 66 21 28 58 62 37 67 8 55 54 59 43 69 41 42 27 79 31 56 9 75 4 3 15 0 29 32 40 73 52 71 25 16 38 7 14 11 36 12 34 61 24 53 10 47 63 18 35 49 70 1 33 72 23 46 6 13 76 22 26 50 5 57 20 78 64 60 2 74 48 19 39],[22 71 78 12 65 44 7 70 58 77 39 36 38 45 5 68 56 73 16 66 0 1 28 49 21 79 13 69 40 9 61 26 6 62 55 46 11 19 50 29 53 33 76 43 74 17 27 35 75 48 20 60 4 24 31 2 42 18 63 34 52 47 10 32 25 51 72 67 8 15 57 23 14 64 54 59 30 41 37 3],253195,258501
steepest/lipa80a,322,255453,44,142200,38,[23 44 50 61 32 53 14 33 12 18 43 51 73 1 28 75 46 34 45 8 65 9 69 11 79 22 56 17 31 30 55 78 52 39 29 0 4 58 24 37 3 59 71 38 16 67 66 19 21 6 36 5 77 42 54 70 57 68 13 25 35 20 60 10 63 47 2 40 15 64 26 74 7 41 72 49 48 76 27 62],[22 71 78 12 65 44 7 70 58 77 39 36 38 45 5 68 56 73 16 66 0 1 28 49 21 79 13 69 40 9 61 26 6 62 55 46 11 19 50 29 53 33 76 43 74 17 27 35 75 48 20 60 4 24 31 2 42 18 63 34 52 47 10 32 25 51 72 67 8 15 57 23 14 64 54 59 30 41 37 3],253195,258501
greedy/lipa80a,323,255364,132,22534,4,[62 9 15 67 36 13 29 52 54 18 10 17 34 46 72 71 27 23 73 45 5 30 35 50 4 20 26 40 75 60 78 39 58 42 19 24 76 74 12 1 56 41 8 47 63 64 59 51 37 0 79 16 38 61 70 44 11 69 77 2 49 22 43 3 66 31 28 33 68 32 57 21 48 7 25 53 6 65 55 14],[22 71 78 12 65 44 7 70 58 77 39 36 38 45 5 68 56 73 16 66 0 1 28 49 21 79 13 69 40 9 61 26 6 62 55 46 11 19 50 29 53 33 76 43 74 17 27 35 75 48 20 60 4 24 31 2 42 18 63 34 52 47 10 32 25 51 72 67 8 15 57 23 14 64 54 59 30 41 37 3],253195,258406
steepest/lipa80a,323,255353,46,148520,33,[36 40 30 59 47 69 70 73 64 21 6 68 33 79 11 23 13 71 60 5 66 29 31 56 46 10 67 20 0 38 62 14 43 45 50 54 34 52 19 18 12 41 35 39 1 26 77 9 8 61 74 16 63 15 3 72 57 78 4 48 49 22 7 37 27 24 28 65 58 55 32 44 53 2 42 76 17 51 75 25],[22 71 78 12 65 44 7 70 58 77 39 36 38 45 5 68 56 73 16 66 0 1 28 49 21 79 13 69 40 9 61 26 6 62 55 46 11 19 50 29 53 33 76 43 74 17 27 35 75 48 20 60 4 24 31 2 42 18 63 34 52 47 10 32 25 51 72 67 8 15 57 23 14 64 54 59 30 41 37 3],253195,258406
greedy/lipa80a,324,255398,127,24695,10,[79 46 38 24 39 3 25 68 32 9 72 66 13 16 77 28 11 2 59 61 42 17 53 51 64 12 45 54 10 76 36 48 75 23 73 15 29 37 1 7 34 27 78 33 56 21 22 71 58 60 35 65 62 50 6 49 52 55 43 74 19 30 57 67 8 18 5 20 70 40 31 47 41 0 4 69 63 14 44 26],[22 71 78 12 65 44 7 70 58 77 39 36 38 45 5 68 56 73 16 66 0 1 28 49 21 79 13 69 40 9 61 26 6 62 55 46 11 19 50 29 53 33 76 43 74 17 27 35 75 48 20 60 4 24 31 2 42 18 63 34 52 47 10 32 25 51 72 67 8 15 57 23 14 64 54 59 30 41 37 3],253195,258587
steepest/lipa80a,324,255404,41,132720,31,[64 9 57 24 33 54 0 37 77 6 61 20 10 68 72 34 7 2 78 70 56 49 1 17 59 55 48 27 53 3 29 66 16 4 73 35 40 51 79 67 28 5 44 13 32 65 15 58 22 8 71 45 62 50 11 46 38 25 75 69 74 30 23 42 52 18 43 39 76 12 21 31 41 60 14 19 36 47 63 26],[22 71 78 12 65 44 7 70 58 77 39 36 38 45 5 68 56 73 16 66 0 1 28 49 21 79 13 69 40 9 61 26 6 62 55 46 11 19 50 29 53 33 76 43 74 17 27 35 75 48 20 60 4 24 31 2 42 18 63 34 52 47 10 32 25 51 72 67 8 15 57 23 14 64 54 59 30 41 37 3],253195,258587
greedy/lipa80a,325,255354,139,29994,7,[8 34 31 66 16 49 42 47 28 77 78 37 55 46 74 7 57 0 4 14 43 44 1 9 20 10 53 18 23 39 33 3 40 17 50 6 73 58 35 68 64 27 54 15 32 5 11 19 41 45 65 67 62 26 48 71 60 52 13 29 79 12 76 61 69 51 63 30 75 2 38 70 25 24 22 72 36 21 56 59],[22 71 78 12 65 44 7 70 58 77 39 36 38 45 5 68 56 73 16 66 0 1 28 49 21 79 13 69 40 9 61 26 6 62 55 46 11 19 50 29 53 33 76 43 74 17 27 35 75 48 20 60 4 24 31 2 42 18 63 34 52 47 10 32 25 51 72 67 8 15 57 23 14 64 54 59 30 41 37 3],253195,258325
steepest/lipa80a,325,255297,51,164320,40,[48 5 45 31 20 72 14 34 26 46 74 57 8 56 2 38 19 9 12 25 43 65 1 33 73 17 62 24 13 77 75 67 55 50 6 44 69 54 35 37 49 68 15 70 78 53 52 64 59 30 36 22 10 21 27 23 60 61 41 71 79 18 76 63 39 29 51 40 0 47 42 3 66 58 28 32 11 16 7 4],[22 71 78 12 65 44 7 70 58 77 39 36 38 45 5 68 56 73 16 66 0 1 28 49 21 79 13 69 40 9 61 26 6 62 55 46 11 19 50 29 53 33 76 43 74 17 27 35 75 48 20 60 4 24 31 2 42 18 63 34 52 47 10 32 25 51 72 67 8 15 57 23 14 64 54 59 30 41 37 3],253195,258325
greedy/lipa80a,326,255376,139,25033,6,[53 6 58 27 50 60 70 68 71 5 15 13 41 46 54 73 55 59 8 25 34 20 21 11 72 40 32 24 42 57 36 65 17 35 30 39 48 18 23 78 33 1 43 74 44 49 12 31 61 22 69 16 4 14 56 52 63 67 51 26 62 64 10 45 29 9 7 3 38 66 2 77 76 47 0 79 19 37 75 28],[22 71 78 12 65 44 7 70 58 77 39 36 38 45 5 68 56 73 16 66 0 1 28 49 21 79 13 69 40 9 61 26 6 62 55 46 11 19 50 29 53 33 76 43 74 17 27 35 75 48 20 60 4 24 31 2 42 18 63 34 52 47 10 32 25 51 72 67 8 15 57 23 14 64 54 59 30 41 37 3],253195,258518
steepest/lipa80a,326,255144,51,164320,35,[53 20 60 23 29 32 37 7 51 71 38 25 27 74 66 13 9 69 56 17 42 11 73 6 34 54 63 77 52 58 8 30 41 35 19 24 3 76 45 55 78 4 26 72 44 47 12 46 22 49 36 79 33 43 15 75 10 50 59 16 57 64 5 2 39 61 18 67 48 31 68 21 40 65 0 70 14 1 62 28],[22 71 78 12 65 44 7 70 58 77 39 36 38 45 5 68 56 73 16 66 0 1 28 49 21 79 13 69 40 9 61 26 6 62 55 46 11 19 50 29 53 33 76 43 74 17 27 35 75 48 20 60 4 24 31 2 42 18 63 34 52 47 10 32 25 51 72 67 8 15 57 23 14 64 54 59 30 41 37 3],253195,258518
greedy/lipa80a,327,255243,161,37985,4,[75 53 21 70 76 3 24 39 15 6 47 16 18 66 78 23 34 29 65 10 58 26 46 52 45 36 13 14 55 38 7 5 73 27 68 64 4 33 69 20 54 63 60 12 1 37 42 40 31 71 57 0 79 72 77 48 8 35 22 56 19 51 9 25 32 61 11 74 62 2 30 67 44 50 17 43 41 28 59 49],[22 71 78 12 65 44 7 70 58 77 39 36 38 45 5 68 56 73 16 66 0 1 28 49 21 79 13 69 40 9 61 26 6 62 55 46 11 19 50 29 53 33 76 43 74 17 27 35 75 48 20 60 4 24 31 2 42 18 63 34 52 47 10 32 25 51 72 67 8 15 57 23 14 64 54 59 30 41 37 3],253195,258509
steepest/lipa80a,327,255201,41,132720,27,[73 40 9 76 38 41 21 72 8 11 3 64 18 17 56 1 23 55 78 48 58 79 32 45 7 47 50 13 36 12 37 42 52 0 49 16 77 34 44 14 65 71 6 28 29 27 67 62 54 57 2 22 25 26 60 63 30 35 66 61 33 51 53 39 5 20 19 4 68 69 46 31 15 75 74 43 10 24 59 70],[22 71 78 12 65 44 7 70 58 77 39 36 38 45 5 68 56 73 16 66 0 1 28 49 21 79 13 69 40 9 61 26 6 62 55 46 11 19 50 29 53 33 76 43 74 17 27 35 75 48 20 60 4 24 31 2 42 18 63 34 52 47 10 32 25 51 72 67 8 15 57 23 14 64 54 59 30 41 37 3],253195,258509
greedy/lipa80a,328,255334,129,20718,10,[69 42 75 39 72 15 11 74 28 2 56 71 34 16 55 4 5 67 31 6 54 9 45 48 68 1 12 19 63 46 70 61 41 27 59 20 66 8 51 3 18 37 17 33 47 22 62 60 32 7 26 14 76 53 38 36 57 44 23 40 10 50 35 29 65 73 77 25 21 0 78 58 79 43 49 13 52 64 24 30],[22 71 78 12 65 44 7 70 58 77 39 36 38 45 5 68 56 73 16 66 0 1 28 49 21 79 13 69 40 9 61 26 6 62 55 46 11 19 50 29 53 33 76 43 74 17 27 35 75 48 20 60 4 24 31 2 42 18 63 34 52 47 10 32 25 51 72 67 8 15 57 23 14 64 54 59 30 41 37 3],253195,258337
steepest/lipa80a,328,255363,49,158000,34,[19 43 0 59 12 78 79 70 36 40 4 62 42 21 47 5 73 31 30 39 75 16 45 32 48 71 63 55 44 33 8 52 6 56 69 1 17 18 50 14 10 76 64 53 57 67 66 28 9 58 34 74 26 20 46 68 38 25 41 2 3 11 23 29 77 22 37 51 65 7 49 54 35 13 60 15 61 27 72 24],[22 71 78 12 65 44 7 70 58 77 39 36 38 45 5 68 56 73 16 66 0 1 28 49 21 79 13 69 40 9 61 26 6 62 55 46 11 19 50 29 53 33 76 43 74 17 27 35 75 48 20 60 4 24 31 2 42 18 63 34 52 47 10 32 25 51 72 67 8 15 57 23 14 64 54 59 30 41 37 3],253195,258337
greedy/lipa80a,329,255161,148,29854,2,[14 55 74 78 31 25 39 28 62 7 69 43 15 17 22 27 1 49 41 42 8 79 26 63 24 3 12 77 6 35 10 16 70 33 48 20 64 51 58 34 18 71 68 76 50 72 38 32 30 45 0 60 75 2 4 29 54 66 65 52 61 11 40 56 59 5 23 9 21 73 37 47 19 46 67 13 57 53 44 36],[22 71 78 12 65 44 7 70 58 77 39 36 38 45 5 68 56 73 16 66 0 1 28 49 21 79 13 69 40 9 61 26 6 62 55 46 11 19 50 29 53 33 76 43 74 17 27 35 75 48 20 60 4 24 31 2 42 18 63 34 52 47 10 32 25 51 72 67 8 15 57 23 14 64 54 59 30 41 37 3],253195,258879
steepest/lipa80a,329,255336,46,148520,56,[9 45 25 23 14 32 43 26 2 18 27 16 4 10 15 57 35 12 67 28 33 8 29 78 7 72 49 5 30 55 38 34 76 79 64 50 42 17 73 3 63 65 46 71 77 68 6 75 56 41 66 39 24 13 74 19 62 0 48 1 22 52 20 21 51 58 61 31 40 53 69 37 54 36 44 70 59 11 47 60],[22 71 78 12 65 44 7 70 58 77 39 36 38 45 5 68 56 73 16 66 0 1 28 49 21 79 13 69 40 9 61 26 6 62 55 46 11 19 50 29 53 33 76 43 74 17 27 35 75 48 20 60 4 24 31 2 42 18 63 34 52 47 10 32 25 51 72 67 8 15 57 23 14 64 54 59 30 41 37 3],253195,258879
greedy/lipa80a,330,255296,145,24427,8,[33 54 25 28 31 62 73 5 2 79 60 8 61 78 49 65 68 21 45 50 77 57 16 4 72 35 13 38 18 27 10 58 47 40 59 12 7 1 66 0 53 41 14 20 56 43 36 34 55 74 67 11 37 51 52 76 32 48 63 23 70 71 15 46 19 9 64 69 3 42 6 29 30 44 26 39 17 24 75 22],[22 71 78 12 65 44 7 70 58 77 39 36 38 45 5 68 56 73 16 66 0 1 28 49 21 79 13 69 40 9 61 26 6 62 55 46 11 19 50 29 53 33 76 43 74 17 27 35 75 48 20 60 4 24 31 2 42 18 63 34 52 47 10 32 25 51 72 67 8 15 57 23 14 64 54 59 30 41 37 3],253195,258665
steepest/lipa80a,330,255288,45,145360,35,[28 36 27 67 46 55 43 56 54 4 13 58 35 17 61 48 66 68 1 32 15 37 16 79 18 71 77 73 59 44 9 60 39 78 72 40 22 30 74 50 52 23 31 57 0 42 8 19 10 64 51 29 75 38 53 11 34 20 14 2 6 69 65 26 7 25 45 12 33 63 47 3 41 62 70 21 5 24 76 49],[22 71 78 12 65 44 7 70 58 77 39 36 38 45 5 68 56 73 16 66 0 1 28 49 21 79 13 69 40 9 61 26 6 62 55 46 11 19 50 29 53 33 76 43 74 17 27 35 75 48 20 60 4 24 31 2 42 18 63 34 52 47 10 32 25 51 72 67 8 15 57 23 14 64 54 59 30 41 37 3],253195,258665
greedy/lipa80a,331,255407,125,26779,6,[23 55 29 1 77 16 60 9 75 70 13 53 61 76 66 3 27 79 47 11 22 58 41 73 50 52 59 18 51 48 49 36 6 19 38 71 10 67 20 8 25 28 56 31 62 74 21 44 69 32 17 45 68 34 33 12 43 72 37 5 0 24 26 4 54 30 65 39 63 46 15 57 7 78 64 14 40 35 42 2],[22 71 78 12 65 44 7 70 58 77 39 36 38 45 5 68 56 73 16 66 0 1 28 49 21 79 13 69 40 9 61 26 6 62 55 46 11 19 50 29 53 33 76 43 74 17 27 35 75 48 20 60 4 24 31 2 42 18 63 34 52 47 10 32 25 51 72 67 8 15 57 23 14 64 54 59 30 41 37 3],253195,258698
steepest/lipa80a,331,255302,41,132720,29,[1 50 22 25 15 45 53 64 78 72 69 63 35 32 36 60 6 20 71 5 37 14 11 55 74 52 73 58 8 33 43 54 31 77 30 38 49 17 3 0 79 19 39 28 7 26 2 24 18 61 67 66 34 27 56 40 41 46 10 44 65 75 29 68 59 48 47 13 51 70 12 57 9 16 42 76 4 23 21 62],[22 71 78 12 65 44 7 70 58 77 39 36 38 45 5 68 56 73 16 66 0 1 28 49 21 79 13 69 40 9 61 26 6 62 55 46 11 19 50 29 53 33 76 43 74 17 27 35 75 48 20 60 4 24 31 2 42 18 63 34 52 47 10 32 25 51 72 67 8 15 57 23 14 64 54 59 30 41 37 3],253195,258698
greedy/lipa80a,332,255243,144,29742,6,[27 71 26 49 22 32 75 0 79 6 20 8 55 21 5 40 48 73 53 72 46 50 78 18 70 63 37 42 29 36 31 66 62 41 17 60 64 10 76 11 30 44 56 19 58 3 38 43 69 2 12 52 4 24 28 45 33 14 65 68 9 74 39 25 1 7 61 67 13 15 77 54 51 34 57 16 59 35 23 47],[22 71 78 12 65 44 7 70 58 77 39 36 38 45 5 68 56 73 16 66 0 1 28 49 21 79 13 69 40 9 61 26 6 62 55 46 11 19 50 29 53 33 76 43 74 17 27 35 75 48 20 60 4 24 31 2 42 18 63 34 52 47 10 32 25 51 72 67 8 15 57 23 14 64 54 59 30 41 37 3],253195,258263
steepest/lipa80a,332,255253,44,142200,30,[46 1 67 65 56 29 36 30 48 25 6 28 4 15 23 79 55 49 76 2 34 40 54 47 18 3 31 61 63 9 37 73 11 64 35 62 8 10 13 41 42 12 75 27 59 68 0 7 66 60 24 39 17 21 70 52 69 74 20 26 19 43 53 58 14 33 45 77 71 51 78 57 22 5 44 38 16 50 32 72],[22 71 78 12 65 44 7 70 58 77 39 36 38 45 5 68 56 73 16 66 0 1 28 49 21 79 13 69 40 9 61 26 6 62 55 46 11 19 50 29 53 33 76 43 74 17 27 35 75 48 20 60 4 24 31 2 42 18 63 34 52 47 10 32 25 51 72 67 8 15 57 23 14 64 54 59 30 41 37 3],253195,258263
greedy/lipa80a,333,255315,131,20945,5,[64 74 21 71 33 3 20 2 27 63 68 54 57 77 7 59 75 40 18 43 65 6 42 56 9 62 30 34 14 44 55 51 72 38 8 39 41 0 12 11 19 10 17 58 32 67 79 37 49 24 4 26 35 31 76 52 73 70 53 78 36 61 22 50 29 13 23 28 25 15 46 66 48 1 60 16 5 47 69 45],[22 71 78 12 65 44 7 70 58 77 39 36 38 45 5 68 56 73 16 66 0 1 28 49 21 79 13 69 40 9 61 26 6 62 55 46 11 19 50 29 53 33 76 43 74 17 27 35 75 48 20 60 4 24 31 2 42 18 63 34 52 47 10 32 25 51 72 67 8 15 57 23 14 64 54 59 30 41 37 3],253195,258598
steepest/lipa80a,333,255328,48,154840,31,[71 67 28 3 63 72 9 66 23 7 77 11 30 75 52 53 20 40 18 4 10 37 14 58 48 44 73 6 45 19 35 68 55 1 78 8 25 0 16 59 39 69 17 56 12 32 47 22 29 24 76 61 49 31 62 65 42 15 46 57 33 51 74 38 54 5 79 27 43 21 41 50 36 13 60 2 70 64 34 26],[22 71 78 12 65 44 7 70 58 77 39 36 38 45 5 68 56 73 16 66 0 1 28 49 21 79 13 69 40 9 61 26 6 62 55 46 11 19 50 29 53 33 76 43 74 17 27 35 75 48 20 60 4 24 31 2 42 18 63 34 52 47 10 32 25 51 72 67 8 15 57 23 14 64 54 59 30 41 37 3],253195,258598
greedy/lipa80a,334,255525,130,23070,13,[61 68 37 51 14 63 59 48 24 10 3 23 2 34 22 72 41 38 71 18 75 55 19 66 69 65 39 31 43 25 35 26 13 5 79 50 73 8 40 1 9 28 7 6 16 74 45 4 77 36 62 21 30 27 17 12 52 20 78 11 54 60 57 33 49 46 0 47 42 15 70 67 76 64 44 53 29 56 32 58],[22 71 78 12 65 44 7 70 58 77 39 36 38 45 5 68 56 73 16 66 0 1 28 49 21 79 13 69 40 9 61 26 6 62 55 46 11 19 50 29 53 33 76 43 74 17 27 35 75 48 20 60 4 24 31 2 42 18 63 34 52 47 10 32 25 51 72 67 8 15 57 23 14 64 54 59 30 41 37 3],253195,258835
steepest/lipa80a,334,255462,39,126400,31,[64 1 60 14 41 59 10 43 6 33 0 51 44 22 76 34 17 78 63 15 3 71 39 23 9 67 36 52 55 68 20 5 24 53 25 79 18 37 46 40 12 26 75 72 73 29 54 58 74 77 62 31 13 47 69 27 49 30 8 21 70 65 56 11 42 7 32 38 35 19 16 50 4 45 66 61 48 57 28 2],[22 71 78 12 65 44 7 70 58 77 39 36 38 45 5 68 56 73 16 66 0 1 28 49 21 79 13 69 40 9 61 26 6 62 55 46 11 19 50 29 53 33 76 43 74 17 27 35 75 48 20 60 4 24 31 2 42 18 63 34 52 47 10 32 25 51 72 67 8 15 57 23 14 64 54 59 30 41 37 3],253195,258835
greedy/lipa80a,335,255268,127,17817,6,[21 71 34 48 26 60 6 37 14 68 7 41 46 61 49 35 56 33 74 16 73 13 54 24 59 79 1 39 62 43 29 27 67 52 42 45 47 8 25 64 55 72 63 28 22 11 10 12 31 53 78 5 66 3 18 4 2 70 77 0 75 57 20 51 9 38 30 32 15 36 58 69 23 65 76 40 50 17 44 19],[22 71 78 12 65 44 7 70 58 77 39 36 38 45 5 68 56 73 16 66 0 1 28 49 21 79 13 69 40 9 61 26 6 62 55 46 11 19 50 29 53 33 76 43 74 17 27 35 75 48 20 60 4 24 31 2 42 18 63 34 52 47 10 32 25 51 72 67 8 15 57 23 14 64 54 59 30 41 37 3],253195,258407
steepest/lipa80a,335,255538,41,132720,25,[25 9 52 8 68 43 42 69 45 29 71 65 74 75 10 24 64 33 32 53 67 55 28 79 26 37 54 27 18 61 62 73 77 70 34 22 35 47 13 56 36 72 38 63 23 15 40 50 60 49 14 12 57 51 5 31 4 44 2 41 3 59 78 7 20 66 48 21 58 39 46 0 30 6 76 11 19 17 1 16],[22 71 78 12 65 44 7 70 58 77 39 36 38 45 5 68 56 73 16 66 0 1 28 49 21 79 13 69 40 9 61 26 6 62 55 46 11 19 50 29 53 33 76 43 74 17 27 35 75 48 20 60 4 24 31 2 42 18 63 34 52 47 10 32 25 51 72 67 8 15 57 23 14 64 54 59 30 41 37 3],253195,258407
greedy/lipa80a,336,255248,149,28357,7,[52 60 2 20 34 39 71 56 63 64 76 22 65 45 44 70 7 15 12 43 23 69 26 51 66 79 35 67 19 61 41 77 31 3 58 68 57 78 62 47 48 38 29 17 53 59 27 72 4 1 16 33 25 32 0 13 30 8 5 40 36 46 28 10 14 54 73 74 18 11 37 50 55 49 21 6 24 42 9 75],[22 71 78 12 65 44 7 70 58 77 39 36 38 45 5 68 56 73 16 66 0 1 28 49 21 79 13 69 40 9 61 26 6 62 55 46 11 19 50 29 53 33 76 43 74 17 27 35 75 48 20 60 4 24 31 2 42 18 63 34 52 47 10 32 25 51 72 67 8 15 57 23 14 64 54 59 30 41 37 3],253195,258473
steepest/lipa80a,336,255402,44,142200,34,[19 60 47 32 18 63 72 0 66 42 31 10 30 28 6 15 29 76 5 24 41 27 51 78 74 20 49 33 54 7 52 53 61 26 2 59 67 77 1 71 12 4 38 36 57 23 22 69 48 43 3 64 25 50 55 21 34 16 8 62 79 46 37 45 11 40 73 56 17 58 68 35 13 70 14 44 39 65 9 75],[22 71 78 12 65 44 7 70 58 77 39 36 38 45 5 68 56 73 16 66 0 1 28 49 21 79 13 69 40 9 61 26 6 62 55 46 11 19 50 29 53 33 76 43 74 17 27 35 75 48 20 60 4 24 31 2 42 18 63 34 52 47 10 32 25 51 72 67 8 15 57 23 14 64 54 59 30 41 37 3],253195,258473
greedy/lipa80a,337,255349,143,25705,7,[37 49 11 45 10 55 25 73 74 76 75 39 29 2 48 40 12 7 22 19 16 8 65 62 23 56 34 78 24 64 15 27 32 18 79 13 1 36 77 69 59 51 43 68 52 66 9 50 21 47 58 26 28 46 61 38 30 41 3 5 33 44 31 71 67 6 17 63 53 42 14 35 54 0 57 72 70 4 20 60],[22 71 78 12 65 44 7 70 58 77 39 36 38 45 5 68 56 73 16 66 0 1 28 49 21 79 13 69 40 9 61 26 6 62 55 46 11 19 50 29 53 33 76 43 74 17 27 35 75 48 20 60 4 24 31 2 42 18 63 34 52 47 10 32 25 51 72 67 8 15 57 23 14 64 54 59 30 41 37 3],253195,258672
steepest/lipa80a,337,255366,53,170640,41,[65 59 72 46 21 31 71 73 43 3 2 23 32 51 7 74 64 17 52 63 62 16 78 30 12 55 34 1 9 76 50 20 37 58 33 75 70 11 4 41 53 66 56 5 22 18 35 54 15 47 68 44 19 8 40 67 69 26 0 25 79 28 45 36 77 6 61 48 49 10 13 14 60 24 57 27 42 29 38 39],[22 71 78 12 65 44 7 70 58 77 39 36 38 45 5 68 56 73 16 66 0 1 28 49 21 79 13 69 40 9 61 26 6 62 55 46 11 19 50 29 53 33 76 43 74 17 27 35 75 48 20 60 4 24 31 2 42 18 63 34 52 47 10 32 25 51 72 67 8 15 57 23 14 64 54 59 30 41 37 3],253195,258672
greedy/lipa80a,338,255330,118,29589,7,[47 59 71 74 25 2 20 70 13 43 52 36 31 50 62 5 11 0 4 79 57 63 21 51 35 30 77 68 56 73 28 44 54 24 17 46 53 76 38 16 27 23 19 14 48 41 49 3 65 6 33 42 9 67 69 1 61 18 39 10 29 37 58 40 66 75 78 55 60 72 26 8 7 32 15 12 34 64 45 22],[22 71 78 12 65 44 7 70 58 77 39 36 38 45 5 68 56 73 16 66 0 1 28 49 21 79 13 69 40 9 61 26 6 62 55 46 11 19 50 29 53 33 76 43 74 17 27 35 75 48 20 60 4 24 31 2 42 18 63 34 52 47 10 32 25 51 72 67 8 15 57 23 14 64 54 59 30 41 37 3],253195,258342
steepest/lipa80a,338,255379,39,126400,26,[13 70 69 11 36 71 41 26 5 77 43 55 37 54 20 53 47 24 4 72 16 50 19 51 56 58 67 63 12 32 10 44 78 27 2 33 8 35 40 57 79 61 25 30 39 75 49 38 46 31 23 1 9 76 60 21 48 3 14 68 66 6 64 65 0 17 28 59 73 52 15 22 29 62 42 45 34 18 74 7],[22 71 78 12 65 44 7 70 58 77 39 36 38 45 5 68 56 73 16 66 0 1 28 49 21 79 13 69 40 9 61 26 6 62 55 46 11 19 50 29 53 33 76 43 74 17 27 35 75 48 20 60 4 24 31 2 42 18 63 34 52 47 10 32 25 51 72 67 8 15 57 23 14 64 54 59 30 41 37 3],253195,258342
greedy/lipa80a,339,255266,123,30676,8,[66 68 5 49 25 76 77 32 24 2 37 57 31 19 79 52 8 21 40 28 23 78 50 22 70 65 60 3 44 16 56 20 62 63 17 12 27 36 54 53 26 13 51 14 71 59 35 47 46 67 38 39 41 10 4 45 61 29 30 64 6 55 75 69 43 7 0 34 48 18 15 73 11 42 1 33 72 58 74 9],[22 71 78 12 65 44 7 70 58 77 39 36 38 45 5 68 56 73 16 66 0 1 28 49 21 79 13 69 40 9 61 26 6 62 55 46 11 19 50 29 53 33 76 43 74 17 27 35 75 48 20 60 4 24 31 2 42 18 63 34 52 47 10 32 25 51 72 67 8 15 57 23 14 64 54 59 30 41 37 3],253195,258855
steepest/lipa80a,339,255252,45,145360,31,[17 49 26 77 40 75 57 60 24 76 31 32 30 52 11 53 12 20 74 50 4 36 19 28 44 41 14 25 7 21 56 16 54 63 68 69 62 8 23 59 27 13 61 18 65 73 35 39 29 47 43 33 70 48 0 64 42 34 3 22 1 55 79 15 5 66 45 51 37 38 9 2 71 78 67 6 72 10 58 46],[22 71 78 12 65 44 7 70 58 77 39 36 38 45 5 68 56 73 16 66 0 1 28 49 21 79 13 69 40 9 61 26 6 62 55 46 11 19 50 29 53 33 76 43 74 17 27 35 75 48 20 60 4 24 31 2 42 18 63 34 52 47 10 32 25 51 72 67 8 15 57 23 14 64 54 59 30 41 37 3],253195,258855
greedy/lipa80a,340,255496,101,16131,1,[44 0 69 57 52 28 12 25 16 54 47 42 61 14 31 72 24 3 8 5 45 53 41 73 38 21 18 58 10 4 64 77 71 49 48 9 76 79 2 11 1 67 30 35 17 36 15 7 70 19 65 78 46 39 50 26 27 34 13 75 51 59 40 6 74 37 55 33 32 29 20 56 43 68 66 23 63 60 22 62],[22 71 78 12 65 44 7 70 58 77 39 36 38 45 5 68 56 73 16 66 0 1 28 49 21 79 13 69 40 9 61 26 6 62 55 46 11 19 50 29 53 33 76 43 74 17 27 35 75 48 20 60 4 24 31 2 42 18 63 34 52 47 10 32 25 51 72 67 8 15 57 23 14 64 54 59 30 41 37 3],253195,258375
steepest/lipa80a,340,255194,48,154840,31,[63 79 3 16 52 57 42 78 17 9 21 22 6 34 8 0 68 44 53 76 59 39 66 73 45 37 20 58 48 19 5 13 67 43 14 12 40 11 49 28 35 27 60 38 70 23 30 71 77 72 65 15 51 46 55 24 75 64 69 7 2 32 1 56 26 10 74 47 33 18 29 41 54 4 61 50 31 62 25 36],[22 71 78 12 65 44 7 70 58 77 39 36 38 45 5 68 56 73 16 66 0 1 28 49 21 79 13 69 40 9 61 26 6 62 55 46 11 19 50 29 53 33 76 43 74 17 27 35 75 48 20 60 4 24 31 2 42 18 63 34 52 47 10 32 25 51 72 67 8 15 57 23 14 64 54 59 30 41 37 3],253195,258375
greedy/lipa80a,341,255272,150,27705,5,[28 78 41 55 64 73 22 56 4 32 68 54 65 66 51 18 23 63 69 50 0 27 16 57 79 35 58 76 20 31 7 11 46 8 62 43 59 24 53 15 42 14 71 48 67 25 10 19 33 74 47 2 72 60 37 44 34 6 45 38 26 9 17 61 77 70 49 52 5 3 21 29 30 13 40 39 36 12 1 75],[22 71 78 12 65 44 7 70 58 77 39 36 38 45 5 68 56 73 16 66 0 1 28 49 21 79 13 69 40 9 61 26 6 62 55 46 11 19 50 29 53 33 76 43 74 17 27 35 75 48 20 60 4 24 31 2 42 18 63 34 52 47 10 32 25 51 72 67 8 15 57 23 14 64 54 59 30 41 37 3],253195,258472
steepest/lipa80a,341,255273,50,161160,37,[50 16 71 65 23 30 48 19 29 42 53 13 79 52 20 31 35 67 36 2 17 64 33 69 41 57 78 38 58 54 28 62 63 59 21 11 6 49 66 9 8 5 73 0 46 22 60 56 1 74 45 24 72 26 76 51 68 34 25 47 7 40 15 70 4 32 14 43 55 61 27 75 37 44 77 39 18 12 3 10],[22 71 78 12 65 44 7 70 58 77 39 36 38 45 5 68 56 73 16 66 0 1 28 49 21 79 13 69 40 9 61 26 6 62 55 46 11 19 50 29 53 33 76 43 74 17 27 35 75 48 20 60 4 24 31 2 42 18 63 34 52 47 10 32 25 51 72 67 8 15 57 23 14 64 54 59 30 41 37 3],253195,258472
greedy/lipa80a,342,255342,140,18458,4,[30 41 6 2 68 40 21 31 33 16 62 1 48 75 5 29 53 73 70 26 76 52 15 39 37 51 25 27 61 3 24 57 50 12 4 45 49 64 63 55 60 28 42 32 77 13 56 34 23 46 11 72 22 58 65 74 71 36 69 17 66 79 10 20 47 18 54 35 44 8 14 0 67 43 38 59 19 78 7 9],[22 71 78 12 65 44 7 70 58 77 39 36 38 45 5 68 56 73 16 66 0 1 28 49 21 79 13 69 40 9 61 26 6 62 55 46 11 19 50 29 53 33 76 43 74 17 27 35 75 48 20 60 4 24 31 2 42 18 63 34 52 47 10 32 25 51 72 67 8 15 57 23 14 64 54 59 30 41 37 3],253195,258348
steepest/lipa80a,342,255414,49,158000,35,[24 61 44 59 41 12 31 69 53 36 48 14 77 2 70 66 27 39 1 7 73 42 0 51 9 63 26 10 17 16 30 20 50 67 32 45 33 71 46 8 15 40 55 65 37 29 35 6 23 72 68 13 22 5 58 52 34 54 49 78 4 28 18 57 25 11 43 47 79 75 64 3 76 62 21 38 74 60 56 19],[22 71 78 12 65 44 7 70 58 77 39 36 38 45 5 68 56 73 16 66 0 1 28 49 21 79 13 69 40 9 61 26 6 62 55 46 11 19 50 29 53 33 76 43 74 17 27 35 75 48 20 60 4 24 31 2 42 18 63 34 52 47 10 32 25 51 72 67 8 15 57 23 14 64 54 59 30 41 37 3],253195,258348
greedy/lipa80a,343,255329,146,25419,4,[30 72 17 22 65 12 27 35 38 24 18 33 15 28 2 31 51 3 25 6 34 39 9 58 40 49 77 37 47 11 45 70 78 43 60 55 64 44 74 29 14 42 10 36 26 69 79 73 75 66 20 41 67 50 32 5 48 68 62 4 76 56 61 7 21 46 53 8 19 54 57 59 16 63 1 71 52 0 13 23],[22 71 78 12 65 44 7 70 58 77 39 36 38 45 5 68 56 73 16 66 0 1 28 49 21 79 13 69 40 9 61 26 6 62 55 46 11 19 50 29 53 33 76 43 74 17 27 35 75 48 20 60 4 24 31 2 42 18 63 34 52 47 10 32 25 51 72 67 8 15 57 23 14 64 54 59 30 41 37 3],253195,258493
steepest/lipa80a,343,255291,50,161160,38,[47 50 42 11 57 13 72 20 6 62 59 41 15 32 43 48 16 19 5 36 22 2 77 58 38 52 46 10 71 75 63 33 1 78 45 29 64 37 44 26 54 56 74 18 73 9 66 69 61 31 28 24 34 39 27 70 35 3 60 4 49 12 8 7 55 30 67 79 17 51 65 21 40 76 14 53 25 0 68 23],[22 71 78 12 65 44 7 70 58 77 39 36 38 45 5 68 56 73 16 66 0 1 28 49 21 79 13 69 40 9 61 26 6 62 55 46 11 19 50 29 53 33 76 43 74 17 27 35 75 48 20 60 4 24 31 2 42 18 63 34 52 47 10 32 25 51 72 67 8 15 57 23 14 64 54 59 30 41 37 3],253195,258493
greedy/lipa80a,344,255408,126,20499,6,[79 65 13 44 54 53 38 25 22 14 59 47 49 76 50 48 16 75 8 41 30 77 9 72 28 21 2 52 36 55 0 70 46 34 62 19 23 37 17 4 64 61 32 45 60 73 43 15 1 74 51 42 66 67 12 33 26 57 58 5 39 71 24 11 3 56 18 29 7 27 63 31 69 20 78 40 6 35 68 10],[22 71 78 12 65 44 7 70 58 77 39 36 38 45 5 68 56 73 16 66 0 1 28 49 21 79 13 69 40 9 61 26 6 62 55 46 11 19 50 29 53 33 76 43 74 17 27 35 75 48 20 60 4 24 31 2 42 18 63 34 52 47 10 32 25 51 72 67 8 15 57 23 14 64 54 59 30 41 37 3],253195,258226
steepest/lipa80a,344,255412,41,132720,50,[68 40 16 54 19 11 48 10 41 69 37 57 12 45 55 70 3 32 23 20 22 66 30 13 79 60 7 27 44 26 8 63 76 4 62 75 64 72 39 18 42 35 6 77 0 59 21 17 58 31 24 49 29 47 52 33 43 25 71 5 2 51 9 67 56 34 61 28 73 78 53 50 65 38 14 15 46 1 36 74],[22 71 78 12 65 44 7 70 58 77 39 36 38 45 5 68 56 73 16 66 0 1 28 49 21 79 13 69 40 9 61 26 6 62 55 46 11 19 50 29 53 33 76 43 74 17 27 35 75 48 20 60 4 24 31 2 42 18 63 34 52 47 10 32 25 51 72 67 8 15 57 23 14 64 54 59 30 41 37 3],253195,258226
greedy/lipa80a,345,255203,147,35559,7,[9 29 36 65 69 31 44 26 17 64 45 41 53 24 51 27 4 7 73 62 13 70 12 30 57 61 48 1 72 32 25 23 76 55 35 5 46 21 67 2 71 11 43 28 20 68 59 75 18 52 66 56 37 6 8 19 34 49 63 3 22 33 42 39 78 58 47 38 16 40 79 15 10 0 14 50 74 60 54 77],[22 71 78 12 65 44 7 70 58 77 39 36 38 45 5 68 56 73 16 66 0 1 28 49 21 79 13 69 40 9 61 26 6 62 55 46 11 19 50 29 53 33 76 43 74 17 27 35 75 48 20 60 4 24 31 2 42 18 63 34 52 47 10 32 25 51 72 67 8 15 57 23 14 64 54 59 30 41 37 3],253195,258939
steepest/lipa80a,345,255418,43,139040,69,[56 27 75 6 32 63 39 34 62 53 79 8 61 4 30 7 16 54 10 70 46 41 11 68 78 57 26 3 13 25 31 23 9 45 0 60 77 1 21 51 15 2 38 55 33 76 40 49 20 18 12 72 71 37 28 42 48 69 17 22 64 74 19 36 52 47 73 43 44 59 35 5 29 50 67 65 24 66 14 58],[22 71 78 12 65 44 7 70 58 77 39 36 38 45 5 68 56 73 16 66 0 1 28 49 21 79 13 69 40 9 61 26 6 62 55 46 11 19 50 29 53 33 76 43 74 17 27 35 75 48 20 60 4 24 31 2 42 18 63 34 52 47 10 32 25 51 72 67 8 15 57 23 14 64 54 59 30 41 37 3],253195,258939
greedy/lipa80a,346,255185,143,31109,17,[30 50 69 3 5 61 43 6 78 76 11 13 0 8 32 1 24 48 28 49 58 62 63 40 55 72 56 64 59 19 25 77 74 4 51 67 54 52 16 14 71 73 44 15 26 23 47 75 18 10 57 33 45 2 66 38 9 70 46 27 68 22 65 20 34 7 31 12 37 29 60 42 36 79 39 21 41 35 53 17],[22 71 78 12 65 44 7 70 58 77 39 36 38 45 5 68 56 73 16 66 0 1 28 49 21 79 13 69 40 9 61 26 6 62 55 46 11 19 50 29 53 33 76 43 74 17 27 35 75 48 20 60 4 24 31 2 42 18 63 34 52 47 10 32 25 51 72 67 8 15 57 23 14 64 54 59 30 41 37 3],253195,258396
steepest/lipa80a,346,255239,50,161160,52,[73 31 54 21 57 10 62 56 0 16 53 72 77 30 4 43 76 5 42 64 58 59 47 2 1 52 50 39 26 34 11 60 36 79 63 61 51 27 33 6 28 70 29 9 75 23 24 55 7 35 20 69 38 65 19 32 15 48 46 37 8 68 78 13 25 12 17 49 3 18 14 40 74 67 41 22 44 66 45 71],[22 71 78 12 65 44 7 70 58 77 39 36 38 45 5 68 56 73 16 66 0 1 28 49 21 79 13 69 40 9 61 26 6 62 55 46 11 19 50 29 53 33 76 43 74 17 27 35 75 48 20 60 4 24 31 2 42 18 63 34 52 47 10 32 25 51 72 67 8 15 57 23 14 64 54 59 30 41 37 3],253195,258396
greedy/lipa80a,347,255398,124,14976,9,[3 56 39 20 10 42 19 17 15 13 33 32 49 53 24 41 7 38 65 8 57 47 76 67 64 50 4 66 0 68 25 11 26 52 46 63 6 61 23 5 69 44 55 9 1 14 54 37 28 16 72 2 22 18 77 74 29 59 60 70 62 31 40 73 75 21 58 51 36 35 79 34 12 27 45 30 43 71 48 78],[22 71 78 12 65 44 7 70 58 77 39 36 38 45 5 68 56 73 16 66 0 1 28 49 21 79 13 69 40 9 61 26 6 62 55 46 11 19 50 29 53 33 76 43 74 17 27 35 75 48 20 60 4 24 31 2 42 18 63 34 52 47 10 32 25 51 72 67 8 15 57 23 14 64 54 59 30 41 37 3],253195,258650
steepest/lipa80a,347,255446,40,129560,53,[30 9 47 33 37 10 39 66 73 15 70 35 0 20 49 42 48 6 68 18 8 67 76 69 14 5 41 59 65 60 25 57 29 12 4 1 56 7 46 77 19 28 44 72 26 23 34 53 21 27 11 61 22 17 52 63 13 55 31 51 38 16 54 79 75 64 50 40 2 74 71 78 62 58 45 32 43 36 24 3],[22 71 78 12 65 44 7 70 58 77 39 36 38 45 5 68 56 73 16 66 0 1 28 49 21 79 13 69 40 9 61 26 6 62 55 46 11 19 50 29 53 33 76 43 74 17 27 35 75 48 20 60 4 24 31 2 42 18 63 34 52 47 10 32 25 51 72 67 8 15 57 23 14 64 54 59 30 41 37 3],253195,258650
greedy/lipa80a,348,255210,145,21989,7,[65 23 47 43 64 79 29 69 74 7 78 55 51 36 72 15 22 40 59 2 24 13 73 48 11 1 38 50 12 14 5 17 10 66 27 6 77 76 25 35 39 61 44 34 3 19 62 41 58 0 45 56 18 63 28 46 16 31 42 67 30 37 21 8 75 49 33 4 71 52 53 60 68 54 32 57 9 20 26 70],[22 71 78 12 65 44 7 70 58 77 39 36 38 45 5 68 56 73 16 66 0 1 28 49 21 79 13 69 40 9 61 26 6 62 55 46 11 19 50 29 53 33 76 43 74 17 27 35 75 48 20 60 4 24 31 2 42 18 63 34 52 47 10 32 25 51 72 67 8 15 57 23 14 64 54 59 30 41 37 3],253195,259017
steepest/lipa80a,348,255454,41,132720,51,[47 23 18 76 12 65 22 16 45 7 43 59 52 30 17 75 10 15 77 20 53 9 56 5 68 44 74 58 26 21 49 50 31 8 63 54 28 79 57 67 41 25 39 37 78 32 4 27 19 71 13 1 72 55 34 40 46 35 66 14 38 64 73 60 11 33 70 69 62 61 0 2 6 29 36 3 51 42 24 48],[22 71 78 12 65 44 7 70 58 77 39 36 38 45 5 68 56 73 16 66 0 1 28 49 21 79 13 69 40 9 61 26 6 62 55 46 11 19 50 29 53 33 76 43 74 17 27 35 75 48 20 60 4 24 31 2 42 18 63 34 52 47 10 32 25 51 72 67 8 15 57 23 14 64 54 59 30 41 37 3],253195,259017
greedy/lipa80a,349,255175,141,28539,18,[23 5 9 39 54 74 15 2 22 13 43 70 36 21 49 0 29 7 56 67 38 72 55 65 68 1 4 31 78 25 10 73 61 8 28 26 53 18 11 16 32 34 40 57 59 64 20 63 33 6 45 27 60 50 52 62 46 19 48 69 17 30 3 77 58 37 41 75 76 14 66 42 44 71 24 79 12 35 51 47],[22 71 78 12 65 44 7 70 58 77 39 36 38 45 5 68 56 73 16 66 0 1 28 49 21 79 13 69 40 9 61 26 6 62 55 46 11 19 50 29 53 33 76 43 74 17 27 35 75 48 20 60 4 24 31 2 42 18 63 34 52 47 10 32 25 51 72 67 8 15 57 23 14 64 54 59 30 41 37 3],253195,258717
steepest/lipa80a,349,255394,40,129560,55,[2 34 74 42 44 57 39 31 38 77 9 0 3 16 76 23 25 71 56 78 20 28 41 53 68 61 24 15 50 4 75 12 66 73 13 30 47 54 8 36 33 60 29 46 17 59 37 7 26 45 70 58 49 21 67 62 65 6 64 27 32 11 1 55 52 51 40 43 63 18 22 10 69 5 14 72 79 35 48 19],[22 71 78 12 65 44 7 70 58 77 39 36 38 45 5 68 56 73 16 66 0 1 28 49 21 79 13 69 40 9 61 26 6 62 55 46 11 19 50 29 53 33 76 43 74 17 27 35 75 48 20 60 4 24 31 2 42 18 63 34 52 47 10 32 25 51 72 67 8 15 57 23 14 64 54 59 30 41 37 3],253195,258717
greedy/lipa80a,350,255175,150,28139,12,[43 57 25 19 62 7 71 51 1 20 49 12 4 37 31 48 40 38 47 28 13 45 50 67 14 10 22 26 34 52 30 6 27 58 76 70 64 55 0 41 74 79 36 59 42 63 69 72 15 75 61 78 16 66 73 35 2 68 3 33 24 60 39 18 32 54 65 11 9 46 53 44 77 17 21 8 56 29 5 23],[22 71 78 12 65 44 7 70 58 77 39 36 38 45 5 68 56 73 16 66 0 1 28 49 21 79 13 69 40 9 61 26 6 62 55 46 11 19 50 29 53 33 76 43 74 17 27 35 75 48 20 60 4 24 31 2 42 18 63 34 52 47 10 32 25 51 72 67 8 15 57 23 14 64 54 59 30 41 37 3],253195,258238
steepest/lipa80a,350,255402,42,135880,53,[57 68 5 10 49 78 61 7 44 73 37 16 18 39 15 8 67 14 76 31 36 79 1 23 42 4 0 69 71 58 21 65 3 48 64 74 50 38 33 34 29 32 51 20 22 25 19 27 59 62 77 17 12 24 66 53 28 52 30 40 63 45 55 2 47 35 60 11 75 70 56 26 41 6 9 43 54 72 46 13],[22 71 78 12 65 44 7 70 58 77 39 36 38 45 5 68 56 73 16 66 0 1 28 49 21 79 13 69 40 9 61 26 6 62 55 46 11 19 50 29 53 33 76 43 74 17 27 35 75 48 20 60 4 24 31 2 42 18 63 34 52 47 10 32 25 51 72 67 8 15 57 23 14 64 54 59 30 41 37 3],253195,258238
greedy/lipa80a,351,255332,135,22801,10,[75 16 24 30 71 18 39 15 41 5 44 45 22 23 49 54 35 55 69 32 61 70 68 1 33 6 14 66 29 27 25 56 52 53 10 58 46 48 28 43 40 50 47 64 65 57 9 62 79 77 67 11 73 8 26 63 7 42 51 2 13 31 20 74 19 17 12 36 34 78 37 0 60 3 59 76 72 38 21 4],[22 71 78 12 65 44 7 70 58 77 39 36 38 45 5 68 56 73 16 66 0 1 28 49 21 79 13 69 40 9 61 26 6 62 55 46 11 19 50 29 53 33 76 43 74 17 27 35 75 48 20 60 4 24 31 2 42 18 63 34 52 47 10 32 25 51 72 67 8 15 57 23 14 64 54 59 30 41 37 3],253195,258468
steepest/lipa80a,351,255370,45,145360,64,[52 70 23 36 16 79 39 78 58 17 6 37 44 61 3 7 57 76 22 24 32 1 46 54 18 49 42 34 30 13 25 71 77 35 15 66 11 48 67 10 21 19 5 41 26 38 53 62 74 55 4 0 8 51 12 56 72 64 50 2 47 43 20 59 28 29 33 40 63 75 65 69 60 68 9 73 14 31 27 45],[22 71 78 12 65 44 7 70 58 77 39 36 38 45 5 68 56 73 16 66 0 1 28 49 21 79 13 69 40 9 61 26 6 62 55 46 11 19 50 29 53 33 76 43 74 17 27 35 75 48 20 60 4 24 31 2 42 18 63 34 52 47 10 32 25 51 72 67 8 15 57 23 14 64 54 59 30 41 37 3],253195,258468
greedy/lipa80a,352,255288,142,34323,20,[35 68 14 29 33 79 71 49 7 42 27 11 22 15 8 47 54 12 44 26 20 4 38 51 1 10 34 59 16 67 37 32 56 2 21 3 78 74 31 73 45 46 24 65 72 17 69 41 13 28 61 77 36 52 60 55 63 76 40 9 62 19 30 25 0 70 18 48 58 5 53 6 57 50 64 39 75 43 66 23],[22 71 78 12 65 44 7 70 58 77 39 36 38 45 5 68 56 73 16 66 0 1 28 49 21 79 13 69 40 9 61 26 6 62 55 46 11 19 50 29 53 33 76 43 74 17 27 35 75 48 20 60 4 24 31 2 42 18 63 34 52 47 10 32 25 51 72 67 8 15 57 23 14 64 54 59 30 41 37 3],253195,258607
steepest/lipa80a,352,255269,41,132720,56,[12 20 25 63 67 32 72 66 3 10 16 74 31 11 6 30 49 51 79 21 1 18 42 0 35 38 57 34 64 73 61 24 77 2 27 76 4 68 70 75 37 26 55 43 48 46 14 23 7 22 13 41 59 36 8 69 58 78 44 62 15 19 52 60 17 40 33 53 29 39 9 65 56 50 5 47 71 54 28 45],[22 71 78 12 65 44 7 70 58 77 39 36 38 45 5 68 56 73 16 66 0 1 28 49 21 79 13 69 40 9 61 26 6 62 55 46 11 19 50 29 53 33 76 43 74 17 27 35 75 48 20 60 4 24 31 2 42 18 63 34 52 47 10 32 25 51 72 67 8 15 57 23 14 64 54 59 30 41 37 3],253195,258607
greedy/lipa80a,353,255359,141,26923,13,[48 45 5 13 31 67 17 0 26 57 37 16 18 12 7 53 75 32 59 65 73 78 8 42 29 9 68 4 77 44 27 58 21 66 19 55 71 34 49 76 54 74 56 40 10 51 72 36 61 47 1 25 30 46 15 24 2 50 69 52 79 64 20 70 39 43 35 62 23 38 14 33 41 11 6 3 63 22 60 28],[22 71 78 12 65 44 7 70 58 77 39 36 38 45 5 68 56 73 16 66 0 1 28 49 21 79 13 69 40 9 61 26 6 62 55 46 11 19 50 29 53 33 76 43 74 17 27 35 75 48 20 60 4 24 31 2 42 18 63 34 52 47 10 32 25 51 72 67 8 15 57 23 14 64 54 59 30 41 37 3],253195,258660
steepest/lipa80a,353,255372,48,154840,73,[32 31 57 58 20 53 16 23 37 36 68 13 56 7 9 78 34 22 63 1 3 75 71 12 18 39 42 76 4 59 48 43 44 66 24 11 2 77 21 74 62 55 0 29 25 70 64 19 14 67 41 28 46 17 30 26 72 45 8 10 52 15 61 33 50 47 73 35 79 38 69 40 54 49 60 51 65 27 6 5],[22 71 78 12 65 44 7 70 58 77 39 36 38 45 5 68 56 73 16 66 0 1 28 49 21 79 13 69 40 9 61 26 6 62 55 46 11 19 50 29 53 33 76 43 74 17 27 35 75 48 20 60 4 24 31 2 42 18 63 34 52 47 10 32 25 51 72 67 8 15 57 23 14 64 54 59 30 41 37 3],253195,258660
greedy/lipa80a,354,255319,123,25550,17,[17 38 13 78 64 8 0 29 53 79 22 68 19 58 74 56 25 18 3 34 26 11 47 1 43 49 23 65 69 21 35 16 70 61 5 48 28 20 2 15 75 77 57 31 76 10 50 41 46 42 40 36 72 39 44 33 30 63 54 45 52 59 60 27 14 7 24 73 66 67 6 37 9 51 71 32 55 12 62 4],[22 71 78 12 65 44 7 70 58 77 39 36 38 45 5 68 56 73 16 66 0 1 28 49 21 79 13 69 40 9 61 26 6 62 55 46 11 19 50 29 53 33 76 43 74 17 27 35 75 48 20 60 4 24 31 2 42 18 63 34 52 47 10 32 25 51 72 67 8 15 57 23 14 64 54 59 30 41 37 3],253195,258127
steepest/lipa80a,354,255306,46,148520,47,[21 52 63 14 37 15 19 70 60 36 31 3 59 62 24 53 77 51 33 39 26 10 23 46 22 50 48 55 30 27 73 0 45 7 47 56 38 58 35 5 28 65 17 32 57 12 9 34 79 2 64 18 72 1 8 61 11 40 44 49 68 54 16 25 29 69 66 43 75 67 4 74 76 78 71 13 41 42 20 6],[22 71 78 12 65 44 7 70 58 77 39 36 38 45 5 68 56 73 16 66 0 1 28 49 21 79 13 69 40 9 61 26 6 62 55 46 11 19 50 29 53 33 76 43 74 17 27 35 75 48 20 60 4 24 31 2 42 18 63 34 52 47 10 32 25 51 72 67 8 15 57 23 14 64 54 59 30 41 37 3],253195,258127
greedy/lipa80a,355,255352,121,29168,10,[21 71 77 35 57 60 53 63 11 16 1 10 33 59 72 5 65 20 4 49 50 38 66 8 78 31 25 75 56 13 39 40 29 36 52 6 46 58 18 48 24 47 26 44 37 7 54 17 73 28 45 0 68 9 62 22 55 64 15 32 19 51 2 70 14 30 67 34 61 69 3 41 12 74 42 43 27 79 23 76],[22 71 78 12 65 44 7 70 58 77 39 36 38 45 5 68 56 73 16 66 0 1 28 49 21 79 13 69 40 9 61 26 6 62 55 46 11 19 50 29 53 33 76 43 74 17 27 35 75 48 20 60 4 24 31 2 42 18 63 34 52 47 10 32 25 51 72 67 8 15 57 23 14 64 54 59 30 41 37 3],253195,258219
steepest/lipa80a,355,255252,60,192760,58,[41 68 60 71 44 72 62 67 38 36 65 74 76 25 70 18 57 66 15 0 77 59 5 51 61 29 58 16 79 30 37 32 35 47 20 64 33 52 45 27 2 9 3 69 46 43 31 11 63 21 10 24 42 17 7 14 22 48 12 39 19 53 56 78 6 4 8 1 55 49 73 28 54 13 40 34 75 26 23 50],[22 71 78 12 65 44 7 70 58 77 39 36 38 45 5 68 56 73 16 66 0 1 28 49 21 79 13 69 40 9 61 26 6 62 55 46 11 19 50 29 53 33 76 43 74 17 27 35 75 48 20 60 4 24 31 2 42 18 63 34 52 47 10 32 25 51 72 67 8 15 57 23 14 64 54 59 30 41 37 3],253195,258219
greedy/lipa80a,356,255187,142,29408,14,[50 14 61 54 64 28 1 7 55 6 35 9 71 5 30 63 24 18 8 2 34 73 53 13 32 22 66 65 4 67 60 43 70 0 31 27 76 36 26 40 51 42 19 75 59 44 20 56 49 21 52 77 79 29 45 68 48 39 12 69 41 46 25 11 17 23 38 10 78 3 62 57 72 47 33 16 37 15 58 74],[22 71 78 12 65 44 7 70 58 77 39 36 38 45 5 68 56 73 16 66 0 1 28 49 21 79 13 69 40 9 61 26 6 62 55 46 11 19 50 29 53 33 76 43 74 17 27 35 75 48 20 60 4 24 31 2 42 18 63 34 52 47 10 32 25 51 72 67 8 15 57 23 14 64 54 59 30 41 37 3],253195,258527
steepest/lipa80a,356,255243,52,167480,42,[13 76 32 23 49 64 74 3 9 34 48 61 62 43 59 66 22 11 8 79 58 46 67 75 56 25 2 57 68 40 12 24 37 28 1 52 29 45 14 42 78 73 20 53 18 6 7 71 5 35 30 0 77 63 70 47 41 50 55 51 69 4 39 16 19 44 36 65 72 17 21 31 10 60 15 54 26 38 27 33],[22 71 78 12 65 44 7 70 58 77 39 36 38 45 5 68 56 73 16 66 0 1 28 49 21 79 13 69 40 9 61 26 6 62 55 46 11 19 50 29 53 33 76 43 74 17 27 35 75 48 20 60 4 24 31 2 42 18 63 34 52 47 10 32 25 51 72 67 8 15 57 23 14 64 54 59 30 41 37 3],253195,258527
greedy/lipa80a,357,255225,155,32302,9,[41 44 32 34 4 47 58 7 35 48 22 30 51 64 60 46 2 67 14 26 10 66 33 77 0 75 40 55 61 52 62 69 1 9 18 37 53 59 29 5 11 25 42 65 49 39 13 73 50 72 79 12 27 36 38 24 28 45 6 71 19 20 3 16 23 74 68 31 15 78 21 63 54 70 57 43 56 76 8 17],[22 71 78 12 65 44 7 70 58 77 39 36 38 45 5 68 56 73 16 66 0 1 28 49 21 79 13 69 40 9 61 26 6 62 55 46 11 19 50 29 53 33 76 43 74 17 27 35 75 48 20 60 4 24 31 2 42 18 63 34 52 47 10 32 25 51 72 67 8 15 57 23 14 64 54 59 30 41 37 3],253195,258957
steepest/lipa80a,357,255427,42,135880,62,[77 20 41 64 26 37 35 69 59 78 49 29 58 23 7 38 67 15 51 34 27 5 16 19 52 66 55 63 3 6 50 18 60 42 1 75 57 62 33 39 32 36 14 25 65 40 28 12 4 10 43 79 56 31 54 8 45 17 46 2 13 68 72 74 73 44 30 70 48 53 24 9 61 0 47 21 22 71 76 11],[22 71 78 12 65 44 7 70 58 77 39 36 38 45 5 68 56 73 16 66 0 1 28 49 21 79 13 69 40 9 61 26 6 62 55 46 11 19 50 29 53 33 76 43 74 17 27 35 75 48 20 60 4 24 31 2 42 18 63 34 52 47 10 32 25 51 72 67 8 15 57 23 14 64 54 59 30 41 37 3],253195,258957
greedy/lipa80a,358,255395,128,17530,6,[71 51 9 24 66 15 19 33 35 11 76 5 58 21 63 59 29 38 64 70 28 46 3 77 37 69 60 68 67 62 44 6 13 54 26 42 75 39 8 0 40 50 25 36 72 43 2 49 22 20 32 14 18 73 10 30 45 17 27 4 48 56 1 74 55 12 53 78 34 57 7 31 79 16 47 65 52 61 41 23],[22 71 78 12 65 44 7 70 58 77 39 36 38 45 5 68 56 73 16 66 0 1 28 49 21 79 13 69 40 9 61 26 6 62 55 46 11 19 50 29 53 33 76 43 74 17 27 35 75 48 20 60 4 24 31 2 42 18 63 34 52 47 10 32 25 51 72 67 8 15 57 23 14 64 54 59 30 41 37 3],253195,258664
steepest/lipa80a,358,255196,55,176960,66,[65 18 66 15 27 28 70 71 38 7 56 59 35 6 51 12 75 46 3 45 5 42 16 26 64 58 24 62 50 32 61 74 13 2 53 10 30 21 9 55 17 44 20 22 11 39 78 60 37 8 40 73 4 49 29 43 1 77 33 67 48 25 0 72 57 68 79 14 23 54 34 76 36 41 52 63 47 69 19 31],[22 71 78 12 65 44 7 70 58 77 39 36 38 45 5 68 56 73 16 66 0 1 28 49 21 79 13 69 40 9 61 26 6 62 55 46 11 19 50 29 53 33 76 43 74 17 27 35 75 48 20 60 4 24 31 2 42 18 63 34 52 47 10 32 25 51 72 67 8 15 57 23 14 64 54 59 30 41 37 3],253195,258664
greedy/lipa80a,359,255163,154,36903,14,[58 7 16 35 59 68 0 69 48 4 11 28 57 25 51 12 52 1 45 37 17 77 31 62 27 50 49 74 18 53 34 23 65 38 29 13 10 15 60 78 44 76 72 14 75 43 22 79 46 30 33 39 47 19 61 8 9 20 71 21 5 2 42 64 66 70 6 32 73 3 54 24 41 55 26 40 67 63 36 56],[22 71 78 12 65 44 7 70 58 77 39 36 38 45 5 68 56 73 16 66 0 1 28 49 21 79 13 69 40 9 61 26 6 62 55 46 11 19 50 29 53 33 76 43 74 17 27 35 75 48 20 60 4 24 31 2 42 18 63 34 52 47 10 32 25 51 72 67 8 15 57 23 14 64 54 59 30 41 37 3],253195,258812
steepest/lipa80a,359,255379,50,161160,60,[61 29 13 31 16 69 67 37 62 70 75 23 12 47 17 43 4 40 45 33 9 46 26 3 72 25 28 74 10 20 36 56 6 54 68 64 60 35 73 8 11 21 30 2 63 27 71 34 48 0 77 53 5 14 1 19 58 32 50 52 41 76 57 66 78 42 55 38 22 59 65 39 7 44 79 49 51 18 15 24],[22 71 78 12 65 44 7 70 58 77 39 36 38 45 5 68 56 73 16 66 0 1 28 49 21 79 13 69 40 9 61 26 6 62 55 46 11 19 50 29 53 33 76 43 74 17 27 35 75 48 20 60 4 24 31 2 42 18 63 34 52 47 10 32 25 51 72 67 8 15 57 23 14 64 54 59 30 41 37 3],253195,258812
greedy/lipa80a,360,255311,133,22785,15,[1 11 41 18 9 75 74 40 56 73 52 70 58 44 50 37 59 46 79 12 19 38 28 6 55 66 35 32 69 47 26 21 78 43 63 65 15 7 48 72 20 31 10 27 23 24 4 64 0 62 76 54 51 60 17 33 45 8 29 49 39 67 25 61 3 77 57 22 13 14 30 2 42 68 16 36 71 53 34 5],[22 71 78 12 65 44 7 70 58 77 39 36 38 45 5 68 56 73 16 66 0 1 28 49 21 79 13 69 40 9 61 26 6 62 55 46 11 19 50 29 53 33 76 43 74 17 27 35 75 48 20 60 4 24 31 2 42 18 63 34 52 47 10 32 25 51 72 67 8 15 57 23 14 64 54 59 30 41 37 3],253195,258894
steepest/lipa80a,360,255241,46,148520,67,[12 9 63 7 42 56 30 68 46 33 59 72 28 11 18 1 0 15 51 16 78 23 66 65 74 36 39 35 38 55 67 25 31 62 58 44 19 61 40 69 70 71 48 64 24 52 20 6 75 21 50 49 4 77 37 54 14 41 73 57 22 27 26 60 32 17 8 13 29 53 45 79 34 43 10 76 5 3 2 47],[22 71 78 12 65 44 7 70 58 77 39 36 38 45 5 68 56 73 16 66 0 1 28 49 21 79 13 69 40 9 61 26 6 62 55 46 11 19 50 29 53 33 76 43 74 17 27 35 75 48 20 60 4 24 31 2 42 18 63 34 52 47 10 32 25 51 72 67 8 15 57 23 14 64 54 59 30 41 37 3],253195,258894
greedy/lipa80a,361,255296,152,23711,15,[1 17 21 25 62 26 11 48 32 15 36 2 34 0 61 73 24 44 72 37 51 76 45 46 30 38 43 63 22 79 56 68 10 5 59 20 23 8 47 4 19 57 41 49 42 7 64 50 13 75 28 67 55 52 69 16 31 65 53 9 39 18 14 40 6 60 27 77 58 54 66 71 3 33 70 12 35 29 74 78],[22 71 78 12 65 44 7 70 58 77 39 36 38 45 5 68 56 73 16 66 0 1 28 49 21 79 13 69 40 9 61 26 6 62 55 46 11 19 50 29 53 33 76 43 74 17 27 35 75 48 20 60 4 24 31 2 42 18 63 34 52 47 10 32 25 51 72 67 8 15 57 23 14 64 54 59 30 41 37 3],253195,258934
steepest/lipa80a,361,255182,61,195920,77,[37 45 69 46 50 11 74 32 20 51 38 42 0 75 52 78 56 17 44 1 61 5 3 54 7 25 66 24 15 28 22 71 14 8 59 47 43 72 33 40 13 60 2 4 68 36 48 41 27 58 19 16 18 64 76 12 73 62 30 29 6 55 31 67 39 21 34 65 35 53 26 49 10 63 77 70 23 57 79 9],[22 71 78 12 65 44 7 70 58 77 39 36 38 45 5 68 56 73 16 66 0 1 28 49 21 79 13 69 40 9 61 26 6 62 55 46 11 19 50 29 53 33 76 43 74 17 27 35 75 48 20 60 4 24 31 2 42 18 63 34 52 47 10 32 25 51 72 67 8 15 57 23 14 64 54 59 30 41 37 3],253195,258934
greedy/lipa80a,362,255371,129,25836,12,[9 64 14 50 54 39 13 32 15 8 47 70 57 7 20 3 74 51 24 73 75 63 33 43 78 48 6 49 58 36 2 29 26 12 67 71 10 59 68 21 55 5 35 27 17 4 19 30 34 42 66 11 37 62 77 25 40 41 16 18 0 23 79 76 38 65 72 53 61 69 31 28 46 60 56 52 1 22 45 44],[22 71 78 12 65 44 7 70 58 77 39 36 38 45 5 68 56 73 16 66 0 1 28 49 21 79 13 69 40 9 61 26 6 62 55 46 11 19 50 29 53 33 76 43 74 17 27 35 75 48 20 60 4 24 31 2 42 18 63 34 52 47 10 32 25 51 72 67 8 15 57 23 14 64 54 59 30 41 37 3],253195,258630
steepest/lipa80a,362,255259,47,151680,73,[56 9 14 3 20 29 18 32 15 52 54 68 22 7 24 65 27 50 75 43 66 6 26 51 10 5 78 64 11 38 42 35 2 69 0 57 1 73 37 19 55 63 40 49 67 13 47 44 41 60 72 48 4 28 77 39 53 33 23 34 31 58 12 25 16 62 70 8 61 76 59 36 79 21 74 45 46 30 71 17],[22 71 78 12 65 44 7 70 58 77 39 36 38 45 5 68 56 73 16 66 0 1 28 49 21 79 13 69 40 9 61 26 6 62 55 46 11 19 50 29 53 33 76 43 74 17 27 35 75 48 20 60 4 24 31 2 42 18 63 34 52 47 10 32 25 51 72 67 8 15 57 23 14 64 54 59 30 41 37 3],253195,258630
greedy/lipa80a,363,255192,134,29389,13,[50 1 51 52 8 27 18 58 41 20 31 66 45 24 7 65 37 0 35 25 73 2 40 9 4 42 46 39 78 49 60 12 71 32 28 15 64 34 44 19 54 38 67 22 48 70 30 77 17 62 11 5 3 79 29 56 6 47 33 55 13 53 72 43 10 68 14 75 76 57 23 69 59 16 26 21 74 63 61 36],[22 71 78 12 65 44 7 70 58 77 39 36 38 45 5 68 56 73 16 66 0 1 28 49 21 79 13 69 40 9 61 26 6 62 55 46 11 19 50 29 53 33 76 43 74 17 27 35 75 48 20 60 4 24 31 2 42 18 63 34 52 47 10 32 25 51 72 67 8 15 57 23 14 64 54 59 30 41 37 3],253195,258415
steepest/lipa80a,363,255236,47,151680,72,[11 62 68 27 28 65 75 15 52 54 20 49 34 36 2 30 60 41 50 39 14 73 45 61 47 79 63 67 22 24 37 26 48 0 58 10 32 18 38 57 78 40 51 17 16 71 29 33 42 4 3 6 70 56 35 23 31 9 25 46 53 8 43 21 59 44 74 76 5 72 12 77 66 13 19 7 55 64 1 69],[22 71 78 12 65 44 7 70 58 77 39 36 38 45 5 68 56 73 16 66 0 1 28 49 21 79 13 69 40 9 61 26 6 62 55 46 11 19 50 29 53 33 76 43 74 17 27 35 75 48 20 60 4 24 31 2 42 18 63 34 52 47 10 32 25 51 72 67 8 15 57 23 14 64 54 59 30 41 37 3],253195,258415
greedy/lipa80a,364,255273,108,14724,4,[71 9 32 1 42 62 52 17 13 14 48 28 7 68 35 74 24 38 58 39 0 66 15 77 44 5 75 65 40 63 64 6 30 72 37 11 79 2 31 43 45 78 34 67 3 46 50 26 49 19 27 20 51 41 18 16 56 60 69 70 23 59 47 55 76 22 4 10 25 21 29 73 36 12 54 8 57 61 33 53],[22 71 78 12 65 44 7 70 58 77 39 36 38 45 5 68 56 73 16 66 0 1 28 49 21 79 13 69 40 9 61 26 6 62 55 46 11 19 50 29 53 33 76 43 74 17 27 35 75 48 20 60 4 24 31 2 42 18 63 34 52 47 10 32 25 51 72 67 8 15 57 23 14 64 54 59 30 41 37 3],253195,258312
steepest/lipa80a,364,255458,39,126400,67,[40 1 79 47 77 10 39 73 56 36 53 13 71 32 29 43 48 26 15 14 0 68 65 31 2 34 16 17 7 61 70 24 78 23 37 66 63 18 64 44 35 41 75 45 11 4 27 22 57 30 74 20 51 21 59 12 49 42 28 67 69 33 46 5 60 62 8 54 76 55 52 9 6 3 38 72 58 50 19 25],[22 71 78 12 65 44 7 70 58 77 39 36 38 45 5 68 56 73 16 66 0 1 28 49 21 79 13 69 40 9 61 26 6 62 55 46 11 19 50 29 53 33 76 43 74 17 27 35 75 48 20 60 4 24 31 2 42 18 63 34 52 47 10 32 25 51 72 67 8 15 57 23 14 64 54 59 30 41 37 3],253195,258312
greedy/lipa80a,365,255264,137,23619,15,[67 46 59 73 39 15 9 40 1 61 8 57 27 60 51 69 18 12 47 0 3 76 13 49 62 17 21 48 6 5 75 25 71 31 16 68 72 19 42 23 53 35 29 50 11 77 70 65 24 54 78 63 58 28 37 43 36 79 41 74 14 34 7 56 32 10 52 66 44 20 55 64 4 38 30 45 26 2 22 33],[22 71 78 12 65 44 7 70 58 77 39 36 38 45 5 68 56 73 16 66 0 1 28 49 21 79 13 69 40 9 61 26 6 62 55 46 11 19 50 29 53 33 76 43 74 17 27 35 75 48 20 60 4 24 31 2 42 18 63 34 52 47 10 32 25 51 72 67 8 15 57 23 14 64 54 59 30 41 37 3],253195,258527
steepest/lipa80a,365,255665,33,107440,65,[5 23 32 21 27 20 72 19 68 61 30 37 77 69 12 47 48 0 58 34 57 16 70 35 29 13 66 53 67 64 3 26 71 55 40 28 76 59 36 52 51 45 62 9 11 78 49 33 10 2 50 24 43 74 22 39 15 6 25 65 56 54 1 63 79 42 14 8 17 60 7 44 4 31 38 75 18 46 73 41],[22 71 78 12 65 44 7 70 58 77 39 36 38 45 5 68 56 73 16 66 0 1 28 49 21 79 13 69 40 9 61 26 6 62 55 46 11 19 50 29 53 33 76 43 74 17 27 35 75 48 20 60 4 24 31 2 42 18 63 34 52 47 10 32 25 51 72 67 8 15 57 23 14 64 54 59 30 41 37 3],253195,258527
greedy/lipa80a,366,255405,141,29382,19,[13 79 9 76 37 40 29 55 46 4 34 77 58 45 24 50 18 66 26 5 30 10 53 39 52 17 74 65 33 2 7 6 71 49 48 38 15 43 16 68 36 70 14 59 12 11 32 35 75 72 1 73 61 51 8 67 20 41 27 44 62 47 56 21 69 64 57 60 23 22 31 0 19 25 28 42 78 54 63 3],[22 71 78 12 65 44 7 70 58 77 39 36 38 45 5 68 56 73 16 66 0 1 28 49 21 79 13 69 40 9 61 26 6 62 55 46 11 19 50 29 53 33 76 43 74 17 27 35 75 48 20 60 4 24 31 2 42 18 63 34 52 47 10 32 25 51 72 67 8 15 57 23 14 64 54 59 30 41 37 3],253195,258737
steepest/lipa80a,366,255385,51,164320,78,[52 75 46 40 55 79 45 8 62 34 57 37 70 58 38 10 17 12 22 32 4 26 43 49 7 9 20 21 19 2 16 6 77 63 11 1 18 65 67 59 35 61 28 23 74 56 68 76 48 54 27 13 24 44 72 42 71 36 51 31 78 29 14 41 50 69 33 5 15 30 39 60 25 53 73 0 47 3 64 66],[22 71 78 12 65 44 7 70 58 77 39 36 38 45 5 68 56 73 16 66 0 1 28 49 21 79 13 69 40 9 61 26 6 62 55 46 11 19 50 29 53 33 76 43 74 17 27 35 75 48 20 60 4 24 31 2 42 18 63 34 52 47 10 32 25 51 72 67 8 15 57 23 14 64 54 59 30 41 37 3],253195,258737
greedy/lipa80a,367,255385,125,16034,8,[77 75 64 9 1 59 57 31 23 21 18 54 28 73 65 42 78 63 36 15 33 0 66 39 16 38 24 60 41 79 34 47 8 2 27 14 35 20 70 76 17 26 30 43 45 6 55 58 44 25 12 69 52 32 48 10 4 49 74 53 68 22 71 3 29 51 56 37 13 19 46 50 61 40 67 7 11 5 72 62],[22 71 78 12 65 44 7 70 58 77 39 36 38 45 5 68 56 73 16 66 0 1 28 49 21 79 13 69 40 9 61 26 6 62 55 46 11 19 50 29 53 33 76 43 74 17 27 35 75 48 20 60 4 24 31 2 42 18 63 34 52 47 10 32 25 51 72 67 8 15 57 23 14 64 54 59 30 41 37 3],253195,258369
steepest/lipa80a,367,255323,45,145360,51,[60 30 11 73 31 74 28 0 62 3 76 5 66 13 65 51 55 33 44 72 49 59 22 57 21 52 47 34 38 9 37 32 14 41 25 20 27 4 35 58 8 26 64 70 29 17 15 69 54 12 56 67 50 42 45 10 68 79 75 18 24 39 1 61 16 43 78 71 7 48 36 63 6 46 19 40 23 53 2 77],[22 71 78 12 65 44 7 70 58 77 39 36 38 45 5 68 56 73 16 66 0 1 28 49 21 79 13 69 40 9 61 26 6 62 55 46 11 19 50 29 53 33 76 43 74 17 27 35 75 48 20 60 4 24 31 2 42 18 63 34 52 47 10 32 25 51 72 67 8 15 57 23 14 64 54 59 30 41 37 3],253195,258369
greedy/lipa80a,368,255367,131,19754,4,[28 22 40 72 45 76 24 48 73 34 77 15 0 58 79 18 21 59 47 74 33 7 29 11 3 16 60 50 25 37 61 54 65 38 70 53 66 62 1 78 5 64 68 46 41 39 43 35 31 49 20 19 44 10 51 13 67 56 57 14 71 23 52 32 36 69 75 55 30 4 26 63 2 42 8 17 27 12 9 6],[22 71 78 12 65 44 7 70 58 77 39 36 38 45 5 68 56 73 16 66 0 1 28 49 21 79 13 69 40 9 61 26 6 62 55 46 11 19 50 29 53 33 76 43 74 17 27 35 75 48 20 60 4 24 31 2 42 18 63 34 52 47 10 32 25 51 72 67 8 15 57 23 14 64 54 59 30 41 37 3],253195,258455
steepest/lipa80a,368,255459,48,154840,65,[51 47 34 55 66 41 15 72 52 44 27 26 0 48 79 43 35 10 49 36 33 2 3 50 18 58 77 59 60 7 78 54 75 4 57 22 40 39 28 31 1 12 5 6 63 23 73 9 25 64 21 53 11 13 29 46 76 17 45 38 71 56 65 74 68 69 19 42 62 30 24 37 70 20 67 8 16 61 32 14],[22 71 78 12 65 44 7 70 58 77 39 36 38 45 5 68 56 73 16 66 0 1 28 49 21 79 13 69 40 9 61 26 6 62 55 46 11 19 50 29 53 33 76 43 74 17 27 35 75 48 20 60 4 24 31 2 42 18 63 34 52 47 10 32 25 51 72 67 8 15 57 23 14 64 54 59 30 41 37 3],253195,258455
greedy/lipa80a,369,255325,139,23367,5,[39 28 44 69 64 0 1 7 76 33 65 47 61 75 10 20 48 15 51 58 49 9 40 13 78 3 38 54 17 42 34 59 18 26 8 31 4 22 36 30 43 55 50 53 11 37 60 74 23 57 16 41 21 5 27 63 70 67 79 72 19 68 77 25 32 71 24 73 46 56 62 14 45 2 35 6 52 66 12 29],[22 71 78 12 65 44 7 70 58 77 39 36 38 45 5 68 56 73 16 66 0 1 28 49 21 79 13 69 40 9 61 26 6 62 55 46 11 19 50 29 53 33 76 43 74 17 27 35 75 48 20 60 4 24 31 2 42 18 63 34 52 47 10 32 25 51 72 67 8 15 57 23 14 64 54 59 30 41 37 3],253195,258254
steepest/lipa80a,369,255265,46,148520,50,[8 48 38 42 78 1 59 9 7 39 43 51 49 14 17 72 28 19 0 23 31 11 45 30 18 63 15 56 4 26 69 75 13 3 50 71 70 22 2 36 77 10 55 54 32 73 25 58 61 21 12 79 41 33 35 52 65 67 76 40 20 74 64 47 66 68 37 57 44 6 62 46 29 24 53 16 34 27 60 5],[22 71 78 12 65 44 7 70 58 77 39 36 38 45 5 68 56 73 16 66 0 1 28 49 21 79 13 69 40 9 61 26 6 62 55 46 11 19 50 29 53 33 76 43 74 17 27 35 75 48 20 60 4 24 31 2 42 18 63 34 52 47 10 32 25 51 72 67 8 15 57 23 14 64 54 59 30 41 37 3],253195,258254
greedy/lipa80a,370,255296,135,25498,7,[42 72 32 4 34 63 71 8 70 41 73 33 51 14 37 6 26 55 16 5 79 25 40 45 67 43 3 12 7 52 57 53 50 75 65 66 21 27 17 9 69 30 76 46 36 28 13 18 49 58 39 24 59 20 0 29 2 77 78 61 38 10 44 31 11 54 68 48 19 15 60 47 35 64 56 74 62 23 1 22],[22 71 78 12 65 44 7 70 58 77 39 36 38 45 5 68 56 73 16 66 0 1 28 49 21 79 13 69 40 9 61 26 6 62 55 46 11 19 50 29 53 33 76 43 74 17 27 35 75 48 20 60 4 24 31 2 42 18 63 34 52 47 10 32 25 51 72 67 8 15 57 23 14 64 54 59 30 41 37 3],253195,258568
steepest/lipa80a,370,255357,44,142200,54,[67 60 53 19 4 9 5 58 8 70 44 50 51 72 77 14 42 46 16 40 11 33 66 41 69 52 18 64 79 35 78 49 75 29 13 31 45 48 32 2 27 57 24 74 37 22 76 17 54 1 65 20 38 21 12 23 36 7 15 0 73 28 25 34 62 56 39 26 3 63 59 10 68 71 30 6 43 61 55 47],[22 71 78 12 65 44 7 70 58 77 39 36 38 45 5 68 56 73 16 66 0 1 28 49 21 79 13 69 40 9 61 26 6 62 55 46 11 19 50 29 53 33 76 43 74 17 27 35 75 48 20 60 4 24 31 2 42 18 63 34 52 47 10 32 25 51 72 67 8 15 57 23 14 64 54 59 30 41 37 3],253195,258568
greedy/lipa80a,371,255294,148,27338,10,[40 34 30 44 0 76 21 6 9 63 48 67 28 27 52 57 3 20 43 56 58 5 62 35 61 13 29 75 23 60 8 32 17 2 64 22 19 15 72 50 41 36 10 68 1 65 59 70 14 49 66 12 4 26 42 47 79 25 37 7 69 77 53 31 78 54 39 33 18 55 24 38 46 73 74 11 71 16 45 51],[22 71 78 12 65 44 7 70 58 77 39 36 38 45 5 68 56 73 16 66 0 1 28 49 21 79 13 69 40 9 61 26 6 62 55 46 11 19 50 29 53 33 76 43 74 17 27 35 75 48 20 60 4 24 31 2 42 18 63 34 52 47 10 32 25 51 72 67 8 15 57 23 14 64 54 59 30 41 37 3],253195,259149
steepest/lipa80a,371,255209,60,192760,61,[20 68 5 48 55 32 70 63 58 38 57 12 36 45 64 35 22 49 33 0 4 52 54 61 59 42 24 44 71 41 37 69 72 7 17 18 28 51 14 79 50 2 16 26 6 65 3 40 75 13 39 60 11 30 73 47 67 9 19 29 25 1 27 21 56 15 78 43 53 74 23 62 31 66 8 10 34 76 77 46],[22 71 78 12 65 44 7 70 58 77 39 36 38 45 5 68 56 73 16 66 0 1 28 49 21 79 13 69 40 9 61 26 6 62 55 46 11 19 50 29 53 33 76 43 74 17 27 35 75 48 20 60 4 24 31 2 42 18 63 34 52 47 10 32 25 51 72 67 8 15 57 23 14 64 54 59 30 41 37 3],253195,259149
greedy/lipa80a,372,255331,131,32139,12,[24 32 34 6 21 44 28 72 35 60 43 10 1 52 47 0 33 41 61 55 65 4 17 46 14 39 64 68 57 27 69 5 54 29 30 11 15 18 53 50 23 74 19 9 22 12 73 2 66 25 79 78 75 63 76 67 31 20 77 8 51 71 58 16 45 3 36 48 37 70 40 42 38 49 59 56 7 13 62 26],[22 71 78 12 65 44 7 70 58 77 39 36 38 45 5 68 56 73 16 66 0 1 28 49 21 79 13 69 40 9 61 26 6 62 55 46 11 19 50 29 53 33 76 43 74 17 27 35 75 48 20 60 4 24 31 2 42 18 63 34 52 47 10 32 25 51 72 67 8 15 57 23 14 64 54 59 30 41 37 3],253195,258747
steepest/lipa80a,372,255327,43,139040,47,[60 7 77 24 12 32 44 72 38 20 37 57 35 10 45 11 26 55 1 53 14 8 16 78 46 61 68 41 6 23 79 43 50 18 42 74 28 33 30 5 76 62 63 58 49 15 73 36 17 67 52 64 56 3 21 71 31 0 70 25 51 66 19 34 47 13 59 29 40 54 75 39 69 65 22 4 9 2 27 48],[22 71 78 12 65 44 7 70 58 77 39 36 38 45 5 68 56 73 16 66 0 1 28 49 21 79 13 69 40 9 61 26 6 62 55 46 11 19 50 29 53 33 76 43 74 17 27 35 75 48 20 60 4 24 31 2 42 18 63 34 52 47 10 32 25 51 72 67 8 15 57 23 14 64 54 59 30 41 37 3],253195,258747
greedy/lipa80a,373,255398,143,26450,13,[28 63 64 11 68 8 26 61 22 37 36 56 33 52 51 4 10 2 5 77 62 67 57 59 38 34 0 45 21 31 54 30 41 58 43 3 16 15 79 35 23 78 72 65 70 53 1 40 47 25 39 18 20 12 74 55 66 71 76 46 69 9 13 17 19 7 60 44 73 14 42 6 49 32 29 27 50 48 24 75],[22 71 78 12 65 44 7 70 58 77 39 36 38 45 5 68 56 73 16 66 0 1 28 49 21 79 13 69 40 9 61 26 6 62 55 46 11 19 50 29 53 33 76 43 74 17 27 35 75 48 20 60 4 24 31 2 42 18 63 34 52 47 10 32 25 51 72 67 8 15 57 23 14 64 54 59 30 41 37 3],253195,258360
steepest/lipa80a,373,255414,38,123240,48,[60 69 50 11 65 12 40 22 36 52 61 28 78 64 62 59 6 46 54 44 74 57 32 35 1 0 75 41 73 33 14 15 45 8 63 18 38 30 17 19 76 72 5 24 26 39 66 20 71 4 67 70 56 48 77 3 58 34 31 23 9 42 55 10 53 25 37 43 21 51 16 27 79 68 13 7 49 2 47 29],[22 71 78 12 65 44 7 70 58 77 39 36 38 45 5 68 56 73 16 66 0 1 28 49 21 79 13 69 40 9 61 26 6 62 55 46 11 19 50 29 53 33 76 43 74 17 27 35 75 48 20 60 4 24 31 2 42 18 63 34 52 47 10 32 25 51 72 67 8 15 57 23 14 64 54 59 30 41 37 3],253195,258360
greedy/lipa80a,374,255506,124,14205,0,[52 21 67 17 29 70 77 5 6 51 42 31 44 12 79 10 20 74 57 38 33 69 26 75 22 65 47 46 8 72 62 36 11 3 35 61 43 63 60 13 73 48 28 7 76 45 58 14 39 66 27 59 15 41 55 30 25 24 0 18 56 78 2 71 50 9 23 34 64 40 1 37 19 68 16 32 49 53 4 54],[22 71 78 12 65 44 7 70 58 77 39 36 38 45 5 68 56 73 16 66 0 1 28 49 21 79 13 69 40 9 61 26 6 62 55 46 11 19 50 29 53 33 76 43 74 17 27 35 75 48 20 60 4 24 31 2 42 18 63 34 52 47 10 32 25 51 72 67 8 15 57 23 14 64 54 59 30 41 37 3],253195,258645
steepest/lipa80a,374,255526,45,145360,56,[23 70 5 57 62 54 12 6 50 26 53 67 7 17 13 36 64 66 33 71 69 22 19 75 41 56 32 61 60 10 78 3 11 58 35 31 44 63 28 8 59 48 15 16 55 29 65 43 52 47 39 77 51 4 30 25 72 40 76 27 38 68 79 14 18 73 42 1 46 9 2 20 45 37 0 21 34 24 74 49],[22 71 78 12 65 44 7 70 58 77 39 36 38 45 5 68 56 73 16 66 0 1 28 49 21 79 13 69 40 9 61 26 6 62 55 46 11 19 50 29 53 33 76 43 74 17 27 35 75 48 20 60 4 24 31 2 42 18 63 34 52 47 10 32 25 51 72 67 8 15 57 23 14 64 54 59 30 41 37 3],253195,258645
greedy/lipa80a,375,255326,126,25089,10,[33 56 46 43 12 55 69 42 45 23 62 4 32 41 30 63 48 52 77 27 3 16 78 70 57 2 0 13 36 20 66 51 53 65 72 37 54 35 22 68 39 26 14 49 9 40 15 47 24 60 5 19 61 7 34 74 6 38 28 59 58 31 76 25 79 44 11 73 10 8 17 64 67 29 1 50 71 21 75 18],[22 71 78 12 65 44 7 70 58 77 39 36 38 45 5 68 56 73 16 66 0 1 28 49 21 79 13 69 40 9 61 26 6 62 55 46 11 19 50 29 53 33 76 43 74 17 27 35 75 48 20 60 4 24 31 2 42 18 63 34 52 47 10 32 25 51 72 67 8 15 57 23 14 64 54 59 30 41 37 3],253195,258517
steepest/lipa80a,375,255433,35,113760,58,[64 54 13 62 44 77 67 47 29 55 12 26 49 52 24 23 59 48 78 69 61 76 32 28 50 33 53 17 6 1 40 51 75 5 19 60 70 58 72 63 34 46 14 11 39 9 30 27 66 18 73 22 0 7 4 74 10 42 31 36 57 45 79 41 43 3 38 20 21 25 56 65 15 37 71 68 35 2 16 8],[22 71 78 12 65 44 7 70 58 77 39 36 38 45 5 68 56 73 16 66 0 1 28 49 21 79 13 69 40 9 61 26 6 62 55 46 11 19 50 29 53 33 76 43 74 17 27 35 75 48 20 60 4 24 31 2 42 18 63 34 52 47 10 32 25 51 72 67 8 15 57 23 14 64 54 59 30 41 37 3],253195,258517
greedy/lipa80a,376,255272,138,33444,7,[37 26 71 34 22 19 65 77 21 76 3 56 8 28 7 47 72 36 67 25 66 23 1 58 6 43 40 32 60 44 51 63 69 20 4 59 45 24 57 79 39 38 14 48 12 55 68 52 62 27 10 54 49 17 42 15 35 64 30 75 78 9 70 16 50 61 41 74 2 0 11 13 53 31 29 46 18 33 73 5],[22 71 78 12 65 44 7 70 58 77 39 36 38 45 5 68 56 73 16 66 0 1 28 49 21 79 13 69 40 9 61 26 6 62 55 46 11 19 50 29 53 33 76 43 74 17 27 35 75 48 20 60 4 24 31 2 42 18 63 34 52 47 10 32 25 51 72 67 8 15 57 23 14 64 54 59 30 41 37 3],253195,258522
steepest/lipa80a,376,255425,44,142200,61,[46 72 37 8 52 24 26 5 43 68 15 47 55 53 14 31 76 22 73 44 60 66 16 50 41 77 3 79 48 32 40 39 51 9 38 59 35 7 11 54 64 63 70 21 57 34 25 67 65 58 75 56 27 45 42 61 6 18 33 12 19 30 10 78 23 4 17 29 36 0 71 2 1 49 69 74 62 13 28 20],[22 71 78 12 65 44 7 70 58 77 39 36 38 45 5 68 56 73 16 66 0 1 28 49 21 79 13 69 40 9 61 26 6 62 55 46 11 19 50 29 53 33 76 43 74 17 27 35 75 48 20 60 4 24 31 2 42 18 63 34 52 47 10 32 25 51 72 67 8 15 57 23 14 64 54 59 30 41 37 3],253195,258522
greedy/lipa80a,377,255310,142,22215,11,[18 0 33 69 41 30 6 62 54 8 36 15 34 58 38 73 24 4 29 65 61 78 74 21 11 57 1 72 52 2 14 44 79 23 48 7 50 3 45 43 60 71 42 22 77 25 17 68 31 19 47 49 64 20 70 16 53 59 32 12 46 28 5 37 35 26 51 55 9 56 10 27 67 76 39 13 66 40 75 63],[22 71 78 12 65 44 7 70 58 77 39 36 38 45 5 68 56 73 16 66 0 1 28 49 21 79 13 69 40 9 61 26 6 62 55 46 11 19 50 29 53 33 76 43 74 17 27 35 75 48 20 60 4 24 31 2 42 18 63 34 52 47 10 32 25 51 72 67 8 15 57 23 14 64 54 59 30 41 37 3],253195,258329
steepest/lipa80a,377,255317,40,129560,46,[3 33 76 37 23 58 29 42 60 9 36 38 24 63 7 11 57 34 17 43 61 79 14 45 52 62 20 72 77 2 30 75 1 67 12 47 69 22 0 8 35 51 19 74 65 56 27 53 50 18 13 28 26 71 55 15 25 48 31 78 5 49 73 16 66 10 40 70 46 64 41 32 39 54 59 4 21 44 68 6],[22 71 78 12 65 44 7 70 58 77 39 36 38 45 5 68 56 73 16 66 0 1 28 49 21 79 13 69 40 9 61 26 6 62 55 46 11 19 50 29 53 33 76 43 74 17 27 35 75 48 20 60 4 24 31 2 42 18 63 34 52 47 10 32 25 51 72 67 8 15 57 23 14 64 54 59 30 41 37 3],253195,258329
greedy/lipa80a,378,255382,130,21395,3,[37 66 27 4 17 73 57 38 41 52 14 24 51 7 20 31 3 79 68 9 72 64 71 49 33 48 59 44 28 42 30 13 56 36 63 19 77 10 75 5 23 0 25 26 54 34 67 53 69 21 65 11 16 35 45 55 43 74 76 22 62 1 39 61 50 60 58 40 46 8 6 78 70 2 47 12 18 15 32 29],[22 71 78 12 65 44 7 70 58 77 39 36 38 45 5 68 56 73 16 66 0 1 28 49 21 79 13 69 40 9 61 26 6 62 55 46 11 19 50 29 53 33 76 43 74 17 27 35 75 48 20 60 4 24 31 2 42 18 63 34 52 47 10 32 25 51 72 67 8 15 57 23 14 64 54 59 30 41 37 3],253195,258499
steepest/lipa80a,378,255459,50,161160,63,[58 17 57 70 21 4 63 68 37 30 74 61 56 78 60 73 52 3 11 51 38 36 71 29 22 48 2 33 46 28 72 50 66 54 79 41 43 67 14 35 23 0 59 25 53 47 8 27 32 64 77 34 45 49 1 55 65 9 12 19 31 69 75 44 16 20 62 42 18 24 15 6 26 10 5 13 40 76 39 7],[22 71 78 12 65 44 7 70 58 77 39 36 38 45 5 68 56 73 16 66 0 1 28 49 21 79 13 69 40 9 61 26 6 62 55 46 11 19 50 29 53 33 76 43 74 17 27 35 75 48 20 60 4 24 31 2 42 18 63 34 52 47 10 32 25 51 72 67 8 15 57 23 14 64 54 59 30 41 37 3],253195,258499
greedy/lipa80a,379,255276,136,33769,9,[42 14 73 50 28 3 32 76 2 44 4 15 8 52 27 67 24 68 21 31 78 54 66 23 62 36 39 51 38 47 69 58 43 46 9 77 33 35 1 22 40 0 48 64 6 26 19 11 65 75 13 70 41 29 30 61 72 10 49 17 45 56 60 63 53 59 5 57 55 16 25 74 37 20 7 71 34 12 18 79],[22 71 78 12 65 44 7 70 58 77 39 36 38 45 5 68 56 73 16 66 0 1 28 49 21 79 13 69 40 9 61 26 6 62 55 46 11 19 50 29 53 33 76 43 74 17 27 35 75 48 20 60 4 24 31 2 42 18 63 34 52 47 10 32 25 51 72 67 8 15 57 23 14 64 54 59 30 41 37 3],253195,258496
steepest/lipa80a,379,255331,46,148520,60,[46 67 68 3 72 56 47 24 23 73 40 36 39 71 57 28 58 21 60 51 48 10 49 69 62 44 9 78 38 14 31 61 37 50 12 64 33 7 66 29 25 0 75 22 8 19 27 32 45 20 59 26 4 15 77 17 30 34 54 16 41 43 13 79 11 76 35 42 5 55 6 2 53 18 74 70 65 52 1 63],[22 71 78 12 65 44 7 70 58 77 39 36 38 45 5 68 56 73 16 66 0 1 28 49 21 79 13 69 40 9 61 26 6 62 55 46 11 19 50 29 53 33 76 43 74 17 27 35 75 48 20 60 4 24 31 2 42 18 63 34 52 47 10 32 25 51 72 67 8 15 57 23 14 64 54 59 30 41 37 3],253195,258496
greedy/lipa80a,380,255100,151,47015,15,[36 68 76 74 75 67 46 50 20 35 15 13 44 73 57 58 37 2 4 1 45 48 25 78 66 17 61 42 18 55 49 59 7 28 24 26 19 52 11 56 65 60 40 51 29 9 14 53 30 63 34 10 38 39 43 32 8 16 31 70 41 22 77 5 64 72 69 54 6 0 12 33 71 21 27 62 23 3 79 47],[22 71 78 12 65 44 7 70 58 77 39 36 38 45 5 68 56 73 16 66 0 1 28 49 21 79 13 69 40 9 61 26 6 62 55 46 11 19 50 29 53 33 76 43 74 17 27 35 75 48 20 60 4 24 31 2 42 18 63 34 52 47 10 32 25 51 72 67 8 15 57 23 14 64 54 59 30 41 37 3],253195,258387
steepest/lipa80a,380,255395,51,164320,50,[46 39 66 30 60 49 64 36 33 0 7 54 67 57 32 23 65 41 45 44 29 51 58 18 25 31 6 62 63 75 42 59 34 73 28 13 68 26 11 15 55 50 40 21 5 9 20 22 74 19 52 48 16 43 37 35 61 1 8 24 77 27 53 4 10 70 12 2 71 14 78 38 17 56 69 76 72 3 79 47],[22 71 78 12 65 44 7 70 58 77 39 36 38 45 5 68 56 73 16 66 0 1 28 49 21 79 13 69 40 9 61 26 6 62 55 46 11 19 50 29 53 33 76 43 74 17 27 35 75 48 20 60 4 24 31 2 42 18 63 34 52 47 10 32 25 51 72 67 8 15 57 23 14 64 54 59 30 41 37 3],253195,258387
greedy/lipa80a,381,255276,143,29702,10,[43 10 19 49 79 59 41 52 31 28 13 56 48 68 29 7 14 35 34 38 54 17 9 20 70 57 78 15 0 62 72 8 26 64 65 45 69 1 32 55 39 16 51 37 53 75 11 21 22 27 25 73 2 23 3 44 61 76 47 77 66 36 40 58 60 30 42 24 5 18 74 46 71 67 63 12 33 6 50 4],[22 71 78 12 65 44 7 70 58 77 39 36 38 45 5 68 56 73 16 66 0 1 28 49 21 79 13 69 40 9 61 26 6 62 55 46 11 19 50 29 53 33 76 43 74 17 27 35 75 48 20 60 4 24 31 2 42 18 63 34 52 47 10 32 25 51 72 67 8 15 57 23 14 64 54 59 30 41 37 3],253195,258475
steepest/lipa80a,381,255224,54,173800,76,[53 67 0 49 10 77 40 36 37 52 17 64 54 15 68 71 69 29 47 65 25 18 14 4 13 8 19 42 6 46 34 20 62 2 27 3 63 44 39 24 43 26 21 32 11 22 70 31 55 7 33 16 48 76 72 79 74 12 51 66 58 50 73 60 35 5 28 57 61 41 45 59 75 38 56 23 30 9 1 78],[22 71 78 12 65 44 7 70 58 77 39 36 38 45 5 68 56 73 16 66 0 1 28 49 21 79 13 69 40 9 61 26 6 62 55 46 11 19 50 29 53 33 76 43 74 17 27 35 75 48 20 60 4 24 31 2 42 18 63 34 52 47 10 32 25 51 72 67 8 15 57 23 14 64 54 59 30 41 37 3],253195,258475
greedy/lipa80a,382,255387,121,25094,16,[4 0 28 57 76 61 1 26 55 42 10 52 70 14 5 40 15 6 36 49 13 25 72 32 2 34 54 31 19 50 43 75 79 46 23 77 37 24 58 9 68 73 56 39 64 78 27 3 35 63 11 53 44 60 17 41 47 33 48 67 66 20 12 69 45 51 74 62 22 18 16 29 8 38 7 59 65 21 71 30],[22 71 78 12 65 44 7 70 58 77 39 36 38 45 5 68 56 73 16 66 0 1 28 49 21 79 13 69 40 9 61 26 6 62 55 46 11 19 50 29 53 33 76 43 74 17 27 35 75 48 20 60 4 24 31 2 42 18 63 34 52 47 10 32 25 51 72 67 8 15 57 23 14 64 54 59 30 41 37 3],253195,258350
steepest/lipa80a,382,255273,45,145360,43,[46 77 22 7 75 64 21 71 58 62 23 0 33 67 5 44 9 63 49 6 19 1 57 40 79 18 60 2 50 61 26 54 59 25 20 72 30 55 17 37 24 69 56 78 65 15 74 29 35 11 47 28 34 13 53 45 32 14 68 42 51 43 52 3 70 66 10 48 4 36 16 41 39 73 8 38 27 12 76 31],[22 71 78 12 65 44 7 70 58 77 39 36 38 45 5 68 56 73 16 66 0 1 28 49 21 79 13 69 40 9 61 26 6 62 55 46 11 19 50 29 53 33 76 43 74 17 27 35 75 48 20 60 4 24 31 2 42 18 63 34 52 47 10 32 25 51 72 67 8 15 57 23 14 64 54 59 30 41 37 3],253195,258350
greedy/lipa80a,383,255140,174,37765,15,[10 61 5 78 41 22 26 54 23 48 11 60 1 68 62 49 31 66 9 3 33 57 25 21 50 71 34 30 16 51 64 29 0 75 32 7 67 52 53 46 45 59 56 73 76 77 38 55 44 24 70 39 20 36 8 4 43 17 2 79 27 13 42 37 47 63 74 65 72 58 35 28 40 15 14 69 18 6 12 19],[22 71 78 12 65 44 7 70 58 77 39 36 38 45 5 68 56 73 16 66 0 1 28 49 21 79 13 69 40 9 61 26 6 62 55 46 11 19 50 29 53 33 76 43 74 17 27 35 75 48 20 60 4 24 31 2 42 18 63 34 52 47 10 32 25 51 72 67 8 15 57 23 14 64 54 59 30 41 37 3],253195,258552
steepest/lipa80a,383,255440,45,145360,76,[51 40 46 26 62 69 31 16 76 72 11 59 73 41 8 12 49 9 66 65 13 67 57 21 71 6 63 36 19 54 2 35 1 7 37 39 17 14 0 75 33 48 18 55 4 20 34 77 61 64 38 53 24 58 30 23 3 27 25 5 74 50 32 28 47 43 56 10 22 70 68 79 45 15 78 44 60 29 42 52],[22 71 78 12 65 44 7 70 58 77 39 36 38 45 5 68 56 73 16 66 0 1 28 49 21 79 13 69 40 9 61 26 6 62 55 46 11 19 50 29 53 33 76 43 74 17 27 35 75 48 20 60 4 24 31 2 42 18 63 34 52 47 10 32 25 51 72 67 8 15 57 23 14 64 54 59 30 41 37 3],253195,258552
greedy/lipa80a,384,255443,126,13935,12,[75 42 17 69 70 26 67 4 55 62 21 60 22 57 19 76 38 32 50 56 79 35 58 5 29 18 11 34 36 23 9 14 51 47 20 63 44 15 71 74 54 59 68 0 12 6 25 43 40 27 61 33 45 37 78 41 7 13 72 8 28 77 65 64 2 73 66 48 31 10 39 1 30 24 3 49 46 16 52 53],[22 71 78 12 65 44 7 70 58 77 39 36 38 45 5 68 56 73 16 66 0 1 28 49 21 79 13 69 40 9 61 26 6 62 55 46 11 19 50 29 53 33 76 43 74 17 27 35 75 48 20 60 4 24 31 2 42 18 63 34 52 47 10 32 25 51 72 67 8 15 57 23 14 64 54 59 30 41 37 3],253195,258308
steepest/lipa80a,384,255167,47,151680,82,[2 72 53 9 31 23 4 43 19 36 29 60 54 39 76 18 51 63 10 24 38 68 70 0 5 67 7 33 26 73 14 32 35 47 62 8 20 15 42 3 65 17 22 71 50 74 16 69 40 66 13 77 52 78 41 45 75 27 11 64 61 12 30 44 59 28 79 37 34 48 25 58 55 49 1 57 46 56 6 21],[22 71 78 12 65 44 7 70 58 77 39 36 38 45 5 68 56 73 16 66 0 1 28 49 21 79 13 69 40 9 61 26 6 62 55 46 11 19 50 29 53 33 76 43 74 17 27 35 75 48 20 60 4 24 31 2 42 18 63 34 52 47 10 32 25 51 72 67 8 15 57 23 14 64 54 59 30 41 37 3],253195,258308
greedy/lipa80a,385,255293,117,26205,15,[64 67 25 33 37 46 20 79 47 26 11 61 22 35 19 36 7 39 48 57 73 29 6 71 16 44 12 0 54 1 18 72 45 52 5 65 14 40 78 50 43 70 30 42 28 66 8 4 21 55 62 27 17 13 75 2 76 51 3 31 23 69 63 53 34 38 41 49 77 58 68 10 15 9 74 56 59 32 60 24],[22 71 78 12 65 44 7 70 58 77 39 36 38 45 5 68 56 73 16 66 0 1 28 49 21 79 13 69 40 9 61 26 6 62 55 46 11 19 50 29 53 33 76 43 74 17 27 35 75 48 20 60 4 24 31 2 42 18 63 34 52 47 10 32 25 51 72 67 8 15 57 23 14 64 54 59 30 41 37 3],253195,258490
steepest/lipa80a,385,255153,64,205400,99,[7 70 42 2 55 46 53 61 49 48 26 22 18 10 30 77 54 51 73 67 6 16 1 15 24 37 45 78 52 9 3 17 32 72 40 74 4 58 63 13 56 69 31 29 11 5 8 44 38 65 33 27 14 76 12 21 79 0 60 43 41 19 25 47 57 59 62 71 75 23 66 68 35 39 34 20 36 50 64 28],[22 71 78 12 65 44 7 70 58 77 39 36 38 45 5 68 56 73 16 66 0 1 28 49 21 79 13 69 40 9 61 26 6 62 55 46 11 19 50 29 53 33 76 43 74 17 27 35 75 48 20 60 4 24 31 2 42 18 63 34 52 47 10 32 25 51 72 67 8 15 57 23 14 64 54 59 30 41 37 3],253195,258490
greedy/lipa80a,386,255519,137,15290,7,[62 50 67 20 24 70 69 27 74 3 9 39 45 28 68 1 40 35 51 75 6 11 56 12 13 71 73 29 15 55 47 23 77 64 66 44 8 14 0 54 18 21 19 31 43 2 17 48 58 33 25 57 34 42 78 16 4 10 36 26 61 41 63 22 38 72 65 32 52 7 53 37 30 79 49 59 76 46 5 60],[22 71 78 12 65 44 7 70 58 77 39 36 38 45 5 68 56 73 16 66 0 1 28 49 21 79 13 69 40 9 61 26 6 62 55 46 11 19 50 29 53 33 76 43 74 17 27 35 75 48 20 60 4 24 31 2 42 18 63 34 52 47 10 32 25 51 72 67 8 15 57 23 14 64 54 59 30 41 37 3],253195,258446
steepest/lipa80a,386,255279,45,145360,61,[50 69 6 27 43 12 70 35 32 46 68 79 20 23 2 65 3 15 9 58 33 37 5 66 31 60 14 53 1 29 40 64 22 30 63 48 56 51 61 44 42 45 52 34 7 57 47 78 62 26 75 54 19 18 16 36 67 77 38 28 8 0 11 55 74 24 39 13 76 17 49 21 59 41 25 73 10 72 4 71],[22 71 78 12 65 44 7 70 58 77 39 36 38 45 5 68 56 73 16 66 0 1 28 49 21 79 13 69 40 9 61 26 6 62 55 46 11 19 50 29 53 33 76 43 74 17 27 35 75 48 20 60 4 24 31 2 42 18 63 34 52 47 10 32 25 51 72 67 8 15 57 23 14 64 54 59 30 41 37 3],253195,258446
greedy/lipa80a,387,255279,148,22574,11,[61 59 51 24 20 74 63 36 15 1 28 33 21 7 38 72 60 40 42 5 18 39 43 57 31 48 14 29 44 26 58 76 0 19 55 37 47 2 69 71 27 70 6 35 67 30 45 4 8 54 66 53 41 34 12 23 68 9 25 65 17 64 3 79 46 11 22 78 13 75 50 73 77 62 16 32 49 56 10 52],[22 71 78 12 65 44 7 70 58 77 39 36 38 45 5 68 56 73 16 66 0 1 28 49 21 79 13 69 40 9 61 26 6 62 55 46 11 19 50 29 53 33 76 43 74 17 27 35 75 48 20 60 4 24 31 2 42 18 63 34 52 47 10 32 25 51 72 67 8 15 57 23 14 64 54 59 30 41 37 3],253195,258090
steepest/lipa80a,387,255381,51,164320,99,[21 18 67 2 64 63 17 25 50 59 53 58 57 23 49 5 54 39 12 47 19 69 13 78 22 31 35 55 14 0 1 16 33 20 28 43 4 10 9 29 44 38 62 52 37 71 73 51 72 30 15 3 75 56 60 79 8 40 27 32 48 65 74 42 66 70 68 24 7 77 34 46 36 61 76 26 11 41 6 45],[22 71 78 12 65 44 7 70 58 77 39 36 38 45 5 68 56 73 16 66 0 1 28 49 21 79 13 69 40 9 61 26 6 62 55 46 11 19 50 29 53 33 76 43 74 17 27 35 75 48 20 60 4 24 31 2 42 18 63 34 52 47 10 32 25 51 72 67 8 15 57 23 14 64 54 59 30 41 37 3],253195,258090
greedy/lipa80a,388,255267,135,25643,9,[32 46 63 15 72 6 37 51 25 1 68 22 59 20 62 49 28 79 47 64 13 48 23 77 78 10 58 69 38 52 24 44 56 71 7 53 65 60 19 61 45 26 3 73 8 50 17 54 9 36 39 11 16 27 18 35 14 2 0 70 33 21 41 66 40 5 55 30 75 29 42 31 76 57 12 4 34 43 67 74],[22 71 78 12 65 44 7 70 58 77 39 36 38 45 5 68 56 73 16 66 0 1 28 49 21 79 13 69 40 9 61 26 6 62 55 46 11 19 50 29 53 33 76 43 74 17 27 35 75 48 20 60 4 24 31 2 42 18 63 34 52 47 10 32 25 51 72 67 8 15 57 23 14 64 54 59 30 41 37 3],253195,258773
steepest/lipa80a,388,255371,44,142200,70,[7 46 41 52 73 37 21 16 59 32 38 77 79 2 62 26 31 36 55 56 13 24 48 12 67 17 18 40 49 30 66 58 69 60 3 34 75 1 51 23 14 65 4 61 33 76 42 70 44 28 54 0 35 5 64 53 45 47 19 78 27 10 72 50 71 20 6 68 29 22 63 11 74 43 25 39 9 15 8 57],[22 71 78 12 65 44 7 70 58 77 39 36 38 45 5 68 56 73 16 66 0 1 28 49 21 79 13 69 40 9 61 26 6 62 55 46 11 19 50 29 53 33 76 43 74 17 27 35 75 48 20 60 4 24 31 2 42 18 63 34 52 47 10 32 25 51 72 67 8 15 57 23 14 64 54 59 30 41 37 3],253195,258773
greedy/lipa80a,389,255387,133,28031,12,[30 29 25 1 55 79 67 70 40 14 48 71 50 43 5 74 41 10 31 45 4 51 33 18 19 66 8 68 42 28 57 53 54 73 24 56 78 34 17 35 60 63 76 21 47 39 58 72 15 37 61 0 49 9 64 32 36 62 38 7 65 75 52 44 13 22 46 27 23 6 77 69 26 3 16 11 59 12 20 2],[22 71 78 12 65 44 7 70 58 77 39 36 38 45 5 68 56 73 16 66 0 1 28 49 21 79 13 69 40 9 61 26 6 62 55 46 11 19 50 29 53 33 76 43 74 17 27 35 75 48 20 60 4 24 31 2 42 18 63 34 52 47 10 32 25 51 72 67 8 15 57 23 14 64 54 59 30 41 37 3],253195,258421
steepest/lipa80a,389,255254,48,154840,72,[27 77 74 66 8 45 55 25 33 51 40 14 38 79 62 76 29 58 48 39 52 57 16 37 61 35 10 54 42 24 31 72 75 12 15 73 21 20 1 23 50 19 4 53 47 2 11 69 46 34 67 41 65 59 78 17 30 28 0 43 9 49 18 56 36 22 63 32 7 26 60 13 3 71 5 44 6 64 68 70],[22 71 78 12 65 44 7 70 58 77 39 36 38 45 5 68 56 73 16 66 0 1 28 49 21 79 13 69 40 9 61 26 6 62 55 46 11 19 50 29 53 33 76 43 74 17 27 35 75 48 20 60 4 24 31 2 42 18 63 34 52 47 10 32 25 51 72 67 8 15 57 23 14 64 54 59 30 41 37 3],253195,258421
greedy/lipa80a,390,255292,141,28826,22,[69 25 4 42 19 47 30 45 60 28 76 27 59 13 48 32 16 7 51 14 54 36 73 67 10 33 9 74 37 46 35 66 61 34 31 39 50 15 24 78 3 40 71 26 20 56 44 8 68 63 18 70 49 5 55 12 64 53 29 11 6 77 17 2 79 72 38 1 21 75 57 58 41 43 0 62 22 23 52 65],[22 71 78 12 65 44 7 70 58 77 39 36 38 45 5 68 56 73 16 66 0 1 28 49 21 79 13 69 40 9 61 26 6 62 55 46 11 19 50 29 53 33 76 43 74 17 27 35 75 48 20 60 4 24 31 2 42 18 63 34 52 47 10 32 25 51 72 67 8 15 57 23 14 64 54 59 30 41 37 3],253195,258566
steepest/lipa80a,390,255390,41,132720,57,[14 19 22 27 35 3 24 36 18 10 63 25 37 51 2 46 74 39 44 54 52 57 16 9 70 32 28 0 5 29 40 20 61 34 31 42 53 21 38 33 26 58 78 68 45 1 59 79 43 47 8 71 77 64 30 15 72 65 6 50 49 4 7 12 55 48 11 60 56 67 76 13 17 41 62 69 23 66 75 73],[22 71 78 12 65 44 7 70 58 77 39 36 38 45 5 68 56 73 16 66 0 1 28 49 21 79 13 69 40 9 61 26 6 62 55 46 11 19 50 29 53 33 76 43 74 17 27 35 75 48 20 60 4 24 31 2 42 18 63 34 52 47 10 32 25 51 72 67 8 15 57 23 14 64 54 59 30 41 37 3],253195,258566
greedy/lipa80a,391,255295,120,18594,16,[9 60 43 15 16 66 8 7 65 27 54 46 72 6 1 39 2 49 63 56 76 23 29 4 41 37 57 47 28 3 30 50 35 17 38 14 20 18 55 67 33 42 25 77 68 61 64 62 22 71 53 34 75 74 70 73 51 26 24 10 21 48 45 31 13 78 12 44 58 32 11 5 36 19 40 79 52 69 0 59],[22 71 78 12 65 44 7 70 58 77 39 36 38 45 5 68 56 73 16 66 0 1 28 49 21 79 13 69 40 9 61 26 6 62 55 46 11 19 50 29 53 33 76 43 74 17 27 35 75 48 20 60 4 24 31 2 42 18 63 34 52 47 10 32 25 51 72 67 8 15 57 23 14 64 54 59 30 41 37 3],253195,258290
steepest/lipa80a,391,255421,35,113760,50,[24 68 3 43 55 70 28 15 41 78 1 39 47 53 4 50 63 0 11 8 49 36 38 73 44 29 59 9 30 12 26 33 71 77 45 75 21 18 6 17 56 60 62 2 65 16 72 69 58 25 67 10 34 74 46 35 57 51 19 13 14 40 20 5 79 61 7 48 31 32 37 76 22 54 23 64 66 42 52 27],[22 71 78 12 65 44 7 70 58 77 39 36 38 45 5 68 56 73 16 66 0 1 28 49 21 79 13 69 40 9 61 26 6 62 55 46 11 19 50 29 53 33 76 43 74 17 27 35 75 48 20 60 4 24 31 2 42 18 63 34 52 47 10 32 25 51 72 67 8 15 57 23 14 64 54 59 30 41 37 3],253195,258290
greedy/lipa80a,392,255414,127,33632,19,[5 34 21 36 77 63 6 69 74 31 4 28 47 67 72 26 7 24 3 19 9 38 46 0 45 79 13 78 50 48 54 39 59 29 10 62 23 22 44 64 68 2 51 20 11 12 71 35 25 57 70 18 41 1 65 61 75 40 66 58 30 76 56 42 43 49 60 55 8 73 14 27 52 15 53 16 37 17 33 32],[22 71 78 12 65 44 7 70 58 77 39 36 38 45 5 68 56 73 16 66 0 1 28 49 21 79 13 69 40 9 61 26 6 62 55 46 11 19 50 29 53 33 76 43 74 17 27 35 75 48 20 60 4 24 31 2 42 18 63 34 52 47 10 32 25 51 72 67 8 15 57 23 14 64 54 59 30 41 37 3],253195,258359
steepest/lipa80a,392,255455,40,129560,70,[51 14 37 47 60 34 39 74 69 33 1 10 49 3 5 19 7 43 48 64 35 50 79 38 66 68 62 58 72 9 20 75 53 6 71 31 0 15 78 40 54 16 67 56 25 17 21 27 24 26 61 8 42 55 65 2 73 29 30 32 12 52 13 76 11 59 70 18 57 36 44 4 22 28 46 77 45 23 41 63],[22 71 78 12 65 44 7 70 58 77 39 36 38 45 5 68 56 73 16 66 0 1 28 49 21 79 13 69 40 9 61 26 6 62 55 46 11 19 50 29 53 33 76 43 74 17 27 35 75 48 20 60 4 24 31 2 42 18 63 34 52 47 10 32 25 51 72 67 8 15 57 23 14 64 54 59 30 41 37 3],253195,258359
greedy/lipa80a,393,255404,158,17764,12,[49 39 13 2 26 9 8 12 67 33 6 32 72 20 37 73 19 15 46 28 48 53 16 27 76 69 23 68 64 79 38 65 60 5 42 78 7 24 50 63 0 58 40 61 44 56 66 30 18 51 1 17 74 45 43 57 62 4 70 21 52 14 41 31 25 11 29 35 54 71 3 47 55 36 59 77 75 10 34 22],[22 71 78 12 65 44 7 70 58 77 39 36 38 45 5 68 56 73 16 66 0 1 28 49 21 79 13 69 40 9 61 26 6 62 55 46 11 19 50 29 53 33 76 43 74 17 27 35 75 48 20 60 4 24 31 2 42 18 63 34 52 47 10 32 25 51 72 67 8 15 57 23 14 64 54 59 30 41 37 3],253195,259102
steepest/lipa80a,393,255299,46,148520,65,[1 50 69 15 44 59 71 67 12 10 6 53 34 48 43 54 28 0 9 74 65 75 66 2 18 36 63 23 60 49 17 39 42 76 38 13 41 20 72 32 78 16 31 47 24 55 73 40 21 33 14 7 37 45 58 19 57 26 4 52 62 35 79 56 25 8 3 70 27 77 5 30 11 51 68 64 22 61 29 46],[22 71 78 12 65 44 7 70 58 77 39 36 38 45 5 68 56 73 16 66 0 1 28 49 21 79 13 69 40 9 61 26 6 62 55 46 11 19 50 29 53 33 76 43 74 17 27 35 75 48 20 60 4 24 31 2 42 18 63 34 52 47 10 32 25 51 72 67 8 15 57 23 14 64 54 59 30 41 37 3],253195,259102
greedy/lipa80a,394,255505,127,21150,12,[25 47 20 12 37 73 77 42 10 41 61 14 13 56 7 44 8 1 71 50 66 78 15 51 32 26 46 40 59 31 58 33 23 74 29 24 38 30 19 11 54 4 39 65 45 27 21 72 69 49 53 0 9 76 52 67 62 68 35 5 75 17 63 28 79 16 18 34 2 64 6 36 22 48 60 70 43 3 55 57],[22 71 78 12 65 44 7 70 58 77 39 36 38 45 5 68 56 73 16 66 0 1 28 49 21 79 13 69 40 9 61 26 6 62 55 46 11 19 50 29 53 33 76 43 74 17 27 35 75 48 20 60 4 24 31 2 42 18 63 34 52 47 10 32 25 51 72 67 8 15 57 23 14 64 54 59 30 41 37 3],253195,258686
steepest/lipa80a,394,255581,37,120080,62,[9 26 20 12 33 77 53 64 68 61 28 38 60 7 15 76 22 46 41 14 78 58 2 52 70 51 32 75 34 59 25 37 27 31 10 47 6 56 18 73 69 50 19 5 24 44 16 17 39 21 0 43 30 48 8 66 62 57 49 67 29 65 13 23 63 45 36 72 79 4 11 55 71 3 35 74 54 1 40 42],[22 71 78 12 65 44 7 70 58 77 39 36 38 45 5 68 56 73 16 66 0 1 28 49 21 79 13 69 40 9 61 26 6 62 55 46 11 19 50 29 53 33 76 43 74 17 27 35 75 48 20 60 4 24 31 2 42 18 63 34 52 47 10 32 25 51 72 67 8 15 57 23 14 64 54 59 30 41 37 3],253195,258686
greedy/lipa80a,395,255314,161,27498,18,[28 36 62 66 37 72 64 60 68 69 0 32 30 22 35 50 67 56 78 11 10 57 39 44 61 4 29 24 42 63 79 16 14 19 12 5 27 53 33 73 9 18 76 3 48 15 74 2 52 13 23 31 7 26 54 8 17 21 34 6 46 58 51 1 59 65 47 70 43 71 38 20 25 55 41 40 45 49 75 77],[22 71 78 12 65 44 7 70 58 77 39 36 38 45 5 68 56 73 16 66 0 1 28 49 21 79 13 69 40 9 61 26 6 62 55 46 11 19 50 29 53 33 76 43 74 17 27 35 75 48 20 60 4 24 31 2 42 18 63 34 52 47 10 32 25 51 72 67 8 15 57 23 14 64 54 59 30 41 37 3],253195,258739
steepest/lipa80a,395,255244,47,151680,82,[8 75 5 35 41 28 45 24 12 31 27 77 36 53 0 47 54 43 78 10 25 42 39 38 7 9 2 69 29 65 22 32 4 72 62 15 14 70 61 3 59 1 23 56 74 6 26 40 21 13 57 66 44 46 30 63 64 20 76 58 55 17 68 60 18 71 79 34 51 16 48 49 37 33 52 19 50 11 67 73],[22 71 78 12 65 44 7 70 58 77 39 36 38 45 5 68 56 73 16 66 0 1 28 49 21 79 13 69 40 9 61 26 6 62 55 46 11 19 50 29 53 33 76 43 74 17 27 35 75 48 20 60 4 24 31 2 42 18 63 34 52 47 10 32 25 51 72 67 8 15 57 23 14 64 54 59 30 41 37 3],253195,258739
greedy/lipa80a,396,255188,132,21921,10,[46 69 6 41 8 67 44 5 29 4 63 78 39 48 13 54 14 27 33 0 49 45 51 61 60 19 23 74 11 73 18 47 12 37 20 77 34 42 56 53 2 35 70 9 66 31 57 40 25 3 64 38 15 30 75 52 43 50 55 28 76 58 36 32 59 7 79 17 16 62 26 10 1 24 68 72 22 71 21 65],[22 71 78 12 65 44 7 70 58 77 39 36 38 45 5 68 56 73 16 66 0 1 28 49 21 79 13 69 40 9 61 26 6 62 55 46 11 19 50 29 53 33 76 43 74 17 27 35 75 48 20 60 4 24 31 2 42 18 63 34 52 47 10 32 25 51 72 67 8 15 57 23 14 64 54 59 30 41 37 3],253195,258899
steepest/lipa80a,396,255297,49,158000,76,[54 43 72 68 57 67 56 27 23 7 62 11 30 46 40 29 19 12 49 4 20 77 79 47 42 28 0 1 65 25 2 16 45 15 34 3 36 58 73 64 9 24 18 63 33 37 51 31 60 48 50 75 66 6 10 52 13 22 53 14 76 5 59 8 61 78 74 69 17 55 26 70 38 44 32 41 35 71 21 39],[22 71 78 12 65 44 7 70 58 77 39 36 38 45 5 68 56 73 16 66 0 1 28 49 21 79 13 69 40 9 61 26 6 62 55 46 11 19 50 29 53 33 76 43 74 17 27 35 75 48 20 60 4 24 31 2 42 18 63 34 52 47 10 32 25 51 72 67 8 15 57 23 14 64 54 59 30 41 37 3],253195,258899
greedy/lipa80a,397,255176,133,32958,8,[0 24 33 8 16 57 7 72 70 4 1 77 43 78 75 9 34 66 30 41 46 49 55 18 19 6 69 61 35 62 71 53 27 44 74 11 28 73 68 60 20 50 45 76 51 59 67 54 37 14 13 29 79 47 52 23 17 39 32 2 58 63 22 31 15 5 40 56 38 42 12 36 65 10 3 64 25 21 26 48],[22 71 78 12 65 44 7 70 58 77 39 36 38 45 5 68 56 73 16 66 0 1 28 49 21 79 13 69 40 9 61 26 6 62 55 46 11 19 50 29 53 33 76 43 74 17 27 35 75 48 20 60 4 24 31 2 42 18 63 34 52 47 10 32 25 51 72 67 8 15 57 23 14 64 54 59 30 41 37 3],253195,258484
steepest/lipa80a,397,255443,46,148520,73,[42 47 40 67 79 60 50 59 54 57 9 24 77 17 73 58 49 31 30 20 55 6 78 61 63 72 53 21 22 62 66 65 27 69 74 52 35 18 28 11 13 10 5 7 51 36 4 44 64 19 45 29 32 16 34 0 68 39 14 75 56 3 46 43 1 15 2 41 26 33 76 70 37 8 12 23 25 71 38 48],[22 71 78 12 65 44 7 70 58 77 39 36 38 45 5 68 56 73 16 66 0 1 28 49 21 79 13 69 40 9 61 26 6 62 55 46 11 19 50 29 53 33 76 43 74 17 27 35 75 48 20 60 4 24 31 2 42 18 63 34 52 47 10 32 25 51 72 67 8 15 57 23 14 64 54 59 30 41 37 3],253195,258484
greedy/lipa80a,398,255324,147,29322,23,[46 54 74 61 56 14 25 2 48 47 37 12 49 0 65 79 69 75 45 78 40 36 44 16 4 8 6 31 76 60 24 3 58 67 62 9 13 15 71 18 72 55 7 20 63 77 42 38 30 17 21 53 68 23 43 19 10 32 26 29 41 52 70 57 33 28 27 35 34 11 5 64 59 1 66 22 73 51 39 50],[22 71 78 12 65 44 7 70 58 77 39 36 38 45 5 68 56 73 16 66 0 1 28 49 21 79 13 69 40 9 61 26 6 62 55 46 11 19 50 29 53 33 76 43 74 17 27 35 75 48 20 60 4 24 31 2 42 18 63 34 52 47 10 32 25 51 72 67 8 15 57 23 14 64 54 59 30 41 37 3],253195,258735
steepest/lipa80a,398,255237,43,139040,88,[15 76 43 23 50 63 4 64 47 22 17 39 49 73 69 77 75 6 56 30 35 36 41 0 7 61 79 31 66 8 40 33 58 46 19 71 11 27 44 67 48 37 13 65 3 45 57 62 10 5 42 24 74 55 59 9 26 72 51 68 34 14 29 12 2 25 60 38 78 21 52 20 1 16 28 18 70 53 54 32],[22 71 78 12 65 44 7 70 58 77 39 36 38 45 5 68 56 73 16 66 0 1 28 49 21 79 13 69 40 9 61 26 6 62 55 46 11 19 50 29 53 33 76 43 74 17 27 35 75 48 20 60 4 24 31 2 42 18 63 34 52 47 10 32 25 51 72 67 8 15 57 23 14 64 54 59 30 41 37 3],253195,258735
greedy/lipa80a,399,254971,135,30971,26,[13 76 65 8 48 12 23 68 33 6 31 58 77 55 62 15 37 2 5 54 42 66 16 18 69 44 61 20 34 75 7 71 25 22 24 19 40 30 43 46 27 17 60 38 67 79 45 10 14 35 63 11 74 28 57 64 52 1 26 32 50 51 39 47 56 29 49 73 3 41 53 59 4 70 0 72 9 36 78 21],[22 71 78 12 65 44 7 70 58 77 39 36 38 45 5 68 56 73 16 66 0 1 28 49 21 79 13 69 40 9 61 26 6 62 55 46 11 19 50 29 53 33 76 43 74 17 27 35 75 48 20 60 4 24 31 2 42 18 63 34 52 47 10 32 25 51 72 67 8 15 57 23 14 64 54 59 30 41 37 3],253195,258117
steepest/lipa80a,399,255278,45,145360,83,[21 8 15 47 24 44 63 39 4 78 53 58 1 2 36 46 20 26 25 57 42 71 45 29 66 54 11 27 37 72 7 48 38 65 35 31 16 30 13 68 75 40 67 41 60 49 61 10 18 55 23 12 74 22 62 64 52 19 3 32 14 77 50 9 79 5 17 0 43 70 33 59 76 51 28 34 6 69 56 73],[22 71 78 12 65 44 7 70 58 77 39 36 38 45 5 68 56 73 16 66 0 1 28 49 21 79 13 69 40 9 61 26 6 62 55 46 11 19 50 29 53 33 76 43 74 17 27 35 75 48 20 60 4 24 31 2 42 18 63 34 52 47 10 32 25 51 72 67 8 15 57 23 14 64 54 59 30 41 37 3],253195,258117
greedy/lipa80a,400,255275,119,22542,9,[52 48 44 9 73 5 51 14 68 54 3 25 43 13 47 36 58 23 46 37 33 28 61 0 10 41 71 35 64 66 8 34 11 18 60 20 26 6 1 55 16 57 42 76 49 32 38 50 65 27 4 19 2 78 30 17 39 15 72 75 69 56 12 40 77 22 21 29 7 53 74 24 63 31 67 45 59 62 79 70],[22 71 78 12 65 44 7 70 58 77 39 36 38 45 5 68 56 73 16 66 0 1 28 49 21 79 13 69 40 9 61 26 6 62 55 46 11 19 50 29 53 33 76 43 74 17 27 35 75 48 20 60 4 24 31 2 42 18 63 34 52 47 10 32 25 51 72 67 8 15 57 23 14 64 54 59 30 41 37 3],253195,258437
steepest/lipa80a,400,255087,59,189600,115,[60 76 15 24 62 9 41 14 68 25 6 55 1 54 78 39 35 47 49 34 33 44 52 19 2 58 56 18 16 3 28 5 51 8 40 20 11 42 23 45 36 57 37 74 4 27 69 61 17 29 65 67 72 48 73 63 30 77 66 46 26 31 70 32 71 22 7 50 0 21 64 10 79 12 59 13 43 75 38 53],[22 71 78 12 65 44 7 70 58 77 39 36 38 45 5 68 56 73 16 66 0 1 28 49 21 79 13 69 40 9 61 26 6 62 55 46 11 19 50 29 53 33 76 43 74 17 27 35 75 48 20 60 4 24 31 2 42 18 63 34 52 47 10 32 25 51 72 67 8 15 57 23 14 64 54 59 30 41 37 3],253195,258437
