file,number,quality,iterations,evaluations,time,permutation,optimum_per,optimum_obj
greedy/tai150b,1,514933192,1436,416358,160,[119 77 71 124 13 82 32 73 142 93 35 37 1 121 101 6 55 41 102 27 108 113 67 92 103 98 116 109 141 114 39 78 87 110 79 91 3 126 106 31 94 140 95 135 117 60 112 69 99 61 81 9 43 75 36 84 120 129 5 25 0 145 100 28 26 133 64 58 148 38 74 8 65 57 42 104 134 149 22 49 88 137 30 10 144 2 68 123 86 7 131 23 97 138 11 128 40 63 51 33 45 14 105 127 47 122 146 29 85 50 143 19 80 96 44 24 62 83 56 18 72 48 34 59 111 147 125 12 54 17 20 4 76 21 115 52 90 53 118 66 107 16 139 46 15 132 136 70 89 130],[83 62 114 18 57 64 50 104 102 5 29 26 82 122 98 24 146 30 124 47 46 115 75 143 103 81 112 60 108 110 131 92 53 87 140 127 109 36 145 63 129 67 123 45 120 72 91 113 73 12 21 74 137 141 118 147 125 68 41 17 52 132 130 15 88 86 136 38 119 23 20 70 1 8 90 3 96 89 148 25 59 65 121 99 55 94 126 135 19 95 76 56 48 101 138 133 34 71 28 111 31 77 40 79 128 93 35 7 13 32 39 11 105 97 33 142 149 27 116 6 66 100 107 80 106 69 4 0 54 2 117 51 9 84 78 14 22 61 42 43 37 134 44 58 144 139 49 85 16 10],498896643
steepest/tai150b,1,515671647,214,2402625,922,[133 106 104 27 149 114 30 57 103 124 35 131 68 32 144 7 108 102 33 23 50 143 63 60 88 29 129 127 145 81 1 75 146 53 13 115 109 67 36 18 92 87 122 117 49 101 40 107 22 135 11 141 9 0 37 34 137 130 99 62 112 76 89 136 61 19 15 44 25 85 66 56 95 96 69 48 71 46 72 111 24 73 64 3 140 39 31 118 82 134 79 98 41 142 94 28 55 5 93 54 26 86 78 59 97 2 16 6 51 70 84 126 42 100 116 58 110 121 65 139 138 45 120 147 74 148 77 83 125 90 119 12 17 21 128 91 52 105 43 20 123 8 38 80 10 14 4 47 132 113],[83 62 114 18 57 64 50 104 102 5 29 26 82 122 98 24 146 30 124 47 46 115 75 143 103 81 112 60 108 110 131 92 53 87 140 127 109 36 145 63 129 67 123 45 120 72 91 113 73 12 21 74 137 141 118 147 125 68 41 17 52 132 130 15 88 86 136 38 119 23 20 70 1 8 90 3 96 89 148 25 59 65 121 99 55 94 126 135 19 95 76 56 48 101 138 133 34 71 28 111 31 77 40 79 128 93 35 7 13 32 39 11 105 97 33 142 149 27 116 6 66 100 107 80 106 69 4 0 54 2 117 51 9 84 78 14 22 61 42 43 37 134 44 58 144 139 49 85 16 10],498896643
random/tai150b,1,620772995,75340,75340,1480,[31 12 112 69 125 94 145 81 102 91 114 51 134 136 86 55 29 60 118 149 96 0 97 82 40 25 147 53 7 42 62 77 121 119 124 19 37 28 41 47 144 75 126 148 24 65 116 79 18 49 131 109 35 88 108 11 105 64 8 80 143 90 58 33 22 140 107 71 142 56 54 129 93 10 52 141 95 70 50 111 78 4 20 9 113 43 130 45 89 38 146 61 3 5 92 74 139 1 14 110 100 6 127 66 17 27 84 85 87 36 76 103 117 26 16 99 15 32 132 128 133 13 68 39 115 120 72 57 135 83 48 44 30 123 2 67 98 46 63 137 122 59 106 104 34 101 23 138 21 73],[83 62 114 18 57 64 50 104 102 5 29 26 82 122 98 24 146 30 124 47 46 115 75 143 103 81 112 60 108 110 131 92 53 87 140 127 109 36 145 63 129 67 123 45 120 72 91 113 73 12 21 74 137 141 118 147 125 68 41 17 52 132 130 15 88 86 136 38 119 23 20 70 1 8 90 3 96 89 148 25 59 65 121 99 55 94 126 135 19 95 76 56 48 101 138 133 34 71 28 111 31 77 40 79 128 93 35 7 13 32 39 11 105 97 33 142 149 27 116 6 66 100 107 80 106 69 4 0 54 2 117 51 9 84 78 14 22 61 42 43 37 134 44 58 144 139 49 85 16 10],498896643
randomWalk/tai150b,1,652256395,3306995,3306995,1479,[87 57 139 14 134 101 27 68 148 33 111 76 32 65 105 13 84 137 109 18 79 143 52 138 86 127 122 1 69 103 67 89 100 8 135 80 117 0 83 128 144 116 106 99 10 54 113 40 60 70 142 46 50 149 42 90 47 73 78 130 16 9 21 44 3 43 147 11 91 98 133 2 136 146 29 82 55 31 102 51 121 22 123 112 53 7 59 81 96 15 45 110 49 88 38 56 20 114 71 85 126 104 26 125 94 39 131 30 124 97 129 120 115 108 141 107 36 17 37 28 4 77 72 63 23 24 95 61 93 48 119 35 75 5 118 145 19 6 62 25 74 34 41 140 64 12 92 132 58 66],[83 62 114 18 57 64 50 104 102 5 29 26 82 122 98 24 146 30 124 47 46 115 75 143 103 81 112 60 108 110 131 92 53 87 140 127 109 36 145 63 129 67 123 45 120 72 91 113 73 12 21 74 137 141 118 147 125 68 41 17 52 132 130 15 88 86 136 38 119 23 20 70 1 8 90 3 96 89 148 25 59 65 121 99 55 94 126 135 19 95 76 56 48 101 138 133 34 71 28 111 31 77 40 79 128 93 35 7 13 32 39 11 105 97 33 142 149 27 116 6 66 100 107 80 106 69 4 0 54 2 117 51 9 84 78 14 22 61 42 43 37 134 44 58 144 139 49 85 16 10],498896643
greedy/tai150b,2,515517088,1381,218086,107,[65 74 56 38 28 58 19 57 135 86 96 130 133 47 139 24 16 49 88 101 35 119 12 40 105 7 22 21 6 137 11 1 32 128 120 27 36 142 97 149 33 93 116 5 122 129 136 107 53 99 110 60 115 145 72 54 109 37 67 91 94 102 83 82 124 108 71 73 113 146 138 85 39 98 31 148 64 23 118 25 131 104 89 59 46 134 30 26 48 70 18 144 34 103 79 127 111 123 63 0 75 143 92 15 84 10 8 87 43 121 77 44 125 45 106 141 13 68 62 80 147 95 9 69 52 66 117 51 17 78 100 42 61 20 132 3 4 14 90 112 2 140 114 81 55 126 41 29 50 76],[83 62 114 18 57 64 50 104 102 5 29 26 82 122 98 24 146 30 124 47 46 115 75 143 103 81 112 60 108 110 131 92 53 87 140 127 109 36 145 63 129 67 123 45 120 72 91 113 73 12 21 74 137 141 118 147 125 68 41 17 52 132 130 15 88 86 136 38 119 23 20 70 1 8 90 3 96 89 148 25 59 65 121 99 55 94 126 135 19 95 76 56 48 101 138 133 34 71 28 111 31 77 40 79 128 93 35 7 13 32 39 11 105 97 33 142 149 27 116 6 66 100 107 80 106 69 4 0 54 2 117 51 9 84 78 14 22 61 42 43 37 134 44 58 144 139 49 85 16 10],498896643
steepest/tai150b,2,515387422,195,2190300,933,[74 134 71 145 139 89 85 82 76 102 16 4 136 29 83 2 70 98 37 95 46 130 131 137 10 146 59 26 49 101 62 123 44 86 110 24 54 56 68 43 84 19 53 63 109 127 14 60 61 28 21 5 75 31 22 67 40 78 119 103 92 12 88 3 66 144 90 1 149 133 20 39 27 23 122 104 126 106 107 57 94 41 30 9 140 114 55 81 51 64 48 50 143 72 69 108 112 124 129 117 115 36 99 135 142 7 105 121 93 47 116 35 33 11 6 13 96 97 32 128 42 45 34 0 77 52 100 141 17 91 138 120 111 147 148 113 73 25 79 125 118 18 65 80 15 38 58 8 132 87],[83 62 114 18 57 64 50 104 102 5 29 26 82 122 98 24 146 30 124 47 46 115 75 143 103 81 112 60 108 110 131 92 53 87 140 127 109 36 145 63 129 67 123 45 120 72 91 113 73 12 21 74 137 141 118 147 125 68 41 17 52 132 130 15 88 86 136 38 119 23 20 70 1 8 90 3 96 89 148 25 59 65 121 99 55 94 126 135 19 95 76 56 48 101 138 133 34 71 28 111 31 77 40 79 128 93 35 7 13 32 39 11 105 97 33 142 149 27 116 6 66 100 107 80 106 69 4 0 54 2 117 51 9 84 78 14 22 61 42 43 37 134 44 58 144 139 49 85 16 10],498896643
random/tai150b,2,624218901,74466,74466,1482,[75 144 136 93 32 85 28 41 62 17 139 66 101 132 88 6 23 94 65 91 90 38 141 58 54 35 100 53 39 72 73 92 0 20 18 114 80 4 46 138 71 48 13 86 45 76 31 105 36 74 14 21 148 122 12 47 8 96 142 19 110 51 135 3 49 15 11 83 29 34 37 70 43 115 143 120 27 33 40 55 61 79 30 109 103 140 121 25 98 102 104 130 95 81 56 69 145 89 118 113 77 42 2 111 147 112 124 68 59 123 60 10 16 67 131 146 5 117 126 52 84 22 9 128 137 44 99 26 87 78 24 63 50 57 64 116 125 129 133 107 1 149 134 127 7 119 97 106 108 82],[83 62 114 18 57 64 50 104 102 5 29 26 82 122 98 24 146 30 124 47 46 115 75 143 103 81 112 60 108 110 131 92 53 87 140 127 109 36 145 63 129 67 123 45 120 72 91 113 73 12 21 74 137 141 118 147 125 68 41 17 52 132 130 15 88 86 136 38 119 23 20 70 1 8 90 3 96 89 148 25 59 65 121 99 55 94 126 135 19 95 76 56 48 101 138 133 34 71 28 111 31 77 40 79 128 93 35 7 13 32 39 11 105 97 33 142 149 27 116 6 66 100 107 80 106 69 4 0 54 2 117 51 9 84 78 14 22 61 42 43 37 134 44 58 144 139 49 85 16 10],498896643
randomWalk/tai150b,2,657182702,2997368,2997368,1479,[118 60 85 124 27 14 31 125 76 111 104 54 139 93 32 62 51 136 96 137 61 130 87 120 80 114 41 133 5 67 70 148 119 35 72 121 20 89 83 77 142 74 38 63 100 43 40 73 135 53 128 11 12 112 65 49 94 6 59 29 26 4 68 47 107 101 86 92 144 19 18 21 78 39 143 97 123 75 37 126 81 13 98 95 84 9 30 52 1 56 110 44 146 10 88 3 99 16 28 145 25 71 79 91 106 15 102 8 36 33 129 45 7 103 58 127 66 131 34 140 138 0 132 134 17 122 115 82 64 42 22 55 109 147 117 141 116 105 50 24 57 48 113 149 108 2 23 69 90 46],[83 62 114 18 57 64 50 104 102 5 29 26 82 122 98 24 146 30 124 47 46 115 75 143 103 81 112 60 108 110 131 92 53 87 140 127 109 36 145 63 129 67 123 45 120 72 91 113 73 12 21 74 137 141 118 147 125 68 41 17 52 132 130 15 88 86 136 38 119 23 20 70 1 8 90 3 96 89 148 25 59 65 121 99 55 94 126 135 19 95 76 56 48 101 138 133 34 71 28 111 31 77 40 79 128 93 35 7 13 32 39 11 105 97 33 142 149 27 116 6 66 100 107 80 106 69 4 0 54 2 117 51 9 84 78 14 22 61 42 43 37 134 44 58 144 139 49 85 16 10],498896643
greedy/tai150b,3,510639208,1492,403620,148,[68 54 57 11 135 58 96 144 116 45 7 148 32 19 149 25 70 23 6 128 140 55 79 41 94 8 141 31 65 73 105 3 126 80 113 27 91 47 38 39 15 24 133 136 69 90 93 107 13 42 14 125 51 9 100 66 52 43 121 112 99 60 92 124 74 81 143 122 5 108 78 102 110 114 33 123 56 10 84 130 22 35 30 97 134 137 49 86 2 139 119 16 120 61 34 17 111 0 117 138 12 147 20 77 82 62 89 85 71 98 142 146 4 76 83 95 44 132 29 50 88 104 101 37 59 63 40 18 21 145 129 127 75 28 131 72 118 36 109 103 1 46 87 106 48 67 115 53 64 26],[83 62 114 18 57 64 50 104 102 5 29 26 82 122 98 24 146 30 124 47 46 115 75 143 103 81 112 60 108 110 131 92 53 87 140 127 109 36 145 63 129 67 123 45 120 72 91 113 73 12 21 74 137 141 118 147 125 68 41 17 52 132 130 15 88 86 136 38 119 23 20 70 1 8 90 3 96 89 148 25 59 65 121 99 55 94 126 135 19 95 76 56 48 101 138 133 34 71 28 111 31 77 40 79 128 93 35 7 13 32 39 11 105 97 33 142 149 27 116 6 66 100 107 80 106 69 4 0 54 2 117 51 9 84 78 14 22 61 42 43 37 134 44 58 144 139 49 85 16 10],498896643
steepest/tai150b,3,510497436,226,2536725,1112,[57 26 38 87 119 23 8 6 52 44 134 13 80 105 1 128 86 15 91 49 16 39 43 136 116 70 84 3 73 139 144 90 85 4 0 141 61 132 10 2 22 113 14 147 100 77 135 48 9 42 107 79 20 83 125 111 40 117 94 5 78 27 31 114 92 29 81 71 148 46 25 50 82 102 72 28 30 121 68 127 137 104 53 54 56 131 115 129 96 133 123 47 34 106 66 58 138 17 130 12 97 120 69 21 55 101 11 7 41 35 51 32 76 126 33 93 149 88 140 142 99 67 145 103 74 36 118 143 59 37 62 75 109 63 89 110 95 112 124 60 45 98 24 18 122 108 65 146 64 19],[83 62 114 18 57 64 50 104 102 5 29 26 82 122 98 24 146 30 124 47 46 115 75 143 103 81 112 60 108 110 131 92 53 87 140 127 109 36 145 63 129 67 123 45 120 72 91 113 73 12 21 74 137 141 118 147 125 68 41 17 52 132 130 15 88 86 136 38 119 23 20 70 1 8 90 3 96 89 148 25 59 65 121 99 55 94 126 135 19 95 76 56 48 101 138 133 34 71 28 111 31 77 40 79 128 93 35 7 13 32 39 11 105 97 33 142 149 27 116 6 66 100 107 80 106 69 4 0 54 2 117 51 9 84 78 14 22 61 42 43 37 134 44 58 144 139 49 85 16 10],498896643
random/tai150b,3,621545517,77422,77422,1479,[53 87 148 6 110 45 25 119 8 75 52 116 89 56 108 144 103 4 149 59 70 95 140 109 24 128 111 67 112 82 11 98 65 126 37 0 18 142 94 63 135 5 80 51 16 93 122 123 129 50 41 3 28 83 106 138 73 97 137 14 133 81 64 91 49 139 46 36 113 114 127 85 131 134 76 88 47 136 147 69 57 32 35 90 84 100 42 77 86 54 19 145 74 34 141 7 9 92 66 99 26 31 27 62 29 58 33 132 120 2 40 102 101 10 72 22 55 125 21 121 124 79 130 15 48 71 117 1 44 60 143 104 146 30 118 107 105 20 23 38 96 68 17 115 43 12 13 78 61 39],[83 62 114 18 57 64 50 104 102 5 29 26 82 122 98 24 146 30 124 47 46 115 75 143 103 81 112 60 108 110 131 92 53 87 140 127 109 36 145 63 129 67 123 45 120 72 91 113 73 12 21 74 137 141 118 147 125 68 41 17 52 132 130 15 88 86 136 38 119 23 20 70 1 8 90 3 96 89 148 25 59 65 121 99 55 94 126 135 19 95 76 56 48 101 138 133 34 71 28 111 31 77 40 79 128 93 35 7 13 32 39 11 105 97 33 142 149 27 116 6 66 100 107 80 106 69 4 0 54 2 117 51 9 84 78 14 22 61 42 43 37 134 44 58 144 139 49 85 16 10],498896643
randomWalk/tai150b,3,652159384,2852637,2852637,1481,[108 40 148 142 2 12 120 31 51 103 66 144 49 139 55 10 18 110 145 149 91 67 101 106 71 96 117 134 125 47 28 95 77 7 38 85 65 35 50 60 27 15 33 84 80 122 124 121 19 97 88 102 147 98 146 135 75 62 68 86 4 57 136 94 105 0 89 93 90 116 34 128 87 46 130 26 140 131 113 126 9 92 104 115 64 22 48 17 123 82 23 73 30 20 41 53 8 137 14 58 112 63 70 24 83 74 100 133 54 72 36 69 37 52 29 79 44 119 42 21 81 76 129 56 45 132 32 107 16 114 11 6 109 138 111 43 141 25 78 39 1 61 5 59 13 143 3 99 118 127],[83 62 114 18 57 64 50 104 102 5 29 26 82 122 98 24 146 30 124 47 46 115 75 143 103 81 112 60 108 110 131 92 53 87 140 127 109 36 145 63 129 67 123 45 120 72 91 113 73 12 21 74 137 141 118 147 125 68 41 17 52 132 130 15 88 86 136 38 119 23 20 70 1 8 90 3 96 89 148 25 59 65 121 99 55 94 126 135 19 95 76 56 48 101 138 133 34 71 28 111 31 77 40 79 128 93 35 7 13 32 39 11 105 97 33 142 149 27 116 6 66 100 107 80 106 69 4 0 54 2 117 51 9 84 78 14 22 61 42 43 37 134 44 58 144 139 49 85 16 10],498896643
greedy/tai150b,4,519624393,1309,276759,118,[16 110 116 13 80 125 8 87 36 84 70 28 133 128 97 121 122 106 27 93 144 77 34 120 68 18 92 79 149 138 7 142 3 134 42 103 94 100 23 1 86 65 141 109 107 59 147 61 9 0 5 22 111 137 74 40 90 21 131 37 72 69 124 32 112 71 108 102 101 98 48 82 73 64 14 67 56 38 118 63 52 15 89 39 53 6 24 119 96 47 105 19 17 54 117 43 11 45 135 12 99 58 78 20 26 55 114 104 51 30 88 29 60 81 25 41 148 66 132 50 127 33 123 136 75 143 115 35 49 83 91 130 145 139 76 113 10 4 2 129 57 146 31 126 95 62 85 140 46 44],[83 62 114 18 57 64 50 104 102 5 29 26 82 122 98 24 146 30 124 47 46 115 75 143 103 81 112 60 108 110 131 92 53 87 140 127 109 36 145 63 129 67 123 45 120 72 91 113 73 12 21 74 137 141 118 147 125 68 41 17 52 132 130 15 88 86 136 38 119 23 20 70 1 8 90 3 96 89 148 25 59 65 121 99 55 94 126 135 19 95 76 56 48 101 138 133 34 71 28 111 31 77 40 79 128 93 35 7 13 32 39 11 105 97 33 142 149 27 116 6 66 100 107 80 106 69 4 0 54 2 117 51 9 84 78 14 22 61 42 43 37 134 44 58 144 139 49 85 16 10],498896643
steepest/tai150b,4,522597771,216,2424975,1151,[108 143 56 133 57 82 122 19 118 59 18 38 28 50 47 24 98 96 76 89 144 125 79 4 3 70 55 99 71 121 131 111 23 39 91 77 93 116 7 68 149 73 142 129 21 80 40 63 107 114 1 109 34 127 117 75 124 135 12 120 20 17 105 119 13 6 52 128 138 81 69 8 97 33 112 37 140 65 5 26 36 87 126 94 95 110 53 67 29 46 145 146 54 27 60 141 92 84 103 102 22 72 106 0 90 25 64 30 148 32 43 35 66 14 104 48 113 45 10 132 101 49 78 86 88 9 31 115 11 100 136 123 130 61 42 147 51 2 137 41 15 134 62 58 44 139 83 16 85 74],[83 62 114 18 57 64 50 104 102 5 29 26 82 122 98 24 146 30 124 47 46 115 75 143 103 81 112 60 108 110 131 92 53 87 140 127 109 36 145 63 129 67 123 45 120 72 91 113 73 12 21 74 137 141 118 147 125 68 41 17 52 132 130 15 88 86 136 38 119 23 20 70 1 8 90 3 96 89 148 25 59 65 121 99 55 94 126 135 19 95 76 56 48 101 138 133 34 71 28 111 31 77 40 79 128 93 35 7 13 32 39 11 105 97 33 142 149 27 116 6 66 100 107 80 106 69 4 0 54 2 117 51 9 84 78 14 22 61 42 43 37 134 44 58 144 139 49 85 16 10],498896643
random/tai150b,4,618835709,81666,81666,1481,[84 93 95 45 106 26 130 37 52 64 78 147 63 38 131 111 96 70 60 28 4 9 59 135 34 3 80 119 81 105 62 54 75 68 118 44 100 82 89 98 94 55 51 79 21 108 2 61 16 129 140 99 1 126 74 107 76 113 14 19 72 53 90 39 143 88 36 30 57 71 122 42 5 91 112 48 86 13 128 114 116 77 49 133 43 149 7 10 73 23 66 8 136 124 101 109 20 87 120 40 0 24 125 102 83 41 18 67 115 58 56 134 97 92 11 139 138 33 104 17 132 103 121 145 117 148 35 110 29 141 6 127 47 12 32 15 146 137 22 144 50 85 31 69 25 27 65 46 142 123],[83 62 114 18 57 64 50 104 102 5 29 26 82 122 98 24 146 30 124 47 46 115 75 143 103 81 112 60 108 110 131 92 53 87 140 127 109 36 145 63 129 67 123 45 120 72 91 113 73 12 21 74 137 141 118 147 125 68 41 17 52 132 130 15 88 86 136 38 119 23 20 70 1 8 90 3 96 89 148 25 59 65 121 99 55 94 126 135 19 95 76 56 48 101 138 133 34 71 28 111 31 77 40 79 128 93 35 7 13 32 39 11 105 97 33 142 149 27 116 6 66 100 107 80 106 69 4 0 54 2 117 51 9 84 78 14 22 61 42 43 37 134 44 58 144 139 49 85 16 10],498896643
randomWalk/tai150b,4,647223563,3004568,3004568,1479,[2 50 143 125 111 130 49 78 113 149 107 48 141 92 56 74 81 147 29 120 136 116 93 33 53 117 118 1 84 5 96 140 4 90 52 110 114 35 133 146 89 0 36 86 94 72 80 135 63 70 129 132 97 57 42 112 32 122 85 103 139 128 100 101 3 95 14 51 137 65 17 115 46 37 83 47 40 145 124 104 60 19 54 106 23 82 27 127 99 102 9 138 7 71 45 8 28 105 76 98 31 75 38 39 11 69 25 91 16 61 88 126 41 12 109 79 44 148 6 67 123 58 64 22 121 144 142 24 55 119 62 87 30 10 15 34 43 21 59 73 26 20 108 18 66 77 13 131 68 134],[83 62 114 18 57 64 50 104 102 5 29 26 82 122 98 24 146 30 124 47 46 115 75 143 103 81 112 60 108 110 131 92 53 87 140 127 109 36 145 63 129 67 123 45 120 72 91 113 73 12 21 74 137 141 118 147 125 68 41 17 52 132 130 15 88 86 136 38 119 23 20 70 1 8 90 3 96 89 148 25 59 65 121 99 55 94 126 135 19 95 76 56 48 101 138 133 34 71 28 111 31 77 40 79 128 93 35 7 13 32 39 11 105 97 33 142 149 27 116 6 66 100 107 80 106 69 4 0 54 2 117 51 9 84 78 14 22 61 42 43 37 134 44 58 144 139 49 85 16 10],498896643
greedy/tai150b,5,515105556,1440,417479,319,[53 4 96 38 65 56 140 19 25 148 47 135 8 133 105 126 57 24 100 28 81 143 42 120 138 18 52 147 74 26 122 5 33 11 92 82 111 32 79 59 118 35 76 127 93 36 75 108 129 13 63 136 6 72 20 69 31 48 131 73 104 27 1 137 49 30 123 78 41 64 9 134 23 86 103 3 146 15 90 66 91 62 85 12 16 44 83 80 132 58 139 98 115 145 40 142 21 99 109 119 97 67 130 128 60 110 50 89 112 46 124 29 51 101 95 102 71 37 88 114 14 116 54 68 61 45 84 94 0 149 10 22 117 7 125 141 77 34 43 39 17 144 106 70 55 2 107 87 121 113],[83 62 114 18 57 64 50 104 102 5 29 26 82 122 98 24 146 30 124 47 46 115 75 143 103 81 112 60 108 110 131 92 53 87 140 127 109 36 145 63 129 67 123 45 120 72 91 113 73 12 21 74 137 141 118 147 125 68 41 17 52 132 130 15 88 86 136 38 119 23 20 70 1 8 90 3 96 89 148 25 59 65 121 99 55 94 126 135 19 95 76 56 48 101 138 133 34 71 28 111 31 77 40 79 128 93 35 7 13 32 39 11 105 97 33 142 149 27 116 6 66 100 107 80 106 69 4 0 54 2 117 51 9 84 78 14 22 61 42 43 37 134 44 58 144 139 49 85 16 10],498896643
steepest/tai150b,5,514088358,238,2670825,1456,[3 14 65 57 133 128 19 18 38 118 47 28 100 24 8 122 105 96 52 138 149 148 12 125 119 7 20 45 120 17 74 147 77 11 6 23 25 82 81 58 33 71 97 69 40 123 112 49 124 131 129 79 34 9 15 137 115 80 88 110 143 142 92 78 5 102 132 103 101 108 109 29 141 114 72 61 140 26 117 31 56 44 95 91 126 62 144 83 30 98 39 64 111 37 135 63 59 139 127 104 21 75 60 48 86 145 87 32 36 35 1 53 136 41 73 13 46 130 93 67 66 121 54 22 27 99 94 51 90 10 106 43 68 84 107 55 2 116 134 0 42 146 76 89 50 113 70 16 85 4],[83 62 114 18 57 64 50 104 102 5 29 26 82 122 98 24 146 30 124 47 46 115 75 143 103 81 112 60 108 110 131 92 53 87 140 127 109 36 145 63 129 67 123 45 120 72 91 113 73 12 21 74 137 141 118 147 125 68 41 17 52 132 130 15 88 86 136 38 119 23 20 70 1 8 90 3 96 89 148 25 59 65 121 99 55 94 126 135 19 95 76 56 48 101 138 133 34 71 28 111 31 77 40 79 128 93 35 7 13 32 39 11 105 97 33 142 149 27 116 6 66 100 107 80 106 69 4 0 54 2 117 51 9 84 78 14 22 61 42 43 37 134 44 58 144 139 49 85 16 10],498896643
random/tai150b,5,620108258,80283,80283,1479,[16 87 46 131 86 88 92 146 76 111 122 71 89 101 36 56 119 138 7 109 145 115 38 96 32 49 25 68 130 44 18 82 123 105 1 78 50 42 4 128 137 19 142 66 35 116 17 43 20 61 100 124 91 73 63 27 60 94 135 143 48 75 110 31 102 84 134 83 79 74 132 80 0 64 12 125 106 53 10 26 97 5 65 81 67 121 28 93 58 37 139 77 54 129 126 55 51 21 69 95 118 147 8 70 62 133 23 112 136 39 22 33 117 29 140 13 2 15 3 57 149 40 148 127 103 72 144 107 108 120 59 6 104 113 14 30 24 52 141 34 9 85 11 114 98 99 47 45 90 41],[83 62 114 18 57 64 50 104 102 5 29 26 82 122 98 24 146 30 124 47 46 115 75 143 103 81 112 60 108 110 131 92 53 87 140 127 109 36 145 63 129 67 123 45 120 72 91 113 73 12 21 74 137 141 118 147 125 68 41 17 52 132 130 15 88 86 136 38 119 23 20 70 1 8 90 3 96 89 148 25 59 65 121 99 55 94 126 135 19 95 76 56 48 101 138 133 34 71 28 111 31 77 40 79 128 93 35 7 13 32 39 11 105 97 33 142 149 27 116 6 66 100 107 80 106 69 4 0 54 2 117 51 9 84 78 14 22 61 42 43 37 134 44 58 144 139 49 85 16 10],498896643
randomWalk/tai150b,5,640386277,3187747,3187747,1479,[72 30 34 115 86 43 135 129 22 120 114 40 123 102 121 144 133 125 11 146 98 10 56 89 84 94 87 65 108 26 38 36 95 70 62 17 48 88 7 124 101 12 75 78 25 107 37 27 132 126 149 118 97 91 74 59 63 49 67 82 81 145 6 53 24 41 66 103 148 113 117 64 90 138 58 77 47 99 111 33 16 21 73 85 9 147 32 116 130 44 139 20 46 14 42 128 143 0 104 100 140 60 15 57 29 61 51 3 106 137 19 31 35 1 2 141 54 13 119 50 69 28 79 112 105 134 45 4 18 110 83 109 5 8 68 80 122 93 92 131 55 142 127 136 96 23 39 71 76 52],[83 62 114 18 57 64 50 104 102 5 29 26 82 122 98 24 146 30 124 47 46 115 75 143 103 81 112 60 108 110 131 92 53 87 140 127 109 36 145 63 129 67 123 45 120 72 91 113 73 12 21 74 137 141 118 147 125 68 41 17 52 132 130 15 88 86 136 38 119 23 20 70 1 8 90 3 96 89 148 25 59 65 121 99 55 94 126 135 19 95 76 56 48 101 138 133 34 71 28 111 31 77 40 79 128 93 35 7 13 32 39 11 105 97 33 142 149 27 116 6 66 100 107 80 106 69 4 0 54 2 117 51 9 84 78 14 22 61 42 43 37 134 44 58 144 139 49 85 16 10],498896643
greedy/tai150b,6,515794964,1441,489795,205,[18 126 62 103 37 85 98 44 132 142 146 93 141 29 83 82 108 95 143 113 32 79 74 4 10 134 78 110 53 109 145 14 35 86 36 73 67 1 87 136 13 23 130 66 48 112 0 72 34 123 63 138 129 107 9 111 60 5 39 58 125 17 12 105 40 133 11 128 137 8 21 121 71 144 41 47 57 102 76 118 27 104 30 99 64 26 24 131 122 114 59 50 147 88 77 69 42 61 20 51 75 54 101 115 97 6 140 89 31 70 84 16 22 2 15 119 46 116 49 139 100 91 80 127 28 90 68 94 124 3 106 43 120 45 33 55 81 117 38 52 92 56 25 65 7 149 148 96 19 135],[83 62 114 18 57 64 50 104 102 5 29 26 82 122 98 24 146 30 124 47 46 115 75 143 103 81 112 60 108 110 131 92 53 87 140 127 109 36 145 63 129 67 123 45 120 72 91 113 73 12 21 74 137 141 118 147 125 68 41 17 52 132 130 15 88 86 136 38 119 23 20 70 1 8 90 3 96 89 148 25 59 65 121 99 55 94 126 135 19 95 76 56 48 101 138 133 34 71 28 111 31 77 40 79 128 93 35 7 13 32 39 11 105 97 33 142 149 27 116 6 66 100 107 80 106 69 4 0 54 2 117 51 9 84 78 14 22 61 42 43 37 134 44 58 144 139 49 85 16 10],498896643
steepest/tai150b,6,515324372,210,2357925,1285,[41 68 89 145 110 70 87 46 129 75 53 127 143 108 67 115 116 123 130 33 16 84 40 86 97 6 36 63 13 136 35 1 139 2 21 22 128 137 44 121 49 56 119 120 20 107 147 118 42 90 66 45 43 138 15 91 106 104 88 51 74 9 38 100 60 23 78 8 4 96 17 19 105 47 83 101 82 131 124 62 103 142 73 109 146 141 32 93 98 95 37 71 112 54 77 72 111 12 48 132 34 52 69 125 61 10 30 64 14 140 117 134 80 3 31 113 133 39 79 144 0 94 58 7 85 5 26 55 27 57 11 59 135 149 148 76 102 24 25 99 28 81 114 18 126 65 122 29 50 92],[83 62 114 18 57 64 50 104 102 5 29 26 82 122 98 24 146 30 124 47 46 115 75 143 103 81 112 60 108 110 131 92 53 87 140 127 109 36 145 63 129 67 123 45 120 72 91 113 73 12 21 74 137 141 118 147 125 68 41 17 52 132 130 15 88 86 136 38 119 23 20 70 1 8 90 3 96 89 148 25 59 65 121 99 55 94 126 135 19 95 76 56 48 101 138 133 34 71 28 111 31 77 40 79 128 93 35 7 13 32 39 11 105 97 33 142 149 27 116 6 66 100 107 80 106 69 4 0 54 2 117 51 9 84 78 14 22 61 42 43 37 134 44 58 144 139 49 85 16 10],498896643
random/tai150b,6,619737058,73688,73688,1480,[4 135 18 145 53 29 20 77 42 32 118 48 123 137 27 12 8 122 133 103 71 125 121 39 0 83 34 66 50 64 45 80 26 85 104 3 65 51 131 90 114 9 55 81 60 86 111 132 67 100 141 56 82 89 130 36 79 149 93 11 10 99 75 92 37 43 119 70 74 62 40 57 147 108 31 128 109 96 94 19 54 61 49 120 28 101 139 117 143 95 112 87 17 15 52 113 14 91 102 46 35 136 33 41 59 124 13 129 1 78 23 30 107 140 115 126 134 138 58 76 142 127 97 146 144 105 110 116 21 73 7 5 106 68 72 2 47 38 44 24 88 22 84 16 98 6 148 69 25 63],[83 62 114 18 57 64 50 104 102 5 29 26 82 122 98 24 146 30 124 47 46 115 75 143 103 81 112 60 108 110 131 92 53 87 140 127 109 36 145 63 129 67 123 45 120 72 91 113 73 12 21 74 137 141 118 147 125 68 41 17 52 132 130 15 88 86 136 38 119 23 20 70 1 8 90 3 96 89 148 25 59 65 121 99 55 94 126 135 19 95 76 56 48 101 138 133 34 71 28 111 31 77 40 79 128 93 35 7 13 32 39 11 105 97 33 142 149 27 116 6 66 100 107 80 106 69 4 0 54 2 117 51 9 84 78 14 22 61 42 43 37 134 44 58 144 139 49 85 16 10],498896643
randomWalk/tai150b,6,655372206,2322567,2322567,1489,[1 14 59 87 20 113 106 31 16 88 147 96 61 52 94 27 142 103 41 129 148 79 93 91 110 89 134 80 77 75 10 122 73 55 108 29 112 56 131 132 48 30 139 58 51 76 104 71 138 32 144 54 140 74 68 95 43 11 63 15 5 3 25 45 81 70 86 90 13 82 115 38 42 84 4 146 143 7 21 99 126 62 117 46 123 72 85 64 69 67 12 8 136 137 92 17 66 124 120 19 118 18 34 53 101 60 83 0 78 116 40 100 107 121 50 102 22 141 127 44 9 47 98 149 57 105 145 125 6 24 49 36 2 111 114 23 28 119 128 39 37 135 130 35 109 33 65 26 133 97],[83 62 114 18 57 64 50 104 102 5 29 26 82 122 98 24 146 30 124 47 46 115 75 143 103 81 112 60 108 110 131 92 53 87 140 127 109 36 145 63 129 67 123 45 120 72 91 113 73 12 21 74 137 141 118 147 125 68 41 17 52 132 130 15 88 86 136 38 119 23 20 70 1 8 90 3 96 89 148 25 59 65 121 99 55 94 126 135 19 95 76 56 48 101 138 133 34 71 28 111 31 77 40 79 128 93 35 7 13 32 39 11 105 97 33 142 149 27 116 6 66 100 107 80 106 69 4 0 54 2 117 51 9 84 78 14 22 61 42 43 37 134 44 58 144 139 49 85 16 10],498896643
greedy/tai150b,7,514707095,1336,316770,213,[27 11 44 1 6 85 70 119 13 110 144 101 88 23 87 116 16 49 136 139 95 67 20 74 36 98 86 61 39 83 15 42 89 140 118 62 18 71 65 126 58 145 133 109 75 137 78 4 9 84 34 0 2 69 130 10 123 138 143 59 79 68 57 81 131 114 124 102 26 29 60 50 104 132 76 100 56 73 91 45 41 47 96 17 19 24 105 80 128 38 52 8 117 63 127 125 14 12 21 22 28 129 37 40 147 108 134 53 31 64 51 146 66 72 115 54 48 112 46 30 3 135 90 99 55 5 113 141 82 103 94 121 148 111 25 92 122 106 107 43 97 33 149 7 77 142 120 32 35 93],[83 62 114 18 57 64 50 104 102 5 29 26 82 122 98 24 146 30 124 47 46 115 75 143 103 81 112 60 108 110 131 92 53 87 140 127 109 36 145 63 129 67 123 45 120 72 91 113 73 12 21 74 137 141 118 147 125 68 41 17 52 132 130 15 88 86 136 38 119 23 20 70 1 8 90 3 96 89 148 25 59 65 121 99 55 94 126 135 19 95 76 56 48 101 138 133 34 71 28 111 31 77 40 79 128 93 35 7 13 32 39 11 105 97 33 142 149 27 116 6 66 100 107 80 106 69 4 0 54 2 117 51 9 84 78 14 22 61 42 43 37 134 44 58 144 139 49 85 16 10],498896643
steepest/tai150b,7,514283786,217,2436150,1172,[11 58 138 25 81 47 128 65 33 120 8 100 148 105 74 97 133 18 122 88 126 51 83 92 39 140 147 78 35 5 27 36 98 89 112 95 60 76 143 67 63 85 110 127 75 109 21 139 129 111 4 0 118 12 99 22 59 20 115 66 3 123 54 32 37 134 86 68 48 30 103 104 26 131 130 49 121 38 117 135 52 13 28 17 57 44 6 119 96 19 24 56 136 79 40 14 15 61 113 10 91 90 145 69 62 71 29 114 108 46 53 146 72 124 102 82 50 31 64 132 34 137 107 1 80 2 55 87 94 41 125 45 84 9 141 101 73 77 106 43 42 144 149 7 142 93 116 70 16 23],[83 62 114 18 57 64 50 104 102 5 29 26 82 122 98 24 146 30 124 47 46 115 75 143 103 81 112 60 108 110 131 92 53 87 140 127 109 36 145 63 129 67 123 45 120 72 91 113 73 12 21 74 137 141 118 147 125 68 41 17 52 132 130 15 88 86 136 38 119 23 20 70 1 8 90 3 96 89 148 25 59 65 121 99 55 94 126 135 19 95 76 56 48 101 138 133 34 71 28 111 31 77 40 79 128 93 35 7 13 32 39 11 105 97 33 142 149 27 116 6 66 100 107 80 106 69 4 0 54 2 117 51 9 84 78 14 22 61 42 43 37 134 44 58 144 139 49 85 16 10],498896643
random/tai150b,7,622905051,77972,77972,1479,[143 1 86 108 23 91 18 39 16 137 67 116 97 134 122 56 7 19 22 76 66 58 42 139 20 51 147 83 30 0 14 26 31 69 3 45 93 126 118 138 102 89 123 50 44 99 141 142 41 63 96 119 2 148 59 106 135 129 62 12 145 24 6 140 125 11 37 8 48 104 4 71 38 64 54 121 53 109 112 94 144 57 131 113 65 43 60 81 61 15 88 85 146 55 107 29 49 130 133 47 110 5 73 100 120 79 9 17 128 117 111 74 82 115 136 105 92 52 78 95 149 35 68 124 28 101 46 10 90 25 32 34 127 77 84 75 21 98 87 114 13 27 72 40 132 36 33 80 70 103],[83 62 114 18 57 64 50 104 102 5 29 26 82 122 98 24 146 30 124 47 46 115 75 143 103 81 112 60 108 110 131 92 53 87 140 127 109 36 145 63 129 67 123 45 120 72 91 113 73 12 21 74 137 141 118 147 125 68 41 17 52 132 130 15 88 86 136 38 119 23 20 70 1 8 90 3 96 89 148 25 59 65 121 99 55 94 126 135 19 95 76 56 48 101 138 133 34 71 28 111 31 77 40 79 128 93 35 7 13 32 39 11 105 97 33 142 149 27 116 6 66 100 107 80 106 69 4 0 54 2 117 51 9 84 78 14 22 61 42 43 37 134 44 58 144 139 49 85 16 10],498896643
randomWalk/tai150b,7,664365011,3305199,3305199,1480,[101 25 20 84 51 61 26 68 53 79 99 144 132 100 31 107 139 32 93 34 98 108 72 97 111 129 87 40 50 4 63 47 70 24 33 143 113 59 16 10 125 22 137 94 102 55 103 13 83 75 112 46 120 69 115 71 27 117 56 44 121 6 135 65 148 45 30 126 95 8 43 66 109 28 76 80 145 105 124 67 89 136 3 131 116 37 78 134 110 149 29 64 86 119 1 104 23 133 88 11 122 49 60 42 52 130 114 142 18 85 54 146 92 90 74 73 118 9 127 41 138 2 123 62 141 128 0 96 35 81 15 14 57 36 5 91 7 21 38 82 48 17 58 12 19 77 147 39 106 140],[83 62 114 18 57 64 50 104 102 5 29 26 82 122 98 24 146 30 124 47 46 115 75 143 103 81 112 60 108 110 131 92 53 87 140 127 109 36 145 63 129 67 123 45 120 72 91 113 73 12 21 74 137 141 118 147 125 68 41 17 52 132 130 15 88 86 136 38 119 23 20 70 1 8 90 3 96 89 148 25 59 65 121 99 55 94 126 135 19 95 76 56 48 101 138 133 34 71 28 111 31 77 40 79 128 93 35 7 13 32 39 11 105 97 33 142 149 27 116 6 66 100 107 80 106 69 4 0 54 2 117 51 9 84 78 14 22 61 42 43 37 134 44 58 144 139 49 85 16 10],498896643
greedy/tai150b,8,515377274,1361,343779,130,[133 118 7 13 116 35 144 149 77 84 70 125 97 23 93 121 32 142 11 87 68 22 34 40 107 56 43 21 113 86 106 130 10 101 123 131 139 37 2 16 137 28 49 5 135 109 143 74 75 82 9 20 81 100 33 17 94 119 45 4 54 115 62 95 83 53 89 29 76 98 59 146 44 50 67 38 8 122 36 80 92 27 47 1 18 24 19 110 128 96 6 105 117 78 25 129 69 127 136 111 124 99 145 138 41 103 134 104 73 57 0 85 55 114 58 26 30 141 102 108 52 72 147 66 79 88 48 15 63 112 3 90 42 12 14 91 61 132 51 60 120 71 64 31 126 148 65 140 46 39],[83 62 114 18 57 64 50 104 102 5 29 26 82 122 98 24 146 30 124 47 46 115 75 143 103 81 112 60 108 110 131 92 53 87 140 127 109 36 145 63 129 67 123 45 120 72 91 113 73 12 21 74 137 141 118 147 125 68 41 17 52 132 130 15 88 86 136 38 119 23 20 70 1 8 90 3 96 89 148 25 59 65 121 99 55 94 126 135 19 95 76 56 48 101 138 133 34 71 28 111 31 77 40 79 128 93 35 7 13 32 39 11 105 97 33 142 149 27 116 6 66 100 107 80 106 69 4 0 54 2 117 51 9 84 78 14 22 61 42 43 37 134 44 58 144 139 49 85 16 10],498896643
steepest/tai150b,8,516439590,222,2492025,1122,[73 141 56 13 105 19 47 7 93 120 96 43 106 121 24 128 27 149 1 6 32 101 63 86 88 142 116 60 11 23 33 124 35 29 78 109 5 18 92 122 110 131 68 72 75 130 111 84 118 135 119 21 137 54 40 117 123 138 79 58 0 139 16 65 136 70 15 76 62 126 44 89 95 85 42 77 98 36 94 147 87 51 55 34 39 41 82 48 46 53 67 50 107 49 22 37 2 129 28 9 127 115 59 99 57 114 102 30 103 134 26 146 145 74 104 81 64 143 144 108 17 148 25 69 100 12 125 38 45 133 52 112 66 20 3 91 80 90 31 61 97 140 10 71 4 83 14 132 8 113],[83 62 114 18 57 64 50 104 102 5 29 26 82 122 98 24 146 30 124 47 46 115 75 143 103 81 112 60 108 110 131 92 53 87 140 127 109 36 145 63 129 67 123 45 120 72 91 113 73 12 21 74 137 141 118 147 125 68 41 17 52 132 130 15 88 86 136 38 119 23 20 70 1 8 90 3 96 89 148 25 59 65 121 99 55 94 126 135 19 95 76 56 48 101 138 133 34 71 28 111 31 77 40 79 128 93 35 7 13 32 39 11 105 97 33 142 149 27 116 6 66 100 107 80 106 69 4 0 54 2 117 51 9 84 78 14 22 61 42 43 37 134 44 58 144 139 49 85 16 10],498896643
random/tai150b,8,622484096,42796,42796,1485,[21 47 38 18 138 7 41 141 4 74 33 77 81 59 119 135 45 79 85 58 8 37 30 11 120 35 143 105 73 44 28 14 65 43 80 90 16 88 55 60 132 62 139 87 26 69 22 147 9 129 49 48 3 39 100 40 25 66 124 131 32 29 57 103 27 51 63 137 145 19 123 61 102 42 93 111 107 104 17 133 121 89 68 53 46 118 106 36 127 116 125 52 67 1 144 101 128 86 2 113 134 136 50 10 12 75 56 114 96 84 54 146 117 20 112 76 13 83 91 99 109 71 15 0 142 148 82 78 94 98 34 126 122 70 149 130 6 95 140 5 97 108 115 24 64 31 92 110 23 72],[83 62 114 18 57 64 50 104 102 5 29 26 82 122 98 24 146 30 124 47 46 115 75 143 103 81 112 60 108 110 131 92 53 87 140 127 109 36 145 63 129 67 123 45 120 72 91 113 73 12 21 74 137 141 118 147 125 68 41 17 52 132 130 15 88 86 136 38 119 23 20 70 1 8 90 3 96 89 148 25 59 65 121 99 55 94 126 135 19 95 76 56 48 101 138 133 34 71 28 111 31 77 40 79 128 93 35 7 13 32 39 11 105 97 33 142 149 27 116 6 66 100 107 80 106 69 4 0 54 2 117 51 9 84 78 14 22 61 42 43 37 134 44 58 144 139 49 85 16 10],498896643
randomWalk/tai150b,8,667454239,1843739,1843739,1483,[139 83 108 119 11 39 74 138 72 145 89 107 20 124 75 94 12 59 6 45 85 135 90 49 13 95 131 9 103 118 149 4 143 37 10 21 109 123 41 133 82 96 44 40 106 3 46 102 36 58 80 56 129 110 125 54 105 116 30 38 65 126 146 29 112 66 52 115 62 87 127 64 57 84 55 122 104 2 98 117 1 132 43 35 93 69 28 88 60 120 78 79 53 51 50 141 25 68 23 91 147 111 128 33 99 134 81 27 113 142 48 61 86 97 63 14 42 15 92 100 130 5 24 8 67 0 76 32 22 144 148 101 19 17 70 26 114 7 71 136 34 137 18 47 121 16 31 77 73 140],[83 62 114 18 57 64 50 104 102 5 29 26 82 122 98 24 146 30 124 47 46 115 75 143 103 81 112 60 108 110 131 92 53 87 140 127 109 36 145 63 129 67 123 45 120 72 91 113 73 12 21 74 137 141 118 147 125 68 41 17 52 132 130 15 88 86 136 38 119 23 20 70 1 8 90 3 96 89 148 25 59 65 121 99 55 94 126 135 19 95 76 56 48 101 138 133 34 71 28 111 31 77 40 79 128 93 35 7 13 32 39 11 105 97 33 142 149 27 116 6 66 100 107 80 106 69 4 0 54 2 117 51 9 84 78 14 22 61 42 43 37 134 44 58 144 139 49 85 16 10],498896643
greedy/tai150b,9,512621202,1462,343676,239,[35 130 23 86 116 96 8 6 1 15 70 52 119 144 87 38 56 53 7 128 24 97 20 149 11 47 13 17 27 93 105 77 19 122 100 74 42 65 120 138 33 18 88 75 59 118 60 136 9 129 145 117 115 135 142 61 63 22 143 51 141 83 121 85 124 82 108 55 94 71 103 98 50 29 112 68 2 106 43 54 80 137 134 45 30 10 44 84 139 49 123 16 40 147 0 67 34 36 28 127 131 99 109 21 78 101 126 89 92 81 26 102 37 41 110 95 57 5 114 76 14 25 48 90 4 3 107 39 133 72 111 104 66 12 148 73 91 62 58 69 125 146 31 32 113 64 132 140 46 79],[83 62 114 18 57 64 50 104 102 5 29 26 82 122 98 24 146 30 124 47 46 115 75 143 103 81 112 60 108 110 131 92 53 87 140 127 109 36 145 63 129 67 123 45 120 72 91 113 73 12 21 74 137 141 118 147 125 68 41 17 52 132 130 15 88 86 136 38 119 23 20 70 1 8 90 3 96 89 148 25 59 65 121 99 55 94 126 135 19 95 76 56 48 101 138 133 34 71 28 111 31 77 40 79 128 93 35 7 13 32 39 11 105 97 33 142 149 27 116 6 66 100 107 80 106 69 4 0 54 2 117 51 9 84 78 14 22 61 42 43 37 134 44 58 144 139 49 85 16 10],498896643
steepest/tai150b,9,518676869,206,2313225,1285,[4 76 30 83 108 44 98 18 138 143 64 74 31 85 62 113 146 29 13 79 56 47 54 68 119 134 110 77 24 87 6 137 19 96 97 93 120 49 27 105 128 86 7 59 11 142 5 99 135 21 101 28 141 9 103 75 131 63 57 80 0 17 124 41 117 114 55 60 1 50 34 81 23 88 115 136 46 145 36 111 37 48 140 118 126 95 53 67 35 82 130 32 109 149 127 106 40 43 116 129 72 94 107 123 22 139 16 121 10 144 78 8 102 125 84 2 122 92 100 70 52 61 20 12 42 3 33 148 45 90 69 66 112 147 14 25 132 58 51 104 26 133 73 39 38 65 15 89 71 91],[83 62 114 18 57 64 50 104 102 5 29 26 82 122 98 24 146 30 124 47 46 115 75 143 103 81 112 60 108 110 131 92 53 87 140 127 109 36 145 63 129 67 123 45 120 72 91 113 73 12 21 74 137 141 118 147 125 68 41 17 52 132 130 15 88 86 136 38 119 23 20 70 1 8 90 3 96 89 148 25 59 65 121 99 55 94 126 135 19 95 76 56 48 101 138 133 34 71 28 111 31 77 40 79 128 93 35 7 13 32 39 11 105 97 33 142 149 27 116 6 66 100 107 80 106 69 4 0 54 2 117 51 9 84 78 14 22 61 42 43 37 134 44 58 144 139 49 85 16 10],498896643
random/tai150b,9,620311018,58651,58651,1479,[99 78 114 58 102 87 96 17 95 121 136 47 113 80 149 123 125 71 7 128 74 32 12 4 1 10 61 147 45 145 117 14 77 67 140 105 44 110 130 139 109 97 86 28 21 137 20 68 40 6 142 115 122 91 16 75 38 70 72 144 55 9 0 143 15 26 133 124 42 46 27 5 53 18 112 101 54 132 108 103 107 35 79 51 57 104 59 3 56 31 98 148 39 24 92 127 13 63 129 138 118 33 62 69 23 22 84 76 11 64 93 43 120 36 19 89 37 106 48 146 126 83 52 30 131 82 85 60 134 50 2 81 34 25 116 8 141 65 135 66 29 100 41 90 49 73 111 88 119 94],[83 62 114 18 57 64 50 104 102 5 29 26 82 122 98 24 146 30 124 47 46 115 75 143 103 81 112 60 108 110 131 92 53 87 140 127 109 36 145 63 129 67 123 45 120 72 91 113 73 12 21 74 137 141 118 147 125 68 41 17 52 132 130 15 88 86 136 38 119 23 20 70 1 8 90 3 96 89 148 25 59 65 121 99 55 94 126 135 19 95 76 56 48 101 138 133 34 71 28 111 31 77 40 79 128 93 35 7 13 32 39 11 105 97 33 142 149 27 116 6 66 100 107 80 106 69 4 0 54 2 117 51 9 84 78 14 22 61 42 43 37 134 44 58 144 139 49 85 16 10],498896643
randomWalk/tai150b,9,653289272,2592869,2592869,1487,[113 100 86 76 116 147 73 23 137 136 143 56 35 81 8 117 128 13 25 4 37 146 87 18 130 11 60 36 6 107 90 142 141 95 82 74 70 103 2 29 119 115 132 124 77 108 149 66 31 15 148 75 135 45 68 138 131 101 126 92 54 127 123 96 71 106 5 79 21 26 41 97 93 48 16 59 34 125 20 122 7 67 114 19 72 43 49 57 14 32 40 65 24 88 118 83 85 38 17 46 10 134 62 98 39 89 145 22 80 64 105 44 47 63 110 140 91 129 51 58 61 9 84 1 78 102 120 144 99 50 53 104 109 52 121 111 28 133 69 3 94 112 33 55 12 42 30 27 139 0],[83 62 114 18 57 64 50 104 102 5 29 26 82 122 98 24 146 30 124 47 46 115 75 143 103 81 112 60 108 110 131 92 53 87 140 127 109 36 145 63 129 67 123 45 120 72 91 113 73 12 21 74 137 141 118 147 125 68 41 17 52 132 130 15 88 86 136 38 119 23 20 70 1 8 90 3 96 89 148 25 59 65 121 99 55 94 126 135 19 95 76 56 48 101 138 133 34 71 28 111 31 77 40 79 128 93 35 7 13 32 39 11 105 97 33 142 149 27 116 6 66 100 107 80 106 69 4 0 54 2 117 51 9 84 78 14 22 61 42 43 37 134 44 58 144 139 49 85 16 10],498896643
greedy/tai150b,10,518546255,1498,247143,127,[103 125 67 11 4 70 35 89 55 101 53 41 59 126 10 76 56 8 82 95 16 139 121 9 86 23 136 107 96 130 37 69 7 100 117 137 22 19 135 49 78 25 2 84 105 17 127 129 43 90 119 109 75 6 40 21 20 94 148 66 110 57 48 62 83 44 24 114 30 98 112 46 104 29 34 145 140 32 111 118 38 77 71 15 87 133 141 28 39 73 91 113 13 123 12 61 149 14 45 142 116 128 52 99 138 51 81 88 42 144 33 50 120 147 74 60 65 97 115 58 26 92 36 63 131 47 106 122 0 3 68 54 80 1 27 102 72 143 124 5 93 85 79 108 64 132 18 146 134 31],[83 62 114 18 57 64 50 104 102 5 29 26 82 122 98 24 146 30 124 47 46 115 75 143 103 81 112 60 108 110 131 92 53 87 140 127 109 36 145 63 129 67 123 45 120 72 91 113 73 12 21 74 137 141 118 147 125 68 41 17 52 132 130 15 88 86 136 38 119 23 20 70 1 8 90 3 96 89 148 25 59 65 121 99 55 94 126 135 19 95 76 56 48 101 138 133 34 71 28 111 31 77 40 79 128 93 35 7 13 32 39 11 105 97 33 142 149 27 116 6 66 100 107 80 106 69 4 0 54 2 117 51 9 84 78 14 22 61 42 43 37 134 44 58 144 139 49 85 16 10],498896643
steepest/tai150b,10,515493641,299,3352500,1696,[46 31 92 103 113 35 29 24 109 141 18 77 114 78 27 132 32 122 11 142 8 33 13 105 120 19 138 97 81 128 93 6 100 56 130 40 37 49 101 28 41 86 127 90 12 17 22 117 75 21 20 111 36 133 143 99 63 72 15 80 4 61 47 62 14 44 83 110 84 85 91 98 53 95 69 135 121 108 68 5 102 65 148 124 55 94 25 71 96 149 82 7 118 52 0 119 34 145 129 1 74 125 38 88 137 45 16 116 123 70 73 87 67 39 10 43 139 136 106 2 23 48 58 59 107 147 57 89 104 26 54 76 42 60 66 50 112 51 115 9 131 146 134 64 144 30 3 126 140 79],[83 62 114 18 57 64 50 104 102 5 29 26 82 122 98 24 146 30 124 47 46 115 75 143 103 81 112 60 108 110 131 92 53 87 140 127 109 36 145 63 129 67 123 45 120 72 91 113 73 12 21 74 137 141 118 147 125 68 41 17 52 132 130 15 88 86 136 38 119 23 20 70 1 8 90 3 96 89 148 25 59 65 121 99 55 94 126 135 19 95 76 56 48 101 138 133 34 71 28 111 31 77 40 79 128 93 35 7 13 32 39 11 105 97 33 142 149 27 116 6 66 100 107 80 106 69 4 0 54 2 117 51 9 84 78 14 22 61 42 43 37 134 44 58 144 139 49 85 16 10],498896643
random/tai150b,10,623035027,66133,66133,1481,[136 81 144 28 64 98 92 23 66 3 116 32 43 38 48 39 79 6 22 62 123 77 7 25 104 132 143 95 69 114 31 141 35 142 82 33 49 107 113 2 56 137 149 67 72 20 147 105 88 78 110 146 83 135 75 8 51 124 34 115 18 112 108 21 126 111 94 46 125 76 54 121 117 47 13 101 70 60 10 80 11 59 58 12 127 55 84 53 71 41 45 103 90 109 65 50 63 40 0 97 102 29 91 14 61 133 4 122 131 9 17 140 138 52 68 134 57 42 145 130 36 19 1 139 148 99 73 96 44 100 93 15 89 24 120 118 119 74 27 5 37 26 30 129 106 87 16 128 85 86],[83 62 114 18 57 64 50 104 102 5 29 26 82 122 98 24 146 30 124 47 46 115 75 143 103 81 112 60 108 110 131 92 53 87 140 127 109 36 145 63 129 67 123 45 120 72 91 113 73 12 21 74 137 141 118 147 125 68 41 17 52 132 130 15 88 86 136 38 119 23 20 70 1 8 90 3 96 89 148 25 59 65 121 99 55 94 126 135 19 95 76 56 48 101 138 133 34 71 28 111 31 77 40 79 128 93 35 7 13 32 39 11 105 97 33 142 149 27 116 6 66 100 107 80 106 69 4 0 54 2 117 51 9 84 78 14 22 61 42 43 37 134 44 58 144 139 49 85 16 10],498896643
randomWalk/tai150b,10,661412201,3112031,3112031,1480,[5 48 90 100 112 108 80 122 74 103 70 101 134 4 49 33 99 9 77 78 55 59 117 14 7 82 71 27 12 110 148 19 132 137 102 130 56 91 121 135 76 58 133 53 144 43 67 18 2 72 109 31 140 64 86 147 52 62 85 116 69 39 139 92 10 45 98 73 125 87 81 3 0 127 105 106 79 40 97 29 119 50 84 28 6 36 32 63 143 41 17 123 47 68 88 115 25 142 136 46 83 89 26 104 11 8 95 51 93 124 15 54 149 20 129 107 146 30 60 57 61 75 22 145 35 23 42 21 44 114 131 128 65 1 126 16 113 37 141 13 34 94 120 138 96 118 38 24 66 111],[83 62 114 18 57 64 50 104 102 5 29 26 82 122 98 24 146 30 124 47 46 115 75 143 103 81 112 60 108 110 131 92 53 87 140 127 109 36 145 63 129 67 123 45 120 72 91 113 73 12 21 74 137 141 118 147 125 68 41 17 52 132 130 15 88 86 136 38 119 23 20 70 1 8 90 3 96 89 148 25 59 65 121 99 55 94 126 135 19 95 76 56 48 101 138 133 34 71 28 111 31 77 40 79 128 93 35 7 13 32 39 11 105 97 33 142 149 27 116 6 66 100 107 80 106 69 4 0 54 2 117 51 9 84 78 14 22 61 42 43 37 134 44 58 144 139 49 85 16 10],498896643
greedy/esc32f,1,2,5,574,0,[15 11 19 9 21 22 12 14 20 7 16 2 1 0 26 28 10 27 4 25 13 6 30 24 17 5 31 3 29 23 8 18],[0 1 4 5 7 15 12 18 8 31 6 21 23 19 3 11 2 16 28 20 10 24 26 17 29 30 22 27 13 14 25 9],2
steepest/esc32f,1,2,3,1984,0,[20 11 19 9 21 22 12 14 15 7 16 2 1 0 26 28 10 27 13 25 4 6 30 24 17 5 31 3 29 23 8 18],[0 1 4 5 7 15 12 18 8 31 6 21 23 19 3 11 2 16 28 20 10 24 26 17 29 30 22 27 13 14 25 9],2
random/esc32f,1,30,0,0,0,[15 11 1 9 21 22 14 12 20 7 16 2 19 0 26 28 10 27 13 25 4 6 30 24 17 5 31 3 29 23 8 18],[0 1 4 5 7 15 12 18 8 31 6 21 23 19 3 11 2 16 28 20 10 24 26 17 29 30 22 27 13 14 25 9],2
randomWalk/esc32f,1,30,0,0,0,[15 11 1 9 21 22 14 12 20 7 16 2 19 0 26 28 10 27 13 25 4 6 30 24 17 5 31 3 29 23 8 18],[0 1 4 5 7 15 12 18 8 31 6 21 23 19 3 11 2 16 28 20 10 24 26 17 29 30 22 27 13 14 25 9],2
greedy/esc32f,2,2,7,704,0,[3 30 15 11 31 6 24 5 9 13 19 28 27 26 0 7 21 14 8 12 4 17 20 10 22 1 18 16 25 2 29 23],[0 1 4 5 7 15 12 18 8 31 6 21 23 19 3 11 2 16 28 20 10 24 26 17 29 30 22 27 13 14 25 9],2
steepest/esc32f,2,2,5,2976,0,[30 9 21 11 31 6 4 19 5 13 12 28 27 26 8 7 3 15 0 14 24 17 20 10 22 1 18 16 25 2 29 23],[0 1 4 5 7 15 12 18 8 31 6 21 23 19 3 11 2 16 28 20 10 24 26 17 29 30 22 27 13 14 25 9],2
random/esc32f,2,46,0,0,0,[30 26 14 11 31 6 24 5 21 13 12 28 27 9 8 7 3 15 0 19 4 17 20 10 22 1 18 16 25 2 29 23],[0 1 4 5 7 15 12 18 8 31 6 21 23 19 3 11 2 16 28 20 10 24 26 17 29 30 22 27 13 14 25 9],2
randomWalk/esc32f,2,46,0,0,0,[30 26 14 11 31 6 24 5 21 13 12 28 27 9 8 7 3 15 0 19 4 17 20 10 22 1 18 16 25 2 29 23],[0 1 4 5 7 15 12 18 8 31 6 21 23 19 3 11 2 16 28 20 10 24 26 17 29 30 22 27 13 14 25 9],2
greedy/esc32f,3,2,8,711,0,[0 6 8 7 10 1 31 4 25 9 26 19 20 16 13 2 12 21 27 17 3 28 30 24 22 29 5 18 15 11 14 23],[0 1 4 5 7 15 12 18 8 31 6 21 23 19 3 11 2 16 28 20 10 24 26 17 29 30 22 27 13 14 25 9],2
steepest/esc32f,3,2,3,1984,0,[25 12 8 0 31 1 26 7 10 20 4 19 17 16 21 2 6 13 30 9 3 28 27 24 22 29 5 18 15 11 14 23],[0 1 4 5 7 15 12 18 8 31 6 21 23 19 3 11 2 16 28 20 10 24 26 17 29 30 22 27 13 14 25 9],2
random/esc32f,3,62,0,0,0,[25 6 8 0 31 1 4 7 10 20 26 19 9 16 21 2 12 13 30 17 3 28 27 24 22 29 5 18 15 11 14 23],[0 1 4 5 7 15 12 18 8 31 6 21 23 19 3 11 2 16 28 20 10 24 26 17 29 30 22 27 13 14 25 9],2
randomWalk/esc32f,3,62,0,0,0,[25 6 8 0 31 1 4 7 10 20 26 19 9 16 21 2 12 13 30 17 3 28 27 24 22 29 5 18 15 11 14 23],[0 1 4 5 7 15 12 18 8 31 6 21 23 19 3 11 2 16 28 20 10 24 26 17 29 30 22 27 13 14 25 9],2
greedy/esc32f,4,2,9,664,0,[0 29 23 1 24 2 22 21 14 26 4 31 3 19 28 11 20 15 6 13 25 12 16 5 17 18 10 9 30 8 27 7],[0 1 4 5 7 15 12 18 8 31 6 21 23 19 3 11 2 16 28 20 10 24 26 17 29 30 22 27 13 14 25 9],2
steepest/esc32f,4,2,5,2976,0,[19 14 13 22 6 24 1 20 2 26 15 31 25 29 28 11 4 21 0 23 3 12 16 5 17 18 10 9 30 8 27 7],[0 1 4 5 7 15 12 18 8 31 6 21 23 19 3 11 2 16 28 20 10 24 26 17 29 30 22 27 13 14 25 9],2
random/esc32f,4,62,0,0,0,[20 21 13 22 0 2 1 29 24 26 15 31 25 19 28 11 4 14 6 23 3 12 16 5 17 18 10 9 30 8 27 7],[0 1 4 5 7 15 12 18 8 31 6 21 23 19 3 11 2 16 28 20 10 24 26 17 29 30 22 27 13 14 25 9],2
randomWalk/esc32f,4,62,0,0,0,[20 21 13 22 0 2 1 29 24 26 15 31 25 19 28 11 4 14 6 23 3 12 16 5 17 18 10 9 30 8 27 7],[0 1 4 5 7 15 12 18 8 31 6 21 23 19 3 11 2 16 28 20 10 24 26 17 29 30 22 27 13 14 25 9],2
greedy/esc32f,5,2,8,622,0,[15 31 22 26 0 10 8 29 24 18 1 2 6 7 3 21 28 27 12 11 4 16 23 14 30 5 25 17 9 19 20 13],[0 1 4 5 7 15 12 18 8 31 6 21 23 19 3 11 2 16 28 20 10 24 26 17 29 30 22 27 13 14 25 9],2
steepest/esc32f,5,2,3,1984,0,[29 31 22 18 7 8 10 0 26 24 15 2 6 14 3 21 1 28 11 12 4 16 23 27 30 5 25 17 9 19 20 13],[0 1 4 5 7 15 12 18 8 31 6 21 23 19 3 11 2 16 28 20 10 24 26 17 29 30 22 27 13 14 25 9],2
random/esc32f,5,40,0,0,0,[29 31 22 26 7 10 8 28 18 24 15 2 6 14 3 21 1 0 11 12 4 16 23 27 30 5 25 17 9 19 20 13],[0 1 4 5 7 15 12 18 8 31 6 21 23 19 3 11 2 16 28 20 10 24 26 17 29 30 22 27 13 14 25 9],2
randomWalk/esc32f,5,40,0,0,0,[29 31 22 26 7 10 8 28 18 24 15 2 6 14 3 21 1 0 11 12 4 16 23 27 30 5 25 17 9 19 20 13],[0 1 4 5 7 15 12 18 8 31 6 21 23 19 3 11 2 16 28 20 10 24 26 17 29 30 22 27 13 14 25 9],2
greedy/esc32f,6,2,8,634,0,[4 31 16 20 13 11 10 27 30 21 5 23 0 8 3 15 26 6 14 22 24 18 28 29 17 1 2 7 19 25 12 9],[0 1 4 5 7 15 12 18 8 31 6 21 23 19 3 11 2 16 28 20 10 24 26 17 29 30 22 27 13 14 25 9],2
steepest/esc32f,6,2,3,1984,0,[0 21 22 20 30 11 15 27 13 6 5 23 10 8 3 4 31 24 14 16 26 18 28 29 17 1 2 7 19 25 12 9],[0 1 4 5 7 15 12 18 8 31 6 21 23 19 3 11 2 16 28 20 10 24 26 17 29 30 22 27 13 14 25 9],2
random/esc32f,6,42,0,0,0,[0 31 16 20 30 11 10 27 13 6 5 23 15 8 3 4 21 24 14 22 26 18 28 29 17 1 2 7 19 25 12 9],[0 1 4 5 7 15 12 18 8 31 6 21 23 19 3 11 2 16 28 20 10 24 26 17 29 30 22 27 13 14 25 9],2
randomWalk/esc32f,6,42,0,0,0,[0 31 16 20 30 11 10 27 13 6 5 23 15 8 3 4 21 24 14 22 26 18 28 29 17 1 2 7 19 25 12 9],[0 1 4 5 7 15 12 18 8 31 6 21 23 19 3 11 2 16 28 20 10 24 26 17 29 30 22 27 13 14 25 9],2
greedy/esc32f,7,2,6,716,0,[12 27 30 29 18 16 3 10 15 11 21 9 13 5 28 14 2 23 7 19 4 0 25 22 17 31 1 24 20 8 6 26],[0 1 4 5 7 15 12 18 8 31 6 21 23 19 3 11 2 16 28 20 10 24 26 17 29 30 22 27 13 14 25 9],2
steepest/esc32f,7,2,3,1984,0,[2 10 30 29 15 16 19 25 18 11 21 9 13 12 28 14 27 1 23 3 4 0 5 22 17 31 7 24 20 8 6 26],[0 1 4 5 7 15 12 18 8 31 6 21 23 19 3 11 2 16 28 20 10 24 26 17 29 30 22 27 13 14 25 9],2
random/esc32f,7,40,0,0,0,[2 10 30 29 18 16 3 12 15 11 21 9 13 25 28 14 27 1 23 19 4 0 5 22 17 31 7 24 20 8 6 26],[0 1 4 5 7 15 12 18 8 31 6 21 23 19 3 11 2 16 28 20 10 24 26 17 29 30 22 27 13 14 25 9],2
randomWalk/esc32f,7,40,0,0,0,[2 10 30 29 18 16 3 12 15 11 21 9 13 25 28 14 27 1 23 19 4 0 5 22 17 31 7 24 20 8 6 26],[0 1 4 5 7 15 12 18 8 31 6 21 23 19 3 11 2 16 28 20 10 24 26 17 29 30 22 27 13 14 25 9],2
greedy/esc32f,8,2,7,827,0,[13 6 10 26 3 24 0 11 4 25 20 15 16 18 9 17 27 29 1 21 7 8 28 14 30 31 12 2 22 19 23 5],[0 1 4 5 7 15 12 18 8 31 6 21 23 19 3 11 2 16 28 20 10 24 26 17 29 30 22 27 13 14 25 9],2
steepest/esc32f,8,2,3,1984,0,[3 16 10 26 0 24 9 25 13 18 20 15 6 4 11 17 27 29 1 21 7 8 28 14 30 31 12 2 22 19 23 5],[0 1 4 5 7 15 12 18 8 31 6 21 23 19 3 11 2 16 28 20 10 24 26 17 29 30 22 27 13 14 25 9],2
random/esc32f,8,52,0,0,0,[3 16 10 26 0 24 11 4 13 18 20 15 6 29 9 17 27 25 1 21 7 8 28 14 30 31 12 2 22 19 23 5],[0 1 4 5 7 15 12 18 8 31 6 21 23 19 3 11 2 16 28 20 10 24 26 17 29 30 22 27 13 14 25 9],2
randomWalk/esc32f,8,52,0,0,0,[3 16 10 26 0 24 11 4 13 18 20 15 6 29 9 17 27 25 1 21 7 8 28 14 30 31 12 2 22 19 23 5],[0 1 4 5 7 15 12 18 8 31 6 21 23 19 3 11 2 16 28 20 10 24 26 17 29 30 22 27 13 14 25 9],2
greedy/esc32f,9,2,5,715,0,[31 24 1 12 3 7 20 17 23 11 18 28 13 9 14 19 21 16 22 0 27 10 6 29 5 15 4 25 8 2 26 30],[0 1 4 5 7 15 12 18 8 31 6 21 23 19 3 11 2 16 28 20 10 24 26 17 29 30 22 27 13 14 25 9],2
steepest/esc32f,9,2,2,1488,0,[17 22 1 20 3 24 23 12 31 11 18 21 13 9 14 19 28 16 7 0 27 10 6 29 5 15 4 25 8 2 26 30],[0 1 4 5 7 15 12 18 8 31 6 21 23 19 3 11 2 16 28 20 10 24 26 17 29 30 22 27 13 14 25 9],2
random/esc32f,9,34,0,0,0,[12 22 1 23 3 24 20 17 31 11 18 21 13 9 14 19 28 16 7 0 27 10 6 29 5 15 4 25 8 2 26 30],[0 1 4 5 7 15 12 18 8 31 6 21 23 19 3 11 2 16 28 20 10 24 26 17 29 30 22 27 13 14 25 9],2
randomWalk/esc32f,9,34,0,0,0,[12 22 1 23 3 24 20 17 31 11 18 21 13 9 14 19 28 16 7 0 27 10 6 29 5 15 4 25 8 2 26 30],[0 1 4 5 7 15 12 18 8 31 6 21 23 19 3 11 2 16 28 20 10 24 26 17 29 30 22 27 13 14 25 9],2
greedy/esc32f,10,2,8,785,0,[16 4 2 13 17 0 15 22 14 5 8 19 18 26 11 29 30 21 7 23 9 6 24 20 1 31 25 27 12 28 3 10],[0 1 4 5 7 15 12 18 8 31 6 21 23 19 3 11 2 16 28 20 10 24 26 17 29 30 22 27 13 14 25 9],2
steepest/esc32f,10,2,5,2976,0,[16 4 11 13 14 22 21 0 17 5 8 19 30 26 18 29 2 15 23 7 9 6 24 20 1 31 25 27 12 28 3 10],[0 1 4 5 7 15 12 18 8 31 6 21 23 19 3 11 2 16 28 20 10 24 26 17 29 30 22 27 13 14 25 9],2
random/esc32f,10,72,0,0,0,[15 4 30 13 17 0 11 22 14 5 8 19 21 26 18 29 2 16 23 7 9 6 24 20 1 31 25 27 12 28 3 10],[0 1 4 5 7 15 12 18 8 31 6 21 23 19 3 11 2 16 28 20 10 24 26 17 29 30 22 27 13 14 25 9],2
randomWalk/esc32f,10,72,0,0,0,[15 4 30 13 17 0 11 22 14 5 8 19 21 26 18 29 2 16 23 7 9 6 24 20 1 31 25 27 12 28 3 10],[0 1 4 5 7 15 12 18 8 31 6 21 23 19 3 11 2 16 28 20 10 24 26 17 29 30 22 27 13 14 25 9],2
greedy/lipa40a,1,32065,43,3423,0,[17 33 13 10 8 22 0 39 27 28 14 21 35 19 32 29 3 2 24 4 16 7 20 11 25 38 5 31 23 15 6 30 26 12 18 9 37 1 36 34],[6 5 13 26 18 36 20 1 15 0 39 23 29 22 4 27 21 7 19 34 31 25 28 2 3 10 35 9 12 37 8 16 30 17 32 14 24 33 38 11],31538
steepest/lipa40a,1,32011,19,15600,4,[17 12 27 6 8 34 35 39 33 21 19 5 29 13 32 16 0 37 24 25 4 9 3 14 28 26 30 31 11 20 10 7 15 22 18 2 1 36 38 23],[6 5 13 26 18 36 20 1 15 0 39 23 29 22 4 27 21 7 19 34 31 25 28 2 3 10 35 9 12 37 8 16 30 17 32 14 24 33 38 11],31538
random/lipa40a,1,32468,3399,3399,5,[18 20 35 39 7 24 16 1 6 14 9 8 28 4 12 34 17 38 25 21 26 3 32 19 5 37 30 33 23 13 2 22 36 15 27 11 31 29 10 0],[6 5 13 26 18 36 20 1 15 0 39 23 29 22 4 27 21 7 19 34 31 25 28 2 3 10 35 9 12 37 8 16 30 17 32 14 24 33 38 11],31538
randomWalk/lipa40a,1,32871,88253,88253,10,[3 0 30 7 34 8 1 15 25 10 39 35 2 22 12 29 28 33 13 38 19 27 37 31 21 36 23 5 16 32 9 20 14 11 4 18 24 26 6 17],[6 5 13 26 18 36 20 1 15 0 39 23 29 22 4 27 21 7 19 34 31 25 28 2 3 10 35 9 12 37 8 16 30 17 32 14 24 33 38 11],31538
greedy/lipa40a,2,32050,58,3594,0,[26 34 14 28 31 32 29 19 6 22 25 9 24 18 33 11 38 4 21 0 15 7 2 13 23 30 5 16 3 39 35 8 36 1 10 20 12 17 37 27],[6 5 13 26 18 36 20 1 15 0 39 23 29 22 4 27 21 7 19 34 31 25 28 2 3 10 35 9 12 37 8 16 30 17 32 14 24 33 38 11],31538
steepest/lipa40a,2,32009,21,17160,0,[14 24 33 28 26 16 9 6 11 25 27 21 18 13 5 29 3 39 23 22 30 36 34 17 15 38 4 2 20 32 19 1 8 12 37 10 35 31 0 7],[6 5 13 26 18 36 20 1 15 0 39 23 29 22 4 27 21 7 19 34 31 25 28 2 3 10 35 9 12 37 8 16 30 17 32 14 24 33 38 11],31538
random/lipa40a,2,32409,3233,3233,10,[3 4 11 25 24 28 7 23 15 5 16 8 21 26 32 20 34 31 36 37 38 33 19 27 29 30 17 2 14 9 22 6 35 10 39 13 0 1 12 18],[6 5 13 26 18 36 20 1 15 0 39 23 29 22 4 27 21 7 19 34 31 25 28 2 3 10 35 9 12 37 8 16 30 17 32 14 24 33 38 11],31538
randomWalk/lipa40a,2,32780,44109,44109,5,[11 24 23 18 21 1 7 4 2 3 34 28 25 32 36 26 22 20 13 15 0 12 14 39 31 5 29 16 37 19 17 27 30 35 8 38 33 6 9 10],[6 5 13 26 18 36 20 1 15 0 39 23 29 22 4 27 21 7 19 34 31 25 28 2 3 10 35 9 12 37 8 16 30 17 32 14 24 33 38 11],31538
greedy/lipa40a,3,32024,45,3695,4,[21 15 23 4 32 36 1 28 20 27 19 33 12 17 13 0 24 37 39 7 10 35 5 3 16 9 38 22 34 31 29 14 8 30 2 11 6 25 18 26],[6 5 13 26 18 36 20 1 15 0 39 23 29 22 4 27 21 7 19 34 31 25 28 2 3 10 35 9 12 37 8 16 30 17 32 14 24 33 38 11],31538
steepest/lipa40a,3,32002,19,15600,0,[14 3 23 33 27 36 29 1 19 4 28 2 21 20 34 18 38 16 35 31 30 17 7 13 6 9 25 10 8 12 5 0 24 37 39 11 15 32 22 26],[6 5 13 26 18 36 20 1 15 0 39 23 29 22 4 27 21 7 19 34 31 25 28 2 3 10 35 9 12 37 8 16 30 17 32 14 24 33 38 11],31538
random/lipa40a,3,32463,2346,2346,10,[35 6 25 30 14 5 39 36 8 37 12 20 28 31 13 23 17 9 16 4 33 18 2 29 0 34 10 24 22 32 38 3 7 27 26 15 21 11 19 1],[6 5 13 26 18 36 20 1 15 0 39 23 29 22 4 27 21 7 19 34 31 25 28 2 3 10 35 9 12 37 8 16 30 17 32 14 24 33 38 11],31538
randomWalk/lipa40a,3,32705,16100,16100,4,[12 24 29 19 14 6 15 39 28 16 37 36 17 1 26 0 9 34 8 38 7 2 4 31 22 11 21 30 13 25 32 33 23 27 5 35 3 10 20 18],[6 5 13 26 18 36 20 1 15 0 39 23 29 22 4 27 21 7 19 34 31 25 28 2 3 10 35 9 12 37 8 16 30 17 32 14 24 33 38 11],31538
greedy/lipa40a,4,32040,58,3015,0,[15 6 2 21 5 19 8 23 36 31 0 32 11 29 18 10 22 33 1 16 38 9 12 35 27 39 24 25 37 30 26 17 3 7 4 13 28 34 14 20],[6 5 13 26 18 36 20 1 15 0 39 23 29 22 4 27 21 7 19 34 31 25 28 2 3 10 35 9 12 37 8 16 30 17 32 14 24 33 38 11],31538
steepest/lipa40a,4,32068,16,13260,5,[38 12 10 19 34 1 22 23 21 13 3 5 29 39 31 35 0 33 11 7 30 36 17 26 18 8 9 27 24 2 25 16 32 6 20 15 37 14 28 4],[6 5 13 26 18 36 20 1 15 0 39 23 29 22 4 27 21 7 19 34 31 25 28 2 3 10 35 9 12 37 8 16 30 17 32 14 24 33 38 11],31538
random/lipa40a,4,32518,804,804,4,[29 39 26 31 25 34 18 19 14 36 16 12 3 38 0 28 21 24 30 33 15 13 6 9 4 7 17 8 2 32 22 11 35 27 20 1 10 5 37 23],[6 5 13 26 18 36 20 1 15 0 39 23 29 22 4 27 21 7 19 34 31 25 28 2 3 10 35 9 12 37 8 16 30 17 32 14 24 33 38 11],31538
randomWalk/lipa40a,4,32713,24136,24136,4,[35 37 3 32 39 36 21 7 0 14 38 16 29 2 19 5 6 18 31 9 25 10 22 33 27 12 20 13 15 28 11 24 26 17 34 23 30 1 8 4],[6 5 13 26 18 36 20 1 15 0 39 23 29 22 4 27 21 7 19 34 31 25 28 2 3 10 35 9 12 37 8 16 30 17 32 14 24 33 38 11],31538
greedy/lipa40a,5,32004,65,3850,1,[4 20 23 1 2 17 33 26 19 16 35 3 34 39 27 0 31 28 15 7 21 8 36 12 22 9 38 11 37 13 30 32 24 29 14 5 25 6 10 18],[6 5 13 26 18 36 20 1 15 0 39 23 29 22 4 27 21 7 19 34 31 25 28 2 3 10 35 9 12 37 8 16 30 17 32 14 24 33 38 11],31538
steepest/lipa40a,5,32035,20,16380,3,[38 35 39 31 29 7 36 28 11 22 37 5 18 3 26 1 24 9 0 21 12 23 6 13 19 14 15 20 4 10 30 34 25 16 8 17 33 32 27 2],[6 5 13 26 18 36 20 1 15 0 39 23 29 22 4 27 21 7 19 34 31 25 28 2 3 10 35 9 12 37 8 16 30 17 32 14 24 33 38 11],31538
random/lipa40a,5,32492,1057,1057,3,[38 17 37 1 30 12 2 32 28 4 34 24 9 27 6 18 5 33 7 29 8 14 26 3 10 23 39 20 25 11 31 21 16 15 36 13 35 19 22 0],[6 5 13 26 18 36 20 1 15 0 39 23 29 22 4 27 21 7 19 34 31 25 28 2 3 10 35 9 12 37 8 16 30 17 32 14 24 33 38 11],31538
randomWalk/lipa40a,5,32605,18866,18866,3,[15 36 27 9 35 11 39 10 37 4 22 5 19 3 14 1 28 0 13 29 12 8 16 34 7 38 24 18 2 21 31 33 20 25 32 30 6 26 23 17],[6 5 13 26 18 36 20 1 15 0 39 23 29 22 4 27 21 7 19 34 31 25 28 2 3 10 35 9 12 37 8 16 30 17 32 14 24 33 38 11],31538
greedy/lipa40a,6,32047,58,3258,0,[27 13 11 26 14 19 24 9 32 21 10 18 29 31 30 5 7 20 23 34 39 8 28 2 3 33 35 0 25 12 36 6 17 38 4 22 37 15 16 1],[6 5 13 26 18 36 20 1 15 0 39 23 29 22 4 27 21 7 19 34 31 25 28 2 3 10 35 9 12 37 8 16 30 17 32 14 24 33 38 11],31538
steepest/lipa40a,6,32002,20,16380,3,[7 31 24 29 8 9 14 26 5 4 19 20 18 37 6 30 16 2 27 34 23 12 3 10 33 39 21 36 11 38 17 0 13 22 15 1 32 28 25 35],[6 5 13 26 18 36 20 1 15 0 39 23 29 22 4 27 21 7 19 34 31 25 28 2 3 10 35 9 12 37 8 16 30 17 32 14 24 33 38 11],31538
random/lipa40a,6,32504,1092,1092,3,[26 29 3 39 27 5 15 24 7 38 25 31 0 4 1 18 32 8 11 35 9 36 16 13 21 23 33 20 37 17 2 12 30 14 19 34 28 6 10 22],[6 5 13 26 18 36 20 1 15 0 39 23 29 22 4 27 21 7 19 34 31 25 28 2 3 10 35 9 12 37 8 16 30 17 32 14 24 33 38 11],31538
randomWalk/lipa40a,6,32671,15186,15186,3,[6 18 28 15 3 19 31 1 11 23 27 22 20 32 25 0 9 2 36 4 10 14 24 26 21 38 34 30 5 29 16 8 39 7 35 37 17 13 12 33],[6 5 13 26 18 36 20 1 15 0 39 23 29 22 4 27 21 7 19 34 31 25 28 2 3 10 35 9 12 37 8 16 30 17 32 14 24 33 38 11],31538
greedy/lipa40a,7,32017,67,4733,1,[36 37 35 13 23 38 18 5 24 9 16 3 21 27 0 25 20 12 31 32 1 10 29 26 22 11 39 2 14 17 4 7 30 8 6 15 19 28 34 33],[6 5 13 26 18 36 20 1 15 0 39 23 29 22 4 27 21 7 19 34 31 25 28 2 3 10 35 9 12 37 8 16 30 17 32 14 24 33 38 11],31538
steepest/lipa40a,7,32012,23,18720,2,[33 16 20 36 23 25 7 35 12 2 5 6 14 0 27 18 9 19 31 24 1 11 34 4 15 29 17 39 22 37 8 21 30 28 3 38 32 26 10 13],[6 5 13 26 18 36 20 1 15 0 39 23 29 22 4 27 21 7 19 34 31 25 28 2 3 10 35 9 12 37 8 16 30 17 32 14 24 33 38 11],31538
random/lipa40a,7,32516,1376,1376,3,[5 37 31 11 18 29 20 26 13 8 17 10 21 0 6 28 32 25 4 3 34 27 23 12 2 22 39 14 16 24 35 30 36 1 9 15 33 7 19 38],[6 5 13 26 18 36 20 1 15 0 39 23 29 22 4 27 21 7 19 34 31 25 28 2 3 10 35 9 12 37 8 16 30 17 32 14 24 33 38 11],31538
randomWalk/lipa40a,7,32679,38509,38509,5,[30 8 3 26 36 38 7 29 6 11 1 13 14 25 0 34 18 22 33 20 17 16 24 12 19 37 31 2 9 4 21 35 39 27 28 15 23 5 32 10],[6 5 13 26 18 36 20 1 15 0 39 23 29 22 4 27 21 7 19 34 31 25 28 2 3 10 35 9 12 37 8 16 30 17 32 14 24 33 38 11],31538
greedy/lipa40a,8,32001,54,4827,0,[15 18 25 32 31 2 30 28 12 35 10 11 36 29 39 13 20 37 5 24 3 23 34 21 7 27 38 1 8 17 4 9 19 22 0 33 6 16 14 26],[6 5 13 26 18 36 20 1 15 0 39 23 29 22 4 27 21 7 19 34 31 25 28 2 3 10 35 9 12 37 8 16 30 17 32 14 24 33 38 11],31538
steepest/lipa40a,8,32092,17,14040,3,[36 18 26 31 20 16 27 28 23 15 5 38 29 0 39 13 34 21 9 2 4 3 6 14 8 37 19 10 12 24 30 17 35 22 25 32 11 1 33 7],[6 5 13 26 18 36 20 1 15 0 39 23 29 22 4 27 21 7 19 34 31 25 28 2 3 10 35 9 12 37 8 16 30 17 32 14 24 33 38 11],31538
random/lipa40a,8,32492,1601,1601,7,[2 34 18 35 5 28 4 24 7 36 27 32 38 1 37 23 9 29 19 33 31 39 21 10 22 15 30 12 0 26 13 17 16 25 11 14 6 8 20 3],[6 5 13 26 18 36 20 1 15 0 39 23 29 22 4 27 21 7 19 34 31 25 28 2 3 10 35 9 12 37 8 16 30 17 32 14 24 33 38 11],31538
randomWalk/lipa40a,8,32699,18436,18436,4,[7 6 18 24 28 26 8 22 11 16 9 37 15 20 25 2 34 21 19 4 5 38 36 14 32 10 33 3 29 35 12 0 17 30 23 39 31 27 1 13],[6 5 13 26 18 36 20 1 15 0 39 23 29 22 4 27 21 7 19 34 31 25 28 2 3 10 35 9 12 37 8 16 30 17 32 14 24 33 38 11],31538
greedy/lipa40a,9,31955,63,4580,0,[32 5 3 6 16 31 13 12 34 24 10 14 20 28 38 15 27 33 39 7 19 11 9 25 2 36 26 1 30 8 0 22 29 37 18 35 17 21 4 23],[6 5 13 26 18 36 20 1 15 0 39 23 29 22 4 27 21 7 19 34 31 25 28 2 3 10 35 9 12 37 8 16 30 17 32 14 24 33 38 11],31538
steepest/lipa40a,9,31994,27,21840,6,[2 11 13 4 23 31 12 10 0 3 21 26 16 33 5 15 28 7 29 6 39 14 17 19 18 36 9 22 30 24 34 37 8 38 35 25 1 32 20 27],[6 5 13 26 18 36 20 1 15 0 39 23 29 22 4 27 21 7 19 34 31 25 28 2 3 10 35 9 12 37 8 16 30 17 32 14 24 33 38 11],31538
random/lipa40a,9,32430,2552,2552,9,[2 28 38 31 4 5 27 20 32 6 3 19 15 0 16 12 17 21 7 9 30 39 29 33 25 34 26 11 8 37 1 36 13 14 23 10 24 18 35 22],[6 5 13 26 18 36 20 1 15 0 39 23 29 22 4 27 21 7 19 34 31 25 28 2 3 10 35 9 12 37 8 16 30 17 32 14 24 33 38 11],31538
randomWalk/lipa40a,9,32689,46027,46027,10,[27 17 13 28 12 22 18 2 16 1 7 9 10 6 4 14 23 25 30 36 3 29 33 34 5 26 21 8 20 31 39 11 38 32 35 0 24 37 19 15],[6 5 13 26 18 36 20 1 15 0 39 23 29 22 4 27 21 7 19 34 31 25 28 2 3 10 35 9 12 37 8 16 30 17 32 14 24 33 38 11],31538
greedy/lipa40a,10,31983,68,8301,0,[33 1 3 10 6 21 29 38 4 22 31 35 8 13 32 37 24 14 23 28 11 16 30 26 27 0 18 17 2 25 39 34 20 19 12 15 7 5 36 9],[6 5 13 26 18 36 20 1 15 0 39 23 29 22 4 27 21 7 19 34 31 25 28 2 3 10 35 9 12 37 8 16 30 17 32 14 24 33 38 11],31538
steepest/lipa40a,10,31985,28,22620,5,[35 28 32 1 3 4 21 30 19 17 29 25 22 13 26 10 31 14 23 6 24 15 36 11 37 2 39 16 18 0 20 38 33 27 12 8 7 9 34 5],[6 5 13 26 18 36 20 1 15 0 39 23 29 22 4 27 21 7 19 34 31 25 28 2 3 10 35 9 12 37 8 16 30 17 32 14 24 33 38 11],31538
random/lipa40a,10,32465,1377,1377,5,[31 19 27 33 24 16 7 13 1 29 18 28 2 20 25 3 22 0 14 12 4 11 35 5 17 6 21 37 38 36 39 26 9 23 15 10 32 30 34 8],[6 5 13 26 18 36 20 1 15 0 39 23 29 22 4 27 21 7 19 34 31 25 28 2 3 10 35 9 12 37 8 16 30 17 32 14 24 33 38 11],31538
randomWalk/lipa40a,10,32792,24708,24708,5,[24 13 2 33 6 26 9 21 0 30 23 17 27 35 18 1 19 16 20 12 3 10 36 31 32 22 14 15 39 8 38 7 28 4 34 11 25 29 5 37],[6 5 13 26 18 36 20 1 15 0 39 23 29 22 4 27 21 7 19 34 31 25 28 2 3 10 35 9 12 37 8 16 30 17 32 14 24 33 38 11],31538
greedy/lipa60a,1,108391,89,16145,2,[52 5 46 4 34 25 14 23 1 22 38 58 50 37 39 10 51 36 21 59 2 54 19 44 33 43 31 42 17 9 55 27 41 6 30 24 7 57 53 16 11 20 3 45 56 15 12 29 18 48 28 47 8 13 0 35 32 49 26 40],[24 47 16 3 49 12 15 40 0 36 21 26 45 33 37 11 8 2 7 32 46 53 30 42 39 9 34 22 28 56 1 5 50 55 48 20 29 35 14 38 58 17 51 27 25 43 13 59 31 4 19 10 54 44 52 23 41 6 57 18],107218
steepest/lipa60a,1,108450,36,65490,8,[50 28 0 54 33 49 38 59 18 1 43 27 45 17 52 51 22 32 30 26 5 58 19 6 39 55 15 24 7 9 34 8 41 57 46 48 44 53 11 21 25 4 20 40 14 2 12 42 16 13 36 35 29 10 56 37 47 31 23 3],[24 47 16 3 49 12 15 40 0 36 21 26 45 33 37 11 8 2 7 32 46 53 30 42 39 9 34 22 28 56 1 5 50 55 48 20 29 35 14 38 58 17 51 27 25 43 13 59 31 4 19 10 54 44 52 23 41 6 57 18],107218
random/lipa60a,1,109604,5402,5402,17,[0 51 28 17 55 11 48 15 42 43 25 29 4 24 21 59 46 16 47 41 45 56 13 23 22 1 39 2 53 40 36 38 27 12 34 18 52 54 37 49 19 30 57 14 44 10 32 6 5 33 35 50 20 3 26 58 31 9 8 7],[24 47 16 3 49 12 15 40 0 36 21 26 45 33 37 11 8 2 7 32 46 53 30 42 39 9 34 22 28 56 1 5 50 55 48 20 29 35 14 38 58 17 51 27 25 43 13 59 31 4 19 10 54 44 52 23 41 6 57 18],107218
randomWalk/lipa60a,1,110001,72110,72110,11,[18 39 19 17 44 10 34 3 46 45 2 47 29 33 37 59 28 50 5 54 58 35 27 16 48 20 41 24 57 22 56 9 7 14 0 21 15 30 51 6 36 52 1 23 11 8 32 40 31 42 12 13 26 25 49 38 4 53 43 55],[24 47 16 3 49 12 15 40 0 36 21 26 45 33 37 11 8 2 7 32 46 53 30 42 39 9 34 22 28 56 1 5 50 55 48 20 29 35 14 38 58 17 51 27 25 43 13 59 31 4 19 10 54 44 52 23 41 6 57 18],107218
greedy/lipa60a,2,108210,118,17920,7,[44 38 45 39 57 3 18 56 12 51 43 32 10 35 42 24 21 14 15 31 37 25 4 58 6 41 20 59 11 40 5 7 13 19 9 26 27 0 22 52 46 33 17 16 47 1 55 54 30 2 50 34 53 36 23 49 28 29 48 8],[24 47 16 3 49 12 15 40 0 36 21 26 45 33 37 11 8 2 7 32 46 53 30 42 39 9 34 22 28 56 1 5 50 55 48 20 29 35 14 38 58 17 51 27 25 43 13 59 31 4 19 10 54 44 52 23 41 6 57 18],107218
steepest/lipa60a,2,108446,33,60180,13,[38 44 53 51 59 9 58 6 7 39 19 13 10 12 11 3 29 20 21 33 40 4 36 31 25 52 43 24 23 48 2 26 49 14 35 18 45 5 41 0 55 57 17 34 47 56 22 54 27 32 50 42 46 28 30 15 16 37 1 8],[24 47 16 3 49 12 15 40 0 36 21 26 45 33 37 11 8 2 7 32 46 53 30 42 39 9 34 22 28 56 1 5 50 55 48 20 29 35 14 38 58 17 51 27 25 43 13 59 31 4 19 10 54 44 52 23 41 6 57 18],107218
random/lipa60a,2,109607,959,959,10,[18 43 12 57 13 25 3 2 8 37 55 16 26 58 34 7 38 0 42 33 27 44 23 6 17 15 50 54 45 29 14 1 11 28 47 21 22 31 19 40 53 30 9 51 59 41 32 49 4 46 5 24 39 56 48 10 36 35 52 20],[24 47 16 3 49 12 15 40 0 36 21 26 45 33 37 11 8 2 7 32 46 53 30 42 39 9 34 22 28 56 1 5 50 55 48 20 29 35 14 38 58 17 51 27 25 43 13 59 31 4 19 10 54 44 52 23 41 6 57 18],107218
randomWalk/lipa60a,2,109908,32960,32960,10,[41 29 23 58 12 18 21 55 43 3 26 2 39 1 51 31 42 40 35 14 47 25 44 8 59 56 53 7 20 30 9 46 50 32 38 17 34 27 49 10 37 54 45 52 5 11 24 13 22 16 33 28 15 4 0 48 19 36 6 57],[24 47 16 3 49 12 15 40 0 36 21 26 45 33 37 11 8 2 7 32 46 53 30 42 39 9 34 22 28 56 1 5 50 55 48 20 29 35 14 38 58 17 51 27 25 43 13 59 31 4 19 10 54 44 52 23 41 6 57 18],107218
greedy/lipa60a,3,108431,91,9069,0,[39 32 11 54 0 21 55 37 20 58 23 25 4 12 7 51 33 38 3 13 47 52 2 27 8 44 40 30 31 1 16 46 14 35 49 24 59 15 6 36 26 43 10 41 9 34 22 42 56 19 45 50 5 28 48 29 17 53 18 57],[24 47 16 3 49 12 15 40 0 36 21 26 45 33 37 11 8 2 7 32 46 53 30 42 39 9 34 22 28 56 1 5 50 55 48 20 29 35 14 38 58 17 51 27 25 43 13 59 31 4 19 10 54 44 52 23 41 6 57 18],107218
steepest/lipa60a,3,108566,23,42480,18,[25 38 58 29 43 35 20 40 49 48 22 0 39 16 31 47 21 32 14 51 45 55 52 59 18 2 57 33 24 23 44 46 50 37 3 1 54 19 13 26 10 9 7 41 12 42 28 34 8 56 15 5 11 6 4 53 17 36 27 30],[24 47 16 3 49 12 15 40 0 36 21 26 45 33 37 11 8 2 7 32 46 53 30 42 39 9 34 22 28 56 1 5 50 55 48 20 29 35 14 38 58 17 51 27 25 43 13 59 31 4 19 10 54 44 52 23 41 6 57 18],107218
random/lipa60a,3,109626,2275,2275,12,[9 18 21 53 12 57 48 5 52 55 0 17 54 45 49 29 20 46 32 41 14 10 27 2 25 33 13 16 56 22 59 11 30 40 26 3 15 19 50 37 23 44 58 6 35 51 24 38 47 1 39 43 4 36 28 31 7 34 8 42],[24 47 16 3 49 12 15 40 0 36 21 26 45 33 37 11 8 2 7 32 46 53 30 42 39 9 34 22 28 56 1 5 50 55 48 20 29 35 14 38 58 17 51 27 25 43 13 59 31 4 19 10 54 44 52 23 41 6 57 18],107218
randomWalk/lipa60a,3,110233,50247,50247,9,[10 13 28 19 48 49 2 53 26 14 18 32 9 43 50 34 39 37 5 46 6 54 12 58 4 27 25 20 42 56 23 33 45 47 8 44 52 40 24 35 29 21 31 3 38 36 57 55 16 11 1 51 41 59 0 17 22 7 30 15],[24 47 16 3 49 12 15 40 0 36 21 26 45 33 37 11 8 2 7 32 46 53 30 42 39 9 34 22 28 56 1 5 50 55 48 20 29 35 14 38 58 17 51 27 25 43 13 59 31 4 19 10 54 44 52 23 41 6 57 18],107218
greedy/lipa60a,4,108494,90,17608,3,[6 15 31 49 4 42 1 39 10 34 47 50 43 44 55 29 8 11 35 22 19 32 16 2 17 40 23 28 18 25 5 24 46 51 41 26 38 36 21 58 52 27 14 0 56 13 20 45 54 7 57 12 3 30 48 33 53 37 59 9],[24 47 16 3 49 12 15 40 0 36 21 26 45 33 37 11 8 2 7 32 46 53 30 42 39 9 34 22 28 56 1 5 50 55 48 20 29 35 14 38 58 17 51 27 25 43 13 59 31 4 19 10 54 44 52 23 41 6 57 18],107218
steepest/lipa60a,4,108475,34,61950,11,[38 15 45 59 1 13 34 19 55 20 17 31 11 44 26 29 10 50 54 42 32 37 28 16 43 36 57 23 9 25 39 33 12 4 24 3 35 48 18 5 56 27 53 46 41 7 49 58 14 40 22 47 52 2 21 51 0 30 6 8],[24 47 16 3 49 12 15 40 0 36 21 26 45 33 37 11 8 2 7 32 46 53 30 42 39 9 34 22 28 56 1 5 50 55 48 20 29 35 14 38 58 17 51 27 25 43 13 59 31 4 19 10 54 44 52 23 41 6 57 18],107218
random/lipa60a,4,109649,2747,2747,10,[53 4 40 25 52 49 50 57 59 44 13 27 10 37 45 35 39 29 56 24 0 6 20 34 36 17 58 46 11 23 22 2 5 38 21 42 12 14 47 18 30 31 41 28 16 32 55 8 51 33 3 9 7 19 26 1 43 15 48 54],[24 47 16 3 49 12 15 40 0 36 21 26 45 33 37 11 8 2 7 32 46 53 30 42 39 9 34 22 28 56 1 5 50 55 48 20 29 35 14 38 58 17 51 27 25 43 13 59 31 4 19 10 54 44 52 23 41 6 57 18],107218
randomWalk/lipa60a,4,110012,53112,53112,10,[1 42 36 11 25 29 54 33 2 13 17 9 49 46 23 35 15 58 12 24 4 39 32 21 37 38 10 45 20 18 48 19 7 40 14 34 59 50 44 16 43 5 47 55 27 22 26 30 31 51 28 52 53 8 3 57 41 56 6 0],[24 47 16 3 49 12 15 40 0 36 21 26 45 33 37 11 8 2 7 32 46 53 30 42 39 9 34 22 28 56 1 5 50 55 48 20 29 35 14 38 58 17 51 27 25 43 13 59 31 4 19 10 54 44 52 23 41 6 57 18],107218
greedy/lipa60a,5,108323,97,16767,4,[50 45 53 41 24 47 42 48 58 39 35 5 18 11 17 9 12 43 27 36 55 37 22 7 26 56 46 2 1 23 25 10 57 21 54 30 6 40 59 3 0 15 51 44 31 52 13 38 33 14 49 32 28 29 8 4 20 19 16 34],[24 47 16 3 49 12 15 40 0 36 21 26 45 33 37 11 8 2 7 32 46 53 30 42 39 9 34 22 28 56 1 5 50 55 48 20 29 35 14 38 58 17 51 27 25 43 13 59 31 4 19 10 54 44 52 23 41 6 57 18],107218
steepest/lipa60a,5,108464,35,63720,10,[4 17 14 42 56 40 11 58 36 25 38 22 15 50 57 51 12 53 44 13 52 2 28 24 6 43 27 1 54 37 23 10 19 30 33 21 9 48 3 39 0 34 46 26 20 5 55 59 29 49 18 32 31 45 8 35 41 7 47 16],[24 47 16 3 49 12 15 40 0 36 21 26 45 33 37 11 8 2 7 32 46 53 30 42 39 9 34 22 28 56 1 5 50 55 48 20 29 35 14 38 58 17 51 27 25 43 13 59 31 4 19 10 54 44 52 23 41 6 57 18],107218
random/lipa60a,5,109621,3229,3229,10,[1 10 12 11 8 47 28 30 17 22 53 33 7 58 46 21 39 0 5 59 52 45 44 23 27 50 26 20 2 40 56 43 54 24 9 19 29 35 41 34 55 42 49 16 37 4 31 25 15 51 13 3 36 18 14 57 48 38 6 32],[24 47 16 3 49 12 15 40 0 36 21 26 45 33 37 11 8 2 7 32 46 53 30 42 39 9 34 22 28 56 1 5 50 55 48 20 29 35 14 38 58 17 51 27 25 43 13 59 31 4 19 10 54 44 52 23 41 6 57 18],107218
randomWalk/lipa60a,5,110081,51234,51234,10,[27 12 37 38 2 15 6 39 8 35 43 20 45 53 59 46 26 11 29 36 28 55 50 3 4 48 51 40 0 16 54 9 23 34 19 10 14 57 21 22 1 58 41 44 24 32 30 17 47 42 31 18 56 25 49 33 52 13 5 7],[24 47 16 3 49 12 15 40 0 36 21 26 45 33 37 11 8 2 7 32 46 53 30 42 39 9 34 22 28 56 1 5 50 55 48 20 29 35 14 38 58 17 51 27 25 43 13 59 31 4 19 10 54 44 52 23 41 6 57 18],107218
greedy/lipa60a,6,108202,112,18952,7,[3 45 4 37 11 12 44 32 28 39 17 16 9 35 50 49 46 52 53 26 55 51 29 34 38 27 42 22 0 8 20 5 57 59 10 1 25 31 2 48 58 6 43 7 41 47 13 54 30 33 15 14 23 36 24 56 40 19 21 18],[24 47 16 3 49 12 15 40 0 36 21 26 45 33 37 11 8 2 7 32 46 53 30 42 39 9 34 22 28 56 1 5 50 55 48 20 29 35 14 38 58 17 51 27 25 43 13 59 31 4 19 10 54 44 52 23 41 6 57 18],107218
steepest/lipa60a,6,108338,44,79650,17,[48 11 2 0 10 16 44 37 36 55 56 12 32 50 40 30 22 49 31 21 19 51 29 5 7 53 8 28 27 41 17 33 46 18 38 25 1 35 6 24 39 58 9 3 42 23 59 54 14 34 20 57 13 4 45 47 43 52 15 26],[24 47 16 3 49 12 15 40 0 36 21 26 45 33 37 11 8 2 7 32 46 53 30 42 39 9 34 22 28 56 1 5 50 55 48 20 29 35 14 38 58 17 51 27 25 43 13 59 31 4 19 10 54 44 52 23 41 6 57 18],107218
random/lipa60a,6,109672,2556,2556,11,[17 41 13 23 0 50 7 59 30 46 10 19 11 32 43 14 18 6 8 38 34 58 52 45 56 15 16 49 35 31 29 9 2 20 28 53 25 47 39 3 5 48 26 42 12 27 54 1 24 40 44 36 37 33 22 57 21 55 4 51],[24 47 16 3 49 12 15 40 0 36 21 26 45 33 37 11 8 2 7 32 46 53 30 42 39 9 34 22 28 56 1 5 50 55 48 20 29 35 14 38 58 17 51 27 25 43 13 59 31 4 19 10 54 44 52 23 41 6 57 18],107218
randomWalk/lipa60a,6,110337,53579,53579,9,[44 21 45 52 3 56 39 53 54 10 0 19 32 47 31 11 51 26 20 4 14 50 43 28 5 48 16 42 22 1 30 37 35 57 38 17 40 58 41 27 46 24 7 12 13 18 6 15 9 34 36 49 59 29 23 33 2 55 25 8],[24 47 16 3 49 12 15 40 0 36 21 26 45 33 37 11 8 2 7 32 46 53 30 42 39 9 34 22 28 56 1 5 50 55 48 20 29 35 14 38 58 17 51 27 25 43 13 59 31 4 19 10 54 44 52 23 41 6 57 18],107218
greedy/lipa60a,7,108401,79,12193,2,[7 35 13 44 20 40 9 15 53 1 2 48 12 36 42 41 27 10 56 23 52 11 55 47 8 38 24 6 33 21 34 25 26 3 4 54 59 46 30 51 32 28 50 57 31 14 45 17 16 49 22 0 37 18 29 58 19 5 39 43],[24 47 16 3 49 12 15 40 0 36 21 26 45 33 37 11 8 2 7 32 46 53 30 42 39 9 34 22 28 56 1 5 50 55 48 20 29 35 14 38 58 17 51 27 25 43 13 59 31 4 19 10 54 44 52 23 41 6 57 18],107218
steepest/lipa60a,7,108457,30,54870,9,[36 31 47 49 5 53 55 8 22 59 57 35 18 28 42 12 20 25 15 2 52 23 11 9 44 48 29 6 50 21 38 32 26 3 40 1 51 56 45 13 30 33 54 34 27 24 37 19 0 39 10 43 46 41 17 4 14 7 58 16],[24 47 16 3 49 12 15 40 0 36 21 26 45 33 37 11 8 2 7 32 46 53 30 42 39 9 34 22 28 56 1 5 50 55 48 20 29 35 14 38 58 17 51 27 25 43 13 59 31 4 19 10 54 44 52 23 41 6 57 18],107218
random/lipa60a,7,109690,2984,2984,10,[12 27 55 57 59 7 3 32 51 49 36 34 41 25 24 22 38 26 56 8 2 0 44 31 53 35 15 20 6 5 45 21 16 14 33 52 47 13 39 50 46 54 30 1 42 48 18 40 37 4 23 29 9 17 11 10 19 28 58 43],[24 47 16 3 49 12 15 40 0 36 21 26 45 33 37 11 8 2 7 32 46 53 30 42 39 9 34 22 28 56 1 5 50 55 48 20 29 35 14 38 58 17 51 27 25 43 13 59 31 4 19 10 54 44 52 23 41 6 57 18],107218
randomWalk/lipa60a,7,110160,55621,55621,9,[26 31 59 47 22 3 10 38 58 18 11 53 50 14 34 16 57 17 6 29 15 8 43 39 27 2 12 51 46 49 13 37 21 24 4 32 9 25 44 56 36 28 52 41 40 42 33 45 55 20 0 35 1 5 48 19 54 7 23 30],[24 47 16 3 49 12 15 40 0 36 21 26 45 33 37 11 8 2 7 32 46 53 30 42 39 9 34 22 28 56 1 5 50 55 48 20 29 35 14 38 58 17 51 27 25 43 13 59 31 4 19 10 54 44 52 23 41 6 57 18],107218
greedy/lipa60a,8,108431,90,12139,0,[21 19 53 54 49 39 37 16 18 57 4 28 58 29 1 26 15 22 42 47 38 12 5 27 31 41 40 35 20 6 25 51 17 43 14 33 32 55 11 34 48 23 52 7 10 13 59 8 30 2 46 50 44 36 45 9 0 3 56 24],[24 47 16 3 49 12 15 40 0 36 21 26 45 33 37 11 8 2 7 32 46 53 30 42 39 9 34 22 28 56 1 5 50 55 48 20 29 35 14 38 58 17 51 27 25 43 13 59 31 4 19 10 54 44 52 23 41 6 57 18],107218
steepest/lipa60a,8,108345,41,74340,16,[44 16 7 37 22 2 15 46 54 39 38 40 59 30 20 58 21 27 45 3 18 32 34 42 17 14 8 47 23 57 35 11 49 53 28 29 25 5 12 52 26 31 43 0 24 56 6 55 41 48 51 50 33 10 36 9 4 19 13 1],[24 47 16 3 49 12 15 40 0 36 21 26 45 33 37 11 8 2 7 32 46 53 30 42 39 9 34 22 28 56 1 5 50 55 48 20 29 35 14 38 58 17 51 27 25 43 13 59 31 4 19 10 54 44 52 23 41 6 57 18],107218
random/lipa60a,8,109671,2208,2208,11,[37 50 47 19 1 22 11 15 58 34 18 6 4 44 9 42 17 39 46 14 26 2 25 32 40 12 43 30 24 38 45 56 53 5 10 13 51 8 59 3 0 31 28 21 36 7 49 54 48 55 41 57 33 29 27 20 35 16 52 23],[24 47 16 3 49 12 15 40 0 36 21 26 45 33 37 11 8 2 7 32 46 53 30 42 39 9 34 22 28 56 1 5 50 55 48 20 29 35 14 38 58 17 51 27 25 43 13 59 31 4 19 10 54 44 52 23 41 6 57 18],107218
randomWalk/lipa60a,8,110430,40827,40827,13,[49 39 23 35 17 2 44 26 58 14 54 34 15 48 20 18 21 29 33 8 36 51 45 19 32 12 37 52 11 47 50 4 25 27 41 42 16 55 40 10 53 9 43 24 5 31 22 7 3 6 13 1 59 0 56 30 38 46 57 28],[24 47 16 3 49 12 15 40 0 36 21 26 45 33 37 11 8 2 7 32 46 53 30 42 39 9 34 22 28 56 1 5 50 55 48 20 29 35 14 38 58 17 51 27 25 43 13 59 31 4 19 10 54 44 52 23 41 6 57 18],107218
greedy/lipa60a,9,108340,112,14237,0,[57 22 2 10 44 19 23 30 43 51 32 58 1 49 0 34 54 14 17 5 29 53 47 4 8 48 52 11 21 18 9 13 7 24 6 37 28 56 40 27 25 31 15 36 42 39 38 46 33 45 41 12 50 3 20 16 59 35 55 26],[24 47 16 3 49 12 15 40 0 36 21 26 45 33 37 11 8 2 7 32 46 53 30 42 39 9 34 22 28 56 1 5 50 55 48 20 29 35 14 38 58 17 51 27 25 43 13 59 31 4 19 10 54 44 52 23 41 6 57 18],107218
steepest/lipa60a,9,108345,37,67260,18,[53 41 51 40 44 42 26 36 4 59 39 58 1 23 50 56 32 34 20 31 27 22 12 29 43 2 3 25 24 46 8 11 33 15 45 54 5 14 48 57 37 55 18 28 49 7 17 6 19 38 0 52 30 47 21 9 35 10 16 13],[24 47 16 3 49 12 15 40 0 36 21 26 45 33 37 11 8 2 7 32 46 53 30 42 39 9 34 22 28 56 1 5 50 55 48 20 29 35 14 38 58 17 51 27 25 43 13 59 31 4 19 10 54 44 52 23 41 6 57 18],107218
random/lipa60a,9,109611,725,725,9,[36 22 32 23 37 31 57 45 21 29 27 2 44 59 30 3 54 9 17 56 46 33 10 16 42 19 51 49 14 39 7 0 20 24 50 25 5 1 40 4 28 26 8 55 41 58 48 15 43 53 35 6 11 34 12 52 13 47 38 18],[24 47 16 3 49 12 15 40 0 36 21 26 45 33 37 11 8 2 7 32 46 53 30 42 39 9 34 22 28 56 1 5 50 55 48 20 29 35 14 38 58 17 51 27 25 43 13 59 31 4 19 10 54 44 52 23 41 6 57 18],107218
randomWalk/lipa60a,9,109994,28110,28110,10,[21 44 25 26 1 53 52 3 56 27 54 4 57 47 15 38 11 55 59 43 13 28 18 12 36 10 19 32 6 33 40 29 37 9 46 14 8 30 49 24 34 2 58 7 16 50 48 31 45 35 22 23 5 39 41 20 0 42 51 17],[24 47 16 3 49 12 15 40 0 36 21 26 45 33 37 11 8 2 7 32 46 53 30 42 39 9 34 22 28 56 1 5 50 55 48 20 29 35 14 38 58 17 51 27 25 43 13 59 31 4 19 10 54 44 52 23 41 6 57 18],107218
greedy/lipa60a,10,108433,101,15841,8,[46 50 39 57 49 51 31 42 6 20 14 15 44 11 9 38 4 21 0 34 19 53 30 18 3 32 28 56 33 47 10 8 48 43 58 45 37 27 23 54 5 29 55 16 25 41 1 24 35 22 36 13 52 59 12 7 17 40 2 26],[24 47 16 3 49 12 15 40 0 36 21 26 45 33 37 11 8 2 7 32 46 53 30 42 39 9 34 22 28 56 1 5 50 55 48 20 29 35 14 38 58 17 51 27 25 43 13 59 31 4 19 10 54 44 52 23 41 6 57 18],107218
steepest/lipa60a,10,108317,38,69030,15,[43 14 24 15 12 30 16 17 11 54 9 39 51 26 46 6 44 27 45 58 23 7 31 2 5 57 25 4 59 34 19 21 53 48 1 8 33 55 10 32 37 3 50 49 47 52 41 28 56 29 38 13 35 42 20 36 22 0 40 18],[24 47 16 3 49 12 15 40 0 36 21 26 45 33 37 11 8 2 7 32 46 53 30 42 39 9 34 22 28 56 1 5 50 55 48 20 29 35 14 38 58 17 51 27 25 43 13 59 31 4 19 10 54 44 52 23 41 6 57 18],107218
random/lipa60a,10,109656,1636,1636,15,[34 49 36 56 38 6 25 31 39 37 54 48 57 5 4 46 29 10 22 58 19 24 14 23 27 13 55 59 42 35 2 41 3 40 7 17 53 15 30 47 50 44 45 26 18 52 21 12 32 9 16 11 43 20 0 33 8 51 1 28],[24 47 16 3 49 12 15 40 0 36 21 26 45 33 37 11 8 2 7 32 46 53 30 42 39 9 34 22 28 56 1 5 50 55 48 20 29 35 14 38 58 17 51 27 25 43 13 59 31 4 19 10 54 44 52 23 41 6 57 18],107218
randomWalk/lipa60a,10,110145,38858,38858,12,[51 10 20 1 46 52 59 43 44 37 28 41 4 33 45 38 17 16 5 36 24 21 42 55 31 35 23 0 47 14 2 27 57 56 49 26 48 32 22 40 34 15 12 3 54 7 50 53 39 19 11 9 18 30 13 25 58 29 8 6],[24 47 16 3 49 12 15 40 0 36 21 26 45 33 37 11 8 2 7 32 46 53 30 42 39 9 34 22 28 56 1 5 50 55 48 20 29 35 14 38 58 17 51 27 25 43 13 59 31 4 19 10 54 44 52 23 41 6 57 18],107218
greedy/lipa80a,1,255343,137,20583,3,[72 68 57 46 58 73 15 78 47 67 1 65 0 62 48 23 22 30 69 70 37 2 24 54 44 17 59 26 52 12 4 31 25 33 20 74 21 38 45 16 29 71 61 7 28 34 35 49 53 14 6 39 18 11 8 43 32 60 75 42 66 63 55 40 10 41 51 77 9 50 13 19 3 56 64 36 79 76 5 27],[22 71 78 12 65 44 7 70 58 77 39 36 38 45 5 68 56 73 16 66 0 1 28 49 21 79 13 69 40 9 61 26 6 62 55 46 11 19 50 29 53 33 76 43 74 17 27 35 75 48 20 60 4 24 31 2 42 18 63 34 52 47 10 32 25 51 72 67 8 15 57 23 14 64 54 59 30 41 37 3],253195
steepest/lipa80a,1,255236,56,180120,44,[69 54 0 68 16 74 1 50 66 51 72 8 46 17 40 3 11 32 6 2 15 28 41 78 4 29 26 43 58 10 45 73 39 79 76 59 38 65 14 60 25 5 57 35 55 53 49 7 61 75 67 56 23 71 52 36 18 21 44 30 13 27 70 19 20 62 22 12 63 42 31 77 34 37 64 9 33 24 48 47],[22 71 78 12 65 44 7 70 58 77 39 36 38 45 5 68 56 73 16 66 0 1 28 49 21 79 13 69 40 9 61 26 6 62 55 46 11 19 50 29 53 33 76 43 74 17 27 35 75 48 20 60 4 24 31 2 42 18 63 34 52 47 10 32 25 51 72 67 8 15 57 23 14 64 54 59 30 41 37 3],253195
random/lipa80a,1,257754,7229,7229,62,[62 16 19 71 77 4 60 72 6 8 10 36 23 69 61 2 44 68 0 41 58 24 1 22 70 33 79 40 65 42 49 48 9 27 38 43 31 34 52 51 28 7 21 13 78 46 35 39 12 47 63 57 59 30 45 64 14 11 75 55 5 74 3 53 17 54 20 15 56 76 50 25 26 18 66 37 29 73 67 32],[22 71 78 12 65 44 7 70 58 77 39 36 38 45 5 68 56 73 16 66 0 1 28 49 21 79 13 69 40 9 61 26 6 62 55 46 11 19 50 29 53 33 76 43 74 17 27 35 75 48 20 60 4 24 31 2 42 18 63 34 52 47 10 32 25 51 72 67 8 15 57 23 14 64 54 59 30 41 37 3],253195
randomWalk/lipa80a,1,258592,198830,198830,61,[63 43 50 74 35 33 56 65 75 47 16 21 31 34 64 5 9 45 30 14 52 36 19 60 4 41 26 77 25 32 44 39 24 8 20 3 61 67 29 40 57 11 78 72 79 73 46 10 59 28 76 23 38 49 55 71 66 1 51 22 58 27 0 69 12 68 62 6 37 53 70 13 18 2 54 7 17 15 42 48],[22 71 78 12 65 44 7 70 58 77 39 36 38 45 5 68 56 73 16 66 0 1 28 49 21 79 13 69 40 9 61 26 6 62 55 46 11 19 50 29 53 33 76 43 74 17 27 35 75 48 20 60 4 24 31 2 42 18 63 34 52 47 10 32 25 51 72 67 8 15 57 23 14 64 54 59 30 41 37 3],253195
greedy/lipa80a,2,255352,157,23277,5,[28 57 6 62 47 25 44 0 48 21 26 15 49 79 61 71 68 23 2 39 76 59 12 38 20 14 65 72 32 5 16 55 58 8 7 69 66 24 29 43 74 9 27 53 64 50 30 52 19 37 10 67 18 31 3 11 73 13 42 45 4 77 41 46 1 34 63 17 35 36 78 22 40 60 56 70 75 51 54 33],[22 71 78 12 65 44 7 70 58 77 39 36 38 45 5 68 56 73 16 66 0 1 28 49 21 79 13 69 40 9 61 26 6 62 55 46 11 19 50 29 53 33 76 43 74 17 27 35 75 48 20 60 4 24 31 2 42 18 63 34 52 47 10 32 25 51 72 67 8 15 57 23 14 64 54 59 30 41 37 3],253195
steepest/lipa80a,2,255250,47,151680,28,[41 0 49 78 8 43 38 17 26 64 3 23 27 65 10 45 9 61 28 70 55 13 54 32 50 46 5 19 40 79 1 20 29 36 4 75 57 52 6 30 2 21 56 25 18 60 51 34 71 59 77 69 58 42 22 16 73 63 44 74 24 67 68 14 15 48 7 47 31 35 39 72 11 66 76 62 12 37 53 33],[22 71 78 12 65 44 7 70 58 77 39 36 38 45 5 68 56 73 16 66 0 1 28 49 21 79 13 69 40 9 61 26 6 62 55 46 11 19 50 29 53 33 76 43 74 17 27 35 75 48 20 60 4 24 31 2 42 18 63 34 52 47 10 32 25 51 72 67 8 15 57 23 14 64 54 59 30 41 37 3],253195
random/lipa80a,2,257604,9730,9730,61,[62 39 7 51 21 18 57 9 23 38 34 53 78 19 68 59 60 5 35 24 31 2 50 67 47 27 61 0 75 29 33 52 25 46 12 16 49 40 41 73 43 15 44 4 20 30 77 28 55 10 6 17 36 1 45 66 48 11 8 26 3 56 13 32 22 74 42 37 72 65 63 58 76 54 69 70 79 71 14 64],[22 71 78 12 65 44 7 70 58 77 39 36 38 45 5 68 56 73 16 66 0 1 28 49 21 79 13 69 40 9 61 26 6 62 55 46 11 19 50 29 53 33 76 43 74 17 27 35 75 48 20 60 4 24 31 2 42 18 63 34 52 47 10 32 25 51 72 67 8 15 57 23 14 64 54 59 30 41 37 3],253195
randomWalk/lipa80a,2,258538,140415,140415,61,[65 26 46 30 39 45 11 2 36 43 74 41 31 57 38 4 68 29 24 54 16 77 1 79 58 33 51 17 59 15 44 64 56 10 69 61 47 52 18 42 32 55 20 35 3 76 73 14 75 63 21 28 37 72 48 66 40 6 0 60 23 5 50 49 62 7 67 27 70 25 71 22 78 13 53 34 9 12 8 19],[22 71 78 12 65 44 7 70 58 77 39 36 38 45 5 68 56 73 16 66 0 1 28 49 21 79 13 69 40 9 61 26 6 62 55 46 11 19 50 29 53 33 76 43 74 17 27 35 75 48 20 60 4 24 31 2 42 18 63 34 52 47 10 32 25 51 72 67 8 15 57 23 14 64 54 59 30 41 37 3],253195
greedy/lipa80a,3,255253,136,27862,10,[59 23 55 40 71 39 20 45 30 49 15 13 50 69 17 8 79 27 74 36 12 67 63 9 10 7 24 4 77 57 38 56 32 42 78 11 62 5 60 37 14 75 53 28 16 29 68 70 22 0 47 33 2 44 31 61 34 26 6 73 41 46 25 1 65 51 19 43 66 52 21 18 72 64 3 54 58 76 48 35],[22 71 78 12 65 44 7 70 58 77 39 36 38 45 5 68 56 73 16 66 0 1 28 49 21 79 13 69 40 9 61 26 6 62 55 46 11 19 50 29 53 33 76 43 74 17 27 35 75 48 20 60 4 24 31 2 42 18 63 34 52 47 10 32 25 51 72 67 8 15 57 23 14 64 54 59 30 41 37 3],253195
steepest/lipa80a,3,255341,49,158000,29,[7 29 34 56 2 39 3 49 18 62 33 32 44 46 65 67 4 14 10 76 30 77 50 59 22 61 47 63 16 0 15 42 78 48 66 11 55 5 68 17 19 75 25 73 23 40 12 28 36 41 6 37 79 57 8 26 72 71 35 60 20 21 70 51 38 43 24 69 1 58 64 31 13 74 52 53 9 54 27 45],[22 71 78 12 65 44 7 70 58 77 39 36 38 45 5 68 56 73 16 66 0 1 28 49 21 79 13 69 40 9 61 26 6 62 55 46 11 19 50 29 53 33 76 43 74 17 27 35 75 48 20 60 4 24 31 2 42 18 63 34 52 47 10 32 25 51 72 67 8 15 57 23 14 64 54 59 30 41 37 3],253195
random/lipa80a,3,257707,12155,12155,61,[48 57 10 9 73 38 49 12 2 21 67 76 65 55 23 71 74 36 25 3 37 26 62 77 44 4 53 75 52 61 5 29 17 0 11 60 27 15 39 33 24 34 18 78 63 16 41 72 68 69 70 7 19 50 40 79 22 32 31 13 35 30 1 14 42 56 43 20 58 45 47 46 59 66 28 64 51 54 6 8],[22 71 78 12 65 44 7 70 58 77 39 36 38 45 5 68 56 73 16 66 0 1 28 49 21 79 13 69 40 9 61 26 6 62 55 46 11 19 50 29 53 33 76 43 74 17 27 35 75 48 20 60 4 24 31 2 42 18 63 34 52 47 10 32 25 51 72 67 8 15 57 23 14 64 54 59 30 41 37 3],253195
randomWalk/lipa80a,3,258413,183049,183049,61,[71 29 18 51 17 2 8 59 70 44 42 45 7 27 40 19 1 76 54 55 13 67 20 10 16 4 15 46 22 41 73 64 61 78 14 37 79 9 49 43 30 74 72 39 68 52 63 33 24 56 75 0 48 50 28 25 66 26 60 23 6 77 12 57 62 69 11 35 53 3 65 32 21 36 38 34 5 58 31 47],[22 71 78 12 65 44 7 70 58 77 39 36 38 45 5 68 56 73 16 66 0 1 28 49 21 79 13 69 40 9 61 26 6 62 55 46 11 19 50 29 53 33 76 43 74 17 27 35 75 48 20 60 4 24 31 2 42 18 63 34 52 47 10 32 25 51 72 67 8 15 57 23 14 64 54 59 30 41 37 3],253195
greedy/lipa80a,4,255286,136,28510,6,[63 77 5 60 51 57 31 71 43 39 49 20 4 59 74 70 52 78 2 30 21 7 11 8 44 53 1 28 16 58 3 73 50 15 10 75 36 19 55 0 18 65 64 54 23 26 45 47 56 34 38 72 27 79 67 9 62 42 76 40 25 24 6 69 22 68 12 35 61 33 66 14 48 17 13 41 37 32 29 46],[22 71 78 12 65 44 7 70 58 77 39 36 38 45 5 68 56 73 16 66 0 1 28 49 21 79 13 69 40 9 61 26 6 62 55 46 11 19 50 29 53 33 76 43 74 17 27 35 75 48 20 60 4 24 31 2 42 18 63 34 52 47 10 32 25 51 72 67 8 15 57 23 14 64 54 59 30 41 37 3],253195
steepest/lipa80a,4,255167,60,192760,45,[33 62 44 36 21 40 10 37 28 69 64 76 60 59 45 31 13 22 12 34 46 23 71 52 73 48 2 77 53 26 42 70 1 79 35 41 65 18 19 7 78 20 6 57 30 4 5 39 54 56 9 17 51 24 38 16 29 75 50 32 66 63 68 49 0 8 14 27 55 72 58 15 67 43 61 25 11 47 3 74],[22 71 78 12 65 44 7 70 58 77 39 36 38 45 5 68 56 73 16 66 0 1 28 49 21 79 13 69 40 9 61 26 6 62 55 46 11 19 50 29 53 33 76 43 74 17 27 35 75 48 20 60 4 24 31 2 42 18 63 34 52 47 10 32 25 51 72 67 8 15 57 23 14 64 54 59 30 41 37 3],253195
random/lipa80a,4,257800,7545,7545,61,[7 16 24 40 1 55 4 53 8 68 0 11 31 46 70 43 79 54 28 72 75 51 17 2 60 56 49 71 58 69 74 66 23 50 76 3 15 35 73 52 38 30 20 59 48 61 12 6 18 64 77 5 22 37 27 25 32 36 63 26 42 29 34 44 47 78 57 62 41 19 33 13 45 14 9 21 10 65 39 67],[22 71 78 12 65 44 7 70 58 77 39 36 38 45 5 68 56 73 16 66 0 1 28 49 21 79 13 69 40 9 61 26 6 62 55 46 11 19 50 29 53 33 76 43 74 17 27 35 75 48 20 60 4 24 31 2 42 18 63 34 52 47 10 32 25 51 72 67 8 15 57 23 14 64 54 59 30 41 37 3],253195
randomWalk/lipa80a,4,258437,180287,180287,61,[0 5 56 29 14 1 26 64 20 65 63 9 68 15 23 48 73 67 27 35 54 21 34 76 3 37 7 42 52 79 66 24 33 17 57 51 12 31 22 36 59 60 2 74 16 53 38 41 78 44 4 13 18 75 55 40 69 10 62 45 6 50 43 58 77 70 25 8 39 46 30 71 49 11 32 19 47 72 61 28],[22 71 78 12 65 44 7 70 58 77 39 36 38 45 5 68 56 73 16 66 0 1 28 49 21 79 13 69 40 9 61 26 6 62 55 46 11 19 50 29 53 33 76 43 74 17 27 35 75 48 20 60 4 24 31 2 42 18 63 34 52 47 10 32 25 51 72 67 8 15 57 23 14 64 54 59 30 41 37 3],253195
greedy/lipa80a,5,255380,145,26168,8,[71 37 19 64 77 38 9 26 68 36 70 29 50 57 25 56 30 3 31 14 47 22 28 34 53 62 59 78 21 67 11 39 2 15 10 55 17 35 52 1 60 69 63 51 46 76 48 8 18 58 72 45 66 54 79 20 23 40 41 74 5 16 13 65 44 73 42 0 4 7 33 49 43 32 6 75 27 12 61 24],[22 71 78 12 65 44 7 70 58 77 39 36 38 45 5 68 56 73 16 66 0 1 28 49 21 79 13 69 40 9 61 26 6 62 55 46 11 19 50 29 53 33 76 43 74 17 27 35 75 48 20 60 4 24 31 2 42 18 63 34 52 47 10 32 25 51 72 67 8 15 57 23 14 64 54 59 30 41 37 3],253195
steepest/lipa80a,5,255309,49,158000,55,[17 68 42 45 58 77 39 41 0 37 25 11 4 29 30 8 13 36 23 15 27 20 50 34 28 74 43 70 52 16 2 3 65 35 71 53 67 78 19 55 31 46 1 6 40 60 64 18 59 22 79 33 49 21 51 76 62 63 38 72 24 66 5 54 73 32 14 48 57 69 56 26 9 75 12 44 7 47 10 61],[22 71 78 12 65 44 7 70 58 77 39 36 38 45 5 68 56 73 16 66 0 1 28 49 21 79 13 69 40 9 61 26 6 62 55 46 11 19 50 29 53 33 76 43 74 17 27 35 75 48 20 60 4 24 31 2 42 18 63 34 52 47 10 32 25 51 72 67 8 15 57 23 14 64 54 59 30 41 37 3],253195
random/lipa80a,5,257607,8750,8750,66,[47 68 66 70 20 57 55 16 6 27 28 59 67 10 73 61 19 72 42 9 64 41 18 31 75 25 48 62 11 45 24 63 0 26 32 54 14 58 35 56 30 34 43 8 78 12 33 37 50 2 65 21 74 53 23 60 22 29 7 5 46 39 17 3 40 44 51 1 15 49 71 79 13 76 52 36 4 69 38 77],[22 71 78 12 65 44 7 70 58 77 39 36 38 45 5 68 56 73 16 66 0 1 28 49 21 79 13 69 40 9 61 26 6 62 55 46 11 19 50 29 53 33 76 43 74 17 27 35 75 48 20 60 4 24 31 2 42 18 63 34 52 47 10 32 25 51 72 67 8 15 57 23 14 64 54 59 30 41 37 3],253195
randomWalk/lipa80a,5,258636,183802,183802,61,[23 31 17 37 52 60 43 63 41 32 16 14 57 12 75 6 76 30 69 26 19 42 65 53 78 64 1 15 2 33 8 67 38 34 36 46 24 50 48 56 49 71 28 44 11 39 20 35 62 18 3 79 70 59 40 54 4 25 9 61 10 77 47 27 68 55 45 0 74 22 72 13 58 73 29 21 7 66 51 5],[22 71 78 12 65 44 7 70 58 77 39 36 38 45 5 68 56 73 16 66 0 1 28 49 21 79 13 69 40 9 61 26 6 62 55 46 11 19 50 29 53 33 76 43 74 17 27 35 75 48 20 60 4 24 31 2 42 18 63 34 52 47 10 32 25 51 72 67 8 15 57 23 14 64 54 59 30 41 37 3],253195
greedy/lipa80a,6,255146,160,29552,10,[59 32 44 4 70 34 23 17 55 1 79 68 60 6 72 56 63 27 75 3 29 43 9 77 64 76 41 11 66 38 46 20 47 40 45 13 15 37 74 71 50 5 39 22 54 19 25 48 10 0 67 12 24 58 78 8 7 28 49 69 2 30 61 42 26 21 14 36 62 35 33 52 31 57 53 65 18 16 73 51],[22 71 78 12 65 44 7 70 58 77 39 36 38 45 5 68 56 73 16 66 0 1 28 49 21 79 13 69 40 9 61 26 6 62 55 46 11 19 50 29 53 33 76 43 74 17 27 35 75 48 20 60 4 24 31 2 42 18 63 34 52 47 10 32 25 51 72 67 8 15 57 23 14 64 54 59 30 41 37 3],253195
steepest/lipa80a,6,255437,37,120080,43,[46 74 40 63 60 22 59 20 52 43 7 67 0 26 57 79 65 31 58 8 75 29 35 50 62 48 33 10 24 64 72 34 27 4 11 36 37 61 32 6 18 3 73 13 42 25 17 53 5 16 71 66 21 44 15 68 9 49 39 12 51 41 2 23 56 30 76 47 78 14 19 54 38 28 55 45 77 69 70 1],[22 71 78 12 65 44 7 70 58 77 39 36 38 45 5 68 56 73 16 66 0 1 28 49 21 79 13 69 40 9 61 26 6 62 55 46 11 19 50 29 53 33 76 43 74 17 27 35 75 48 20 60 4 24 31 2 42 18 63 34 52 47 10 32 25 51 72 67 8 15 57 23 14 64 54 59 30 41 37 3],253195
random/lipa80a,6,257789,5675,5675,61,[46 75 69 12 50 71 23 40 26 53 52 2 77 54 64 60 74 30 17 14 0 16 27 56 59 9 32 51 70 79 57 41 8 43 76 63 10 3 48 44 18 36 42 73 28 39 33 11 55 24 34 29 25 49 15 7 5 65 21 58 61 62 20 1 4 35 13 72 78 68 6 22 47 67 38 31 37 45 66 19],[22 71 78 12 65 44 7 70 58 77 39 36 38 45 5 68 56 73 16 66 0 1 28 49 21 79 13 69 40 9 61 26 6 62 55 46 11 19 50 29 53 33 76 43 74 17 27 35 75 48 20 60 4 24 31 2 42 18 63 34 52 47 10 32 25 51 72 67 8 15 57 23 14 64 54 59 30 41 37 3],253195
randomWalk/lipa80a,6,258509,193593,193593,61,[54 75 30 0 68 1 52 17 46 62 78 43 12 59 15 48 77 4 9 2 33 55 3 5 63 37 32 25 40 67 69 45 13 57 8 36 58 72 50 27 73 65 20 19 38 41 42 29 21 10 39 31 34 53 28 61 7 44 51 74 22 56 23 76 18 49 64 26 24 71 35 66 6 14 47 70 16 60 79 11],[22 71 78 12 65 44 7 70 58 77 39 36 38 45 5 68 56 73 16 66 0 1 28 49 21 79 13 69 40 9 61 26 6 62 55 46 11 19 50 29 53 33 76 43 74 17 27 35 75 48 20 60 4 24 31 2 42 18 63 34 52 47 10 32 25 51 72 67 8 15 57 23 14 64 54 59 30 41 37 3],253195
greedy/lipa80a,7,255280,133,20939,9,[47 69 14 37 41 18 66 20 5 40 67 7 9 72 63 17 23 77 27 43 25 71 51 1 42 60 70 57 15 54 10 46 33 64 61 22 16 62 45 31 55 48 0 29 50 38 11 3 44 30 56 78 79 32 2 19 74 4 75 39 35 21 58 24 36 65 8 6 59 28 26 68 13 76 52 53 12 34 49 73],[22 71 78 12 65 44 7 70 58 77 39 36 38 45 5 68 56 73 16 66 0 1 28 49 21 79 13 69 40 9 61 26 6 62 55 46 11 19 50 29 53 33 76 43 74 17 27 35 75 48 20 60 4 24 31 2 42 18 63 34 52 47 10 32 25 51 72 67 8 15 57 23 14 64 54 59 30 41 37 3],253195
steepest/lipa80a,7,255320,49,158000,28,[14 60 5 11 41 0 23 73 12 40 69 3 48 53 52 70 24 4 74 29 67 55 79 62 1 31 34 78 44 37 10 46 61 43 65 38 49 22 45 16 35 76 15 32 50 9 30 8 72 13 18 36 47 39 57 68 71 59 19 58 27 26 75 42 25 6 51 28 64 56 33 54 66 2 77 7 21 17 20 63],[22 71 78 12 65 44 7 70 58 77 39 36 38 45 5 68 56 73 16 66 0 1 28 49 21 79 13 69 40 9 61 26 6 62 55 46 11 19 50 29 53 33 76 43 74 17 27 35 75 48 20 60 4 24 31 2 42 18 63 34 52 47 10 32 25 51 72 67 8 15 57 23 14 64 54 59 30 41 37 3],253195
random/lipa80a,7,257631,11402,11402,61,[1 43 15 41 59 79 17 4 3 57 32 78 35 10 74 22 25 55 70 52 21 75 64 61 30 49 14 34 29 40 31 24 56 47 76 60 53 63 8 44 54 11 48 71 36 51 45 42 68 2 39 20 19 67 62 23 77 33 26 50 66 73 12 5 0 6 13 27 7 18 37 9 46 65 16 69 58 28 72 38],[22 71 78 12 65 44 7 70 58 77 39 36 38 45 5 68 56 73 16 66 0 1 28 49 21 79 13 69 40 9 61 26 6 62 55 46 11 19 50 29 53 33 76 43 74 17 27 35 75 48 20 60 4 24 31 2 42 18 63 34 52 47 10 32 25 51 72 67 8 15 57 23 14 64 54 59 30 41 37 3],253195
randomWalk/lipa80a,7,258493,249292,249292,62,[38 58 79 11 22 4 32 25 7 15 17 64 53 3 50 16 35 8 43 40 5 39 9 2 44 33 54 31 63 61 24 0 28 47 6 49 56 51 10 18 77 69 23 26 30 27 60 36 48 37 72 13 65 52 78 66 42 55 73 29 34 57 46 71 76 59 1 62 20 67 70 12 19 68 14 45 75 74 21 41],[22 71 78 12 65 44 7 70 58 77 39 36 38 45 5 68 56 73 16 66 0 1 28 49 21 79 13 69 40 9 61 26 6 62 55 46 11 19 50 29 53 33 76 43 74 17 27 35 75 48 20 60 4 24 31 2 42 18 63 34 52 47 10 32 25 51 72 67 8 15 57 23 14 64 54 59 30 41 37 3],253195
greedy/lipa80a,8,255202,151,27765,10,[27 17 34 61 50 31 13 6 56 14 0 9 47 63 73 77 62 29 54 39 26 2 19 58 7 51 23 22 38 15 41 28 12 10 1 49 33 18 75 40 3 36 79 20 68 60 66 5 70 24 42 35 30 8 48 69 52 11 64 25 55 32 76 45 71 74 44 53 67 46 43 65 72 59 78 16 37 57 4 21],[22 71 78 12 65 44 7 70 58 77 39 36 38 45 5 68 56 73 16 66 0 1 28 49 21 79 13 69 40 9 61 26 6 62 55 46 11 19 50 29 53 33 76 43 74 17 27 35 75 48 20 60 4 24 31 2 42 18 63 34 52 47 10 32 25 51 72 67 8 15 57 23 14 64 54 59 30 41 37 3],253195
steepest/lipa80a,8,255133,55,176960,32,[68 61 53 77 70 79 78 52 44 9 65 26 46 50 28 60 62 3 56 64 7 39 19 31 45 29 23 37 35 72 47 43 1 17 12 15 75 8 73 20 38 36 18 76 59 6 51 4 58 41 66 32 30 55 49 48 25 11 34 27 22 74 63 67 54 5 13 33 0 42 16 71 24 10 2 57 14 69 40 21],[22 71 78 12 65 44 7 70 58 77 39 36 38 45 5 68 56 73 16 66 0 1 28 49 21 79 13 69 40 9 61 26 6 62 55 46 11 19 50 29 53 33 76 43 74 17 27 35 75 48 20 60 4 24 31 2 42 18 63 34 52 47 10 32 25 51 72 67 8 15 57 23 14 64 54 59 30 41 37 3],253195
random/lipa80a,8,257599,12910,12910,69,[18 0 58 55 62 59 40 73 75 56 24 48 2 36 6 37 65 30 14 53 46 5 69 54 57 1 78 7 43 74 47 17 34 79 27 11 16 15 42 72 71 67 23 26 49 68 51 8 63 76 50 32 31 33 41 35 4 52 28 39 19 20 44 64 45 60 10 12 61 25 21 70 38 13 66 9 22 29 77 3],[22 71 78 12 65 44 7 70 58 77 39 36 38 45 5 68 56 73 16 66 0 1 28 49 21 79 13 69 40 9 61 26 6 62 55 46 11 19 50 29 53 33 76 43 74 17 27 35 75 48 20 60 4 24 31 2 42 18 63 34 52 47 10 32 25 51 72 67 8 15 57 23 14 64 54 59 30 41 37 3],253195
randomWalk/lipa80a,8,258339,272436,272436,62,[76 9 25 29 59 4 71 48 19 27 23 58 2 3 64 73 37 13 24 60 61 70 52 51 74 62 38 31 72 56 17 5 66 45 22 47 40 18 32 78 57 67 21 77 34 41 63 1 8 55 14 43 46 7 53 0 28 50 54 16 44 65 6 30 42 15 20 11 12 35 26 33 79 69 39 49 36 10 75 68],[22 71 78 12 65 44 7 70 58 77 39 36 38 45 5 68 56 73 16 66 0 1 28 49 21 79 13 69 40 9 61 26 6 62 55 46 11 19 50 29 53 33 76 43 74 17 27 35 75 48 20 60 4 24 31 2 42 18 63 34 52 47 10 32 25 51 72 67 8 15 57 23 14 64 54 59 30 41 37 3],253195
greedy/lipa80a,9,255192,132,29563,7,[50 38 1 24 46 0 76 17 6 64 34 72 58 71 65 63 77 27 33 78 4 60 22 9 31 21 39 70 57 43 48 52 47 19 45 44 15 51 25 35 40 37 74 2 79 11 10 26 23 28 18 32 49 59 55 61 3 8 30 16 13 75 14 62 12 41 73 54 5 29 68 69 56 66 36 42 67 20 7 53],[22 71 78 12 65 44 7 70 58 77 39 36 38 45 5 68 56 73 16 66 0 1 28 49 21 79 13 69 40 9 61 26 6 62 55 46 11 19 50 29 53 33 76 43 74 17 27 35 75 48 20 60 4 24 31 2 42 18 63 34 52 47 10 32 25 51 72 67 8 15 57 23 14 64 54 59 30 41 37 3],253195
steepest/lipa80a,9,255324,55,176960,31,[46 0 74 3 77 32 68 47 35 23 66 33 58 48 8 60 63 25 1 6 73 21 53 26 36 71 7 56 62 45 44 70 69 22 5 50 17 57 15 40 11 37 72 31 49 65 55 39 78 4 59 41 67 29 12 20 28 64 61 79 19 75 51 16 13 34 18 54 10 27 2 14 38 30 24 76 9 43 42 52],[22 71 78 12 65 44 7 70 58 77 39 36 38 45 5 68 56 73 16 66 0 1 28 49 21 79 13 69 40 9 61 26 6 62 55 46 11 19 50 29 53 33 76 43 74 17 27 35 75 48 20 60 4 24 31 2 42 18 63 34 52 47 10 32 25 51 72 67 8 15 57 23 14 64 54 59 30 41 37 3],253195
random/lipa80a,9,257701,11912,11912,67,[55 6 73 57 27 30 35 58 78 69 21 2 42 25 28 12 38 17 31 72 41 32 75 70 56 79 34 4 76 44 19 61 33 1 29 7 15 53 48 77 54 16 20 51 3 23 67 5 40 13 26 8 50 60 74 65 43 18 10 9 52 62 64 63 37 68 22 45 66 0 39 36 46 49 59 47 24 11 14 71],[22 71 78 12 65 44 7 70 58 77 39 36 38 45 5 68 56 73 16 66 0 1 28 49 21 79 13 69 40 9 61 26 6 62 55 46 11 19 50 29 53 33 76 43 74 17 27 35 75 48 20 60 4 24 31 2 42 18 63 34 52 47 10 32 25 51 72 67 8 15 57 23 14 64 54 59 30 41 37 3],253195
randomWalk/lipa80a,9,257913,215465,215465,61,[4 44 2 69 23 38 54 26 73 42 27 33 78 8 49 56 41 40 14 24 13 17 63 6 45 11 46 12 28 62 65 59 72 55 75 34 53 5 16 1 35 37 9 71 10 31 64 51 58 50 66 22 60 21 79 74 77 20 15 67 32 76 0 52 7 57 29 68 70 43 36 61 3 47 25 39 19 30 48 18],[22 71 78 12 65 44 7 70 58 77 39 36 38 45 5 68 56 73 16 66 0 1 28 49 21 79 13 69 40 9 61 26 6 62 55 46 11 19 50 29 53 33 76 43 74 17 27 35 75 48 20 60 4 24 31 2 42 18 63 34 52 47 10 32 25 51 72 67 8 15 57 23 14 64 54 59 30 41 37 3],253195
greedy/lipa80a,10,255423,133,24211,5,[37 39 5 8 27 79 65 40 41 51 33 57 16 44 63 30 19 75 45 21 50 62 66 0 29 31 18 7 56 46 70 11 9 61 69 74 42 2 14 10 13 6 68 35 34 43 54 17 25 15 52 36 78 12 20 23 59 72 76 73 48 71 77 32 3 47 28 26 67 64 38 22 53 55 1 58 60 49 4 24],[22 71 78 12 65 44 7 70 58 77 39 36 38 45 5 68 56 73 16 66 0 1 28 49 21 79 13 69 40 9 61 26 6 62 55 46 11 19 50 29 53 33 76 43 74 17 27 35 75 48 20 60 4 24 31 2 42 18 63 34 52 47 10 32 25 51 72 67 8 15 57 23 14 64 54 59 30 41 37 3],253195
steepest/lipa80a,10,255379,47,151680,40,[11 66 42 44 30 27 57 4 78 68 29 0 16 75 17 62 72 2 19 49 8 41 51 33 61 48 77 43 6 18 39 60 3 53 24 9 10 56 14 20 52 63 54 71 7 69 59 74 36 15 22 28 34 13 25 45 37 38 58 23 32 65 40 50 21 5 26 12 79 73 55 47 1 46 64 70 35 67 76 31],[22 71 78 12 65 44 7 70 58 77 39 36 38 45 5 68 56 73 16 66 0 1 28 49 21 79 13 69 40 9 61 26 6 62 55 46 11 19 50 29 53 33 76 43 74 17 27 35 75 48 20 60 4 24 31 2 42 18 63 34 52 47 10 32 25 51 72 67 8 15 57 23 14 64 54 59 30 41 37 3],253195
random/lipa80a,10,257706,11430,11430,61,[4 62 55 13 3 70 54 1 68 36 37 26 9 77 42 44 46 51 15 35 8 2 22 58 49 57 39 28 20 65 63 78 33 61 10 47 23 27 11 75 0 53 59 7 40 71 21 52 38 43 17 19 74 64 32 24 29 14 6 66 30 16 60 79 12 5 50 48 45 76 34 41 56 69 72 67 73 25 18 31],[22 71 78 12 65 44 7 70 58 77 39 36 38 45 5 68 56 73 16 66 0 1 28 49 21 79 13 69 40 9 61 26 6 62 55 46 11 19 50 29 53 33 76 43 74 17 27 35 75 48 20 60 4 24 31 2 42 18 63 34 52 47 10 32 25 51 72 67 8 15 57 23 14 64 54 59 30 41 37 3],253195
randomWalk/lipa80a,10,258342,265804,265804,66,[64 75 50 37 59 73 76 36 30 20 78 14 55 5 23 34 12 49 8 22 4 71 67 58 79 31 61 17 70 54 56 69 26 21 66 43 10 68 13 42 40 77 60 3 38 41 63 48 25 46 1 44 45 27 65 35 52 16 18 29 74 57 53 72 9 0 47 24 32 39 7 2 15 6 28 62 33 11 51 19],[22 71 78 12 65 44 7 70 58 77 39 36 38 45 5 68 56 73 16 66 0 1 28 49 21 79 13 69 40 9 61 26 6 62 55 46 11 19 50 29 53 33 76 43 74 17 27 35 75 48 20 60 4 24 31 2 42 18 63 34 52 47 10 32 25 51 72 67 8 15 57 23 14 64 54 59 30 41 37 3],253195
greedy/tai256c,1,44928466,291,1497332,1267,[188 170 17 2 0 225 147 19 255 94 64 196 46 11 120 235 109 227 88 41 92 208 127 128 248 135 233 13 113 244 130 181 198 160 24 81 173 132 124 162 252 49 152 203 52 141 179 31 84 250 218 34 166 96 246 71 67 107 193 137 191 7 58 221 39 210 185 183 215 206 102 238 54 63 149 5 99 117 145 155 44 229 105 69 37 61 73 200 26 122 75 158 25 111 253 10 230 129 247 95 136 80 161 131 125 40 209 86 139 27 249 21 59 197 70 87 133 240 226 236 251 22 153 83 182 77 217 151 93 15 222 146 53 112 85 91 194 237 36 187 8 16 234 28 50 177 118 134 150 254 115 154 195 79 35 205 90 245 55 201 51 45 224 104 116 172 74 119 23 144 12 176 82 169 110 143 199 174 159 241 126 178 243 184 4 18 29 98 212 180 202 72 214 43 65 68 66 163 192 168 100 62 114 213 189 232 97 228 123 108 38 89 223 101 121 57 20 165 156 164 140 103 219 48 220 207 242 239 175 216 1 76 138 106 171 6 33 42 32 231 3 56 190 142 157 9 47 186 204 60 211 78 30 14 148 167],[218 108 226 173 171 84 160 192 27 122 203 69 113 196 139 239 40 13 48 152 44 159 47 18 200 101 177 147 10 1 215 99 125 252 132 169 71 91 149 245 103 130 166 211 118 16 179 186 52 142 243 213 23 156 235 54 78 65 135 74 96 35 42 137 190 205 128 30 232 8 222 230 254 88 61 57 249 4 37 6 181 209 82 220 50 105 162 110 76 95 183 240 202 158 150 248 165 176 83 227 46 191 62 60 7 204 70 79 155 219 102 175 199 15 123 24 193 189 25 109 77 94 194 225 29 64 246 229 121 167 120 140 154 31 201 28 161 87 5 234 72 20 231 207 49 141 81 14 68 224 51 98 163 223 80 233 236 182 26 221 151 187 107 168 180 126 117 170 153 55 38 250 206 164 238 104 241 0 148 138 216 92 244 253 39 115 86 134 2 3 75 9 53 85 188 143 100 67 63 217 198 212 145 178 12 19 59 41 174 255 197 157 242 33 36 185 228 34 208 210 56 97 112 32 172 124 17 131 21 43 106 22 66 90 127 73 89 136 116 237 93 111 11 184 114 144 119 129 146 133 45 195 251 214 247 58],44759294
steepest/tai256c,1,44897720,40,1338240,1072,[198 212 246 254 78 143 241 189 155 168 76 66 119 33 132 42 27 87 117 95 126 0 158 147 248 138 185 13 130 244 18 61 227 10 81 96 224 162 124 177 252 51 121 164 151 115 109 31 38 25 218 36 166 220 141 70 104 153 192 170 175 59 44 106 55 210 235 91 215 206 21 237 83 48 181 200 113 134 195 172 144 229 68 223 203 85 73 233 3 40 46 7 23 230 128 11 86 28 247 5 184 226 173 114 15 221 9 187 107 82 249 133 57 165 71 52 101 255 26 236 251 213 180 110 182 146 201 183 94 145 222 159 53 112 167 43 194 238 20 118 8 99 234 84 50 178 88 135 150 197 131 154 179 64 35 75 152 245 90 16 49 45 225 105 116 37 74 250 39 161 12 176 98 169 142 93 199 174 80 137 127 160 243 217 4 17 29 24 196 253 202 72 214 108 65 69 67 163 193 58 100 62 188 54 205 232 97 228 123 129 22 89 208 102 136 148 19 149 156 186 140 103 219 63 34 207 2 239 191 216 1 92 139 122 171 6 125 41 32 231 242 56 190 240 157 120 47 111 204 60 211 79 30 14 209 77],[218 108 226 173 171 84 160 192 27 122 203 69 113 196 139 239 40 13 48 152 44 159 47 18 200 101 177 147 10 1 215 99 125 252 132 169 71 91 149 245 103 130 166 211 118 16 179 186 52 142 243 213 23 156 235 54 78 65 135 74 96 35 42 137 190 205 128 30 232 8 222 230 254 88 61 57 249 4 37 6 181 209 82 220 50 105 162 110 76 95 183 240 202 158 150 248 165 176 83 227 46 191 62 60 7 204 70 79 155 219 102 175 199 15 123 24 193 189 25 109 77 94 194 225 29 64 246 229 121 167 120 140 154 31 201 28 161 87 5 234 72 20 231 207 49 141 81 14 68 224 51 98 163 223 80 233 236 182 26 221 151 187 107 168 180 126 117 170 153 55 38 250 206 164 238 104 241 0 148 138 216 92 244 253 39 115 86 134 2 3 75 9 53 85 188 143 100 67 63 217 198 212 145 178 12 19 59 41 174 255 197 157 242 33 36 185 228 34 208 210 56 97 112 32 172 124 17 131 21 43 106 22 66 90 127 73 89 136 116 237 93 111 11 184 114 144 119 129 146 133 45 195 251 214 247 58],44759294
random/tai256c,1,49734952,33292,33292,1889,[55 198 95 213 12 237 140 56 100 101 222 124 87 4 182 91 162 85 97 7 190 3 67 1 225 139 148 201 145 255 37 51 25 30 233 161 19 45 133 24 27 88 235 134 32 74 250 151 116 61 166 230 65 59 57 107 136 144 142 179 127 253 238 232 159 42 54 176 164 103 23 246 2 138 187 80 170 153 119 208 109 120 105 202 168 113 193 29 76 242 49 63 83 6 73 62 99 108 110 185 135 220 200 69 11 117 189 104 152 191 72 154 197 224 34 28 206 71 199 15 86 236 167 215 94 169 171 40 210 219 77 183 70 81 180 158 123 66 175 196 249 9 188 111 204 155 244 146 5 26 128 150 43 172 214 223 221 79 194 205 53 160 239 243 174 78 165 48 46 252 218 84 64 52 216 137 60 192 122 131 114 22 207 112 102 173 82 212 178 228 33 8 20 241 118 141 130 245 234 21 247 14 58 115 251 13 92 156 93 39 31 36 129 254 50 132 177 184 203 240 16 211 229 121 38 106 0 186 90 195 89 157 68 231 226 75 209 163 248 125 17 143 18 98 47 217 44 181 96 147 35 149 126 41 10 227],[218 108 226 173 171 84 160 192 27 122 203 69 113 196 139 239 40 13 48 152 44 159 47 18 200 101 177 147 10 1 215 99 125 252 132 169 71 91 149 245 103 130 166 211 118 16 179 186 52 142 243 213 23 156 235 54 78 65 135 74 96 35 42 137 190 205 128 30 232 8 222 230 254 88 61 57 249 4 37 6 181 209 82 220 50 105 162 110 76 95 183 240 202 158 150 248 165 176 83 227 46 191 62 60 7 204 70 79 155 219 102 175 199 15 123 24 193 189 25 109 77 94 194 225 29 64 246 229 121 167 120 140 154 31 201 28 161 87 5 234 72 20 231 207 49 141 81 14 68 224 51 98 163 223 80 233 236 182 26 221 151 187 107 168 180 126 117 170 153 55 38 250 206 164 238 104 241 0 148 138 216 92 244 253 39 115 86 134 2 3 75 9 53 85 188 143 100 67 63 217 198 212 145 178 12 19 59 41 174 255 197 157 242 33 36 185 228 34 208 210 56 97 112 32 172 124 17 131 21 43 106 22 66 90 127 73 89 136 116 237 93 111 11 184 114 144 119 129 146 133 45 195 251 214 247 58],44759294
randomWalk/tai256c,1,54371164,1811643,1811643,1882,[109 4 161 223 133 226 110 31 245 215 114 99 251 5 197 63 154 30 39 100 188 104 32 194 7 253 38 12 136 200 36 138 178 132 159 196 125 118 124 116 65 20 24 83 53 232 237 158 40 238 190 199 142 222 92 23 220 231 236 176 135 187 137 82 171 129 206 68 75 27 131 103 216 143 254 229 255 112 89 61 97 98 184 192 233 250 139 93 9 102 96 149 140 22 243 163 173 191 169 106 221 217 26 45 77 117 209 228 60 195 121 218 108 210 239 11 74 29 2 168 134 208 47 3 105 242 28 240 85 165 91 41 17 71 70 182 249 177 55 130 0 43 21 248 72 18 180 84 246 150 111 80 174 87 152 113 88 50 69 153 247 198 107 166 155 203 225 207 227 58 115 170 241 90 148 204 146 76 127 224 214 175 34 35 86 212 219 10 79 64 123 205 37 1 201 42 56 95 160 67 179 16 185 167 126 234 14 62 213 144 57 157 162 33 44 252 235 59 202 122 8 25 145 54 147 193 13 128 78 15 101 51 66 6 46 186 230 48 211 183 73 120 119 189 49 244 172 151 81 141 181 164 19 156 52 94],[218 108 226 173 171 84 160 192 27 122 203 69 113 196 139 239 40 13 48 152 44 159 47 18 200 101 177 147 10 1 215 99 125 252 132 169 71 91 149 245 103 130 166 211 118 16 179 186 52 142 243 213 23 156 235 54 78 65 135 74 96 35 42 137 190 205 128 30 232 8 222 230 254 88 61 57 249 4 37 6 181 209 82 220 50 105 162 110 76 95 183 240 202 158 150 248 165 176 83 227 46 191 62 60 7 204 70 79 155 219 102 175 199 15 123 24 193 189 25 109 77 94 194 225 29 64 246 229 121 167 120 140 154 31 201 28 161 87 5 234 72 20 231 207 49 141 81 14 68 224 51 98 163 223 80 233 236 182 26 221 151 187 107 168 180 126 117 170 153 55 38 250 206 164 238 104 241 0 148 138 216 92 244 253 39 115 86 134 2 3 75 9 53 85 188 143 100 67 63 217 198 212 145 178 12 19 59 41 174 255 197 157 242 33 36 185 228 34 208 210 56 97 112 32 172 124 17 131 21 43 106 22 66 90 127 73 89 136 116 237 93 111 11 184 114 144 119 129 146 133 45 195 251 214 247 58],44759294
greedy/tai256c,2,44919188,307,1696362,1752,[156 224 116 158 45 80 131 82 102 242 110 16 209 125 108 254 153 93 15 62 149 248 246 90 206 51 185 139 84 122 168 164 134 19 170 21 231 54 24 218 173 99 237 203 56 192 7 10 198 87 79 195 97 144 49 73 28 60 235 227 47 252 34 188 220 216 105 43 69 136 112 212 146 143 13 166 223 75 178 1 41 229 129 4 183 119 161 39 181 36 233 191 199 182 23 230 113 40 6 3 25 247 174 151 104 123 35 64 37 127 180 48 88 236 128 167 20 187 179 244 249 52 253 176 162 214 228 95 98 157 17 83 71 120 155 138 150 55 57 96 238 42 130 234 61 240 70 121 78 154 232 133 241 205 124 255 197 140 251 53 169 190 0 159 5 12 59 46 148 33 38 2 81 245 31 222 186 65 9 202 171 177 26 106 201 132 250 89 243 66 94 118 200 219 204 63 208 111 14 226 145 44 175 207 221 50 194 135 18 189 215 115 137 68 165 211 160 27 184 85 126 58 8 239 86 213 77 91 92 103 32 210 172 114 11 142 225 152 193 141 100 109 107 74 67 147 196 101 22 29 30 76 163 117 72 217],[218 108 226 173 171 84 160 192 27 122 203 69 113 196 139 239 40 13 48 152 44 159 47 18 200 101 177 147 10 1 215 99 125 252 132 169 71 91 149 245 103 130 166 211 118 16 179 186 52 142 243 213 23 156 235 54 78 65 135 74 96 35 42 137 190 205 128 30 232 8 222 230 254 88 61 57 249 4 37 6 181 209 82 220 50 105 162 110 76 95 183 240 202 158 150 248 165 176 83 227 46 191 62 60 7 204 70 79 155 219 102 175 199 15 123 24 193 189 25 109 77 94 194 225 29 64 246 229 121 167 120 140 154 31 201 28 161 87 5 234 72 20 231 207 49 141 81 14 68 224 51 98 163 223 80 233 236 182 26 221 151 187 107 168 180 126 117 170 153 55 38 250 206 164 238 104 241 0 148 138 216 92 244 253 39 115 86 134 2 3 75 9 53 85 188 143 100 67 63 217 198 212 145 178 12 19 59 41 174 255 197 157 242 33 36 185 228 34 208 210 56 97 112 32 172 124 17 131 21 43 106 22 66 90 127 73 89 136 116 237 93 111 11 184 114 144 119 129 146 133 45 195 251 214 247 58],44759294
steepest/tai256c,2,44981554,49,1632000,1704,[44 131 161 42 121 146 148 37 112 166 141 0 46 102 223 106 31 93 4 176 111 66 83 174 212 170 246 139 88 71 34 242 133 220 61 22 100 54 27 218 172 97 237 144 32 193 7 231 198 91 79 195 85 136 49 74 189 76 168 227 10 187 51 201 235 248 124 252 119 210 57 153 163 143 13 206 80 233 255 17 114 229 151 19 183 68 126 40 181 216 25 224 247 9 23 75 35 140 110 249 3 232 147 103 28 123 207 16 36 48 162 135 134 190 128 167 20 15 178 8 94 52 84 145 95 253 228 254 132 157 1 82 98 5 155 208 62 56 41 96 238 43 164 236 47 55 70 116 78 154 213 149 241 234 185 240 197 142 12 53 169 105 113 159 244 90 60 30 226 33 38 2 230 245 6 222 202 65 251 77 171 87 26 122 204 150 250 89 243 186 130 118 200 219 205 63 86 138 14 156 175 177 203 214 221 50 194 215 120 188 81 115 137 104 165 211 160 225 184 64 127 58 24 239 129 107 180 108 92 69 39 209 173 99 11 191 182 152 192 125 199 109 158 73 67 18 196 101 21 45 29 59 179 117 72 217],[218 108 226 173 171 84 160 192 27 122 203 69 113 196 139 239 40 13 48 152 44 159 47 18 200 101 177 147 10 1 215 99 125 252 132 169 71 91 149 245 103 130 166 211 118 16 179 186 52 142 243 213 23 156 235 54 78 65 135 74 96 35 42 137 190 205 128 30 232 8 222 230 254 88 61 57 249 4 37 6 181 209 82 220 50 105 162 110 76 95 183 240 202 158 150 248 165 176 83 227 46 191 62 60 7 204 70 79 155 219 102 175 199 15 123 24 193 189 25 109 77 94 194 225 29 64 246 229 121 167 120 140 154 31 201 28 161 87 5 234 72 20 231 207 49 141 81 14 68 224 51 98 163 223 80 233 236 182 26 221 151 187 107 168 180 126 117 170 153 55 38 250 206 164 238 104 241 0 148 138 216 92 244 253 39 115 86 134 2 3 75 9 53 85 188 143 100 67 63 217 198 212 145 178 12 19 59 41 174 255 197 157 242 33 36 185 228 34 208 210 56 97 112 32 172 124 17 131 21 43 106 22 66 90 127 73 89 136 116 237 93 111 11 184 114 144 119 129 146 133 45 195 251 214 247 58],44759294
random/tai256c,2,49954124,33263,33263,1880,[20 0 143 65 126 53 34 113 155 172 206 103 110 45 101 51 70 159 178 197 226 220 89 52 252 209 129 3 76 254 27 245 134 57 132 14 173 231 150 235 239 61 4 131 250 164 44 87 78 32 81 246 153 48 213 160 200 170 120 139 122 233 124 80 151 67 249 41 182 114 169 176 215 217 128 59 202 15 162 146 95 33 224 84 74 104 37 156 149 8 22 18 66 109 157 117 163 115 133 63 31 177 175 229 138 195 137 39 1 219 241 60 218 56 116 253 35 23 158 118 161 19 79 191 189 100 168 242 174 46 207 236 16 92 55 181 225 36 88 171 105 96 75 83 112 179 238 12 107 199 13 185 68 125 140 127 2 135 62 227 58 183 40 145 38 208 166 93 228 136 64 180 142 25 91 123 73 17 243 192 203 223 234 187 47 205 165 86 152 201 94 211 71 230 82 9 28 237 30 196 108 148 97 43 184 69 130 141 222 204 144 255 26 24 54 147 167 186 119 193 29 50 240 190 21 90 98 106 111 210 248 42 154 198 244 212 188 221 214 77 232 85 247 99 251 194 10 102 49 7 216 5 121 72 11 6],[218 108 226 173 171 84 160 192 27 122 203 69 113 196 139 239 40 13 48 152 44 159 47 18 200 101 177 147 10 1 215 99 125 252 132 169 71 91 149 245 103 130 166 211 118 16 179 186 52 142 243 213 23 156 235 54 78 65 135 74 96 35 42 137 190 205 128 30 232 8 222 230 254 88 61 57 249 4 37 6 181 209 82 220 50 105 162 110 76 95 183 240 202 158 150 248 165 176 83 227 46 191 62 60 7 204 70 79 155 219 102 175 199 15 123 24 193 189 25 109 77 94 194 225 29 64 246 229 121 167 120 140 154 31 201 28 161 87 5 234 72 20 231 207 49 141 81 14 68 224 51 98 163 223 80 233 236 182 26 221 151 187 107 168 180 126 117 170 153 55 38 250 206 164 238 104 241 0 148 138 216 92 244 253 39 115 86 134 2 3 75 9 53 85 188 143 100 67 63 217 198 212 145 178 12 19 59 41 174 255 197 157 242 33 36 185 228 34 208 210 56 97 112 32 172 124 17 131 21 43 106 22 66 90 127 73 89 136 116 237 93 111 11 184 114 144 119 129 146 133 45 195 251 214 247 58],44759294
randomWalk/tai256c,2,53349662,2197673,2197673,1880,[114 135 156 9 87 168 61 54 182 7 45 64 152 133 117 18 49 8 241 35 209 179 185 247 107 92 177 71 51 36 223 21 164 248 240 69 144 84 222 252 101 134 178 180 212 88 218 27 157 204 176 213 160 239 148 139 187 66 30 112 94 15 53 145 42 174 159 201 109 125 163 108 249 194 13 44 85 232 105 0 46 99 63 16 25 47 34 195 67 155 97 230 154 245 229 43 250 41 149 198 129 141 59 106 3 142 158 220 32 254 77 175 38 4 251 57 122 169 93 211 138 217 203 226 123 153 235 192 26 31 147 24 130 23 100 90 74 39 120 98 17 197 183 48 124 12 224 29 1 207 143 6 91 219 151 214 136 216 205 170 200 102 111 210 128 81 79 253 196 113 95 126 82 162 167 119 33 227 237 52 22 137 62 208 55 165 188 96 233 121 58 70 37 116 78 225 75 110 50 215 231 173 65 83 40 184 10 14 118 127 60 181 73 238 140 89 150 234 86 161 199 11 115 221 186 132 193 19 103 68 206 131 5 76 189 255 191 202 72 171 56 166 172 104 28 246 243 244 146 80 190 242 236 2 20 228],[218 108 226 173 171 84 160 192 27 122 203 69 113 196 139 239 40 13 48 152 44 159 47 18 200 101 177 147 10 1 215 99 125 252 132 169 71 91 149 245 103 130 166 211 118 16 179 186 52 142 243 213 23 156 235 54 78 65 135 74 96 35 42 137 190 205 128 30 232 8 222 230 254 88 61 57 249 4 37 6 181 209 82 220 50 105 162 110 76 95 183 240 202 158 150 248 165 176 83 227 46 191 62 60 7 204 70 79 155 219 102 175 199 15 123 24 193 189 25 109 77 94 194 225 29 64 246 229 121 167 120 140 154 31 201 28 161 87 5 234 72 20 231 207 49 141 81 14 68 224 51 98 163 223 80 233 236 182 26 221 151 187 107 168 180 126 117 170 153 55 38 250 206 164 238 104 241 0 148 138 216 92 244 253 39 115 86 134 2 3 75 9 53 85 188 143 100 67 63 217 198 212 145 178 12 19 59 41 174 255 197 157 242 33 36 185 228 34 208 210 56 97 112 32 172 124 17 131 21 43 106 22 66 90 127 73 89 136 116 237 93 111 11 184 114 144 119 129 146 133 45 195 251 214 247 58],44759294
greedy/tai256c,3,44915252,270,1466299,1428,[236 143 35 188 96 54 218 205 56 71 7 211 113 216 164 156 166 126 1 85 94 132 184 98 92 223 152 103 161 147 226 178 190 10 79 158 3 228 253 22 233 181 141 213 18 121 251 130 58 196 37 45 138 20 75 203 33 192 81 186 245 169 248 230 62 73 31 175 48 50 68 109 12 14 83 88 209 106 149 100 171 60 118 240 24 144 123 199 135 238 27 41 30 154 155 42 177 131 29 254 6 102 76 214 26 16 225 241 34 139 107 46 49 120 99 119 163 201 104 125 95 170 32 13 93 47 91 19 212 191 237 55 182 52 246 227 148 23 255 116 221 145 69 67 157 70 142 204 51 173 243 11 65 234 232 159 195 114 151 198 38 101 176 150 86 165 146 206 129 189 4 78 64 235 122 134 200 197 0 15 82 229 5 87 202 90 72 153 239 185 112 249 180 224 84 210 162 80 59 74 36 40 231 160 2 179 168 187 167 128 242 63 207 110 97 61 57 194 208 111 124 21 77 17 136 172 25 174 127 217 43 44 183 9 140 115 193 220 222 244 219 137 133 108 66 252 28 105 117 8 250 89 247 39 215 53],[218 108 226 173 171 84 160 192 27 122 203 69 113 196 139 239 40 13 48 152 44 159 47 18 200 101 177 147 10 1 215 99 125 252 132 169 71 91 149 245 103 130 166 211 118 16 179 186 52 142 243 213 23 156 235 54 78 65 135 74 96 35 42 137 190 205 128 30 232 8 222 230 254 88 61 57 249 4 37 6 181 209 82 220 50 105 162 110 76 95 183 240 202 158 150 248 165 176 83 227 46 191 62 60 7 204 70 79 155 219 102 175 199 15 123 24 193 189 25 109 77 94 194 225 29 64 246 229 121 167 120 140 154 31 201 28 161 87 5 234 72 20 231 207 49 141 81 14 68 224 51 98 163 223 80 233 236 182 26 221 151 187 107 168 180 126 117 170 153 55 38 250 206 164 238 104 241 0 148 138 216 92 244 253 39 115 86 134 2 3 75 9 53 85 188 143 100 67 63 217 198 212 145 178 12 19 59 41 174 255 197 157 242 33 36 185 228 34 208 210 56 97 112 32 172 124 17 131 21 43 106 22 66 90 127 73 89 136 116 237 93 111 11 184 114 144 119 129 146 133 45 195 251 214 247 58],44759294
steepest/tai256c,3,44957640,51,1697280,1328,[56 141 47 253 65 62 214 179 210 124 128 162 225 186 103 88 135 7 1 85 192 115 132 205 242 16 152 4 127 147 82 177 191 9 130 158 75 138 217 22 248 181 156 229 19 120 251 58 34 236 95 29 27 37 51 188 12 113 96 169 234 184 227 199 54 90 71 160 48 68 110 92 223 15 246 173 231 107 149 100 171 44 118 240 24 105 77 196 166 238 41 219 222 76 155 209 33 131 45 254 154 102 10 178 106 241 112 163 42 123 176 46 49 93 99 119 198 79 104 142 36 170 32 255 83 202 91 226 212 190 30 55 182 52 245 233 148 23 193 116 221 228 39 67 125 70 204 6 69 187 139 11 206 235 232 159 218 114 151 200 38 157 35 134 86 165 146 81 129 189 50 78 64 80 122 167 26 197 0 14 31 213 5 87 164 73 72 153 239 201 220 249 180 224 84 194 145 126 59 74 20 40 230 175 2 43 168 203 150 161 101 63 207 109 97 61 57 195 208 144 98 21 94 17 136 172 25 174 143 216 211 60 183 111 140 66 185 237 13 244 3 137 133 108 243 252 28 89 117 8 250 121 247 18 215 53],[218 108 226 173 171 84 160 192 27 122 203 69 113 196 139 239 40 13 48 152 44 159 47 18 200 101 177 147 10 1 215 99 125 252 132 169 71 91 149 245 103 130 166 211 118 16 179 186 52 142 243 213 23 156 235 54 78 65 135 74 96 35 42 137 190 205 128 30 232 8 222 230 254 88 61 57 249 4 37 6 181 209 82 220 50 105 162 110 76 95 183 240 202 158 150 248 165 176 83 227 46 191 62 60 7 204 70 79 155 219 102 175 199 15 123 24 193 189 25 109 77 94 194 225 29 64 246 229 121 167 120 140 154 31 201 28 161 87 5 234 72 20 231 207 49 141 81 14 68 224 51 98 163 223 80 233 236 182 26 221 151 187 107 168 180 126 117 170 153 55 38 250 206 164 238 104 241 0 148 138 216 92 244 253 39 115 86 134 2 3 75 9 53 85 188 143 100 67 63 217 198 212 145 178 12 19 59 41 174 255 197 157 242 33 36 185 228 34 208 210 56 97 112 32 172 124 17 131 21 43 106 22 66 90 127 73 89 136 116 237 93 111 11 184 114 144 119 129 146 133 45 195 251 214 247 58],44759294
random/tai256c,3,50011698,36151,36151,1884,[205 149 139 8 135 95 70 21 92 109 64 25 117 120 68 79 124 178 181 156 128 42 242 121 107 74 17 229 127 23 131 103 99 33 185 150 19 221 148 207 232 65 153 198 10 160 218 86 62 197 111 249 240 54 186 43 38 71 238 255 168 138 146 231 254 167 184 224 46 237 132 125 247 45 35 201 228 187 190 24 173 98 14 16 76 11 56 210 209 142 162 235 244 253 119 143 140 180 29 219 75 239 206 217 170 113 214 112 20 118 44 172 194 39 163 47 87 212 88 230 183 4 189 9 250 78 213 49 191 0 161 7 193 102 155 154 94 157 141 61 110 246 60 159 41 165 22 192 80 55 126 174 195 215 196 204 152 3 59 236 158 100 115 1 176 34 200 50 166 179 2 18 31 199 52 182 151 134 91 202 93 164 222 97 15 67 73 226 77 130 5 90 227 147 245 96 63 136 48 129 252 89 144 30 106 114 225 216 243 248 69 241 101 188 177 211 108 105 169 40 36 137 37 51 81 72 123 26 32 208 122 6 28 12 53 233 104 220 203 27 83 223 84 145 234 58 251 82 171 175 85 13 133 66 116 57],[218 108 226 173 171 84 160 192 27 122 203 69 113 196 139 239 40 13 48 152 44 159 47 18 200 101 177 147 10 1 215 99 125 252 132 169 71 91 149 245 103 130 166 211 118 16 179 186 52 142 243 213 23 156 235 54 78 65 135 74 96 35 42 137 190 205 128 30 232 8 222 230 254 88 61 57 249 4 37 6 181 209 82 220 50 105 162 110 76 95 183 240 202 158 150 248 165 176 83 227 46 191 62 60 7 204 70 79 155 219 102 175 199 15 123 24 193 189 25 109 77 94 194 225 29 64 246 229 121 167 120 140 154 31 201 28 161 87 5 234 72 20 231 207 49 141 81 14 68 224 51 98 163 223 80 233 236 182 26 221 151 187 107 168 180 126 117 170 153 55 38 250 206 164 238 104 241 0 148 138 216 92 244 253 39 115 86 134 2 3 75 9 53 85 188 143 100 67 63 217 198 212 145 178 12 19 59 41 174 255 197 157 242 33 36 185 228 34 208 210 56 97 112 32 172 124 17 131 21 43 106 22 66 90 127 73 89 136 116 237 93 111 11 184 114 144 119 129 146 133 45 195 251 214 247 58],44759294
randomWalk/tai256c,3,56308058,2419063,2419063,1882,[45 211 55 34 241 68 52 219 150 127 126 155 19 202 176 246 56 143 36 171 11 165 199 3 245 118 217 156 100 148 63 71 239 123 177 208 240 97 46 25 124 39 13 212 214 69 152 195 88 228 102 201 26 32 169 250 86 128 142 170 224 41 193 175 53 81 223 144 227 18 198 101 197 2 84 188 203 140 135 141 17 115 1 4 43 14 38 117 145 136 87 168 186 10 164 132 238 172 232 249 74 147 77 37 149 95 47 178 226 120 105 233 134 35 94 20 174 8 23 207 159 248 16 9 210 160 187 181 82 251 184 111 139 215 96 235 103 194 167 48 51 90 108 29 231 236 60 50 234 83 70 138 89 213 57 76 205 5 185 204 113 122 131 30 80 112 133 179 247 66 121 114 173 72 166 200 119 125 21 107 75 206 163 183 99 7 157 85 229 146 79 24 15 182 180 230 254 73 209 161 243 6 54 110 255 244 253 98 190 221 61 218 237 137 12 252 222 58 242 65 192 44 33 78 106 191 64 67 31 225 27 91 22 40 0 109 153 151 49 196 104 93 62 162 189 220 129 92 28 158 116 42 216 59 154 130],[218 108 226 173 171 84 160 192 27 122 203 69 113 196 139 239 40 13 48 152 44 159 47 18 200 101 177 147 10 1 215 99 125 252 132 169 71 91 149 245 103 130 166 211 118 16 179 186 52 142 243 213 23 156 235 54 78 65 135 74 96 35 42 137 190 205 128 30 232 8 222 230 254 88 61 57 249 4 37 6 181 209 82 220 50 105 162 110 76 95 183 240 202 158 150 248 165 176 83 227 46 191 62 60 7 204 70 79 155 219 102 175 199 15 123 24 193 189 25 109 77 94 194 225 29 64 246 229 121 167 120 140 154 31 201 28 161 87 5 234 72 20 231 207 49 141 81 14 68 224 51 98 163 223 80 233 236 182 26 221 151 187 107 168 180 126 117 170 153 55 38 250 206 164 238 104 241 0 148 138 216 92 244 253 39 115 86 134 2 3 75 9 53 85 188 143 100 67 63 217 198 212 145 178 12 19 59 41 174 255 197 157 242 33 36 185 228 34 208 210 56 97 112 32 172 124 17 131 21 43 106 22 66 90 127 73 89 136 116 237 93 111 11 184 114 144 119 129 146 133 45 195 251 214 247 58],44759294
greedy/tai256c,4,44913872,342,1677488,1615,[132 112 122 80 14 107 35 146 65 174 109 47 124 42 207 163 119 100 77 87 197 75 161 215 45 73 62 90 249 245 185 40 136 194 151 115 232 168 48 234 204 4 200 50 94 12 230 25 222 212 172 21 67 129 159 85 170 18 153 180 236 251 189 165 242 16 240 227 1 27 117 157 111 55 52 219 202 8 139 134 209 38 70 142 182 253 104 6 98 176 239 60 68 141 69 66 140 150 133 22 82 144 86 103 218 88 24 158 3 71 120 41 2 156 224 179 123 231 246 214 99 184 228 0 83 37 28 186 223 125 39 79 53 51 58 183 81 173 252 169 108 91 160 29 26 147 152 137 43 203 36 250 101 74 193 148 216 49 127 17 118 59 155 78 19 247 76 220 149 46 57 72 110 198 116 105 93 164 143 211 95 205 9 97 192 241 154 217 92 196 11 102 191 84 244 190 255 135 187 248 243 167 61 229 63 34 121 113 233 235 178 23 201 188 5 32 175 20 210 30 166 181 33 221 226 195 64 171 96 213 128 238 15 138 225 114 145 13 126 89 206 131 31 130 237 10 54 208 7 56 177 199 106 162 254 44],[218 108 226 173 171 84 160 192 27 122 203 69 113 196 139 239 40 13 48 152 44 159 47 18 200 101 177 147 10 1 215 99 125 252 132 169 71 91 149 245 103 130 166 211 118 16 179 186 52 142 243 213 23 156 235 54 78 65 135 74 96 35 42 137 190 205 128 30 232 8 222 230 254 88 61 57 249 4 37 6 181 209 82 220 50 105 162 110 76 95 183 240 202 158 150 248 165 176 83 227 46 191 62 60 7 204 70 79 155 219 102 175 199 15 123 24 193 189 25 109 77 94 194 225 29 64 246 229 121 167 120 140 154 31 201 28 161 87 5 234 72 20 231 207 49 141 81 14 68 224 51 98 163 223 80 233 236 182 26 221 151 187 107 168 180 126 117 170 153 55 38 250 206 164 238 104 241 0 148 138 216 92 244 253 39 115 86 134 2 3 75 9 53 85 188 143 100 67 63 217 198 212 145 178 12 19 59 41 174 255 197 157 242 33 36 185 228 34 208 210 56 97 112 32 172 124 17 131 21 43 106 22 66 90 127 73 89 136 116 237 93 111 11 184 114 144 119 129 146 133 45 195 251 214 247 58],44759294
steepest/tai256c,4,44934792,48,1599360,2074,[221 114 4 155 110 170 131 229 48 53 125 173 92 116 202 179 242 44 75 107 249 8 182 214 29 112 62 159 164 149 231 38 253 194 212 99 217 121 246 234 238 10 56 50 208 14 191 41 86 134 199 129 97 236 68 73 168 1 151 206 204 251 65 16 82 77 255 227 95 27 101 90 187 71 21 136 185 23 140 146 119 138 58 142 197 35 104 18 177 160 225 47 127 25 228 167 158 252 103 178 165 67 141 180 218 120 34 163 175 55 88 24 124 154 224 239 87 247 81 215 115 176 72 0 6 172 28 186 12 144 39 2 52 51 241 183 220 109 3 169 85 91 207 45 26 147 152 137 123 219 36 250 193 74 145 203 216 49 111 17 150 59 245 78 19 237 94 205 189 76 57 139 230 198 100 105 93 148 143 211 22 83 232 43 108 223 70 153 79 196 11 102 69 84 184 222 240 135 118 248 243 106 61 244 63 33 96 113 233 235 254 40 201 188 5 32 174 20 210 30 166 181 66 161 226 195 64 171 46 213 128 122 132 190 80 98 156 13 126 89 37 117 31 130 133 9 54 209 7 42 157 200 192 162 15 60],[218 108 226 173 171 84 160 192 27 122 203 69 113 196 139 239 40 13 48 152 44 159 47 18 200 101 177 147 10 1 215 99 125 252 132 169 71 91 149 245 103 130 166 211 118 16 179 186 52 142 243 213 23 156 235 54 78 65 135 74 96 35 42 137 190 205 128 30 232 8 222 230 254 88 61 57 249 4 37 6 181 209 82 220 50 105 162 110 76 95 183 240 202 158 150 248 165 176 83 227 46 191 62 60 7 204 70 79 155 219 102 175 199 15 123 24 193 189 25 109 77 94 194 225 29 64 246 229 121 167 120 140 154 31 201 28 161 87 5 234 72 20 231 207 49 141 81 14 68 224 51 98 163 223 80 233 236 182 26 221 151 187 107 168 180 126 117 170 153 55 38 250 206 164 238 104 241 0 148 138 216 92 244 253 39 115 86 134 2 3 75 9 53 85 188 143 100 67 63 217 198 212 145 178 12 19 59 41 174 255 197 157 242 33 36 185 228 34 208 210 56 97 112 32 172 124 17 131 21 43 106 22 66 90 127 73 89 136 116 237 93 111 11 184 114 144 119 129 146 133 45 195 251 214 247 58],44759294
random/tai256c,4,49948352,23294,23294,1880,[160 171 146 5 255 253 248 226 206 117 95 48 87 174 108 243 88 197 110 199 37 24 40 106 185 7 69 1 133 212 125 68 16 154 32 172 216 225 177 45 238 44 148 249 14 94 127 91 198 112 115 73 42 222 66 25 179 12 219 62 215 163 165 153 150 121 147 194 181 191 142 151 122 55 93 97 71 214 4 203 207 158 67 10 59 103 100 210 136 246 36 102 28 223 178 53 96 159 20 251 186 205 39 126 129 152 170 183 221 156 77 140 116 145 22 84 137 56 64 132 58 29 113 82 175 149 131 34 180 169 168 105 254 134 72 0 190 217 54 30 15 176 139 157 237 173 247 224 218 19 83 119 141 123 144 138 135 184 250 8 90 107 80 41 60 13 124 92 213 235 208 227 231 242 211 57 9 202 99 228 128 196 11 229 111 162 188 89 167 241 63 79 76 31 143 51 204 104 43 118 161 239 46 35 182 209 236 192 164 2 155 114 86 65 74 245 200 232 23 234 78 201 120 230 166 244 3 193 27 220 18 47 189 130 49 101 81 52 70 26 21 187 61 195 6 233 50 17 38 252 75 109 33 98 85 240],[218 108 226 173 171 84 160 192 27 122 203 69 113 196 139 239 40 13 48 152 44 159 47 18 200 101 177 147 10 1 215 99 125 252 132 169 71 91 149 245 103 130 166 211 118 16 179 186 52 142 243 213 23 156 235 54 78 65 135 74 96 35 42 137 190 205 128 30 232 8 222 230 254 88 61 57 249 4 37 6 181 209 82 220 50 105 162 110 76 95 183 240 202 158 150 248 165 176 83 227 46 191 62 60 7 204 70 79 155 219 102 175 199 15 123 24 193 189 25 109 77 94 194 225 29 64 246 229 121 167 120 140 154 31 201 28 161 87 5 234 72 20 231 207 49 141 81 14 68 224 51 98 163 223 80 233 236 182 26 221 151 187 107 168 180 126 117 170 153 55 38 250 206 164 238 104 241 0 148 138 216 92 244 253 39 115 86 134 2 3 75 9 53 85 188 143 100 67 63 217 198 212 145 178 12 19 59 41 174 255 197 157 242 33 36 185 228 34 208 210 56 97 112 32 172 124 17 131 21 43 106 22 66 90 127 73 89 136 116 237 93 111 11 184 114 144 119 129 146 133 45 195 251 214 247 58],44759294
randomWalk/tai256c,4,55472652,1569665,1569665,1880,[177 251 136 231 56 30 2 65 97 11 244 144 108 95 74 154 77 72 47 143 41 247 113 3 196 172 62 145 232 67 166 76 9 175 28 171 24 91 237 61 152 219 227 75 255 157 45 98 46 151 194 48 240 110 63 216 81 221 241 173 19 102 150 106 132 126 78 71 199 185 158 212 214 133 178 8 250 239 64 4 159 131 149 107 109 38 215 73 207 134 40 224 148 242 253 195 233 31 211 201 90 205 88 197 155 111 130 123 168 176 87 10 53 59 13 121 140 189 117 12 191 179 103 137 230 135 60 228 112 186 198 248 6 100 147 29 167 21 213 238 16 54 26 202 114 124 43 7 245 204 217 44 174 116 220 161 208 50 169 188 36 17 42 83 218 37 23 180 129 139 15 22 206 252 182 52 141 5 153 84 190 35 69 119 229 0 70 128 142 105 57 254 243 14 89 138 92 200 125 27 51 104 234 94 1 85 32 118 181 99 210 120 93 160 34 163 170 55 39 18 33 49 184 101 79 193 183 192 222 68 236 209 164 156 162 20 58 96 246 115 187 127 223 146 249 203 80 25 66 225 86 82 122 235 165 226],[218 108 226 173 171 84 160 192 27 122 203 69 113 196 139 239 40 13 48 152 44 159 47 18 200 101 177 147 10 1 215 99 125 252 132 169 71 91 149 245 103 130 166 211 118 16 179 186 52 142 243 213 23 156 235 54 78 65 135 74 96 35 42 137 190 205 128 30 232 8 222 230 254 88 61 57 249 4 37 6 181 209 82 220 50 105 162 110 76 95 183 240 202 158 150 248 165 176 83 227 46 191 62 60 7 204 70 79 155 219 102 175 199 15 123 24 193 189 25 109 77 94 194 225 29 64 246 229 121 167 120 140 154 31 201 28 161 87 5 234 72 20 231 207 49 141 81 14 68 224 51 98 163 223 80 233 236 182 26 221 151 187 107 168 180 126 117 170 153 55 38 250 206 164 238 104 241 0 148 138 216 92 244 253 39 115 86 134 2 3 75 9 53 85 188 143 100 67 63 217 198 212 145 178 12 19 59 41 174 255 197 157 242 33 36 185 228 34 208 210 56 97 112 32 172 124 17 131 21 43 106 22 66 90 127 73 89 136 116 237 93 111 11 184 114 144 119 129 146 133 45 195 251 214 247 58],44759294
greedy/tai256c,5,44933124,323,1993617,2665,[244 222 214 160 49 196 24 1 187 135 211 199 31 105 248 66 219 42 75 114 239 152 157 140 172 36 116 95 61 51 233 225 123 184 18 7 64 242 159 99 202 81 32 169 128 229 181 90 126 240 246 57 27 109 254 3 44 53 87 166 12 46 118 138 164 177 78 131 84 21 120 174 149 92 236 216 38 155 101 70 251 55 9 29 194 162 208 145 207 72 205 96 127 134 45 209 234 175 193 13 221 167 237 150 200 103 218 142 146 47 224 158 88 223 249 56 170 161 108 17 143 204 235 178 10 33 14 206 197 136 132 93 253 226 117 65 15 245 73 71 98 74 85 241 62 26 40 129 125 115 20 153 48 23 144 0 255 180 30 68 203 5 191 112 39 243 22 186 213 201 77 69 220 188 195 232 41 79 190 83 238 102 182 16 80 97 124 185 183 192 37 2 11 147 137 247 173 210 59 121 91 148 104 94 139 34 58 28 82 100 151 113 60 227 250 122 141 89 228 212 217 189 252 176 230 110 54 25 76 165 215 8 6 4 43 111 163 63 231 130 168 35 106 52 86 156 50 19 107 119 198 133 154 67 179 171],[218 108 226 173 171 84 160 192 27 122 203 69 113 196 139 239 40 13 48 152 44 159 47 18 200 101 177 147 10 1 215 99 125 252 132 169 71 91 149 245 103 130 166 211 118 16 179 186 52 142 243 213 23 156 235 54 78 65 135 74 96 35 42 137 190 205 128 30 232 8 222 230 254 88 61 57 249 4 37 6 181 209 82 220 50 105 162 110 76 95 183 240 202 158 150 248 165 176 83 227 46 191 62 60 7 204 70 79 155 219 102 175 199 15 123 24 193 189 25 109 77 94 194 225 29 64 246 229 121 167 120 140 154 31 201 28 161 87 5 234 72 20 231 207 49 141 81 14 68 224 51 98 163 223 80 233 236 182 26 221 151 187 107 168 180 126 117 170 153 55 38 250 206 164 238 104 241 0 148 138 216 92 244 253 39 115 86 134 2 3 75 9 53 85 188 143 100 67 63 217 198 212 145 178 12 19 59 41 174 255 197 157 242 33 36 185 228 34 208 210 56 97 112 32 172 124 17 131 21 43 106 22 66 90 127 73 89 136 116 237 93 111 11 184 114 144 119 129 146 133 45 195 251 214 247 58],44759294
steepest/tai256c,5,44971056,41,1370880,1892,[216 34 20 113 110 199 64 234 211 121 193 171 66 37 222 78 75 29 128 162 10 58 176 141 3 108 207 196 61 12 249 184 90 188 17 22 127 226 31 99 202 81 241 169 247 229 181 130 244 239 0 73 27 46 44 104 251 167 87 150 41 95 102 51 164 159 93 147 68 5 135 174 133 152 237 254 32 123 85 70 156 39 8 116 219 214 208 145 179 56 205 138 236 83 65 115 23 18 112 137 217 103 7 35 15 166 218 100 195 101 240 170 88 144 233 72 79 136 139 42 175 204 235 178 26 33 14 206 197 119 132 187 252 243 117 177 213 245 57 71 98 74 248 242 62 92 24 129 124 191 36 153 105 225 160 1 255 180 30 84 203 21 223 96 55 209 38 186 246 125 77 69 220 13 250 232 40 48 190 221 238 118 182 16 80 97 140 185 183 192 198 2 11 131 253 142 173 210 63 91 107 149 47 94 155 45 59 28 82 134 151 126 60 194 231 106 157 89 228 212 114 189 53 224 230 109 54 25 76 165 215 9 6 4 43 111 163 227 158 161 168 200 122 52 86 50 49 19 143 120 146 148 154 67 201 172],[218 108 226 173 171 84 160 192 27 122 203 69 113 196 139 239 40 13 48 152 44 159 47 18 200 101 177 147 10 1 215 99 125 252 132 169 71 91 149 245 103 130 166 211 118 16 179 186 52 142 243 213 23 156 235 54 78 65 135 74 96 35 42 137 190 205 128 30 232 8 222 230 254 88 61 57 249 4 37 6 181 209 82 220 50 105 162 110 76 95 183 240 202 158 150 248 165 176 83 227 46 191 62 60 7 204 70 79 155 219 102 175 199 15 123 24 193 189 25 109 77 94 194 225 29 64 246 229 121 167 120 140 154 31 201 28 161 87 5 234 72 20 231 207 49 141 81 14 68 224 51 98 163 223 80 233 236 182 26 221 151 187 107 168 180 126 117 170 153 55 38 250 206 164 238 104 241 0 148 138 216 92 244 253 39 115 86 134 2 3 75 9 53 85 188 143 100 67 63 217 198 212 145 178 12 19 59 41 174 255 197 157 242 33 36 185 228 34 208 210 56 97 112 32 172 124 17 131 21 43 106 22 66 90 127 73 89 136 116 237 93 111 11 184 114 144 119 129 146 133 45 195 251 214 247 58],44759294
random/tai256c,5,49909284,24860,24860,1880,[79 85 140 125 102 24 178 81 247 220 235 83 155 3 88 170 214 221 0 113 141 223 27 71 164 33 135 73 118 244 143 87 226 5 253 122 169 35 197 130 195 92 56 47 10 115 180 65 230 120 100 78 21 153 111 132 13 234 147 148 48 158 249 206 175 165 152 159 42 157 231 53 176 239 213 156 183 38 209 76 184 36 93 80 187 201 228 172 162 57 45 60 20 72 67 101 227 240 95 145 124 133 96 11 75 218 245 39 163 194 204 127 109 243 246 31 128 150 30 63 212 222 254 238 104 188 32 160 1 77 225 70 207 210 66 107 26 166 114 129 110 6 29 198 171 4 242 99 189 123 126 98 137 61 167 44 94 199 193 174 144 151 49 136 131 149 50 255 182 236 252 64 41 177 89 58 17 161 84 103 139 52 134 14 22 34 62 15 108 18 46 112 28 12 211 54 216 19 69 237 86 121 146 74 168 25 202 208 219 142 191 90 23 40 55 138 241 9 203 116 51 229 186 154 173 2 224 91 59 205 233 43 8 217 68 248 106 179 196 232 37 200 185 117 181 119 7 105 82 97 250 16 192 251 215 190],[218 108 226 173 171 84 160 192 27 122 203 69 113 196 139 239 40 13 48 152 44 159 47 18 200 101 177 147 10 1 215 99 125 252 132 169 71 91 149 245 103 130 166 211 118 16 179 186 52 142 243 213 23 156 235 54 78 65 135 74 96 35 42 137 190 205 128 30 232 8 222 230 254 88 61 57 249 4 37 6 181 209 82 220 50 105 162 110 76 95 183 240 202 158 150 248 165 176 83 227 46 191 62 60 7 204 70 79 155 219 102 175 199 15 123 24 193 189 25 109 77 94 194 225 29 64 246 229 121 167 120 140 154 31 201 28 161 87 5 234 72 20 231 207 49 141 81 14 68 224 51 98 163 223 80 233 236 182 26 221 151 187 107 168 180 126 117 170 153 55 38 250 206 164 238 104 241 0 148 138 216 92 244 253 39 115 86 134 2 3 75 9 53 85 188 143 100 67 63 217 198 212 145 178 12 19 59 41 174 255 197 157 242 33 36 185 228 34 208 210 56 97 112 32 172 124 17 131 21 43 106 22 66 90 127 73 89 136 116 237 93 111 11 184 114 144 119 129 146 133 45 195 251 214 247 58],44759294
randomWalk/tai256c,5,55191416,1658454,1658454,1880,[217 104 49 55 142 1 24 47 251 149 9 197 242 209 20 67 160 25 213 181 164 5 108 224 140 70 124 35 69 226 91 234 111 185 52 0 65 227 27 106 125 176 30 10 152 130 107 39 127 171 44 74 78 249 18 89 154 250 58 120 94 3 112 188 90 207 143 137 243 80 203 22 177 131 41 132 155 211 180 212 73 36 14 193 165 16 128 86 196 158 83 56 202 61 244 57 109 168 248 102 64 72 228 198 163 88 11 173 150 77 38 51 199 153 179 17 50 46 99 236 235 172 92 187 174 229 8 133 231 33 186 147 63 95 60 98 126 75 218 37 200 103 93 54 23 6 110 156 253 246 87 71 21 100 190 12 255 76 208 230 245 113 151 214 238 32 96 62 216 175 34 141 201 144 184 233 239 189 43 26 247 129 117 145 4 134 119 167 122 40 121 220 157 183 114 59 192 2 29 116 221 139 15 210 223 252 123 31 194 219 28 42 136 45 118 166 66 13 169 82 241 178 161 215 85 101 138 159 81 48 7 191 232 115 135 19 53 205 105 204 206 254 170 195 222 84 237 240 225 182 146 97 148 68 162 79],[218 108 226 173 171 84 160 192 27 122 203 69 113 196 139 239 40 13 48 152 44 159 47 18 200 101 177 147 10 1 215 99 125 252 132 169 71 91 149 245 103 130 166 211 118 16 179 186 52 142 243 213 23 156 235 54 78 65 135 74 96 35 42 137 190 205 128 30 232 8 222 230 254 88 61 57 249 4 37 6 181 209 82 220 50 105 162 110 76 95 183 240 202 158 150 248 165 176 83 227 46 191 62 60 7 204 70 79 155 219 102 175 199 15 123 24 193 189 25 109 77 94 194 225 29 64 246 229 121 167 120 140 154 31 201 28 161 87 5 234 72 20 231 207 49 141 81 14 68 224 51 98 163 223 80 233 236 182 26 221 151 187 107 168 180 126 117 170 153 55 38 250 206 164 238 104 241 0 148 138 216 92 244 253 39 115 86 134 2 3 75 9 53 85 188 143 100 67 63 217 198 212 145 178 12 19 59 41 174 255 197 157 242 33 36 185 228 34 208 210 56 97 112 32 172 124 17 131 21 43 106 22 66 90 127 73 89 136 116 237 93 111 11 184 114 144 119 129 146 133 45 195 251 214 247 58],44759294
greedy/tai256c,6,44922752,284,1584960,1614,[182 46 214 155 229 69 75 29 41 35 108 255 253 60 185 177 165 43 32 101 96 189 146 55 125 151 233 168 218 225 148 129 238 95 203 196 179 223 26 206 235 123 81 14 93 118 159 3 64 63 136 157 127 170 138 78 52 211 199 220 216 17 50 242 89 133 23 83 11 103 58 38 121 86 142 20 98 194 72 116 131 244 191 192 250 160 172 6 247 8 106 0 164 140 97 94 80 122 180 90 62 115 137 175 154 7 12 188 48 221 205 147 254 248 169 212 37 181 51 42 104 193 4 18 190 227 119 173 241 231 68 25 144 15 202 105 71 210 40 77 156 222 149 217 102 44 49 141 152 22 91 21 126 178 61 150 114 134 59 53 13 84 213 234 56 252 10 153 47 107 88 70 54 249 187 67 33 110 76 240 111 243 1 176 92 204 19 28 208 197 9 230 167 251 219 45 2 36 237 145 132 130 201 184 85 135 5 171 186 183 246 99 109 24 195 239 57 162 166 117 87 209 236 232 161 245 73 228 198 65 31 120 113 39 163 16 30 66 79 128 34 124 224 100 27 226 112 143 74 207 215 82 200 139 158 174],[218 108 226 173 171 84 160 192 27 122 203 69 113 196 139 239 40 13 48 152 44 159 47 18 200 101 177 147 10 1 215 99 125 252 132 169 71 91 149 245 103 130 166 211 118 16 179 186 52 142 243 213 23 156 235 54 78 65 135 74 96 35 42 137 190 205 128 30 232 8 222 230 254 88 61 57 249 4 37 6 181 209 82 220 50 105 162 110 76 95 183 240 202 158 150 248 165 176 83 227 46 191 62 60 7 204 70 79 155 219 102 175 199 15 123 24 193 189 25 109 77 94 194 225 29 64 246 229 121 167 120 140 154 31 201 28 161 87 5 234 72 20 231 207 49 141 81 14 68 224 51 98 163 223 80 233 236 182 26 221 151 187 107 168 180 126 117 170 153 55 38 250 206 164 238 104 241 0 148 138 216 92 244 253 39 115 86 134 2 3 75 9 53 85 188 143 100 67 63 217 198 212 145 178 12 19 59 41 174 255 197 157 242 33 36 185 228 34 208 210 56 97 112 32 172 124 17 131 21 43 106 22 66 90 127 73 89 136 116 237 93 111 11 184 114 144 119 129 146 133 45 195 251 214 247 58],44759294
steepest/tai256c,6,44955334,36,1207680,1261,[35 14 238 41 136 213 61 157 9 107 240 186 253 227 93 11 46 58 223 191 113 148 230 174 5 151 247 24 217 225 128 145 72 124 98 196 179 166 44 104 235 29 32 159 110 119 26 63 39 181 232 162 127 139 154 78 3 177 199 205 203 87 50 17 184 133 22 169 131 85 80 65 121 54 142 20 75 210 188 116 83 244 102 192 250 242 171 68 37 220 90 31 155 105 19 95 103 122 114 221 62 147 248 60 118 7 168 89 228 212 165 123 236 67 56 234 1 49 51 43 10 193 4 18 218 100 202 173 241 129 38 190 144 180 12 254 59 194 137 77 40 206 149 97 185 115 81 141 152 23 91 21 126 178 6 150 140 134 101 53 13 231 214 70 57 182 25 153 47 108 88 160 55 249 187 208 33 233 76 92 111 243 0 176 48 52 2 28 207 197 138 229 167 251 219 45 71 36 237 175 132 130 201 222 69 135 255 170 64 183 246 99 109 8 195 239 42 146 106 117 86 209 252 216 161 245 73 211 198 15 156 120 96 204 163 16 30 66 79 164 34 125 224 84 27 226 112 143 74 189 215 82 200 172 158 94],[218 108 226 173 171 84 160 192 27 122 203 69 113 196 139 239 40 13 48 152 44 159 47 18 200 101 177 147 10 1 215 99 125 252 132 169 71 91 149 245 103 130 166 211 118 16 179 186 52 142 243 213 23 156 235 54 78 65 135 74 96 35 42 137 190 205 128 30 232 8 222 230 254 88 61 57 249 4 37 6 181 209 82 220 50 105 162 110 76 95 183 240 202 158 150 248 165 176 83 227 46 191 62 60 7 204 70 79 155 219 102 175 199 15 123 24 193 189 25 109 77 94 194 225 29 64 246 229 121 167 120 140 154 31 201 28 161 87 5 234 72 20 231 207 49 141 81 14 68 224 51 98 163 223 80 233 236 182 26 221 151 187 107 168 180 126 117 170 153 55 38 250 206 164 238 104 241 0 148 138 216 92 244 253 39 115 86 134 2 3 75 9 53 85 188 143 100 67 63 217 198 212 145 178 12 19 59 41 174 255 197 157 242 33 36 185 228 34 208 210 56 97 112 32 172 124 17 131 21 43 106 22 66 90 127 73 89 136 116 237 93 111 11 184 114 144 119 129 146 133 45 195 251 214 247 58],44759294
random/tai256c,6,49904810,30746,30746,1881,[86 85 67 11 106 114 163 64 91 54 183 188 41 2 134 207 200 118 112 102 109 224 40 170 116 187 176 36 65 252 138 193 221 156 89 244 174 155 132 120 210 17 81 223 33 98 206 177 232 246 235 147 53 229 143 111 123 133 15 151 228 48 225 130 158 238 22 239 20 50 46 105 145 215 73 28 217 212 219 10 14 180 234 191 25 92 59 125 93 213 4 8 18 71 6 205 248 77 7 231 76 242 21 135 241 179 115 78 192 172 127 154 178 144 35 66 136 245 209 96 128 195 227 19 45 49 58 201 160 249 157 24 240 124 61 211 27 110 42 87 142 126 32 95 1 83 220 108 150 101 208 171 222 80 107 82 165 100 190 117 129 148 75 250 94 60 90 236 30 121 233 141 153 88 84 139 29 12 72 97 152 37 166 161 52 197 43 55 162 189 196 247 185 68 70 237 202 137 79 119 164 51 159 13 168 218 74 203 26 181 194 146 182 23 198 47 69 38 62 34 255 169 9 167 122 226 5 186 16 243 199 175 230 3 253 204 63 173 140 104 251 31 184 57 113 254 149 0 131 214 99 216 103 56 39 44],[218 108 226 173 171 84 160 192 27 122 203 69 113 196 139 239 40 13 48 152 44 159 47 18 200 101 177 147 10 1 215 99 125 252 132 169 71 91 149 245 103 130 166 211 118 16 179 186 52 142 243 213 23 156 235 54 78 65 135 74 96 35 42 137 190 205 128 30 232 8 222 230 254 88 61 57 249 4 37 6 181 209 82 220 50 105 162 110 76 95 183 240 202 158 150 248 165 176 83 227 46 191 62 60 7 204 70 79 155 219 102 175 199 15 123 24 193 189 25 109 77 94 194 225 29 64 246 229 121 167 120 140 154 31 201 28 161 87 5 234 72 20 231 207 49 141 81 14 68 224 51 98 163 223 80 233 236 182 26 221 151 187 107 168 180 126 117 170 153 55 38 250 206 164 238 104 241 0 148 138 216 92 244 253 39 115 86 134 2 3 75 9 53 85 188 143 100 67 63 217 198 212 145 178 12 19 59 41 174 255 197 157 242 33 36 185 228 34 208 210 56 97 112 32 172 124 17 131 21 43 106 22 66 90 127 73 89 136 116 237 93 111 11 184 114 144 119 129 146 133 45 195 251 214 247 58],44759294
randomWalk/tai256c,6,51575530,2115414,2115414,1880,[226 99 109 52 199 174 241 91 87 228 23 63 113 176 182 97 45 137 217 43 16 204 132 155 106 89 247 142 21 93 231 210 249 180 27 152 150 95 224 149 179 88 49 96 56 105 76 0 230 57 85 235 123 102 186 34 104 166 125 65 145 252 232 172 117 143 55 187 41 209 163 138 115 12 248 69 86 221 112 15 90 5 36 192 201 1 44 219 17 79 8 214 190 225 243 29 253 144 196 126 74 35 77 151 133 54 188 47 254 19 122 245 18 71 202 154 48 156 177 101 244 242 26 218 75 236 183 194 148 14 216 81 131 233 73 157 237 3 205 68 7 66 130 250 100 255 119 195 33 211 165 62 173 175 9 181 153 94 42 200 108 198 46 220 229 169 251 185 4 184 246 120 234 10 72 39 37 170 240 167 124 20 223 161 238 13 2 67 134 139 83 141 140 38 127 191 51 30 25 24 84 171 212 28 160 129 222 239 40 58 92 146 213 178 116 197 164 60 6 98 31 114 135 168 158 22 11 32 193 59 107 121 159 50 208 162 207 136 103 189 203 70 53 111 215 78 64 110 147 128 61 206 82 80 227 118],[218 108 226 173 171 84 160 192 27 122 203 69 113 196 139 239 40 13 48 152 44 159 47 18 200 101 177 147 10 1 215 99 125 252 132 169 71 91 149 245 103 130 166 211 118 16 179 186 52 142 243 213 23 156 235 54 78 65 135 74 96 35 42 137 190 205 128 30 232 8 222 230 254 88 61 57 249 4 37 6 181 209 82 220 50 105 162 110 76 95 183 240 202 158 150 248 165 176 83 227 46 191 62 60 7 204 70 79 155 219 102 175 199 15 123 24 193 189 25 109 77 94 194 225 29 64 246 229 121 167 120 140 154 31 201 28 161 87 5 234 72 20 231 207 49 141 81 14 68 224 51 98 163 223 80 233 236 182 26 221 151 187 107 168 180 126 117 170 153 55 38 250 206 164 238 104 241 0 148 138 216 92 244 253 39 115 86 134 2 3 75 9 53 85 188 143 100 67 63 217 198 212 145 178 12 19 59 41 174 255 197 157 242 33 36 185 228 34 208 210 56 97 112 32 172 124 17 131 21 43 106 22 66 90 127 73 89 136 116 237 93 111 11 184 114 144 119 129 146 133 45 195 251 214 247 58],44759294
greedy/tai256c,7,44983382,266,1385215,1201,[9 34 84 172 164 181 69 203 65 146 184 179 120 14 211 192 74 2 255 29 114 199 0 158 135 22 213 152 206 71 143 76 93 233 111 245 59 4 52 252 137 62 80 91 117 144 196 230 250 125 97 44 47 155 218 238 56 89 99 19 39 122 235 11 186 132 175 166 108 140 216 223 149 221 26 247 225 48 129 41 189 169 194 243 103 177 67 79 17 86 37 24 141 205 42 102 55 3 105 81 156 150 139 167 142 58 87 100 77 162 246 7 207 147 18 49 127 109 242 32 134 217 27 66 121 231 254 78 237 165 106 241 107 36 31 214 159 182 119 227 153 226 51 128 126 54 57 5 219 63 50 104 178 197 171 188 116 208 229 118 185 101 21 53 133 138 249 200 212 222 61 28 6 236 215 30 198 45 64 176 110 154 8 46 72 68 244 13 35 25 170 113 191 193 251 157 92 168 60 124 232 136 202 115 163 209 228 210 98 90 248 201 85 112 73 190 88 83 95 82 174 43 12 161 240 173 40 183 96 234 131 70 10 220 204 38 16 180 145 20 15 187 123 239 23 160 148 130 75 195 1 224 151 94 33 253],[218 108 226 173 171 84 160 192 27 122 203 69 113 196 139 239 40 13 48 152 44 159 47 18 200 101 177 147 10 1 215 99 125 252 132 169 71 91 149 245 103 130 166 211 118 16 179 186 52 142 243 213 23 156 235 54 78 65 135 74 96 35 42 137 190 205 128 30 232 8 222 230 254 88 61 57 249 4 37 6 181 209 82 220 50 105 162 110 76 95 183 240 202 158 150 248 165 176 83 227 46 191 62 60 7 204 70 79 155 219 102 175 199 15 123 24 193 189 25 109 77 94 194 225 29 64 246 229 121 167 120 140 154 31 201 28 161 87 5 234 72 20 231 207 49 141 81 14 68 224 51 98 163 223 80 233 236 182 26 221 151 187 107 168 180 126 117 170 153 55 38 250 206 164 238 104 241 0 148 138 216 92 244 253 39 115 86 134 2 3 75 9 53 85 188 143 100 67 63 217 198 212 145 178 12 19 59 41 174 255 197 157 242 33 36 185 228 34 208 210 56 97 112 32 172 124 17 131 21 43 106 22 66 90 127 73 89 136 116 237 93 111 11 184 114 144 119 129 146 133 45 195 251 214 247 58],44759294
steepest/tai256c,7,44940504,41,1370880,1393,[154 193 243 208 37 176 106 203 116 129 184 220 69 237 169 210 131 58 99 44 96 181 173 15 134 61 196 151 205 120 114 228 24 127 22 245 9 4 146 12 137 76 190 91 101 30 109 213 95 179 240 7 47 171 218 199 250 89 55 35 144 65 235 72 201 82 175 166 164 156 216 248 149 222 27 124 225 48 142 41 139 18 254 52 103 161 33 78 1 86 67 231 217 56 241 102 100 29 87 39 140 59 122 150 128 121 192 110 77 153 232 8 80 147 165 49 158 214 2 32 36 6 26 194 71 215 125 242 238 3 135 251 189 42 31 230 159 182 119 227 34 226 68 10 126 62 57 246 219 63 50 104 178 198 155 93 255 66 229 118 185 117 21 53 133 138 43 200 212 221 74 28 23 236 112 108 253 45 64 5 111 209 162 46 105 54 244 13 19 25 170 113 191 107 188 157 92 168 60 141 233 136 202 115 163 167 223 14 97 90 249 186 85 143 73 207 88 83 79 98 174 211 11 177 0 172 40 183 84 234 197 70 51 206 204 38 16 180 145 20 81 187 123 239 132 160 148 130 75 195 17 224 152 94 247 252],[218 108 226 173 171 84 160 192 27 122 203 69 113 196 139 239 40 13 48 152 44 159 47 18 200 101 177 147 10 1 215 99 125 252 132 169 71 91 149 245 103 130 166 211 118 16 179 186 52 142 243 213 23 156 235 54 78 65 135 74 96 35 42 137 190 205 128 30 232 8 222 230 254 88 61 57 249 4 37 6 181 209 82 220 50 105 162 110 76 95 183 240 202 158 150 248 165 176 83 227 46 191 62 60 7 204 70 79 155 219 102 175 199 15 123 24 193 189 25 109 77 94 194 225 29 64 246 229 121 167 120 140 154 31 201 28 161 87 5 234 72 20 231 207 49 141 81 14 68 224 51 98 163 223 80 233 236 182 26 221 151 187 107 168 180 126 117 170 153 55 38 250 206 164 238 104 241 0 148 138 216 92 244 253 39 115 86 134 2 3 75 9 53 85 188 143 100 67 63 217 198 212 145 178 12 19 59 41 174 255 197 157 242 33 36 185 228 34 208 210 56 97 112 32 172 124 17 131 21 43 106 22 66 90 127 73 89 136 116 237 93 111 11 184 114 144 119 129 146 133 45 195 251 214 247 58],44759294
random/tai256c,7,49368800,30346,30346,1880,[132 105 28 174 253 145 207 218 243 153 220 248 71 89 150 62 58 126 27 237 217 181 12 124 199 84 202 30 88 121 7 189 163 191 185 18 14 226 143 182 60 109 21 224 140 17 52 103 135 213 20 196 114 86 0 215 48 179 242 34 113 65 3 223 239 250 146 183 245 51 1 156 101 97 91 159 235 111 24 176 154 169 149 161 55 172 187 94 212 98 37 77 157 184 11 8 125 102 49 26 59 162 206 240 13 192 228 64 158 99 80 67 63 190 78 107 254 90 95 252 186 232 241 115 43 92 100 198 147 73 160 236 5 79 42 23 85 70 246 200 75 76 54 208 238 81 230 251 165 44 209 104 167 96 214 118 46 216 40 123 141 66 175 210 61 41 148 234 188 231 127 16 136 164 106 194 255 22 171 144 133 142 229 38 57 69 177 50 45 211 180 233 205 35 166 6 222 83 137 225 117 138 152 93 112 204 36 151 155 33 68 122 116 29 47 219 32 227 15 87 168 195 178 203 2 4 31 74 82 249 9 53 10 39 173 120 19 247 139 128 221 170 244 131 193 56 197 134 110 201 130 108 72 25 119 129],[218 108 226 173 171 84 160 192 27 122 203 69 113 196 139 239 40 13 48 152 44 159 47 18 200 101 177 147 10 1 215 99 125 252 132 169 71 91 149 245 103 130 166 211 118 16 179 186 52 142 243 213 23 156 235 54 78 65 135 74 96 35 42 137 190 205 128 30 232 8 222 230 254 88 61 57 249 4 37 6 181 209 82 220 50 105 162 110 76 95 183 240 202 158 150 248 165 176 83 227 46 191 62 60 7 204 70 79 155 219 102 175 199 15 123 24 193 189 25 109 77 94 194 225 29 64 246 229 121 167 120 140 154 31 201 28 161 87 5 234 72 20 231 207 49 141 81 14 68 224 51 98 163 223 80 233 236 182 26 221 151 187 107 168 180 126 117 170 153 55 38 250 206 164 238 104 241 0 148 138 216 92 244 253 39 115 86 134 2 3 75 9 53 85 188 143 100 67 63 217 198 212 145 178 12 19 59 41 174 255 197 157 242 33 36 185 228 34 208 210 56 97 112 32 172 124 17 131 21 43 106 22 66 90 127 73 89 136 116 237 93 111 11 184 114 144 119 129 146 133 45 195 251 214 247 58],44759294
randomWalk/tai256c,7,54851964,2322723,2322723,1880,[183 171 29 54 134 44 13 120 34 100 181 195 27 87 32 24 177 244 237 46 62 91 131 227 18 71 103 94 47 111 159 38 128 99 117 28 136 189 96 3 163 160 115 114 249 90 57 216 162 2 188 137 107 145 19 185 42 67 21 51 56 116 191 247 135 255 143 206 76 221 130 202 165 50 248 63 226 81 118 61 192 238 175 85 66 153 30 31 205 10 35 86 17 146 147 198 144 84 65 200 5 20 242 4 207 113 124 219 138 77 68 243 33 223 26 169 126 187 196 220 190 129 74 234 125 55 231 222 59 6 82 97 228 217 154 98 23 40 232 218 132 157 36 60 252 83 174 224 7 173 45 209 251 250 229 88 70 79 112 172 93 156 119 240 194 127 210 105 80 254 233 182 72 212 214 235 43 155 211 170 180 8 139 215 253 9 69 241 73 58 53 176 152 106 22 92 179 0 121 167 168 225 201 49 12 1 109 199 164 204 151 142 104 89 133 37 203 245 166 140 197 239 158 52 161 149 11 75 39 186 15 16 122 78 25 150 148 48 246 108 230 208 184 178 110 141 193 41 102 95 236 213 14 64 123 101],[218 108 226 173 171 84 160 192 27 122 203 69 113 196 139 239 40 13 48 152 44 159 47 18 200 101 177 147 10 1 215 99 125 252 132 169 71 91 149 245 103 130 166 211 118 16 179 186 52 142 243 213 23 156 235 54 78 65 135 74 96 35 42 137 190 205 128 30 232 8 222 230 254 88 61 57 249 4 37 6 181 209 82 220 50 105 162 110 76 95 183 240 202 158 150 248 165 176 83 227 46 191 62 60 7 204 70 79 155 219 102 175 199 15 123 24 193 189 25 109 77 94 194 225 29 64 246 229 121 167 120 140 154 31 201 28 161 87 5 234 72 20 231 207 49 141 81 14 68 224 51 98 163 223 80 233 236 182 26 221 151 187 107 168 180 126 117 170 153 55 38 250 206 164 238 104 241 0 148 138 216 92 244 253 39 115 86 134 2 3 75 9 53 85 188 143 100 67 63 217 198 212 145 178 12 19 59 41 174 255 197 157 242 33 36 185 228 34 208 210 56 97 112 32 172 124 17 131 21 43 106 22 66 90 127 73 89 136 116 237 93 111 11 184 114 144 119 129 146 133 45 195 251 214 247 58],44759294
greedy/tai256c,8,44916134,276,1624693,1723,[40 49 215 79 31 19 99 163 23 21 46 135 80 2 6 194 228 87 233 248 160 32 68 94 226 243 218 91 203 255 36 172 245 174 197 38 230 66 51 106 168 14 150 153 253 142 108 155 165 57 170 121 180 9 125 241 238 207 221 85 76 61 104 70 185 250 97 28 177 111 133 200 112 138 43 72 131 208 140 189 211 74 236 17 26 146 11 118 182 159 116 129 92 254 169 27 154 75 196 237 73 251 223 35 252 5 164 82 109 141 143 15 12 33 171 147 234 225 98 113 42 127 126 202 201 25 120 124 103 41 122 130 240 47 212 134 175 84 246 59 123 205 219 22 45 58 114 30 158 166 186 62 209 152 249 199 117 90 204 195 222 64 78 16 227 4 86 229 77 144 34 81 115 119 139 193 224 235 89 176 179 242 7 244 162 69 136 220 39 217 56 50 137 18 110 3 60 13 149 173 210 20 239 10 184 24 213 198 156 145 190 95 206 214 63 1 157 93 181 232 101 52 151 187 148 231 107 105 132 178 29 102 53 183 37 65 161 100 55 96 247 128 83 8 67 44 191 188 0 54 192 48 71 167 216 88],[218 108 226 173 171 84 160 192 27 122 203 69 113 196 139 239 40 13 48 152 44 159 47 18 200 101 177 147 10 1 215 99 125 252 132 169 71 91 149 245 103 130 166 211 118 16 179 186 52 142 243 213 23 156 235 54 78 65 135 74 96 35 42 137 190 205 128 30 232 8 222 230 254 88 61 57 249 4 37 6 181 209 82 220 50 105 162 110 76 95 183 240 202 158 150 248 165 176 83 227 46 191 62 60 7 204 70 79 155 219 102 175 199 15 123 24 193 189 25 109 77 94 194 225 29 64 246 229 121 167 120 140 154 31 201 28 161 87 5 234 72 20 231 207 49 141 81 14 68 224 51 98 163 223 80 233 236 182 26 221 151 187 107 168 180 126 117 170 153 55 38 250 206 164 238 104 241 0 148 138 216 92 244 253 39 115 86 134 2 3 75 9 53 85 188 143 100 67 63 217 198 212 145 178 12 19 59 41 174 255 197 157 242 33 36 185 228 34 208 210 56 97 112 32 172 124 17 131 21 43 106 22 66 90 127 73 89 136 116 237 93 111 11 184 114 144 119 129 146 133 45 195 251 214 247 58],44759294
steepest/tai256c,8,44919182,55,1827840,1782,[141 197 66 46 187 88 135 95 26 18 244 83 56 31 21 193 253 70 217 1 176 32 36 235 38 41 225 212 202 78 53 155 248 205 250 165 229 98 51 107 167 14 49 105 113 143 64 208 179 3 170 185 148 9 96 100 238 207 210 85 76 61 152 28 103 144 200 11 161 124 93 214 6 138 231 242 131 59 173 23 190 90 120 73 133 146 255 118 182 220 158 126 74 211 223 16 154 252 240 104 172 92 134 97 201 142 164 129 109 110 121 241 80 189 171 147 75 221 82 84 25 127 174 203 2 206 111 247 102 57 122 130 249 47 34 194 160 12 246 43 123 151 219 22 45 58 140 30 150 166 186 62 209 153 232 169 117 33 204 195 222 108 63 72 227 20 86 230 77 251 234 81 115 119 139 35 224 236 91 175 39 180 7 228 162 68 136 243 55 233 218 5 137 42 125 19 60 13 149 157 226 4 239 10 199 245 213 198 156 145 27 116 40 184 254 17 237 94 181 159 101 52 79 99 163 215 106 89 132 178 29 196 69 183 37 65 177 71 15 50 112 128 24 8 67 44 191 188 0 54 192 48 114 168 216 87],[218 108 226 173 171 84 160 192 27 122 203 69 113 196 139 239 40 13 48 152 44 159 47 18 200 101 177 147 10 1 215 99 125 252 132 169 71 91 149 245 103 130 166 211 118 16 179 186 52 142 243 213 23 156 235 54 78 65 135 74 96 35 42 137 190 205 128 30 232 8 222 230 254 88 61 57 249 4 37 6 181 209 82 220 50 105 162 110 76 95 183 240 202 158 150 248 165 176 83 227 46 191 62 60 7 204 70 79 155 219 102 175 199 15 123 24 193 189 25 109 77 94 194 225 29 64 246 229 121 167 120 140 154 31 201 28 161 87 5 234 72 20 231 207 49 141 81 14 68 224 51 98 163 223 80 233 236 182 26 221 151 187 107 168 180 126 117 170 153 55 38 250 206 164 238 104 241 0 148 138 216 92 244 253 39 115 86 134 2 3 75 9 53 85 188 143 100 67 63 217 198 212 145 178 12 19 59 41 174 255 197 157 242 33 36 185 228 34 208 210 56 97 112 32 172 124 17 131 21 43 106 22 66 90 127 73 89 136 116 237 93 111 11 184 114 144 119 129 146 133 45 195 251 214 247 58],44759294
random/tai256c,8,49915574,27732,27732,1880,[137 218 71 244 73 199 105 201 230 249 152 38 190 47 145 43 117 118 122 83 53 133 115 2 159 24 180 48 125 167 157 102 203 103 12 9 242 239 192 45 62 5 67 57 124 198 93 160 188 65 181 92 162 168 237 156 148 74 253 119 209 6 225 111 147 20 78 155 17 229 166 243 30 177 123 196 33 128 219 15 232 231 97 52 212 69 214 250 141 135 110 51 84 126 247 10 60 186 131 95 81 114 140 63 211 19 130 56 252 134 26 28 149 246 46 200 210 14 164 42 170 193 39 234 76 197 233 248 22 245 98 94 202 11 23 121 113 77 13 146 251 29 120 129 208 21 165 101 139 16 75 171 138 176 222 142 226 154 104 88 70 205 64 44 223 172 169 25 215 3 82 153 224 35 91 187 7 132 100 31 18 183 194 161 107 54 106 182 173 40 41 143 112 195 86 96 79 27 207 238 179 241 240 58 151 158 108 204 150 90 109 89 174 50 236 66 136 175 4 217 34 213 49 127 99 163 37 206 55 87 227 8 61 255 144 59 184 220 72 1 221 185 68 216 36 235 85 116 254 80 191 0 189 32 178 228],[218 108 226 173 171 84 160 192 27 122 203 69 113 196 139 239 40 13 48 152 44 159 47 18 200 101 177 147 10 1 215 99 125 252 132 169 71 91 149 245 103 130 166 211 118 16 179 186 52 142 243 213 23 156 235 54 78 65 135 74 96 35 42 137 190 205 128 30 232 8 222 230 254 88 61 57 249 4 37 6 181 209 82 220 50 105 162 110 76 95 183 240 202 158 150 248 165 176 83 227 46 191 62 60 7 204 70 79 155 219 102 175 199 15 123 24 193 189 25 109 77 94 194 225 29 64 246 229 121 167 120 140 154 31 201 28 161 87 5 234 72 20 231 207 49 141 81 14 68 224 51 98 163 223 80 233 236 182 26 221 151 187 107 168 180 126 117 170 153 55 38 250 206 164 238 104 241 0 148 138 216 92 244 253 39 115 86 134 2 3 75 9 53 85 188 143 100 67 63 217 198 212 145 178 12 19 59 41 174 255 197 157 242 33 36 185 228 34 208 210 56 97 112 32 172 124 17 131 21 43 106 22 66 90 127 73 89 136 116 237 93 111 11 184 114 144 119 129 146 133 45 195 251 214 247 58],44759294
randomWalk/tai256c,8,53440774,2141460,2141460,1884,[159 132 121 173 28 71 97 37 72 199 10 79 133 196 42 43 176 21 163 198 125 70 179 139 148 124 68 212 93 1 90 80 91 119 38 202 130 67 14 235 61 239 206 96 167 134 108 154 222 236 168 250 144 113 145 207 184 223 5 89 18 136 177 245 84 4 216 114 194 112 213 78 143 169 247 242 63 140 54 210 174 191 238 36 7 39 157 155 118 251 120 88 23 219 152 73 215 137 218 164 40 87 175 187 46 224 127 255 6 225 48 102 150 221 203 64 252 115 226 228 94 2 241 47 35 180 248 193 205 30 253 85 106 234 92 20 56 82 231 57 103 15 243 3 204 165 151 209 147 83 24 181 217 211 149 9 189 55 123 95 99 246 166 229 26 0 244 16 19 172 34 81 232 76 74 188 182 105 17 22 52 230 104 117 33 135 60 200 208 77 153 27 86 170 160 58 156 161 66 192 249 220 110 237 50 11 111 25 41 138 227 122 128 201 75 195 62 186 129 171 53 8 44 107 214 197 29 100 185 109 51 13 126 45 98 142 141 12 32 233 31 116 146 254 49 101 69 240 162 190 158 183 59 131 178 65],[218 108 226 173 171 84 160 192 27 122 203 69 113 196 139 239 40 13 48 152 44 159 47 18 200 101 177 147 10 1 215 99 125 252 132 169 71 91 149 245 103 130 166 211 118 16 179 186 52 142 243 213 23 156 235 54 78 65 135 74 96 35 42 137 190 205 128 30 232 8 222 230 254 88 61 57 249 4 37 6 181 209 82 220 50 105 162 110 76 95 183 240 202 158 150 248 165 176 83 227 46 191 62 60 7 204 70 79 155 219 102 175 199 15 123 24 193 189 25 109 77 94 194 225 29 64 246 229 121 167 120 140 154 31 201 28 161 87 5 234 72 20 231 207 49 141 81 14 68 224 51 98 163 223 80 233 236 182 26 221 151 187 107 168 180 126 117 170 153 55 38 250 206 164 238 104 241 0 148 138 216 92 244 253 39 115 86 134 2 3 75 9 53 85 188 143 100 67 63 217 198 212 145 178 12 19 59 41 174 255 197 157 242 33 36 185 228 34 208 210 56 97 112 32 172 124 17 131 21 43 106 22 66 90 127 73 89 136 116 237 93 111 11 184 114 144 119 129 146 133 45 195 251 214 247 58],44759294
greedy/tai256c,9,44975676,242,1085778,917,[76 235 6 46 197 73 227 144 194 137 50 134 169 142 183 206 231 186 86 100 18 218 31 52 249 106 58 96 203 1 149 108 189 41 177 65 32 201 88 21 254 13 23 117 154 120 174 132 191 180 44 192 91 61 127 56 110 83 115 212 103 93 80 79 98 242 239 252 123 4 35 8 152 216 10 220 214 27 172 209 69 157 163 166 237 71 140 245 240 129 38 146 161 162 173 185 170 178 138 243 158 128 167 224 55 213 29 190 94 160 205 45 250 40 241 5 215 176 92 62 148 39 87 133 25 111 11 90 0 66 233 113 223 42 248 104 238 7 72 210 3 139 81 124 236 30 26 232 57 54 193 47 118 164 114 19 153 119 67 59 97 22 208 150 24 60 207 253 131 136 202 141 101 204 102 107 188 63 226 147 77 95 126 181 36 199 64 168 12 179 228 165 229 82 156 116 109 211 112 225 99 175 37 53 171 9 121 16 247 219 182 78 70 84 187 217 74 43 51 135 49 14 145 196 184 195 155 200 251 234 89 48 15 244 2 28 17 143 68 159 20 222 125 105 33 122 85 198 130 246 230 34 221 151 75 255],[218 108 226 173 171 84 160 192 27 122 203 69 113 196 139 239 40 13 48 152 44 159 47 18 200 101 177 147 10 1 215 99 125 252 132 169 71 91 149 245 103 130 166 211 118 16 179 186 52 142 243 213 23 156 235 54 78 65 135 74 96 35 42 137 190 205 128 30 232 8 222 230 254 88 61 57 249 4 37 6 181 209 82 220 50 105 162 110 76 95 183 240 202 158 150 248 165 176 83 227 46 191 62 60 7 204 70 79 155 219 102 175 199 15 123 24 193 189 25 109 77 94 194 225 29 64 246 229 121 167 120 140 154 31 201 28 161 87 5 234 72 20 231 207 49 141 81 14 68 224 51 98 163 223 80 233 236 182 26 221 151 187 107 168 180 126 117 170 153 55 38 250 206 164 238 104 241 0 148 138 216 92 244 253 39 115 86 134 2 3 75 9 53 85 188 143 100 67 63 217 198 212 145 178 12 19 59 41 174 255 197 157 242 33 36 185 228 34 208 210 56 97 112 32 172 124 17 131 21 43 106 22 66 90 127 73 89 136 116 237 93 111 11 184 114 144 119 129 146 133 45 195 251 214 247 58],44759294
steepest/tai256c,9,44958544,48,1599360,1750,[239 231 68 129 160 235 206 93 252 137 66 156 108 218 152 191 34 171 5 182 150 1 74 117 216 143 57 98 47 16 132 141 95 40 105 188 48 203 81 100 254 28 25 115 154 120 173 91 83 180 43 192 242 102 112 13 110 23 158 212 87 78 72 30 165 227 240 45 123 3 194 8 246 135 20 167 197 185 146 233 199 51 163 10 177 70 53 229 209 60 38 221 178 131 149 214 139 35 138 148 166 128 238 140 55 213 27 174 94 144 170 42 250 41 241 245 234 237 133 62 151 39 103 176 24 111 12 90 0 50 225 97 211 201 248 104 84 7 29 79 4 92 80 125 236 15 26 232 58 54 193 18 118 164 114 136 153 119 67 59 96 21 208 124 22 44 207 253 69 162 202 157 200 106 6 107 204 63 226 147 77 189 126 181 36 76 64 169 88 179 228 249 186 82 172 116 109 210 127 223 99 19 37 224 215 9 121 159 222 183 175 14 71 113 187 217 89 61 52 134 49 205 145 196 184 195 155 243 251 101 73 32 31 244 2 11 17 142 85 161 46 190 220 56 33 122 86 198 130 247 230 219 65 168 75 255],[218 108 226 173 171 84 160 192 27 122 203 69 113 196 139 239 40 13 48 152 44 159 47 18 200 101 177 147 10 1 215 99 125 252 132 169 71 91 149 245 103 130 166 211 118 16 179 186 52 142 243 213 23 156 235 54 78 65 135 74 96 35 42 137 190 205 128 30 232 8 222 230 254 88 61 57 249 4 37 6 181 209 82 220 50 105 162 110 76 95 183 240 202 158 150 248 165 176 83 227 46 191 62 60 7 204 70 79 155 219 102 175 199 15 123 24 193 189 25 109 77 94 194 225 29 64 246 229 121 167 120 140 154 31 201 28 161 87 5 234 72 20 231 207 49 141 81 14 68 224 51 98 163 223 80 233 236 182 26 221 151 187 107 168 180 126 117 170 153 55 38 250 206 164 238 104 241 0 148 138 216 92 244 253 39 115 86 134 2 3 75 9 53 85 188 143 100 67 63 217 198 212 145 178 12 19 59 41 174 255 197 157 242 33 36 185 228 34 208 210 56 97 112 32 172 124 17 131 21 43 106 22 66 90 127 73 89 136 116 237 93 111 11 184 114 144 119 129 146 133 45 195 251 214 247 58],44759294
random/tai256c,9,49980304,16324,16324,1880,[195 47 66 185 225 182 151 3 102 31 58 48 50 230 128 177 61 154 99 113 51 74 105 232 26 158 103 108 147 65 46 23 0 247 119 116 95 2 211 69 171 100 156 166 86 76 120 244 228 124 248 188 56 88 161 127 215 165 221 164 220 107 184 141 53 208 52 150 250 121 38 17 11 238 209 43 222 179 80 13 131 94 5 67 235 44 191 176 130 168 204 73 9 240 193 239 33 207 198 29 30 167 101 173 227 183 60 253 192 174 36 203 110 114 32 206 254 146 25 54 194 139 18 236 169 181 14 70 200 218 12 115 214 178 59 231 135 212 219 216 213 42 19 62 159 96 91 224 153 49 243 129 97 223 109 93 157 242 152 163 77 15 246 170 133 45 162 187 123 140 144 122 145 233 241 125 175 229 72 255 217 55 143 87 20 84 82 148 202 189 75 16 126 118 112 252 104 226 7 92 79 117 35 39 8 136 28 134 81 160 199 57 138 98 172 85 24 90 196 210 1 21 64 155 89 197 83 40 234 78 137 106 251 68 249 132 111 237 37 190 4 180 27 201 142 10 6 41 205 149 22 34 245 63 186 71],[218 108 226 173 171 84 160 192 27 122 203 69 113 196 139 239 40 13 48 152 44 159 47 18 200 101 177 147 10 1 215 99 125 252 132 169 71 91 149 245 103 130 166 211 118 16 179 186 52 142 243 213 23 156 235 54 78 65 135 74 96 35 42 137 190 205 128 30 232 8 222 230 254 88 61 57 249 4 37 6 181 209 82 220 50 105 162 110 76 95 183 240 202 158 150 248 165 176 83 227 46 191 62 60 7 204 70 79 155 219 102 175 199 15 123 24 193 189 25 109 77 94 194 225 29 64 246 229 121 167 120 140 154 31 201 28 161 87 5 234 72 20 231 207 49 141 81 14 68 224 51 98 163 223 80 233 236 182 26 221 151 187 107 168 180 126 117 170 153 55 38 250 206 164 238 104 241 0 148 138 216 92 244 253 39 115 86 134 2 3 75 9 53 85 188 143 100 67 63 217 198 212 145 178 12 19 59 41 174 255 197 157 242 33 36 185 228 34 208 210 56 97 112 32 172 124 17 131 21 43 106 22 66 90 127 73 89 136 116 237 93 111 11 184 114 144 119 129 146 133 45 195 251 214 247 58],44759294
randomWalk/tai256c,9,53663956,1692140,1692140,1881,[233 158 123 66 43 209 129 120 99 46 102 221 229 160 147 152 216 110 3 181 41 118 159 175 234 56 170 204 59 90 178 34 27 49 86 57 134 214 187 60 55 176 97 114 104 63 177 125 51 191 228 61 195 172 189 37 103 124 25 192 32 186 71 164 2 117 22 14 15 135 67 169 65 208 130 79 11 171 243 205 127 18 246 109 115 80 143 247 5 50 206 148 231 166 254 47 155 136 53 199 75 163 96 241 132 196 77 248 69 95 31 28 146 188 150 174 142 242 215 108 8 111 26 230 173 100 161 144 6 252 180 81 249 151 149 165 168 29 35 227 194 182 138 107 40 197 121 253 45 101 70 240 128 83 200 223 226 74 30 251 113 119 133 162 48 16 94 72 156 106 85 98 235 19 225 232 62 154 116 203 190 237 193 140 52 36 217 179 145 250 93 87 183 255 9 153 212 23 17 24 245 224 89 137 105 1 54 58 42 84 126 198 44 239 131 10 122 21 201 219 236 218 213 78 238 244 184 38 82 88 222 73 7 112 39 157 64 76 210 13 211 33 4 139 12 68 0 207 202 220 91 20 92 185 167 141],[218 108 226 173 171 84 160 192 27 122 203 69 113 196 139 239 40 13 48 152 44 159 47 18 200 101 177 147 10 1 215 99 125 252 132 169 71 91 149 245 103 130 166 211 118 16 179 186 52 142 243 213 23 156 235 54 78 65 135 74 96 35 42 137 190 205 128 30 232 8 222 230 254 88 61 57 249 4 37 6 181 209 82 220 50 105 162 110 76 95 183 240 202 158 150 248 165 176 83 227 46 191 62 60 7 204 70 79 155 219 102 175 199 15 123 24 193 189 25 109 77 94 194 225 29 64 246 229 121 167 120 140 154 31 201 28 161 87 5 234 72 20 231 207 49 141 81 14 68 224 51 98 163 223 80 233 236 182 26 221 151 187 107 168 180 126 117 170 153 55 38 250 206 164 238 104 241 0 148 138 216 92 244 253 39 115 86 134 2 3 75 9 53 85 188 143 100 67 63 217 198 212 145 178 12 19 59 41 174 255 197 157 242 33 36 185 228 34 208 210 56 97 112 32 172 124 17 131 21 43 106 22 66 90 127 73 89 136 116 237 93 111 11 184 114 144 119 129 146 133 45 195 251 214 247 58],44759294
greedy/tai256c,10,44951534,267,1478484,1637,[127 95 144 99 149 123 164 125 226 70 245 37 193 105 222 7 216 31 87 68 237 208 233 220 182 82 231 39 205 137 56 46 187 250 197 27 199 172 142 48 51 78 34 102 61 24 90 65 92 176 29 4 120 42 167 157 175 214 9 22 96 73 17 113 212 190 154 85 178 0 135 117 239 140 12 19 44 241 248 254 75 132 110 130 235 243 152 185 147 161 195 202 28 196 249 238 247 91 251 173 131 189 146 13 43 60 23 38 188 191 107 206 194 138 183 67 166 134 192 201 8 253 252 14 170 141 181 30 174 168 153 198 121 108 5 115 25 26 11 98 93 133 163 76 103 211 230 112 21 221 207 225 180 18 52 234 109 36 203 89 106 32 86 71 55 77 45 84 219 242 74 150 64 139 236 49 35 66 118 33 119 10 69 143 213 145 204 72 240 57 80 244 2 215 217 3 246 255 186 151 20 63 15 104 79 227 101 62 41 232 6 126 177 171 210 184 88 136 129 47 94 114 160 228 124 200 59 1 209 58 83 53 165 40 100 128 158 169 111 229 81 179 223 155 16 156 97 159 224 50 218 116 148 122 162 54],[218 108 226 173 171 84 160 192 27 122 203 69 113 196 139 239 40 13 48 152 44 159 47 18 200 101 177 147 10 1 215 99 125 252 132 169 71 91 149 245 103 130 166 211 118 16 179 186 52 142 243 213 23 156 235 54 78 65 135 74 96 35 42 137 190 205 128 30 232 8 222 230 254 88 61 57 249 4 37 6 181 209 82 220 50 105 162 110 76 95 183 240 202 158 150 248 165 176 83 227 46 191 62 60 7 204 70 79 155 219 102 175 199 15 123 24 193 189 25 109 77 94 194 225 29 64 246 229 121 167 120 140 154 31 201 28 161 87 5 234 72 20 231 207 49 141 81 14 68 224 51 98 163 223 80 233 236 182 26 221 151 187 107 168 180 126 117 170 153 55 38 250 206 164 238 104 241 0 148 138 216 92 244 253 39 115 86 134 2 3 75 9 53 85 188 143 100 67 63 217 198 212 145 178 12 19 59 41 174 255 197 157 242 33 36 185 228 34 208 210 56 97 112 32 172 124 17 131 21 43 106 22 66 90 127 73 89 136 116 237 93 111 11 184 114 144 119 129 146 133 45 195 251 214 247 58],44759294
steepest/tai256c,10,44939544,43,1436160,1531,[73 175 207 61 102 224 246 39 136 173 31 24 68 88 198 187 233 110 119 12 139 93 56 204 166 82 253 50 238 210 70 48 90 184 181 221 201 156 146 96 36 255 213 10 58 41 99 65 127 176 29 5 121 43 124 141 128 107 216 22 46 151 218 113 196 190 154 85 164 0 134 251 169 158 33 2 79 241 248 193 76 116 19 53 236 244 231 149 131 161 179 227 87 202 94 189 183 249 170 67 225 205 35 13 32 28 23 130 188 178 92 120 97 197 252 52 182 138 192 185 9 14 168 222 250 157 62 30 174 147 26 199 98 215 226 115 25 153 27 17 212 133 162 75 38 211 106 112 21 42 206 4 163 247 8 234 109 7 203 89 219 63 86 55 254 77 45 84 214 242 74 150 20 137 235 49 34 66 118 191 103 11 69 143 229 145 220 72 240 57 117 243 95 105 217 3 245 239 186 135 37 78 15 104 18 194 167 64 152 232 6 126 177 237 209 91 123 80 129 47 44 114 160 228 108 200 59 1 125 60 83 54 165 40 100 144 142 159 171 230 81 195 223 155 16 172 111 101 208 51 140 132 148 122 180 71],[218 108 226 173 171 84 160 192 27 122 203 69 113 196 139 239 40 13 48 152 44 159 47 18 200 101 177 147 10 1 215 99 125 252 132 169 71 91 149 245 103 130 166 211 118 16 179 186 52 142 243 213 23 156 235 54 78 65 135 74 96 35 42 137 190 205 128 30 232 8 222 230 254 88 61 57 249 4 37 6 181 209 82 220 50 105 162 110 76 95 183 240 202 158 150 248 165 176 83 227 46 191 62 60 7 204 70 79 155 219 102 175 199 15 123 24 193 189 25 109 77 94 194 225 29 64 246 229 121 167 120 140 154 31 201 28 161 87 5 234 72 20 231 207 49 141 81 14 68 224 51 98 163 223 80 233 236 182 26 221 151 187 107 168 180 126 117 170 153 55 38 250 206 164 238 104 241 0 148 138 216 92 244 253 39 115 86 134 2 3 75 9 53 85 188 143 100 67 63 217 198 212 145 178 12 19 59 41 174 255 197 157 242 33 36 185 228 34 208 210 56 97 112 32 172 124 17 131 21 43 106 22 66 90 127 73 89 136 116 237 93 111 11 184 114 144 119 129 146 133 45 195 251 214 247 58],44759294
random/tai256c,10,50034026,20299,20299,1881,[212 105 223 82 88 12 121 131 123 167 51 187 44 219 62 116 6 246 173 191 200 50 109 218 181 227 180 102 35 75 141 81 64 242 61 118 135 36 84 120 30 154 94 27 160 224 178 16 158 53 249 26 254 59 216 142 96 189 107 134 73 170 182 169 8 31 108 248 22 29 163 117 55 244 38 140 136 230 144 198 207 151 193 235 229 161 237 148 225 0 49 10 138 252 152 56 153 190 201 214 206 34 147 19 41 17 115 233 99 176 32 220 199 67 124 125 130 240 78 7 239 20 211 184 175 232 155 83 113 45 253 146 86 43 132 70 145 4 197 42 228 18 87 60 85 76 93 202 92 183 58 209 150 5 11 57 217 174 208 210 204 80 2 196 119 231 40 68 205 222 186 3 149 65 98 89 194 143 162 90 77 127 112 39 236 250 23 13 238 97 126 188 179 110 91 106 157 114 69 164 172 247 111 15 241 122 137 168 79 159 203 103 226 46 139 74 33 251 14 104 255 72 166 245 37 48 63 25 215 156 52 95 133 192 100 54 243 21 213 129 165 66 221 177 171 101 1 9 71 24 28 128 195 47 185 234],[218 108 226 173 171 84 160 192 27 122 203 69 113 196 139 239 40 13 48 152 44 159 47 18 200 101 177 147 10 1 215 99 125 252 132 169 71 91 149 245 103 130 166 211 118 16 179 186 52 142 243 213 23 156 235 54 78 65 135 74 96 35 42 137 190 205 128 30 232 8 222 230 254 88 61 57 249 4 37 6 181 209 82 220 50 105 162 110 76 95 183 240 202 158 150 248 165 176 83 227 46 191 62 60 7 204 70 79 155 219 102 175 199 15 123 24 193 189 25 109 77 94 194 225 29 64 246 229 121 167 120 140 154 31 201 28 161 87 5 234 72 20 231 207 49 141 81 14 68 224 51 98 163 223 80 233 236 182 26 221 151 187 107 168 180 126 117 170 153 55 38 250 206 164 238 104 241 0 148 138 216 92 244 253 39 115 86 134 2 3 75 9 53 85 188 143 100 67 63 217 198 212 145 178 12 19 59 41 174 255 197 157 242 33 36 185 228 34 208 210 56 97 112 32 172 124 17 131 21 43 106 22 66 90 127 73 89 136 116 237 93 111 11 184 114 144 119 129 146 133 45 195 251 214 247 58],44759294
randomWalk/tai256c,10,53868874,1601205,1601205,1880,[198 18 20 97 10 181 220 50 21 202 43 199 65 204 203 236 229 182 107 64 113 217 82 142 123 177 91 149 14 226 27 26 134 151 73 78 244 51 16 154 80 206 54 171 173 194 112 39 212 129 106 175 7 214 122 19 201 36 243 101 139 111 4 221 156 71 86 136 126 88 239 22 30 240 52 66 178 53 209 189 205 179 11 75 168 100 167 210 223 140 133 150 25 215 104 0 34 47 250 185 44 227 37 191 145 153 190 105 46 166 96 56 89 225 83 148 237 63 5 74 125 130 159 255 219 161 103 247 115 79 146 33 28 13 90 99 155 31 170 200 110 1 197 184 230 183 128 252 57 165 23 68 67 76 186 248 12 188 85 109 49 147 132 172 228 234 81 207 2 92 169 60 254 135 121 143 213 3 233 40 249 124 61 59 72 35 98 152 176 162 42 77 253 231 117 29 218 232 164 120 211 242 131 15 157 245 118 241 222 158 138 8 9 114 94 144 208 87 32 216 180 187 55 95 163 93 41 196 235 174 17 192 238 141 127 48 58 137 24 45 70 246 116 193 251 119 38 224 62 69 84 6 160 195 108 102],[218 108 226 173 171 84 160 192 27 122 203 69 113 196 139 239 40 13 48 152 44 159 47 18 200 101 177 147 10 1 215 99 125 252 132 169 71 91 149 245 103 130 166 211 118 16 179 186 52 142 243 213 23 156 235 54 78 65 135 74 96 35 42 137 190 205 128 30 232 8 222 230 254 88 61 57 249 4 37 6 181 209 82 220 50 105 162 110 76 95 183 240 202 158 150 248 165 176 83 227 46 191 62 60 7 204 70 79 155 219 102 175 199 15 123 24 193 189 25 109 77 94 194 225 29 64 246 229 121 167 120 140 154 31 201 28 161 87 5 234 72 20 231 207 49 141 81 14 68 224 51 98 163 223 80 233 236 182 26 221 151 187 107 168 180 126 117 170 153 55 38 250 206 164 238 104 241 0 148 138 216 92 244 253 39 115 86 134 2 3 75 9 53 85 188 143 100 67 63 217 198 212 145 178 12 19 59 41 174 255 197 157 242 33 36 185 228 34 208 210 56 97 112 32 172 124 17 131 21 43 106 22 66 90 127 73 89 136 116 237 93 111 11 184 114 144 119 129 146 133 45 195 251 214 247 58],44759294
greedy/esc16a,1,74,11,476,0,[5 1 3 9 4 14 12 8 13 0 2 6 11 15 10 7],[1 13 9 15 4 2 6 7 3 5 11 10 14 12 8 0],68
steepest/esc16a,1,68,6,840,0,[4 1 3 7 8 12 14 6 2 0 9 11 13 15 10 5],[1 13 9 15 4 2 6 7 3 5 11 10 14 12 8 0],68
random/esc16a,1,122,0,0,0,[4 1 11 5 3 12 8 14 2 13 9 6 0 15 10 7],[1 13 9 15 4 2 6 7 3 5 11 10 14 12 8 0],68
randomWalk/esc16a,1,122,0,0,0,[4 1 11 5 3 12 8 14 2 13 9 6 0 15 10 7],[1 13 9 15 4 2 6 7 3 5 11 10 14 12 8 0],68
greedy/esc16a,2,74,12,287,0,[3 0 10 11 5 7 15 6 2 1 14 13 4 9 12 8],[1 13 9 15 4 2 6 7 3 5 11 10 14 12 8 0],68
steepest/esc16a,2,70,7,960,0,[15 11 3 2 14 12 4 7 6 10 1 0 9 5 13 8],[1 13 9 15 4 2 6 7 3 5 11 10 14 12 8 0],68
random/esc16a,2,124,0,0,0,[0 11 5 6 14 7 13 4 9 10 1 15 2 3 12 8],[1 13 9 15 4 2 6 7 3 5 11 10 14 12 8 0],68
randomWalk/esc16a,2,124,0,0,0,[0 11 5 6 14 7 13 4 9 10 1 15 2 3 12 8],[1 13 9 15 4 2 6 7 3 5 11 10 14 12 8 0],68
greedy/esc16a,3,74,11,296,0,[10 12 0 2 15 11 3 9 8 14 5 7 1 6 13 4],[1 13 9 15 4 2 6 7 3 5 11 10 14 12 8 0],68
steepest/esc16a,3,68,4,600,0,[1 4 12 13 2 3 11 9 8 0 5 7 15 6 14 10],[1 13 9 15 4 2 6 7 3 5 11 10 14 12 8 0],68
random/esc16a,3,120,0,0,0,[15 4 12 2 14 3 5 9 8 0 11 7 1 6 13 10],[1 13 9 15 4 2 6 7 3 5 11 10 14 12 8 0],68
randomWalk/esc16a,3,120,0,0,0,[15 4 12 2 14 3 5 9 8 0 11 7 1 6 13 10],[1 13 9 15 4 2 6 7 3 5 11 10 14 12 8 0],68
greedy/esc16a,4,68,13,432,0,[9 3 5 1 10 14 8 13 15 11 0 12 2 6 4 7],[1 13 9 15 4 2 6 7 3 5 11 10 14 12 8 0],68
steepest/esc16a,4,72,3,480,0,[9 0 5 13 10 2 11 3 1 8 14 15 12 6 4 7],[1 13 9 15 4 2 6 7 3 5 11 10 14 12 8 0],68
random/esc16a,4,114,0,0,0,[9 14 5 13 10 12 11 3 1 4 0 15 2 6 8 7],[1 13 9 15 4 2 6 7 3 5 11 10 14 12 8 0],68
randomWalk/esc16a,4,114,0,0,0,[9 14 5 13 10 12 11 3 1 4 0 15 2 6 8 7],[1 13 9 15 4 2 6 7 3 5 11 10 14 12 8 0],68
greedy/esc16a,5,68,10,327,0,[7 4 0 2 13 9 11 3 1 5 10 6 8 14 12 15],[1 13 9 15 4 2 6 7 3 5 11 10 14 12 8 0],68
steepest/esc16a,5,72,3,480,0,[2 6 4 5 3 10 11 1 0 7 13 9 8 14 12 15],[1 13 9 15 4 2 6 7 3 5 11 10 14 12 8 0],68
random/esc16a,5,106,0,0,0,[9 6 4 13 1 10 11 3 0 7 5 2 8 14 12 15],[1 13 9 15 4 2 6 7 3 5 11 10 14 12 8 0],68
randomWalk/esc16a,5,106,0,0,0,[9 6 4 13 1 10 11 3 0 7 5 2 8 14 12 15],[1 13 9 15 4 2 6 7 3 5 11 10 14 12 8 0],68
greedy/esc16a,6,72,9,247,0,[15 14 6 10 7 1 9 3 2 11 5 13 12 0 4 8],[1 13 9 15 4 2 6 7 3 5 11 10 14 12 8 0],68
steepest/esc16a,6,74,5,720,0,[6 4 8 0 7 11 3 1 2 5 13 15 12 14 9 10],[1 13 9 15 4 2 6 7 3 5 11 10 14 12 8 0],68
random/esc16a,6,120,0,0,0,[14 9 6 8 7 13 3 1 2 5 11 15 12 0 4 10],[1 13 9 15 4 2 6 7 3 5 11 10 14 12 8 0],68
randomWalk/esc16a,6,120,0,0,0,[14 9 6 8 7 13 3 1 2 5 11 15 12 0 4 10],[1 13 9 15 4 2 6 7 3 5 11 10 14 12 8 0],68
greedy/esc16a,7,68,14,516,0,[7 6 4 14 3 1 11 13 5 15 12 8 0 2 9 10],[1 13 9 15 4 2 6 7 3 5 11 10 14 12 8 0],68
steepest/esc16a,7,70,5,720,0,[3 15 6 4 11 9 1 13 5 7 14 0 12 2 8 10],[1 13 9 15 4 2 6 7 3 5 11 10 14 12 8 0],68
random/esc16a,7,114,0,0,0,[11 15 5 4 13 8 1 3 6 12 14 0 7 2 9 10],[1 13 9 15 4 2 6 7 3 5 11 10 14 12 8 0],68
randomWalk/esc16a,7,114,0,0,0,[11 15 5 4 13 8 1 3 6 12 14 0 7 2 9 10],[1 13 9 15 4 2 6 7 3 5 11 10 14 12 8 0],68
greedy/esc16a,8,72,13,361,0,[12 6 0 8 14 15 9 13 5 4 3 7 11 1 2 10],[1 13 9 15 4 2 6 7 3 5 11 10 14 12 8 0],68
steepest/esc16a,8,72,5,720,0,[8 9 0 2 11 15 6 12 14 10 4 7 5 1 13 3],[1 13 9 15 4 2 6 7 3 5 11 10 14 12 8 0],68
random/esc16a,8,118,0,0,0,[8 11 2 5 12 15 6 9 14 3 4 7 0 1 13 10],[1 13 9 15 4 2 6 7 3 5 11 10 14 12 8 0],68
randomWalk/esc16a,8,118,0,0,0,[8 11 2 5 12 15 6 9 14 3 4 7 0 1 13 10],[1 13 9 15 4 2 6 7 3 5 11 10 14 12 8 0],68
greedy/esc16a,9,74,8,218,0,[13 5 14 4 11 10 8 15 12 9 0 7 1 6 3 2],[1 13 9 15 4 2 6 7 3 5 11 10 14 12 8 0],68
steepest/esc16a,9,70,6,840,0,[5 12 4 6 9 11 7 15 14 13 0 10 1 8 3 2],[1 13 9 15 4 2 6 7 3 5 11 10 14 12 8 0],68
random/esc16a,9,112,0,0,0,[5 14 8 4 9 10 3 15 12 7 0 11 1 6 13 2],[1 13 9 15 4 2 6 7 3 5 11 10 14 12 8 0],68
randomWalk/esc16a,9,112,0,0,0,[5 14 8 4 9 10 3 15 12 7 0 11 1 6 13 2],[1 13 9 15 4 2 6 7 3 5 11 10 14 12 8 0],68
greedy/esc16a,10,70,11,306,0,[12 15 14 4 9 1 0 8 5 13 10 2 3 7 6 11],[1 13 9 15 4 2 6 7 3 5 11 10 14 12 8 0],68
steepest/esc16a,10,68,4,600,0,[10 14 15 7 8 0 1 3 2 11 5 4 12 9 6 13],[1 13 9 15 4 2 6 7 3 5 11 10 14 12 8 0],68
random/esc16a,10,106,0,0,0,[10 14 9 5 8 0 1 3 2 13 15 4 12 7 6 11],[1 13 9 15 4 2 6 7 3 5 11 10 14 12 8 0],68
randomWalk/esc16a,10,106,0,0,0,[10 14 9 5 8 0 1 3 2 13 15 4 12 7 6 11],[1 13 9 15 4 2 6 7 3 5 11 10 14 12 8 0],68
greedy/sko100a,1,155526,460,76290,20,[34 11 98 23 92 43 35 6 75 77 70 8 81 91 60 47 19 16 52 28 36 93 13 45 25 88 40 29 83 17 61 78 62 56 55 48 1 84 22 96 49 15 66 18 37 80 72 95 3 41 14 67 4 97 51 30 74 27 79 26 10 65 5 50 68 46 53 94 63 90 82 7 76 31 85 21 33 73 87 86 38 32 71 58 99 89 39 69 54 64 2 20 12 0 24 42 44 59 9 57],[64 82 10 32 70 96 0 77 36 17 38 4 12 54 73 94 24 62 78 90 26 79 53 93 74 30 42 13 76 5 87 61 15 51 3 21 31 33 56 14 59 8 85 97 95 88 18 48 1 27 41 58 67 7 92 55 80 81 83 86 9 23 39 66 84 29 72 50 68 19 57 69 65 99 25 46 98 45 63 89 44 49 11 71 60 37 91 35 52 40 2 34 20 28 22 47 43 6 75 16],152002
steepest/sko100a,1,154940,133,663300,313,[2 16 48 65 7 43 19 17 32 77 20 41 69 46 72 88 96 36 70 90 49 40 71 67 66 93 80 62 42 5 52 47 91 50 84 63 45 81 27 89 34 6 99 95 92 29 35 74 73 53 44 75 37 97 98 3 1 13 30 94 82 11 60 25 23 55 33 56 76 0 38 22 58 68 18 31 21 78 24 12 9 28 51 39 8 83 15 4 14 10 64 57 61 85 86 59 87 79 26 54],[64 82 10 32 70 96 0 77 36 17 38 4 12 54 73 94 24 62 78 90 26 79 53 93 74 30 42 13 76 5 87 61 15 51 3 21 31 33 56 14 59 8 85 97 95 88 18 48 1 27 41 58 67 7 92 55 80 81 83 86 9 23 39 66 84 29 72 50 68 19 57 69 65 99 25 46 98 45 63 89 44 49 11 71 60 37 91 35 52 40 2 34 20 28 22 47 43 6 75 16],152002
random/sko100a,1,173008,24272,24272,222,[16 87 85 83 94 0 60 43 65 77 25 79 10 76 95 30 63 39 5 54 47 91 4 15 48 33 66 88 84 56 46 32 13 7 68 51 27 14 53 98 3 12 20 45 21 86 70 28 73 93 40 89 96 52 67 35 72 80 74 18 1 49 58 9 97 29 24 90 42 92 6 22 36 23 19 38 62 82 17 44 41 11 37 31 55 59 61 81 64 50 26 34 8 99 71 69 78 57 75 2],[64 82 10 32 70 96 0 77 36 17 38 4 12 54 73 94 24 62 78 90 26 79 53 93 74 30 42 13 76 5 87 61 15 51 3 21 31 33 56 14 59 8 85 97 95 88 18 48 1 27 41 58 67 7 92 55 80 81 83 86 9 23 39 66 84 29 72 50 68 19 57 69 65 99 25 46 98 45 63 89 44 49 11 71 60 37 91 35 52 40 2 34 20 28 22 47 43 6 75 16],152002
randomWalk/sko100a,1,178288,649484,649484,222,[48 53 35 19 6 81 41 65 16 93 26 99 15 33 71 47 5 94 21 80 63 9 60 58 76 90 1 28 29 92 4 68 23 55 40 75 27 82 56 87 32 46 12 51 89 2 78 59 30 62 79 91 42 67 54 13 0 98 95 74 52 18 25 14 22 85 43 72 88 86 8 70 73 96 39 64 31 37 84 66 17 10 69 44 57 50 49 11 36 34 83 24 3 61 45 38 7 77 20 97],[64 82 10 32 70 96 0 77 36 17 38 4 12 54 73 94 24 62 78 90 26 79 53 93 74 30 42 13 76 5 87 61 15 51 3 21 31 33 56 14 59 8 85 97 95 88 18 48 1 27 41 58 67 7 92 55 80 81 83 86 9 23 39 66 84 29 72 50 68 19 57 69 65 99 25 46 98 45 63 89 44 49 11 71 60 37 91 35 52 40 2 34 20 28 22 47 43 6 75 16],152002
greedy/sko100a,2,155620,486,126766,63,[44 69 87 48 21 42 88 35 40 86 57 41 59 33 12 47 80 24 75 16 9 49 20 1 71 37 31 76 63 52 22 11 15 6 60 3 55 94 78 96 82 38 99 25 93 18 98 13 70 0 28 51 39 68 45 66 91 4 19 17 54 58 53 97 27 32 73 30 56 90 34 85 95 50 46 84 23 29 72 83 2 61 8 67 65 7 74 81 62 43 64 26 79 14 89 10 92 5 36 77],[64 82 10 32 70 96 0 77 36 17 38 4 12 54 73 94 24 62 78 90 26 79 53 93 74 30 42 13 76 5 87 61 15 51 3 21 31 33 56 14 59 8 85 97 95 88 18 48 1 27 41 58 67 7 92 55 80 81 83 86 9 23 39 66 84 29 72 50 68 19 57 69 65 99 25 46 98 45 63 89 44 49 11 71 60 37 91 35 52 40 2 34 20 28 22 47 43 6 75 16],152002
steepest/sko100a,2,156600,109,544500,278,[57 75 48 88 28 64 9 72 16 77 22 41 47 35 81 95 84 40 36 86 44 49 93 80 79 74 66 53 20 83 87 32 73 37 13 10 15 29 94 59 69 70 42 21 55 51 30 33 24 63 11 60 92 45 58 97 8 71 62 12 6 46 25 99 3 39 98 1 54 96 34 52 23 91 26 68 31 76 56 19 61 65 89 67 4 50 14 27 5 90 2 38 43 7 18 85 82 0 78 17],[64 82 10 32 70 96 0 77 36 17 38 4 12 54 73 94 24 62 78 90 26 79 53 93 74 30 42 13 76 5 87 61 15 51 3 21 31 33 56 14 59 8 85 97 95 88 18 48 1 27 41 58 67 7 92 55 80 81 83 86 9 23 39 66 84 29 72 50 68 19 57 69 65 99 25 46 98 45 63 89 44 49 11 71 60 37 91 35 52 40 2 34 20 28 22 47 43 6 75 16],152002
random/sko100a,2,173586,12997,12997,223,[98 65 80 92 60 36 43 25 20 41 96 1 5 39 31 40 14 72 86 68 47 71 13 37 6 49 16 88 22 54 2 29 57 55 73 26 28 81 77 7 84 19 3 99 56 97 83 32 51 35 94 4 95 8 42 76 34 27 85 23 52 59 46 79 87 9 91 61 74 89 11 48 33 69 70 15 0 38 12 90 63 82 93 66 30 18 78 50 53 67 45 75 24 44 58 17 21 62 10 64],[64 82 10 32 70 96 0 77 36 17 38 4 12 54 73 94 24 62 78 90 26 79 53 93 74 30 42 13 76 5 87 61 15 51 3 21 31 33 56 14 59 8 85 97 95 88 18 48 1 27 41 58 67 7 92 55 80 81 83 86 9 23 39 66 84 29 72 50 68 19 57 69 65 99 25 46 98 45 63 89 44 49 11 71 60 37 91 35 52 40 2 34 20 28 22 47 43 6 75 16],152002
randomWalk/sko100a,2,178304,493659,493659,222,[96 62 38 28 0 71 67 43 82 56 73 94 84 23 76 57 99 81 10 74 89 42 60 66 41 69 13 36 92 19 7 11 54 55 63 14 68 22 30 78 4 15 34 79 26 25 32 9 20 50 37 16 35 29 90 91 85 61 18 31 2 5 86 58 83 97 77 52 21 80 72 88 87 65 17 53 48 33 93 95 45 51 40 46 59 27 70 12 6 39 98 3 24 47 1 44 75 64 49 8],[64 82 10 32 70 96 0 77 36 17 38 4 12 54 73 94 24 62 78 90 26 79 53 93 74 30 42 13 76 5 87 61 15 51 3 21 31 33 56 14 59 8 85 97 95 88 18 48 1 27 41 58 67 7 92 55 80 81 83 86 9 23 39 66 84 29 72 50 68 19 57 69 65 99 25 46 98 45 63 89 44 49 11 71 60 37 91 35 52 40 2 34 20 28 22 47 43 6 75 16],152002
greedy/sko100a,3,154244,548,145574,36,[17 77 87 78 61 14 70 36 82 64 96 20 15 4 24 10 32 41 49 38 26 79 8 62 31 95 74 58 12 59 92 23 51 83 68 97 93 67 85 86 90 27 56 13 76 30 53 5 7 0 19 1 60 88 55 21 73 18 65 57 11 29 84 3 94 33 66 46 72 9 6 63 25 54 39 45 42 99 89 69 75 52 22 47 91 80 81 37 71 44 34 16 48 28 98 50 35 40 43 2],[64 82 10 32 70 96 0 77 36 17 38 4 12 54 73 94 24 62 78 90 26 79 53 93 74 30 42 13 76 5 87 61 15 51 3 21 31 33 56 14 59 8 85 97 95 88 18 48 1 27 41 58 67 7 92 55 80 81 83 86 9 23 39 66 84 29 72 50 68 19 57 69 65 99 25 46 98 45 63 89 44 49 11 71 60 37 91 35 52 40 2 34 20 28 22 47 43 6 75 16],152002
steepest/sko100a,3,155040,104,519750,149,[38 64 12 54 0 9 59 57 71 89 82 10 94 53 73 86 33 24 90 5 32 87 26 69 21 30 63 58 76 42 78 4 79 3 45 85 31 56 62 27 36 77 13 51 74 66 80 99 72 7 70 15 8 95 83 97 29 46 65 14 93 61 98 84 25 18 67 39 50 43 49 96 41 22 60 55 81 37 88 28 20 11 1 35 19 40 47 68 48 16 17 34 23 6 92 44 75 52 91 2],[64 82 10 32 70 96 0 77 36 17 38 4 12 54 73 94 24 62 78 90 26 79 53 93 74 30 42 13 76 5 87 61 15 51 3 21 31 33 56 14 59 8 85 97 95 88 18 48 1 27 41 58 67 7 92 55 80 81 83 86 9 23 39 66 84 29 72 50 68 19 57 69 65 99 25 46 98 45 63 89 44 49 11 71 60 37 91 35 52 40 2 34 20 28 22 47 43 6 75 16],152002
random/sko100a,3,172934,22673,22673,222,[10 24 71 88 73 56 94 62 26 2 6 68 30 57 22 98 5 42 90 16 4 37 99 40 54 91 64 79 86 27 18 76 1 49 39 35 19 25 78 52 51 7 23 21 63 48 45 87 61 82 70 32 81 29 13 74 3 20 11 12 93 80 0 46 75 92 31 65 95 55 58 66 44 67 60 43 33 85 9 59 50 17 53 83 47 8 84 72 15 38 28 69 41 77 34 97 96 14 89 36],[64 82 10 32 70 96 0 77 36 17 38 4 12 54 73 94 24 62 78 90 26 79 53 93 74 30 42 13 76 5 87 61 15 51 3 21 31 33 56 14 59 8 85 97 95 88 18 48 1 27 41 58 67 7 92 55 80 81 83 86 9 23 39 66 84 29 72 50 68 19 57 69 65 99 25 46 98 45 63 89 44 49 11 71 60 37 91 35 52 40 2 34 20 28 22 47 43 6 75 16],152002
randomWalk/sko100a,3,177440,426927,426927,222,[63 28 74 25 21 12 77 52 67 10 70 41 19 23 92 26 79 37 2 46 78 47 20 80 97 34 68 51 17 4 91 15 55 11 86 38 87 33 32 50 81 94 90 31 13 69 59 18 89 40 98 24 9 49 5 84 42 66 45 56 95 75 39 36 54 29 85 0 7 93 27 76 44 82 22 14 99 96 43 62 30 16 72 58 6 65 83 61 35 1 88 60 53 57 48 3 73 71 8 64],[64 82 10 32 70 96 0 77 36 17 38 4 12 54 73 94 24 62 78 90 26 79 53 93 74 30 42 13 76 5 87 61 15 51 3 21 31 33 56 14 59 8 85 97 95 88 18 48 1 27 41 58 67 7 92 55 80 81 83 86 9 23 39 66 84 29 72 50 68 19 57 69 65 99 25 46 98 45 63 89 44 49 11 71 60 37 91 35 52 40 2 34 20 28 22 47 43 6 75 16],152002
greedy/sko100a,4,153840,498,105982,30,[2 86 40 16 20 52 44 75 28 9 27 69 71 59 6 66 47 49 57 34 65 39 99 63 46 72 84 29 22 11 50 35 37 45 25 98 95 81 41 64 67 68 91 58 97 83 55 60 23 92 48 80 1 33 3 93 88 96 8 61 17 7 85 56 51 30 74 15 79 26 90 19 54 21 18 13 53 94 4 43 14 42 76 31 24 62 73 36 87 77 5 32 89 12 78 0 10 70 82 38],[64 82 10 32 70 96 0 77 36 17 38 4 12 54 73 94 24 62 78 90 26 79 53 93 74 30 42 13 76 5 87 61 15 51 3 21 31 33 56 14 59 8 85 97 95 88 18 48 1 27 41 58 67 7 92 55 80 81 83 86 9 23 39 66 84 29 72 50 68 19 57 69 65 99 25 46 98 45 63 89 44 49 11 71 60 37 91 35 52 40 2 34 20 28 22 47 43 6 75 16],152002
steepest/sko100a,4,155158,134,668250,198,[2 7 34 20 65 50 67 71 16 86 57 58 99 39 37 68 85 91 28 49 69 46 11 6 25 51 97 60 52 44 48 22 61 1 84 95 27 98 47 40 32 87 3 45 18 55 14 66 93 41 42 21 54 15 80 33 53 88 81 35 59 73 76 31 13 30 92 8 75 9 12 79 4 24 29 63 74 23 83 82 43 38 78 62 94 56 19 72 70 36 26 89 77 96 0 10 5 90 17 64],[64 82 10 32 70 96 0 77 36 17 38 4 12 54 73 94 24 62 78 90 26 79 53 93 74 30 42 13 76 5 87 61 15 51 3 21 31 33 56 14 59 8 85 97 95 88 18 48 1 27 41 58 67 7 92 55 80 81 83 86 9 23 39 66 84 29 72 50 68 19 57 69 65 99 25 46 98 45 63 89 44 49 11 71 60 37 91 35 52 40 2 34 20 28 22 47 43 6 75 16],152002
random/sko100a,4,173028,20336,20336,222,[92 22 64 77 37 55 20 63 52 90 43 80 61 32 3 78 6 65 96 34 49 42 68 71 21 19 10 25 16 28 26 27 30 94 76 0 46 57 58 86 85 89 45 98 87 59 9 69 54 5 66 17 51 31 81 82 7 97 93 33 48 99 29 91 56 70 4 74 50 75 73 12 15 79 14 18 62 83 13 1 88 11 23 60 95 41 39 8 44 40 84 47 53 35 24 2 67 36 72 38],[64 82 10 32 70 96 0 77 36 17 38 4 12 54 73 94 24 62 78 90 26 79 53 93 74 30 42 13 76 5 87 61 15 51 3 21 31 33 56 14 59 8 85 97 95 88 18 48 1 27 41 58 67 7 92 55 80 81 83 86 9 23 39 66 84 29 72 50 68 19 57 69 65 99 25 46 98 45 63 89 44 49 11 71 60 37 91 35 52 40 2 34 20 28 22 47 43 6 75 16],152002
randomWalk/sko100a,4,177390,438341,438341,222,[67 36 35 3 6 96 91 53 79 51 16 24 60 66 50 87 41 34 82 20 72 42 89 10 70 4 25 39 95 15 47 93 0 98 27 30 55 69 7 75 38 77 14 78 54 12 63 59 5 28 74 62 76 73 48 92 90 11 80 26 64 43 17 9 97 68 81 94 57 32 61 29 31 49 8 58 23 45 22 44 21 19 46 33 88 99 52 37 13 85 86 1 83 56 40 71 65 18 84 2],[64 82 10 32 70 96 0 77 36 17 38 4 12 54 73 94 24 62 78 90 26 79 53 93 74 30 42 13 76 5 87 61 15 51 3 21 31 33 56 14 59 8 85 97 95 88 18 48 1 27 41 58 67 7 92 55 80 81 83 86 9 23 39 66 84 29 72 50 68 19 57 69 65 99 25 46 98 45 63 89 44 49 11 71 60 37 91 35 52 40 2 34 20 28 22 47 43 6 75 16],152002
greedy/sko100a,5,154832,500,155926,47,[77 5 62 42 12 0 80 89 43 2 70 32 24 10 30 94 4 59 69 26 96 87 76 13 73 21 3 46 37 57 90 58 31 74 53 55 79 65 81 44 36 14 56 7 54 33 45 99 71 35 78 19 93 88 66 98 29 63 47 75 86 83 18 67 97 8 39 72 22 28 82 68 85 51 15 60 50 61 91 9 41 40 1 95 49 84 25 23 34 6 17 16 27 48 20 92 11 38 52 64],[64 82 10 32 70 96 0 77 36 17 38 4 12 54 73 94 24 62 78 90 26 79 53 93 74 30 42 13 76 5 87 61 15 51 3 21 31 33 56 14 59 8 85 97 95 88 18 48 1 27 41 58 67 7 92 55 80 81 83 86 9 23 39 66 84 29 72 50 68 19 57 69 65 99 25 46 98 45 63 89 44 49 11 71 60 37 91 35 52 40 2 34 20 28 22 47 43 6 75 16],152002
steepest/sko100a,5,154472,108,539550,203,[36 82 70 14 73 32 5 64 57 2 77 90 62 26 74 94 10 27 89 9 96 54 24 79 53 12 33 42 59 81 78 4 56 3 55 30 76 80 37 35 0 51 31 21 58 98 13 45 99 44 38 85 15 97 95 66 93 46 50 69 20 18 8 7 67 84 1 39 71 6 43 72 61 23 68 29 65 25 91 34 16 19 88 83 60 11 63 48 47 52 17 86 87 41 92 22 49 40 28 75],[64 82 10 32 70 96 0 77 36 17 38 4 12 54 73 94 24 62 78 90 26 79 53 93 74 30 42 13 76 5 87 61 15 51 3 21 31 33 56 14 59 8 85 97 95 88 18 48 1 27 41 58 67 7 92 55 80 81 83 86 9 23 39 66 84 29 72 50 68 19 57 69 65 99 25 46 98 45 63 89 44 49 11 71 60 37 91 35 52 40 2 34 20 28 22 47 43 6 75 16],152002
random/sko100a,5,173564,12945,12945,222,[23 5 86 51 80 96 7 26 69 85 2 4 78 41 91 43 95 0 32 47 40 65 35 54 37 74 99 18 16 88 61 6 39 56 12 13 24 30 73 21 14 67 11 34 98 20 3 59 87 66 62 53 31 42 57 90 27 46 15 28 8 89 50 97 84 68 1 72 94 48 49 63 81 38 25 22 58 55 70 92 44 36 83 29 76 10 45 9 75 79 52 60 77 82 93 64 17 71 33 19],[64 82 10 32 70 96 0 77 36 17 38 4 12 54 73 94 24 62 78 90 26 79 53 93 74 30 42 13 76 5 87 61 15 51 3 21 31 33 56 14 59 8 85 97 95 88 18 48 1 27 41 58 67 7 92 55 80 81 83 86 9 23 39 66 84 29 72 50 68 19 57 69 65 99 25 46 98 45 63 89 44 49 11 71 60 37 91 35 52 40 2 34 20 28 22 47 43 6 75 16],152002
randomWalk/sko100a,5,177642,397681,397681,226,[9 57 26 52 41 11 93 7 56 0 38 77 14 24 8 4 88 59 53 27 83 94 37 23 19 50 73 39 65 25 75 22 92 55 17 43 42 71 66 95 33 63 16 58 91 70 61 51 44 3 32 10 45 15 62 69 64 82 20 89 1 29 68 87 79 30 84 97 60 34 46 74 28 47 13 40 21 76 48 72 90 96 78 86 12 80 98 54 5 85 18 67 35 49 99 2 36 6 31 81],[64 82 10 32 70 96 0 77 36 17 38 4 12 54 73 94 24 62 78 90 26 79 53 93 74 30 42 13 76 5 87 61 15 51 3 21 31 33 56 14 59 8 85 97 95 88 18 48 1 27 41 58 67 7 92 55 80 81 83 86 9 23 39 66 84 29 72 50 68 19 57 69 65 99 25 46 98 45 63 89 44 49 11 71 60 37 91 35 52 40 2 34 20 28 22 47 43 6 75 16],152002
greedy/sko100a,6,154508,455,88492,14,[64 36 70 82 38 61 43 93 49 34 77 14 53 8 78 41 67 23 20 35 86 5 83 88 85 95 18 98 16 40 87 10 74 12 15 60 11 13 1 19 0 94 29 4 24 84 76 25 81 47 72 33 73 62 31 97 92 66 52 75 96 63 30 21 3 55 42 45 80 44 57 65 32 46 59 58 7 99 37 69 17 90 27 89 56 22 68 71 91 6 9 79 26 54 51 28 39 50 48 2],[64 82 10 32 70 96 0 77 36 17 38 4 12 54 73 94 24 62 78 90 26 79 53 93 74 30 42 13 76 5 87 61 15 51 3 21 31 33 56 14 59 8 85 97 95 88 18 48 1 27 41 58 67 7 92 55 80 81 83 86 9 23 39 66 84 29 72 50 68 19 57 69 65 99 25 46 98 45 63 89 44 49 11 71 60 37 91 35 52 40 2 34 20 28 22 47 43 6 75 16],152002
steepest/sko100a,6,153792,130,648450,190,[64 57 86 22 16 28 9 44 40 75 17 87 41 83 11 60 52 92 47 49 38 61 15 8 48 88 25 23 91 34 82 4 21 95 51 55 85 68 93 20 78 24 31 84 14 97 18 39 67 50 70 73 54 29 1 79 74 33 53 81 96 94 3 63 58 46 72 99 98 6 36 32 59 56 27 30 37 7 66 71 0 10 12 62 76 42 13 65 45 35 77 90 26 89 5 43 80 19 69 2],[64 82 10 32 70 96 0 77 36 17 38 4 12 54 73 94 24 62 78 90 26 79 53 93 74 30 42 13 76 5 87 61 15 51 3 21 31 33 56 14 59 8 85 97 95 88 18 48 1 27 41 58 67 7 92 55 80 81 83 86 9 23 39 66 84 29 72 50 68 19 57 69 65 99 25 46 98 45 63 89 44 49 11 71 60 37 91 35 52 40 2 34 20 28 22 47 43 6 75 16],152002
random/sko100a,6,172740,12826,12826,223,[56 1 80 37 20 97 2 34 78 71 65 48 76 93 4 49 15 30 38 11 55 19 66 91 31 84 45 82 98 89 53 40 41 52 18 42 51 58 0 69 88 35 9 6 13 62 60 33 67 3 81 87 24 25 7 26 74 54 32 63 47 10 16 70 94 57 22 43 64 61 92 23 5 79 73 29 46 99 28 12 50 39 95 21 85 44 75 83 90 17 68 96 14 72 8 59 36 27 86 77],[64 82 10 32 70 96 0 77 36 17 38 4 12 54 73 94 24 62 78 90 26 79 53 93 74 30 42 13 76 5 87 61 15 51 3 21 31 33 56 14 59 8 85 97 95 88 18 48 1 27 41 58 67 7 92 55 80 81 83 86 9 23 39 66 84 29 72 50 68 19 57 69 65 99 25 46 98 45 63 89 44 49 11 71 60 37 91 35 52 40 2 34 20 28 22 47 43 6 75 16],152002
randomWalk/sko100a,6,177814,528089,528089,222,[4 67 52 87 88 19 36 24 85 86 69 82 34 11 12 41 84 25 68 18 95 0 13 77 76 37 26 30 40 48 39 54 6 38 93 42 92 2 98 9 51 33 91 23 3 43 55 99 74 47 5 61 45 66 57 50 8 78 90 53 29 79 22 32 27 60 10 46 96 28 72 94 73 81 35 97 1 58 17 44 49 14 15 31 70 59 7 83 56 62 21 71 64 16 80 63 20 89 75 65],[64 82 10 32 70 96 0 77 36 17 38 4 12 54 73 94 24 62 78 90 26 79 53 93 74 30 42 13 76 5 87 61 15 51 3 21 31 33 56 14 59 8 85 97 95 88 18 48 1 27 41 58 67 7 92 55 80 81 83 86 9 23 39 66 84 29 72 50 68 19 57 69 65 99 25 46 98 45 63 89 44 49 11 71 60 37 91 35 52 40 2 34 20 28 22 47 43 6 75 16],152002
greedy/sko100a,7,155954,501,161432,43,[69 49 70 82 26 38 61 36 2 64 93 81 12 0 4 10 34 8 43 77 42 35 13 62 45 23 79 74 53 89 71 80 98 3 56 7 65 67 54 5 91 37 94 30 99 50 46 58 73 32 47 66 33 18 51 97 21 88 85 14 44 19 76 55 92 68 15 95 83 87 75 59 24 31 60 25 29 84 28 57 48 52 63 78 11 39 72 41 22 90 17 40 1 96 6 9 20 16 86 27],[64 82 10 32 70 96 0 77 36 17 38 4 12 54 73 94 24 62 78 90 26 79 53 93 74 30 42 13 76 5 87 61 15 51 3 21 31 33 56 14 59 8 85 97 95 88 18 48 1 27 41 58 67 7 92 55 80 81 83 86 9 23 39 66 84 29 72 50 68 19 57 69 65 99 25 46 98 45 63 89 44 49 11 71 60 37 91 35 52 40 2 34 20 28 22 47 43 6 75 16],152002
steepest/sko100a,7,155248,117,584100,252,[64 36 78 38 87 10 61 14 5 86 70 82 41 93 67 4 26 49 83 17 0 24 95 18 85 74 51 20 68 16 48 12 62 31 15 13 76 1 19 40 77 42 81 88 8 53 33 56 50 90 73 94 35 21 97 54 45 72 9 27 96 84 3 98 66 79 60 23 63 52 32 59 80 55 30 92 25 39 91 75 57 44 37 58 71 99 47 22 89 28 2 43 69 7 29 46 11 65 34 6],[64 82 10 32 70 96 0 77 36 17 38 4 12 54 73 94 24 62 78 90 26 79 53 93 74 30 42 13 76 5 87 61 15 51 3 21 31 33 56 14 59 8 85 97 95 88 18 48 1 27 41 58 67 7 92 55 80 81 83 86 9 23 39 66 84 29 72 50 68 19 57 69 65 99 25 46 98 45 63 89 44 49 11 71 60 37 91 35 52 40 2 34 20 28 22 47 43 6 75 16],152002
random/sko100a,7,173614,17360,17360,222,[50 13 18 70 21 27 77 28 89 66 93 36 99 19 72 62 90 58 52 37 98 53 67 32 74 10 5 81 79 87 83 65 84 22 48 43 46 69 12 2 86 51 56 96 45 23 35 59 30 75 85 78 42 41 39 60 17 9 88 49 73 1 6 97 63 82 8 80 20 15 7 68 71 31 40 24 94 25 33 47 61 76 29 57 0 55 26 11 64 92 14 95 4 91 54 38 34 3 44 16],[64 82 10 32 70 96 0 77 36 17 38 4 12 54 73 94 24 62 78 90 26 79 53 93 74 30 42 13 76 5 87 61 15 51 3 21 31 33 56 14 59 8 85 97 95 88 18 48 1 27 41 58 67 7 92 55 80 81 83 86 9 23 39 66 84 29 72 50 68 19 57 69 65 99 25 46 98 45 63 89 44 49 11 71 60 37 91 35 52 40 2 34 20 28 22 47 43 6 75 16],152002
randomWalk/sko100a,7,177794,572504,572504,223,[70 18 51 90 88 43 69 92 42 97 8 72 24 93 35 7 96 59 36 56 77 62 32 13 21 33 78 68 89 25 65 12 80 15 26 60 86 50 9 0 57 54 75 28 76 39 31 34 4 74 67 45 81 29 95 98 22 73 79 23 61 63 66 46 52 2 87 3 83 71 41 14 30 55 49 1 64 11 5 16 40 19 17 48 47 27 10 91 44 6 82 84 94 38 20 37 99 58 53 85],[64 82 10 32 70 96 0 77 36 17 38 4 12 54 73 94 24 62 78 90 26 79 53 93 74 30 42 13 76 5 87 61 15 51 3 21 31 33 56 14 59 8 85 97 95 88 18 48 1 27 41 58 67 7 92 55 80 81 83 86 9 23 39 66 84 29 72 50 68 19 57 69 65 99 25 46 98 45 63 89 44 49 11 71 60 37 91 35 52 40 2 34 20 28 22 47 43 6 75 16],152002
greedy/sko100a,8,156692,490,88553,31,[32 48 93 82 41 70 49 40 36 86 78 7 18 85 66 98 35 19 44 43 42 88 67 97 80 37 69 71 16 77 54 12 13 8 83 47 1 22 75 28 94 53 55 30 3 81 60 84 52 0 73 33 21 15 95 45 25 29 63 96 62 74 92 31 56 91 11 87 72 17 24 79 4 51 23 39 20 65 59 90 76 10 58 38 68 50 99 46 9 57 2 5 14 26 61 34 6 27 89 64],[64 82 10 32 70 96 0 77 36 17 38 4 12 54 73 94 24 62 78 90 26 79 53 93 74 30 42 13 76 5 87 61 15 51 3 21 31 33 56 14 59 8 85 97 95 88 18 48 1 27 41 58 67 7 92 55 80 81 83 86 9 23 39 66 84 29 72 50 68 19 57 69 65 99 25 46 98 45 63 89 44 49 11 71 60 37 91 35 52 40 2 34 20 28 22 47 43 6 75 16],152002
steepest/sko100a,8,155578,118,589050,172,[2 57 41 49 44 6 87 69 26 82 34 9 61 86 20 11 22 51 59 38 64 79 54 99 85 15 71 93 12 17 28 65 95 39 98 25 3 84 31 96 23 67 8 7 97 60 29 66 72 4 92 74 55 83 18 88 46 48 43 78 75 52 68 40 16 1 63 19 56 36 35 33 91 47 37 21 80 94 24 70 81 73 53 58 13 45 30 42 62 0 14 5 50 10 27 76 89 32 90 77],[64 82 10 32 70 96 0 77 36 17 38 4 12 54 73 94 24 62 78 90 26 79 53 93 74 30 42 13 76 5 87 61 15 51 3 21 31 33 56 14 59 8 85 97 95 88 18 48 1 27 41 58 67 7 92 55 80 81 83 86 9 23 39 66 84 29 72 50 68 19 57 69 65 99 25 46 98 45 63 89 44 49 11 71 60 37 91 35 52 40 2 34 20 28 22 47 43 6 75 16],152002
random/sko100a,8,173180,14597,14597,226,[73 41 32 40 88 91 57 80 87 37 94 64 16 84 3 28 47 21 24 13 95 52 75 1 71 97 56 54 8 4 90 98 49 96 30 62 60 15 83 99 79 82 67 58 26 85 20 43 18 19 51 70 25 22 12 66 55 93 53 78 29 72 5 10 77 11 46 45 89 44 2 27 50 36 63 7 74 42 76 61 48 23 33 17 86 68 31 39 34 38 0 14 59 65 69 92 35 6 81 9],[64 82 10 32 70 96 0 77 36 17 38 4 12 54 73 94 24 62 78 90 26 79 53 93 74 30 42 13 76 5 87 61 15 51 3 21 31 33 56 14 59 8 85 97 95 88 18 48 1 27 41 58 67 7 92 55 80 81 83 86 9 23 39 66 84 29 72 50 68 19 57 69 65 99 25 46 98 45 63 89 44 49 11 71 60 37 91 35 52 40 2 34 20 28 22 47 43 6 75 16],152002
randomWalk/sko100a,8,179326,417204,417204,223,[79 52 50 31 24 74 82 12 27 65 69 19 3 35 59 89 58 45 78 8 96 25 60 0 97 18 92 36 38 37 4 15 57 80 98 54 72 40 10 71 14 21 49 67 7 73 6 53 95 23 30 1 5 17 29 42 99 61 90 43 77 44 26 22 55 2 11 93 39 63 94 28 86 48 62 41 34 32 66 76 75 87 13 85 70 16 51 20 33 88 47 84 81 9 64 56 91 68 46 83],[64 82 10 32 70 96 0 77 36 17 38 4 12 54 73 94 24 62 78 90 26 79 53 93 74 30 42 13 76 5 87 61 15 51 3 21 31 33 56 14 59 8 85 97 95 88 18 48 1 27 41 58 67 7 92 55 80 81 83 86 9 23 39 66 84 29 72 50 68 19 57 69 65 99 25 46 98 45 63 89 44 49 11 71 60 37 91 35 52 40 2 34 20 28 22 47 43 6 75 16],152002
greedy/sko100a,9,154482,579,141789,64,[38 82 70 78 4 36 64 23 90 17 32 12 41 24 10 62 8 83 96 77 20 67 93 14 53 15 88 5 79 48 59 85 66 51 95 74 84 56 27 26 7 65 97 0 30 72 3 29 54 92 71 58 39 18 76 13 60 25 1 11 37 99 46 42 94 80 98 63 89 43 9 69 50 31 33 45 35 40 6 19 44 49 68 21 55 81 47 91 75 52 2 57 86 87 73 61 28 22 34 16],[64 82 10 32 70 96 0 77 36 17 38 4 12 54 73 94 24 62 78 90 26 79 53 93 74 30 42 13 76 5 87 61 15 51 3 21 31 33 56 14 59 8 85 97 95 88 18 48 1 27 41 58 67 7 92 55 80 81 83 86 9 23 39 66 84 29 72 50 68 19 57 69 65 99 25 46 98 45 63 89 44 49 11 71 60 37 91 35 52 40 2 34 20 28 22 47 43 6 75 16],152002
steepest/sko100a,9,154480,120,598950,284,[77 54 26 79 8 88 72 89 43 28 96 12 62 42 51 15 84 59 48 9 10 94 30 80 66 39 29 63 11 75 92 24 31 3 55 91 71 37 47 44 23 4 56 7 97 21 25 65 60 6 0 93 98 13 18 45 50 99 69 20 19 53 76 33 58 85 81 46 35 16 90 73 5 74 67 68 95 27 1 52 70 38 78 14 83 61 41 22 40 34 17 82 32 36 64 86 87 57 49 2],[64 82 10 32 70 96 0 77 36 17 38 4 12 54 73 94 24 62 78 90 26 79 53 93 74 30 42 13 76 5 87 61 15 51 3 21 31 33 56 14 59 8 85 97 95 88 18 48 1 27 41 58 67 7 92 55 80 81 83 86 9 23 39 66 84 29 72 50 68 19 57 69 65 99 25 46 98 45 63 89 44 49 11 71 60 37 91 35 52 40 2 34 20 28 22 47 43 6 75 16],152002
random/sko100a,9,173204,16766,16766,222,[43 14 72 32 48 57 52 69 9 67 20 40 34 50 10 27 5 18 71 75 77 44 12 93 29 83 33 91 45 68 82 81 94 11 76 47 25 16 65 13 79 4 61 15 26 99 49 3 37 19 38 51 2 62 74 6 60 80 89 30 90 8 36 55 24 98 21 59 78 42 53 70 84 46 35 66 54 63 17 7 73 28 64 1 58 23 85 92 88 86 97 22 41 39 96 87 95 56 31 0],[64 82 10 32 70 96 0 77 36 17 38 4 12 54 73 94 24 62 78 90 26 79 53 93 74 30 42 13 76 5 87 61 15 51 3 21 31 33 56 14 59 8 85 97 95 88 18 48 1 27 41 58 67 7 92 55 80 81 83 86 9 23 39 66 84 29 72 50 68 19 57 69 65 99 25 46 98 45 63 89 44 49 11 71 60 37 91 35 52 40 2 34 20 28 22 47 43 6 75 16],152002
randomWalk/sko100a,9,176026,512343,512343,222,[37 22 5 72 41 83 29 53 15 87 82 17 86 68 55 95 16 60 56 51 35 73 23 13 19 24 39 1 31 46 78 48 49 65 99 80 3 38 79 67 18 61 90 10 7 36 94 57 59 34 28 63 52 14 98 91 45 64 9 89 69 40 96 77 47 71 20 6 32 93 4 8 25 76 54 21 74 33 66 26 44 92 11 62 97 81 43 84 27 85 88 0 50 58 2 75 30 42 70 12],[64 82 10 32 70 96 0 77 36 17 38 4 12 54 73 94 24 62 78 90 26 79 53 93 74 30 42 13 76 5 87 61 15 51 3 21 31 33 56 14 59 8 85 97 95 88 18 48 1 27 41 58 67 7 92 55 80 81 83 86 9 23 39 66 84 29 72 50 68 19 57 69 65 99 25 46 98 45 63 89 44 49 11 71 60 37 91 35 52 40 2 34 20 28 22 47 43 6 75 16],152002
greedy/sko100a,10,155222,464,76624,24,[22 6 34 11 61 48 38 1 82 32 57 69 49 25 60 52 93 42 70 87 75 35 99 65 46 89 45 13 76 10 44 40 47 37 91 92 21 81 73 27 9 58 71 67 50 55 12 33 94 5 41 20 23 97 18 88 15 53 24 14 59 63 66 98 51 80 31 30 0 90 86 39 84 85 68 3 54 4 56 19 28 83 29 8 95 79 96 74 78 17 2 16 72 7 43 26 77 62 36 64],[64 82 10 32 70 96 0 77 36 17 38 4 12 54 73 94 24 62 78 90 26 79 53 93 74 30 42 13 76 5 87 61 15 51 3 21 31 33 56 14 59 8 85 97 95 88 18 48 1 27 41 58 67 7 92 55 80 81 83 86 9 23 39 66 84 29 72 50 68 19 57 69 65 99 25 46 98 45 63 89 44 49 11 71 60 37 91 35 52 40 2 34 20 28 22 47 43 6 75 16],152002
steepest/sko100a,10,154078,138,688050,237,[75 52 40 49 86 87 17 78 82 36 35 6 16 20 60 19 1 38 32 70 48 34 11 93 61 15 13 76 27 14 81 47 45 25 85 51 18 4 53 90 42 91 50 67 68 21 33 56 73 5 37 99 7 98 55 31 92 23 24 10 80 71 66 58 97 88 74 62 30 12 69 65 39 63 3 29 83 79 94 54 44 59 72 46 95 84 8 96 0 89 2 57 9 28 22 41 43 26 64 77],[64 82 10 32 70 96 0 77 36 17 38 4 12 54 73 94 24 62 78 90 26 79 53 93 74 30 42 13 76 5 87 61 15 51 3 21 31 33 56 14 59 8 85 97 95 88 18 48 1 27 41 58 67 7 92 55 80 81 83 86 9 23 39 66 84 29 72 50 68 19 57 69 65 99 25 46 98 45 63 89 44 49 11 71 60 37 91 35 52 40 2 34 20 28 22 47 43 6 75 16],152002
random/sko100a,10,173404,24035,24035,222,[89 26 50 41 78 3 65 14 58 87 61 10 8 90 91 35 70 28 16 4 1 33 79 37 57 76 31 52 46 62 27 82 7 36 56 95 44 24 71 51 38 75 54 88 55 80 64 13 60 48 99 5 19 32 73 45 85 11 96 22 34 63 18 6 23 15 68 97 67 17 40 12 43 94 29 59 74 53 20 30 49 86 69 93 9 42 72 25 92 2 83 47 39 81 0 21 98 77 84 66],[64 82 10 32 70 96 0 77 36 17 38 4 12 54 73 94 24 62 78 90 26 79 53 93 74 30 42 13 76 5 87 61 15 51 3 21 31 33 56 14 59 8 85 97 95 88 18 48 1 27 41 58 67 7 92 55 80 81 83 86 9 23 39 66 84 29 72 50 68 19 57 69 65 99 25 46 98 45 63 89 44 49 11 71 60 37 91 35 52 40 2 34 20 28 22 47 43 6 75 16],152002
randomWalk/sko100a,10,179152,505834,505834,222,[69 97 0 11 70 79 95 54 24 89 19 20 55 73 48 6 36 29 7 30 44 77 72 65 33 57 16 41 32 56 25 78 64 15 94 28 2 38 87 84 80 61 35 40 68 91 58 46 26 4 53 21 85 17 13 23 10 47 62 66 92 74 12 59 37 22 18 50 45 27 98 76 88 9 99 81 96 14 86 90 31 82 67 5 60 8 83 71 1 42 43 63 39 52 75 3 34 93 51 49],[64 82 10 32 70 96 0 77 36 17 38 4 12 54 73 94 24 62 78 90 26 79 53 93 74 30 42 13 76 5 87 61 15 51 3 21 31 33 56 14 59 8 85 97 95 88 18 48 1 27 41 58 67 7 92 55 80 81 83 86 9 23 39 66 84 29 72 50 68 19 57 69 65 99 25 46 98 45 63 89 44 49 11 71 60 37 91 35 52 40 2 34 20 28 22 47 43 6 75 16],152002
greedy/sko90,1,116998,467,121636,44,[21 86 78 54 73 24 17 63 66 4 33 70 12 77 82 16 9 80 61 19 68 11 18 5 56 13 59 72 76 10 22 64 36 83 6 67 88 31 34 38 29 35 46 50 27 2 89 84 0 71 69 58 14 51 37 62 65 3 20 7 75 8 40 87 79 60 53 57 28 32 26 47 55 74 43 39 44 45 52 41 85 49 30 48 15 42 25 81 1 23],[85 26 8 87 75 40 51 37 78 7 47 58 74 83 15 43 39 60 57 24 49 29 48 79 56 65 62 73 42 81 70 68 14 2 6 18 77 12 16 52 22 35 11 36 27 50 5 13 76 28 33 55 69 64 82 46 53 3 0 1 30 59 9 88 89 25 80 72 20 63 21 44 54 67 84 34 31 61 86 41 10 17 45 19 32 71 38 66 23 4],115534
steepest/sko90,1,116904,125,504630,120,[21 33 78 68 11 76 63 86 66 4 22 70 56 60 39 16 73 80 24 10 58 43 18 83 5 77 59 82 19 17 37 29 12 65 62 53 9 25 54 45 8 79 36 64 27 13 89 72 20 23 40 30 48 14 55 67 88 3 61 7 49 47 6 35 50 2 0 84 38 71 85 87 74 42 51 31 69 46 34 1 75 26 52 15 81 57 44 28 32 41],[85 26 8 87 75 40 51 37 78 7 47 58 74 83 15 43 39 60 57 24 49 29 48 79 56 65 62 73 42 81 70 68 14 2 6 18 77 12 16 52 22 35 11 36 27 50 5 13 76 28 33 55 69 64 82 46 53 3 0 1 30 59 9 88 89 25 80 72 20 63 21 44 54 67 84 34 31 61 86 41 10 17 45 19 32 71 38 66 23 4],115534
random/sko90,1,131274,11317,11317,94,[76 8 88 31 38 52 57 4 15 32 66 28 44 0 49 48 69 68 40 85 42 35 75 70 14 65 43 62 46 34 72 21 47 61 27 80 5 82 10 19 13 78 18 77 50 71 9 79 81 86 33 73 64 55 11 87 53 45 22 41 12 16 67 39 89 56 63 7 26 17 20 25 6 74 36 24 60 59 84 23 54 51 3 1 29 83 30 58 37 2],[85 26 8 87 75 40 51 37 78 7 47 58 74 83 15 43 39 60 57 24 49 29 48 79 56 65 62 73 42 81 70 68 14 2 6 18 77 12 16 52 22 35 11 36 27 50 5 13 76 28 33 55 69 64 82 46 53 3 0 1 30 59 9 88 89 25 80 72 20 63 21 44 54 67 84 34 31 61 86 41 10 17 45 19 32 71 38 66 23 4],115534
randomWalk/sko90,1,136488,241461,241461,95,[39 30 77 22 8 64 3 19 45 29 56 0 38 68 37 33 12 76 20 23 83 2 78 16 44 74 47 41 86 63 85 67 35 54 13 21 4 65 75 89 46 66 14 28 72 59 53 18 24 82 71 81 9 48 25 80 50 52 5 11 31 42 27 84 87 88 40 1 34 17 60 43 62 10 70 79 32 26 49 15 57 6 73 58 61 69 55 51 36 7],[85 26 8 87 75 40 51 37 78 7 47 58 74 83 15 43 39 60 57 24 49 29 48 79 56 65 62 73 42 81 70 68 14 2 6 18 77 12 16 52 22 35 11 36 27 50 5 13 76 28 33 55 69 64 82 46 53 3 0 1 30 59 9 88 89 25 80 72 20 63 21 44 54 67 84 34 31 61 86 41 10 17 45 19 32 71 38 66 23 4],115534
greedy/sko90,2,117848,460,82090,29,[7 37 23 18 76 48 25 71 68 10 40 78 56 16 79 72 80 19 59 66 49 39 73 77 13 38 45 88 11 70 74 83 62 5 2 36 89 67 29 17 58 43 65 12 6 27 55 82 54 33 47 60 57 53 50 14 35 44 8 22 26 51 87 31 0 61 64 84 9 21 85 75 15 1 28 34 3 69 20 30 24 81 42 52 41 32 46 86 63 4],[85 26 8 87 75 40 51 37 78 7 47 58 74 83 15 43 39 60 57 24 49 29 48 79 56 65 62 73 42 81 70 68 14 2 6 18 77 12 16 52 22 35 11 36 27 50 5 13 76 28 33 55 69 64 82 46 53 3 0 1 30 59 9 88 89 25 80 72 20 63 21 44 54 67 84 34 31 61 86 41 10 17 45 19 32 71 38 66 23 4],115534
steepest/sko90,2,117822,98,396495,137,[41 23 42 71 20 49 1 7 73 24 81 52 38 61 0 57 37 40 43 75 32 15 34 31 13 12 65 62 78 51 76 79 2 89 72 27 6 16 39 26 28 45 25 67 53 18 5 56 60 87 19 74 48 64 88 77 36 80 83 86 11 55 35 84 14 50 3 46 58 47 68 54 44 59 9 8 29 82 70 22 66 10 17 69 63 21 30 4 33 85],[85 26 8 87 75 40 51 37 78 7 47 58 74 83 15 43 39 60 57 24 49 29 48 79 56 65 62 73 42 81 70 68 14 2 6 18 77 12 16 52 22 35 11 36 27 50 5 13 76 28 33 55 69 64 82 46 53 3 0 1 30 59 9 88 89 25 80 72 20 63 21 44 54 67 84 34 31 61 86 41 10 17 45 19 32 71 38 66 23 4],115534
random/sko90,2,132278,13014,13014,94,[82 29 32 68 55 74 85 66 30 26 58 59 81 17 87 28 23 43 37 5 69 47 83 80 15 21 7 45 3 89 75 6 49 35 11 62 53 79 88 12 19 65 48 14 77 40 57 61 54 52 9 70 51 25 0 2 64 78 50 73 22 39 1 44 31 60 24 10 8 63 4 46 71 34 13 36 38 18 27 20 84 76 33 16 67 72 42 56 86 41],[85 26 8 87 75 40 51 37 78 7 47 58 74 83 15 43 39 60 57 24 49 29 48 79 56 65 62 73 42 81 70 68 14 2 6 18 77 12 16 52 22 35 11 36 27 50 5 13 76 28 33 55 69 64 82 46 53 3 0 1 30 59 9 88 89 25 80 72 20 63 21 44 54 67 84 34 31 61 86 41 10 17 45 19 32 71 38 66 23 4],115534
randomWalk/sko90,2,136000,366349,366349,94,[37 22 88 59 83 33 24 45 10 56 39 46 55 0 8 58 81 51 7 19 60 54 47 63 89 14 18 35 72 67 38 82 49 34 20 87 85 62 64 36 9 16 26 71 69 53 1 25 28 13 48 12 44 86 74 73 75 43 52 76 5 78 80 30 32 40 57 11 70 42 50 21 2 29 41 17 23 27 66 6 77 15 3 61 84 4 31 65 79 68],[85 26 8 87 75 40 51 37 78 7 47 58 74 83 15 43 39 60 57 24 49 29 48 79 56 65 62 73 42 81 70 68 14 2 6 18 77 12 16 52 22 35 11 36 27 50 5 13 76 28 33 55 69 64 82 46 53 3 0 1 30 59 9 88 89 25 80 72 20 63 21 44 54 67 84 34 31 61 86 41 10 17 45 19 32 71 38 66 23 4],115534
greedy/sko90,3,118118,416,66039,16,[23 41 7 52 0 81 42 57 10 63 85 32 19 79 28 15 12 20 76 54 26 45 31 51 87 62 74 77 37 78 55 25 89 2 50 53 48 35 59 11 49 44 72 27 5 13 14 18 8 68 47 9 88 83 65 43 40 56 58 29 39 17 67 6 36 64 60 16 70 24 30 34 84 61 80 82 73 86 22 66 1 38 71 3 46 69 75 33 21 4],[85 26 8 87 75 40 51 37 78 7 47 58 74 83 15 43 39 60 57 24 49 29 48 79 56 65 62 73 42 81 70 68 14 2 6 18 77 12 16 52 22 35 11 36 27 50 5 13 76 28 33 55 69 64 82 46 53 3 0 1 30 59 9 88 89 25 80 72 20 63 21 44 54 67 84 34 31 61 86 41 10 17 45 19 32 71 38 66 23 4],115534
steepest/sko90,3,118978,85,344430,88,[19 52 42 31 32 61 40 24 81 41 49 71 1 38 34 0 13 43 65 23 76 72 15 57 62 20 28 37 80 7 79 89 6 12 2 18 14 5 68 66 30 27 67 77 50 54 36 56 11 21 55 48 53 88 64 69 35 8 59 9 45 25 84 3 44 82 46 83 63 17 26 86 74 87 47 85 29 58 39 4 10 78 73 60 51 75 16 22 70 33],[85 26 8 87 75 40 51 37 78 7 47 58 74 83 15 43 39 60 57 24 49 29 48 79 56 65 62 73 42 81 70 68 14 2 6 18 77 12 16 52 22 35 11 36 27 50 5 13 76 28 33 55 69 64 82 46 53 3 0 1 30 59 9 88 89 25 80 72 20 63 21 44 54 67 84 34 31 61 86 41 10 17 45 19 32 71 38 66 23 4],115534
random/sko90,3,132756,11018,11018,94,[6 12 44 85 48 28 49 52 46 10 32 15 84 67 68 87 11 26 45 0 63 69 61 34 18 78 65 71 79 7 1 25 29 3 14 42 2 86 82 31 21 75 70 47 58 35 22 55 50 76 40 54 23 80 66 13 30 72 59 17 81 57 51 62 27 9 19 83 56 20 8 73 37 89 74 60 24 16 5 4 64 36 39 38 77 43 53 88 41 33],[85 26 8 87 75 40 51 37 78 7 47 58 74 83 15 43 39 60 57 24 49 29 48 79 56 65 62 73 42 81 70 68 14 2 6 18 77 12 16 52 22 35 11 36 27 50 5 13 76 28 33 55 69 64 82 46 53 3 0 1 30 59 9 88 89 25 80 72 20 63 21 44 54 67 84 34 31 61 86 41 10 17 45 19 32 71 38 66 23 4],115534
randomWalk/sko90,3,136030,295456,295456,94,[58 32 77 28 43 79 54 69 13 21 70 63 9 39 35 45 49 14 25 83 84 30 8 11 24 27 72 82 80 59 51 41 42 19 15 48 76 38 55 73 33 62 29 10 37 4 5 64 60 68 34 50 56 44 75 40 78 2 47 0 53 31 81 57 87 52 88 65 7 17 6 67 22 66 23 74 3 1 86 26 16 12 71 18 20 46 61 36 89 85],[85 26 8 87 75 40 51 37 78 7 47 58 74 83 15 43 39 60 57 24 49 29 48 79 56 65 62 73 42 81 70 68 14 2 6 18 77 12 16 52 22 35 11 36 27 50 5 13 76 28 33 55 69 64 82 46 53 3 0 1 30 59 9 88 89 25 80 72 20 63 21 44 54 67 84 34 31 61 86 41 10 17 45 19 32 71 38 66 23 4],115534
greedy/sko90,4,117334,435,109726,34,[10 58 60 43 39 83 74 47 26 17 24 57 29 65 62 42 49 55 45 7 70 59 77 13 0 50 51 87 44 23 68 56 35 48 36 2 79 25 46 32 22 18 12 14 5 6 27 53 82 34 86 11 37 64 67 15 89 31 84 19 78 76 16 81 80 28 52 61 71 41 33 73 75 40 20 88 72 3 38 66 21 63 8 69 9 30 54 85 1 4],[85 26 8 87 75 40 51 37 78 7 47 58 74 83 15 43 39 60 57 24 49 29 48 79 56 65 62 73 42 81 70 68 14 2 6 18 77 12 16 52 22 35 11 36 27 50 5 13 76 28 33 55 69 64 82 46 53 3 0 1 30 59 9 88 89 25 80 72 20 63 21 44 54 67 84 34 31 61 86 41 10 17 45 19 32 71 38 66 23 4],115534
steepest/sko90,4,118058,107,432540,138,[4 63 86 71 20 1 24 73 78 7 41 81 16 0 3 28 53 60 42 57 23 80 77 45 13 50 82 25 62 46 10 76 19 84 39 56 65 43 15 32 59 52 11 89 83 5 12 37 79 26 68 48 64 35 36 2 18 58 74 87 17 70 29 67 31 6 14 27 40 51 30 9 22 72 88 34 69 8 44 75 66 33 21 61 38 54 55 49 47 85],[85 26 8 87 75 40 51 37 78 7 47 58 74 83 15 43 39 60 57 24 49 29 48 79 56 65 62 73 42 81 70 68 14 2 6 18 77 12 16 52 22 35 11 36 27 50 5 13 76 28 33 55 69 64 82 46 53 3 0 1 30 59 9 88 89 25 80 72 20 63 21 44 54 67 84 34 31 61 86 41 10 17 45 19 32 71 38 66 23 4],115534
random/sko90,4,132886,9975,9975,94,[79 19 11 64 9 50 75 85 61 40 33 52 81 74 14 6 72 54 49 3 32 30 36 77 2 71 58 44 47 38 29 66 86 46 17 42 69 27 20 88 13 23 89 70 73 83 65 34 1 51 67 39 57 78 45 41 25 63 82 12 43 0 28 76 62 7 21 84 53 5 68 22 80 4 31 24 60 8 55 37 26 59 35 48 18 16 56 15 10 87],[85 26 8 87 75 40 51 37 78 7 47 58 74 83 15 43 39 60 57 24 49 29 48 79 56 65 62 73 42 81 70 68 14 2 6 18 77 12 16 52 22 35 11 36 27 50 5 13 76 28 33 55 69 64 82 46 53 3 0 1 30 59 9 88 89 25 80 72 20 63 21 44 54 67 84 34 31 61 86 41 10 17 45 19 32 71 38 66 23 4],115534
randomWalk/sko90,4,138726,250963,250963,94,[31 82 30 0 59 2 85 67 34 9 73 27 39 12 80 24 78 20 53 84 88 79 11 8 32 4 69 29 65 55 60 83 38 43 41 40 89 76 15 33 35 81 21 63 10 54 7 50 49 18 45 13 77 51 14 37 36 70 72 68 52 16 66 47 42 23 1 56 44 6 19 64 46 48 22 25 57 5 26 3 87 17 86 28 71 62 74 61 75 58],[85 26 8 87 75 40 51 37 78 7 47 58 74 83 15 43 39 60 57 24 49 29 48 79 56 65 62 73 42 81 70 68 14 2 6 18 77 12 16 52 22 35 11 36 27 50 5 13 76 28 33 55 69 64 82 46 53 3 0 1 30 59 9 88 89 25 80 72 20 63 21 44 54 67 84 34 31 61 86 41 10 17 45 19 32 71 38 66 23 4],115534
greedy/sko90,5,117012,452,107283,24,[24 16 78 60 43 73 75 26 70 33 57 51 37 56 62 39 87 47 29 22 42 13 18 6 50 40 74 58 68 85 86 77 12 5 65 36 83 14 11 21 81 0 64 2 79 80 46 35 8 63 32 31 15 67 53 48 82 69 9 54 19 61 34 89 27 84 88 55 59 30 41 52 38 28 76 72 3 44 17 66 23 7 71 1 20 25 45 49 10 4],[85 26 8 87 75 40 51 37 78 7 47 58 74 83 15 43 39 60 57 24 49 29 48 79 56 65 62 73 42 81 70 68 14 2 6 18 77 12 16 52 22 35 11 36 27 50 5 13 76 28 33 55 69 64 82 46 53 3 0 1 30 59 9 88 89 25 80 72 20 63 21 44 54 67 84 34 31 61 86 41 10 17 45 19 32 71 38 66 23 4],115534
steepest/sko90,5,117628,111,448560,134,[33 21 24 58 43 52 49 47 85 26 70 10 22 60 83 39 42 30 74 86 78 56 59 67 40 65 79 55 17 87 68 11 77 35 36 62 48 29 45 19 16 18 13 12 5 14 8 64 44 51 76 6 37 50 2 89 27 15 25 69 73 71 20 0 9 80 61 82 53 46 66 1 72 88 28 34 38 3 84 75 4 63 7 57 41 23 81 54 31 32],[85 26 8 87 75 40 51 37 78 7 47 58 74 83 15 43 39 60 57 24 49 29 48 79 56 65 62 73 42 81 70 68 14 2 6 18 77 12 16 52 22 35 11 36 27 50 5 13 76 28 33 55 69 64 82 46 53 3 0 1 30 59 9 88 89 25 80 72 20 63 21 44 54 67 84 34 31 61 86 41 10 17 45 19 32 71 38 66 23 4],115534
random/sko90,5,132184,8241,8241,94,[51 76 77 39 60 62 50 12 8 49 22 30 28 83 43 70 35 23 1 25 54 41 45 38 27 89 72 79 65 17 33 0 15 80 74 84 56 48 87 73 82 36 5 42 14 58 55 18 59 19 66 34 13 67 37 47 2 3 20 44 88 24 6 4 31 26 64 9 68 71 61 86 11 53 57 46 10 81 32 85 63 7 52 21 69 75 78 16 29 40],[85 26 8 87 75 40 51 37 78 7 47 58 74 83 15 43 39 60 57 24 49 29 48 79 56 65 62 73 42 81 70 68 14 2 6 18 77 12 16 52 22 35 11 36 27 50 5 13 76 28 33 55 69 64 82 46 53 3 0 1 30 59 9 88 89 25 80 72 20 63 21 44 54 67 84 34 31 61 86 41 10 17 45 19 32 71 38 66 23 4],115534
randomWalk/sko90,5,138392,307929,307929,94,[4 19 34 30 67 71 54 75 31 17 13 35 14 58 6 56 18 11 86 46 44 9 57 29 53 83 63 22 55 79 81 59 3 45 0 7 72 15 77 12 87 38 8 74 25 78 65 27 64 80 43 61 40 32 51 28 5 62 52 16 10 37 73 49 33 23 24 50 47 76 60 2 42 26 85 39 41 36 88 68 69 89 1 70 82 21 66 20 84 48],[85 26 8 87 75 40 51 37 78 7 47 58 74 83 15 43 39 60 57 24 49 29 48 79 56 65 62 73 42 81 70 68 14 2 6 18 77 12 16 52 22 35 11 36 27 50 5 13 76 28 33 55 69 64 82 46 53 3 0 1 30 59 9 88 89 25 80 72 20 63 21 44 54 67 84 34 31 61 86 41 10 17 45 19 32 71 38 66 23 4],115534
greedy/sko90,6,117876,387,89624,23,[4 23 71 20 7 0 51 38 75 41 66 19 72 84 46 69 31 61 32 34 81 80 64 88 3 28 40 54 15 1 9 45 89 27 79 13 36 2 44 52 17 59 67 35 55 65 14 8 74 42 76 48 25 82 50 5 83 6 87 30 68 11 77 53 62 12 37 29 47 49 10 70 16 18 56 39 43 22 26 33 63 78 86 73 57 60 58 21 85 24],[85 26 8 87 75 40 51 37 78 7 47 58 74 83 15 43 39 60 57 24 49 29 48 79 56 65 62 73 42 81 70 68 14 2 6 18 77 12 16 52 22 35 11 36 27 50 5 13 76 28 33 55 69 64 82 46 53 3 0 1 30 59 9 88 89 25 80 72 20 63 21 44 54 67 84 34 31 61 86 41 10 17 45 19 32 71 38 66 23 4],115534
steepest/sko90,6,117458,126,508635,149,[4 32 75 69 46 8 87 51 26 22 19 31 71 64 35 48 40 68 78 10 76 61 15 67 79 6 36 18 56 21 66 38 34 2 27 14 12 5 11 43 81 54 0 88 82 50 13 77 65 83 63 28 57 72 9 80 73 62 39 60 41 20 84 89 53 59 37 16 29 70 52 3 42 44 25 55 74 45 17 33 23 1 86 30 49 85 47 7 58 24],[85 26 8 87 75 40 51 37 78 7 47 58 74 83 15 43 39 60 57 24 49 29 48 79 56 65 62 73 42 81 70 68 14 2 6 18 77 12 16 52 22 35 11 36 27 50 5 13 76 28 33 55 69 64 82 46 53 3 0 1 30 59 9 88 89 25 80 72 20 63 21 44 54 67 84 34 31 61 86 41 10 17 45 19 32 71 38 66 23 4],115534
random/sko90,6,132512,11916,11916,94,[20 81 69 49 59 64 52 0 26 45 76 88 72 11 13 16 48 30 47 55 28 4 8 3 43 67 36 31 40 7 85 2 80 14 33 17 35 53 46 87 70 77 39 61 86 27 5 51 78 12 60 42 32 62 25 82 44 38 19 71 66 15 79 63 10 74 18 24 37 57 73 83 56 58 6 1 84 34 54 89 75 65 50 68 22 9 21 23 29 41],[85 26 8 87 75 40 51 37 78 7 47 58 74 83 15 43 39 60 57 24 49 29 48 79 56 65 62 73 42 81 70 68 14 2 6 18 77 12 16 52 22 35 11 36 27 50 5 13 76 28 33 55 69 64 82 46 53 3 0 1 30 59 9 88 89 25 80 72 20 63 21 44 54 67 84 34 31 61 86 41 10 17 45 19 32 71 38 66 23 4],115534
randomWalk/sko90,6,138916,331213,331213,94,[56 15 23 30 22 20 26 85 39 42 34 8 12 27 50 32 88 18 14 65 46 73 35 81 33 44 77 82 79 78 84 16 21 43 25 29 38 45 37 36 5 89 13 83 60 87 3 67 51 70 55 74 86 1 40 62 41 28 2 19 10 63 57 75 7 54 59 11 80 49 68 52 4 66 24 9 6 31 69 72 17 0 53 47 48 61 71 64 58 76],[85 26 8 87 75 40 51 37 78 7 47 58 74 83 15 43 39 60 57 24 49 29 48 79 56 65 62 73 42 81 70 68 14 2 6 18 77 12 16 52 22 35 11 36 27 50 5 13 76 28 33 55 69 64 82 46 53 3 0 1 30 59 9 88 89 25 80 72 20 63 21 44 54 67 84 34 31 61 86 41 10 17 45 19 32 71 38 66 23 4],115534
greedy/sko90,7,117758,436,79900,32,[4 66 19 71 38 32 41 23 1 7 10 63 80 0 46 34 39 43 20 81 21 16 9 13 61 31 65 62 51 24 70 78 59 72 36 5 56 37 73 40 33 76 77 88 83 82 12 54 15 42 17 11 50 67 2 27 6 79 30 49 26 45 44 89 84 55 52 87 74 47 29 68 48 35 64 18 14 8 58 85 22 86 25 69 3 53 28 57 60 75],[85 26 8 87 75 40 51 37 78 7 47 58 74 83 15 43 39 60 57 24 49 29 48 79 56 65 62 73 42 81 70 68 14 2 6 18 77 12 16 52 22 35 11 36 27 50 5 13 76 28 33 55 69 64 82 46 53 3 0 1 30 59 9 88 89 25 80 72 20 63 21 44 54 67 84 34 31 61 86 41 10 17 45 19 32 71 38 66 23 4],115534
steepest/sko90,7,117566,103,416520,158,[81 52 32 0 15 24 42 78 75 26 41 31 61 20 12 51 73 87 40 85 1 38 34 30 36 13 6 39 43 49 71 19 84 64 67 2 27 79 55 47 54 72 82 89 5 83 50 18 37 21 7 88 45 53 14 65 62 56 74 8 23 3 28 46 69 77 35 60 58 33 4 63 80 9 59 16 11 57 70 22 66 17 25 86 44 48 76 68 29 10],[85 26 8 87 75 40 51 37 78 7 47 58 74 83 15 43 39 60 57 24 49 29 48 79 56 65 62 73 42 81 70 68 14 2 6 18 77 12 16 52 22 35 11 36 27 50 5 13 76 28 33 55 69 64 82 46 53 3 0 1 30 59 9 88 89 25 80 72 20 63 21 44 54 67 84 34 31 61 86 41 10 17 45 19 32 71 38 66 23 4],115534
random/sko90,7,132778,10472,10472,99,[55 81 24 68 50 9 78 31 63 3 77 49 64 40 17 65 57 75 20 69 74 15 14 18 83 38 88 5 51 1 29 86 82 46 48 67 52 39 85 87 34 7 80 23 43 70 2 60 54 58 45 26 11 89 32 59 4 22 8 25 36 84 13 79 27 28 37 10 62 66 19 71 44 35 56 30 41 73 76 16 47 33 21 42 6 72 0 53 12 61],[85 26 8 87 75 40 51 37 78 7 47 58 74 83 15 43 39 60 57 24 49 29 48 79 56 65 62 73 42 81 70 68 14 2 6 18 77 12 16 52 22 35 11 36 27 50 5 13 76 28 33 55 69 64 82 46 53 3 0 1 30 59 9 88 89 25 80 72 20 63 21 44 54 67 84 34 31 61 86 41 10 17 45 19 32 71 38 66 23 4],115534
randomWalk/sko90,7,135246,236155,236155,96,[60 66 78 36 23 63 16 62 59 10 21 14 47 35 2 86 19 89 7 75 68 45 12 41 38 33 20 1 79 65 32 9 69 55 31 53 25 76 24 52 8 4 49 27 57 37 58 17 81 77 3 88 18 87 5 15 80 71 70 73 34 44 26 67 51 22 54 30 84 43 50 6 56 46 61 64 48 85 40 29 11 28 0 82 83 39 42 13 72 74],[85 26 8 87 75 40 51 37 78 7 47 58 74 83 15 43 39 60 57 24 49 29 48 79 56 65 62 73 42 81 70 68 14 2 6 18 77 12 16 52 22 35 11 36 27 50 5 13 76 28 33 55 69 64 82 46 53 3 0 1 30 59 9 88 89 25 80 72 20 63 21 44 54 67 84 34 31 61 86 41 10 17 45 19 32 71 38 66 23 4],115534
greedy/sko90,8,119182,410,67849,28,[85 26 10 58 24 39 63 47 49 52 21 1 20 0 43 60 9 53 30 41 69 34 59 84 65 3 28 25 44 17 75 67 35 64 83 88 89 72 55 45 32 36 48 2 76 61 5 27 38 74 51 87 15 50 79 13 62 31 42 81 40 6 8 37 14 73 12 80 54 23 46 22 70 29 56 57 11 77 82 66 7 71 68 18 78 86 16 19 33 4],[85 26 8 87 75 40 51 37 78 7 47 58 74 83 15 43 39 60 57 24 49 29 48 79 56 65 62 73 42 81 70 68 14 2 6 18 77 12 16 52 22 35 11 36 27 50 5 13 76 28 33 55 69 64 82 46 53 3 0 1 30 59 9 88 89 25 80 72 20 63 21 44 54 67 84 34 31 61 86 41 10 17 45 19 32 71 38 66 23 4],115534
steepest/sko90,8,117806,100,404505,177,[66 34 41 1 28 20 23 7 24 49 38 61 17 3 72 25 53 57 73 60 71 84 44 88 59 89 27 45 55 47 19 86 30 67 35 76 48 79 42 10 32 0 80 9 13 2 15 62 74 39 46 64 82 36 5 50 77 65 83 43 75 69 54 31 16 14 37 51 40 58 33 22 29 70 11 6 8 56 87 26 4 21 52 63 68 18 12 81 78 85],[85 26 8 87 75 40 51 37 78 7 47 58 74 83 15 43 39 60 57 24 49 29 48 79 56 65 62 73 42 81 70 68 14 2 6 18 77 12 16 52 22 35 11 36 27 50 5 13 76 28 33 55 69 64 82 46 53 3 0 1 30 59 9 88 89 25 80 72 20 63 21 44 54 67 84 34 31 61 86 41 10 17 45 19 32 71 38 66 23 4],115534
random/sko90,8,132792,7191,7191,94,[9 78 37 28 66 51 63 75 52 84 12 76 72 40 20 35 14 81 71 16 58 29 41 42 53 38 64 80 19 49 54 13 46 3 4 5 8 47 48 74 70 10 69 67 89 55 33 6 85 7 22 24 1 59 21 2 65 36 31 18 83 60 27 82 17 68 43 34 32 23 88 62 50 25 0 79 39 57 26 45 15 77 87 86 30 11 73 56 61 44],[85 26 8 87 75 40 51 37 78 7 47 58 74 83 15 43 39 60 57 24 49 29 48 79 56 65 62 73 42 81 70 68 14 2 6 18 77 12 16 52 22 35 11 36 27 50 5 13 76 28 33 55 69 64 82 46 53 3 0 1 30 59 9 88 89 25 80 72 20 63 21 44 54 67 84 34 31 61 86 41 10 17 45 19 32 71 38 66 23 4],115534
randomWalk/sko90,8,136708,343262,343262,94,[10 4 45 77 64 41 48 0 42 47 29 43 32 12 13 74 31 67 40 87 54 39 88 83 86 55 25 22 68 27 8 38 28 24 52 65 63 81 51 11 19 9 20 36 6 78 76 73 53 37 30 3 79 59 62 44 1 61 23 50 46 5 84 80 26 15 66 58 33 85 17 60 89 16 71 56 49 69 75 2 34 18 7 21 14 57 70 72 35 82],[85 26 8 87 75 40 51 37 78 7 47 58 74 83 15 43 39 60 57 24 49 29 48 79 56 65 62 73 42 81 70 68 14 2 6 18 77 12 16 52 22 35 11 36 27 50 5 13 76 28 33 55 69 64 82 46 53 3 0 1 30 59 9 88 89 25 80 72 20 63 21 44 54 67 84 34 31 61 86 41 10 17 45 19 32 71 38 66 23 4],115534
greedy/sko90,9,118152,393,52532,10,[4 45 25 53 73 78 60 58 74 26 17 82 46 80 83 29 70 39 44 33 86 84 3 16 56 62 65 43 87 47 24 32 1 64 5 36 51 9 69 75 19 34 89 88 79 27 6 15 55 30 71 38 20 31 59 67 35 10 48 22 66 61 72 28 2 11 76 14 40 8 7 54 37 77 18 12 50 63 21 49 41 23 0 13 57 68 42 81 52 85],[85 26 8 87 75 40 51 37 78 7 47 58 74 83 15 43 39 60 57 24 49 29 48 79 56 65 62 73 42 81 70 68 14 2 6 18 77 12 16 52 22 35 11 36 27 50 5 13 76 28 33 55 69 64 82 46 53 3 0 1 30 59 9 88 89 25 80 72 20 63 21 44 54 67 84 34 31 61 86 41 10 17 45 19 32 71 38 66 23 4],115534
steepest/sko90,9,118770,95,384480,157,[10 17 39 43 45 26 71 46 7 4 33 74 60 80 25 48 73 53 82 66 70 58 83 56 37 87 78 84 3 23 22 29 16 62 89 6 51 75 38 1 24 59 67 65 5 36 40 20 34 30 8 44 9 88 72 27 31 69 28 41 21 47 13 50 76 2 0 15 61 54 19 55 77 35 79 64 42 32 52 81 86 68 11 57 49 18 12 14 85 63],[85 26 8 87 75 40 51 37 78 7 47 58 74 83 15 43 39 60 57 24 49 29 48 79 56 65 62 73 42 81 70 68 14 2 6 18 77 12 16 52 22 35 11 36 27 50 5 13 76 28 33 55 69 64 82 46 53 3 0 1 30 59 9 88 89 25 80 72 20 63 21 44 54 67 84 34 31 61 86 41 10 17 45 19 32 71 38 66 23 4],115534
random/sko90,9,133098,8203,8203,95,[41 15 82 48 71 54 1 73 58 70 31 77 80 60 43 16 68 38 35 18 85 66 22 57 88 7 37 9 64 55 61 44 86 51 24 87 56 23 89 46 8 25 62 20 42 17 36 13 3 19 10 28 76 12 74 6 5 78 65 75 52 11 83 67 45 27 49 40 14 59 81 72 63 33 4 26 79 32 29 39 53 0 21 30 50 84 34 2 47 69],[85 26 8 87 75 40 51 37 78 7 47 58 74 83 15 43 39 60 57 24 49 29 48 79 56 65 62 73 42 81 70 68 14 2 6 18 77 12 16 52 22 35 11 36 27 50 5 13 76 28 33 55 69 64 82 46 53 3 0 1 30 59 9 88 89 25 80 72 20 63 21 44 54 67 84 34 31 61 86 41 10 17 45 19 32 71 38 66 23 4],115534
randomWalk/sko90,9,136606,171350,171350,94,[44 49 30 53 41 17 76 89 36 5 31 40 20 83 74 9 82 56 10 85 54 81 67 63 39 68 48 4 16 75 66 84 69 86 59 32 37 73 42 58 61 15 19 50 13 57 23 11 8 22 60 55 77 78 24 51 0 80 2 45 1 3 26 12 6 46 87 88 64 38 18 34 71 79 7 47 35 62 52 28 14 70 21 25 65 33 43 27 29 72],[85 26 8 87 75 40 51 37 78 7 47 58 74 83 15 43 39 60 57 24 49 29 48 79 56 65 62 73 42 81 70 68 14 2 6 18 77 12 16 52 22 35 11 36 27 50 5 13 76 28 33 55 69 64 82 46 53 3 0 1 30 59 9 88 89 25 80 72 20 63 21 44 54 67 84 34 31 61 86 41 10 17 45 19 32 71 38 66 23 4],115534
greedy/sko90,10,117670,410,85522,39,[45 25 53 20 48 74 73 10 60 26 71 59 89 67 83 77 29 70 22 33 84 31 88 64 35 8 87 57 58 75 17 72 3 69 0 13 50 16 37 21 44 80 46 9 65 14 11 62 39 43 19 38 82 36 5 12 55 18 56 47 32 34 61 27 2 54 6 79 51 40 41 23 28 1 81 15 42 76 7 78 4 66 86 30 52 63 49 68 24 85],[85 26 8 87 75 40 51 37 78 7 47 58 74 83 15 43 39 60 57 24 49 29 48 79 56 65 62 73 42 81 70 68 14 2 6 18 77 12 16 52 22 35 11 36 27 50 5 13 76 28 33 55 69 64 82 46 53 3 0 1 30 59 9 88 89 25 80 72 20 63 21 44 54 67 84 34 31 61 86 41 10 17 45 19 32 71 38 66 23 4],115534
steepest/sko90,10,117356,101,408510,173,[21 33 22 20 75 57 73 43 60 24 78 68 70 69 8 40 37 29 26 58 10 16 59 35 56 0 13 62 65 42 76 11 48 14 18 15 77 50 87 74 63 81 52 67 6 79 12 2 39 85 1 9 30 64 36 5 54 51 83 47 66 80 28 89 88 72 31 27 55 49 4 86 3 46 84 61 82 53 44 17 41 23 19 71 38 34 32 25 45 7],[85 26 8 87 75 40 51 37 78 7 47 58 74 83 15 43 39 60 57 24 49 29 48 79 56 65 62 73 42 81 70 68 14 2 6 18 77 12 16 52 22 35 11 36 27 50 5 13 76 28 33 55 69 64 82 46 53 3 0 1 30 59 9 88 89 25 80 72 20 63 21 44 54 67 84 34 31 61 86 41 10 17 45 19 32 71 38 66 23 4],115534
random/sko90,10,132876,7935,7935,94,[6 1 32 80 4 2 51 7 13 0 53 36 20 60 44 11 89 86 12 34 28 46 82 3 5 72 50 66 22 33 62 8 84 30 25 47 21 57 18 54 27 43 71 65 61 35 31 48 17 26 40 41 38 68 49 58 29 19 77 24 9 81 88 78 70 69 59 52 83 87 76 15 79 64 73 14 10 16 42 55 85 75 39 56 37 23 63 74 67 45],[85 26 8 87 75 40 51 37 78 7 47 58 74 83 15 43 39 60 57 24 49 29 48 79 56 65 62 73 42 81 70 68 14 2 6 18 77 12 16 52 22 35 11 36 27 50 5 13 76 28 33 55 69 64 82 46 53 3 0 1 30 59 9 88 89 25 80 72 20 63 21 44 54 67 84 34 31 61 86 41 10 17 45 19 32 71 38 66 23 4],115534
randomWalk/sko90,10,137258,202012,202012,95,[20 32 66 16 83 82 53 46 45 35 30 6 0 31 78 56 43 24 3 14 67 18 87 54 8 11 60 68 33 57 29 25 51 5 88 48 81 7 64 80 49 55 10 71 12 28 86 40 22 4 26 89 41 44 13 74 1 61 2 34 69 9 84 76 37 79 59 58 21 38 23 72 77 65 17 52 73 42 50 62 19 63 70 75 39 27 85 36 47 15],[85 26 8 87 75 40 51 37 78 7 47 58 74 83 15 43 39 60 57 24 49 29 48 79 56 65 62 73 42 81 70 68 14 2 6 18 77 12 16 52 22 35 11 36 27 50 5 13 76 28 33 55 69 64 82 46 53 3 0 1 30 59 9 88 89 25 80 72 20 63 21 44 54 67 84 34 31 61 86 41 10 17 45 19 32 71 38 66 23 4],115534
greedy/tai100b,1,1245257840,818,136309,59,[20 36 2 72 19 4 56 32 52 46 28 99 76 12 92 44 81 69 37 98 14 16 83 9 35 59 88 79 30 70 67 7 17 64 34 93 47 95 26 73 43 25 84 91 62 51 65 33 1 13 63 80 60 8 10 42 18 57 75 48 23 5 78 6 0 89 85 82 94 74 90 29 68 41 53 27 50 86 40 38 87 77 61 66 3 45 97 24 39 21 22 55 31 11 54 96 58 15 71 49],[84 36 26 80 64 69 49 44 81 47 65 25 93 28 71 94 0 85 98 29 31 52 78 4 18 14 88 79 30 32 67 10 5 76 60 27 42 19 56 40 23 2 77 75 97 53 20 50 86 57 99 38 83 59 63 37 11 35 16 34 43 13 90 91 48 92 74 7 12 68 8 72 89 6 9 73 1 17 70 51 95 33 66 45 24 62 61 41 46 39 96 58 3 82 54 21 55 22 15 87],1185996137
steepest/tai100b,1,1238897468,162,806850,380,[80 79 49 65 30 36 64 88 44 25 67 70 69 12 63 83 11 37 74 21 58 42 68 56 60 10 32 98 81 86 77 45 15 72 3 29 85 31 94 9 89 82 92 20 57 52 4 19 38 99 6 95 34 28 22 35 13 87 14 46 61 59 47 51 50 33 1 26 84 40 91 76 5 27 24 66 39 55 54 16 41 96 7 2 73 8 71 90 23 18 0 78 97 48 62 75 93 43 17 53],[84 36 26 80 64 69 49 44 81 47 65 25 93 28 71 94 0 85 98 29 31 52 78 4 18 14 88 79 30 32 67 10 5 76 60 27 42 19 56 40 23 2 77 75 97 53 20 50 86 57 99 38 83 59 63 37 11 35 16 34 43 13 90 91 48 92 74 7 12 68 8 72 89 6 9 73 1 17 70 51 95 33 66 45 24 62 61 41 46 39 96 58 3 82 54 21 55 22 15 87],1185996137
random/tai100b,1,1617978960,21473,21473,309,[81 26 8 50 98 27 18 49 69 84 6 93 0 16 34 91 74 62 58 96 5 54 13 42 7 3 24 21 20 85 88 70 60 51 46 29 1 61 82 77 44 90 36 75 39 57 99 97 67 94 40 43 10 66 22 12 35 23 48 4 73 64 9 25 68 11 14 56 31 92 59 78 15 87 76 33 65 72 79 41 52 53 86 19 32 37 71 28 38 17 63 80 55 95 2 45 89 47 83 30],[84 36 26 80 64 69 49 44 81 47 65 25 93 28 71 94 0 85 98 29 31 52 78 4 18 14 88 79 30 32 67 10 5 76 60 27 42 19 56 40 23 2 77 75 97 53 20 50 86 57 99 38 83 59 63 37 11 35 16 34 43 13 90 91 48 92 74 7 12 68 8 72 89 6 9 73 1 17 70 51 95 33 66 45 24 62 61 41 46 39 96 58 3 82 54 21 55 22 15 87],1185996137
randomWalk/tai100b,1,1866049299,597362,597362,309,[85 64 37 16 66 81 17 55 59 90 63 15 25 80 76 93 9 20 13 32 10 51 42 71 67 36 96 33 22 43 34 98 83 91 5 92 1 30 31 35 88 53 87 70 8 54 82 44 27 73 39 40 78 79 74 19 0 46 26 60 94 56 65 4 69 58 11 95 86 21 38 18 52 48 23 28 41 3 89 45 68 2 50 99 7 47 12 97 57 29 75 14 84 62 72 24 6 61 49 77],[84 36 26 80 64 69 49 44 81 47 65 25 93 28 71 94 0 85 98 29 31 52 78 4 18 14 88 79 30 32 67 10 5 76 60 27 42 19 56 40 23 2 77 75 97 53 20 50 86 57 99 38 83 59 63 37 11 35 16 34 43 13 90 91 48 92 74 7 12 68 8 72 89 6 9 73 1 17 70 51 95 33 66 45 24 62 61 41 46 39 96 58 3 82 54 21 55 22 15 87],1185996137
greedy/tai100b,2,1240120022,815,112384,36,[8 79 6 42 30 32 77 88 67 69 81 40 5 13 33 70 1 74 51 91 48 0 41 94 22 24 28 49 47 93 26 96 84 25 61 44 65 12 36 59 66 92 64 34 63 80 35 55 16 54 39 14 57 50 78 27 2 76 20 97 60 99 89 53 83 9 86 38 87 85 46 31 98 29 75 72 19 68 10 52 4 56 11 71 7 21 15 43 82 3 95 58 73 45 90 23 62 18 17 37],[84 36 26 80 64 69 49 44 81 47 65 25 93 28 71 94 0 85 98 29 31 52 78 4 18 14 88 79 30 32 67 10 5 76 60 27 42 19 56 40 23 2 77 75 97 53 20 50 86 57 99 38 83 59 63 37 11 35 16 34 43 13 90 91 48 92 74 7 12 68 8 72 89 6 9 73 1 17 70 51 95 33 66 45 24 62 61 41 46 39 96 58 3 82 54 21 55 22 15 87],1185996137
steepest/tai100b,2,1262480507,170,846450,338,[92 32 12 67 69 79 4 81 52 77 74 98 19 86 50 40 27 42 53 60 76 33 71 93 24 63 88 30 36 64 44 41 94 31 62 29 87 18 14 9 0 38 85 91 17 16 37 83 80 55 66 49 3 21 68 45 58 82 15 23 78 8 35 13 26 34 1 59 70 51 73 47 43 84 56 57 99 5 72 20 10 6 89 22 2 96 7 39 90 95 97 54 28 46 11 61 75 48 25 65],[84 36 26 80 64 69 49 44 81 47 65 25 93 28 71 94 0 85 98 29 31 52 78 4 18 14 88 79 30 32 67 10 5 76 60 27 42 19 56 40 23 2 77 75 97 53 20 50 86 57 99 38 83 59 63 37 11 35 16 34 43 13 90 91 48 92 74 7 12 68 8 72 89 6 9 73 1 17 70 51 95 33 66 45 24 62 61 41 46 39 96 58 3 82 54 21 55 22 15 87],1185996137
random/tai100b,2,1603815211,19576,19576,309,[9 13 84 35 74 46 49 44 80 79 72 38 59 82 75 89 87 77 3 16 92 20 14 5 51 96 39 85 88 25 30 23 73 12 70 98 90 34 26 6 69 97 8 29 62 63 67 58 56 11 65 7 36 71 4 55 76 86 27 18 52 95 48 31 83 41 94 21 54 33 53 15 68 1 99 10 64 19 60 91 24 32 37 17 40 78 2 66 45 43 50 57 42 28 61 22 0 47 93 81],[84 36 26 80 64 69 49 44 81 47 65 25 93 28 71 94 0 85 98 29 31 52 78 4 18 14 88 79 30 32 67 10 5 76 60 27 42 19 56 40 23 2 77 75 97 53 20 50 86 57 99 38 83 59 63 37 11 35 16 34 43 13 90 91 48 92 74 7 12 68 8 72 89 6 9 73 1 17 70 51 95 33 66 45 24 62 61 41 46 39 96 58 3 82 54 21 55 22 15 87],1185996137
randomWalk/tai100b,2,1727217909,535880,535880,309,[58 82 93 18 46 54 71 49 86 61 39 75 51 64 80 13 21 45 11 15 33 28 89 23 5 25 99 9 95 19 41 76 44 53 77 26 35 24 50 57 72 98 56 68 38 47 42 12 2 0 85 6 63 74 52 37 73 29 96 32 60 8 79 10 48 92 27 3 94 55 20 87 30 67 90 36 31 70 84 81 16 17 66 43 91 69 78 1 62 22 59 34 14 83 65 88 4 7 97 40],[84 36 26 80 64 69 49 44 81 47 65 25 93 28 71 94 0 85 98 29 31 52 78 4 18 14 88 79 30 32 67 10 5 76 60 27 42 19 56 40 23 2 77 75 97 53 20 50 86 57 99 38 83 59 63 37 11 35 16 34 43 13 90 91 48 92 74 7 12 68 8 72 89 6 9 73 1 17 70 51 95 33 66 45 24 62 61 41 46 39 96 58 3 82 54 21 55 22 15 87],1185996137
greedy/tai100b,3,1232392001,755,118152,55,[42 81 40 53 77 87 27 32 86 5 69 98 56 29 89 12 91 92 74 33 82 25 61 54 34 35 88 79 30 36 67 45 28 17 31 26 65 13 64 43 71 63 47 16 21 80 93 73 49 0 3 14 85 20 9 94 72 76 50 60 10 38 23 66 41 96 37 57 99 55 22 58 39 24 95 84 4 51 52 1 70 19 68 62 78 83 48 11 75 6 15 46 59 8 97 2 7 90 18 44],[84 36 26 80 64 69 49 44 81 47 65 25 93 28 71 94 0 85 98 29 31 52 78 4 18 14 88 79 30 32 67 10 5 76 60 27 42 19 56 40 23 2 77 75 97 53 20 50 86 57 99 38 83 59 63 37 11 35 16 34 43 13 90 91 48 92 74 7 12 68 8 72 89 6 9 73 1 17 70 51 95 33 66 45 24 62 61 41 46 39 96 58 3 82 54 21 55 22 15 87],1185996137
steepest/tai100b,3,1229800056,122,608850,226,[59 36 64 81 1 95 84 70 51 79 44 69 74 28 62 47 0 26 29 49 24 76 68 53 27 5 88 87 30 67 32 60 6 56 15 72 52 45 4 8 10 92 19 2 97 77 99 42 40 78 3 57 34 11 80 35 16 37 83 25 98 12 58 48 50 85 18 22 14 75 94 38 23 86 91 43 63 93 7 65 33 13 71 54 73 46 41 55 21 61 31 89 82 66 17 39 9 90 96 20],[84 36 26 80 64 69 49 44 81 47 65 25 93 28 71 94 0 85 98 29 31 52 78 4 18 14 88 79 30 32 67 10 5 76 60 27 42 19 56 40 23 2 77 75 97 53 20 50 86 57 99 38 83 59 63 37 11 35 16 34 43 13 90 91 48 92 74 7 12 68 8 72 89 6 9 73 1 17 70 51 95 33 66 45 24 62 61 41 46 39 96 58 3 82 54 21 55 22 15 87],1185996137
random/tai100b,3,1627679667,23634,23634,309,[99 84 29 37 94 32 49 79 77 57 0 52 51 11 30 92 93 89 56 21 12 68 2 83 55 18 13 98 44 6 70 10 43 15 75 59 80 36 62 69 60 24 35 76 9 64 19 22 46 78 25 53 42 31 72 86 38 58 87 73 95 8 61 45 1 27 97 96 17 20 40 39 85 34 7 63 23 16 3 26 81 88 41 66 47 82 48 74 5 71 28 33 65 14 91 54 50 67 4 90],[84 36 26 80 64 69 49 44 81 47 65 25 93 28 71 94 0 85 98 29 31 52 78 4 18 14 88 79 30 32 67 10 5 76 60 27 42 19 56 40 23 2 77 75 97 53 20 50 86 57 99 38 83 59 63 37 11 35 16 34 43 13 90 91 48 92 74 7 12 68 8 72 89 6 9 73 1 17 70 51 95 33 66 45 24 62 61 41 46 39 96 58 3 82 54 21 55 22 15 87],1185996137
randomWalk/tai100b,3,1787985501,678119,678119,309,[58 16 78 27 57 85 48 55 91 73 29 46 1 40 87 10 56 53 11 74 64 19 71 17 52 37 47 2 80 15 84 97 62 61 68 81 34 20 51 50 43 90 66 69 0 7 99 44 77 24 70 49 63 41 4 83 9 31 12 59 86 23 13 32 67 6 42 28 26 45 93 79 76 88 72 25 14 89 39 96 65 36 94 54 60 33 22 5 35 82 38 21 18 98 75 3 92 8 95 30],[84 36 26 80 64 69 49 44 81 47 65 25 93 28 71 94 0 85 98 29 31 52 78 4 18 14 88 79 30 32 67 10 5 76 60 27 42 19 56 40 23 2 77 75 97 53 20 50 86 57 99 38 83 59 63 37 11 35 16 34 43 13 90 91 48 92 74 7 12 68 8 72 89 6 9 73 1 17 70 51 95 33 66 45 24 62 61 41 46 39 96 58 3 82 54 21 55 22 15 87],1185996137
greedy/tai100b,4,1206786047,852,101439,27,[33 49 47 1 93 95 84 81 51 65 26 70 64 42 5 56 10 19 60 9 75 6 58 86 21 15 88 79 30 32 67 66 18 31 57 85 94 62 0 41 55 99 29 3 45 37 16 83 8 82 78 77 63 59 25 91 28 98 7 22 34 35 14 52 68 89 74 92 12 4 48 72 38 53 17 73 80 69 43 44 36 13 20 11 40 24 90 96 61 76 2 39 50 54 23 46 71 27 97 87],[84 36 26 80 64 69 49 44 81 47 65 25 93 28 71 94 0 85 98 29 31 52 78 4 18 14 88 79 30 32 67 10 5 76 60 27 42 19 56 40 23 2 77 75 97 53 20 50 86 57 99 38 83 59 63 37 11 35 16 34 43 13 90 91 48 92 74 7 12 68 8 72 89 6 9 73 1 17 70 51 95 33 66 45 24 62 61 41 46 39 96 58 3 82 54 21 55 22 15 87],1185996137
steepest/tai100b,4,1263425761,118,589050,148,[95 70 51 25 30 32 79 88 67 81 1 49 84 4 52 36 2 44 98 75 7 87 71 53 54 96 85 86 94 20 19 15 58 39 29 28 12 48 92 46 21 72 23 41 89 55 24 66 0 82 61 14 40 47 42 56 33 26 27 91 78 5 63 16 18 9 80 35 65 37 31 50 83 38 59 68 6 74 8 77 64 69 10 73 11 22 43 3 13 60 99 57 34 45 62 93 90 97 17 76],[84 36 26 80 64 69 49 44 81 47 65 25 93 28 71 94 0 85 98 29 31 52 78 4 18 14 88 79 30 32 67 10 5 76 60 27 42 19 56 40 23 2 77 75 97 53 20 50 86 57 99 38 83 59 63 37 11 35 16 34 43 13 90 91 48 92 74 7 12 68 8 72 89 6 9 73 1 17 70 51 95 33 66 45 24 62 61 41 46 39 96 58 3 82 54 21 55 22 15 87],1185996137
random/tai100b,4,1627918369,34600,34600,310,[84 5 26 56 69 20 73 67 19 18 81 15 78 27 61 4 50 53 40 70 47 55 63 95 62 52 77 37 64 94 79 76 58 42 10 11 89 90 74 31 38 25 45 24 82 13 36 44 1 59 21 80 51 57 60 8 91 99 32 2 66 68 46 96 43 35 71 22 41 39 92 23 28 54 75 49 17 87 72 0 16 65 12 48 14 85 33 86 34 30 3 6 9 97 83 93 29 98 7 88],[84 36 26 80 64 69 49 44 81 47 65 25 93 28 71 94 0 85 98 29 31 52 78 4 18 14 88 79 30 32 67 10 5 76 60 27 42 19 56 40 23 2 77 75 97 53 20 50 86 57 99 38 83 59 63 37 11 35 16 34 43 13 90 91 48 92 74 7 12 68 8 72 89 6 9 73 1 17 70 51 95 33 66 45 24 62 61 41 46 39 96 58 3 82 54 21 55 22 15 87],1185996137
randomWalk/tai100b,4,1769435180,897237,897237,309,[3 51 89 95 34 65 58 13 0 43 68 48 60 41 37 19 86 63 38 75 62 90 8 77 53 29 23 26 4 70 64 7 2 33 80 98 54 10 76 40 44 35 79 55 91 14 83 46 47 69 31 17 27 84 1 12 96 78 93 99 30 72 5 67 94 52 74 57 92 45 25 73 85 39 9 66 21 15 82 59 20 71 50 11 32 36 49 42 22 88 16 61 56 24 28 81 18 87 97 6],[84 36 26 80 64 69 49 44 81 47 65 25 93 28 71 94 0 85 98 29 31 52 78 4 18 14 88 79 30 32 67 10 5 76 60 27 42 19 56 40 23 2 77 75 97 53 20 50 86 57 99 38 83 59 63 37 11 35 16 34 43 13 90 91 48 92 74 7 12 68 8 72 89 6 9 73 1 17 70 51 95 33 66 45 24 62 61 41 46 39 96 58 3 82 54 21 55 22 15 87],1185996137
greedy/tai100b,5,1248357662,686,61384,31,[98 81 69 70 52 44 4 32 36 94 19 28 85 14 29 51 84 95 87 27 40 49 21 47 39 96 88 79 30 65 67 73 18 41 23 62 20 76 91 99 57 50 33 54 22 0 93 66 55 24 58 37 10 13 72 42 48 17 60 75 5 56 8 35 25 74 12 6 92 80 61 16 59 26 38 9 2 53 46 1 86 77 11 45 89 34 82 63 15 31 97 43 3 83 90 78 71 7 68 64],[84 36 26 80 64 69 49 44 81 47 65 25 93 28 71 94 0 85 98 29 31 52 78 4 18 14 88 79 30 32 67 10 5 76 60 27 42 19 56 40 23 2 77 75 97 53 20 50 86 57 99 38 83 59 63 37 11 35 16 34 43 13 90 91 48 92 74 7 12 68 8 72 89 6 9 73 1 17 70 51 95 33 66 45 24 62 61 41 46 39 96 58 3 82 54 21 55 22 15 87],1185996137
steepest/tai100b,5,1253773410,129,643500,246,[56 32 2 19 30 28 46 88 36 72 77 87 99 73 60 94 9 85 17 10 75 84 66 95 43 93 81 64 69 65 44 7 92 13 90 12 79 6 68 91 63 89 74 0 24 1 70 59 33 29 62 51 50 67 53 76 57 8 20 97 27 86 18 26 35 16 14 22 98 49 55 34 47 25 23 5 42 48 40 52 4 38 45 54 15 31 96 37 39 58 71 83 61 11 3 21 82 78 41 80],[84 36 26 80 64 69 49 44 81 47 65 25 93 28 71 94 0 85 98 29 31 52 78 4 18 14 88 79 30 32 67 10 5 76 60 27 42 19 56 40 23 2 77 75 97 53 20 50 86 57 99 38 83 59 63 37 11 35 16 34 43 13 90 91 48 92 74 7 12 68 8 72 89 6 9 73 1 17 70 51 95 33 66 45 24 62 61 41 46 39 96 58 3 82 54 21 55 22 15 87],1185996137
random/tai100b,5,1598072263,26024,26024,309,[70 67 91 81 47 45 30 32 13 87 52 84 93 35 99 49 27 24 16 59 58 29 17 78 65 50 79 23 76 77 51 83 38 96 63 1 41 73 55 7 75 22 61 54 33 34 85 48 92 40 74 14 69 98 88 0 64 82 4 8 44 57 9 60 36 94 20 89 6 97 18 10 11 28 26 71 72 2 19 90 95 66 5 37 56 80 3 62 12 68 46 39 15 25 42 21 53 31 43 86],[84 36 26 80 64 69 49 44 81 47 65 25 93 28 71 94 0 85 98 29 31 52 78 4 18 14 88 79 30 32 67 10 5 76 60 27 42 19 56 40 23 2 77 75 97 53 20 50 86 57 99 38 83 59 63 37 11 35 16 34 43 13 90 91 48 92 74 7 12 68 8 72 89 6 9 73 1 17 70 51 95 33 66 45 24 62 61 41 46 39 96 58 3 82 54 21 55 22 15 87],1185996137
randomWalk/tai100b,5,1763435767,587453,587453,309,[52 90 45 22 76 77 65 46 24 6 3 61 88 2 12 38 47 71 67 86 94 84 1 51 17 74 99 14 66 25 50 81 28 98 87 95 60 43 69 16 89 85 79 21 29 13 18 57 37 96 62 4 26 31 0 70 54 32 72 53 8 56 59 9 42 44 73 68 55 34 30 27 82 39 7 19 93 20 63 36 78 49 33 23 10 58 64 40 11 15 83 35 97 80 92 5 91 48 75 41],[84 36 26 80 64 69 49 44 81 47 65 25 93 28 71 94 0 85 98 29 31 52 78 4 18 14 88 79 30 32 67 10 5 76 60 27 42 19 56 40 23 2 77 75 97 53 20 50 86 57 99 38 83 59 63 37 11 35 16 34 43 13 90 91 48 92 74 7 12 68 8 72 89 6 9 73 1 17 70 51 95 33 66 45 24 62 61 41 46 39 96 58 3 82 54 21 55 22 15 87],1185996137
greedy/tai100b,6,1243759984,713,102082,51,[80 79 49 17 30 93 26 88 47 65 67 73 64 83 11 74 20 12 37 90 61 86 97 53 56 5 32 69 44 81 36 48 8 42 6 4 29 31 92 72 13 63 15 27 89 46 77 40 2 75 91 28 51 1 95 33 43 35 59 7 62 18 55 87 76 34 52 45 19 38 22 50 14 98 9 25 16 85 41 0 94 84 3 58 96 71 54 60 24 82 68 99 23 10 78 39 21 66 57 70],[84 36 26 80 64 69 49 44 81 47 65 25 93 28 71 94 0 85 98 29 31 52 78 4 18 14 88 79 30 32 67 10 5 76 60 27 42 19 56 40 23 2 77 75 97 53 20 50 86 57 99 38 83 59 63 37 11 35 16 34 43 13 90 91 48 92 74 7 12 68 8 72 89 6 9 73 1 17 70 51 95 33 66 45 24 62 61 41 46 39 96 58 3 82 54 21 55 22 15 87],1185996137
steepest/tai100b,6,1269475516,136,678150,285,[96 79 55 41 30 49 66 88 87 74 67 16 59 72 89 86 37 32 4 92 6 44 91 64 60 10 81 5 69 40 77 75 46 76 7 19 52 38 98 2 50 53 28 47 26 36 20 56 27 95 9 84 25 14 35 80 23 18 0 48 58 21 34 93 51 73 13 71 70 65 17 1 43 33 82 68 24 94 54 12 85 39 8 90 31 45 22 78 61 57 15 29 63 97 83 11 3 99 62 42],[84 36 26 80 64 69 49 44 81 47 65 25 93 28 71 94 0 85 98 29 31 52 78 4 18 14 88 79 30 32 67 10 5 76 60 27 42 19 56 40 23 2 77 75 97 53 20 50 86 57 99 38 83 59 63 37 11 35 16 34 43 13 90 91 48 92 74 7 12 68 8 72 89 6 9 73 1 17 70 51 95 33 66 45 24 62 61 41 46 39 96 58 3 82 54 21 55 22 15 87],1185996137
random/tai100b,6,1620499437,18194,18194,309,[19 2 5 42 74 52 70 17 90 77 49 23 48 45 78 80 97 71 57 24 68 22 61 0 84 30 47 4 26 53 64 29 7 51 20 25 96 43 12 98 38 16 82 59 76 91 36 35 50 67 79 65 14 18 72 73 69 10 44 39 3 60 27 21 55 9 87 75 86 37 41 1 66 34 56 54 46 40 8 58 63 99 83 94 6 31 11 85 93 62 89 81 13 15 95 92 33 28 32 88],[84 36 26 80 64 69 49 44 81 47 65 25 93 28 71 94 0 85 98 29 31 52 78 4 18 14 88 79 30 32 67 10 5 76 60 27 42 19 56 40 23 2 77 75 97 53 20 50 86 57 99 38 83 59 63 37 11 35 16 34 43 13 90 91 48 92 74 7 12 68 8 72 89 6 9 73 1 17 70 51 95 33 66 45 24 62 61 41 46 39 96 58 3 82 54 21 55 22 15 87],1185996137
randomWalk/tai100b,6,1791120297,541902,541902,309,[40 89 71 21 1 62 10 4 73 81 72 53 66 64 32 6 95 23 88 57 67 93 49 84 85 39 47 33 96 63 44 69 87 26 99 38 24 29 97 17 5 79 31 45 9 25 61 65 42 37 82 16 75 41 90 28 35 11 34 51 13 76 58 55 50 36 91 2 43 54 0 77 18 7 60 70 86 3 52 68 56 20 15 14 12 59 98 83 46 78 80 22 30 27 48 94 74 92 8 19],[84 36 26 80 64 69 49 44 81 47 65 25 93 28 71 94 0 85 98 29 31 52 78 4 18 14 88 79 30 32 67 10 5 76 60 27 42 19 56 40 23 2 77 75 97 53 20 50 86 57 99 38 83 59 63 37 11 35 16 34 43 13 90 91 48 92 74 7 12 68 8 72 89 6 9 73 1 17 70 51 95 33 66 45 24 62 61 41 46 39 96 58 3 82 54 21 55 22 15 87],1185996137
greedy/tai100b,7,1218254918,837,130456,77,[80 36 64 65 49 47 84 81 26 69 44 93 25 56 27 77 5 42 40 10 60 52 89 53 6 8 88 67 30 32 79 21 48 46 58 28 20 23 2 72 82 76 75 59 35 12 74 92 4 15 68 13 62 55 43 33 45 24 66 91 41 29 87 37 1 31 95 38 51 86 63 7 83 98 16 9 17 85 73 94 19 0 78 71 57 3 22 39 34 54 50 97 90 61 96 14 99 18 11 70],[84 36 26 80 64 69 49 44 81 47 65 25 93 28 71 94 0 85 98 29 31 52 78 4 18 14 88 79 30 32 67 10 5 76 60 27 42 19 56 40 23 2 77 75 97 53 20 50 86 57 99 38 83 59 63 37 11 35 16 34 43 13 90 91 48 92 74 7 12 68 8 72 89 6 9 73 1 17 70 51 95 33 66 45 24 62 61 41 46 39 96 58 3 82 54 21 55 22 15 87],1185996137
steepest/tai100b,7,1208364772,144,717750,381,[94 65 80 93 44 26 49 36 47 69 64 0 19 2 91 77 40 81 85 5 27 38 21 55 22 41 88 67 30 32 79 58 72 50 46 98 20 23 76 4 99 75 48 96 54 53 28 18 86 57 39 14 43 29 73 17 71 70 13 62 9 10 35 83 25 63 31 45 37 52 34 66 16 24 56 1 95 42 60 33 51 84 89 59 78 92 11 82 6 12 97 15 61 74 8 68 7 90 3 87],[84 36 26 80 64 69 49 44 81 47 65 25 93 28 71 94 0 85 98 29 31 52 78 4 18 14 88 79 30 32 67 10 5 76 60 27 42 19 56 40 23 2 77 75 97 53 20 50 86 57 99 38 83 59 63 37 11 35 16 34 43 13 90 91 48 92 74 7 12 68 8 72 89 6 9 73 1 17 70 51 95 33 66 45 24 62 61 41 46 39 96 58 3 82 54 21 55 22 15 87],1185996137
random/tai100b,7,1631076281,17339,17339,312,[44 63 25 65 49 92 7 52 93 24 99 75 74 89 57 22 85 0 72 78 56 4 2 35 64 96 87 14 30 69 32 42 19 94 95 68 9 23 80 61 11 5 84 45 39 53 27 37 51 20 59 90 54 66 18 82 50 97 43 34 98 15 70 81 62 12 33 3 71 77 1 41 91 60 8 47 67 36 48 79 55 29 10 40 6 26 83 28 58 38 86 76 13 31 88 21 16 73 46 17],[84 36 26 80 64 69 49 44 81 47 65 25 93 28 71 94 0 85 98 29 31 52 78 4 18 14 88 79 30 32 67 10 5 76 60 27 42 19 56 40 23 2 77 75 97 53 20 50 86 57 99 38 83 59 63 37 11 35 16 34 43 13 90 91 48 92 74 7 12 68 8 72 89 6 9 73 1 17 70 51 95 33 66 45 24 62 61 41 46 39 96 58 3 82 54 21 55 22 15 87],1185996137
randomWalk/tai100b,7,1773196269,764831,764831,309,[53 80 27 73 12 32 62 1 63 65 61 9 71 78 38 15 35 30 55 43 18 72 48 57 74 66 60 45 23 44 33 3 28 54 14 68 96 70 17 50 97 98 46 87 6 26 41 91 99 79 82 22 83 4 93 40 31 10 75 34 84 7 47 95 81 11 64 90 56 67 8 21 37 58 94 88 24 20 76 29 16 85 39 49 25 36 42 13 77 69 89 52 51 0 86 2 19 5 59 92],[84 36 26 80 64 69 49 44 81 47 65 25 93 28 71 94 0 85 98 29 31 52 78 4 18 14 88 79 30 32 67 10 5 76 60 27 42 19 56 40 23 2 77 75 97 53 20 50 86 57 99 38 83 59 63 37 11 35 16 34 43 13 90 91 48 92 74 7 12 68 8 72 89 6 9 73 1 17 70 51 95 33 66 45 24 62 61 41 46 39 96 58 3 82 54 21 55 22 15 87],1185996137
greedy/tai100b,8,1241988773,859,98383,37,[98 79 6 70 30 52 4 88 32 81 67 1 69 16 18 92 35 12 80 59 99 14 90 17 24 63 36 84 44 51 64 62 86 33 66 49 37 83 31 89 0 55 29 43 34 65 91 47 26 45 7 93 85 10 94 19 60 20 82 57 78 56 27 13 87 76 28 46 2 9 23 38 71 73 8 40 5 72 42 77 74 68 96 50 21 25 75 11 48 39 41 22 53 61 97 54 3 15 58 95],[84 36 26 80 64 69 49 44 81 47 65 25 93 28 71 94 0 85 98 29 31 52 78 4 18 14 88 79 30 32 67 10 5 76 60 27 42 19 56 40 23 2 77 75 97 53 20 50 86 57 99 38 83 59 63 37 11 35 16 34 43 13 90 91 48 92 74 7 12 68 8 72 89 6 9 73 1 17 70 51 95 33 66 45 24 62 61 41 46 39 96 58 3 82 54 21 55 22 15 87],1185996137
steepest/tai100b,8,1256022250,139,693000,270,[68 32 6 74 30 67 81 88 79 4 52 77 98 40 50 20 76 87 27 99 97 35 2 56 62 18 49 16 80 94 85 25 17 47 71 64 36 69 44 9 73 28 84 33 13 93 26 0 65 41 43 70 15 8 31 29 11 37 83 21 63 3 7 95 1 75 12 59 92 42 60 51 5 10 91 89 55 38 45 53 86 72 22 48 39 14 82 34 78 54 24 23 66 96 58 61 57 46 90 19],[84 36 26 80 64 69 49 44 81 47 65 25 93 28 71 94 0 85 98 29 31 52 78 4 18 14 88 79 30 32 67 10 5 76 60 27 42 19 56 40 23 2 77 75 97 53 20 50 86 57 99 38 83 59 63 37 11 35 16 34 43 13 90 91 48 92 74 7 12 68 8 72 89 6 9 73 1 17 70 51 95 33 66 45 24 62 61 41 46 39 96 58 3 82 54 21 55 22 15 87],1185996137
random/tai100b,8,1618361528,24984,24984,309,[98 72 93 20 65 2 55 87 30 67 32 0 46 89 14 53 92 7 43 77 86 31 71 26 63 35 33 4 79 69 51 83 94 58 91 10 81 48 13 44 90 9 41 16 99 88 80 96 1 36 11 12 82 95 38 22 6 28 21 78 24 73 59 84 49 23 15 60 56 74 54 42 18 47 27 45 57 34 25 40 75 19 97 76 70 37 50 17 39 62 61 8 3 52 29 68 66 85 5 64],[84 36 26 80 64 69 49 44 81 47 65 25 93 28 71 94 0 85 98 29 31 52 78 4 18 14 88 79 30 32 67 10 5 76 60 27 42 19 56 40 23 2 77 75 97 53 20 50 86 57 99 38 83 59 63 37 11 35 16 34 43 13 90 91 48 92 74 7 12 68 8 72 89 6 9 73 1 17 70 51 95 33 66 45 24 62 61 41 46 39 96 58 3 82 54 21 55 22 15 87],1185996137
randomWalk/tai100b,8,1816383555,816857,816857,309,[27 10 18 83 53 99 16 9 13 90 67 31 85 40 35 88 97 48 4 34 95 70 98 15 46 86 41 44 60 72 76 56 81 20 17 33 50 7 1 59 30 61 58 19 75 89 62 36 49 51 26 25 73 5 91 68 39 28 47 8 96 64 77 84 52 63 54 65 12 2 79 37 45 32 38 80 21 55 43 94 14 69 87 92 22 42 66 57 0 24 78 6 71 29 82 93 11 74 23 3],[84 36 26 80 64 69 49 44 81 47 65 25 93 28 71 94 0 85 98 29 31 52 78 4 18 14 88 79 30 32 67 10 5 76 60 27 42 19 56 40 23 2 77 75 97 53 20 50 86 57 99 38 83 59 63 37 11 35 16 34 43 13 90 91 48 92 74 7 12 68 8 72 89 6 9 73 1 17 70 51 95 33 66 45 24 62 61 41 46 39 96 58 3 82 54 21 55 22 15 87],1185996137
greedy/tai100b,9,1248364229,852,150868,71,[56 81 5 42 1 77 40 70 51 84 69 95 27 13 71 25 76 44 28 20 23 53 45 98 62 18 88 79 30 32 67 9 91 16 73 94 64 93 65 0 63 43 33 29 7 83 85 31 37 41 14 89 12 75 59 74 97 87 2 11 35 80 48 4 68 99 38 92 52 6 3 15 72 8 47 17 60 26 10 36 49 19 58 78 22 24 46 54 61 39 34 55 82 66 57 21 96 50 90 86],[84 36 26 80 64 69 49 44 81 47 65 25 93 28 71 94 0 85 98 29 31 52 78 4 18 14 88 79 30 32 67 10 5 76 60 27 42 19 56 40 23 2 77 75 97 53 20 50 86 57 99 38 83 59 63 37 11 35 16 34 43 13 90 91 48 92 74 7 12 68 8 72 89 6 9 73 1 17 70 51 95 33 66 45 24 62 61 41 46 39 96 58 3 82 54 21 55 22 15 87],1185996137
steepest/tai100b,9,1257073971,154,767250,295,[49 88 79 14 28 44 47 32 36 67 30 87 26 80 59 93 16 0 35 18 34 19 97 5 7 38 81 52 69 98 4 29 33 95 62 51 65 20 64 91 27 76 84 9 10 92 1 12 86 89 90 53 74 78 58 21 3 68 82 45 57 22 23 42 99 75 94 48 85 77 2 72 40 56 41 96 39 66 54 55 24 25 13 60 46 83 17 63 73 71 43 11 50 31 8 6 37 61 15 70],[84 36 26 80 64 69 49 44 81 47 65 25 93 28 71 94 0 85 98 29 31 52 78 4 18 14 88 79 30 32 67 10 5 76 60 27 42 19 56 40 23 2 77 75 97 53 20 50 86 57 99 38 83 59 63 37 11 35 16 34 43 13 90 91 48 92 74 7 12 68 8 72 89 6 9 73 1 17 70 51 95 33 66 45 24 62 61 41 46 39 96 58 3 82 54 21 55 22 15 87],1185996137
random/tai100b,9,1608743742,22130,22130,309,[27 30 74 1 75 93 77 6 67 51 98 88 21 52 35 46 10 58 48 96 40 39 43 31 41 34 25 65 28 60 14 9 95 91 47 64 99 68 24 57 29 26 69 94 73 49 63 59 62 84 82 70 38 56 92 78 42 8 12 81 18 20 45 80 66 7 83 61 19 89 44 15 13 55 4 87 2 97 86 3 23 5 90 16 76 33 79 32 37 53 50 17 36 22 72 11 71 85 54 0],[84 36 26 80 64 69 49 44 81 47 65 25 93 28 71 94 0 85 98 29 31 52 78 4 18 14 88 79 30 32 67 10 5 76 60 27 42 19 56 40 23 2 77 75 97 53 20 50 86 57 99 38 83 59 63 37 11 35 16 34 43 13 90 91 48 92 74 7 12 68 8 72 89 6 9 73 1 17 70 51 95 33 66 45 24 62 61 41 46 39 96 58 3 82 54 21 55 22 15 87],1185996137
randomWalk/tai100b,9,1724254803,624540,624540,309,[4 99 33 40 32 44 76 22 82 13 29 93 69 34 46 45 28 90 81 97 10 43 79 96 66 48 47 88 86 16 49 70 64 98 15 14 59 77 71 72 55 67 7 92 12 35 26 80 25 61 60 87 89 62 42 95 73 20 30 83 52 27 53 57 54 31 3 41 75 2 11 68 36 51 50 19 9 74 39 23 0 38 58 24 91 84 65 56 5 63 85 78 8 21 1 37 17 6 94 18],[84 36 26 80 64 69 49 44 81 47 65 25 93 28 71 94 0 85 98 29 31 52 78 4 18 14 88 79 30 32 67 10 5 76 60 27 42 19 56 40 23 2 77 75 97 53 20 50 86 57 99 38 83 59 63 37 11 35 16 34 43 13 90 91 48 92 74 7 12 68 8 72 89 6 9 73 1 17 70 51 95 33 66 45 24 62 61 41 46 39 96 58 3 82 54 21 55 22 15 87],1185996137
greedy/tai100b,10,1252726696,793,79559,38,[94 28 26 85 44 73 17 36 93 64 47 9 0 72 74 12 92 65 4 15 82 87 90 41 35 80 88 67 30 32 79 56 84 6 8 81 77 40 5 95 27 42 69 25 68 1 51 33 91 59 11 49 31 38 13 43 3 52 45 58 60 10 7 53 16 98 86 63 37 14 75 62 83 18 46 76 20 2 23 19 29 71 39 57 24 97 34 96 89 21 66 78 54 61 55 50 99 48 22 70],[84 36 26 80 64 69 49 44 81 47 65 25 93 28 71 94 0 85 98 29 31 52 78 4 18 14 88 79 30 32 67 10 5 76 60 27 42 19 56 40 23 2 77 75 97 53 20 50 86 57 99 38 83 59 63 37 11 35 16 34 43 13 90 91 48 92 74 7 12 68 8 72 89 6 9 73 1 17 70 51 95 33 66 45 24 62 61 41 46 39 96 58 3 82 54 21 55 22 15 87],1185996137
steepest/tai100b,10,1244425850,144,717750,362,[77 32 52 6 30 79 4 88 67 81 70 8 72 76 27 84 10 36 20 60 57 18 54 63 62 35 49 16 85 80 94 13 93 28 71 65 9 17 47 33 43 73 26 24 66 44 64 0 25 34 22 41 97 48 2 99 75 68 74 11 78 40 38 53 55 91 86 89 98 83 29 14 87 31 51 1 56 95 5 69 19 42 58 7 90 61 15 46 50 92 23 39 96 21 12 82 3 45 59 37],[84 36 26 80 64 69 49 44 81 47 65 25 93 28 71 94 0 85 98 29 31 52 78 4 18 14 88 79 30 32 67 10 5 76 60 27 42 19 56 40 23 2 77 75 97 53 20 50 86 57 99 38 83 59 63 37 11 35 16 34 43 13 90 91 48 92 74 7 12 68 8 72 89 6 9 73 1 17 70 51 95 33 66 45 24 62 61 41 46 39 96 58 3 82 54 21 55 22 15 87],1185996137
random/tai100b,10,1593141929,17910,17910,309,[29 13 28 8 46 0 49 70 42 79 77 64 3 68 95 47 83 93 25 76 44 89 72 80 86 48 88 65 81 67 51 96 30 33 38 43 69 7 41 94 73 99 84 19 74 32 53 71 60 75 10 35 23 39 16 59 24 58 63 17 14 26 40 2 5 15 85 50 61 9 11 66 12 97 54 31 34 22 27 57 36 55 56 1 87 91 62 4 78 18 37 82 21 20 98 45 92 6 90 52],[84 36 26 80 64 69 49 44 81 47 65 25 93 28 71 94 0 85 98 29 31 52 78 4 18 14 88 79 30 32 67 10 5 76 60 27 42 19 56 40 23 2 77 75 97 53 20 50 86 57 99 38 83 59 63 37 11 35 16 34 43 13 90 91 48 92 74 7 12 68 8 72 89 6 9 73 1 17 70 51 95 33 66 45 24 62 61 41 46 39 96 58 3 82 54 21 55 22 15 87],1185996137
randomWalk/tai100b,10,1834338682,570421,570421,309,[5 89 80 2 90 33 92 79 22 15 29 48 28 6 25 60 3 68 85 71 20 8 42 52 64 27 76 98 43 16 77 35 30 44 87 19 88 47 50 67 31 40 36 62 99 72 63 49 9 61 24 37 11 55 54 45 59 51 39 7 91 18 53 70 84 82 83 0 23 4 38 73 65 94 81 26 57 34 58 41 10 96 69 32 21 78 75 56 74 97 13 66 12 1 14 46 17 95 93 86],[84 36 26 80 64 69 49 44 81 47 65 25 93 28 71 94 0 85 98 29 31 52 78 4 18 14 88 79 30 32 67 10 5 76 60 27 42 19 56 40 23 2 77 75 97 53 20 50 86 57 99 38 83 59 63 37 11 35 16 34 43 13 90 91 48 92 74 7 12 68 8 72 89 6 9 73 1 17 70 51 95 33 66 45 24 62 61 41 46 39 96 58 3 82 54 21 55 22 15 87],1185996137
