file,number,quality,iterations,evaluations,time,permutation,optimum_per,optimum_obj
greedy/esc16a,1,76,11,376,0,[3 0 9 4 11 7 6 1 5 2 10 12 15 13 14 8],[1 13 9 15 4 2 6 7 3 5 11 10 14 12 8 0],68
steepest/esc16a,1,74,7,960,0,[15 13 8 9 7 6 3 11 1 5 4 12 2 10 14 0],[1 13 9 15 4 2 6 7 3 5 11 10 14 12 8 0],68
greedy/esc16a,2,76,7,159,0,[6 5 14 7 0 8 1 2 3 4 13 9 10 11 15 12],[1 13 9 15 4 2 6 7 3 5 11 10 14 12 8 0],68
steepest/esc16a,2,68,6,840,0,[1 2 6 7 8 9 13 5 4 0 3 14 10 11 15 12],[1 13 9 15 4 2 6 7 3 5 11 10 14 12 8 0],68
greedy/esc16a,3,72,12,358,0,[14 4 9 0 6 11 2 8 10 12 3 15 5 13 1 7],[1 13 9 15 4 2 6 7 3 5 11 10 14 12 8 0],68
steepest/esc16a,3,68,6,840,0,[12 13 5 1 14 10 2 8 0 4 3 15 11 9 6 7],[1 13 9 15 4 2 6 7 3 5 11 10 14 12 8 0],68
greedy/esc16a,4,72,11,481,0,[1 11 2 15 9 4 13 5 7 3 10 14 8 12 0 6],[1 13 9 15 4 2 6 7 3 5 11 10 14 12 8 0],68
steepest/esc16a,4,72,4,600,0,[0 4 1 5 6 10 14 3 7 2 12 13 8 15 11 9],[1 13 9 15 4 2 6 7 3 5 11 10 14 12 8 0],68
greedy/esc16a,5,72,12,324,0,[9 8 0 3 12 4 7 1 5 13 2 10 15 11 6 14],[1 13 9 15 4 2 6 7 3 5 11 10 14 12 8 0],68
steepest/esc16a,5,72,3,480,0,[7 5 0 1 4 14 15 2 3 6 8 10 9 11 13 12],[1 13 9 15 4 2 6 7 3 5 11 10 14 12 8 0],68
greedy/esc16a,6,72,10,338,0,[3 7 0 5 15 10 13 1 9 11 6 4 2 12 8 14],[1 13 9 15 4 2 6 7 3 5 11 10 14 12 8 0],68
steepest/esc16a,6,68,5,720,0,[15 9 12 13 3 6 7 14 10 11 0 4 5 1 8 2],[1 13 9 15 4 2 6 7 3 5 11 10 14 12 8 0],68
greedy/esc16a,7,68,12,534,0,[7 15 13 9 6 2 0 1 5 3 4 12 8 10 14 11],[1 13 9 15 4 2 6 7 3 5 11 10 14 12 8 0],68
steepest/esc16a,7,68,7,960,0,[12 8 0 10 13 7 15 6 14 4 9 3 5 2 1 11],[1 13 9 15 4 2 6 7 3 5 11 10 14 12 8 0],68
greedy/esc16a,8,72,12,310,0,[15 10 6 2 13 5 3 7 11 14 4 12 1 0 9 8],[1 13 9 15 4 2 6 7 3 5 11 10 14 12 8 0],68
steepest/esc16a,8,72,5,720,0,[8 0 12 13 1 3 15 10 11 9 4 2 5 7 14 6],[1 13 9 15 4 2 6 7 3 5 11 10 14 12 8 0],68
greedy/esc16a,9,72,3,296,0,[11 2 12 6 3 13 7 14 15 10 5 0 8 9 4 1],[1 13 9 15 4 2 6 7 3 5 11 10 14 12 8 0],68
steepest/esc16a,9,72,3,480,0,[11 2 12 6 3 13 7 14 15 10 5 0 8 9 4 1],[1 13 9 15 4 2 6 7 3 5 11 10 14 12 8 0],68
greedy/esc16a,10,68,11,306,0,[14 12 8 9 6 7 3 11 15 10 2 4 5 0 1 13],[1 13 9 15 4 2 6 7 3 5 11 10 14 12 8 0],68
steepest/esc16a,10,74,5,720,0,[10 14 15 9 2 6 1 3 7 11 12 4 5 0 8 13],[1 13 9 15 4 2 6 7 3 5 11 10 14 12 8 0],68
greedy/lipa40a,1,32077,52,2699,0,[2 20 18 30 10 37 21 26 35 22 9 19 32 25 27 39 8 15 34 1 5 11 13 29 33 0 38 4 23 14 3 24 12 36 17 7 31 28 6 16],[6 5 13 26 18 36 20 1 15 0 39 23 29 22 4 27 21 7 19 34 31 25 28 2 3 10 35 9 12 37 8 16 30 17 32 14 24 33 38 11],31538
steepest/lipa40a,1,32021,21,17160,3,[4 20 35 21 26 14 36 39 18 16 37 33 23 6 17 2 30 9 34 13 5 10 1 32 31 38 19 25 24 15 27 29 8 7 3 11 28 22 0 12],[6 5 13 26 18 36 20 1 15 0 39 23 29 22 4 27 21 7 19 34 31 25 28 2 3 10 35 9 12 37 8 16 30 17 32 14 24 33 38 11],31538
greedy/lipa40a,2,31987,61,4340,0,[3 32 27 18 5 19 24 9 22 13 11 33 29 31 36 15 21 23 37 38 35 20 7 14 12 10 8 28 1 2 30 16 39 34 6 25 4 0 17 26],[6 5 13 26 18 36 20 1 15 0 39 23 29 22 4 27 21 7 19 34 31 25 28 2 3 10 35 9 12 37 8 16 30 17 32 14 24 33 38 11],31538
steepest/lipa40a,2,32001,28,22620,0,[3 28 11 37 7 34 36 21 5 13 35 12 14 2 27 1 17 24 32 18 31 22 8 29 39 4 0 6 20 9 30 33 26 10 19 38 15 23 16 25],[6 5 13 26 18 36 20 1 15 0 39 23 29 22 4 27 21 7 19 34 31 25 28 2 3 10 35 9 12 37 8 16 30 17 32 14 24 33 38 11],31538
greedy/lipa40a,3,31988,70,3606,5,[28 1 37 18 2 38 13 15 8 19 12 14 36 5 39 29 30 32 20 33 25 17 35 23 11 4 34 26 3 21 10 9 7 22 6 31 0 24 16 27],[6 5 13 26 18 36 20 1 15 0 39 23 29 22 4 27 21 7 19 34 31 25 28 2 3 10 35 9 12 37 8 16 30 17 32 14 24 33 38 11],31538
steepest/lipa40a,3,32006,31,24960,0,[24 26 2 9 22 34 14 37 13 27 6 16 36 31 1 39 21 4 17 32 15 38 11 20 12 25 5 0 28 7 18 10 29 33 19 23 35 8 30 3],[6 5 13 26 18 36 20 1 15 0 39 23 29 22 4 27 21 7 19 34 31 25 28 2 3 10 35 9 12 37 8 16 30 17 32 14 24 33 38 11],31538
greedy/lipa40a,4,31993,66,4419,0,[32 8 29 31 5 15 0 12 13 3 26 16 1 28 11 9 17 4 20 14 36 10 25 18 30 34 24 21 22 7 33 35 37 39 27 38 6 23 19 2],[6 5 13 26 18 36 20 1 15 0 39 23 29 22 4 27 21 7 19 34 31 25 28 2 3 10 35 9 12 37 8 16 30 17 32 14 24 33 38 11],31538
steepest/lipa40a,4,32040,21,17160,1,[39 21 19 24 29 25 6 38 26 10 13 31 4 22 3 17 12 27 11 7 35 36 18 28 30 20 16 1 37 8 2 32 15 14 33 9 0 34 23 5],[6 5 13 26 18 36 20 1 15 0 39 23 29 22 4 27 21 7 19 34 31 25 28 2 3 10 35 9 12 37 8 16 30 17 32 14 24 33 38 11],31538
greedy/lipa40a,5,31968,65,5815,0,[28 16 27 30 7 34 17 3 15 19 29 6 12 35 21 25 31 18 39 8 5 36 9 26 2 11 24 14 37 0 23 13 4 32 22 10 33 38 1 20],[6 5 13 26 18 36 20 1 15 0 39 23 29 22 4 27 21 7 19 34 31 25 28 2 3 10 35 9 12 37 8 16 30 17 32 14 24 33 38 11],31538
steepest/lipa40a,5,32018,23,18720,2,[2 27 39 30 10 26 20 35 36 19 21 4 28 25 12 18 5 9 33 15 8 1 14 3 13 38 6 7 17 32 37 11 34 23 24 31 29 22 16 0],[6 5 13 26 18 36 20 1 15 0 39 23 29 22 4 27 21 7 19 34 31 25 28 2 3 10 35 9 12 37 8 16 30 17 32 14 24 33 38 11],31538
greedy/lipa40a,6,32022,53,4830,0,[3 22 33 0 39 8 11 16 1 28 2 17 21 25 32 36 10 35 19 18 31 23 20 27 24 9 29 26 4 15 13 7 5 12 30 38 37 34 14 6],[6 5 13 26 18 36 20 1 15 0 39 23 29 22 4 27 21 7 19 34 31 25 28 2 3 10 35 9 12 37 8 16 30 17 32 14 24 33 38 11],31538
steepest/lipa40a,6,31995,28,22620,2,[36 9 28 31 33 0 11 24 26 16 18 23 29 35 30 6 19 7 13 38 4 22 10 20 39 17 8 3 37 12 27 32 2 14 15 25 21 34 1 5],[6 5 13 26 18 36 20 1 15 0 39 23 29 22 4 27 21 7 19 34 31 25 28 2 3 10 35 9 12 37 8 16 30 17 32 14 24 33 38 11],31538
greedy/lipa40a,7,32059,51,3901,0,[31 25 5 26 17 19 32 34 12 1 20 21 11 28 39 0 10 4 30 7 6 29 3 14 27 15 9 35 37 24 8 23 13 18 2 22 16 33 38 36],[6 5 13 26 18 36 20 1 15 0 39 23 29 22 4 27 21 7 19 34 31 25 28 2 3 10 35 9 12 37 8 16 30 17 32 14 24 33 38 11],31538
steepest/lipa40a,7,31978,26,21060,2,[6 5 24 37 17 28 16 36 8 35 25 10 14 2 20 1 30 4 32 26 31 23 9 13 39 33 15 3 21 29 27 7 0 18 12 38 19 34 22 11],[6 5 13 26 18 36 20 1 15 0 39 23 29 22 4 27 21 7 19 34 31 25 28 2 3 10 35 9 12 37 8 16 30 17 32 14 24 33 38 11],31538
greedy/lipa40a,8,31993,57,5256,0,[18 31 32 26 13 22 36 30 23 14 27 9 35 28 12 1 38 16 29 24 25 6 17 20 5 33 3 37 0 10 8 19 39 21 34 4 15 7 11 2],[6 5 13 26 18 36 20 1 15 0 39 23 29 22 4 27 21 7 19 34 31 25 28 2 3 10 35 9 12 37 8 16 30 17 32 14 24 33 38 11],31538
steepest/lipa40a,8,31981,23,18720,2,[28 2 23 22 20 19 18 1 21 12 27 30 16 26 36 32 11 17 14 0 25 31 13 29 3 7 9 6 4 5 38 37 35 34 24 15 10 33 8 39],[6 5 13 26 18 36 20 1 15 0 39 23 29 22 4 27 21 7 19 34 31 25 28 2 3 10 35 9 12 37 8 16 30 17 32 14 24 33 38 11],31538
greedy/lipa40a,9,32003,62,5776,0,[3 6 39 1 10 2 20 26 33 30 27 0 34 16 11 18 8 25 29 23 14 7 32 12 13 4 21 24 19 9 38 22 36 5 35 15 17 28 37 31],[6 5 13 26 18 36 20 1 15 0 39 23 29 22 4 27 21 7 19 34 31 25 28 2 3 10 35 9 12 37 8 16 30 17 32 14 24 33 38 11],31538
steepest/lipa40a,9,32009,22,17940,1,[39 6 3 1 20 14 31 8 10 9 27 23 17 22 11 26 12 18 32 7 38 34 16 13 4 25 15 21 0 30 29 35 36 33 19 5 28 24 37 2],[6 5 13 26 18 36 20 1 15 0 39 23 29 22 4 27 21 7 19 34 31 25 28 2 3 10 35 9 12 37 8 16 30 17 32 14 24 33 38 11],31538
greedy/lipa40a,10,32000,65,5421,0,[30 5 19 27 35 4 29 11 32 23 2 24 1 36 28 8 31 12 7 3 26 17 15 10 39 6 13 16 18 25 21 37 20 34 33 22 14 0 38 9],[6 5 13 26 18 36 20 1 15 0 39 23 29 22 4 27 21 7 19 34 31 25 28 2 3 10 35 9 12 37 8 16 30 17 32 14 24 33 38 11],31538
steepest/lipa40a,10,32036,23,18720,1,[33 20 19 17 2 1 8 11 9 23 39 37 24 35 14 0 31 30 13 36 10 22 26 3 12 6 21 4 34 7 18 32 16 15 29 38 25 5 28 27],[6 5 13 26 18 36 20 1 15 0 39 23 29 22 4 27 21 7 19 34 31 25 28 2 3 10 35 9 12 37 8 16 30 17 32 14 24 33 38 11],31538
greedy/lipa60a,1,108369,95,11998,3,[47 36 23 44 33 24 50 31 4 6 21 32 5 27 39 57 7 12 56 18 15 40 28 9 22 53 55 45 59 42 13 16 11 26 52 19 14 0 30 51 29 58 8 48 2 10 20 25 35 17 1 43 46 49 38 54 37 41 3 34],[24 47 16 3 49 12 15 40 0 36 21 26 45 33 37 11 8 2 7 32 46 53 30 42 39 9 34 22 28 56 1 5 50 55 48 20 29 35 14 38 58 17 51 27 25 43 13 59 31 4 19 10 54 44 52 23 41 6 57 18],107218
steepest/lipa60a,1,108325,40,72570,11,[4 44 5 21 9 40 19 35 26 54 12 39 42 6 32 58 41 27 11 20 30 43 56 53 24 0 8 50 36 28 13 25 2 7 51 33 16 49 14 55 52 57 34 17 45 22 18 3 29 10 48 59 47 15 31 38 23 1 46 37],[24 47 16 3 49 12 15 40 0 36 21 26 45 33 37 11 8 2 7 32 46 53 30 42 39 9 34 22 28 56 1 5 50 55 48 20 29 35 14 38 58 17 51 27 25 43 13 59 31 4 19 10 54 44 52 23 41 6 57 18],107218
greedy/lipa60a,2,108372,109,11081,3,[33 18 11 23 4 59 7 53 10 37 55 8 13 12 14 17 48 27 28 58 42 31 35 21 39 9 20 50 0 22 45 41 16 25 54 32 1 56 40 46 51 49 15 2 34 19 57 6 29 38 43 44 36 47 3 24 52 30 5 26],[24 47 16 3 49 12 15 40 0 36 21 26 45 33 37 11 8 2 7 32 46 53 30 42 39 9 34 22 28 56 1 5 50 55 48 20 29 35 14 38 58 17 51 27 25 43 13 59 31 4 19 10 54 44 52 23 41 6 57 18],107218
steepest/lipa60a,2,108374,35,63720,9,[36 29 6 28 38 50 7 52 34 53 23 11 13 46 21 0 49 4 35 2 40 59 47 16 10 24 20 55 14 37 19 33 27 18 25 58 1 56 54 43 22 17 15 9 12 45 57 32 8 31 48 51 5 39 44 42 41 30 26 3],[24 47 16 3 49 12 15 40 0 36 21 26 45 33 37 11 8 2 7 32 46 53 30 42 39 9 34 22 28 56 1 5 50 55 48 20 29 35 14 38 58 17 51 27 25 43 13 59 31 4 19 10 54 44 52 23 41 6 57 18],107218
greedy/lipa60a,3,108359,115,17862,2,[25 7 59 22 36 10 28 46 24 54 44 31 52 14 17 4 15 3 6 51 58 16 41 20 40 43 1 55 5 56 32 33 35 11 57 21 29 53 45 8 18 12 23 0 27 38 39 49 48 34 37 26 19 2 50 47 30 42 13 9],[24 47 16 3 49 12 15 40 0 36 21 26 45 33 37 11 8 2 7 32 46 53 30 42 39 9 34 22 28 56 1 5 50 55 48 20 29 35 14 38 58 17 51 27 25 43 13 59 31 4 19 10 54 44 52 23 41 6 57 18],107218
steepest/lipa60a,3,108383,42,76110,12,[59 56 16 14 49 36 43 2 4 17 45 3 7 35 26 6 8 44 48 31 24 38 55 30 54 50 5 32 47 1 33 12 46 41 0 39 18 19 51 29 28 57 27 13 53 15 23 22 40 37 20 58 34 11 21 52 25 10 9 42],[24 47 16 3 49 12 15 40 0 36 21 26 45 33 37 11 8 2 7 32 46 53 30 42 39 9 34 22 28 56 1 5 50 55 48 20 29 35 14 38 58 17 51 27 25 43 13 59 31 4 19 10 54 44 52 23 41 6 57 18],107218
greedy/lipa60a,4,108483,103,11401,2,[31 19 32 30 39 54 46 33 15 59 40 13 56 8 28 22 49 5 44 2 21 42 23 50 37 25 38 34 27 47 1 0 57 7 3 11 55 51 35 43 52 17 18 48 4 16 26 10 20 24 53 29 12 58 6 45 9 41 36 14],[24 47 16 3 49 12 15 40 0 36 21 26 45 33 37 11 8 2 7 32 46 53 30 42 39 9 34 22 28 56 1 5 50 55 48 20 29 35 14 38 58 17 51 27 25 43 13 59 31 4 19 10 54 44 52 23 41 6 57 18],107218
steepest/lipa60a,4,108433,35,63720,8,[38 11 49 20 12 25 47 58 32 29 31 13 52 15 55 5 8 6 43 50 27 21 16 45 2 24 10 34 22 39 57 33 0 14 51 54 59 30 36 56 41 4 35 17 28 18 26 37 7 40 9 3 19 46 44 42 23 1 48 53],[24 47 16 3 49 12 15 40 0 36 21 26 45 33 37 11 8 2 7 32 46 53 30 42 39 9 34 22 28 56 1 5 50 55 48 20 29 35 14 38 58 17 51 27 25 43 13 59 31 4 19 10 54 44 52 23 41 6 57 18],107218
greedy/lipa60a,5,108393,89,9081,0,[6 44 5 55 43 29 36 49 31 45 15 34 2 4 27 46 40 26 19 13 51 42 39 37 32 52 48 50 38 57 12 35 25 18 7 16 28 23 1 11 33 3 8 53 30 9 0 10 41 17 14 21 24 54 58 59 56 22 20 47],[24 47 16 3 49 12 15 40 0 36 21 26 45 33 37 11 8 2 7 32 46 53 30 42 39 9 34 22 28 56 1 5 50 55 48 20 29 35 14 38 58 17 51 27 25 43 13 59 31 4 19 10 54 44 52 23 41 6 57 18],107218
steepest/lipa60a,5,108422,32,58410,12,[17 18 23 24 41 48 29 36 40 55 31 2 57 4 34 44 43 5 54 38 1 42 59 33 46 52 15 14 21 30 32 53 25 28 0 13 56 58 8 37 26 16 49 6 50 27 51 20 10 3 39 35 9 45 12 19 7 22 11 47],[24 47 16 3 49 12 15 40 0 36 21 26 45 33 37 11 8 2 7 32 46 53 30 42 39 9 34 22 28 56 1 5 50 55 48 20 29 35 14 38 58 17 51 27 25 43 13 59 31 4 19 10 54 44 52 23 41 6 57 18],107218
greedy/lipa60a,6,108366,107,18646,0,[36 9 18 6 30 50 57 43 46 52 48 25 26 34 5 59 31 15 47 56 19 22 49 16 45 3 2 40 12 0 24 33 20 32 14 4 28 23 7 53 41 38 17 21 29 27 54 44 51 8 13 11 39 10 37 58 35 55 1 42],[24 47 16 3 49 12 15 40 0 36 21 26 45 33 37 11 8 2 7 32 46 53 30 42 39 9 34 22 28 56 1 5 50 55 48 20 29 35 14 38 58 17 51 27 25 43 13 59 31 4 19 10 54 44 52 23 41 6 57 18],107218
steepest/lipa60a,6,108322,43,77880,15,[25 22 10 39 6 38 29 19 21 1 33 36 35 51 17 52 31 58 47 15 46 11 49 40 30 7 24 41 12 56 4 23 16 43 14 55 9 50 37 53 34 18 26 0 28 27 54 44 48 13 57 8 32 59 42 3 2 20 45 5],[24 47 16 3 49 12 15 40 0 36 21 26 45 33 37 11 8 2 7 32 46 53 30 42 39 9 34 22 28 56 1 5 50 55 48 20 29 35 14 38 58 17 51 27 25 43 13 59 31 4 19 10 54 44 52 23 41 6 57 18],107218
greedy/lipa60a,7,108520,74,7196,0,[5 30 20 37 43 11 58 42 17 32 0 44 26 55 8 57 46 3 59 47 4 48 25 51 9 53 1 10 49 18 13 16 29 15 36 19 39 7 56 40 31 28 35 21 24 6 38 34 45 33 23 41 22 27 52 54 14 2 50 12],[24 47 16 3 49 12 15 40 0 36 21 26 45 33 37 11 8 2 7 32 46 53 30 42 39 9 34 22 28 56 1 5 50 55 48 20 29 35 14 38 58 17 51 27 25 43 13 59 31 4 19 10 54 44 52 23 41 6 57 18],107218
steepest/lipa60a,7,108392,36,65490,10,[56 11 46 6 37 53 58 0 38 52 1 28 39 18 27 30 32 9 59 35 31 48 25 57 16 43 40 44 17 4 13 33 36 15 3 2 34 7 24 50 41 26 10 21 20 23 5 54 19 42 12 8 22 29 55 47 14 45 49 51],[24 47 16 3 49 12 15 40 0 36 21 26 45 33 37 11 8 2 7 32 46 53 30 42 39 9 34 22 28 56 1 5 50 55 48 20 29 35 14 38 58 17 51 27 25 43 13 59 31 4 19 10 54 44 52 23 41 6 57 18],107218
greedy/lipa60a,8,108269,107,12622,2,[7 21 35 4 25 28 20 0 48 30 42 18 49 31 12 33 5 16 59 1 10 29 34 9 8 57 39 37 45 52 36 32 58 46 50 6 19 13 51 40 55 22 2 54 24 14 23 17 38 56 11 27 44 3 43 53 15 47 41 26],[24 47 16 3 49 12 15 40 0 36 21 26 45 33 37 11 8 2 7 32 46 53 30 42 39 9 34 22 28 56 1 5 50 55 48 20 29 35 14 38 58 17 51 27 25 43 13 59 31 4 19 10 54 44 52 23 41 6 57 18],107218
steepest/lipa60a,8,108512,26,47790,8,[24 7 32 15 0 22 12 56 25 58 36 34 13 52 53 14 42 45 19 35 41 6 20 8 9 57 39 49 5 23 38 27 21 46 47 48 37 30 33 16 31 1 4 43 18 54 50 17 55 28 2 3 40 11 29 59 10 51 26 44],[24 47 16 3 49 12 15 40 0 36 21 26 45 33 37 11 8 2 7 32 46 53 30 42 39 9 34 22 28 56 1 5 50 55 48 20 29 35 14 38 58 17 51 27 25 43 13 59 31 4 19 10 54 44 52 23 41 6 57 18],107218
greedy/lipa60a,9,108381,82,14798,2,[53 8 34 37 2 36 31 32 9 54 16 44 0 7 23 18 56 3 21 20 22 29 55 46 49 52 33 57 1 48 10 24 27 30 58 59 40 51 26 41 38 15 17 6 47 14 43 28 35 50 25 39 19 4 11 5 12 42 13 45],[24 47 16 3 49 12 15 40 0 36 21 26 45 33 37 11 8 2 7 32 46 53 30 42 39 9 34 22 28 56 1 5 50 55 48 20 29 35 14 38 58 17 51 27 25 43 13 59 31 4 19 10 54 44 52 23 41 6 57 18],107218
steepest/lipa60a,9,108365,36,65490,7,[50 9 6 37 29 36 10 32 45 23 18 16 35 57 15 4 56 49 41 48 20 38 24 22 47 8 17 31 59 5 33 39 14 2 58 3 26 52 46 7 1 44 53 13 54 27 0 28 42 40 43 55 34 25 30 51 21 11 12 19],[24 47 16 3 49 12 15 40 0 36 21 26 45 33 37 11 8 2 7 32 46 53 30 42 39 9 34 22 28 56 1 5 50 55 48 20 29 35 14 38 58 17 51 27 25 43 13 59 31 4 19 10 54 44 52 23 41 6 57 18],107218
greedy/lipa60a,10,108357,101,14039,0,[12 42 29 4 0 55 6 41 2 36 33 34 14 40 5 15 16 39 11 8 13 38 24 47 45 28 50 35 18 56 44 52 53 22 37 30 59 51 32 49 10 21 3 17 26 27 54 7 23 20 57 48 19 43 1 46 25 31 58 9],[24 47 16 3 49 12 15 40 0 36 21 26 45 33 37 11 8 2 7 32 46 53 30 42 39 9 34 22 28 56 1 5 50 55 48 20 29 35 14 38 58 17 51 27 25 43 13 59 31 4 19 10 54 44 52 23 41 6 57 18],107218
steepest/lipa60a,10,108303,40,72570,17,[59 53 42 22 8 33 41 38 55 43 54 5 49 17 6 13 36 2 11 1 28 0 40 50 24 58 39 29 44 34 7 25 21 37 9 30 47 10 52 23 45 27 20 32 15 35 12 14 3 26 46 31 4 16 51 57 19 56 48 18],[24 47 16 3 49 12 15 40 0 36 21 26 45 33 37 11 8 2 7 32 46 53 30 42 39 9 34 22 28 56 1 5 50 55 48 20 29 35 14 38 58 17 51 27 25 43 13 59 31 4 19 10 54 44 52 23 41 6 57 18],107218
greedy/lipa80a,1,255339,142,27607,3,[65 47 28 77 33 35 30 14 5 62 50 10 22 20 75 56 79 36 23 2 54 43 72 64 26 58 73 12 41 46 21 32 53 15 42 11 78 3 57 29 18 60 17 74 66 24 25 7 1 8 67 16 51 19 70 6 63 52 4 49 61 69 34 13 38 9 48 31 27 0 45 55 68 40 71 76 44 59 39 37],[22 71 78 12 65 44 7 70 58 77 39 36 38 45 5 68 56 73 16 66 0 1 28 49 21 79 13 69 40 9 61 26 6 62 55 46 11 19 50 29 53 33 76 43 74 17 27 35 75 48 20 60 4 24 31 2 42 18 63 34 52 47 10 32 25 51 72 67 8 15 57 23 14 64 54 59 30 41 37 3],253195
steepest/lipa80a,1,255367,46,148520,37,[62 12 26 21 57 50 46 14 22 79 34 53 61 39 70 41 68 31 30 10 23 32 72 66 17 75 9 4 19 2 54 7 24 78 60 5 6 64 74 38 0 59 71 3 40 73 18 48 1 51 77 67 37 16 58 29 11 20 27 44 49 47 28 25 15 56 13 36 35 8 65 52 63 45 76 42 33 43 55 69],[22 71 78 12 65 44 7 70 58 77 39 36 38 45 5 68 56 73 16 66 0 1 28 49 21 79 13 69 40 9 61 26 6 62 55 46 11 19 50 29 53 33 76 43 74 17 27 35 75 48 20 60 4 24 31 2 42 18 63 34 52 47 10 32 25 51 72 67 8 15 57 23 14 64 54 59 30 41 37 3],253195
greedy/lipa80a,2,255365,139,28646,0,[30 53 11 7 20 78 42 12 39 19 79 13 15 65 41 60 58 29 76 8 18 43 66 56 69 52 0 10 26 40 45 61 1 73 62 68 6 35 70 36 9 17 24 49 55 22 2 33 74 4 51 3 72 23 54 44 77 63 34 47 57 75 71 28 16 32 37 38 59 31 27 46 25 14 5 67 21 64 48 50],[22 71 78 12 65 44 7 70 58 77 39 36 38 45 5 68 56 73 16 66 0 1 28 49 21 79 13 69 40 9 61 26 6 62 55 46 11 19 50 29 53 33 76 43 74 17 27 35 75 48 20 60 4 24 31 2 42 18 63 34 52 47 10 32 25 51 72 67 8 15 57 23 14 64 54 59 30 41 37 3],253195
steepest/lipa80a,2,255356,50,161160,37,[64 46 31 69 67 3 20 50 44 65 68 23 15 57 33 17 41 39 19 2 6 8 51 56 34 30 42 49 52 59 45 0 4 18 62 25 76 35 58 43 54 1 13 27 75 61 79 73 37 71 14 38 12 28 63 72 7 5 26 74 16 32 53 10 70 77 47 21 66 9 29 55 48 36 24 78 11 40 60 22],[22 71 78 12 65 44 7 70 58 77 39 36 38 45 5 68 56 73 16 66 0 1 28 49 21 79 13 69 40 9 61 26 6 62 55 46 11 19 50 29 53 33 76 43 74 17 27 35 75 48 20 60 4 24 31 2 42 18 63 34 52 47 10 32 25 51 72 67 8 15 57 23 14 64 54 59 30 41 37 3],253195
greedy/lipa80a,3,255267,148,38836,10,[60 45 51 21 67 35 17 32 44 50 29 38 27 6 26 2 75 28 3 37 68 34 66 20 31 9 24 74 58 73 59 53 22 5 63 36 30 11 7 71 25 33 65 43 42 55 13 52 18 4 23 62 15 1 8 46 76 48 72 10 78 77 41 79 0 39 16 64 49 19 12 54 70 69 40 14 47 56 57 61],[22 71 78 12 65 44 7 70 58 77 39 36 38 45 5 68 56 73 16 66 0 1 28 49 21 79 13 69 40 9 61 26 6 62 55 46 11 19 50 29 53 33 76 43 74 17 27 35 75 48 20 60 4 24 31 2 42 18 63 34 52 47 10 32 25 51 72 67 8 15 57 23 14 64 54 59 30 41 37 3],253195
steepest/lipa80a,3,255446,44,142200,33,[23 17 38 25 59 10 55 34 6 50 51 43 18 53 79 62 75 14 29 11 4 16 39 26 64 9 24 21 36 60 2 37 22 15 74 41 5 32 8 72 0 61 31 48 47 69 30 12 58 1 35 54 65 68 57 52 33 40 42 13 77 78 3 28 76 56 63 20 46 27 67 66 45 49 7 19 71 44 73 70],[22 71 78 12 65 44 7 70 58 77 39 36 38 45 5 68 56 73 16 66 0 1 28 49 21 79 13 69 40 9 61 26 6 62 55 46 11 19 50 29 53 33 76 43 74 17 27 35 75 48 20 60 4 24 31 2 42 18 63 34 52 47 10 32 25 51 72 67 8 15 57 23 14 64 54 59 30 41 37 3],253195
greedy/lipa80a,4,255161,131,39223,8,[22 73 13 11 32 9 37 3 4 51 68 47 64 40 8 7 79 77 15 16 33 71 23 27 49 2 75 55 19 66 76 25 17 65 44 52 12 42 6 59 20 38 72 58 5 29 63 24 14 0 74 50 26 70 62 60 34 61 31 43 41 46 69 28 57 45 39 78 10 36 30 18 35 53 67 54 21 56 48 1],[22 71 78 12 65 44 7 70 58 77 39 36 38 45 5 68 56 73 16 66 0 1 28 49 21 79 13 69 40 9 61 26 6 62 55 46 11 19 50 29 53 33 76 43 74 17 27 35 75 48 20 60 4 24 31 2 42 18 63 34 52 47 10 32 25 51 72 67 8 15 57 23 14 64 54 59 30 41 37 3],253195
steepest/lipa80a,4,255411,49,158000,39,[21 43 73 35 13 55 19 34 15 64 74 56 26 69 57 7 9 27 16 31 59 5 65 76 22 28 75 1 12 0 40 78 37 8 72 36 38 68 54 45 17 33 32 29 58 71 63 51 14 70 60 50 47 23 77 44 46 48 49 3 53 62 11 20 39 41 6 30 24 61 18 10 79 66 67 42 52 4 2 25],[22 71 78 12 65 44 7 70 58 77 39 36 38 45 5 68 56 73 16 66 0 1 28 49 21 79 13 69 40 9 61 26 6 62 55 46 11 19 50 29 53 33 76 43 74 17 27 35 75 48 20 60 4 24 31 2 42 18 63 34 52 47 10 32 25 51 72 67 8 15 57 23 14 64 54 59 30 41 37 3],253195
greedy/lipa80a,5,255283,159,24157,6,[26 20 51 18 22 73 34 4 27 32 56 78 5 16 75 25 8 37 30 31 36 46 42 33 15 6 58 59 11 2 72 9 79 41 44 55 1 61 54 57 45 35 17 52 12 70 0 71 64 67 65 48 38 43 13 29 76 23 66 50 21 69 68 39 74 7 63 49 24 19 10 77 47 14 53 3 28 40 62 60],[22 71 78 12 65 44 7 70 58 77 39 36 38 45 5 68 56 73 16 66 0 1 28 49 21 79 13 69 40 9 61 26 6 62 55 46 11 19 50 29 53 33 76 43 74 17 27 35 75 48 20 60 4 24 31 2 42 18 63 34 52 47 10 32 25 51 72 67 8 15 57 23 14 64 54 59 30 41 37 3],253195
steepest/lipa80a,5,255273,50,161160,40,[51 60 65 22 75 17 1 78 28 46 16 61 31 58 3 12 8 70 55 79 59 13 50 52 25 15 64 38 74 47 68 5 6 62 44 72 71 37 36 48 26 45 69 2 54 63 42 7 43 27 34 0 4 73 77 29 35 67 30 19 66 33 21 56 14 10 24 18 9 76 20 41 49 32 53 57 39 40 11 23],[22 71 78 12 65 44 7 70 58 77 39 36 38 45 5 68 56 73 16 66 0 1 28 49 21 79 13 69 40 9 61 26 6 62 55 46 11 19 50 29 53 33 76 43 74 17 27 35 75 48 20 60 4 24 31 2 42 18 63 34 52 47 10 32 25 51 72 67 8 15 57 23 14 64 54 59 30 41 37 3],253195
greedy/lipa80a,6,255261,142,31657,13,[60 53 31 47 59 74 54 22 11 67 12 49 15 3 76 63 14 39 78 8 40 68 66 1 30 52 33 5 46 36 71 64 32 13 61 20 41 18 57 19 50 72 62 73 56 4 23 6 38 34 55 75 27 28 77 9 0 70 48 69 21 25 24 58 17 51 65 43 45 2 44 42 79 37 10 26 35 7 16 29],[22 71 78 12 65 44 7 70 58 77 39 36 38 45 5 68 56 73 16 66 0 1 28 49 21 79 13 69 40 9 61 26 6 62 55 46 11 19 50 29 53 33 76 43 74 17 27 35 75 48 20 60 4 24 31 2 42 18 63 34 52 47 10 32 25 51 72 67 8 15 57 23 14 64 54 59 30 41 37 3],253195
steepest/lipa80a,6,255348,47,151680,61,[60 64 2 50 66 8 28 54 27 11 74 22 34 58 78 39 16 25 63 46 43 70 49 44 30 12 62 73 53 10 33 15 69 29 5 68 0 6 4 56 35 41 32 23 72 57 19 75 20 17 76 36 47 52 26 42 77 13 59 3 18 14 24 61 55 38 7 37 79 51 67 40 65 31 1 21 48 45 71 9],[22 71 78 12 65 44 7 70 58 77 39 36 38 45 5 68 56 73 16 66 0 1 28 49 21 79 13 69 40 9 61 26 6 62 55 46 11 19 50 29 53 33 76 43 74 17 27 35 75 48 20 60 4 24 31 2 42 18 63 34 52 47 10 32 25 51 72 67 8 15 57 23 14 64 54 59 30 41 37 3],253195
greedy/lipa80a,7,255111,165,45503,14,[71 41 55 57 77 62 68 37 27 38 70 20 18 79 10 51 5 30 1 22 72 60 49 42 48 34 64 35 69 75 26 9 16 8 15 67 76 74 36 58 23 12 63 33 25 44 0 14 45 29 2 65 47 50 61 52 32 73 17 28 46 54 19 53 78 24 4 21 7 3 6 66 13 39 43 11 56 40 59 31],[22 71 78 12 65 44 7 70 58 77 39 36 38 45 5 68 56 73 16 66 0 1 28 49 21 79 13 69 40 9 61 26 6 62 55 46 11 19 50 29 53 33 76 43 74 17 27 35 75 48 20 60 4 24 31 2 42 18 63 34 52 47 10 32 25 51 72 67 8 15 57 23 14 64 54 59 30 41 37 3],253195
steepest/lipa80a,7,255366,41,132720,35,[42 46 26 36 63 22 14 34 19 37 53 13 38 75 45 5 15 43 31 55 62 48 68 12 30 64 16 21 39 8 10 0 6 78 28 69 20 74 44 70 56 24 41 18 50 11 60 52 27 54 2 72 77 51 47 1 29 40 25 33 57 65 49 7 4 3 67 61 58 23 9 35 66 76 32 71 73 17 79 59],[22 71 78 12 65 44 7 70 58 77 39 36 38 45 5 68 56 73 16 66 0 1 28 49 21 79 13 69 40 9 61 26 6 62 55 46 11 19 50 29 53 33 76 43 74 17 27 35 75 48 20 60 4 24 31 2 42 18 63 34 52 47 10 32 25 51 72 67 8 15 57 23 14 64 54 59 30 41 37 3],253195
greedy/lipa80a,8,255198,119,25620,7,[73 74 52 19 59 16 1 40 9 69 5 76 43 21 45 63 41 27 77 38 54 32 7 10 23 42 55 30 34 46 25 71 12 0 35 37 53 49 78 15 6 29 44 60 14 75 28 26 50 65 3 72 67 17 48 58 20 79 2 4 57 47 39 70 56 8 64 18 51 62 11 13 36 24 33 68 61 66 31 22],[22 71 78 12 65 44 7 70 58 77 39 36 38 45 5 68 56 73 16 66 0 1 28 49 21 79 13 69 40 9 61 26 6 62 55 46 11 19 50 29 53 33 76 43 74 17 27 35 75 48 20 60 4 24 31 2 42 18 63 34 52 47 10 32 25 51 72 67 8 15 57 23 14 64 54 59 30 41 37 3],253195
steepest/lipa80a,8,255321,42,135880,34,[67 76 20 25 72 63 43 11 30 9 15 66 60 37 64 38 5 73 32 36 1 61 7 49 58 52 79 10 42 8 55 44 2 46 78 21 65 70 51 53 59 13 74 24 16 75 56 4 47 22 28 40 41 54 68 23 29 26 35 57 27 77 0 69 71 14 45 48 18 39 6 62 17 3 33 34 19 12 31 50],[22 71 78 12 65 44 7 70 58 77 39 36 38 45 5 68 56 73 16 66 0 1 28 49 21 79 13 69 40 9 61 26 6 62 55 46 11 19 50 29 53 33 76 43 74 17 27 35 75 48 20 60 4 24 31 2 42 18 63 34 52 47 10 32 25 51 72 67 8 15 57 23 14 64 54 59 30 41 37 3],253195
greedy/lipa80a,9,255168,150,26469,10,[7 55 36 72 4 1 42 30 70 65 18 2 73 77 33 67 45 35 3 53 61 14 59 62 52 64 54 63 71 16 21 29 66 58 78 60 6 12 28 75 17 9 37 25 69 24 48 46 15 47 41 8 13 0 68 57 23 26 40 34 19 74 79 27 44 20 76 5 56 49 51 11 32 43 39 22 10 31 50 38],[22 71 78 12 65 44 7 70 58 77 39 36 38 45 5 68 56 73 16 66 0 1 28 49 21 79 13 69 40 9 61 26 6 62 55 46 11 19 50 29 53 33 76 43 74 17 27 35 75 48 20 60 4 24 31 2 42 18 63 34 52 47 10 32 25 51 72 67 8 15 57 23 14 64 54 59 30 41 37 3],253195
steepest/lipa80a,9,255412,40,129560,21,[76 9 77 62 49 29 68 25 55 51 34 45 35 1 18 75 60 19 65 15 53 71 2 4 27 52 40 13 59 21 31 63 69 48 6 56 28 22 44 64 57 66 20 32 50 17 33 61 12 74 11 38 23 43 78 79 37 3 39 30 24 41 46 14 10 5 67 54 42 73 47 8 70 26 36 7 0 72 16 58],[22 71 78 12 65 44 7 70 58 77 39 36 38 45 5 68 56 73 16 66 0 1 28 49 21 79 13 69 40 9 61 26 6 62 55 46 11 19 50 29 53 33 76 43 74 17 27 35 75 48 20 60 4 24 31 2 42 18 63 34 52 47 10 32 25 51 72 67 8 15 57 23 14 64 54 59 30 41 37 3],253195
greedy/lipa80a,10,255367,129,20658,4,[4 5 10 3 2 60 22 44 52 48 31 62 61 47 71 24 49 15 46 18 25 9 11 7 30 51 23 45 73 26 41 78 40 8 58 35 76 14 17 6 28 12 16 53 50 38 79 67 19 42 69 72 57 56 29 70 74 68 1 43 66 77 36 20 32 13 37 21 33 63 39 65 59 54 64 34 27 55 0 75],[22 71 78 12 65 44 7 70 58 77 39 36 38 45 5 68 56 73 16 66 0 1 28 49 21 79 13 69 40 9 61 26 6 62 55 46 11 19 50 29 53 33 76 43 74 17 27 35 75 48 20 60 4 24 31 2 42 18 63 34 52 47 10 32 25 51 72 67 8 15 57 23 14 64 54 59 30 41 37 3],253195
steepest/lipa80a,10,255307,39,126400,41,[3 68 35 2 73 19 14 50 25 10 53 34 63 54 9 31 69 41 1 65 62 36 0 5 56 39 79 70 29 17 45 28 57 40 33 71 46 42 51 6 30 74 27 13 37 32 75 67 76 22 7 49 23 61 26 24 66 4 44 43 11 60 15 16 38 78 47 21 20 77 64 8 72 18 48 59 58 55 12 52],[22 71 78 12 65 44 7 70 58 77 39 36 38 45 5 68 56 73 16 66 0 1 28 49 21 79 13 69 40 9 61 26 6 62 55 46 11 19 50 29 53 33 76 43 74 17 27 35 75 48 20 60 4 24 31 2 42 18 63 34 52 47 10 32 25 51 72 67 8 15 57 23 14 64 54 59 30 41 37 3],253195
greedy/tai150b,1,510116197,1727,584904,281,[58 107 65 51 66 18 94 148 100 42 126 69 14 55 48 3 82 25 147 90 83 105 74 77 128 71 33 81 8 120 138 52 98 85 15 47 132 89 113 91 4 76 38 99 112 13 124 75 53 115 36 88 34 60 12 129 21 136 111 92 145 87 103 104 109 32 26 50 122 30 59 35 114 57 127 22 70 121 135 84 41 139 16 9 2 10 7 73 23 96 149 144 1 67 5 125 0 119 6 80 20 110 63 17 108 27 64 140 31 46 79 146 72 102 39 118 133 143 19 24 116 131 45 43 106 93 117 130 61 101 137 123 142 11 68 37 141 54 28 40 97 29 86 44 95 62 78 134 56 49],[83 62 114 18 57 64 50 104 102 5 29 26 82 122 98 24 146 30 124 47 46 115 75 143 103 81 112 60 108 110 131 92 53 87 140 127 109 36 145 63 129 67 123 45 120 72 91 113 73 12 21 74 137 141 118 147 125 68 41 17 52 132 130 15 88 86 136 38 119 23 20 70 1 8 90 3 96 89 148 25 59 65 121 99 55 94 126 135 19 95 76 56 48 101 138 133 34 71 28 111 31 77 40 79 128 93 35 7 13 32 39 11 105 97 33 142 149 27 116 6 66 100 107 80 106 69 4 0 54 2 117 51 9 84 78 14 22 61 42 43 37 134 44 58 144 139 49 85 16 10],498896643
steepest/tai150b,1,517302188,220,2469675,1377,[37 86 71 136 70 98 41 82 148 25 55 97 10 35 39 116 32 73 91 45 141 127 2 33 125 113 14 4 144 90 149 52 77 108 123 129 109 53 145 103 36 67 87 79 93 51 3 31 78 100 147 117 120 94 30 61 43 12 63 124 104 106 112 133 60 47 80 65 131 89 68 46 121 18 111 130 16 139 17 21 6 101 96 40 56 49 7 11 105 128 119 8 9 115 22 20 135 13 42 83 138 84 75 137 5 132 140 81 142 126 74 146 99 122 110 114 92 143 50 29 66 118 48 23 54 72 38 27 28 64 26 1 107 34 102 88 0 76 59 15 69 57 62 58 24 85 19 44 134 95],[83 62 114 18 57 64 50 104 102 5 29 26 82 122 98 24 146 30 124 47 46 115 75 143 103 81 112 60 108 110 131 92 53 87 140 127 109 36 145 63 129 67 123 45 120 72 91 113 73 12 21 74 137 141 118 147 125 68 41 17 52 132 130 15 88 86 136 38 119 23 20 70 1 8 90 3 96 89 148 25 59 65 121 99 55 94 126 135 19 95 76 56 48 101 138 133 34 71 28 111 31 77 40 79 128 93 35 7 13 32 39 11 105 97 33 142 149 27 116 6 66 100 107 80 106 69 4 0 54 2 117 51 9 84 78 14 22 61 42 43 37 134 44 58 144 139 49 85 16 10],498896643
greedy/tai150b,2,515031231,1691,301879,189,[92 122 95 98 44 89 96 140 108 83 65 94 47 58 76 62 85 126 15 50 87 13 106 91 67 146 133 80 121 38 4 132 53 70 6 116 75 139 110 136 115 16 84 107 34 69 0 60 17 42 20 124 51 88 66 36 23 99 125 40 129 130 10 102 28 86 78 49 43 71 127 134 101 56 63 93 57 59 142 131 135 148 7 5 149 25 68 11 24 29 31 46 48 12 9 61 72 14 90 147 112 1 21 54 119 123 73 104 52 30 22 41 117 137 45 39 144 2 114 55 111 82 37 97 74 120 143 8 26 79 118 145 33 109 138 128 105 64 81 100 3 19 113 27 141 77 103 35 32 18],[83 62 114 18 57 64 50 104 102 5 29 26 82 122 98 24 146 30 124 47 46 115 75 143 103 81 112 60 108 110 131 92 53 87 140 127 109 36 145 63 129 67 123 45 120 72 91 113 73 12 21 74 137 141 118 147 125 68 41 17 52 132 130 15 88 86 136 38 119 23 20 70 1 8 90 3 96 89 148 25 59 65 121 99 55 94 126 135 19 95 76 56 48 101 138 133 34 71 28 111 31 77 40 79 128 93 35 7 13 32 39 11 105 97 33 142 149 27 116 6 66 100 107 80 106 69 4 0 54 2 117 51 9 84 78 14 22 61 42 43 37 134 44 58 144 139 49 85 16 10],498896643
steepest/tai150b,2,525996027,206,2313225,1001,[19 105 23 38 15 126 16 71 136 12 70 91 133 121 73 139 58 89 76 57 87 13 20 59 45 85 94 135 67 4 83 141 53 2 145 123 118 103 95 44 62 108 115 40 72 69 117 127 22 34 66 99 107 102 84 10 54 111 143 1 36 68 3 55 11 33 41 27 24 7 101 149 88 144 60 100 8 47 124 90 80 74 25 131 81 148 132 17 56 65 52 96 26 48 113 129 0 75 9 109 104 21 106 125 112 116 98 146 61 140 63 46 137 30 39 110 64 14 6 31 42 138 37 49 77 97 130 82 147 93 120 43 86 78 128 92 142 119 51 5 28 134 114 18 35 79 32 50 29 122],[83 62 114 18 57 64 50 104 102 5 29 26 82 122 98 24 146 30 124 47 46 115 75 143 103 81 112 60 108 110 131 92 53 87 140 127 109 36 145 63 129 67 123 45 120 72 91 113 73 12 21 74 137 141 118 147 125 68 41 17 52 132 130 15 88 86 136 38 119 23 20 70 1 8 90 3 96 89 148 25 59 65 121 99 55 94 126 135 19 95 76 56 48 101 138 133 34 71 28 111 31 77 40 79 128 93 35 7 13 32 39 11 105 97 33 142 149 27 116 6 66 100 107 80 106 69 4 0 54 2 117 51 9 84 78 14 22 61 42 43 37 134 44 58 144 139 49 85 16 10],498896643
greedy/tai150b,3,512180169,1649,365547,156,[134 83 35 79 113 32 140 39 91 92 126 122 31 27 133 24 146 47 38 98 87 108 109 147 13 46 51 15 67 52 36 77 53 50 59 118 115 145 4 125 132 64 48 142 43 127 107 10 1 80 54 14 99 93 60 69 66 42 123 26 2 28 23 37 57 101 95 73 45 41 137 55 141 82 9 81 8 6 119 97 143 100 18 110 19 65 138 74 105 33 120 128 75 129 20 72 12 21 111 90 34 106 84 112 121 104 70 114 76 29 124 144 3 102 131 89 68 103 71 30 5 7 40 117 94 149 17 25 116 88 11 0 22 61 86 148 78 130 136 135 63 58 44 96 139 49 62 16 56 85],[83 62 114 18 57 64 50 104 102 5 29 26 82 122 98 24 146 30 124 47 46 115 75 143 103 81 112 60 108 110 131 92 53 87 140 127 109 36 145 63 129 67 123 45 120 72 91 113 73 12 21 74 137 141 118 147 125 68 41 17 52 132 130 15 88 86 136 38 119 23 20 70 1 8 90 3 96 89 148 25 59 65 121 99 55 94 126 135 19 95 76 56 48 101 138 133 34 71 28 111 31 77 40 79 128 93 35 7 13 32 39 11 105 97 33 142 149 27 116 6 66 100 107 80 106 69 4 0 54 2 117 51 9 84 78 14 22 61 42 43 37 134 44 58 144 139 49 85 16 10],498896643
steepest/tai150b,3,514063481,247,2771400,1114,[64 48 86 93 68 56 87 134 7 125 53 77 13 132 54 67 89 15 84 144 121 2 45 80 106 16 139 10 44 22 70 43 85 76 61 14 117 55 107 4 113 51 3 20 59 111 9 17 135 79 0 74 1 69 138 100 34 78 149 142 148 31 62 101 26 37 41 73 32 71 25 82 141 95 109 122 35 30 147 104 137 92 128 49 46 27 123 115 130 119 52 8 36 91 120 90 40 66 99 21 42 12 83 97 116 57 50 126 23 140 38 98 11 28 133 58 39 94 96 65 145 5 129 127 118 112 88 114 72 60 102 124 75 131 33 63 81 143 108 103 136 18 19 6 105 110 47 29 146 24],[83 62 114 18 57 64 50 104 102 5 29 26 82 122 98 24 146 30 124 47 46 115 75 143 103 81 112 60 108 110 131 92 53 87 140 127 109 36 145 63 129 67 123 45 120 72 91 113 73 12 21 74 137 141 118 147 125 68 41 17 52 132 130 15 88 86 136 38 119 23 20 70 1 8 90 3 96 89 148 25 59 65 121 99 55 94 126 135 19 95 76 56 48 101 138 133 34 71 28 111 31 77 40 79 128 93 35 7 13 32 39 11 105 97 33 142 149 27 116 6 66 100 107 80 106 69 4 0 54 2 117 51 9 84 78 14 22 61 42 43 37 134 44 58 144 139 49 85 16 10],498896643
greedy/tai150b,4,514039872,1572,509895,199,[139 6 7 122 79 140 96 149 11 135 56 59 31 19 57 24 32 134 23 30 148 65 101 26 58 64 118 37 18 104 144 9 25 82 114 71 141 41 48 45 94 55 73 17 52 125 74 5 20 117 100 109 12 0 111 40 34 22 69 76 99 93 106 80 136 116 84 44 4 70 142 146 43 85 75 123 105 137 131 2 49 27 128 92 46 119 47 130 35 10 68 8 133 42 145 138 103 113 77 78 107 120 147 28 14 83 50 51 3 126 90 98 61 62 91 95 39 66 132 29 72 102 21 1 143 97 129 110 63 81 33 127 86 36 60 108 124 88 112 54 38 87 53 15 13 121 67 16 89 115],[83 62 114 18 57 64 50 104 102 5 29 26 82 122 98 24 146 30 124 47 46 115 75 143 103 81 112 60 108 110 131 92 53 87 140 127 109 36 145 63 129 67 123 45 120 72 91 113 73 12 21 74 137 141 118 147 125 68 41 17 52 132 130 15 88 86 136 38 119 23 20 70 1 8 90 3 96 89 148 25 59 65 121 99 55 94 126 135 19 95 76 56 48 101 138 133 34 71 28 111 31 77 40 79 128 93 35 7 13 32 39 11 105 97 33 142 149 27 116 6 66 100 107 80 106 69 4 0 54 2 117 51 9 84 78 14 22 61 42 43 37 134 44 58 144 139 49 85 16 10],498896643
steepest/tai150b,4,511856399,229,2570250,1059,[132 121 49 11 101 32 16 144 22 2 56 40 41 23 58 73 35 10 0 39 44 19 69 78 137 134 14 100 117 61 55 9 85 27 83 149 135 24 113 107 25 57 7 125 138 92 79 33 111 34 5 21 147 120 51 20 77 17 3 59 28 127 145 129 63 37 123 18 143 95 109 131 118 104 36 13 70 105 97 93 128 6 15 86 38 116 136 119 8 96 130 139 91 148 52 141 12 94 122 90 42 45 103 1 66 62 48 82 31 98 54 64 72 26 102 108 71 68 146 30 99 81 43 65 124 60 142 29 84 133 80 112 106 74 114 110 47 50 115 75 88 140 67 53 76 126 4 89 46 87],[83 62 114 18 57 64 50 104 102 5 29 26 82 122 98 24 146 30 124 47 46 115 75 143 103 81 112 60 108 110 131 92 53 87 140 127 109 36 145 63 129 67 123 45 120 72 91 113 73 12 21 74 137 141 118 147 125 68 41 17 52 132 130 15 88 86 136 38 119 23 20 70 1 8 90 3 96 89 148 25 59 65 121 99 55 94 126 135 19 95 76 56 48 101 138 133 34 71 28 111 31 77 40 79 128 93 35 7 13 32 39 11 105 97 33 142 149 27 116 6 66 100 107 80 106 69 4 0 54 2 117 51 9 84 78 14 22 61 42 43 37 134 44 58 144 139 49 85 16 10],498896643
greedy/tai150b,5,517555874,1452,298990,126,[67 39 50 103 114 144 104 41 3 149 30 94 26 131 57 68 70 55 23 59 7 4 66 14 76 134 54 51 85 9 135 61 102 10 86 25 107 2 113 117 78 100 22 80 97 34 81 74 60 138 1 77 84 79 42 75 121 93 88 33 12 129 127 38 123 24 52 6 40 133 21 47 28 35 20 91 98 45 62 142 141 65 132 37 89 15 126 148 82 73 95 29 99 0 116 136 106 69 44 111 43 120 27 90 130 11 96 139 119 16 101 56 17 128 58 8 49 137 105 19 115 145 112 110 125 72 143 64 5 63 122 92 124 109 48 118 18 36 13 147 83 46 31 53 87 32 108 146 140 71],[83 62 114 18 57 64 50 104 102 5 29 26 82 122 98 24 146 30 124 47 46 115 75 143 103 81 112 60 108 110 131 92 53 87 140 127 109 36 145 63 129 67 123 45 120 72 91 113 73 12 21 74 137 141 118 147 125 68 41 17 52 132 130 15 88 86 136 38 119 23 20 70 1 8 90 3 96 89 148 25 59 65 121 99 55 94 126 135 19 95 76 56 48 101 138 133 34 71 28 111 31 77 40 79 128 93 35 7 13 32 39 11 105 97 33 142 149 27 116 6 66 100 107 80 106 69 4 0 54 2 117 51 9 84 78 14 22 61 42 43 37 134 44 58 144 139 49 85 16 10],498896643
steepest/tai150b,5,518192792,200,2246175,1282,[114 124 41 82 106 35 87 55 107 113 134 34 111 141 73 94 32 121 93 25 58 40 120 23 86 7 1 13 101 97 128 37 11 96 117 105 137 56 49 130 119 19 2 142 116 10 59 75 99 43 95 21 26 14 9 148 100 79 44 74 17 122 24 53 91 146 67 47 57 50 83 29 110 126 5 132 104 66 12 72 3 103 71 90 64 27 149 125 30 48 77 144 69 84 45 22 109 135 0 68 78 61 62 54 18 139 85 70 6 16 80 89 65 38 136 4 8 28 76 15 92 145 131 129 118 88 147 33 42 60 115 127 52 51 36 143 112 63 123 20 138 98 31 39 81 133 108 140 46 102],[83 62 114 18 57 64 50 104 102 5 29 26 82 122 98 24 146 30 124 47 46 115 75 143 103 81 112 60 108 110 131 92 53 87 140 127 109 36 145 63 129 67 123 45 120 72 91 113 73 12 21 74 137 141 118 147 125 68 41 17 52 132 130 15 88 86 136 38 119 23 20 70 1 8 90 3 96 89 148 25 59 65 121 99 55 94 126 135 19 95 76 56 48 101 138 133 34 71 28 111 31 77 40 79 128 93 35 7 13 32 39 11 105 97 33 142 149 27 116 6 66 100 107 80 106 69 4 0 54 2 117 51 9 84 78 14 22 61 42 43 37 134 44 58 144 139 49 85 16 10],498896643
greedy/tai150b,6,506473221,1613,431941,311,[92 122 44 11 37 58 19 62 86 130 56 7 101 98 49 82 95 96 135 71 85 55 61 9 41 16 78 117 136 107 25 69 139 113 3 14 22 4 94 83 10 76 2 93 20 106 65 142 74 148 43 21 12 147 48 99 51 111 45 105 1 67 6 87 13 133 110 128 116 47 97 140 119 39 36 18 64 59 118 31 28 104 35 137 46 32 30 79 57 24 26 134 120 90 149 0 77 141 100 138 66 42 17 34 125 38 89 144 91 70 84 8 52 80 23 132 126 73 121 15 5 63 33 145 112 129 72 68 109 115 123 54 127 143 60 124 131 53 88 75 40 146 81 114 27 103 108 50 29 102],[83 62 114 18 57 64 50 104 102 5 29 26 82 122 98 24 146 30 124 47 46 115 75 143 103 81 112 60 108 110 131 92 53 87 140 127 109 36 145 63 129 67 123 45 120 72 91 113 73 12 21 74 137 141 118 147 125 68 41 17 52 132 130 15 88 86 136 38 119 23 20 70 1 8 90 3 96 89 148 25 59 65 121 99 55 94 126 135 19 95 76 56 48 101 138 133 34 71 28 111 31 77 40 79 128 93 35 7 13 32 39 11 105 97 33 142 149 27 116 6 66 100 107 80 106 69 4 0 54 2 117 51 9 84 78 14 22 61 42 43 37 134 44 58 144 139 49 85 16 10],498896643
steepest/tai150b,6,514433681,226,2536725,1479,[52 147 58 25 23 101 126 41 100 9 65 51 94 148 11 1 88 55 117 19 16 49 40 61 78 56 135 86 2 14 96 22 139 85 10 4 116 76 70 95 136 89 110 142 99 60 119 36 75 26 43 45 54 93 0 125 84 17 67 132 92 57 80 127 123 131 129 114 68 47 122 24 124 81 72 91 48 149 20 83 7 73 82 42 71 98 12 39 3 66 90 144 21 15 97 59 37 112 5 137 107 130 106 34 13 102 29 53 6 146 87 46 115 31 62 50 44 121 140 108 143 8 133 118 145 141 38 79 32 105 128 35 28 111 33 27 120 63 103 109 69 104 77 134 113 18 138 64 30 74],[83 62 114 18 57 64 50 104 102 5 29 26 82 122 98 24 146 30 124 47 46 115 75 143 103 81 112 60 108 110 131 92 53 87 140 127 109 36 145 63 129 67 123 45 120 72 91 113 73 12 21 74 137 141 118 147 125 68 41 17 52 132 130 15 88 86 136 38 119 23 20 70 1 8 90 3 96 89 148 25 59 65 121 99 55 94 126 135 19 95 76 56 48 101 138 133 34 71 28 111 31 77 40 79 128 93 35 7 13 32 39 11 105 97 33 142 149 27 116 6 66 100 107 80 106 69 4 0 54 2 117 51 9 84 78 14 22 61 42 43 37 134 44 58 144 139 49 85 16 10],498896643
greedy/tai150b,7,513068139,1458,431252,253,[102 0 56 58 148 146 50 19 62 31 29 44 65 57 140 25 64 96 121 24 71 12 107 118 48 18 106 111 133 145 122 34 28 98 87 141 125 39 95 82 37 73 45 79 143 127 130 60 90 124 63 84 123 53 103 112 129 66 91 147 119 115 17 38 92 11 132 81 74 8 20 35 52 32 116 2 41 114 68 22 104 49 144 26 16 139 101 3 55 137 117 30 75 36 80 72 99 21 46 131 40 109 67 108 13 120 27 149 93 77 142 47 83 33 138 128 7 97 105 113 51 136 5 94 42 69 135 15 54 1 88 61 9 59 4 6 23 14 110 100 43 70 76 89 126 86 10 134 85 78],[83 62 114 18 57 64 50 104 102 5 29 26 82 122 98 24 146 30 124 47 46 115 75 143 103 81 112 60 108 110 131 92 53 87 140 127 109 36 145 63 129 67 123 45 120 72 91 113 73 12 21 74 137 141 118 147 125 68 41 17 52 132 130 15 88 86 136 38 119 23 20 70 1 8 90 3 96 89 148 25 59 65 121 99 55 94 126 135 19 95 76 56 48 101 138 133 34 71 28 111 31 77 40 79 128 93 35 7 13 32 39 11 105 97 33 142 149 27 116 6 66 100 107 80 106 69 4 0 54 2 117 51 9 84 78 14 22 61 42 43 37 134 44 58 144 139 49 85 16 10],498896643
steepest/tai150b,7,519238017,194,2179125,1216,[104 131 148 71 114 140 41 25 60 112 55 124 82 51 65 81 50 126 39 19 121 24 128 118 105 96 20 17 47 117 133 27 46 56 38 11 4 89 76 102 59 58 57 129 34 40 75 5 22 99 72 36 48 107 83 63 111 14 0 54 80 125 8 132 84 86 113 10 87 134 137 32 108 35 79 120 18 1 90 100 23 138 70 66 144 74 97 42 33 88 3 98 94 21 147 101 52 28 12 9 91 127 135 69 2 15 85 146 115 16 123 44 13 130 139 136 53 67 119 49 103 95 77 143 45 37 61 142 7 26 78 109 122 149 62 93 31 92 141 145 73 68 110 29 106 43 116 30 64 6],[83 62 114 18 57 64 50 104 102 5 29 26 82 122 98 24 146 30 124 47 46 115 75 143 103 81 112 60 108 110 131 92 53 87 140 127 109 36 145 63 129 67 123 45 120 72 91 113 73 12 21 74 137 141 118 147 125 68 41 17 52 132 130 15 88 86 136 38 119 23 20 70 1 8 90 3 96 89 148 25 59 65 121 99 55 94 126 135 19 95 76 56 48 101 138 133 34 71 28 111 31 77 40 79 128 93 35 7 13 32 39 11 105 97 33 142 149 27 116 6 66 100 107 80 106 69 4 0 54 2 117 51 9 84 78 14 22 61 42 43 37 134 44 58 144 139 49 85 16 10],498896643
greedy/tai150b,8,516970473,1419,301462,170,[146 108 110 131 92 18 32 29 5 116 35 11 93 70 6 142 122 50 81 57 8 100 79 120 19 47 43 127 105 33 24 59 38 148 91 115 147 113 52 135 45 25 123 69 42 99 86 40 130 20 74 13 138 136 129 75 97 28 90 14 21 117 49 2 61 3 137 139 10 68 119 16 22 144 12 124 102 27 60 37 1 141 82 23 98 71 73 103 101 114 88 41 36 78 9 17 83 109 118 128 63 51 67 145 4 95 96 7 76 46 132 56 125 15 126 65 149 77 53 89 133 26 111 104 140 58 72 44 0 48 66 112 107 34 84 62 80 54 31 39 143 87 106 64 85 121 55 134 30 94],[83 62 114 18 57 64 50 104 102 5 29 26 82 122 98 24 146 30 124 47 46 115 75 143 103 81 112 60 108 110 131 92 53 87 140 127 109 36 145 63 129 67 123 45 120 72 91 113 73 12 21 74 137 141 118 147 125 68 41 17 52 132 130 15 88 86 136 38 119 23 20 70 1 8 90 3 96 89 148 25 59 65 121 99 55 94 126 135 19 95 76 56 48 101 138 133 34 71 28 111 31 77 40 79 128 93 35 7 13 32 39 11 105 97 33 142 149 27 116 6 66 100 107 80 106 69 4 0 54 2 117 51 9 84 78 14 22 61 42 43 37 134 44 58 144 139 49 85 16 10],498896643
steepest/tai150b,8,515898348,196,2201475,1179,[23 101 50 19 57 146 96 41 51 26 56 100 24 18 114 122 65 55 148 81 35 32 17 59 25 126 93 142 92 11 76 5 8 113 77 38 149 4 94 135 141 10 7 67 9 79 13 45 108 109 90 0 33 20 138 143 91 118 136 117 61 62 6 123 31 137 115 2 84 30 43 46 22 144 80 73 98 102 128 39 27 71 89 105 70 95 131 37 82 121 124 47 147 3 97 103 42 74 83 52 120 69 14 111 53 78 16 134 15 85 54 44 130 119 29 86 132 68 139 49 58 63 40 127 107 75 72 133 34 36 60 129 12 21 112 125 28 66 104 145 99 87 48 88 106 116 110 140 64 1],[83 62 114 18 57 64 50 104 102 5 29 26 82 122 98 24 146 30 124 47 46 115 75 143 103 81 112 60 108 110 131 92 53 87 140 127 109 36 145 63 129 67 123 45 120 72 91 113 73 12 21 74 137 141 118 147 125 68 41 17 52 132 130 15 88 86 136 38 119 23 20 70 1 8 90 3 96 89 148 25 59 65 121 99 55 94 126 135 19 95 76 56 48 101 138 133 34 71 28 111 31 77 40 79 128 93 35 7 13 32 39 11 105 97 33 142 149 27 116 6 66 100 107 80 106 69 4 0 54 2 117 51 9 84 78 14 22 61 42 43 37 134 44 58 144 139 49 85 16 10],498896643
greedy/tai150b,9,510768446,1728,527149,256,[68 121 50 55 114 64 29 25 66 3 96 104 41 144 148 30 18 65 51 48 82 83 115 147 138 98 100 42 74 120 81 77 71 132 17 20 12 52 14 33 69 46 90 75 88 97 40 37 123 129 128 143 63 60 145 109 21 43 4 110 119 61 6 86 136 32 130 23 13 35 95 116 1 70 101 11 57 59 99 94 26 122 19 131 56 24 93 5 149 135 142 7 72 105 28 34 124 125 36 76 118 127 112 111 80 38 140 67 8 126 45 87 73 15 91 53 133 47 89 39 27 84 117 54 107 137 92 0 2 108 141 103 78 22 79 10 102 31 113 106 9 134 44 58 85 139 62 16 146 49],[83 62 114 18 57 64 50 104 102 5 29 26 82 122 98 24 146 30 124 47 46 115 75 143 103 81 112 60 108 110 131 92 53 87 140 127 109 36 145 63 129 67 123 45 120 72 91 113 73 12 21 74 137 141 118 147 125 68 41 17 52 132 130 15 88 86 136 38 119 23 20 70 1 8 90 3 96 89 148 25 59 65 121 99 55 94 126 135 19 95 76 56 48 101 138 133 34 71 28 111 31 77 40 79 128 93 35 7 13 32 39 11 105 97 33 142 149 27 116 6 66 100 107 80 106 69 4 0 54 2 117 51 9 84 78 14 22 61 42 43 37 134 44 58 144 139 49 85 16 10],498896643
steepest/tai150b,9,519598361,199,2235000,1027,[54 84 19 51 50 126 53 89 117 61 56 14 132 96 15 95 65 67 148 18 76 24 69 25 118 4 100 20 38 45 122 17 85 135 9 11 74 81 136 57 83 94 59 109 28 147 36 40 92 115 58 60 0 111 99 75 125 90 145 1 63 121 128 142 13 93 6 27 103 32 97 7 105 149 129 43 64 48 112 26 3 106 2 66 16 139 44 87 62 29 80 146 21 114 104 52 107 5 42 12 78 133 102 34 55 23 39 98 41 8 120 70 77 141 82 73 71 138 113 116 127 33 124 79 47 101 72 46 110 140 31 108 88 143 130 123 22 119 131 37 91 35 30 68 10 86 49 144 134 137],[83 62 114 18 57 64 50 104 102 5 29 26 82 122 98 24 146 30 124 47 46 115 75 143 103 81 112 60 108 110 131 92 53 87 140 127 109 36 145 63 129 67 123 45 120 72 91 113 73 12 21 74 137 141 118 147 125 68 41 17 52 132 130 15 88 86 136 38 119 23 20 70 1 8 90 3 96 89 148 25 59 65 121 99 55 94 126 135 19 95 76 56 48 101 138 133 34 71 28 111 31 77 40 79 128 93 35 7 13 32 39 11 105 97 33 142 149 27 116 6 66 100 107 80 106 69 4 0 54 2 117 51 9 84 78 14 22 61 42 43 37 134 44 58 144 139 49 85 16 10],498896643
greedy/tai150b,10,516936520,1388,221921,115,[1 3 148 149 116 126 39 65 31 6 96 135 142 7 47 25 140 133 89 95 29 5 14 60 78 46 61 51 102 112 110 88 50 143 147 74 67 92 114 33 63 115 81 43 145 97 91 12 90 138 36 83 77 45 17 137 128 13 52 27 21 111 30 53 72 32 48 64 104 35 11 56 26 146 40 101 121 124 93 37 68 141 55 131 41 73 94 103 82 71 108 98 69 120 9 105 123 42 109 129 20 127 99 75 132 76 24 19 28 122 125 8 79 4 118 59 18 100 38 57 66 15 54 130 87 113 136 139 84 62 80 106 107 22 0 58 10 2 34 119 117 134 23 70 144 44 49 16 85 86],[83 62 114 18 57 64 50 104 102 5 29 26 82 122 98 24 146 30 124 47 46 115 75 143 103 81 112 60 108 110 131 92 53 87 140 127 109 36 145 63 129 67 123 45 120 72 91 113 73 12 21 74 137 141 118 147 125 68 41 17 52 132 130 15 88 86 136 38 119 23 20 70 1 8 90 3 96 89 148 25 59 65 121 99 55 94 126 135 19 95 76 56 48 101 138 133 34 71 28 111 31 77 40 79 128 93 35 7 13 32 39 11 105 97 33 142 149 27 116 6 66 100 107 80 106 69 4 0 54 2 117 51 9 84 78 14 22 61 42 43 37 134 44 58 144 139 49 85 16 10],498896643
steepest/tai150b,10,514509029,239,2682000,1366,[77 93 140 122 114 50 126 47 74 67 56 53 99 18 96 65 29 133 143 24 46 31 145 63 110 146 118 36 64 108 19 39 98 82 33 6 124 148 112 81 60 25 51 68 21 105 40 54 52 128 147 7 43 119 75 130 97 138 20 44 83 84 58 139 91 2 22 73 86 16 62 144 49 23 9 149 30 79 111 142 92 104 57 27 134 59 26 131 32 103 109 35 28 42 135 129 116 127 123 120 115 72 17 37 90 117 88 41 66 71 12 101 137 61 55 3 48 69 1 14 34 80 107 78 125 13 11 4 45 38 100 94 121 95 102 85 76 0 136 106 5 70 141 132 15 89 87 10 8 113],[83 62 114 18 57 64 50 104 102 5 29 26 82 122 98 24 146 30 124 47 46 115 75 143 103 81 112 60 108 110 131 92 53 87 140 127 109 36 145 63 129 67 123 45 120 72 91 113 73 12 21 74 137 141 118 147 125 68 41 17 52 132 130 15 88 86 136 38 119 23 20 70 1 8 90 3 96 89 148 25 59 65 121 99 55 94 126 135 19 95 76 56 48 101 138 133 34 71 28 111 31 77 40 79 128 93 35 7 13 32 39 11 105 97 33 142 149 27 116 6 66 100 107 80 106 69 4 0 54 2 117 51 9 84 78 14 22 61 42 43 37 134 44 58 144 139 49 85 16 10],498896643
greedy/esc32f,1,2,5,1104,0,[27 1 19 21 17 2 28 5 24 11 25 0 18 22 3 15 13 9 30 8 10 14 6 12 7 31 16 23 4 20 26 29],[0 1 4 5 7 15 12 18 8 31 6 21 23 19 3 11 2 16 28 20 10 24 26 17 29 30 22 27 13 14 25 9],2
steepest/esc32f,1,2,2,1488,0,[8 1 19 21 17 2 28 5 22 15 24 0 27 25 3 14 13 9 30 11 10 18 6 12 7 31 16 23 4 20 26 29],[0 1 4 5 7 15 12 18 8 31 6 21 23 19 3 11 2 16 28 20 10 24 26 17 29 30 22 27 13 14 25 9],2
greedy/esc32f,2,2,8,927,0,[18 6 4 20 25 11 13 5 29 17 24 30 0 8 22 27 7 3 15 1 21 16 26 23 28 31 14 10 12 2 9 19],[0 1 4 5 7 15 12 18 8 31 6 21 23 19 3 11 2 16 28 20 10 24 26 17 29 30 22 27 13 14 25 9],2
steepest/esc32f,2,2,3,1984,0,[18 8 0 13 25 11 20 6 17 28 24 30 4 5 22 27 7 3 21 1 15 16 26 23 29 31 14 10 12 2 9 19],[0 1 4 5 7 15 12 18 8 31 6 21 23 19 3 11 2 16 28 20 10 24 26 17 29 30 22 27 13 14 25 9],2
greedy/esc32f,3,2,5,731,0,[16 0 25 15 17 11 3 26 1 23 18 12 20 4 31 24 10 8 19 9 29 14 27 28 7 30 22 21 5 6 13 2],[0 1 4 5 7 15 12 18 8 31 6 21 23 19 3 11 2 16 28 20 10 24 26 17 29 30 22 27 13 14 25 9],2
steepest/esc32f,3,2,5,2976,0,[26 15 10 20 3 11 17 29 16 23 18 12 0 4 31 24 25 1 19 9 8 14 27 28 7 30 22 21 5 6 13 2],[0 1 4 5 7 15 12 18 8 31 6 21 23 19 3 11 2 16 28 20 10 24 26 17 29 30 22 27 13 14 25 9],2
greedy/esc32f,4,2,6,807,0,[4 9 23 14 25 28 18 13 2 12 26 29 16 17 19 7 15 3 22 1 0 24 11 30 8 21 31 20 10 6 5 27],[0 1 4 5 7 15 12 18 8 31 6 21 23 19 3 11 2 16 28 20 10 24 26 17 29 30 22 27 13 14 25 9],2
steepest/esc32f,4,2,3,1984,0,[13 4 28 14 25 7 18 3 2 12 26 29 16 17 31 23 19 9 22 1 0 24 11 30 8 21 15 20 10 6 5 27],[0 1 4 5 7 15 12 18 8 31 6 21 23 19 3 11 2 16 28 20 10 24 26 17 29 30 22 27 13 14 25 9],2
greedy/esc32f,5,2,8,715,0,[12 29 30 25 14 26 1 19 2 27 3 20 4 6 10 21 18 31 0 15 24 28 22 16 11 8 7 13 5 23 9 17],[0 1 4 5 7 15 12 18 8 31 6 21 23 19 3 11 2 16 28 20 10 24 26 17 29 30 22 27 13 14 25 9],2
steepest/esc32f,5,2,4,2480,0,[19 10 1 2 14 26 15 25 31 27 3 20 7 6 4 21 29 22 11 30 24 28 12 16 0 8 18 13 5 23 9 17],[0 1 4 5 7 15 12 18 8 31 6 21 23 19 3 11 2 16 28 20 10 24 26 17 29 30 22 27 13 14 25 9],2
greedy/esc32f,6,2,5,953,0,[24 30 10 23 18 0 1 15 3 29 12 26 13 9 20 16 31 6 17 7 28 14 2 5 8 19 27 25 21 22 11 4],[0 1 4 5 7 15 12 18 8 31 6 21 23 19 3 11 2 16 28 20 10 24 26 17 29 30 22 27 13 14 25 9],2
steepest/esc32f,6,2,4,2480,0,[24 30 10 3 18 0 6 15 23 29 12 26 13 9 20 16 31 1 7 17 28 14 2 5 8 19 27 25 21 22 11 4],[0 1 4 5 7 15 12 18 8 31 6 21 23 19 3 11 2 16 28 20 10 24 26 17 29 30 22 27 13 14 25 9],2
greedy/esc32f,7,2,9,796,0,[2 0 30 15 21 8 13 19 31 10 4 11 16 20 14 17 23 27 29 25 7 3 22 6 26 9 24 12 18 5 28 1],[0 1 4 5 7 15 12 18 8 31 6 21 23 19 3 11 2 16 28 20 10 24 26 17 29 30 22 27 13 14 25 9],2
steepest/esc32f,7,2,4,2480,0,[27 20 16 14 21 8 13 31 15 10 4 11 0 2 23 17 30 19 29 3 7 25 22 6 26 9 24 12 18 5 28 1],[0 1 4 5 7 15 12 18 8 31 6 21 23 19 3 11 2 16 28 20 10 24 26 17 29 30 22 27 13 14 25 9],2
greedy/esc32f,8,2,4,650,0,[12 16 15 13 11 22 31 10 30 18 19 17 23 21 28 7 8 9 27 1 3 25 4 2 6 26 14 0 29 20 24 5],[0 1 4 5 7 15 12 18 8 31 6 21 23 19 3 11 2 16 28 20 10 24 26 17 29 30 22 27 13 14 25 9],2
steepest/esc32f,8,2,3,1984,0,[16 12 21 13 11 22 31 10 30 18 19 17 7 15 28 23 8 9 27 1 3 25 4 2 6 26 14 0 29 20 24 5],[0 1 4 5 7 15 12 18 8 31 6 21 23 19 3 11 2 16 28 20 10 24 26 17 29 30 22 27 13 14 25 9],2
greedy/esc32f,9,2,3,598,0,[19 14 29 31 4 24 10 2 8 23 1 21 27 26 6 28 3 16 11 17 12 22 25 9 30 20 13 5 7 18 0 15],[0 1 4 5 7 15 12 18 8 31 6 21 23 19 3 11 2 16 28 20 10 24 26 17 29 30 22 27 13 14 25 9],2
steepest/esc32f,9,2,3,1984,0,[19 14 16 31 4 22 10 2 8 23 1 21 24 26 6 28 3 29 11 25 12 27 17 9 30 20 13 5 7 18 0 15],[0 1 4 5 7 15 12 18 8 31 6 21 23 19 3 11 2 16 28 20 10 24 26 17 29 30 22 27 13 14 25 9],2
greedy/esc32f,10,2,10,639,0,[31 24 18 5 27 26 29 19 25 6 12 13 15 11 4 22 3 28 21 30 7 23 14 1 2 8 9 10 17 20 16 0],[0 1 4 5 7 15 12 18 8 31 6 21 23 19 3 11 2 16 28 20 10 24 26 17 29 30 22 27 13 14 25 9],2
steepest/esc32f,10,2,3,1984,0,[11 24 18 25 28 15 7 27 3 6 12 13 21 29 19 22 31 26 5 30 4 23 14 1 2 8 9 10 17 20 16 0],[0 1 4 5 7 15 12 18 8 31 6 21 23 19 3 11 2 16 28 20 10 24 26 17 29 30 22 27 13 14 25 9],2
greedy/sko100a,1,154848,535,152463,44,[38 70 32 10 14 5 83 36 89 77 82 78 76 4 31 58 56 62 19 87 90 24 94 33 63 68 86 23 96 41 17 73 53 30 21 79 74 29 46 26 64 12 27 51 15 85 8 84 95 61 0 54 1 18 97 50 72 98 3 43 93 42 66 13 55 67 88 25 45 92 49 91 48 47 60 39 7 80 11 22 71 16 40 37 59 99 65 35 6 69 20 52 9 44 75 28 81 57 34 2],[64 82 10 32 70 96 0 77 36 17 38 4 12 54 73 94 24 62 78 90 26 79 53 93 74 30 42 13 76 5 87 61 15 51 3 21 31 33 56 14 59 8 85 97 95 88 18 48 1 27 41 58 67 7 92 55 80 81 83 86 9 23 39 66 84 29 72 50 68 19 57 69 65 99 25 46 98 45 63 89 44 49 11 71 60 37 91 35 52 40 2 34 20 28 22 47 43 6 75 16],152002
steepest/sko100a,1,155472,119,594000,219,[32 90 5 73 26 48 42 91 54 2 10 12 53 33 79 74 92 67 7 77 94 27 23 30 66 88 84 39 80 43 96 4 56 62 8 55 29 50 3 81 14 15 24 21 51 97 95 47 37 34 93 19 76 83 13 18 85 45 35 98 70 78 1 31 58 68 25 99 11 61 82 38 20 63 59 60 89 46 69 6 49 87 41 40 72 0 44 71 65 22 36 17 9 86 16 52 75 28 57 64],[64 82 10 32 70 96 0 77 36 17 38 4 12 54 73 94 24 62 78 90 26 79 53 93 74 30 42 13 76 5 87 61 15 51 3 21 31 33 56 14 59 8 85 97 95 88 18 48 1 27 41 58 67 7 92 55 80 81 83 86 9 23 39 66 84 29 72 50 68 19 57 69 65 99 25 46 98 45 63 89 44 49 11 71 60 37 91 35 52 40 2 34 20 28 22 47 43 6 75 16],152002
greedy/sko100a,2,154228,557,165812,67,[69 6 11 98 20 35 49 16 34 2 48 1 50 71 45 40 47 91 52 75 19 25 99 93 66 13 37 81 44 28 80 39 68 60 7 67 65 92 23 9 43 22 46 58 97 18 55 88 72 41 89 84 95 63 51 85 33 8 61 86 12 3 29 59 15 53 21 83 38 79 42 87 94 31 30 76 10 74 4 26 0 54 70 62 56 27 24 73 90 57 77 96 36 82 32 78 14 5 17 64],[64 82 10 32 70 96 0 77 36 17 38 4 12 54 73 94 24 62 78 90 26 79 53 93 74 30 42 13 76 5 87 61 15 51 3 21 31 33 56 14 59 8 85 97 95 88 18 48 1 27 41 58 67 7 92 55 80 81 83 86 9 23 39 66 84 29 72 50 68 19 57 69 65 99 25 46 98 45 63 89 44 49 11 71 60 37 91 35 52 40 2 34 20 28 22 47 43 6 75 16],152002
steepest/sko100a,2,153950,106,529650,203,[75 57 22 16 52 9 44 28 34 2 6 69 87 35 45 47 40 41 86 49 89 46 11 99 25 50 60 58 98 20 63 71 65 37 91 39 21 68 85 61 59 3 19 80 92 31 55 97 67 7 43 29 84 42 81 72 18 95 66 93 26 94 27 48 30 33 73 74 51 32 79 12 1 76 13 23 53 8 15 38 96 54 56 24 62 4 88 83 14 78 77 17 90 5 0 10 70 64 36 82],[64 82 10 32 70 96 0 77 36 17 38 4 12 54 73 94 24 62 78 90 26 79 53 93 74 30 42 13 76 5 87 61 15 51 3 21 31 33 56 14 59 8 85 97 95 88 18 48 1 27 41 58 67 7 92 55 80 81 83 86 9 23 39 66 84 29 72 50 68 19 57 69 65 99 25 46 98 45 63 89 44 49 11 71 60 37 91 35 52 40 2 34 20 28 22 47 43 6 75 16],152002
greedy/sko100a,3,155484,455,122838,46,[5 89 14 65 76 10 0 48 42 12 19 68 1 50 33 13 80 67 93 69 40 6 35 25 45 98 39 99 66 71 27 47 81 46 72 62 53 18 58 37 16 91 55 95 74 24 30 97 20 7 86 63 92 84 3 31 21 51 85 59 83 52 60 29 73 94 88 15 49 32 90 75 23 11 56 70 54 8 41 44 17 28 22 96 78 4 79 82 9 38 64 57 34 87 61 36 77 26 43 2],[64 82 10 32 70 96 0 77 36 17 38 4 12 54 73 94 24 62 78 90 26 79 53 93 74 30 42 13 76 5 87 61 15 51 3 21 31 33 56 14 59 8 85 97 95 88 18 48 1 27 41 58 67 7 92 55 80 81 83 86 9 23 39 66 84 29 72 50 68 19 57 69 65 99 25 46 98 45 63 89 44 49 11 71 60 37 91 35 52 40 2 34 20 28 22 47 43 6 75 16],152002
steepest/sko100a,3,155448,112,559350,217,[16 48 89 10 12 50 42 40 71 5 54 91 1 24 39 68 33 99 76 14 43 35 80 63 37 98 94 18 83 86 19 47 13 45 25 0 21 93 67 7 90 70 62 78 56 31 53 30 58 32 77 81 4 55 51 85 97 66 82 73 96 92 23 15 60 84 74 88 8 36 17 52 3 38 59 46 95 72 29 65 34 6 79 11 22 61 69 27 41 87 2 75 26 20 28 44 9 49 64 57],[64 82 10 32 70 96 0 77 36 17 38 4 12 54 73 94 24 62 78 90 26 79 53 93 74 30 42 13 76 5 87 61 15 51 3 21 31 33 56 14 59 8 85 97 95 88 18 48 1 27 41 58 67 7 92 55 80 81 83 86 9 23 39 66 84 29 72 50 68 19 57 69 65 99 25 46 98 45 63 89 44 49 11 71 60 37 91 35 52 40 2 34 20 28 22 47 43 6 75 16],152002
greedy/sko100a,4,155322,472,102062,26,[54 50 71 28 48 91 52 16 75 17 42 68 39 65 25 11 1 89 6 92 73 76 33 72 29 94 63 5 81 90 7 99 24 55 10 37 47 13 80 19 32 58 31 12 30 3 46 62 70 96 0 21 97 66 83 98 60 45 35 77 78 18 67 93 88 56 4 74 23 43 38 85 51 8 15 84 27 53 79 34 82 14 59 61 95 22 40 20 69 26 64 86 57 9 87 44 49 41 36 2],[64 82 10 32 70 96 0 77 36 17 38 4 12 54 73 94 24 62 78 90 26 79 53 93 74 30 42 13 76 5 87 61 15 51 3 21 31 33 56 14 59 8 85 97 95 88 18 48 1 27 41 58 67 7 92 55 80 81 83 86 9 23 39 66 84 29 72 50 68 19 57 69 65 99 25 46 98 45 63 89 44 49 11 71 60 37 91 35 52 40 2 34 20 28 22 47 43 6 75 16],152002
steepest/sko100a,4,155304,105,524700,176,[17 50 39 68 28 54 48 91 52 16 89 71 65 99 60 25 47 92 11 6 19 40 72 46 63 29 1 23 75 34 5 10 83 33 76 42 45 13 35 43 32 66 7 58 30 73 62 37 80 2 70 93 67 97 74 18 88 55 81 98 90 27 12 0 53 94 56 84 3 96 14 86 85 51 21 15 4 79 44 26 82 49 38 59 31 24 8 95 61 69 36 64 9 57 87 20 78 41 22 77],[64 82 10 32 70 96 0 77 36 17 38 4 12 54 73 94 24 62 78 90 26 79 53 93 74 30 42 13 76 5 87 61 15 51 3 21 31 33 56 14 59 8 85 97 95 88 18 48 1 27 41 58 67 7 92 55 80 81 83 86 9 23 39 66 84 29 72 50 68 19 57 69 65 99 25 46 98 45 63 89 44 49 11 71 60 37 91 35 52 40 2 34 20 28 22 47 43 6 75 16],152002
greedy/sko100a,5,156558,442,78148,26,[17 92 42 91 48 26 69 96 41 2 90 32 73 54 51 95 3 52 87 22 27 88 21 68 55 24 1 84 70 57 14 7 76 50 56 62 31 78 82 61 85 67 18 97 58 4 15 60 8 38 19 93 39 99 37 45 59 44 49 11 83 66 30 46 47 80 12 0 98 43 86 74 33 25 10 13 63 94 81 34 40 72 53 89 23 35 6 75 36 77 5 65 29 71 79 16 20 9 28 64],[64 82 10 32 70 96 0 77 36 17 38 4 12 54 73 94 24 62 78 90 26 79 53 93 74 30 42 13 76 5 87 61 15 51 3 21 31 33 56 14 59 8 85 97 95 88 18 48 1 27 41 58 67 7 92 55 80 81 83 86 9 23 39 66 84 29 72 50 68 19 57 69 65 99 25 46 98 45 63 89 44 49 11 71 60 37 91 35 52 40 2 34 20 28 22 47 43 6 75 16],152002
steepest/sko100a,5,154770,126,628650,222,[2 36 19 43 0 70 82 38 77 64 32 93 86 85 44 90 4 78 61 17 7 67 35 18 53 81 74 73 54 87 69 42 45 13 80 62 12 3 59 26 27 66 98 51 30 56 15 84 8 79 14 49 33 97 21 31 10 94 95 96 5 20 76 58 37 88 24 55 41 57 65 71 99 46 89 72 63 29 83 9 48 40 1 50 25 39 60 11 22 28 6 16 34 68 47 91 23 52 92 75],[64 82 10 32 70 96 0 77 36 17 38 4 12 54 73 94 24 62 78 90 26 79 53 93 74 30 42 13 76 5 87 61 15 51 3 21 31 33 56 14 59 8 85 97 95 88 18 48 1 27 41 58 67 7 92 55 80 81 83 86 9 23 39 66 84 29 72 50 68 19 57 69 65 99 25 46 98 45 63 89 44 49 11 71 60 37 91 35 52 40 2 34 20 28 22 47 43 6 75 16],152002
greedy/sko100a,6,155568,477,163751,73,[17 90 79 23 9 4 96 26 64 38 87 86 73 41 57 58 21 94 32 82 78 83 29 8 15 61 63 30 10 70 24 33 72 56 51 31 62 66 59 36 14 74 7 95 97 55 3 71 69 12 76 53 85 68 18 99 46 42 93 0 27 5 67 50 84 60 45 98 81 49 19 65 92 39 25 91 13 37 80 89 1 40 54 22 11 52 47 35 44 77 20 16 88 48 28 34 6 75 2 43],[64 82 10 32 70 96 0 77 36 17 38 4 12 54 73 94 24 62 78 90 26 79 53 93 74 30 42 13 76 5 87 61 15 51 3 21 31 33 56 14 59 8 85 97 95 88 18 48 1 27 41 58 67 7 92 55 80 81 83 86 9 23 39 66 84 29 72 50 68 19 57 69 65 99 25 46 98 45 63 89 44 49 11 71 60 37 91 35 52 40 2 34 20 28 22 47 43 6 75 16],152002
steepest/sko100a,6,154436,115,574200,211,[64 77 26 79 4 23 9 43 38 36 54 73 78 94 53 8 10 12 61 82 96 92 74 83 30 15 18 0 70 32 3 95 84 29 51 60 97 85 93 7 88 55 62 11 56 21 31 72 66 67 87 24 42 76 33 25 39 59 20 14 57 41 27 5 13 68 58 46 99 65 17 90 80 19 63 45 50 89 98 86 22 48 81 1 47 91 37 69 71 49 28 52 16 75 6 35 40 44 34 2],[64 82 10 32 70 96 0 77 36 17 38 4 12 54 73 94 24 62 78 90 26 79 53 93 74 30 42 13 76 5 87 61 15 51 3 21 31 33 56 14 59 8 85 97 95 88 18 48 1 27 41 58 67 7 92 55 80 81 83 86 9 23 39 66 84 29 72 50 68 19 57 69 65 99 25 46 98 45 63 89 44 49 11 71 60 37 91 35 52 40 2 34 20 28 22 47 43 6 75 16],152002
greedy/sko100a,7,154230,504,169505,60,[52 40 16 48 86 19 27 83 17 90 6 11 91 1 63 76 71 29 65 5 75 47 96 84 42 68 50 46 72 89 22 45 92 25 21 87 56 95 73 14 28 60 55 88 24 31 30 62 0 70 41 99 37 3 58 66 97 18 78 32 57 35 80 39 94 33 7 74 81 36 44 49 98 13 59 93 85 67 82 10 9 69 23 79 15 51 4 8 61 64 2 34 20 54 12 53 26 43 38 77],[64 82 10 32 70 96 0 77 36 17 38 4 12 54 73 94 24 62 78 90 26 79 53 93 74 30 42 13 76 5 87 61 15 51 3 21 31 33 56 14 59 8 85 97 95 88 18 48 1 27 41 58 67 7 92 55 80 81 83 86 9 23 39 66 84 29 72 50 68 19 57 69 65 99 25 46 98 45 63 89 44 49 11 71 60 37 91 35 52 40 2 34 20 28 22 47 43 6 75 16],152002
steepest/sko100a,7,154212,126,628650,197,[17 16 52 48 75 19 35 40 6 86 90 5 81 91 63 71 50 47 89 65 43 13 42 80 1 27 37 45 46 69 0 83 76 72 39 29 68 25 99 7 92 62 88 30 56 66 18 93 58 67 54 74 73 33 23 53 97 21 85 14 96 79 55 3 8 84 95 98 34 41 26 4 24 12 31 15 51 60 11 49 77 10 78 94 38 20 82 70 61 36 64 28 57 9 59 87 32 22 44 2],[64 82 10 32 70 96 0 77 36 17 38 4 12 54 73 94 24 62 78 90 26 79 53 93 74 30 42 13 76 5 87 61 15 51 3 21 31 33 56 14 59 8 85 97 95 88 18 48 1 27 41 58 67 7 92 55 80 81 83 86 9 23 39 66 84 29 72 50 68 19 57 69 65 99 25 46 98 45 63 89 44 49 11 71 60 37 91 35 52 40 2 34 20 28 22 47 43 6 75 16],152002
greedy/sko100a,8,154028,602,158595,56,[36 90 19 86 17 54 87 96 77 64 70 62 0 83 72 88 40 41 16 43 94 24 56 63 29 27 95 84 22 57 73 4 53 74 30 80 3 35 81 26 78 76 13 33 46 1 79 8 52 75 14 21 18 68 97 51 55 60 47 28 5 31 50 85 25 39 91 23 92 9 10 89 45 58 99 66 37 98 6 44 82 38 12 67 71 15 59 49 61 34 32 42 93 7 65 48 69 20 11 2],[64 82 10 32 70 96 0 77 36 17 38 4 12 54 73 94 24 62 78 90 26 79 53 93 74 30 42 13 76 5 87 61 15 51 3 21 31 33 56 14 59 8 85 97 95 88 18 48 1 27 41 58 67 7 92 55 80 81 83 86 9 23 39 66 84 29 72 50 68 19 57 69 65 99 25 46 98 45 63 89 44 49 11 71 60 37 91 35 52 40 2 34 20 28 22 47 43 6 75 16],152002
steepest/sko100a,8,155496,108,539550,206,[2 77 43 44 86 35 40 19 16 34 26 89 5 98 80 83 22 63 90 75 4 62 96 37 41 56 88 47 23 28 10 24 94 13 55 45 53 81 91 92 87 57 21 3 30 74 73 33 52 54 14 31 0 18 51 66 84 50 72 9 36 59 46 85 97 68 95 60 25 39 61 12 58 15 99 67 8 29 65 79 78 70 76 7 69 20 1 71 11 6 38 82 32 42 93 49 27 48 17 64],[64 82 10 32 70 96 0 77 36 17 38 4 12 54 73 94 24 62 78 90 26 79 53 93 74 30 42 13 76 5 87 61 15 51 3 21 31 33 56 14 59 8 85 97 95 88 18 48 1 27 41 58 67 7 92 55 80 81 83 86 9 23 39 66 84 29 72 50 68 19 57 69 65 99 25 46 98 45 63 89 44 49 11 71 60 37 91 35 52 40 2 34 20 28 22 47 43 6 75 16],152002
greedy/sko100a,9,154594,481,80706,32,[2 79 65 7 67 48 14 76 5 32 87 26 92 58 33 13 74 62 10 73 61 11 45 3 31 18 21 4 42 78 34 81 37 55 80 15 88 30 24 38 49 20 91 98 95 51 8 53 12 82 69 52 71 50 97 85 66 56 93 0 6 16 60 99 68 1 46 54 94 70 22 28 47 25 39 84 27 43 89 36 44 75 35 23 63 29 83 19 90 77 57 9 40 41 86 59 72 96 17 64],[64 82 10 32 70 96 0 77 36 17 38 4 12 54 73 94 24 62 78 90 26 79 53 93 74 30 42 13 76 5 87 61 15 51 3 21 31 33 56 14 59 8 85 97 95 88 18 48 1 27 41 58 67 7 92 55 80 81 83 86 9 23 39 66 84 29 72 50 68 19 57 69 65 99 25 46 98 45 63 89 44 49 11 71 60 37 91 35 52 40 2 34 20 28 22 47 43 6 75 16],152002
steepest/sko100a,9,154778,113,564300,188,[2 48 32 7 42 73 79 26 90 5 16 92 20 65 67 74 53 27 17 14 91 55 68 51 93 88 30 76 24 78 52 37 71 97 66 18 13 23 4 10 34 41 49 95 50 81 33 1 62 82 47 11 58 85 45 15 61 8 56 38 40 60 25 46 21 29 31 83 12 70 44 6 99 98 39 84 72 94 0 36 75 22 69 3 35 80 63 59 96 89 28 57 87 86 19 43 9 54 64 77],[64 82 10 32 70 96 0 77 36 17 38 4 12 54 73 94 24 62 78 90 26 79 53 93 74 30 42 13 76 5 87 61 15 51 3 21 31 33 56 14 59 8 85 97 95 88 18 48 1 27 41 58 67 7 92 55 80 81 83 86 9 23 39 66 84 29 72 50 68 19 57 69 65 99 25 46 98 45 63 89 44 49 11 71 60 37 91 35 52 40 2 34 20 28 22 47 43 6 75 16],152002
greedy/sko100a,10,155450,400,72364,20,[9 79 23 39 71 7 65 38 72 89 26 91 92 50 54 33 12 61 10 5 34 11 99 68 25 74 58 29 46 43 28 47 37 55 80 88 30 56 4 83 6 22 69 45 3 53 21 94 63 90 75 60 35 81 97 8 73 31 62 19 16 40 1 98 66 13 18 76 96 77 44 52 41 84 93 67 0 78 70 36 2 48 51 95 42 15 59 24 14 17 57 49 20 27 64 85 32 82 87 86],[64 82 10 32 70 96 0 77 36 17 38 4 12 54 73 94 24 62 78 90 26 79 53 93 74 30 42 13 76 5 87 61 15 51 3 21 31 33 56 14 59 8 85 97 95 88 18 48 1 27 41 58 67 7 92 55 80 81 83 86 9 23 39 66 84 29 72 50 68 19 57 69 65 99 25 46 98 45 63 89 44 49 11 71 60 37 91 35 52 40 2 34 20 28 22 47 43 6 75 16],152002
steepest/sko100a,10,155776,100,499950,214,[34 6 22 25 11 65 72 61 43 89 28 69 54 99 29 46 39 58 68 50 91 71 42 45 63 21 12 76 7 86 16 80 98 33 94 30 31 62 56 5 47 37 3 13 73 55 88 83 18 10 40 35 66 60 79 92 74 23 67 26 52 48 1 84 51 95 97 8 4 85 75 81 49 93 53 0 24 41 78 19 2 44 20 87 15 32 59 82 36 14 64 17 27 57 9 96 70 38 77 90],[64 82 10 32 70 96 0 77 36 17 38 4 12 54 73 94 24 62 78 90 26 79 53 93 74 30 42 13 76 5 87 61 15 51 3 21 31 33 56 14 59 8 85 97 95 88 18 48 1 27 41 58 67 7 92 55 80 81 83 86 9 23 39 66 84 29 72 50 68 19 57 69 65 99 25 46 98 45 63 89 44 49 11 71 60 37 91 35 52 40 2 34 20 28 22 47 43 6 75 16],152002
greedy/sko90,1,118772,398,86300,18,[78 81 68 40 75 51 26 71 7 85 86 57 18 58 64 74 87 37 8 47 24 42 13 43 15 2 31 61 29 1 60 12 0 20 14 83 52 38 54 30 16 77 56 53 28 5 84 3 41 23 73 62 79 65 69 89 72 88 44 49 70 11 59 35 36 27 45 55 9 33 19 76 50 67 32 6 34 82 17 66 10 63 21 39 46 48 25 80 22 4],[85 26 8 87 75 40 51 37 78 7 47 58 74 83 15 43 39 60 57 24 49 29 48 79 56 65 62 73 42 81 70 68 14 2 6 18 77 12 16 52 22 35 11 36 27 50 5 13 76 28 33 55 69 64 82 46 53 3 0 1 30 59 9 88 89 25 80 72 20 63 21 44 54 67 84 34 31 61 86 41 10 17 45 19 32 71 38 66 23 4],115534
steepest/sko90,1,116974,140,564705,138,[26 85 74 47 43 58 39 10 33 21 75 87 78 51 83 73 60 70 22 24 40 8 42 62 57 37 16 29 20 7 81 15 76 56 50 13 77 0 61 63 68 18 79 2 6 11 67 86 71 1 48 14 12 35 65 89 88 59 54 23 52 69 55 64 5 28 3 9 30 41 49 31 27 36 53 72 84 80 38 34 19 32 44 46 82 25 45 17 66 4],[85 26 8 87 75 40 51 37 78 7 47 58 74 83 15 43 39 60 57 24 49 29 48 79 56 65 62 73 42 81 70 68 14 2 6 18 77 12 16 52 22 35 11 36 27 50 5 13 76 28 33 55 69 64 82 46 53 3 0 1 30 59 9 88 89 25 80 72 20 63 21 44 54 67 84 34 31 61 86 41 10 17 45 19 32 71 38 66 23 4],115534
greedy/sko90,2,117862,442,92381,21,[41 66 17 28 52 0 20 81 63 4 23 72 44 83 9 65 80 59 39 24 45 25 89 88 5 12 62 13 11 76 19 54 82 2 15 50 77 56 73 16 32 53 27 79 6 36 42 18 57 78 34 84 29 74 48 64 35 67 60 10 61 31 26 87 14 51 46 58 43 86 38 47 55 3 8 7 71 37 70 22 85 49 30 1 69 75 40 68 33 21],[85 26 8 87 75 40 51 37 78 7 47 58 74 83 15 43 39 60 57 24 49 29 48 79 56 65 62 73 42 81 70 68 14 2 6 18 77 12 16 52 22 35 11 36 27 50 5 13 76 28 33 55 69 64 82 46 53 3 0 1 30 59 9 88 89 25 80 72 20 63 21 44 54 67 84 34 31 61 86 41 10 17 45 19 32 71 38 66 23 4],115534
steepest/sko90,2,117568,104,420525,102,[52 41 23 1 17 66 81 10 63 4 44 38 45 30 25 9 80 59 16 33 19 31 84 88 89 72 67 71 73 70 54 61 29 3 53 82 64 20 86 22 74 34 0 83 28 5 13 77 60 24 26 51 2 50 62 12 39 76 11 78 87 15 6 79 27 36 48 56 37 8 47 32 42 55 65 14 35 43 57 58 85 75 7 49 69 46 40 18 68 21],[85 26 8 87 75 40 51 37 78 7 47 58 74 83 15 43 39 60 57 24 49 29 48 79 56 65 62 73 42 81 70 68 14 2 6 18 77 12 16 52 22 35 11 36 27 50 5 13 76 28 33 55 69 64 82 46 53 3 0 1 30 59 9 88 89 25 80 72 20 63 21 44 54 67 84 34 31 61 86 41 10 17 45 19 32 71 38 66 23 4],115534
greedy/sko90,3,117638,384,56567,22,[85 33 21 8 47 44 9 30 49 52 74 22 29 14 69 55 88 54 10 63 68 70 6 11 48 35 59 15 19 76 87 18 77 50 27 2 67 79 42 81 26 39 36 12 13 64 31 34 32 41 83 43 5 65 62 80 89 38 61 28 40 58 56 46 82 45 84 0 86 23 78 51 16 37 53 25 3 72 1 66 75 60 57 7 73 17 71 20 24 4],[85 26 8 87 75 40 51 37 78 7 47 58 74 83 15 43 39 60 57 24 49 29 48 79 56 65 62 73 42 81 70 68 14 2 6 18 77 12 16 52 22 35 11 36 27 50 5 13 76 28 33 55 69 64 82 46 53 3 0 1 30 59 9 88 89 25 80 72 20 63 21 44 54 67 84 34 31 61 86 41 10 17 45 19 32 71 38 66 23 4],115534
steepest/sko90,3,117464,113,456570,109,[26 58 74 68 48 22 8 47 85 49 10 70 29 11 59 35 55 9 63 30 21 39 17 76 79 67 44 69 19 86 78 56 87 18 2 6 14 64 15 52 43 83 65 5 12 36 27 40 54 42 33 77 62 50 13 51 46 82 32 81 45 16 80 53 89 88 31 84 61 24 23 60 25 37 0 28 3 75 34 1 7 57 73 66 72 71 38 20 4 41],[85 26 8 87 75 40 51 37 78 7 47 58 74 83 15 43 39 60 57 24 49 29 48 79 56 65 62 73 42 81 70 68 14 2 6 18 77 12 16 52 22 35 11 36 27 50 5 13 76 28 33 55 69 64 82 46 53 3 0 1 30 59 9 88 89 25 80 72 20 63 21 44 54 67 84 34 31 61 86 41 10 17 45 19 32 71 38 66 23 4],115534
greedy/sko90,4,117188,443,72017,15,[26 85 74 47 45 69 25 44 29 17 75 87 48 55 35 46 84 8 22 71 32 49 64 2 27 67 89 34 38 30 31 15 6 14 53 82 88 9 54 33 51 40 36 83 5 50 3 0 61 21 19 42 12 65 77 13 72 80 20 7 10 79 43 62 58 73 37 59 70 23 81 52 56 39 28 60 16 24 1 41 78 76 18 68 11 57 86 63 66 4],[85 26 8 87 75 40 51 37 78 7 47 58 74 83 15 43 39 60 57 24 49 29 48 79 56 65 62 73 42 81 70 68 14 2 6 18 77 12 16 52 22 35 11 36 27 50 5 13 76 28 33 55 69 64 82 46 53 3 0 1 30 59 9 88 89 25 80 72 20 63 21 44 54 67 84 34 31 61 86 41 10 17 45 19 32 71 38 66 23 4],115534
steepest/sko90,4,117200,126,508635,110,[19 17 45 44 49 55 74 48 10 26 66 32 54 25 27 79 87 8 75 29 38 34 88 89 67 2 15 6 76 22 71 31 84 64 36 51 50 35 69 21 52 72 9 5 12 83 77 18 11 68 23 61 0 80 65 39 13 59 14 70 41 28 20 81 62 42 43 56 40 33 7 1 3 82 46 47 85 37 16 30 4 24 63 53 73 60 57 58 78 86],[85 26 8 87 75 40 51 37 78 7 47 58 74 83 15 43 39 60 57 24 49 29 48 79 56 65 62 73 42 81 70 68 14 2 6 18 77 12 16 52 22 35 11 36 27 50 5 13 76 28 33 55 69 64 82 46 53 3 0 1 30 59 9 88 89 25 80 72 20 63 21 44 54 67 84 34 31 61 86 41 10 17 45 19 32 71 38 66 23 4],115534
greedy/sko90,5,118426,381,72968,8,[41 68 18 37 40 75 57 71 7 23 52 28 14 69 8 15 43 32 81 85 24 76 58 35 61 34 65 42 48 74 86 22 6 64 84 67 2 31 51 47 21 11 56 46 59 79 13 62 87 44 78 5 12 36 53 27 0 50 55 45 1 16 9 3 20 89 72 38 25 49 63 33 30 54 82 88 83 80 39 26 4 66 70 29 73 60 77 19 17 10],[85 26 8 87 75 40 51 37 78 7 47 58 74 83 15 43 39 60 57 24 49 29 48 79 56 65 62 73 42 81 70 68 14 2 6 18 77 12 16 52 22 35 11 36 27 50 5 13 76 28 33 55 69 64 82 46 53 3 0 1 30 59 9 88 89 25 80 72 20 63 21 44 54 67 84 34 31 61 86 41 10 17 45 19 32 71 38 66 23 4],115534
steepest/sko90,5,119092,89,360450,84,[41 23 20 7 71 81 57 85 59 10 63 24 21 0 37 42 40 43 58 47 86 76 61 51 13 62 79 39 19 55 52 28 34 15 2 56 14 32 68 44 30 54 38 84 89 5 18 67 31 74 1 72 88 6 27 12 36 65 83 49 78 3 69 50 46 64 48 35 87 26 66 16 9 80 82 53 77 60 29 17 4 33 73 75 25 11 8 22 70 45],[85 26 8 87 75 40 51 37 78 7 47 58 74 83 15 43 39 60 57 24 49 29 48 79 56 65 62 73 42 81 70 68 14 2 6 18 77 12 16 52 22 35 11 36 27 50 5 13 76 28 33 55 69 64 82 46 53 3 0 1 30 59 9 88 89 25 80 72 20 63 21 44 54 67 84 34 31 61 86 41 10 17 45 19 32 71 38 66 23 4],115534
greedy/sko90,6,117894,422,76919,17,[86 30 8 44 17 29 22 58 26 85 64 84 82 25 53 48 87 45 74 47 75 3 88 89 67 35 83 60 55 49 46 73 40 9 27 36 79 70 39 33 69 20 37 80 59 6 56 65 43 21 71 0 13 14 2 77 50 62 15 42 38 34 72 31 18 5 57 11 32 19 66 61 54 28 68 12 51 76 81 52 4 1 41 23 7 16 78 63 10 24],[85 26 8 87 75 40 51 37 78 7 47 58 74 83 15 43 39 60 57 24 49 29 48 79 56 65 62 73 42 81 70 68 14 2 6 18 77 12 16 52 22 35 11 36 27 50 5 13 76 28 33 55 69 64 82 46 53 3 0 1 30 59 9 88 89 25 80 72 20 63 21 44 54 67 84 34 31 61 86 41 10 17 45 19 32 71 38 66 23 4],115534
steepest/sko90,6,118392,96,388485,88,[4 66 22 68 11 33 21 17 45 26 85 30 54 49 58 70 29 55 74 47 63 9 8 88 35 59 80 39 44 10 69 3 14 36 48 25 65 83 23 38 46 72 82 27 5 89 50 43 87 32 75 34 40 6 84 2 0 67 51 31 20 76 37 79 56 73 13 62 71 61 1 28 15 18 53 16 77 60 57 19 41 52 24 12 64 78 42 81 7 86],[85 26 8 87 75 40 51 37 78 7 47 58 74 83 15 43 39 60 57 24 49 29 48 79 56 65 62 73 42 81 70 68 14 2 6 18 77 12 16 52 22 35 11 36 27 50 5 13 76 28 33 55 69 64 82 46 53 3 0 1 30 59 9 88 89 25 80 72 20 63 21 44 54 67 84 34 31 61 86 41 10 17 45 19 32 71 38 66 23 4],115534
greedy/sko90,7,117620,456,77046,23,[63 60 57 43 83 10 17 58 26 21 81 23 0 39 65 67 45 70 74 22 52 25 89 80 77 59 50 48 29 33 28 3 53 9 88 64 36 35 87 8 41 72 12 31 5 84 11 14 55 44 66 73 37 62 13 56 82 27 54 47 1 16 20 38 18 6 2 68 69 30 24 76 42 61 34 19 32 79 15 49 4 78 7 71 51 86 46 40 75 85],[85 26 8 87 75 40 51 37 78 7 47 58 74 83 15 43 39 60 57 24 49 29 48 79 56 65 62 73 42 81 70 68 14 2 6 18 77 12 16 52 22 35 11 36 27 50 5 13 76 28 33 55 69 64 82 46 53 3 0 1 30 59 9 88 89 25 80 72 20 63 21 44 54 67 84 34 31 61 86 41 10 17 45 19 32 71 38 66 23 4],115534
steepest/sko90,7,117918,101,408510,94,[10 78 21 22 57 60 73 86 33 24 63 81 76 42 50 62 77 80 16 19 39 12 43 11 0 67 13 20 61 71 52 18 56 64 65 31 5 89 72 38 49 79 48 36 27 53 82 25 28 66 74 54 15 14 6 83 88 84 45 34 26 87 8 29 2 70 9 3 30 1 47 55 58 35 69 46 44 59 17 41 85 40 75 68 32 51 37 23 7 4],[85 26 8 87 75 40 51 37 78 7 47 58 74 83 15 43 39 60 57 24 49 29 48 79 56 65 62 73 42 81 70 68 14 2 6 18 77 12 16 52 22 35 11 36 27 50 5 13 76 28 33 55 69 64 82 46 53 3 0 1 30 59 9 88 89 25 80 72 20 63 21 44 54 67 84 34 31 61 86 41 10 17 45 19 32 71 38 66 23 4],115534
greedy/sko90,8,117200,436,79972,25,[85 49 47 55 45 25 44 30 17 33 26 74 58 48 29 35 60 59 70 10 87 8 39 83 36 89 67 3 9 22 75 15 43 65 6 69 88 20 1 21 40 42 62 27 50 46 73 80 76 63 81 57 79 14 2 53 0 72 28 52 78 32 56 77 13 64 84 86 16 19 51 31 12 5 11 82 34 61 41 24 7 37 18 68 54 23 71 38 66 4],[85 26 8 87 75 40 51 37 78 7 47 58 74 83 15 43 39 60 57 24 49 29 48 79 56 65 62 73 42 81 70 68 14 2 6 18 77 12 16 52 22 35 11 36 27 50 5 13 76 28 33 55 69 64 82 46 53 3 0 1 30 59 9 88 89 25 80 72 20 63 21 44 54 67 84 34 31 61 86 41 10 17 45 19 32 71 38 66 23 4],115534
steepest/sko90,8,118220,112,452565,102,[21 33 43 49 75 23 10 26 45 85 81 57 39 42 32 51 60 87 55 47 78 73 62 50 15 31 89 53 25 74 70 77 56 79 27 83 59 48 44 58 18 12 65 36 6 2 67 35 8 29 68 11 5 13 40 14 22 82 37 17 76 16 9 72 88 0 64 69 84 54 66 63 80 28 34 38 20 46 3 30 4 52 24 19 41 61 1 71 86 7],[85 26 8 87 75 40 51 37 78 7 47 58 74 83 15 43 39 60 57 24 49 29 48 79 56 65 62 73 42 81 70 68 14 2 6 18 77 12 16 52 22 35 11 36 27 50 5 13 76 28 33 55 69 64 82 46 53 3 0 1 30 59 9 88 89 25 80 72 20 63 21 44 54 67 84 34 31 61 86 41 10 17 45 19 32 71 38 66 23 4],115534
greedy/sko90,9,118386,368,88471,22,[26 87 85 48 55 47 74 81 19 10 32 44 69 35 15 65 50 42 76 21 45 46 2 64 79 62 0 13 11 86 75 51 8 36 27 43 67 39 29 22 34 84 20 59 6 56 9 80 30 17 38 31 28 89 14 5 82 61 54 63 41 53 3 18 88 83 12 77 52 33 23 25 57 68 72 58 60 16 70 66 7 71 1 37 40 49 73 78 24 4],[85 26 8 87 75 40 51 37 78 7 47 58 74 83 15 43 39 60 57 24 49 29 48 79 56 65 62 73 42 81 70 68 14 2 6 18 77 12 16 52 22 35 11 36 27 50 5 13 76 28 33 55 69 64 82 46 53 3 0 1 30 59 9 88 89 25 80 72 20 63 21 44 54 67 84 34 31 61 86 41 10 17 45 19 32 71 38 66 23 4],115534
steepest/sko90,9,118386,114,460575,105,[19 71 64 32 31 42 81 52 38 49 86 48 8 15 74 77 12 54 61 85 84 45 87 79 53 2 27 0 55 47 73 25 67 89 57 50 13 88 44 72 40 76 35 18 14 6 82 28 34 30 69 11 46 36 62 65 5 80 9 23 75 20 51 37 43 83 39 3 41 7 78 68 59 56 58 60 16 63 1 66 26 10 22 70 29 21 33 24 17 4],[85 26 8 87 75 40 51 37 78 7 47 58 74 83 15 43 39 60 57 24 49 29 48 79 56 65 62 73 42 81 70 68 14 2 6 18 77 12 16 52 22 35 11 36 27 50 5 13 76 28 33 55 69 64 82 46 53 3 0 1 30 59 9 88 89 25 80 72 20 63 21 44 54 67 84 34 31 61 86 41 10 17 45 19 32 71 38 66 23 4],115534
greedy/sko90,10,118202,428,61120,14,[10 59 76 45 79 19 86 32 20 23 68 11 48 64 18 15 89 25 57 71 69 44 35 56 2 50 46 84 0 7 9 14 52 65 80 62 53 3 28 41 21 55 67 36 27 77 13 88 72 34 63 17 39 43 5 12 81 82 31 38 33 30 49 83 6 42 16 37 61 1 70 58 47 74 40 78 60 73 24 4 22 29 26 8 85 87 51 75 54 66],[85 26 8 87 75 40 51 37 78 7 47 58 74 83 15 43 39 60 57 24 49 29 48 79 56 65 62 73 42 81 70 68 14 2 6 18 77 12 16 52 22 35 11 36 27 50 5 13 76 28 33 55 69 64 82 46 53 3 0 1 30 59 9 88 89 25 80 72 20 63 21 44 54 67 84 34 31 61 86 41 10 17 45 19 32 71 38 66 23 4],115534
steepest/sko90,10,118048,108,436545,183,[10 33 19 52 45 74 48 71 21 26 76 39 79 49 55 81 64 38 43 47 78 56 62 12 27 42 36 31 32 51 86 11 77 5 18 89 67 2 15 44 68 80 83 65 53 25 35 50 46 87 16 73 82 72 14 13 6 0 69 40 63 60 9 88 3 28 84 34 57 75 66 70 59 54 58 20 29 61 37 8 4 24 17 30 23 41 1 22 7 85],[85 26 8 87 75 40 51 37 78 7 47 58 74 83 15 43 39 60 57 24 49 29 48 79 56 65 62 73 42 81 70 68 14 2 6 18 77 12 16 52 22 35 11 36 27 50 5 13 76 28 33 55 69 64 82 46 53 3 0 1 30 59 9 88 89 25 80 72 20 63 21 44 54 67 84 34 31 61 86 41 10 17 45 19 32 71 38 66 23 4],115534
greedy/tai100b,1,1218094194,801,93831,47,[95 36 64 81 26 49 84 47 93 65 44 25 51 4 92 52 74 98 12 59 48 8 60 68 5 40 88 79 30 32 67 10 76 56 9 20 87 53 28 27 46 38 50 2 78 94 19 85 42 82 57 77 83 45 0 29 55 37 31 66 62 24 61 35 72 15 69 11 80 6 97 99 21 3 7 63 91 13 43 1 70 33 14 90 34 23 96 73 54 75 18 17 89 58 22 71 41 16 39 86],[84 36 26 80 64 69 49 44 81 47 65 25 93 28 71 94 0 85 98 29 31 52 78 4 18 14 88 79 30 32 67 10 5 76 60 27 42 19 56 40 23 2 77 75 97 53 20 50 86 57 99 38 83 59 63 37 11 35 16 34 43 13 90 91 48 92 74 7 12 68 8 72 89 6 9 73 1 17 70 51 95 33 66 45 24 62 61 41 46 39 96 58 3 82 54 21 55 22 15 87],1185996137
steepest/tai100b,1,1263885633,146,727650,272,[98 81 84 95 44 51 1 36 70 69 64 29 25 93 59 49 26 65 47 33 96 19 27 72 89 82 88 67 30 32 79 71 83 68 13 37 80 16 91 31 28 35 63 77 2 8 74 6 94 46 78 85 53 7 14 87 58 75 22 23 48 18 10 9 42 20 17 60 73 52 57 56 38 99 66 24 41 0 62 92 12 4 21 76 34 11 90 45 50 61 39 97 40 3 43 15 55 54 5 86],[84 36 26 80 64 69 49 44 81 47 65 25 93 28 71 94 0 85 98 29 31 52 78 4 18 14 88 79 30 32 67 10 5 76 60 27 42 19 56 40 23 2 77 75 97 53 20 50 86 57 99 38 83 59 63 37 11 35 16 34 43 13 90 91 48 92 74 7 12 68 8 72 89 6 9 73 1 17 70 51 95 33 66 45 24 62 61 41 46 39 96 58 3 82 54 21 55 22 15 87],1185996137
greedy/tai100b,2,1257824707,709,84878,24,[85 52 98 87 86 12 53 32 92 19 4 38 94 77 42 37 83 95 74 16 56 70 54 73 35 80 88 44 30 67 36 6 91 93 68 65 51 55 1 81 43 45 33 25 22 47 49 26 84 59 96 64 82 75 15 89 10 9 7 62 31 29 46 23 34 71 69 2 28 24 63 13 58 17 66 0 18 99 41 48 72 14 8 61 60 3 90 78 20 57 40 11 39 97 50 76 27 5 21 79],[84 36 26 80 64 69 49 44 81 47 65 25 93 28 71 94 0 85 98 29 31 52 78 4 18 14 88 79 30 32 67 10 5 76 60 27 42 19 56 40 23 2 77 75 97 53 20 50 86 57 99 38 83 59 63 37 11 35 16 34 43 13 90 91 48 92 74 7 12 68 8 72 89 6 9 73 1 17 70 51 95 33 66 45 24 62 61 41 46 39 96 58 3 82 54 21 55 22 15 87],1185996137
steepest/tai100b,2,1281170495,162,806850,280,[57 32 20 92 30 12 74 88 79 99 67 58 23 40 5 77 98 81 42 2 8 84 96 93 22 25 36 64 44 80 65 46 83 55 45 37 19 29 94 16 0 95 31 61 66 47 28 14 26 54 39 49 9 62 17 73 7 41 85 90 60 10 91 33 24 35 1 59 70 51 34 63 13 43 68 72 48 6 75 4 52 18 21 27 3 11 97 53 89 50 15 86 71 38 82 76 78 56 87 69],[84 36 26 80 64 69 49 44 81 47 65 25 93 28 71 94 0 85 98 29 31 52 78 4 18 14 88 79 30 32 67 10 5 76 60 27 42 19 56 40 23 2 77 75 97 53 20 50 86 57 99 38 83 59 63 37 11 35 16 34 43 13 90 91 48 92 74 7 12 68 8 72 89 6 9 73 1 17 70 51 95 33 66 45 24 62 61 41 46 39 96 58 3 82 54 21 55 22 15 87],1185996137
greedy/tai100b,3,1250617912,818,148168,52,[35 32 87 59 30 74 12 88 79 70 67 77 80 18 55 47 14 28 45 16 31 93 23 26 27 60 81 69 36 64 44 75 9 5 7 42 85 29 94 56 10 98 19 62 43 51 95 1 33 40 2 65 91 37 89 68 83 13 63 46 48 72 54 66 73 96 25 39 49 24 71 17 41 0 8 4 53 6 92 38 52 86 99 34 3 20 21 50 61 90 78 76 22 57 97 11 82 15 58 84],[84 36 26 80 64 69 49 44 81 47 65 25 93 28 71 94 0 85 98 29 31 52 78 4 18 14 88 79 30 32 67 10 5 76 60 27 42 19 56 40 23 2 77 75 97 53 20 50 86 57 99 38 83 59 63 37 11 35 16 34 43 13 90 91 48 92 74 7 12 68 8 72 89 6 9 73 1 17 70 51 95 33 66 45 24 62 61 41 46 39 96 58 3 82 54 21 55 22 15 87],1185996137
steepest/tai100b,3,1248420257,131,653400,230,[47 70 80 14 64 36 28 65 44 92 12 87 35 53 59 95 1 51 98 84 7 69 56 68 97 40 88 79 30 32 67 11 96 21 61 39 55 25 24 54 58 22 66 5 42 57 41 99 77 3 75 2 71 29 17 26 0 49 31 9 73 37 18 86 6 89 85 16 94 19 8 78 82 74 63 83 43 91 34 13 33 93 15 76 52 23 62 48 90 60 45 50 20 72 4 10 38 46 27 81],[84 36 26 80 64 69 49 44 81 47 65 25 93 28 71 94 0 85 98 29 31 52 78 4 18 14 88 79 30 32 67 10 5 76 60 27 42 19 56 40 23 2 77 75 97 53 20 50 86 57 99 38 83 59 63 37 11 35 16 34 43 13 90 91 48 92 74 7 12 68 8 72 89 6 9 73 1 17 70 51 95 33 66 45 24 62 61 41 46 39 96 58 3 82 54 21 55 22 15 87],1185996137
greedy/tai100b,4,1259561955,648,84518,25,[59 79 12 35 30 80 16 88 49 74 67 70 25 99 39 87 66 41 55 96 97 93 63 47 71 13 36 65 44 32 64 15 85 46 82 94 4 72 92 2 31 48 98 7 62 29 19 52 0 45 38 43 61 83 21 11 58 37 90 54 3 68 24 17 33 60 95 1 51 84 10 9 73 26 5 40 42 69 6 77 81 8 50 56 22 53 23 86 20 14 75 89 91 76 18 34 57 78 27 28],[84 36 26 80 64 69 49 44 81 47 65 25 93 28 71 94 0 85 98 29 31 52 78 4 18 14 88 79 30 32 67 10 5 76 60 27 42 19 56 40 23 2 77 75 97 53 20 50 86 57 99 38 83 59 63 37 11 35 16 34 43 13 90 91 48 92 74 7 12 68 8 72 89 6 9 73 1 17 70 51 95 33 66 45 24 62 61 41 46 39 96 58 3 82 54 21 55 22 15 87],1185996137
steepest/tai100b,4,1252676537,123,613800,186,[27 88 56 5 42 81 40 32 77 87 30 69 86 29 63 37 83 94 31 8 46 17 58 33 96 66 36 84 51 47 95 54 14 24 34 28 80 16 49 25 22 55 35 41 71 65 44 64 0 59 39 93 91 2 89 72 57 99 97 20 68 6 48 60 73 75 79 10 67 1 23 18 70 62 4 38 50 52 76 53 98 19 82 7 45 61 92 11 12 74 85 21 43 9 3 90 15 78 13 26],[84 36 26 80 64 69 49 44 81 47 65 25 93 28 71 94 0 85 98 29 31 52 78 4 18 14 88 79 30 32 67 10 5 76 60 27 42 19 56 40 23 2 77 75 97 53 20 50 86 57 99 38 83 59 63 37 11 35 16 34 43 13 90 91 48 92 74 7 12 68 8 72 89 6 9 73 1 17 70 51 95 33 66 45 24 62 61 41 46 39 96 58 3 82 54 21 55 22 15 87],1185996137
greedy/tai100b,5,1201602487,708,108498,35,[33 70 1 69 44 81 84 36 51 65 64 95 93 16 31 37 29 28 83 98 71 38 78 57 48 99 88 67 30 32 79 3 8 72 21 4 12 15 92 6 68 82 89 23 14 86 74 77 53 58 97 52 43 63 73 17 34 91 13 35 9 85 60 76 18 5 56 27 42 20 10 75 40 50 0 25 94 49 19 26 47 80 55 41 7 2 22 46 62 61 45 39 54 66 90 24 11 59 96 87],[84 36 26 80 64 69 49 44 81 47 65 25 93 28 71 94 0 85 98 29 31 52 78 4 18 14 88 79 30 32 67 10 5 76 60 27 42 19 56 40 23 2 77 75 97 53 20 50 86 57 99 38 83 59 63 37 11 35 16 34 43 13 90 91 48 92 74 7 12 68 8 72 89 6 9 73 1 17 70 51 95 33 66 45 24 62 61 41 46 39 96 58 3 82 54 21 55 22 15 87],1185996137
steepest/tai100b,5,1213058307,128,638550,193,[93 65 1 81 70 64 84 36 44 33 51 69 95 66 61 92 46 12 2 28 90 77 15 40 76 20 88 67 30 32 79 97 91 18 41 4 99 74 72 68 6 48 89 50 75 52 14 38 86 57 23 53 9 43 73 17 16 13 85 59 35 29 31 98 27 7 83 63 37 42 78 8 56 5 0 94 80 19 47 49 25 26 96 22 62 58 60 21 10 54 39 3 45 82 24 55 71 11 34 87],[84 36 26 80 64 69 49 44 81 47 65 25 93 28 71 94 0 85 98 29 31 52 78 4 18 14 88 79 30 32 67 10 5 76 60 27 42 19 56 40 23 2 77 75 97 53 20 50 86 57 99 38 83 59 63 37 11 35 16 34 43 13 90 91 48 92 74 7 12 68 8 72 89 6 9 73 1 17 70 51 95 33 66 45 24 62 61 41 46 39 96 58 3 82 54 21 55 22 15 87],1185996137
greedy/tai100b,6,1245424989,639,78972,18,[98 32 4 81 30 67 6 88 79 70 52 51 1 8 48 16 18 85 41 9 72 26 20 49 31 71 36 65 44 28 64 54 24 13 61 83 80 66 39 63 46 96 55 34 76 93 37 43 0 45 11 14 90 29 89 86 62 33 91 7 77 53 5 69 22 56 84 27 95 19 40 25 42 94 92 35 87 12 38 74 59 68 3 60 78 21 75 58 50 2 99 23 17 73 97 57 15 82 10 47],[84 36 26 80 64 69 49 44 81 47 65 25 93 28 71 94 0 85 98 29 31 52 78 4 18 14 88 79 30 32 67 10 5 76 60 27 42 19 56 40 23 2 77 75 97 53 20 50 86 57 99 38 83 59 63 37 11 35 16 34 43 13 90 91 48 92 74 7 12 68 8 72 89 6 9 73 1 17 70 51 95 33 66 45 24 62 61 41 46 39 96 58 3 82 54 21 55 22 15 87],1185996137
steepest/tai100b,6,1266474598,130,648450,188,[94 32 67 53 30 87 38 88 86 85 79 14 9 0 71 20 23 28 76 50 57 80 59 2 27 91 36 65 44 81 64 34 26 13 62 93 19 60 10 49 43 24 47 56 40 1 70 33 51 63 35 84 29 92 31 89 90 12 15 3 68 82 8 7 5 72 4 6 52 98 95 42 75 77 16 41 58 18 21 17 73 74 66 48 22 37 61 99 46 55 96 83 11 45 39 78 54 25 97 69],[84 36 26 80 64 69 49 44 81 47 65 25 93 28 71 94 0 85 98 29 31 52 78 4 18 14 88 79 30 32 67 10 5 76 60 27 42 19 56 40 23 2 77 75 97 53 20 50 86 57 99 38 83 59 63 37 11 35 16 34 43 13 90 91 48 92 74 7 12 68 8 72 89 6 9 73 1 17 70 51 95 33 66 45 24 62 61 41 46 39 96 58 3 82 54 21 55 22 15 87],1185996137
greedy/tai100b,7,1204222878,930,153718,64,[84 47 93 70 33 1 95 65 51 49 26 81 64 22 34 28 25 44 14 55 24 77 74 56 91 27 88 79 30 32 67 57 23 53 18 20 73 85 17 76 50 9 58 97 75 38 86 89 87 99 48 2 45 19 43 13 29 94 0 71 31 63 7 4 40 78 6 98 8 52 68 5 42 72 59 16 11 35 83 80 69 37 39 15 96 82 62 46 90 21 54 10 60 92 41 12 66 61 3 36],[84 36 26 80 64 69 49 44 81 47 65 25 93 28 71 94 0 85 98 29 31 52 78 4 18 14 88 79 30 32 67 10 5 76 60 27 42 19 56 40 23 2 77 75 97 53 20 50 86 57 99 38 83 59 63 37 11 35 16 34 43 13 90 91 48 92 74 7 12 68 8 72 89 6 9 73 1 17 70 51 95 33 66 45 24 62 61 41 46 39 96 58 3 82 54 21 55 22 15 87],1185996137
steepest/tai100b,7,1213670580,122,608850,214,[63 93 43 1 65 91 13 70 33 37 64 51 83 66 24 94 0 85 55 71 62 86 57 52 48 75 88 79 30 32 67 23 40 2 10 20 42 19 56 5 76 69 27 8 46 77 36 99 72 97 50 81 34 7 35 44 98 95 59 29 31 16 18 92 6 89 74 14 12 38 28 68 53 4 17 9 49 73 80 47 26 84 54 3 41 60 45 39 22 61 96 78 82 58 25 21 11 90 15 87],[84 36 26 80 64 69 49 44 81 47 65 25 93 28 71 94 0 85 98 29 31 52 78 4 18 14 88 79 30 32 67 10 5 76 60 27 42 19 56 40 23 2 77 75 97 53 20 50 86 57 99 38 83 59 63 37 11 35 16 34 43 13 90 91 48 92 74 7 12 68 8 72 89 6 9 73 1 17 70 51 95 33 66 45 24 62 61 41 46 39 96 58 3 82 54 21 55 22 15 87],1185996137
greedy/tai100b,8,1224873891,810,152361,42,[84 36 26 80 64 69 49 44 81 47 65 25 32 50 46 37 98 86 53 28 7 6 97 4 91 63 88 79 30 70 67 31 16 33 29 51 14 20 18 83 62 76 41 13 92 59 1 35 12 34 89 74 27 2 5 40 75 77 56 60 10 42 45 99 68 3 73 43 93 0 55 48 72 66 38 52 95 9 17 94 85 19 96 23 61 90 78 11 8 82 71 21 24 39 54 15 57 22 58 87],[84 36 26 80 64 69 49 44 81 47 65 25 93 28 71 94 0 85 98 29 31 52 78 4 18 14 88 79 30 32 67 10 5 76 60 27 42 19 56 40 23 2 77 75 97 53 20 50 86 57 99 38 83 59 63 37 11 35 16 34 43 13 90 91 48 92 74 7 12 68 8 72 89 6 9 73 1 17 70 51 95 33 66 45 24 62 61 41 46 39 96 58 3 82 54 21 55 22 15 87],1185996137
steepest/tai100b,8,1250794590,127,633600,182,[77 36 69 42 81 94 85 32 19 2 44 56 5 76 27 64 95 84 20 26 40 37 13 83 39 66 88 67 30 74 79 22 14 41 34 87 49 65 80 18 61 70 25 24 58 35 16 96 59 54 57 55 4 8 53 98 89 99 72 29 60 86 78 15 21 45 68 82 6 92 11 63 3 31 17 9 10 47 38 46 28 52 33 48 91 62 75 93 7 73 1 0 43 23 51 90 97 50 71 12],[84 36 26 80 64 69 49 44 81 47 65 25 93 28 71 94 0 85 98 29 31 52 78 4 18 14 88 79 30 32 67 10 5 76 60 27 42 19 56 40 23 2 77 75 97 53 20 50 86 57 99 38 83 59 63 37 11 35 16 34 43 13 90 91 48 92 74 7 12 68 8 72 89 6 9 73 1 17 70 51 95 33 66 45 24 62 61 41 46 39 96 58 3 82 54 21 55 22 15 87],1185996137
greedy/tai100b,9,1246004745,724,69750,32,[33 70 65 69 44 81 84 36 64 51 1 88 93 62 72 29 98 95 99 4 52 31 38 71 59 39 32 94 85 37 86 23 48 28 53 18 0 12 87 41 58 92 66 54 89 55 14 24 74 96 46 82 42 80 40 77 35 91 60 6 76 27 8 17 16 13 67 25 30 9 68 83 73 63 19 10 56 47 20 49 26 5 75 78 90 15 43 22 34 2 50 21 3 61 7 57 11 97 45 79],[84 36 26 80 64 69 49 44 81 47 65 25 93 28 71 94 0 85 98 29 31 52 78 4 18 14 88 79 30 32 67 10 5 76 60 27 42 19 56 40 23 2 77 75 97 53 20 50 86 57 99 38 83 59 63 37 11 35 16 34 43 13 90 91 48 92 74 7 12 68 8 72 89 6 9 73 1 17 70 51 95 33 66 45 24 62 61 41 46 39 96 58 3 82 54 21 55 22 15 87],1185996137
steepest/tai100b,9,1207884349,165,821700,309,[84 65 69 47 64 49 26 44 36 81 80 28 25 24 62 1 35 70 41 13 63 6 57 20 48 99 88 67 30 32 79 91 21 3 59 38 86 14 53 58 89 18 87 72 82 74 77 68 12 23 97 4 85 73 0 94 71 17 9 11 31 29 90 2 92 7 45 46 19 8 78 15 10 75 83 16 95 37 43 51 33 93 54 5 22 39 60 96 42 61 66 50 76 27 55 40 98 34 56 52],[84 36 26 80 64 69 49 44 81 47 65 25 93 28 71 94 0 85 98 29 31 52 78 4 18 14 88 79 30 32 67 10 5 76 60 27 42 19 56 40 23 2 77 75 97 53 20 50 86 57 99 38 83 59 63 37 11 35 16 34 43 13 90 91 48 92 74 7 12 68 8 72 89 6 9 73 1 17 70 51 95 33 66 45 24 62 61 41 46 39 96 58 3 82 54 21 55 22 15 87],1185996137
greedy/tai100b,10,1205679791,912,164504,65,[84 81 80 36 26 44 64 47 49 69 65 25 93 4 92 52 38 19 12 45 89 14 39 53 23 50 88 79 30 32 67 97 5 74 2 40 72 10 42 27 99 60 56 75 96 20 77 76 57 48 58 18 31 16 33 51 63 37 83 7 91 43 13 59 41 34 1 35 70 28 22 21 98 86 85 73 95 9 29 94 17 0 6 61 11 78 55 62 71 68 8 66 54 82 3 24 15 90 46 87],[84 36 26 80 64 69 49 44 81 47 65 25 93 28 71 94 0 85 98 29 31 52 78 4 18 14 88 79 30 32 67 10 5 76 60 27 42 19 56 40 23 2 77 75 97 53 20 50 86 57 99 38 83 59 63 37 11 35 16 34 43 13 90 91 48 92 74 7 12 68 8 72 89 6 9 73 1 17 70 51 95 33 66 45 24 62 61 41 46 39 96 58 3 82 54 21 55 22 15 87],1185996137
steepest/tai100b,10,1275248350,127,633600,167,[6 32 92 74 47 79 35 28 12 52 4 59 80 75 7 94 16 85 18 98 82 84 62 51 58 23 88 93 30 73 67 10 56 20 50 40 77 2 19 5 27 9 42 0 54 81 69 49 26 76 22 25 83 46 31 63 29 8 37 15 72 91 13 70 60 33 44 65 36 64 24 71 1 95 14 48 89 53 68 86 87 38 97 90 3 57 21 99 61 66 78 96 43 41 39 11 55 45 34 17],[84 36 26 80 64 69 49 44 81 47 65 25 93 28 71 94 0 85 98 29 31 52 78 4 18 14 88 79 30 32 67 10 5 76 60 27 42 19 56 40 23 2 77 75 97 53 20 50 86 57 99 38 83 59 63 37 11 35 16 34 43 13 90 91 48 92 74 7 12 68 8 72 89 6 9 73 1 17 70 51 95 33 66 45 24 62 61 41 46 39 96 58 3 82 54 21 55 22 15 87],1185996137
greedy/tai256c,1,44942488,285,1415921,1645,[220 150 87 158 229 255 6 54 72 12 78 19 84 93 185 90 69 192 110 183 105 153 188 122 120 31 26 32 46 29 195 63 21 237 50 99 113 36 247 60 191 4 165 67 214 224 133 147 226 178 235 82 205 130 43 95 241 65 222 232 156 250 173 180 125 17 58 24 243 108 116 96 145 2 143 197 170 200 203 102 160 209 9 135 75 14 41 168 39 139 212 217 236 136 227 248 239 177 114 45 68 28 253 184 240 3 121 204 1 206 181 163 140 118 174 23 106 59 124 187 74 111 179 8 112 30 221 134 196 157 103 51 66 81 233 208 100 193 79 40 126 89 47 175 117 251 34 167 35 182 61 97 76 186 15 52 101 104 152 171 10 142 131 176 0 223 5 138 98 94 64 27 119 189 11 242 252 161 88 48 57 194 238 211 33 190 109 107 216 164 246 225 62 44 49 199 218 22 80 25 73 37 53 207 18 166 148 115 123 151 213 172 20 70 13 228 92 85 210 16 71 144 230 155 254 83 159 149 137 198 56 127 249 154 201 219 234 132 231 7 128 202 146 141 86 55 244 162 215 91 77 169 245 42 38 129],[218 108 226 173 171 84 160 192 27 122 203 69 113 196 139 239 40 13 48 152 44 159 47 18 200 101 177 147 10 1 215 99 125 252 132 169 71 91 149 245 103 130 166 211 118 16 179 186 52 142 243 213 23 156 235 54 78 65 135 74 96 35 42 137 190 205 128 30 232 8 222 230 254 88 61 57 249 4 37 6 181 209 82 220 50 105 162 110 76 95 183 240 202 158 150 248 165 176 83 227 46 191 62 60 7 204 70 79 155 219 102 175 199 15 123 24 193 189 25 109 77 94 194 225 29 64 246 229 121 167 120 140 154 31 201 28 161 87 5 234 72 20 231 207 49 141 81 14 68 224 51 98 163 223 80 233 236 182 26 221 151 187 107 168 180 126 117 170 153 55 38 250 206 164 238 104 241 0 148 138 216 92 244 253 39 115 86 134 2 3 75 9 53 85 188 143 100 67 63 217 198 212 145 178 12 19 59 41 174 255 197 157 242 33 36 185 228 34 208 210 56 97 112 32 172 124 17 131 21 43 106 22 66 90 127 73 89 136 116 237 93 111 11 184 114 144 119 129 146 133 45 195 251 214 247 58],44759294
steepest/tai256c,1,44882578,50,1664640,1516,[232 125 180 28 246 46 234 78 224 93 192 76 91 209 212 249 69 15 243 183 153 121 73 86 55 237 10 33 191 13 229 63 38 220 88 50 147 35 7 43 136 4 166 217 162 254 132 100 226 241 16 98 83 113 155 110 177 65 222 80 140 251 173 130 149 18 58 24 195 61 117 214 128 159 127 197 170 200 203 103 160 21 106 134 188 205 41 151 52 123 142 185 1 161 12 187 156 204 238 139 68 137 40 196 178 210 245 206 250 233 181 108 164 44 74 23 105 59 124 5 227 111 112 8 179 30 221 135 120 157 102 228 66 77 114 22 133 193 79 56 126 107 47 175 84 208 34 167 36 165 45 97 75 186 26 53 101 118 168 236 3 158 131 176 60 223 37 19 82 64 95 27 119 189 11 242 252 235 31 48 57 194 14 211 32 190 109 199 216 240 248 225 62 219 49 54 17 104 92 25 89 99 171 207 2 182 148 116 154 152 213 172 20 70 29 51 94 85 255 0 87 145 230 115 239 67 174 150 90 198 72 143 9 122 201 253 218 71 231 247 144 202 146 141 184 163 244 96 215 138 81 169 6 42 39 129],[218 108 226 173 171 84 160 192 27 122 203 69 113 196 139 239 40 13 48 152 44 159 47 18 200 101 177 147 10 1 215 99 125 252 132 169 71 91 149 245 103 130 166 211 118 16 179 186 52 142 243 213 23 156 235 54 78 65 135 74 96 35 42 137 190 205 128 30 232 8 222 230 254 88 61 57 249 4 37 6 181 209 82 220 50 105 162 110 76 95 183 240 202 158 150 248 165 176 83 227 46 191 62 60 7 204 70 79 155 219 102 175 199 15 123 24 193 189 25 109 77 94 194 225 29 64 246 229 121 167 120 140 154 31 201 28 161 87 5 234 72 20 231 207 49 141 81 14 68 224 51 98 163 223 80 233 236 182 26 221 151 187 107 168 180 126 117 170 153 55 38 250 206 164 238 104 241 0 148 138 216 92 244 253 39 115 86 134 2 3 75 9 53 85 188 143 100 67 63 217 198 212 145 178 12 19 59 41 174 255 197 157 242 33 36 185 228 34 208 210 56 97 112 32 172 124 17 131 21 43 106 22 66 90 127 73 89 136 116 237 93 111 11 184 114 144 119 129 146 133 45 195 251 214 247 58],44759294
greedy/tai256c,2,44958866,296,1540704,1926,[237 210 98 90 88 167 102 159 216 122 169 220 4 30 249 110 199 59 49 57 186 182 96 84 119 189 37 22 71 81 179 27 231 193 129 254 1 52 161 132 42 149 155 214 127 234 134 76 45 140 16 152 225 125 7 117 246 251 15 222 39 229 95 207 64 137 239 172 69 164 24 105 203 12 10 242 93 142 146 115 35 176 62 18 107 54 196 67 47 201 174 227 32 25 133 63 68 60 61 11 226 136 0 202 144 111 99 78 26 247 100 170 215 31 77 121 148 48 243 173 120 250 244 97 28 116 160 230 185 194 183 130 74 75 255 72 211 65 165 113 191 80 53 21 79 82 253 147 33 156 245 158 131 128 241 212 235 143 41 85 58 175 108 151 217 252 40 55 34 43 94 66 46 228 178 51 14 87 36 126 50 187 104 171 223 184 9 56 162 106 190 3 89 218 236 73 163 157 83 219 19 197 198 101 188 209 135 232 92 238 8 180 154 205 221 195 150 138 208 38 192 103 204 177 6 86 248 109 2 181 166 200 44 168 20 123 124 141 233 145 91 240 13 112 17 206 224 70 213 139 29 5 23 153 114 118],[218 108 226 173 171 84 160 192 27 122 203 69 113 196 139 239 40 13 48 152 44 159 47 18 200 101 177 147 10 1 215 99 125 252 132 169 71 91 149 245 103 130 166 211 118 16 179 186 52 142 243 213 23 156 235 54 78 65 135 74 96 35 42 137 190 205 128 30 232 8 222 230 254 88 61 57 249 4 37 6 181 209 82 220 50 105 162 110 76 95 183 240 202 158 150 248 165 176 83 227 46 191 62 60 7 204 70 79 155 219 102 175 199 15 123 24 193 189 25 109 77 94 194 225 29 64 246 229 121 167 120 140 154 31 201 28 161 87 5 234 72 20 231 207 49 141 81 14 68 224 51 98 163 223 80 233 236 182 26 221 151 187 107 168 180 126 117 170 153 55 38 250 206 164 238 104 241 0 148 138 216 92 244 253 39 115 86 134 2 3 75 9 53 85 188 143 100 67 63 217 198 212 145 178 12 19 59 41 174 255 197 157 242 33 36 185 228 34 208 210 56 97 112 32 172 124 17 131 21 43 106 22 66 90 127 73 89 136 116 237 93 111 11 184 114 144 119 129 146 133 45 195 251 214 247 58],44759294
steepest/tai256c,2,44918526,47,1566720,1880,[171 166 30 71 221 162 45 246 238 22 225 236 39 119 255 97 134 5 33 57 18 84 145 122 59 219 160 189 109 7 88 77 210 183 143 193 141 231 9 132 42 149 139 74 112 250 51 213 48 99 16 152 208 126 198 117 216 11 1 206 54 228 94 3 156 137 158 80 69 181 24 105 186 28 13 242 92 147 169 102 204 191 79 114 107 66 179 36 47 201 233 196 227 21 52 44 96 100 187 251 170 178 0 230 195 127 68 78 26 247 110 133 199 31 61 121 37 62 243 95 172 234 161 174 12 116 197 176 185 194 60 130 90 205 248 72 113 65 159 240 207 64 53 244 14 82 254 75 49 35 245 157 131 128 241 212 235 67 41 85 58 175 140 151 217 252 40 55 34 43 120 148 46 229 215 81 10 104 32 125 50 25 103 220 223 190 237 56 164 106 144 19 89 98 20 214 163 232 83 203 63 165 146 101 188 209 135 184 93 202 8 180 155 173 222 211 150 138 87 38 192 73 15 177 6 86 249 108 2 182 167 200 27 168 91 123 142 124 218 129 76 115 253 111 17 239 224 70 226 154 29 4 23 153 136 118],[218 108 226 173 171 84 160 192 27 122 203 69 113 196 139 239 40 13 48 152 44 159 47 18 200 101 177 147 10 1 215 99 125 252 132 169 71 91 149 245 103 130 166 211 118 16 179 186 52 142 243 213 23 156 235 54 78 65 135 74 96 35 42 137 190 205 128 30 232 8 222 230 254 88 61 57 249 4 37 6 181 209 82 220 50 105 162 110 76 95 183 240 202 158 150 248 165 176 83 227 46 191 62 60 7 204 70 79 155 219 102 175 199 15 123 24 193 189 25 109 77 94 194 225 29 64 246 229 121 167 120 140 154 31 201 28 161 87 5 234 72 20 231 207 49 141 81 14 68 224 51 98 163 223 80 233 236 182 26 221 151 187 107 168 180 126 117 170 153 55 38 250 206 164 238 104 241 0 148 138 216 92 244 253 39 115 86 134 2 3 75 9 53 85 188 143 100 67 63 217 198 212 145 178 12 19 59 41 174 255 197 157 242 33 36 185 228 34 208 210 56 97 112 32 172 124 17 131 21 43 106 22 66 90 127 73 89 136 116 237 93 111 11 184 114 144 119 129 146 133 45 195 251 214 247 58],44759294
greedy/tai256c,3,44984598,287,1486237,1500,[150 119 217 116 178 68 198 142 211 123 189 164 193 183 161 226 6 157 168 136 45 208 92 129 196 243 109 247 77 206 11 14 9 200 147 89 106 219 187 253 101 239 86 41 104 24 56 121 21 202 18 181 240 213 75 245 172 71 38 28 232 95 175 144 62 114 176 230 154 50 60 26 58 127 16 221 140 83 1 33 99 236 64 96 185 250 81 53 133 47 35 4 170 59 169 42 251 74 76 186 180 10 23 155 207 146 234 110 13 34 205 148 65 112 165 39 156 122 141 57 30 55 105 27 160 237 103 61 215 171 184 113 163 228 218 22 203 153 66 190 29 126 111 201 192 222 72 87 51 233 177 199 12 48 117 54 174 80 252 195 238 49 158 124 73 130 98 78 159 94 107 216 194 32 36 15 231 100 248 143 120 132 93 7 223 31 162 70 241 17 46 63 44 67 128 167 8 37 0 173 20 229 91 40 197 255 224 19 131 152 188 179 227 108 244 166 209 210 242 145 115 246 138 137 139 2 191 225 249 5 90 82 88 102 149 254 43 3 134 52 220 204 69 214 97 84 79 125 182 235 151 212 118 85 135 25],[218 108 226 173 171 84 160 192 27 122 203 69 113 196 139 239 40 13 48 152 44 159 47 18 200 101 177 147 10 1 215 99 125 252 132 169 71 91 149 245 103 130 166 211 118 16 179 186 52 142 243 213 23 156 235 54 78 65 135 74 96 35 42 137 190 205 128 30 232 8 222 230 254 88 61 57 249 4 37 6 181 209 82 220 50 105 162 110 76 95 183 240 202 158 150 248 165 176 83 227 46 191 62 60 7 204 70 79 155 219 102 175 199 15 123 24 193 189 25 109 77 94 194 225 29 64 246 229 121 167 120 140 154 31 201 28 161 87 5 234 72 20 231 207 49 141 81 14 68 224 51 98 163 223 80 233 236 182 26 221 151 187 107 168 180 126 117 170 153 55 38 250 206 164 238 104 241 0 148 138 216 92 244 253 39 115 86 134 2 3 75 9 53 85 188 143 100 67 63 217 198 212 145 178 12 19 59 41 174 255 197 157 242 33 36 185 228 34 208 210 56 97 112 32 172 124 17 131 21 43 106 22 66 90 127 73 89 136 116 237 93 111 11 184 114 144 119 129 146 133 45 195 251 214 247 58],44759294
steepest/tai256c,3,44912510,49,1632000,1856,[14 98 101 86 74 106 184 127 189 96 154 76 194 146 29 211 44 79 228 27 171 247 242 131 196 157 93 38 213 207 12 62 8 169 31 152 222 186 219 230 81 201 18 4 104 113 240 121 21 179 50 182 239 89 116 245 23 71 176 56 216 110 174 148 208 33 204 144 42 36 59 25 135 161 237 234 140 67 1 165 108 251 48 84 142 249 150 53 118 199 123 225 61 214 16 232 34 13 155 187 180 58 218 54 205 39 43 66 77 185 253 100 65 112 255 83 172 122 141 57 91 55 105 193 160 109 103 78 215 111 24 45 206 7 9 22 203 102 133 190 73 126 181 217 192 170 72 87 75 233 177 0 11 64 125 19 246 227 252 195 238 49 158 124 85 129 114 80 159 95 107 210 68 32 51 15 231 183 10 143 120 115 94 6 223 235 162 70 241 17 47 63 28 35 128 153 248 37 250 173 20 229 92 40 197 175 221 99 130 168 188 178 167 136 244 166 209 163 243 145 60 132 138 137 139 2 191 226 30 5 90 82 88 46 149 254 41 3 134 52 220 202 69 164 97 147 200 198 156 236 151 212 117 224 119 26],[218 108 226 173 171 84 160 192 27 122 203 69 113 196 139 239 40 13 48 152 44 159 47 18 200 101 177 147 10 1 215 99 125 252 132 169 71 91 149 245 103 130 166 211 118 16 179 186 52 142 243 213 23 156 235 54 78 65 135 74 96 35 42 137 190 205 128 30 232 8 222 230 254 88 61 57 249 4 37 6 181 209 82 220 50 105 162 110 76 95 183 240 202 158 150 248 165 176 83 227 46 191 62 60 7 204 70 79 155 219 102 175 199 15 123 24 193 189 25 109 77 94 194 225 29 64 246 229 121 167 120 140 154 31 201 28 161 87 5 234 72 20 231 207 49 141 81 14 68 224 51 98 163 223 80 233 236 182 26 221 151 187 107 168 180 126 117 170 153 55 38 250 206 164 238 104 241 0 148 138 216 92 244 253 39 115 86 134 2 3 75 9 53 85 188 143 100 67 63 217 198 212 145 178 12 19 59 41 174 255 197 157 242 33 36 185 228 34 208 210 56 97 112 32 172 124 17 131 21 43 106 22 66 90 127 73 89 136 116 237 93 111 11 184 114 144 119 129 146 133 45 195 251 214 247 58],44759294
greedy/tai256c,4,44890596,264,1518046,1842,[148 254 0 58 166 181 211 95 28 249 176 207 171 13 90 237 204 84 120 201 19 232 144 246 33 124 139 2 174 63 31 241 126 105 141 239 161 109 135 146 67 22 7 75 24 226 37 251 61 189 114 41 196 131 96 54 43 86 215 71 56 64 52 78 118 81 168 46 88 92 219 99 222 10 194 153 133 129 143 198 186 183 50 244 156 5 101 122 234 179 229 208 59 3 20 87 85 76 132 100 104 72 4 68 80 216 102 221 137 40 224 115 218 125 191 8 36 213 65 231 82 223 89 121 238 111 44 250 182 184 55 110 163 169 170 69 15 94 253 214 165 103 202 245 248 192 134 42 140 212 152 185 57 107 180 205 154 159 48 113 233 38 116 195 123 35 200 252 39 157 209 210 66 11 130 119 6 136 112 108 127 29 14 74 255 138 62 155 70 193 173 106 147 27 9 164 199 228 197 18 235 47 21 51 34 79 93 73 23 175 98 247 145 142 158 91 190 117 187 243 12 150 220 172 1 227 128 16 17 178 242 32 203 53 25 217 240 160 45 83 30 97 177 60 206 149 77 167 225 151 236 188 49 162 26 230],[218 108 226 173 171 84 160 192 27 122 203 69 113 196 139 239 40 13 48 152 44 159 47 18 200 101 177 147 10 1 215 99 125 252 132 169 71 91 149 245 103 130 166 211 118 16 179 186 52 142 243 213 23 156 235 54 78 65 135 74 96 35 42 137 190 205 128 30 232 8 222 230 254 88 61 57 249 4 37 6 181 209 82 220 50 105 162 110 76 95 183 240 202 158 150 248 165 176 83 227 46 191 62 60 7 204 70 79 155 219 102 175 199 15 123 24 193 189 25 109 77 94 194 225 29 64 246 229 121 167 120 140 154 31 201 28 161 87 5 234 72 20 231 207 49 141 81 14 68 224 51 98 163 223 80 233 236 182 26 221 151 187 107 168 180 126 117 170 153 55 38 250 206 164 238 104 241 0 148 138 216 92 244 253 39 115 86 134 2 3 75 9 53 85 188 143 100 67 63 217 198 212 145 178 12 19 59 41 174 255 197 157 242 33 36 185 228 34 208 210 56 97 112 32 172 124 17 131 21 43 106 22 66 90 127 73 89 136 116 237 93 111 11 184 114 144 119 129 146 133 45 195 251 214 247 58],44759294
steepest/tai256c,4,44929566,48,1599360,1280,[86 197 78 190 244 182 73 247 170 221 150 175 68 14 31 236 99 29 48 124 114 232 147 202 33 95 139 2 158 255 53 107 110 90 141 10 177 93 135 162 120 8 129 61 105 225 36 251 65 173 82 76 39 116 96 101 43 212 215 71 165 22 127 56 144 12 184 46 192 122 204 0 238 25 195 153 133 58 187 210 217 167 51 227 156 5 103 230 234 180 19 223 75 18 183 59 98 213 152 100 42 72 60 63 80 126 94 207 214 111 208 115 218 125 179 23 37 196 169 231 211 52 89 121 222 166 44 250 20 118 55 109 137 171 54 84 15 205 13 131 87 3 186 245 9 176 134 27 140 228 88 185 41 241 181 85 154 159 79 113 233 38 132 194 123 35 200 252 57 157 209 104 66 11 130 119 6 136 112 108 143 253 254 74 224 138 102 155 70 193 189 106 163 47 7 148 199 219 198 246 235 62 21 50 34 64 164 81 67 191 92 248 145 142 174 91 206 117 40 4 28 216 220 172 1 243 128 16 17 178 242 32 203 69 24 201 240 160 45 83 30 97 161 249 239 149 77 168 226 151 237 188 49 146 26 229],[218 108 226 173 171 84 160 192 27 122 203 69 113 196 139 239 40 13 48 152 44 159 47 18 200 101 177 147 10 1 215 99 125 252 132 169 71 91 149 245 103 130 166 211 118 16 179 186 52 142 243 213 23 156 235 54 78 65 135 74 96 35 42 137 190 205 128 30 232 8 222 230 254 88 61 57 249 4 37 6 181 209 82 220 50 105 162 110 76 95 183 240 202 158 150 248 165 176 83 227 46 191 62 60 7 204 70 79 155 219 102 175 199 15 123 24 193 189 25 109 77 94 194 225 29 64 246 229 121 167 120 140 154 31 201 28 161 87 5 234 72 20 231 207 49 141 81 14 68 224 51 98 163 223 80 233 236 182 26 221 151 187 107 168 180 126 117 170 153 55 38 250 206 164 238 104 241 0 148 138 216 92 244 253 39 115 86 134 2 3 75 9 53 85 188 143 100 67 63 217 198 212 145 178 12 19 59 41 174 255 197 157 242 33 36 185 228 34 208 210 56 97 112 32 172 124 17 131 21 43 106 22 66 90 127 73 89 136 116 237 93 111 11 184 114 144 119 129 146 133 45 195 251 214 247 58],44759294
greedy/tai256c,5,44930968,237,1320082,1133,[228 128 27 151 70 53 239 253 127 60 35 157 40 105 31 2 20 147 176 83 17 222 137 14 142 120 0 168 246 204 23 233 5 113 9 12 55 122 80 243 75 140 132 118 110 68 90 115 50 207 78 38 172 189 236 162 231 193 57 85 202 216 100 180 98 145 149 175 195 210 72 214 63 107 42 166 32 197 183 155 170 248 185 125 103 241 208 250 219 93 65 45 116 109 81 30 206 29 48 169 148 16 106 62 119 198 173 226 73 225 10 1 152 84 28 126 97 177 153 247 133 79 74 58 144 39 234 215 221 220 160 205 230 82 199 165 191 254 135 92 186 124 34 235 101 238 102 164 69 139 15 37 24 18 217 156 44 86 209 94 22 47 182 36 255 171 218 51 200 89 123 203 8 249 6 150 192 111 108 252 52 223 4 161 77 26 190 7 129 67 43 121 61 59 64 201 187 136 224 196 244 112 194 138 88 163 21 54 213 117 242 41 178 251 99 46 229 13 179 146 184 212 158 174 181 227 25 130 71 87 19 11 141 76 49 188 134 167 240 56 245 211 33 143 91 232 95 96 114 131 159 66 104 237 3 154],[218 108 226 173 171 84 160 192 27 122 203 69 113 196 139 239 40 13 48 152 44 159 47 18 200 101 177 147 10 1 215 99 125 252 132 169 71 91 149 245 103 130 166 211 118 16 179 186 52 142 243 213 23 156 235 54 78 65 135 74 96 35 42 137 190 205 128 30 232 8 222 230 254 88 61 57 249 4 37 6 181 209 82 220 50 105 162 110 76 95 183 240 202 158 150 248 165 176 83 227 46 191 62 60 7 204 70 79 155 219 102 175 199 15 123 24 193 189 25 109 77 94 194 225 29 64 246 229 121 167 120 140 154 31 201 28 161 87 5 234 72 20 231 207 49 141 81 14 68 224 51 98 163 223 80 233 236 182 26 221 151 187 107 168 180 126 117 170 153 55 38 250 206 164 238 104 241 0 148 138 216 92 244 253 39 115 86 134 2 3 75 9 53 85 188 143 100 67 63 217 198 212 145 178 12 19 59 41 174 255 197 157 242 33 36 185 228 34 208 210 56 97 112 32 172 124 17 131 21 43 106 22 66 90 127 73 89 136 116 237 93 111 11 184 114 144 119 129 146 133 45 195 251 214 247 58],44759294
steepest/tai256c,5,44923446,47,1566720,1237,[193 228 130 235 238 80 5 170 25 35 87 173 40 153 210 2 20 147 112 84 17 218 166 14 126 136 115 233 246 187 23 216 143 97 27 223 197 122 12 243 92 168 94 119 132 67 90 162 50 190 175 38 0 107 253 231 75 224 57 105 204 199 117 180 82 145 149 176 195 70 72 214 63 109 42 151 32 53 8 155 60 158 185 29 102 221 241 250 140 77 65 46 110 206 34 139 78 203 48 225 37 236 198 232 118 116 222 89 73 200 10 1 182 28 192 142 113 177 137 69 133 79 74 58 16 39 234 215 62 240 11 205 178 98 217 165 191 254 135 230 186 85 59 219 101 239 103 164 152 207 172 108 24 18 249 156 55 88 83 99 22 47 106 36 255 171 202 51 125 104 123 100 183 248 7 150 4 6 124 252 52 208 169 161 93 81 189 247 212 68 43 121 61 44 19 201 188 120 209 196 244 128 194 138 160 163 21 54 213 64 242 41 148 251 129 45 229 13 179 146 184 144 157 174 181 227 9 226 71 86 96 26 141 76 49 220 134 167 15 56 245 211 33 111 91 95 30 127 114 131 159 66 31 237 3 154],[218 108 226 173 171 84 160 192 27 122 203 69 113 196 139 239 40 13 48 152 44 159 47 18 200 101 177 147 10 1 215 99 125 252 132 169 71 91 149 245 103 130 166 211 118 16 179 186 52 142 243 213 23 156 235 54 78 65 135 74 96 35 42 137 190 205 128 30 232 8 222 230 254 88 61 57 249 4 37 6 181 209 82 220 50 105 162 110 76 95 183 240 202 158 150 248 165 176 83 227 46 191 62 60 7 204 70 79 155 219 102 175 199 15 123 24 193 189 25 109 77 94 194 225 29 64 246 229 121 167 120 140 154 31 201 28 161 87 5 234 72 20 231 207 49 141 81 14 68 224 51 98 163 223 80 233 236 182 26 221 151 187 107 168 180 126 117 170 153 55 38 250 206 164 238 104 241 0 148 138 216 92 244 253 39 115 86 134 2 3 75 9 53 85 188 143 100 67 63 217 198 212 145 178 12 19 59 41 174 255 197 157 242 33 36 185 228 34 208 210 56 97 112 32 172 124 17 131 21 43 106 22 66 90 127 73 89 136 116 237 93 111 11 184 114 144 119 129 146 133 45 195 251 214 247 58],44759294
greedy/tai256c,6,44896600,221,1085387,947,[63 76 2 4 68 19 85 95 71 200 164 194 161 206 175 98 6 224 108 64 15 83 50 254 11 189 23 93 252 123 53 135 117 243 16 138 250 170 8 41 102 96 152 26 110 172 61 213 230 59 146 38 237 149 155 223 241 185 187 73 218 209 120 115 158 127 129 196 233 144 90 215 88 176 132 29 105 81 167 211 235 36 33 204 46 44 247 182 56 179 141 228 186 171 169 225 236 229 203 220 240 195 181 188 37 151 86 104 58 112 143 111 22 126 51 47 131 72 134 125 14 10 119 212 227 128 197 192 43 163 94 210 27 248 139 84 156 20 232 142 103 124 78 28 205 178 57 140 32 55 202 77 13 101 177 136 113 231 12 34 145 253 97 92 157 17 162 244 80 109 52 5 99 238 7 246 9 74 226 251 222 25 148 42 49 133 107 130 69 234 137 40 87 198 75 207 70 62 31 79 35 1 45 193 67 21 160 153 239 168 82 191 159 249 245 255 91 106 199 30 39 184 18 208 147 190 154 66 174 121 219 3 89 165 60 183 48 122 65 173 221 24 166 118 216 180 201 116 214 114 0 217 150 54 100 242],[218 108 226 173 171 84 160 192 27 122 203 69 113 196 139 239 40 13 48 152 44 159 47 18 200 101 177 147 10 1 215 99 125 252 132 169 71 91 149 245 103 130 166 211 118 16 179 186 52 142 243 213 23 156 235 54 78 65 135 74 96 35 42 137 190 205 128 30 232 8 222 230 254 88 61 57 249 4 37 6 181 209 82 220 50 105 162 110 76 95 183 240 202 158 150 248 165 176 83 227 46 191 62 60 7 204 70 79 155 219 102 175 199 15 123 24 193 189 25 109 77 94 194 225 29 64 246 229 121 167 120 140 154 31 201 28 161 87 5 234 72 20 231 207 49 141 81 14 68 224 51 98 163 223 80 233 236 182 26 221 151 187 107 168 180 126 117 170 153 55 38 250 206 164 238 104 241 0 148 138 216 92 244 253 39 115 86 134 2 3 75 9 53 85 188 143 100 67 63 217 198 212 145 178 12 19 59 41 174 255 197 157 242 33 36 185 228 34 208 210 56 97 112 32 172 124 17 131 21 43 106 22 66 90 127 73 89 136 116 237 93 111 11 184 114 144 119 129 146 133 45 195 251 214 247 58],44759294
steepest/tai256c,6,44958370,35,1175040,1088,[47 198 177 68 254 247 38 20 72 250 123 218 170 95 175 190 5 241 108 203 102 83 66 104 48 89 194 93 179 138 53 119 117 35 16 18 8 3 23 41 146 98 153 26 110 173 15 213 230 58 200 30 222 150 155 158 181 224 75 61 167 209 136 115 237 127 129 196 233 144 78 215 244 207 132 28 106 81 164 188 252 70 33 220 11 43 185 96 55 85 141 227 255 13 182 88 21 51 143 142 151 235 134 189 46 171 195 91 59 29 80 111 22 126 37 187 131 225 154 125 14 10 135 212 228 128 197 77 44 163 94 210 27 63 139 84 156 36 232 103 9 76 1 79 205 178 57 140 32 56 202 73 101 100 161 120 113 231 12 34 145 253 97 92 157 17 162 245 112 109 52 4 99 238 7 246 204 223 211 251 169 25 148 42 50 133 107 130 69 234 122 40 87 248 74 192 71 62 31 226 229 0 45 193 67 86 160 152 239 168 82 191 159 249 243 240 90 105 199 186 39 184 19 208 147 206 137 49 174 121 219 2 236 165 60 183 64 124 65 172 221 24 166 118 216 180 201 116 214 114 176 217 149 54 6 242],[218 108 226 173 171 84 160 192 27 122 203 69 113 196 139 239 40 13 48 152 44 159 47 18 200 101 177 147 10 1 215 99 125 252 132 169 71 91 149 245 103 130 166 211 118 16 179 186 52 142 243 213 23 156 235 54 78 65 135 74 96 35 42 137 190 205 128 30 232 8 222 230 254 88 61 57 249 4 37 6 181 209 82 220 50 105 162 110 76 95 183 240 202 158 150 248 165 176 83 227 46 191 62 60 7 204 70 79 155 219 102 175 199 15 123 24 193 189 25 109 77 94 194 225 29 64 246 229 121 167 120 140 154 31 201 28 161 87 5 234 72 20 231 207 49 141 81 14 68 224 51 98 163 223 80 233 236 182 26 221 151 187 107 168 180 126 117 170 153 55 38 250 206 164 238 104 241 0 148 138 216 92 244 253 39 115 86 134 2 3 75 9 53 85 188 143 100 67 63 217 198 212 145 178 12 19 59 41 174 255 197 157 242 33 36 185 228 34 208 210 56 97 112 32 172 124 17 131 21 43 106 22 66 90 127 73 89 136 116 237 93 111 11 184 114 144 119 129 146 133 45 195 251 214 247 58],44759294
greedy/tai256c,7,44938510,239,1172923,1333,[79 31 239 205 160 191 198 34 200 178 128 249 127 157 25 225 104 232 61 80 139 65 181 109 99 21 43 84 101 188 236 124 227 107 4 208 134 97 36 19 29 12 72 82 230 46 245 242 171 86 147 193 58 38 151 183 137 240 14 6 154 119 116 8 215 253 217 69 168 130 51 17 92 55 149 195 164 94 142 174 219 89 75 145 32 40 222 122 251 212 186 10 118 103 120 228 28 71 254 30 194 117 88 22 85 37 73 155 189 206 70 235 209 196 100 140 133 87 182 135 81 108 218 67 223 3 123 170 24 199 68 141 237 224 126 45 113 248 106 214 132 244 56 131 74 148 229 158 115 33 166 77 246 111 15 62 231 238 203 110 241 243 57 177 165 197 252 207 83 98 53 226 41 5 173 102 216 192 234 11 121 129 27 2 190 18 175 47 153 156 202 1 42 176 16 167 91 112 93 23 78 150 163 247 39 250 161 144 184 162 125 179 59 211 64 26 136 204 44 114 54 49 7 169 152 9 201 105 233 63 187 172 159 96 95 185 20 90 146 60 255 138 220 48 66 0 210 52 221 50 213 76 35 13 180 143],[218 108 226 173 171 84 160 192 27 122 203 69 113 196 139 239 40 13 48 152 44 159 47 18 200 101 177 147 10 1 215 99 125 252 132 169 71 91 149 245 103 130 166 211 118 16 179 186 52 142 243 213 23 156 235 54 78 65 135 74 96 35 42 137 190 205 128 30 232 8 222 230 254 88 61 57 249 4 37 6 181 209 82 220 50 105 162 110 76 95 183 240 202 158 150 248 165 176 83 227 46 191 62 60 7 204 70 79 155 219 102 175 199 15 123 24 193 189 25 109 77 94 194 225 29 64 246 229 121 167 120 140 154 31 201 28 161 87 5 234 72 20 231 207 49 141 81 14 68 224 51 98 163 223 80 233 236 182 26 221 151 187 107 168 180 126 117 170 153 55 38 250 206 164 238 104 241 0 148 138 216 92 244 253 39 115 86 134 2 3 75 9 53 85 188 143 100 67 63 217 198 212 145 178 12 19 59 41 174 255 197 157 242 33 36 185 228 34 208 210 56 97 112 32 172 124 17 131 21 43 106 22 66 90 127 73 89 136 116 237 93 111 11 184 114 144 119 129 146 133 45 195 251 214 247 58],44759294
steepest/tai256c,7,44981902,38,1272960,1149,[217 128 160 159 171 69 189 125 225 8 84 232 252 156 50 93 250 207 104 3 122 65 166 102 82 254 208 203 178 61 220 108 63 29 210 43 134 16 116 164 89 183 58 36 247 46 229 242 41 111 131 193 151 21 244 78 137 240 15 6 154 119 168 23 214 237 67 149 200 87 76 18 11 38 99 195 91 197 142 174 235 113 72 146 33 139 222 55 80 212 186 26 120 56 96 248 28 123 71 30 135 132 126 37 85 54 73 234 19 206 140 219 209 196 177 124 83 86 215 130 223 228 218 145 20 2 24 170 74 199 68 141 253 224 127 188 97 251 107 181 92 4 40 118 75 148 245 158 115 88 182 239 246 103 14 62 231 238 202 110 241 243 155 190 165 198 12 191 98 100 53 226 94 5 173 101 216 192 114 27 121 129 176 51 144 17 175 47 169 157 1 79 42 34 32 167 106 112 45 133 117 150 25 230 39 249 161 22 184 162 109 179 59 211 64 10 136 204 60 44 70 49 7 153 152 9 201 105 233 194 187 172 77 81 95 185 205 90 163 31 255 138 236 48 66 0 227 52 221 147 213 57 35 13 180 143],[218 108 226 173 171 84 160 192 27 122 203 69 113 196 139 239 40 13 48 152 44 159 47 18 200 101 177 147 10 1 215 99 125 252 132 169 71 91 149 245 103 130 166 211 118 16 179 186 52 142 243 213 23 156 235 54 78 65 135 74 96 35 42 137 190 205 128 30 232 8 222 230 254 88 61 57 249 4 37 6 181 209 82 220 50 105 162 110 76 95 183 240 202 158 150 248 165 176 83 227 46 191 62 60 7 204 70 79 155 219 102 175 199 15 123 24 193 189 25 109 77 94 194 225 29 64 246 229 121 167 120 140 154 31 201 28 161 87 5 234 72 20 231 207 49 141 81 14 68 224 51 98 163 223 80 233 236 182 26 221 151 187 107 168 180 126 117 170 153 55 38 250 206 164 238 104 241 0 148 138 216 92 244 253 39 115 86 134 2 3 75 9 53 85 188 143 100 67 63 217 198 212 145 178 12 19 59 41 174 255 197 157 242 33 36 185 228 34 208 210 56 97 112 32 172 124 17 131 21 43 106 22 66 90 127 73 89 136 116 237 93 111 11 184 114 144 119 129 146 133 45 195 251 214 247 58],44759294
greedy/tai256c,8,44989466,249,1314267,1265,[253 22 29 195 225 41 111 238 147 15 53 185 246 80 2 44 233 125 108 17 70 85 248 183 39 123 155 159 251 102 197 12 206 9 145 104 168 35 189 46 87 228 112 200 214 78 82 220 56 164 73 24 119 210 93 58 223 5 174 100 160 90 67 243 240 172 136 63 231 177 75 115 50 203 162 97 27 218 181 130 153 142 32 20 133 61 65 150 140 121 170 192 77 207 62 103 198 180 129 94 141 74 92 96 51 144 202 161 122 139 219 91 244 47 194 23 106 134 132 118 8 33 205 156 143 99 1 224 236 208 148 163 120 154 217 216 107 0 171 25 40 232 222 109 149 166 72 98 175 204 31 229 230 182 11 76 209 64 179 126 245 36 137 117 79 146 167 45 215 28 81 188 196 151 201 169 21 116 13 95 71 241 110 42 249 173 234 128 86 191 16 60 55 59 221 48 26 235 37 34 18 255 114 250 199 178 190 4 212 127 84 187 52 252 211 30 89 242 254 239 38 7 68 131 176 88 237 227 138 14 105 101 158 43 49 66 57 54 186 10 6 3 193 69 113 247 213 124 226 157 19 83 135 165 184 152],[218 108 226 173 171 84 160 192 27 122 203 69 113 196 139 239 40 13 48 152 44 159 47 18 200 101 177 147 10 1 215 99 125 252 132 169 71 91 149 245 103 130 166 211 118 16 179 186 52 142 243 213 23 156 235 54 78 65 135 74 96 35 42 137 190 205 128 30 232 8 222 230 254 88 61 57 249 4 37 6 181 209 82 220 50 105 162 110 76 95 183 240 202 158 150 248 165 176 83 227 46 191 62 60 7 204 70 79 155 219 102 175 199 15 123 24 193 189 25 109 77 94 194 225 29 64 246 229 121 167 120 140 154 31 201 28 161 87 5 234 72 20 231 207 49 141 81 14 68 224 51 98 163 223 80 233 236 182 26 221 151 187 107 168 180 126 117 170 153 55 38 250 206 164 238 104 241 0 148 138 216 92 244 253 39 115 86 134 2 3 75 9 53 85 188 143 100 67 63 217 198 212 145 178 12 19 59 41 174 255 197 157 242 33 36 185 228 34 208 210 56 97 112 32 172 124 17 131 21 43 106 22 66 90 127 73 89 136 116 237 93 111 11 184 114 144 119 129 146 133 45 195 251 214 247 58],44759294
steepest/tai256c,8,44979898,40,1338240,1180,[177 197 211 61 190 231 13 254 165 72 76 188 132 7 2 28 139 129 144 226 185 50 180 85 55 236 80 222 251 183 168 15 218 214 89 173 25 35 156 46 205 70 112 200 136 93 147 124 104 194 40 38 121 91 52 58 239 5 228 100 175 126 67 243 240 209 118 63 248 143 106 115 111 87 162 33 43 233 78 133 10 141 16 20 192 203 65 170 150 153 98 246 119 161 167 151 187 219 103 23 51 191 244 149 99 210 90 232 94 220 140 56 229 47 250 113 142 134 148 102 8 96 206 62 160 108 32 224 253 208 154 163 120 202 217 216 107 0 171 122 73 157 69 109 130 166 24 84 75 204 31 181 230 182 11 12 225 64 77 207 245 36 137 117 79 146 179 45 215 44 81 198 196 195 221 169 21 116 30 95 71 241 110 42 249 189 41 128 86 145 17 60 39 59 159 48 26 235 92 34 18 255 114 234 199 178 174 4 212 127 68 172 53 252 82 29 74 242 238 223 22 125 155 131 176 88 237 227 201 14 105 101 158 27 49 66 57 54 186 9 6 3 193 37 97 247 213 123 1 138 19 83 135 164 184 152],[218 108 226 173 171 84 160 192 27 122 203 69 113 196 139 239 40 13 48 152 44 159 47 18 200 101 177 147 10 1 215 99 125 252 132 169 71 91 149 245 103 130 166 211 118 16 179 186 52 142 243 213 23 156 235 54 78 65 135 74 96 35 42 137 190 205 128 30 232 8 222 230 254 88 61 57 249 4 37 6 181 209 82 220 50 105 162 110 76 95 183 240 202 158 150 248 165 176 83 227 46 191 62 60 7 204 70 79 155 219 102 175 199 15 123 24 193 189 25 109 77 94 194 225 29 64 246 229 121 167 120 140 154 31 201 28 161 87 5 234 72 20 231 207 49 141 81 14 68 224 51 98 163 223 80 233 236 182 26 221 151 187 107 168 180 126 117 170 153 55 38 250 206 164 238 104 241 0 148 138 216 92 244 253 39 115 86 134 2 3 75 9 53 85 188 143 100 67 63 217 198 212 145 178 12 19 59 41 174 255 197 157 242 33 36 185 228 34 208 210 56 97 112 32 172 124 17 131 21 43 106 22 66 90 127 73 89 136 116 237 93 111 11 184 114 144 119 129 146 133 45 195 251 214 247 58],44759294
greedy/tai256c,9,45003068,259,1348719,1122,[67 162 19 6 242 232 225 165 98 84 175 217 158 95 63 240 172 199 206 4 127 43 187 11 93 133 103 60 139 26 192 141 15 118 252 202 180 154 78 228 197 23 169 136 122 53 184 70 108 13 41 36 245 115 58 194 223 101 189 73 151 145 49 110 16 8 220 211 38 46 105 237 182 254 249 156 91 128 64 234 130 148 177 113 81 28 247 214 34 1 55 88 155 56 45 10 31 171 229 157 72 176 0 61 138 205 244 227 14 121 137 57 251 74 255 250 150 25 85 125 198 238 167 124 97 100 143 207 90 163 7 147 248 9 117 221 210 106 44 200 112 40 212 76 183 131 152 193 51 71 92 186 2 30 119 135 123 241 83 18 208 89 173 32 29 39 35 144 233 153 48 231 161 164 69 191 230 3 20 196 129 94 62 188 65 222 99 80 178 82 37 68 246 77 203 75 201 104 126 27 42 159 149 47 142 96 195 218 160 50 17 140 54 168 111 79 12 120 66 190 209 116 22 216 170 181 204 33 226 107 219 185 134 215 52 166 5 21 109 87 59 235 132 114 24 213 102 179 174 86 224 239 243 253 236 146],[218 108 226 173 171 84 160 192 27 122 203 69 113 196 139 239 40 13 48 152 44 159 47 18 200 101 177 147 10 1 215 99 125 252 132 169 71 91 149 245 103 130 166 211 118 16 179 186 52 142 243 213 23 156 235 54 78 65 135 74 96 35 42 137 190 205 128 30 232 8 222 230 254 88 61 57 249 4 37 6 181 209 82 220 50 105 162 110 76 95 183 240 202 158 150 248 165 176 83 227 46 191 62 60 7 204 70 79 155 219 102 175 199 15 123 24 193 189 25 109 77 94 194 225 29 64 246 229 121 167 120 140 154 31 201 28 161 87 5 234 72 20 231 207 49 141 81 14 68 224 51 98 163 223 80 233 236 182 26 221 151 187 107 168 180 126 117 170 153 55 38 250 206 164 238 104 241 0 148 138 216 92 244 253 39 115 86 134 2 3 75 9 53 85 188 143 100 67 63 217 198 212 145 178 12 19 59 41 174 255 197 157 242 33 36 185 228 34 208 210 56 97 112 32 172 124 17 131 21 43 106 22 66 90 127 73 89 136 116 237 93 111 11 184 114 144 119 129 146 133 45 195 251 214 247 58],44759294
steepest/tai256c,9,44915904,52,1729920,1584,[4 118 130 227 155 126 6 90 204 198 68 162 165 93 193 95 225 148 255 245 96 234 187 115 61 133 153 252 11 26 19 141 31 124 73 201 179 122 98 83 196 23 170 136 213 38 168 86 216 78 41 143 237 105 64 207 208 101 34 249 150 230 66 242 32 189 219 210 36 46 88 222 107 29 8 172 175 145 14 76 49 158 176 113 53 43 247 103 58 1 55 183 10 72 139 192 15 28 250 157 128 3 177 81 120 174 235 211 13 121 137 57 80 74 239 199 151 169 226 132 84 238 182 232 97 100 67 191 91 163 7 144 248 9 116 221 106 44 52 200 127 40 212 60 108 131 152 194 214 71 92 186 2 30 138 135 123 241 35 18 240 89 173 16 254 39 56 20 233 154 0 231 77 164 69 190 206 228 5 197 129 217 62 203 50 244 99 125 178 82 37 85 246 63 188 75 202 104 110 27 42 159 149 47 142 112 195 218 160 25 17 140 54 184 111 79 12 119 65 161 209 117 22 45 171 181 205 33 251 48 220 185 134 215 21 166 156 51 109 87 59 94 147 114 24 229 102 180 167 70 224 223 243 253 236 146],[218 108 226 173 171 84 160 192 27 122 203 69 113 196 139 239 40 13 48 152 44 159 47 18 200 101 177 147 10 1 215 99 125 252 132 169 71 91 149 245 103 130 166 211 118 16 179 186 52 142 243 213 23 156 235 54 78 65 135 74 96 35 42 137 190 205 128 30 232 8 222 230 254 88 61 57 249 4 37 6 181 209 82 220 50 105 162 110 76 95 183 240 202 158 150 248 165 176 83 227 46 191 62 60 7 204 70 79 155 219 102 175 199 15 123 24 193 189 25 109 77 94 194 225 29 64 246 229 121 167 120 140 154 31 201 28 161 87 5 234 72 20 231 207 49 141 81 14 68 224 51 98 163 223 80 233 236 182 26 221 151 187 107 168 180 126 117 170 153 55 38 250 206 164 238 104 241 0 148 138 216 92 244 253 39 115 86 134 2 3 75 9 53 85 188 143 100 67 63 217 198 212 145 178 12 19 59 41 174 255 197 157 242 33 36 185 228 34 208 210 56 97 112 32 172 124 17 131 21 43 106 22 66 90 127 73 89 136 116 237 93 111 11 184 114 144 119 129 146 133 45 195 251 214 247 58],44759294
greedy/tai256c,10,44925236,305,1854119,2020,[202 30 12 192 148 233 250 216 196 231 151 47 244 137 155 191 242 189 161 214 165 236 114 174 194 221 168 100 74 219 179 59 48 255 24 7 79 211 82 122 229 131 44 134 238 22 108 87 3 112 70 199 72 146 18 204 102 142 97 117 94 140 159 223 37 27 33 209 67 85 172 62 120 91 77 105 41 185 111 125 65 5 55 182 224 129 9 35 52 253 170 0 121 104 101 144 109 84 93 89 83 23 92 158 90 136 17 2 184 4 173 96 183 10 8 118 107 64 156 130 26 149 49 21 53 113 175 180 88 34 160 14 254 19 198 73 119 40 98 169 212 181 46 15 51 163 58 225 103 167 11 110 201 164 187 66 230 152 115 86 54 241 6 197 217 61 16 171 220 29 71 222 205 1 38 69 20 138 247 78 249 208 218 210 215 143 186 240 32 135 162 63 99 128 126 237 60 76 200 95 43 178 45 80 176 251 13 207 81 239 39 226 193 246 68 248 150 25 75 31 56 116 228 213 106 203 42 139 127 28 157 206 190 145 123 57 133 243 50 154 227 166 232 245 195 124 177 188 252 147 153 132 234 235 141 36],[218 108 226 173 171 84 160 192 27 122 203 69 113 196 139 239 40 13 48 152 44 159 47 18 200 101 177 147 10 1 215 99 125 252 132 169 71 91 149 245 103 130 166 211 118 16 179 186 52 142 243 213 23 156 235 54 78 65 135 74 96 35 42 137 190 205 128 30 232 8 222 230 254 88 61 57 249 4 37 6 181 209 82 220 50 105 162 110 76 95 183 240 202 158 150 248 165 176 83 227 46 191 62 60 7 204 70 79 155 219 102 175 199 15 123 24 193 189 25 109 77 94 194 225 29 64 246 229 121 167 120 140 154 31 201 28 161 87 5 234 72 20 231 207 49 141 81 14 68 224 51 98 163 223 80 233 236 182 26 221 151 187 107 168 180 126 117 170 153 55 38 250 206 164 238 104 241 0 148 138 216 92 244 253 39 115 86 134 2 3 75 9 53 85 188 143 100 67 63 217 198 212 145 178 12 19 59 41 174 255 197 157 242 33 36 185 228 34 208 210 56 97 112 32 172 124 17 131 21 43 106 22 66 90 127 73 89 136 116 237 93 111 11 184 114 144 119 129 146 133 45 195 251 214 247 58],44759294
steepest/tai256c,10,44913064,56,1860480,1773,[130 58 26 94 56 140 211 73 174 231 242 46 1 112 191 82 168 150 71 213 135 105 144 157 179 80 65 115 3 12 196 255 165 33 7 216 162 228 123 224 202 250 43 236 153 54 221 50 77 97 69 182 35 147 20 204 102 177 138 117 233 14 84 223 37 63 132 209 67 88 172 60 120 91 108 219 24 143 111 125 16 5 39 199 246 29 9 185 189 253 170 192 152 106 23 17 10 240 110 18 34 109 122 89 154 136 21 169 8 212 173 235 183 4 195 118 107 64 229 161 92 83 164 142 53 27 175 210 59 36 148 239 47 19 198 87 119 251 114 49 48 181 254 15 51 163 156 225 98 96 6 155 201 101 187 66 230 167 99 86 100 241 227 180 217 45 31 171 220 30 104 222 28 2 38 70 74 90 247 78 249 208 218 176 215 159 186 0 32 184 151 79 205 128 126 237 61 76 200 95 44 178 62 113 85 11 13 207 81 160 55 226 193 40 68 248 149 25 75 93 72 116 197 214 238 203 42 139 127 129 244 22 190 145 206 41 133 243 103 121 134 166 232 245 194 124 158 188 252 146 137 131 234 57 141 52],[218 108 226 173 171 84 160 192 27 122 203 69 113 196 139 239 40 13 48 152 44 159 47 18 200 101 177 147 10 1 215 99 125 252 132 169 71 91 149 245 103 130 166 211 118 16 179 186 52 142 243 213 23 156 235 54 78 65 135 74 96 35 42 137 190 205 128 30 232 8 222 230 254 88 61 57 249 4 37 6 181 209 82 220 50 105 162 110 76 95 183 240 202 158 150 248 165 176 83 227 46 191 62 60 7 204 70 79 155 219 102 175 199 15 123 24 193 189 25 109 77 94 194 225 29 64 246 229 121 167 120 140 154 31 201 28 161 87 5 234 72 20 231 207 49 141 81 14 68 224 51 98 163 223 80 233 236 182 26 221 151 187 107 168 180 126 117 170 153 55 38 250 206 164 238 104 241 0 148 138 216 92 244 253 39 115 86 134 2 3 75 9 53 85 188 143 100 67 63 217 198 212 145 178 12 19 59 41 174 255 197 157 242 33 36 185 228 34 208 210 56 97 112 32 172 124 17 131 21 43 106 22 66 90 127 73 89 136 116 237 93 111 11 184 114 144 119 129 146 133 45 195 251 214 247 58],44759294
