esc16a,steepest,1 8 10 11 4 5 7 3 2 0 14 13 6 9 12 15,68,4,600,143942,102
esc16a,greedy,7 13 9 12 3 6 14 15 4 5 8 10 1 0 11 2,76,10,301,81296,114
esc16a,randomWalk,3 10 11 6 2 0 7 8 9 1 12 15 13 14 4 5,88,317,317,146171,110
esc16a,random,13 9 10 12 7 3 14 8 5 2 11 6 1 15 4 0,88,64,64,146837,118
esc16a,heuristic,15 11 6 8 10 7 9 13 12 14 0 5 4 3 2 1,80,0,1,9915,92
esc16a,simulatedAnnealing,9 11 0 3 13 4 15 7 5 1 10 12 6 8 14 2,76,3600,3660,1452029,118
esc16a,tabuSearch,5 4 12 14 1 3 11 7 15 13 2 0 6 8 9 10,68,34,4114,791335,100
esc16a,steepest,2 0 8 14 3 7 15 10 11 6 5 12 1 13 9 4,70,4,600,50672,112
esc16a,greedy,4 8 9 1 6 7 2 5 0 12 3 11 10 13 14 15,74,5,204,21272,100
esc16a,randomWalk,12 9 8 13 5 6 2 4 1 0 11 10 15 7 14 3,82,311,311,51501,106
esc16a,random,10 1 15 0 14 8 7 4 2 13 5 12 3 11 9 6,84,79,79,51672,126
esc16a,heuristic,15 11 6 8 10 7 9 13 12 14 0 5 4 3 2 1,80,0,1,2830,110
esc16a,simulatedAnnealing,10 12 6 4 8 9 1 14 2 0 15 3 13 7 11 5,76,2040,2100,321338,112
esc16a,tabuSearch,13 1 11 3 4 12 7 9 15 5 6 8 10 14 0 2,70,39,4719,993763,116
esc16a,steepest,9 8 0 2 13 15 7 1 3 11 4 14 12 10 5 6,68,5,720,58351,102
esc16a,greedy,4 2 3 6 8 9 12 1 5 0 13 10 14 11 15 7,68,15,310,69534,118
esc16a,randomWalk,0 1 14 11 9 7 3 10 8 2 12 13 6 5 4 15,88,371,371,59315,114
esc16a,random,10 7 9 15 2 12 8 13 1 3 14 5 4 11 6 0,84,87,87,60026,104
esc16a,heuristic,15 11 6 8 10 7 9 13 12 14 0 5 4 3 2 1,80,0,1,3348,116
esc16a,simulatedAnnealing,4 0 14 15 2 3 1 5 7 6 8 11 10 9 12 13,76,2040,2100,403345,106
esc16a,tabuSearch,4 0 8 1 6 14 7 13 12 5 15 9 2 3 11 10,68,36,4356,784623,116
esc16a,steepest,9 15 12 14 3 1 10 8 13 11 4 2 6 7 0 5,70,5,720,55860,112
esc16a,greedy,4 14 13 9 6 0 1 5 8 12 3 11 10 15 2 7,72,11,358,32517,104
esc16a,randomWalk,8 1 11 13 4 14 15 12 9 5 2 0 10 7 3 6,86,343,343,56634,106
esc16a,random,10 9 11 2 13 14 12 6 5 4 8 1 15 0 7 3,86,79,79,57202,112
esc16a,heuristic,15 11 6 8 10 7 9 13 12 14 0 5 4 3 2 1,80,0,1,4582,114
esc16a,simulatedAnnealing,15 13 8 10 9 7 5 1 3 11 4 6 0 2 12 14,82,2580,2640,406318,120
esc16a,tabuSearch,2 7 14 6 1 9 0 10 11 3 13 4 12 15 8 5,68,37,4477,682928,110
esc16a,steepest,15 7 5 6 10 8 2 3 14 11 1 4 13 12 9 0,76,3,480,38142,104
esc16a,greedy,2 3 9 7 6 12 4 1 5 0 13 14 15 11 10 8,76,9,234,22588,106
esc16a,randomWalk,12 8 5 1 9 13 2 6 4 0 3 14 7 11 10 15,88,240,240,38856,118
esc16a,random,11 15 3 1 8 7 13 12 10 14 4 5 9 0 2 6,90,55,55,39392,100
esc16a,heuristic,15 11 6 8 10 7 9 13 12 14 0 5 4 3 2 1,80,0,1,2409,102
esc16a,simulatedAnnealing,4 0 5 1 12 14 8 10 2 6 3 13 11 9 15 7,76,3480,3540,591932,90
esc16a,tabuSearch,0 6 12 4 3 11 1 8 10 2 15 9 14 5 13 7,68,36,4356,755178,88
esc16a,steepest,6 2 0 1 14 15 13 7 5 4 3 9 8 11 10 12,68,5,720,93552,116
esc16a,greedy,7 4 5 2 14 11 10 15 3 6 9 12 1 0 13 8,70,11,288,41403,120
esc16a,randomWalk,6 3 7 5 2 12 13 4 14 15 9 8 11 0 10 1,82,353,353,94989,92
esc16a,random,14 11 2 4 0 9 15 12 5 6 13 1 3 7 10 8,84,80,80,95660,116
esc16a,heuristic,15 11 6 8 10 7 9 13 12 14 0 5 4 3 2 1,80,0,1,5816,102
esc16a,simulatedAnnealing,3 2 7 15 10 8 9 0 1 11 5 4 14 12 13 6,74,3540,3600,1293134,118
esc16a,tabuSearch,10 0 8 1 3 15 7 9 11 2 14 5 4 13 12 6,72,37,4477,753848,108
esc16a,steepest,5 13 14 12 1 3 0 7 6 4 9 8 2 10 11 15,68,4,600,60515,118
esc16a,greedy,0 2 1 9 6 14 12 8 10 4 15 7 13 11 5 3,70,10,336,35728,116
esc16a,randomWalk,9 14 8 0 11 15 3 13 1 12 7 4 10 6 2 5,90,249,249,61698,100
esc16a,random,0 13 10 5 3 1 4 12 15 11 2 7 8 9 14 6,88,56,56,62342,120
esc16a,heuristic,15 11 6 8 10 7 9 13 12 14 0 5 4 3 2 1,80,0,1,5240,120
esc16a,simulatedAnnealing,6 14 8 12 7 1 5 0 4 2 9 3 10 15 11 13,68,9360,9420,1686832,110
esc16a,tabuSearch,10 11 3 14 12 4 6 0 2 8 9 15 1 7 13 5,72,37,4477,819121,108
esc16a,steepest,1 9 11 15 5 0 4 12 8 13 14 7 6 10 2 3,72,3,480,48578,98
esc16a,greedy,13 5 7 1 8 14 11 15 9 12 4 3 6 2 10 0,74,11,241,27854,116
esc16a,randomWalk,12 13 10 15 9 5 1 4 0 8 2 11 14 6 7 3,80,248,248,49462,112
esc16a,random,1 6 10 14 8 3 5 11 13 15 12 9 0 7 4 2,90,61,61,50013,112
esc16a,heuristic,15 11 6 8 10 7 9 13 12 14 0 5 4 3 2 1,80,0,1,4120,126
esc16a,simulatedAnnealing,2 1 12 7 0 10 3 5 6 4 8 14 9 11 13 15,82,1980,2040,346698,100
esc16a,tabuSearch,6 15 8 11 7 0 3 10 2 14 1 13 4 5 9 12,72,35,4235,706380,94
esc16a,steepest,4 14 15 13 6 0 1 5 7 12 8 3 9 2 11 10,70,5,720,65788,122
esc16a,greedy,4 6 14 8 1 13 9 5 12 0 10 15 7 2 11 3,72,9,279,28089,110
esc16a,randomWalk,3 7 15 5 11 12 10 4 2 6 8 14 9 0 13 1,94,375,375,66670,116
esc16a,random,1 13 6 8 4 5 15 12 14 11 7 2 0 3 10 9,92,92,92,67170,120
esc16a,heuristic,15 11 6 8 10 7 9 13 12 14 0 5 4 3 2 1,80,0,1,3754,112
esc16a,simulatedAnnealing,10 14 12 15 2 7 3 8 9 11 0 5 1 13 4 6,76,2880,2940,465577,124
esc16a,tabuSearch,9 3 2 10 5 4 12 8 0 1 7 6 13 11 15 14,68,36,4356,638092,102
esc16a,steepest,8 2 6 0 11 13 9 14 12 10 1 5 4 3 7 15,68,4,600,51775,128
esc16a,greedy,4 5 3 1 12 14 8 0 2 6 11 15 9 10 7 13,68,8,329,31618,114
esc16a,randomWalk,14 7 6 1 10 11 9 15 13 12 3 8 2 5 0 4,84,311,311,52605,96
esc16a,random,2 5 7 6 3 10 14 9 8 1 12 0 4 13 11 15,84,61,61,53843,100
esc16a,heuristic,15 11 6 8 10 7 9 13 12 14 0 5 4 3 2 1,80,0,1,3982,108
esc16a,simulatedAnnealing,10 11 9 1 2 0 4 14 12 8 7 13 3 5 6 15,76,2700,2760,493816,108
esc16a,tabuSearch,9 1 5 7 8 10 14 15 11 13 3 6 2 4 12 0,68,55,6655,1840478,114
esc32f,steepest,26 11 19 10 18 27 8 6 12 25 24 20 23 21 0 15 7 30 9 22 13 29 31 3 14 16 28 5 17 4 1 2,2,2,1488,312140,26
esc32f,greedy,16 10 15 13 31 26 3 2 9 0 8 12 4 5 29 30 6 20 11 21 27 7 14 23 24 25 22 28 17 19 1 18,2,6,676,136327,46
esc32f,randomWalk,30 4 18 22 17 8 23 7 3 9 21 12 13 25 1 24 5 16 19 0 14 26 2 28 15 27 31 11 29 20 10 6,6,1022,1022,314552,34
esc32f,random,1 25 16 22 17 26 11 14 8 6 19 5 9 24 21 13 15 10 27 30 3 28 31 12 4 7 20 29 0 2 23 18,12,114,114,314439,20
esc32f,heuristic,1 10 2 3 4 5 31 27 23 9 0 8 26 25 14 15 24 29 30 28 20 21 22 11 19 18 17 16 13 7 12 6,10,0,1,8146,72
esc32f,simulatedAnnealing,7 3 2 15 30 11 12 5 8 17 6 18 22 23 24 25 21 28 14 29 13 4 9 20 26 10 27 31 1 0 19 16,2,20584,20832,4734013,52
esc32f,tabuSearch,28 1 9 26 4 8 24 11 18 27 31 20 0 2 21 3 15 14 16 10 25 22 7 19 12 29 17 13 30 23 5 6,2,93,15469,4898759,54
esc32f,steepest,15 30 4 29 22 12 3 25 27 0 10 26 21 20 2 1 9 16 11 18 24 13 7 31 6 23 19 14 28 8 5 17,2,3,1984,349066,36
esc32f,greedy,14 29 27 9 13 17 5 26 4 0 8 19 22 20 23 24 18 2 1 3 10 28 12 15 7 11 30 31 16 6 25 21,2,7,688,153834,46
esc32f,randomWalk,14 3 11 8 15 23 25 18 29 6 7 10 17 16 31 0 30 20 24 4 22 9 27 5 13 2 28 1 19 12 26 21,6,1335,1335,351588,58
esc32f,random,12 24 30 16 2 13 8 23 0 6 26 25 22 10 4 14 21 5 20 3 19 29 1 28 9 18 31 15 7 11 27 17,14,137,137,352432,40
esc32f,heuristic,1 10 2 3 4 5 31 27 23 9 0 8 26 25 14 15 24 29 30 28 20 21 22 11 19 18 17 16 13 7 12 6,10,0,1,8748,42
esc32f,simulatedAnnealing,29 23 24 20 27 10 11 21 13 14 19 6 5 1 16 22 17 26 15 18 28 7 0 9 12 2 4 3 8 31 30 25,2,20336,20584,5324194,28
esc32f,tabuSearch,15 4 21 10 28 8 1 3 0 6 27 7 29 31 5 22 2 11 17 9 23 24 14 16 18 30 13 19 12 25 20 26,2,72,11976,2807714,82
esc32f,steepest,15 28 30 20 0 11 6 27 7 4 29 8 9 1 31 24 19 12 2 13 3 25 16 26 23 21 18 17 22 5 14 10,2,5,2976,569067,68
esc32f,greedy,19 21 6 2 7 18 1 12 3 9 20 26 24 25 16 31 13 8 5 0 29 15 27 10 30 17 4 11 23 22 14 28,2,6,816,170192,32
esc32f,randomWalk,5 13 17 23 29 2 14 27 7 3 31 21 9 11 26 1 18 28 6 12 8 20 10 30 4 19 25 24 22 0 16 15,6,2347,2347,571322,28
esc32f,random,25 23 1 13 22 15 16 8 10 0 29 19 20 3 30 4 5 26 9 14 12 2 17 28 21 31 27 18 6 24 7 11,10,246,246,572062,56
esc32f,heuristic,1 10 2 3 4 5 31 27 23 9 0 8 26 25 14 15 24 29 30 28 20 21 22 11 19 18 17 16 13 7 12 6,10,0,1,13696,46
esc32f,simulatedAnnealing,0 8 20 2 29 4 13 7 15 10 3 28 25 9 11 1 5 27 12 31 21 24 16 30 14 6 17 22 26 18 23 19,2,31000,31248,7946897,58
esc32f,tabuSearch,14 22 10 1 31 17 30 7 26 2 18 9 12 13 0 8 5 20 28 16 25 21 24 3 11 29 23 27 19 6 15 4,2,69,11477,2601842,58
esc32f,steepest,31 17 15 0 27 20 10 9 6 21 12 4 18 26 11 14 8 25 2 24 3 30 23 13 22 19 7 16 1 29 5 28,2,3,1984,387895,62
esc32f,greedy,9 26 4 20 29 1 0 12 8 6 5 25 23 19 11 14 13 16 2 18 24 10 27 3 17 28 21 30 15 22 7 31,2,5,674,117321,48
esc32f,randomWalk,13 15 5 28 14 9 10 11 8 22 2 3 30 21 1 4 27 16 26 18 0 19 31 17 20 12 23 25 6 24 29 7,10,1592,1592,390057,10
esc32f,random,19 9 30 31 15 28 16 1 0 3 25 14 21 5 8 4 29 18 24 7 26 23 2 10 22 13 27 20 12 6 17 11,14,160,160,408768,30
esc32f,heuristic,1 10 2 3 4 5 31 27 23 9 0 8 26 25 14 15 24 29 30 28 20 21 22 11 19 18 17 16 13 7 12 6,10,0,1,9594,50
esc32f,simulatedAnnealing,19 23 10 6 31 22 8 17 12 30 7 20 27 11 15 25 21 0 24 4 14 18 13 26 1 29 2 16 5 28 3 9,2,17360,17608,3813062,76
esc32f,tabuSearch,11 23 9 13 3 19 30 27 6 2 8 0 5 1 20 7 25 29 14 28 18 17 15 4 21 12 24 26 16 10 22 31,2,72,11976,2796080,54
esc32f,steepest,15 12 23 18 2 25 14 9 6 29 11 31 4 0 19 5 1 10 30 26 8 28 24 13 20 16 27 22 21 3 17 7,2,3,1984,388056,42
esc32f,greedy,17 25 1 20 15 23 10 0 8 3 19 18 22 30 29 27 16 5 11 13 26 6 31 7 21 24 28 14 2 4 12 9,2,9,900,156636,70
esc32f,randomWalk,24 23 26 21 31 20 28 11 12 10 3 1 16 22 9 27 15 2 29 6 0 25 19 5 8 14 17 7 13 18 30 4,6,1564,1564,390121,50
esc32f,random,4 6 3 10 16 23 27 25 28 20 9 13 1 18 26 12 8 17 0 24 5 21 29 30 15 31 14 19 11 22 2 7,14,188,188,390076,60
esc32f,heuristic,1 10 2 3 4 5 31 27 23 9 0 8 26 25 14 15 24 29 30 28 20 21 22 11 19 18 17 16 13 7 12 6,10,0,1,7073,28
esc32f,simulatedAnnealing,21 15 25 12 23 14 7 30 22 4 2 0 19 18 8 20 31 24 6 16 13 5 3 28 10 11 17 29 27 9 26 1,2,18848,19096,4586482,56
esc32f,tabuSearch,24 21 28 11 17 7 5 14 12 19 8 9 3 2 25 0 6 18 13 26 15 23 4 20 22 1 27 16 31 30 29 10,2,78,12974,3942495,58
esc32f,steepest,0 18 11 9 23 21 27 26 19 20 12 6 14 15 30 17 24 13 25 5 29 4 1 16 2 10 8 28 22 3 7 31,2,3,1984,400015,26
esc32f,greedy,6 31 26 7 9 15 8 0 10 5 18 27 23 19 20 22 16 28 12 30 13 1 11 4 2 25 21 17 3 24 14 29,2,5,819,192475,26
esc32f,randomWalk,8 17 31 5 23 4 13 7 28 16 12 0 29 25 1 3 21 30 9 22 11 26 6 14 10 19 24 20 2 15 18 27,10,1256,1256,402554,66
esc32f,random,2 23 4 18 17 19 29 13 12 22 15 14 30 25 31 20 7 16 6 1 5 3 10 24 0 11 21 9 26 8 28 27,2,141,141,402445,56
esc32f,heuristic,1 10 2 3 4 5 31 27 23 9 0 8 26 25 14 15 24 29 30 28 20 21 22 11 19 18 17 16 13 7 12 6,10,0,1,8636,26
esc32f,simulatedAnnealing,25 19 24 4 7 5 1 3 8 20 28 12 30 26 13 6 2 14 0 10 29 16 9 15 22 27 21 11 23 18 17 31,2,25544,25792,5274598,36
esc32f,tabuSearch,4 8 28 12 11 16 21 26 19 27 18 1 24 25 7 22 10 15 17 13 2 0 9 14 23 20 31 5 29 6 30 3,2,80,13473,2619350,48
esc32f,steepest,5 21 14 30 3 19 28 8 12 17 27 18 9 25 23 16 10 11 24 15 29 22 1 4 0 2 31 26 20 7 6 13,2,2,1488,354390,30
esc32f,greedy,13 23 28 29 24 26 6 1 22 25 3 14 8 10 9 15 5 18 2 16 31 11 21 12 4 0 19 17 20 30 7 27,2,3,557,128697,24
esc32f,randomWalk,29 5 27 17 4 21 3 13 9 24 28 19 25 1 22 0 8 10 7 2 6 30 20 23 16 15 31 18 26 12 11 14,14,856,856,357166,22
esc32f,random,19 25 14 17 10 28 31 27 20 9 24 6 8 26 4 21 22 5 18 7 13 1 23 30 15 2 12 11 3 16 29 0,18,147,147,358040,38
esc32f,heuristic,1 10 2 3 4 5 31 27 23 9 0 8 26 25 14 15 24 29 30 28 20 21 22 11 19 18 17 16 13 7 12 6,10,0,1,8445,30
esc32f,simulatedAnnealing,28 4 21 22 31 5 16 24 0 30 11 29 15 13 23 26 25 6 17 14 8 7 27 9 19 12 20 1 2 18 3 10,2,24304,24552,6469697,64
esc32f,tabuSearch,17 26 9 0 18 1 7 21 13 25 30 27 6 22 20 28 5 19 15 3 24 12 11 29 23 4 8 31 10 16 14 2,2,78,12974,3064952,22
esc32f,steepest,22 10 3 11 18 2 17 0 24 9 31 1 6 4 12 21 16 14 25 15 30 23 7 8 27 29 20 5 28 26 13 19,2,4,2480,478971,40
esc32f,greedy,11 28 19 9 24 25 13 26 21 1 17 8 15 31 30 29 10 22 5 18 6 4 7 12 23 20 2 16 27 0 14 3,2,7,737,121456,56
esc32f,randomWalk,1 3 6 29 25 17 27 30 19 4 22 16 20 21 13 31 15 8 26 24 23 14 0 9 5 12 11 28 7 2 18 10,6,2147,2147,480848,86
esc32f,random,12 6 23 31 20 29 26 1 15 11 0 14 2 3 22 16 27 10 17 28 25 7 24 4 9 13 21 5 30 18 19 8,14,226,226,480872,58
esc32f,heuristic,1 10 2 3 4 5 31 27 23 9 0 8 26 25 14 15 24 29 30 28 20 21 22 11 19 18 17 16 13 7 12 6,10,0,1,7249,68
esc32f,simulatedAnnealing,17 14 5 19 27 6 22 30 26 11 10 4 9 1 20 23 28 25 18 29 21 8 12 16 7 13 0 2 15 3 24 31,2,19344,19592,3956475,70
esc32f,tabuSearch,31 29 3 0 23 18 22 5 21 16 25 10 9 11 6 30 1 8 20 24 28 27 13 26 4 2 12 7 19 14 17 15,2,87,14471,4019476,52
esc32f,steepest,15 17 27 20 10 11 19 13 2 30 9 28 0 4 31 5 29 23 18 7 6 22 26 12 1 25 24 8 14 21 3 16,2,3,1984,537427,30
esc32f,greedy,12 15 18 7 11 24 10 4 26 3 29 31 9 13 27 19 0 5 8 1 6 14 2 22 16 25 28 23 17 30 20 21,2,6,648,161085,46
esc32f,randomWalk,5 21 24 29 23 11 0 27 2 25 8 22 12 1 7 17 19 10 16 14 28 6 26 18 20 13 15 31 4 9 30 3,10,1183,1183,554606,60
esc32f,random,9 28 16 31 3 14 2 29 24 22 13 21 1 12 17 18 19 15 10 4 5 20 23 8 7 25 0 30 6 26 27 11,10,165,165,541431,42
esc32f,heuristic,1 10 2 3 4 5 31 27 23 9 0 8 26 25 14 15 24 29 30 28 20 21 22 11 19 18 17 16 13 7 12 6,10,0,1,22389,48
esc32f,simulatedAnnealing,14 28 12 8 6 31 9 2 25 24 21 3 0 1 27 5 10 16 11 18 15 4 13 29 23 17 20 19 26 22 7 30,2,20584,20832,4350572,44
esc32f,tabuSearch,17 0 6 15 20 11 18 28 27 5 3 23 14 10 2 1 12 30 19 22 9 13 4 8 29 25 26 16 7 21 24 31,2,78,12974,2737969,48
esc32f,steepest,18 7 23 25 31 9 1 29 16 19 28 12 11 10 15 8 21 20 17 22 26 30 0 27 5 3 13 4 6 24 14 2,2,4,2480,509249,42
esc32f,greedy,11 31 28 8 22 18 30 26 12 24 0 1 23 19 29 13 10 15 14 7 4 9 25 27 21 20 2 3 5 6 16 17,2,9,830,148349,62
esc32f,randomWalk,30 9 27 0 8 17 19 23 31 24 28 25 6 2 11 29 7 26 3 10 14 1 12 22 5 16 13 18 20 4 21 15,6,2111,2111,511308,40
esc32f,random,22 3 14 27 8 2 23 0 29 6 10 1 9 12 17 21 7 15 13 26 19 20 24 31 30 16 4 11 28 5 18 25,10,229,229,512227,54
esc32f,heuristic,1 10 2 3 4 5 31 27 23 9 0 8 26 25 14 15 24 29 30 28 20 21 22 11 19 18 17 16 13 7 12 6,10,0,1,6618,64
esc32f,simulatedAnnealing,22 26 8 5 15 25 29 3 24 11 30 10 6 14 28 23 7 27 21 19 4 9 13 2 31 18 1 12 20 0 16 17,6,18104,18352,4105458,50
esc32f,tabuSearch,7 0 23 3 9 11 16 6 2 10 17 31 15 14 13 22 4 29 18 28 25 24 12 20 30 8 21 1 5 26 27 19,2,74,12475,3694924,60
lipa40a,steepest,34 8 28 36 33 38 17 20 6 31 25 32 2 15 4 26 19 11 27 30 21 29 24 9 13 14 7 1 5 35 3 16 39 23 0 22 18 12 37 10,32072,22,17940,3618758,32674
lipa40a,greedy,22 34 26 14 6 37 17 2 7 1 31 20 39 11 36 25 12 18 19 0 5 29 15 10 8 30 3 27 23 33 21 9 35 4 32 16 24 13 38 28,32030,68,3864,882277,32834
lipa40a,randomWalk,6 26 7 27 23 39 33 16 28 19 5 2 24 0 31 36 9 14 25 21 15 4 13 35 1 30 38 22 32 20 10 34 29 37 3 17 12 8 18 11,32455,10092,10092,3622228,32604
lipa40a,random,31 36 21 4 26 39 8 3 30 32 28 29 35 11 14 37 18 9 38 16 34 12 2 1 10 25 27 17 22 19 7 5 15 23 20 33 6 0 24 13,32508,749,749,3624558,32689
lipa40a,heuristic,35 20 27 22 39 14 4 6 29 24 18 13 9 0 28 25 15 34 10 11 21 17 16 3 2 31 30 33 23 8 5 19 7 37 12 38 1 32 36 26,32760,0,1,12101,32683
lipa40a,simulatedAnnealing,25 24 13 22 37 28 29 36 15 14 12 19 23 31 18 27 21 32 20 5 9 16 35 2 11 4 10 3 34 17 8 30 39 7 0 38 6 33 1 26,31945,89700,90090,24434302,32809
lipa40a,tabuSearch,8 31 4 12 2 22 18 24 17 33 19 27 30 37 6 25 28 34 14 15 29 9 32 23 13 16 20 38 0 36 1 39 21 3 5 35 10 26 11 7,31992,156,30576,10885379,32758
lipa40a,steepest,15 1 27 34 14 16 22 18 25 19 26 31 10 35 17 28 6 37 12 20 3 21 33 24 8 29 5 38 9 2 32 13 36 4 23 0 30 7 11 39,32040,22,17940,3356732,32603
lipa40a,greedy,19 22 30 8 20 27 18 29 33 15 23 25 10 35 32 26 39 34 31 28 21 14 16 12 2 24 4 3 0 5 38 7 37 1 11 36 17 13 9 6,32021,54,4541,960548,32749
lipa40a,randomWalk,31 25 26 6 33 38 15 2 39 34 21 28 30 29 4 27 7 11 1 13 3 35 18 20 9 0 23 14 24 16 22 12 19 32 36 37 8 10 17 5,32447,10956,10956,3362303,32701
lipa40a,random,17 16 32 7 20 21 8 6 15 5 36 4 33 28 37 1 34 38 11 29 18 13 25 10 22 31 26 24 3 0 12 23 30 2 14 19 39 27 35 9,32487,758,758,3382673,32694
lipa40a,heuristic,35 20 27 22 39 14 4 6 29 24 18 13 9 0 28 25 15 34 10 11 21 17 16 3 2 31 30 33 23 8 5 19 7 37 12 38 1 32 36 26,32760,0,1,23529,32609
lipa40a,simulatedAnnealing,33 31 13 21 36 20 14 22 7 8 34 18 29 17 6 30 26 4 24 32 37 38 12 16 19 9 28 25 27 5 0 2 10 15 35 23 1 39 11 3,31909,102180,102570,28860880,32685
lipa40a,tabuSearch,29 7 25 23 12 11 5 1 38 4 0 26 9 8 31 28 16 32 17 14 35 10 37 39 20 13 2 21 27 3 22 36 34 6 19 18 15 33 30 24,31945,346,68208,21637923,32732
lipa40a,steepest,6 20 7 4 39 15 38 13 36 27 2 3 1 10 18 24 37 22 34 16 32 21 5 31 17 19 11 23 14 8 29 30 9 33 28 26 35 25 0 12,32008,28,22620,4262313,32766
lipa40a,greedy,18 17 11 12 8 38 35 27 9 10 2 1 14 34 4 29 7 20 32 39 24 15 30 13 3 22 31 23 36 37 19 33 25 5 0 21 6 28 26 16,32020,58,4164,765246,32771
lipa40a,randomWalk,27 20 26 31 12 17 25 36 9 38 18 3 30 16 28 13 19 8 14 23 33 6 4 39 15 32 11 22 35 5 34 24 29 10 2 0 37 7 1 21,32416,14249,14249,4265262,32866
lipa40a,random,35 11 13 18 2 17 8 3 10 6 38 31 9 25 36 15 32 0 21 1 20 29 37 7 33 28 26 22 19 12 39 34 30 14 16 24 23 4 5 27,32460,1222,1222,4266423,32797
lipa40a,heuristic,35 20 27 22 39 14 4 6 29 24 18 13 9 0 28 25 15 34 10 11 21 17 16 3 2 31 30 33 23 8 5 19 7 37 12 38 1 32 36 26,32760,0,1,15589,32798
lipa40a,simulatedAnnealing,1 30 3 12 31 17 0 4 33 9 37 2 14 8 26 34 28 6 35 20 11 24 15 13 19 36 16 18 39 21 29 38 23 27 22 32 10 25 7 5,31949,103350,103740,28124179,32743
lipa40a,tabuSearch,25 20 26 22 8 39 35 18 27 14 37 34 17 31 21 4 38 0 23 3 10 11 30 13 6 9 29 5 36 28 2 15 32 33 7 12 19 24 1 16,32004,122,24304,7126124,32749
lipa40a,steepest,25 3 32 27 39 21 11 23 19 14 28 20 38 0 8 1 31 22 16 15 2 24 29 26 5 13 9 18 10 12 30 33 7 17 34 4 35 37 6 36,32021,20,16380,3070522,32683
lipa40a,greedy,4 37 25 24 1 39 32 22 21 6 7 20 36 28 2 18 0 33 13 9 17 38 14 31 26 8 11 5 27 30 12 23 35 10 15 16 34 3 29 19,32025,55,4741,859457,32561
lipa40a,randomWalk,6 37 32 1 11 18 34 35 15 30 9 5 29 38 21 19 12 39 24 7 3 13 28 25 27 14 4 36 0 20 23 10 17 33 22 16 31 8 26 2,32464,10877,10877,3073818,32742
lipa40a,random,13 7 35 15 32 8 34 4 18 2 29 10 20 26 16 30 28 6 37 12 9 21 31 38 25 14 19 36 11 24 3 1 0 22 17 33 27 5 23 39,32528,585,585,3087533,32814
lipa40a,heuristic,35 20 27 22 39 14 4 6 29 24 18 13 9 0 28 25 15 34 10 11 21 17 16 3 2 31 30 33 23 8 5 19 7 37 12 38 1 32 36 26,32760,0,1,20575,32692
lipa40a,simulatedAnnealing,33 19 27 26 6 0 31 5 15 39 18 23 14 7 25 13 21 32 1 34 10 16 28 2 3 4 37 17 35 36 12 29 30 9 11 38 22 24 8 20,31901,97890,98280,26209175,32772
lipa40a,tabuSearch,9 32 33 5 13 25 23 4 1 18 3 27 21 31 12 34 10 29 20 35 37 16 7 22 26 14 6 28 0 2 39 11 24 38 8 15 30 17 36 19,31951,298,58800,17027635,32502
lipa40a,steepest,24 28 17 33 22 37 30 8 32 36 3 12 16 23 34 26 31 35 20 5 7 15 9 29 21 11 13 27 25 18 39 4 1 38 0 19 6 10 2 14,31999,27,21840,4233849,32680
lipa40a,greedy,5 0 34 31 19 37 25 6 36 39 21 13 18 20 23 28 15 32 29 9 4 1 2 10 16 22 30 11 26 7 27 38 12 35 33 17 14 3 24 8,31965,70,6828,1495883,32752
lipa40a,randomWalk,32 5 13 27 24 19 22 10 36 11 26 33 34 6 38 7 21 30 8 17 35 25 1 28 12 20 39 18 16 0 9 15 23 3 31 29 14 37 4 2,32383,15121,15121,4237108,32747
lipa40a,random,27 7 5 23 39 34 32 36 17 38 20 9 8 33 22 4 18 28 35 15 31 12 24 16 19 37 25 21 3 13 0 10 2 29 30 11 26 14 1 6,32463,1061,1061,4239858,32816
lipa40a,heuristic,35 20 27 22 39 14 4 6 29 24 18 13 9 0 28 25 15 34 10 11 21 17 16 3 2 31 30 33 23 8 5 19 7 37 12 38 1 32 36 26,32760,0,1,26970,32724
lipa40a,simulatedAnnealing,9 30 20 34 4 28 31 25 11 36 23 5 21 32 13 10 35 15 22 12 38 1 37 0 27 3 29 33 24 19 8 14 16 6 39 26 17 18 7 2,31951,104910,105300,28253849,32680
lipa40a,tabuSearch,32 18 33 8 13 6 16 22 1 9 30 20 15 26 23 24 12 25 27 10 2 31 3 34 17 38 28 0 11 4 5 36 37 21 14 19 29 39 7 35,31985,144,28224,8854295,32691
lipa40a,steepest,30 4 0 36 10 2 19 39 20 37 6 18 8 11 5 32 7 15 25 35 16 33 14 3 29 22 9 34 23 12 31 26 1 24 38 13 28 27 21 17,32043,19,15600,3074288,32640
lipa40a,greedy,4 38 20 1 8 24 15 31 11 34 14 26 23 35 5 18 25 37 13 22 17 19 33 27 39 12 36 32 28 21 10 16 7 9 29 6 2 0 30 3,32004,64,4810,882136,32701
lipa40a,randomWalk,4 39 10 25 17 2 19 13 12 6 27 21 14 7 30 37 38 28 5 29 34 3 18 16 1 11 9 23 33 26 20 32 24 35 0 15 22 36 31 8,32490,8527,8527,3089944,32670
lipa40a,random,20 26 36 24 3 30 7 11 1 4 25 2 34 23 18 9 14 17 22 13 8 5 31 0 33 35 15 38 32 39 10 16 37 27 28 19 21 12 29 6,32546,636,636,3082942,32670
lipa40a,heuristic,35 20 27 22 39 14 4 6 29 24 18 13 9 0 28 25 15 34 10 11 21 17 16 3 2 31 30 33 23 8 5 19 7 37 12 38 1 32 36 26,32760,0,1,24882,32752
lipa40a,simulatedAnnealing,26 29 16 22 20 32 10 19 28 8 23 39 14 12 27 17 38 18 1 24 31 6 25 13 5 30 15 3 35 36 2 33 9 7 21 4 0 34 11 37,31958,95940,96330,25460906,32713
lipa40a,tabuSearch,9 5 3 26 7 37 30 19 34 39 36 2 10 35 4 14 8 23 12 15 29 28 24 1 27 20 33 16 32 31 11 6 0 25 17 22 18 21 38 13,31954,286,56448,15998073,32725
lipa40a,steepest,12 13 8 38 10 9 29 31 37 11 21 3 28 20 15 0 22 2 18 35 17 16 30 33 23 39 36 27 34 32 1 19 5 24 25 4 14 6 7 26,31913,39,31200,6367112,32697
lipa40a,greedy,2 15 11 38 16 32 18 37 21 29 34 27 39 12 23 6 22 1 20 13 35 36 25 17 30 14 4 7 28 31 26 33 5 19 0 9 10 8 24 3,32050,57,5953,1460348,32666
lipa40a,randomWalk,31 39 9 5 28 18 12 6 15 24 16 0 11 14 17 27 36 33 35 7 2 4 34 19 32 21 25 22 26 10 8 37 38 1 3 23 30 13 29 20,32476,18083,18083,6370788,32650
lipa40a,random,22 29 12 15 26 25 23 7 28 24 37 31 19 16 4 8 32 36 10 18 2 3 21 17 30 35 34 39 0 5 38 11 1 20 9 14 13 33 6 27,32462,2051,2051,6383686,32831
lipa40a,heuristic,35 20 27 22 39 14 4 6 29 24 18 13 9 0 28 25 15 34 10 11 21 17 16 3 2 31 30 33 23 8 5 19 7 37 12 38 1 32 36 26,32760,0,1,12417,32791
lipa40a,simulatedAnnealing,21 26 35 1 5 30 28 29 22 15 38 34 10 27 17 2 37 24 16 11 23 19 36 12 20 8 14 32 33 3 25 0 39 7 9 18 4 6 31 13,31988,99450,99840,27130808,32776
lipa40a,tabuSearch,25 3 32 27 12 35 30 18 36 1 5 2 19 0 22 4 31 23 39 10 9 17 13 28 33 11 34 16 8 6 24 38 29 14 7 15 37 20 21 26,31920,316,61936,19168091,32701
lipa40a,steepest,32 0 17 35 14 16 37 28 4 39 6 25 26 11 5 12 9 22 31 1 19 30 23 20 33 38 3 2 13 7 18 34 29 24 10 21 36 27 15 8,31995,21,17160,3477224,32842
lipa40a,greedy,8 22 18 16 32 21 10 12 20 30 19 33 35 2 15 29 37 36 7 24 14 11 26 9 5 34 3 0 6 39 38 25 17 13 31 28 1 23 4 27,32038,63,4125,754369,32783
lipa40a,randomWalk,26 4 33 37 36 21 3 34 1 29 13 39 20 6 31 24 22 17 5 11 0 28 8 35 30 15 23 32 12 27 16 19 9 25 10 2 18 14 7 38,32489,12050,12050,3488318,32722
lipa40a,random,13 35 8 23 20 19 5 16 36 39 32 1 10 11 9 37 29 2 30 17 28 21 12 24 33 4 22 6 38 31 7 26 18 0 34 14 15 3 27 25,32502,679,679,3483390,32737
lipa40a,heuristic,35 20 27 22 39 14 4 6 29 24 18 13 9 0 28 25 15 34 10 11 21 17 16 3 2 31 30 33 23 8 5 19 7 37 12 38 1 32 36 26,32760,0,1,18457,32666
lipa40a,simulatedAnnealing,23 18 3 35 10 15 30 27 6 29 31 32 38 11 33 14 1 8 2 0 21 37 16 26 5 36 24 34 19 25 9 22 39 7 13 4 17 20 28 12,31912,111540,111930,30387947,32796
lipa40a,tabuSearch,24 17 32 9 13 10 5 21 1 2 35 23 19 26 16 12 20 29 6 22 7 36 30 28 3 18 14 11 0 25 39 15 38 34 37 31 27 33 8 4,32039,148,29008,8836760,32674
lipa40a,steepest,4 0 10 23 37 39 13 35 14 28 17 9 8 19 3 31 38 34 26 33 1 11 21 12 18 5 6 29 25 36 2 30 20 22 24 7 32 16 15 27,32076,18,14820,2902636,32736
lipa40a,greedy,14 16 26 33 20 15 30 10 17 38 5 6 27 4 13 9 22 18 31 0 39 36 1 21 8 7 19 34 11 32 12 24 25 29 2 37 23 3 28 35,32000,59,4198,1250892,32743
lipa40a,randomWalk,32 13 27 10 6 24 9 5 0 31 23 2 38 26 25 30 18 39 19 3 7 36 11 1 17 20 33 22 12 21 37 16 28 34 4 8 14 35 29 15,32432,9746,9746,2909815,32812
lipa40a,random,39 17 27 2 14 35 9 1 29 13 11 6 7 23 30 25 18 36 38 33 22 37 8 20 32 34 26 16 31 10 19 21 5 12 4 0 24 28 15 3,32498,516,516,2908532,32561
lipa40a,heuristic,35 20 27 22 39 14 4 6 29 24 18 13 9 0 28 25 15 34 10 11 21 17 16 3 2 31 30 33 23 8 5 19 7 37 12 38 1 32 36 26,32760,0,1,22447,32610
lipa40a,simulatedAnnealing,36 33 12 32 5 31 9 29 23 10 28 26 38 20 18 25 24 6 30 2 1 17 22 14 8 16 15 19 35 34 3 37 21 39 13 0 4 27 7 11,31947,101790,102180,35312315,32716
lipa40a,tabuSearch,2 32 10 12 5 23 4 35 25 29 13 37 15 7 1 17 14 0 3 20 28 9 30 16 18 36 34 38 8 6 11 31 27 33 22 39 24 21 19 26,31955,219,43120,15760435,32783
lipa40a,steepest,25 0 32 21 23 26 35 18 1 14 4 27 36 17 8 22 13 19 16 34 38 30 24 5 3 7 9 12 29 6 11 10 33 2 20 31 37 28 15 39,31975,24,19500,5120957,32676
lipa40a,greedy,6 27 20 3 13 30 15 38 17 34 23 18 10 19 26 22 35 29 25 36 37 11 7 1 32 39 16 31 24 21 33 8 14 0 9 4 2 5 28 12,32042,49,2955,741135,32716
lipa40a,randomWalk,8 39 30 22 0 33 34 1 20 24 18 9 16 13 32 11 25 5 27 6 37 35 17 14 29 28 10 3 26 4 19 2 15 21 23 36 12 7 31 38,32448,16126,16126,5126906,32650
lipa40a,random,10 35 37 38 20 13 32 36 33 30 24 3 17 6 28 21 34 1 25 2 14 18 7 9 27 11 12 29 16 0 5 8 22 23 26 39 15 31 4 19,32464,1283,1283,5126382,32784
lipa40a,heuristic,35 20 27 22 39 14 4 6 29 24 18 13 9 0 28 25 15 34 10 11 21 17 16 3 2 31 30 33 23 8 5 19 7 37 12 38 1 32 36 26,32760,0,1,30747,32753
lipa40a,simulatedAnnealing,3 32 30 11 39 29 18 27 26 12 35 0 9 16 2 7 8 22 25 38 14 31 5 23 34 17 37 6 24 10 21 4 33 28 13 36 1 15 19 20,31944,101400,101790,30327385,32706
lipa40a,tabuSearch,22 21 8 1 30 9 13 31 0 38 15 28 37 25 33 19 26 34 27 6 39 32 24 5 3 35 4 36 16 17 12 20 23 18 29 7 14 11 10 2,31982,202,39984,14744057,32670
lipa60a,steepest,3 34 48 2 21 31 47 24 39 19 18 40 11 57 22 37 52 38 23 27 16 49 28 10 4 33 0 25 58 14 26 7 17 9 36 43 15 35 53 59 5 46 13 50 54 12 20 30 8 1 42 41 44 51 55 32 6 29 56 45,108418,32,58410,18997790,109987
lipa60a,greedy,34 24 49 30 43 45 19 12 31 6 14 55 51 18 15 8 52 41 54 53 36 32 20 1 4 38 46 39 13 33 37 3 29 10 44 50 47 17 23 22 28 35 40 57 5 26 11 56 48 42 2 9 58 25 7 16 0 27 59 21,108428,72,7989,4192307,110018
lipa60a,randomWalk,58 59 53 50 24 3 7 36 38 40 9 47 44 42 18 57 55 2 30 8 56 22 35 25 16 20 32 37 48 31 45 23 11 54 49 43 34 6 15 29 12 13 27 1 17 14 19 21 5 10 52 0 41 46 39 28 4 26 33 51,109569,37825,37825,19007953,109969
lipa60a,random,56 54 25 7 1 47 10 0 44 29 15 3 21 58 35 30 34 28 55 8 42 43 57 18 40 11 53 5 41 17 6 23 13 46 9 37 32 27 52 12 20 14 38 50 4 2 24 48 51 36 33 45 49 16 22 19 31 26 59 39,109563,2801,2801,19005984,110275
lipa60a,heuristic,2 15 51 12 14 30 49 1 50 44 20 52 25 6 23 35 32 19 29 13 17 21 10 34 5 46 54 36 16 8 4 58 57 53 38 39 11 27 9 3 40 24 48 18 41 31 56 55 22 33 42 59 0 47 37 7 45 28 43 26,109927,0,1,23856,110245
lipa60a,simulatedAnnealing,35 49 3 48 43 5 6 42 50 53 36 46 9 31 8 56 15 11 17 26 13 24 55 21 14 47 32 12 54 39 23 18 16 41 33 51 45 34 20 27 58 7 52 37 10 59 25 0 29 22 30 57 40 38 19 44 4 2 28 1,108216,282315,283200,102334992,110002
lipa60a,tabuSearch,34 27 32 50 24 58 16 20 2 21 48 6 29 45 5 55 52 9 4 35 59 36 3 13 26 44 43 51 12 31 11 19 15 25 0 23 53 46 56 1 39 54 33 22 14 37 7 42 10 30 38 49 28 47 40 18 57 41 17 8,108381,502,149184,55531273,110194
lipa60a,steepest,17 10 47 59 50 34 18 37 29 49 4 8 20 7 40 55 1 35 39 6 30 53 2 51 11 12 3 57 21 13 5 16 48 26 9 33 36 38 19 52 54 25 32 22 14 31 41 15 45 46 44 23 28 42 27 24 0 58 43 56,108389,35,63720,21773641,110148
lipa60a,greedy,45 39 15 0 27 8 4 17 23 51 1 35 5 25 46 9 53 52 12 54 2 32 28 11 16 43 41 18 30 24 33 47 13 22 58 26 7 49 31 34 48 21 40 57 42 44 37 14 3 38 20 59 55 50 36 19 56 6 10 29,108314,95,12120,3465496,110223
lipa60a,randomWalk,22 54 25 11 49 6 51 35 7 44 4 52 21 57 24 38 13 40 41 3 18 26 8 46 12 17 15 53 19 33 36 34 43 59 56 10 47 39 32 20 14 28 5 1 9 0 48 58 55 23 30 45 50 37 16 27 29 2 42 31,109595,62915,62915,21780109,110119
lipa60a,random,28 57 46 12 34 25 2 24 29 1 19 51 13 36 22 33 49 10 31 16 18 23 44 7 45 53 58 21 38 27 35 3 11 56 26 5 43 15 17 50 47 32 40 8 52 14 48 6 59 30 39 0 20 42 9 54 41 37 4 55,109659,3378,3378,21782152,110181
lipa60a,heuristic,2 15 51 12 14 30 49 1 50 44 20 52 25 6 23 35 32 19 29 13 17 21 10 34 5 46 54 36 16 8 4 58 57 53 38 39 11 27 9 3 40 24 48 18 41 31 56 55 22 33 42 59 0 47 37 7 45 28 43 26,109927,0,1,25140,110119
lipa60a,simulatedAnnealing,23 50 5 46 43 14 27 40 54 45 18 51 4 36 52 25 6 15 10 30 32 35 58 42 38 20 49 17 2 44 16 39 34 57 22 24 56 13 8 55 28 29 1 0 37 12 48 26 11 19 53 9 3 41 31 33 21 7 59 47,108240,274350,275235,97003971,110170
lipa60a,tabuSearch,55 7 24 37 35 6 33 45 57 59 16 32 53 19 48 14 38 41 5 17 13 28 15 43 18 22 31 30 25 20 39 44 9 27 49 51 47 23 54 8 46 11 26 58 2 3 42 10 52 36 4 29 40 1 21 0 12 50 34 56,108372,255,76368,33902590,110251
lipa60a,steepest,51 49 53 31 59 57 14 4 42 37 3 45 26 44 18 50 7 1 33 46 27 54 22 25 19 52 38 47 21 23 5 34 43 6 55 56 58 2 20 9 40 12 32 30 39 24 0 10 48 35 17 11 8 29 41 28 15 36 13 16,108498,32,58410,18960250,110285
lipa60a,greedy,27 6 57 35 19 21 16 32 43 1 38 24 56 3 0 28 20 14 37 54 13 58 49 45 8 44 47 41 50 34 40 23 55 2 5 51 4 39 31 12 59 42 9 18 7 36 30 48 17 22 46 52 26 33 10 29 25 15 53 11,108517,95,8828,3257672,110080
lipa60a,randomWalk,17 29 12 50 42 7 40 5 57 55 10 23 2 47 0 22 43 19 48 15 38 33 34 3 52 31 18 32 51 6 39 21 20 58 45 56 8 27 25 46 37 54 1 4 30 14 36 26 53 28 16 35 13 59 49 11 24 44 9 41,109600,51255,51255,18976386,110210
lipa60a,random,25 23 29 34 2 36 26 28 7 8 4 17 58 45 57 48 18 19 44 59 31 38 51 9 6 21 52 33 10 55 49 53 35 37 11 40 16 46 47 24 30 32 56 43 14 15 12 0 41 20 5 22 54 39 3 50 1 13 27 42,109660,2846,2846,18966795,110117
lipa60a,heuristic,2 15 51 12 14 30 49 1 50 44 20 52 25 6 23 35 32 19 29 13 17 21 10 34 5 46 54 36 16 8 4 58 57 53 38 39 11 27 9 3 40 24 48 18 41 31 56 55 22 33 42 59 0 47 37 7 45 28 43 26,109927,0,1,27457,110372
lipa60a,simulatedAnnealing,38 29 15 21 57 39 20 54 5 59 35 26 27 10 53 34 14 28 22 13 4 48 47 25 17 16 8 37 44 18 36 30 43 24 58 32 7 2 12 19 56 6 41 46 33 23 50 0 3 45 51 42 11 31 9 52 55 49 1 40,108296,261075,261960,87400742,110265
lipa60a,tabuSearch,3 58 50 32 45 21 44 15 29 36 37 51 48 9 57 7 14 16 43 0 49 38 55 23 6 59 1 18 54 30 53 40 11 17 27 39 31 25 33 47 8 34 52 10 24 5 13 28 35 22 19 42 41 2 46 20 56 4 12 26,108550,196,58608,22054218,110120
lipa60a,steepest,58 2 11 13 4 10 20 53 45 33 15 43 47 34 24 29 0 16 30 57 27 39 44 32 55 17 21 31 38 8 1 36 37 12 25 54 18 49 51 3 35 14 5 9 40 52 41 48 46 6 7 28 59 22 19 23 50 42 56 26,108326,42,76110,41887159,110167
lipa60a,greedy,40 25 56 58 38 36 24 29 54 47 4 21 22 46 0 27 30 9 2 45 35 51 48 57 18 8 28 44 55 17 31 32 14 6 26 49 52 15 37 43 41 50 39 13 12 42 16 23 34 53 19 5 3 11 59 20 1 10 33 7,108434,96,14359,8998806,110034
lipa60a,randomWalk,48 53 42 20 10 17 14 9 52 8 1 29 24 21 35 33 4 25 19 50 31 11 47 26 6 30 23 45 55 0 37 44 16 51 15 22 34 59 7 32 39 13 54 18 43 38 56 36 58 57 41 12 49 27 2 28 40 3 5 46,109592,79492,79492,41898079,110064
lipa60a,random,45 24 22 10 42 7 32 25 36 55 29 44 59 27 50 0 21 35 5 34 57 49 4 14 54 26 16 1 2 23 30 19 3 28 11 31 40 38 46 48 20 6 51 53 9 52 41 47 43 39 56 58 17 13 37 15 12 8 33 18,109599,6786,6786,41898172,109921
lipa60a,heuristic,2 15 51 12 14 30 49 1 50 44 20 52 25 6 23 35 32 19 29 13 17 21 10 34 5 46 54 36 16 8 4 58 57 53 38 39 11 27 9 3 40 24 48 18 41 31 56 55 22 33 42 59 0 47 37 7 45 28 43 26,109927,0,1,25310,110156
lipa60a,simulatedAnnealing,2 7 59 54 25 35 14 26 9 51 44 45 1 28 3 33 43 34 31 20 0 57 38 49 37 4 41 53 8 16 29 48 22 56 39 19 58 18 46 10 30 5 47 32 27 21 17 40 11 23 52 55 15 12 42 24 6 50 13 36,108287,288510,289395,94753663,110078
lipa60a,tabuSearch,23 0 39 15 49 47 30 26 41 5 51 21 50 54 2 9 10 42 33 55 29 52 4 18 57 20 34 22 53 32 3 43 27 11 12 7 40 58 25 13 17 19 28 1 48 37 44 14 35 59 56 8 16 36 45 24 6 38 46 31,108417,244,72816,27128368,110234
lipa60a,steepest,7 42 53 28 59 56 10 52 16 51 6 58 27 37 41 34 38 14 22 25 2 20 1 30 55 18 29 44 26 8 31 43 46 48 50 35 45 36 19 12 0 9 17 5 47 33 54 39 24 4 32 3 21 11 13 40 49 15 23 57,108405,38,69030,23452110,110178
lipa60a,greedy,2 48 52 38 0 31 15 26 49 36 14 40 18 39 34 4 43 29 28 41 33 6 47 20 16 11 22 55 44 46 13 35 50 27 3 7 58 5 8 37 24 1 23 42 30 25 51 57 19 59 54 12 9 45 32 56 17 10 53 21,108439,106,9682,2847227,110189
lipa60a,randomWalk,40 19 17 6 57 29 12 31 43 33 11 9 4 22 7 21 49 10 56 52 27 42 41 25 13 24 44 1 14 46 58 32 0 30 37 38 59 55 39 18 34 35 51 8 23 2 36 47 54 50 20 45 53 26 15 16 28 5 3 48,109581,67266,67266,23458468,110331
lipa60a,random,19 36 48 46 55 6 11 32 16 24 59 45 35 3 28 9 12 7 33 52 47 29 42 17 20 57 43 25 22 41 2 1 10 13 49 37 21 0 53 4 34 39 14 27 58 18 44 54 51 31 30 50 56 26 8 40 38 23 5 15,109605,3642,3642,23461453,110296
lipa60a,heuristic,2 15 51 12 14 30 49 1 50 44 20 52 25 6 23 35 32 19 29 13 17 21 10 34 5 46 54 36 16 8 4 58 57 53 38 39 11 27 9 3 40 24 48 18 41 31 56 55 22 33 42 59 0 47 37 7 45 28 43 26,109927,0,1,42884,110305
lipa60a,simulatedAnnealing,9 45 0 19 33 6 37 2 3 30 42 17 10 44 5 48 56 46 15 31 38 25 24 7 18 27 52 51 54 40 49 36 34 12 16 13 23 47 59 35 28 57 29 14 41 43 39 53 11 20 1 26 58 55 21 32 50 4 22 8,108139,288510,289395,95426790,109863
lipa60a,tabuSearch,25 44 48 46 6 35 26 53 32 12 51 13 41 23 27 36 15 1 16 59 21 14 0 45 7 42 55 20 9 57 40 31 3 24 34 52 22 43 28 19 17 49 37 11 38 39 29 30 33 58 2 47 56 54 18 4 50 5 8 10,108245,366,108336,40080710,110111
lipa60a,steepest,4 55 30 34 33 18 17 3 37 42 25 50 23 44 26 29 15 49 38 40 43 45 47 19 53 13 22 11 5 6 31 1 8 56 59 10 35 46 39 14 24 54 48 57 16 52 41 9 7 58 32 12 21 2 20 51 27 28 0 36,108488,36,65490,21913058,110066
lipa60a,greedy,56 14 25 30 38 6 33 46 9 47 11 35 55 8 48 24 53 17 18 7 10 43 31 27 28 59 41 54 29 58 50 32 19 16 36 20 34 2 49 5 51 4 37 3 40 0 26 21 15 57 52 13 44 12 39 42 23 22 1 45,108442,104,13889,4000499,110141
lipa60a,randomWalk,4 57 30 14 0 23 41 59 58 56 25 34 18 36 32 37 10 7 15 38 21 33 40 28 53 29 35 48 5 55 52 13 44 1 8 24 22 50 9 39 3 45 49 54 47 20 12 26 51 17 19 42 27 6 11 2 46 16 31 43,109538,57900,57900,21920514,110163
lipa60a,random,6 48 5 3 56 51 28 45 0 37 10 19 7 25 42 41 4 54 34 35 43 36 55 52 17 20 59 15 44 46 8 12 38 29 22 30 33 11 57 27 49 39 40 26 16 23 2 32 18 31 58 1 24 14 50 13 21 9 53 47,109631,3292,3292,21919942,109998
lipa60a,heuristic,2 15 51 12 14 30 49 1 50 44 20 52 25 6 23 35 32 19 29 13 17 21 10 34 5 46 54 36 16 8 4 58 57 53 38 39 11 27 9 3 40 24 48 18 41 31 56 55 22 33 42 59 0 47 37 7 45 28 43 26,109927,0,1,26097,110472
lipa60a,simulatedAnnealing,42 55 2 10 3 53 36 50 47 17 18 52 44 54 29 48 49 21 27 56 7 15 13 43 33 25 12 30 51 1 32 26 46 20 14 28 22 41 58 16 37 39 19 34 57 35 0 59 5 45 6 40 23 9 31 4 11 24 38 8,108190,256650,257535,85122193,110023
lipa60a,tabuSearch,37 38 9 10 34 44 58 50 14 47 24 7 32 4 36 29 46 12 35 45 22 52 55 0 39 25 15 56 51 8 1 26 17 41 43 20 5 21 27 48 16 6 30 33 42 3 13 59 28 18 19 49 54 11 53 23 31 2 57 40,108264,458,136752,50685625,110161
lipa60a,steepest,42 27 44 37 51 46 41 2 29 25 20 17 22 8 34 50 14 38 58 9 33 32 11 15 10 36 28 12 40 21 4 26 54 0 31 30 43 19 5 23 56 53 47 57 13 3 18 52 1 48 6 39 45 55 16 59 35 24 7 49,108431,37,67260,21999499,110163
lipa60a,greedy,11 47 28 49 35 4 51 37 18 58 17 43 31 42 40 53 50 33 7 22 10 2 59 36 57 25 39 24 54 23 41 1 56 52 29 14 30 15 21 45 20 5 3 8 0 48 19 55 44 46 16 13 32 38 6 9 27 12 26 34,108444,81,12121,3289822,110174
lipa60a,randomWalk,23 17 45 28 16 53 47 31 12 44 7 27 49 29 35 58 5 52 0 13 19 57 10 40 11 38 6 30 15 50 9 37 48 46 55 25 4 39 20 21 3 59 2 22 41 14 51 8 43 36 54 18 24 33 32 42 26 34 56 1,109523,63182,63182,22005695,110332
lipa60a,random,4 50 18 46 20 16 48 52 11 44 1 37 21 2 42 54 19 47 43 33 41 32 6 38 34 0 9 31 23 28 59 17 5 49 15 25 24 29 27 57 56 35 36 30 51 40 12 39 22 7 45 53 13 10 3 58 14 55 26 8,109678,3195,3195,22007885,110145
lipa60a,heuristic,2 15 51 12 14 30 49 1 50 44 20 52 25 6 23 35 32 19 29 13 17 21 10 34 5 46 54 36 16 8 4 58 57 53 38 39 11 27 9 3 40 24 48 18 41 31 56 55 22 33 42 59 0 47 37 7 45 28 43 26,109927,0,1,50149,109986
lipa60a,simulatedAnnealing,35 45 2 5 34 11 59 31 22 15 52 9 25 28 44 0 27 7 10 24 4 33 29 47 21 48 51 42 41 18 30 54 57 53 13 19 38 6 12 39 50 40 46 36 20 43 17 1 3 23 14 49 58 37 16 26 55 56 32 8,108125,282315,283200,95451873,110195
lipa60a,tabuSearch,58 8 44 21 31 36 55 0 47 33 17 39 1 50 11 24 54 49 38 18 28 40 16 43 19 37 7 20 13 30 52 32 45 22 42 53 46 29 4 27 35 15 57 5 51 25 59 10 6 12 3 34 41 2 23 9 14 56 26 48,108319,407,120768,45094994,110381
lipa60a,steepest,35 57 41 10 8 24 12 9 16 0 51 43 11 49 5 37 45 54 18 25 21 15 50 40 30 14 4 23 32 42 47 55 19 48 17 58 29 13 38 34 22 28 36 27 59 46 56 3 31 33 2 7 53 20 1 39 6 44 26 52,108384,36,65490,21670529,110197
lipa60a,greedy,20 8 50 35 17 46 4 48 6 58 53 25 12 29 56 14 37 49 41 22 9 36 3 44 31 57 24 10 2 32 0 21 30 11 19 55 34 54 18 40 59 27 16 13 1 52 51 15 42 33 28 5 47 7 43 39 38 45 26 23,108396,97,18093,6415162,109992
lipa60a,randomWalk,43 18 13 55 37 1 25 0 29 52 19 31 53 54 46 4 56 15 5 48 49 6 35 28 30 32 38 27 8 17 57 20 50 33 3 12 22 44 42 14 9 36 34 2 51 21 58 23 47 11 24 10 40 45 41 26 16 7 59 39,109534,62845,62845,21677152,109984
lipa60a,random,57 1 58 47 18 39 26 53 2 42 25 14 15 29 59 23 32 50 8 46 20 6 36 56 33 27 37 22 3 13 48 51 11 0 34 7 54 21 44 5 19 31 35 28 38 9 40 4 41 17 16 30 45 49 24 10 52 55 43 12,109593,3414,3414,21677755,110162
lipa60a,heuristic,2 15 51 12 14 30 49 1 50 44 20 52 25 6 23 35 32 19 29 13 17 21 10 34 5 46 54 36 16 8 4 58 57 53 38 39 11 27 9 3 40 24 48 18 41 31 56 55 22 33 42 59 0 47 37 7 45 28 43 26,109927,0,1,24634,109912
lipa60a,simulatedAnnealing,22 49 40 17 42 5 51 31 55 4 35 47 34 23 37 50 52 11 21 1 15 20 59 12 0 58 26 54 28 39 6 53 16 9 7 27 8 56 13 10 57 43 18 46 38 24 29 14 36 3 48 19 32 44 25 33 41 30 45 2,108223,278775,279660,92606062,110153
lipa60a,tabuSearch,3 49 30 40 33 13 20 42 47 48 46 31 19 5 52 50 43 53 51 1 18 22 58 37 34 15 17 2 6 16 7 55 21 10 36 4 9 56 45 29 32 44 27 28 12 8 23 25 38 26 11 24 54 41 14 59 39 0 57 35,108383,311,92352,34258334,109958
lipa60a,steepest,1 34 22 47 5 41 50 8 21 20 55 27 45 17 30 53 18 54 7 52 2 56 19 16 39 9 37 49 6 51 15 38 46 31 57 35 0 29 10 4 11 23 14 26 24 25 12 3 44 42 58 36 59 28 13 48 43 33 40 32,108409,38,69030,23779855,110144
lipa60a,greedy,25 7 55 51 12 35 3 34 17 14 24 13 11 46 45 5 27 43 23 59 21 41 38 56 54 8 6 48 30 47 9 15 37 40 0 22 36 52 28 29 53 49 31 26 44 39 16 58 33 32 19 42 2 57 10 18 20 50 4 1,108324,107,17189,4901277,110101
lipa60a,randomWalk,27 0 24 53 20 39 32 22 3 41 10 49 19 44 59 56 11 14 55 5 57 31 13 30 1 40 16 25 47 15 38 26 18 58 6 54 33 51 9 4 17 8 42 46 7 21 48 37 43 45 34 50 36 23 2 28 12 52 29 35,109575,66711,66711,23786620,110136
lipa60a,random,37 33 57 2 6 0 53 15 58 36 49 3 32 30 18 52 45 20 21 23 22 31 10 51 4 12 47 28 43 5 19 25 34 11 38 29 16 54 14 44 59 40 56 41 9 46 8 39 17 26 50 35 55 24 1 27 7 42 48 13,109623,3764,3764,23788002,109970
lipa60a,heuristic,2 15 51 12 14 30 49 1 50 44 20 52 25 6 23 35 32 19 29 13 17 21 10 34 5 46 54 36 16 8 4 58 57 53 38 39 11 27 9 3 40 24 48 18 41 31 56 55 22 33 42 59 0 47 37 7 45 28 43 26,109927,0,1,25784,110177
lipa60a,simulatedAnnealing,13 16 32 47 14 39 31 8 17 29 53 55 54 46 38 30 22 21 57 5 36 59 3 28 27 45 23 51 1 58 43 42 18 19 49 50 11 6 40 34 52 15 24 9 12 56 35 26 2 33 10 44 7 25 37 20 48 4 41 0,108239,284085,284970,93686728,110217
lipa60a,tabuSearch,14 53 23 10 36 32 47 18 13 51 11 52 24 5 59 25 55 19 9 20 4 29 48 41 7 0 22 45 46 54 31 16 34 21 39 28 58 50 15 1 3 27 37 17 38 2 26 8 30 35 44 40 6 57 42 43 49 33 12 56,108366,286,85248,31595409,110026
lipa60a,steepest,39 55 35 40 2 11 22 56 57 0 53 38 13 58 7 18 41 50 19 15 32 30 45 48 27 25 3 16 14 46 49 42 23 54 4 24 37 17 34 29 20 8 21 33 51 52 12 59 28 47 5 10 31 26 6 36 9 44 43 1,108399,34,61950,22531224,110220
lipa60a,greedy,9 46 24 44 14 28 4 20 43 1 38 3 59 29 51 0 7 12 47 37 21 19 16 56 18 13 52 15 10 42 30 5 48 17 54 22 39 57 45 58 36 55 35 11 49 41 33 27 53 8 50 34 40 25 23 6 2 31 26 32,108450,111,12300,3405587,110197
lipa60a,randomWalk,23 24 55 41 30 25 53 37 5 58 8 33 7 19 50 38 20 45 0 48 39 27 44 54 32 56 59 52 49 9 4 35 2 16 11 31 1 43 15 14 34 36 10 29 22 40 6 42 21 28 47 13 18 51 17 3 26 12 46 57,109610,65116,65116,22537320,110137
lipa60a,random,35 32 25 34 14 10 24 36 41 39 23 33 45 48 27 51 15 44 30 43 57 2 21 40 29 8 11 47 38 26 1 28 9 16 50 53 55 52 54 6 46 42 7 0 19 58 56 4 12 59 31 17 22 18 13 49 3 37 5 20,109545,3460,3460,22538719,109997
lipa60a,heuristic,2 15 51 12 14 30 49 1 50 44 20 52 25 6 23 35 32 19 29 13 17 21 10 34 5 46 54 36 16 8 4 58 57 53 38 39 11 27 9 3 40 24 48 18 41 31 56 55 22 33 42 59 0 47 37 7 45 28 43 26,109927,0,1,25009,109984
lipa60a,simulatedAnnealing,55 9 50 2 36 4 41 30 33 56 12 14 34 20 8 25 27 24 29 54 0 57 49 39 48 18 15 10 16 32 7 51 42 35 52 3 28 58 53 23 11 21 37 5 44 13 1 47 38 19 31 46 40 45 17 43 22 59 26 6,108208,261960,262845,90466945,110043
lipa60a,tabuSearch,43 29 58 30 33 53 21 0 54 44 12 57 50 27 8 51 20 15 55 5 10 3 59 14 24 9 48 42 28 41 37 19 31 35 1 18 38 32 11 52 23 17 49 26 40 4 16 6 25 46 34 36 2 45 7 39 22 13 47 56,108457,432,127872,50421953,110387
lipa80a,steepest,8 36 32 68 50 55 12 42 60 23 20 35 22 78 61 1 66 21 26 13 30 59 74 70 17 11 46 37 28 29 33 14 76 52 43 0 44 51 71 16 54 15 41 7 65 62 49 19 48 64 39 2 77 4 63 67 27 57 69 75 47 38 9 5 40 34 6 18 10 53 79 31 45 24 73 25 58 56 3 72,255247,48,154840,61938537,258647
lipa80a,greedy,30 67 36 48 13 52 68 56 75 33 2 19 7 39 51 24 42 63 73 3 58 70 21 79 10 4 54 60 6 31 77 53 8 43 59 65 16 38 11 28 17 64 66 25 69 15 34 47 0 23 12 44 35 46 29 20 9 37 1 78 45 5 61 40 18 14 41 22 49 62 32 72 26 57 74 76 55 71 27 50,255428,127,25814,9585986,258596
lipa80a,randomWalk,52 66 44 31 30 61 25 58 40 47 48 26 70 21 22 10 75 11 2 23 0 32 72 16 74 77 27 50 53 5 15 35 63 57 67 17 29 64 1 65 54 9 68 41 46 56 69 76 33 78 60 18 38 7 36 12 37 42 73 28 3 8 49 39 62 51 34 14 4 71 13 45 6 59 24 43 79 19 55 20,257692,146418,146418,61949333,258577
lipa80a,random,7 20 59 45 73 17 75 64 60 39 55 28 14 49 6 65 62 26 42 54 63 1 12 23 10 53 34 18 31 44 30 0 13 11 32 3 22 56 77 72 15 74 37 36 52 2 19 4 27 5 70 47 21 58 66 29 40 67 76 16 48 8 25 78 33 71 79 9 50 46 61 43 35 69 57 68 51 24 41 38,257736,5843,5843,61955458,258427
lipa80a,heuristic,33 50 66 42 19 47 40 55 38 78 70 45 48 16 27 53 22 43 79 3 2 11 26 58 62 4 1 68 7 71 72 23 74 76 64 60 44 18 14 20 9 28 57 29 13 56 31 35 10 51 39 75 17 36 30 21 41 46 63 6 5 0 49 12 25 37 69 77 15 34 67 24 54 65 32 61 8 59 73 52,258667,0,1,39467,258148
lipa80a,simulatedAnnealing,74 48 11 68 37 77 23 15 52 35 79 64 21 29 5 60 28 10 50 25 75 1 66 31 78 19 14 8 38 36 42 16 57 62 40 17 13 67 30 63 49 44 26 12 6 71 65 73 9 39 3 69 4 56 70 2 53 54 61 76 51 20 46 72 32 22 27 59 18 58 43 33 7 41 24 34 55 0 45 47,255012,546680,548260,228333319,258360
lipa80a,tabuSearch,24 79 44 70 37 61 69 59 30 63 64 76 35 39 10 25 49 17 75 34 62 43 47 65 51 11 22 28 29 55 41 78 33 67 21 5 66 40 7 18 52 53 31 58 16 42 32 68 9 8 73 36 48 12 50 27 20 13 45 57 60 2 15 72 23 71 74 3 6 56 0 77 1 14 26 4 46 54 19 38,255321,428,171072,79359703,258255
lipa80a,steepest,66 37 12 29 23 42 75 74 18 79 54 43 27 28 13 44 1 35 52 55 59 20 0 47 68 9 25 41 62 10 16 69 22 8 50 78 51 65 3 21 46 33 39 70 77 40 6 71 45 19 58 17 30 64 53 15 61 38 76 48 4 49 24 57 31 7 60 67 36 56 34 32 11 2 63 14 5 26 73 72,255330,50,161160,65229742,258420
lipa80a,greedy,66 76 35 59 50 65 1 27 7 45 4 24 22 67 70 34 55 19 71 74 37 49 0 47 15 23 18 75 54 30 73 28 57 56 13 60 40 69 12 43 2 61 64 36 16 72 46 48 79 29 78 44 6 17 26 5 52 21 62 58 33 32 9 31 77 51 3 39 8 38 68 41 42 11 53 25 10 20 63 14,255352,133,21505,8060399,258538
lipa80a,randomWalk,78 18 7 77 2 76 19 46 79 16 35 40 61 28 68 45 14 31 27 33 72 47 8 10 51 52 4 48 43 59 12 75 38 65 23 32 69 62 29 57 20 66 34 6 9 15 54 36 11 41 49 1 50 3 42 22 67 58 56 71 13 44 37 25 53 63 17 26 64 74 60 39 30 24 5 21 70 0 55 73,257650,154814,154814,65240315,258393
lipa80a,random,78 36 58 69 5 33 26 22 43 0 57 2 19 56 77 3 74 76 27 8 47 46 55 32 79 60 18 42 70 50 37 68 25 40 7 24 16 75 9 49 66 31 38 62 52 6 61 28 71 59 21 41 64 45 13 1 39 15 29 11 4 67 34 23 35 14 48 63 54 51 10 12 53 44 30 20 72 73 17 65,257822,6230,6230,65249251,258691
lipa80a,heuristic,33 50 66 42 19 47 40 55 38 78 70 45 48 16 27 53 22 43 79 3 2 11 26 58 62 4 1 68 7 71 72 23 74 76 64 60 44 18 14 20 9 28 57 29 13 56 31 35 10 51 39 75 17 36 30 21 41 46 63 6 5 0 49 12 25 37 69 77 15 34 67 24 54 65 32 61 8 59 73 52,258667,0,1,44554,258235
lipa80a,simulatedAnnealing,22 50 36 27 33 29 8 7 14 51 17 64 73 55 76 41 23 78 63 47 31 67 39 77 52 19 74 44 65 61 70 66 25 24 38 2 15 79 57 53 28 42 5 0 68 3 72 46 6 10 54 59 60 11 30 1 16 26 75 20 21 48 40 58 13 32 43 18 56 9 69 62 35 45 4 71 37 34 12 49,254961,546680,548260,232906226,258758
lipa80a,tabuSearch,73 8 57 53 46 70 11 40 71 76 24 55 10 56 34 68 60 3 25 67 48 1 31 0 51 69 41 9 32 23 15 28 49 13 47 6 61 52 36 19 29 38 5 35 26 43 77 4 63 7 45 16 58 64 17 20 74 18 33 75 39 12 54 42 79 21 65 30 50 22 44 37 2 14 66 78 72 59 62 27,255479,382,152064,71785966,258426
lipa80a,steepest,76 72 42 36 57 21 3 58 7 71 32 55 10 59 65 14 44 9 50 52 16 31 49 66 37 4 5 62 18 0 27 28 17 26 75 24 40 48 34 38 41 23 70 25 33 54 73 30 2 8 13 78 12 39 15 61 20 43 67 56 46 77 45 64 53 68 22 11 63 79 1 74 51 6 60 69 19 29 47 35,255264,49,158000,65727228,258740
lipa80a,greedy,67 20 44 79 0 4 74 72 52 35 12 1 22 17 27 34 9 66 6 77 47 55 21 28 7 68 13 76 26 29 78 46 45 33 58 62 14 18 16 39 11 36 61 48 32 56 60 51 30 25 15 23 50 40 49 10 41 59 8 2 69 3 71 38 19 43 24 5 37 54 31 42 57 63 53 64 73 65 70 75,255213,150,25719,10381438,258465
lipa80a,randomWalk,62 43 9 51 77 32 22 75 5 19 45 50 67 55 35 72 15 74 16 7 30 59 52 40 4 18 14 66 56 76 27 11 63 44 21 42 8 58 38 12 25 3 71 36 68 60 48 6 33 20 54 46 57 29 78 31 61 64 49 37 47 39 23 34 17 26 69 73 53 10 65 70 41 2 1 24 79 28 0 13,257695,141031,141031,65738233,258306
lipa80a,random,48 24 44 64 69 9 71 58 21 22 42 51 53 70 79 59 61 43 76 78 16 77 32 49 56 12 60 66 50 5 45 29 28 37 46 74 14 47 73 41 19 38 7 4 54 0 20 57 1 17 18 68 62 8 26 72 15 10 40 52 11 34 6 2 36 33 75 27 13 30 23 3 63 65 31 55 39 35 67 25,257762,4793,4793,65748561,258595
lipa80a,heuristic,33 50 66 42 19 47 40 55 38 78 70 45 48 16 27 53 22 43 79 3 2 11 26 58 62 4 1 68 7 71 72 23 74 76 64 60 44 18 14 20 9 28 57 29 13 56 31 35 10 51 39 75 17 36 30 21 41 46 63 6 5 0 49 12 25 37 69 77 15 34 67 24 54 65 32 61 8 59 73 52,258667,0,1,50552,258011
lipa80a,simulatedAnnealing,71 25 12 18 5 9 15 69 31 23 32 33 21 67 14 51 48 62 68 46 19 0 35 8 6 64 73 17 77 78 43 76 39 13 24 79 74 58 70 22 63 60 40 72 54 3 37 10 7 20 36 29 11 65 61 59 50 53 57 38 56 42 55 1 75 44 49 66 41 45 34 47 26 27 28 30 4 52 2 16,255032,541940,543520,296636870,258446
lipa80a,tabuSearch,46 3 71 42 32 38 34 30 7 76 55 6 27 67 73 54 56 17 11 18 9 21 13 47 44 79 23 69 59 15 33 12 4 22 20 66 49 45 0 14 2 28 57 68 61 58 51 10 35 25 36 72 52 37 24 70 50 60 40 31 19 41 63 48 1 62 43 64 8 53 16 74 78 77 75 29 5 39 26 65,255187,758,300960,174802264,258394
lipa80a,steepest,29 54 49 72 2 63 78 66 9 48 79 28 57 12 44 75 13 24 25 74 47 7 76 0 65 35 14 61 50 77 62 5 68 15 36 26 58 4 21 6 34 20 45 40 46 17 69 11 18 64 3 71 43 56 39 38 33 53 1 22 52 70 19 73 42 59 10 23 16 32 41 67 8 51 27 55 30 37 60 31,255509,43,139040,67638723,258440
lipa80a,greedy,23 34 36 72 74 65 20 30 51 19 63 25 47 73 18 62 45 21 41 69 6 15 16 26 50 27 0 54 75 55 35 2 13 14 11 24 66 48 61 57 79 3 1 38 9 12 78 44 22 56 49 31 77 58 7 8 52 33 67 39 37 29 32 64 42 28 71 10 46 4 76 59 43 5 60 70 17 40 53 68,255312,123,15954,8381284,258795
lipa80a,randomWalk,27 79 2 65 74 52 47 62 76 15 3 9 70 69 50 43 48 21 61 41 4 57 19 37 8 78 36 77 5 73 16 22 1 46 32 40 75 25 6 53 67 31 63 49 28 24 20 38 71 18 44 7 59 30 72 26 68 10 45 42 17 60 23 54 39 35 11 51 29 56 64 0 14 12 58 13 55 33 34 66,257541,118395,118395,67659455,258525
lipa80a,random,46 39 14 15 9 73 31 18 58 37 54 16 22 38 6 28 60 5 12 34 55 21 2 75 8 32 57 24 42 56 41 77 61 52 19 50 35 62 68 79 30 47 51 26 17 63 45 13 71 70 7 40 11 72 67 23 20 53 3 64 1 25 4 69 27 44 36 66 10 49 74 43 65 33 48 78 0 59 29 76,257862,5671,5671,67654976,258115
lipa80a,heuristic,33 50 66 42 19 47 40 55 38 78 70 45 48 16 27 53 22 43 79 3 2 11 26 58 62 4 1 68 7 71 72 23 74 76 64 60 44 18 14 20 9 28 57 29 13 56 31 35 10 51 39 75 17 36 30 21 41 46 63 6 5 0 49 12 25 37 69 77 15 34 67 24 54 65 32 61 8 59 73 52,258667,0,1,65550,258240
lipa80a,simulatedAnnealing,46 12 6 0 27 75 29 67 59 26 53 72 34 79 9 31 37 50 16 22 1 63 28 23 54 11 64 73 58 60 78 41 39 10 19 33 13 2 77 57 17 68 8 71 74 66 7 35 48 18 21 65 38 52 20 42 5 32 55 49 36 51 15 45 14 30 76 4 56 44 40 62 70 61 3 43 24 47 25 69,254990,530880,532460,296758362,258429
lipa80a,tabuSearch,63 39 25 35 77 4 9 56 72 42 79 19 37 33 41 3 14 61 65 62 64 17 58 2 66 53 60 15 31 34 10 52 44 75 71 7 54 30 1 6 26 23 5 27 38 69 57 48 32 40 43 73 28 20 51 46 78 76 0 47 68 21 18 67 29 70 49 12 16 45 50 36 59 74 11 22 8 55 24 13,255480,358,142560,89227044,258608
lipa80a,steepest,70 32 4 59 18 55 73 38 44 47 14 50 9 53 36 52 78 0 63 13 49 5 46 76 65 26 8 43 68 71 21 79 40 56 57 41 1 75 7 20 72 54 77 60 22 61 48 19 11 25 66 16 34 74 31 58 27 29 69 42 28 17 39 62 30 24 6 33 37 23 51 12 15 45 3 64 35 67 2 10,255361,45,145360,73359624,258366
lipa80a,greedy,62 16 60 69 14 55 65 30 23 36 72 53 15 59 58 4 64 31 35 6 51 74 49 33 8 41 63 57 70 75 5 40 11 71 27 22 79 66 25 43 68 42 45 7 76 12 39 73 54 32 1 48 20 44 17 67 77 3 24 56 18 28 38 2 37 9 78 52 61 26 13 0 29 34 21 46 50 19 10 47,255410,141,25083,12787892,258686
lipa80a,randomWalk,53 29 57 32 62 39 47 1 72 5 13 71 31 76 67 15 33 20 41 25 60 6 61 55 17 22 0 24 45 18 10 3 52 37 23 59 58 46 35 21 16 64 42 9 49 78 54 30 70 28 38 68 27 14 63 77 43 74 36 4 56 79 48 34 44 51 66 8 65 50 26 12 7 73 69 19 11 75 40 2,257569,144377,144377,73403855,258447
lipa80a,random,78 53 18 4 6 0 69 35 23 50 1 13 57 64 39 66 14 34 17 70 41 62 44 77 60 27 79 55 3 36 24 45 42 33 40 58 11 9 43 48 38 61 28 75 74 31 63 29 59 54 72 10 52 2 37 8 30 47 68 56 16 67 73 7 32 49 22 46 71 5 65 76 51 25 12 20 26 21 15 19,257690,5770,5770,73388265,258019
lipa80a,heuristic,33 50 66 42 19 47 40 55 38 78 70 45 48 16 27 53 22 43 79 3 2 11 26 58 62 4 1 68 7 71 72 23 74 76 64 60 44 18 14 20 9 28 57 29 13 56 31 35 10 51 39 75 17 36 30 21 41 46 63 6 5 0 49 12 25 37 69 77 15 34 67 24 54 65 32 61 8 59 73 52,258667,0,1,49092,258541
lipa80a,simulatedAnnealing,56 38 66 6 24 57 21 18 3 1 53 62 48 64 75 59 43 33 65 44 30 41 79 55 8 13 29 68 20 7 5 63 54 19 14 42 76 34 52 69 60 49 45 27 74 23 73 58 16 28 50 39 51 36 31 11 67 32 15 77 71 25 17 12 10 9 37 70 4 78 35 0 2 26 47 40 72 46 61 22,254999,556160,557740,322202880,258634
lipa80a,tabuSearch,63 67 15 29 33 35 36 9 37 57 64 59 58 16 66 25 31 38 23 14 32 46 28 47 1 18 5 65 19 61 41 44 26 71 72 75 6 2 21 22 20 53 34 4 50 73 27 3 10 77 56 60 48 7 30 78 42 52 12 74 0 51 70 13 17 62 76 40 24 49 39 55 8 11 45 79 43 68 54 69,255039,1062,421344,233890389,258222
lipa80a,steepest,45 61 49 64 74 51 68 62 24 75 48 79 3 29 53 63 0 17 23 28 25 31 69 2 41 4 73 13 78 20 70 22 11 46 77 50 27 19 57 10 18 38 34 71 65 60 67 72 59 16 58 47 56 7 55 6 5 35 12 76 1 30 40 44 21 39 43 54 8 36 37 32 9 14 33 42 15 52 66 26,255369,58,186440,85310532,258905
lipa80a,greedy,39 79 12 41 3 2 6 61 44 42 24 25 27 75 77 47 48 70 14 19 74 71 1 5 73 60 46 18 58 76 0 40 8 52 56 63 51 9 26 55 43 59 29 38 23 28 64 32 54 37 33 21 57 4 72 34 17 50 53 67 20 22 15 36 31 10 78 66 30 69 13 65 62 7 49 68 35 45 16 11,255437,142,30685,15012662,258458
lipa80a,randomWalk,24 28 35 53 10 69 68 60 58 62 25 70 29 52 38 74 54 31 42 32 19 49 44 61 9 33 27 46 8 51 18 76 71 47 7 43 15 22 67 23 30 56 75 13 40 55 64 66 57 5 4 17 16 34 1 77 41 6 79 12 14 63 48 37 0 50 59 21 73 45 39 65 11 72 36 78 2 3 20 26,257581,152030,152030,85322479,258234
lipa80a,random,46 68 71 34 3 40 54 43 19 70 62 53 64 4 39 30 47 59 37 12 61 17 21 67 22 60 10 45 1 26 57 79 63 69 78 6 24 35 50 27 7 29 32 2 14 77 8 49 73 42 51 11 44 56 16 66 33 38 18 76 31 65 15 13 9 48 5 23 75 74 36 25 20 58 41 72 28 0 52 55,257711,7061,7061,85331120,258494
lipa80a,heuristic,33 50 66 42 19 47 40 55 38 78 70 45 48 16 27 53 22 43 79 3 2 11 26 58 62 4 1 68 7 71 72 23 74 76 64 60 44 18 14 20 9 28 57 29 13 56 31 35 10 51 39 75 17 36 30 21 41 46 63 6 5 0 49 12 25 37 69 77 15 34 67 24 54 65 32 61 8 59 73 52,258667,0,1,42045,258580
lipa80a,simulatedAnnealing,17 20 16 39 58 13 48 77 9 4 7 56 60 78 5 75 25 46 44 11 27 66 1 54 55 62 40 12 3 61 34 31 22 38 26 8 79 21 36 24 64 65 41 28 45 10 32 49 37 72 63 0 47 23 15 29 42 71 35 2 52 70 67 74 50 18 53 14 73 30 69 76 68 33 57 43 59 19 6 51,255014,538780,540360,244778724,258473
lipa80a,tabuSearch,18 76 28 48 53 37 63 40 38 42 19 41 47 34 64 8 1 57 68 75 60 20 52 33 24 67 32 59 50 55 0 21 10 35 27 45 3 30 15 66 78 11 2 61 13 46 6 58 72 22 73 65 17 39 36 23 31 71 79 5 54 12 9 62 14 69 29 49 26 4 16 25 70 7 44 43 74 77 51 56,255405,431,171072,99514619,258077
lipa80a,steepest,55 76 52 58 29 67 0 25 72 57 30 31 60 61 64 33 27 21 43 74 49 54 39 22 6 71 78 4 13 20 36 16 62 17 12 66 75 42 51 77 63 50 7 1 38 48 35 73 32 9 79 26 65 28 8 47 53 3 2 40 24 23 34 10 46 41 5 59 15 19 69 44 18 70 37 14 56 11 68 45,255241,47,151680,68834066,258414
lipa80a,greedy,27 25 22 47 64 29 33 7 23 63 69 6 70 36 75 41 26 1 8 42 65 44 71 37 21 30 11 77 2 74 35 62 14 45 24 32 28 55 3 10 50 67 13 18 16 39 61 51 19 48 0 43 58 40 72 34 68 31 53 15 9 76 56 12 5 46 4 79 73 49 78 66 57 60 59 20 54 52 17 38,255370,125,18522,8463970,258085
lipa80a,randomWalk,66 13 28 10 40 74 2 77 7 18 4 58 24 59 8 33 26 27 72 43 32 53 55 65 30 48 17 44 50 69 61 79 70 11 52 0 29 36 63 1 39 46 60 35 25 49 64 9 21 56 76 12 45 37 71 47 34 68 62 3 15 20 78 5 19 31 57 38 22 67 23 16 75 51 42 41 73 6 54 14,257590,128824,128824,68848787,258654
lipa80a,random,21 23 42 46 20 40 62 53 56 15 50 25 8 77 18 2 19 3 72 37 76 65 45 55 68 4 17 71 78 43 64 49 69 11 47 73 12 29 66 13 67 6 41 74 1 0 48 31 10 22 34 70 33 30 16 28 35 52 51 39 24 27 63 44 32 75 7 38 26 9 36 61 79 59 58 60 5 54 57 14,257648,5277,5277,68858925,258270
lipa80a,heuristic,33 50 66 42 19 47 40 55 38 78 70 45 48 16 27 53 22 43 79 3 2 11 26 58 62 4 1 68 7 71 72 23 74 76 64 60 44 18 14 20 9 28 57 29 13 56 31 35 10 51 39 75 17 36 30 21 41 46 63 6 5 0 49 12 25 37 69 77 15 34 67 24 54 65 32 61 8 59 73 52,258667,0,1,61868,258194
lipa80a,simulatedAnnealing,47 52 79 64 30 24 70 13 63 18 75 54 69 0 49 62 7 2 60 71 58 11 56 19 31 78 20 33 35 51 45 1 50 3 41 29 34 77 74 39 21 53 14 68 5 42 12 66 61 10 38 36 8 23 73 44 15 65 48 32 67 27 22 72 25 6 17 43 40 55 16 46 28 59 4 26 37 9 76 57,255090,537200,538780,276317425,258175
lipa80a,tabuSearch,8 74 45 21 2 37 53 17 76 29 78 56 23 64 73 38 34 27 26 75 32 35 10 33 12 63 13 5 28 4 1 19 20 31 49 6 30 9 68 52 79 14 16 77 18 25 62 58 7 65 54 57 50 42 22 44 36 70 41 59 24 39 0 61 46 15 40 72 55 51 3 11 43 67 66 60 71 47 48 69,255448,440,174240,104153102,258433
lipa80a,steepest,39 12 24 0 5 77 8 78 79 42 3 62 64 27 69 1 30 58 50 43 56 72 36 31 48 45 59 57 70 16 37 76 75 44 66 4 41 15 20 60 47 38 10 13 6 21 65 34 61 67 53 26 63 25 51 73 23 74 33 54 19 2 49 17 35 52 14 18 29 22 55 71 68 28 32 40 46 9 11 7,255494,41,132720,62720413,258513
lipa80a,greedy,70 29 3 74 7 52 39 0 36 2 1 35 27 63 31 5 41 56 59 15 51 14 50 57 38 79 75 18 21 43 24 71 12 34 25 9 72 37 11 69 45 19 13 61 60 53 48 58 68 4 42 17 10 44 23 67 26 64 8 78 73 16 62 46 6 65 66 40 54 30 22 20 49 47 76 55 28 32 77 33,255251,115,20375,9395311,258388
lipa80a,randomWalk,7 37 17 52 73 15 18 8 32 68 47 49 50 63 70 78 69 34 66 45 48 36 76 53 40 62 0 51 20 2 4 60 11 65 57 14 35 38 39 22 1 25 43 31 28 24 41 61 72 71 3 5 67 19 30 77 6 26 10 56 12 33 46 79 64 74 59 29 13 54 58 27 55 16 23 75 42 9 21 44,257508,120261,120261,62731779,258553
lipa80a,random,79 50 67 1 33 34 6 16 53 25 13 59 66 74 49 52 37 20 44 30 46 62 27 47 73 63 57 55 65 40 68 32 7 22 0 42 72 61 19 58 8 3 18 12 28 2 71 36 23 60 9 5 21 14 4 29 45 38 43 75 70 31 69 41 76 39 77 54 24 17 64 15 51 11 78 10 48 26 35 56,257711,4965,4965,62767819,258584
lipa80a,heuristic,33 50 66 42 19 47 40 55 38 78 70 45 48 16 27 53 22 43 79 3 2 11 26 58 62 4 1 68 7 71 72 23 74 76 64 60 44 18 14 20 9 28 57 29 13 56 31 35 10 51 39 75 17 36 30 21 41 46 63 6 5 0 49 12 25 37 69 77 15 34 67 24 54 65 32 61 8 59 73 52,258667,0,1,72999,258603
lipa80a,simulatedAnnealing,26 63 41 1 52 55 0 72 8 37 33 73 51 56 30 5 10 58 12 44 3 16 46 45 11 54 68 9 49 7 53 47 74 64 65 39 76 75 13 14 67 17 66 27 22 78 19 77 69 25 38 28 36 48 18 57 34 62 61 6 32 23 70 24 42 50 20 29 79 31 4 40 71 15 60 2 21 59 35 43,255128,579860,581440,274122324,258409
lipa80a,tabuSearch,45 46 61 48 41 33 39 10 37 76 73 49 78 57 0 55 44 53 21 31 30 54 47 79 63 68 59 17 28 42 69 26 24 29 43 4 50 58 3 1 56 67 35 11 9 70 6 51 8 62 2 77 38 34 12 23 16 71 27 75 52 36 19 74 5 40 66 60 15 25 20 14 72 22 32 7 13 64 18 65,255328,599,237600,146008170,258558
lipa80a,steepest,31 76 13 75 74 11 8 40 67 64 32 6 20 69 65 66 35 48 28 36 23 59 61 17 58 19 63 73 34 0 15 46 49 52 62 72 60 78 22 54 10 1 26 29 77 47 9 7 21 16 24 55 2 45 42 51 43 27 79 3 57 37 12 18 14 41 25 50 70 44 53 38 4 71 33 30 5 68 56 39,255281,53,170640,91463106,258691
lipa80a,greedy,33 44 60 76 26 74 24 72 27 20 15 66 16 1 42 78 8 63 14 41 32 9 65 22 28 37 43 68 7 55 62 79 54 0 46 36 30 18 67 57 38 5 47 61 49 3 70 69 71 56 6 40 29 64 19 58 10 75 25 35 51 34 13 2 45 50 4 17 21 23 48 31 59 53 39 11 52 73 77 12,255493,124,21053,8683741,258762
lipa80a,randomWalk,40 79 2 50 57 25 18 33 39 9 3 15 28 0 35 55 17 30 31 22 60 71 1 63 37 59 13 47 5 75 64 8 16 43 62 78 29 53 27 65 24 12 70 44 49 68 54 34 7 72 51 58 42 21 73 74 36 77 19 56 69 48 26 38 61 6 20 11 32 76 45 10 46 67 4 14 52 23 66 41,257621,198822,198822,91473407,258719
lipa80a,random,13 39 77 47 78 17 63 41 37 4 57 51 36 22 69 33 79 34 71 46 67 8 35 24 48 53 62 45 14 42 75 25 20 60 23 44 15 66 50 27 43 40 6 65 9 76 49 73 72 10 55 0 28 5 30 56 7 58 19 31 74 16 18 59 32 11 68 21 70 54 3 64 61 52 12 2 26 1 29 38,257826,8270,8270,91527574,258372
lipa80a,heuristic,33 50 66 42 19 47 40 55 38 78 70 45 48 16 27 53 22 43 79 3 2 11 26 58 62 4 1 68 7 71 72 23 74 76 64 60 44 18 14 20 9 28 57 29 13 56 31 35 10 51 39 75 17 36 30 21 41 46 63 6 5 0 49 12 25 37 69 77 15 34 67 24 54 65 32 61 8 59 73 52,258667,0,1,46988,258631
lipa80a,simulatedAnnealing,45 13 48 73 57 63 43 76 21 68 78 23 10 53 51 26 30 44 33 4 20 77 6 49 55 72 3 9 52 70 65 24 27 11 61 59 41 58 40 1 64 28 66 34 74 42 7 18 12 69 46 36 32 67 15 16 50 39 71 54 5 2 14 79 25 17 0 19 75 8 22 35 31 37 56 60 47 62 38 29,255039,535620,537200,266935544,258105
lipa80a,tabuSearch,61 3 12 57 76 65 28 35 51 62 1 10 13 2 9 11 40 6 69 25 63 55 52 74 48 47 34 73 46 19 29 20 39 70 7 23 30 37 72 42 8 26 41 31 5 50 66 4 49 15 45 36 24 43 58 0 54 32 18 64 16 71 53 22 21 75 27 38 67 17 44 60 59 68 77 56 78 14 33 79,255462,469,186912,117127385,258452
lipa80a,steepest,43 54 36 6 77 64 30 21 26 67 70 65 53 5 22 51 17 4 35 29 71 33 57 74 40 9 0 72 66 39 45 47 61 24 41 28 31 62 32 16 23 3 76 25 34 50 7 1 2 46 12 27 8 10 60 68 13 69 75 42 14 49 59 56 52 44 19 37 18 38 15 48 11 20 79 63 55 73 78 58,255126,56,180120,78272655,258555
lipa80a,greedy,10 49 23 50 20 78 66 19 77 11 63 45 44 29 79 47 73 0 70 5 74 7 56 32 72 35 43 59 21 61 36 58 54 24 42 4 18 15 25 26 12 2 28 67 55 71 48 9 76 62 22 46 60 16 27 30 68 41 75 51 39 13 17 64 53 69 33 52 6 3 14 31 40 1 38 57 37 65 34 8,255407,140,16865,6628433,258582
lipa80a,randomWalk,11 0 13 76 62 22 54 1 9 28 18 46 61 67 31 5 63 41 15 52 58 65 38 75 2 32 72 77 6 14 50 23 35 42 48 20 69 55 71 17 10 47 16 27 44 36 24 29 68 79 40 73 33 59 57 66 70 19 8 4 49 26 78 21 3 43 39 74 45 51 37 12 60 64 34 56 7 25 53 30,257626,165984,165984,78298440,258737
lipa80a,random,26 67 79 17 5 46 39 18 33 75 29 43 24 53 66 12 41 54 77 20 44 15 45 3 56 63 2 27 14 76 55 6 1 51 59 74 64 50 19 8 37 4 68 0 65 25 70 71 49 47 60 72 78 9 42 7 52 58 36 23 34 28 22 62 13 32 73 69 61 21 30 57 31 48 35 10 40 16 38 11,257912,6445,6445,78288453,258439
lipa80a,heuristic,33 50 66 42 19 47 40 55 38 78 70 45 48 16 27 53 22 43 79 3 2 11 26 58 62 4 1 68 7 71 72 23 74 76 64 60 44 18 14 20 9 28 57 29 13 56 31 35 10 51 39 75 17 36 30 21 41 46 63 6 5 0 49 12 25 37 69 77 15 34 67 24 54 65 32 61 8 59 73 52,258667,0,1,41800,258363
lipa80a,simulatedAnnealing,78 77 22 71 54 69 44 25 46 30 42 19 14 28 12 32 34 63 70 38 5 3 16 56 66 61 11 29 7 21 20 13 4 41 62 47 57 24 39 15 65 35 1 40 43 17 79 26 58 64 0 68 50 23 31 33 18 48 52 37 55 60 36 76 9 27 6 72 2 53 67 45 10 74 59 8 49 51 73 75,254947,548260,549840,282541055,258621
lipa80a,tabuSearch,71 33 50 11 69 78 44 43 52 55 72 34 19 49 27 60 21 10 31 58 68 28 5 23 56 76 25 42 39 12 18 14 45 48 35 65 13 51 32 59 3 20 2 54 6 16 1 17 63 57 36 0 15 73 47 74 24 77 41 62 38 29 61 22 40 46 37 64 67 30 7 70 8 9 26 75 53 79 4 66,255428,278,110880,62624512,258516
sko100a,steepest,77 90 27 78 19 96 17 36 6 64 5 14 29 56 83 63 86 1 16 75 57 76 87 3 95 84 81 22 35 52 26 73 74 62 92 45 13 70 11 2 0 94 79 4 8 46 98 82 61 34 59 24 21 31 85 15 51 69 60 44 12 54 53 33 55 97 99 25 20 9 10 65 30 18 67 66 71 93 40 49 43 42 88 80 39 72 37 48 47 28 89 32 7 58 68 50 91 41 23 38,155514,107,534600,290768961,180410
sko100a,greedy,43 16 48 1 11 96 77 20 6 34 89 50 61 39 25 54 0 12 38 2 85 68 95 42 84 15 51 99 69 98 7 18 78 24 31 3 59 37 91 52 67 58 97 76 62 80 45 13 93 35 65 46 8 63 56 60 4 71 23 19 5 41 83 10 29 92 66 47 49 75 86 72 88 21 55 30 26 40 81 44 14 36 74 33 94 73 79 53 82 70 57 28 64 22 87 27 32 9 90 17,155982,366,68589,39087702,174518
sko100a,randomWalk,12 41 5 89 33 83 97 14 68 86 37 53 28 98 69 46 42 50 18 80 49 32 0 54 55 99 25 56 71 63 44 47 2 8 34 7 76 22 45 29 21 73 23 88 39 51 30 4 15 93 79 43 95 77 67 66 16 19 78 62 35 24 36 11 60 91 31 52 65 17 75 1 92 58 84 3 9 20 90 94 81 10 87 48 26 6 13 96 72 27 70 85 38 74 64 57 59 61 82 40,172428,455555,455555,290789422,179098
sko100a,random,31 99 69 5 19 7 66 92 9 94 3 88 91 89 58 11 13 97 71 43 72 96 2 70 46 27 86 80 75 10 39 53 0 1 14 57 29 24 21 17 63 73 4 26 15 62 79 49 42 55 52 54 41 30 35 64 33 78 36 12 59 65 37 82 8 50 77 83 47 68 51 74 81 25 18 87 32 38 45 40 28 23 34 6 90 76 61 20 98 85 44 60 56 84 67 93 16 48 22 95,173536,12988,12988,290794772,180600
sko100a,heuristic,64 26 89 5 70 41 20 28 48 77 14 96 27 49 33 59 81 12 75 43 38 42 85 51 21 80 18 72 22 0 7 88 1 3 84 56 95 8 73 44 92 23 37 45 74 25 30 39 91 65 54 29 53 31 15 97 55 4 68 40 79 61 24 13 99 60 46 62 93 50 87 78 83 66 67 63 47 94 10 34 32 19 52 58 98 76 71 35 90 57 17 36 6 16 82 11 69 9 86 2,171862,0,1,155404,178272
sko100a,simulatedAnnealing,64 36 5 14 87 67 7 65 86 57 32 10 76 27 61 85 58 89 49 41 38 78 42 21 95 97 68 46 99 69 82 24 93 15 31 18 50 71 20 59 12 1 33 48 51 66 39 25 40 9 70 73 74 8 83 84 72 60 63 22 0 94 53 30 56 29 45 11 47 44 90 4 62 88 55 19 80 37 16 28 17 54 13 81 3 98 91 52 35 75 77 96 79 26 92 23 43 34 6 2,152174,1064250,1066725,766353671,178154
sko100a,tabuSearch,64 82 36 87 49 20 86 44 57 9 38 61 70 41 93 32 22 35 69 40 23 11 83 15 60 66 12 59 71 75 34 8 29 19 25 98 58 47 99 6 79 96 46 84 85 21 31 63 39 28 4 78 95 3 97 51 55 37 68 1 43 10 88 7 18 13 94 24 54 16 77 62 72 56 45 30 76 80 42 48 26 92 74 67 53 73 33 81 91 52 2 17 65 14 0 5 90 89 50 27,154580,1026,515840,326575655,177178
sko100a,steepest,64 77 75 89 41 96 26 57 28 9 10 8 62 23 59 94 24 79 92 72 11 22 29 6 63 84 39 54 88 16 12 15 83 25 66 95 51 20 48 17 87 60 1 4 80 30 27 53 74 90 70 93 13 47 42 3 97 33 55 52 38 32 76 71 58 37 21 73 81 91 82 31 56 0 99 46 68 85 50 44 49 78 40 45 69 18 67 65 7 86 36 61 19 35 98 43 14 5 34 2,156486,124,618750,320091276,179292
sko100a,greedy,75 92 23 9 72 33 64 79 26 28 41 81 29 94 30 73 8 74 83 88 47 55 3 84 66 53 95 21 54 48 52 91 60 25 39 50 97 68 51 42 40 37 35 71 80 93 67 7 18 16 44 6 11 99 20 1 13 58 12 76 49 34 98 69 45 31 15 85 62 24 86 57 63 65 59 56 61 4 10 5 2 22 87 46 27 82 38 78 89 14 17 96 19 90 0 70 36 32 77 43,155886,491,171375,86490126,176598
sko100a,randomWalk,38 40 4 37 56 88 64 87 6 41 35 67 58 17 63 48 94 21 92 52 69 13 70 80 34 2 14 86 33 78 75 24 49 99 3 20 73 81 23 61 79 68 1 10 31 36 46 55 8 74 90 47 51 96 57 7 53 50 45 95 42 18 54 97 60 93 98 30 72 82 77 19 85 65 5 66 39 16 15 29 71 76 32 25 0 89 27 26 83 22 43 12 59 91 11 44 84 28 62 9,172660,537081,537081,320108083,180058
sko100a,random,66 74 68 31 7 30 24 25 76 13 85 62 17 28 77 63 11 97 14 93 52 2 49 94 65 43 91 8 33 39 19 69 44 83 92 75 12 90 23 10 3 55 70 47 96 99 42 86 61 40 50 95 29 9 56 89 60 35 26 4 51 15 38 0 57 98 41 6 36 32 27 71 72 18 81 78 48 80 67 73 34 79 82 53 45 64 58 88 16 87 5 1 54 37 21 46 59 22 84 20,173432,18336,18336,320112370,179402
sko100a,heuristic,64 26 89 5 70 41 20 28 48 77 14 96 27 49 33 59 81 12 75 43 38 42 85 51 21 80 18 72 22 0 7 88 1 3 84 56 95 8 73 44 92 23 37 45 74 25 30 39 91 65 54 29 53 31 15 97 55 4 68 40 79 61 24 13 99 60 46 62 93 50 87 78 83 66 67 63 47 94 10 34 32 19 52 58 98 76 71 35 90 57 17 36 6 16 82 11 69 9 86 2,171862,0,1,54332,178378
sko100a,simulatedAnnealing,2 34 16 91 52 47 6 11 44 75 43 81 35 98 50 40 37 22 49 28 65 19 45 63 68 46 89 99 71 69 7 80 72 29 84 39 25 60 66 48 67 92 23 3 95 1 97 58 20 41 86 13 88 83 55 18 85 51 93 42 26 79 8 30 27 21 61 15 59 9 5 74 53 33 73 76 31 87 32 57 14 62 4 56 94 54 24 10 12 38 36 77 90 17 96 0 78 70 82 64,152652,1066725,1069200,572764873,179408
sko100a,tabuSearch,48 75 81 52 91 34 47 6 16 2 92 11 35 23 98 66 50 28 40 44 62 13 80 19 45 72 25 71 37 69 42 1 88 29 93 84 39 99 22 43 54 33 55 3 63 95 60 68 89 7 79 76 74 30 83 8 18 97 46 65 26 5 73 56 31 21 51 67 58 85 12 10 4 53 15 61 27 20 49 87 96 24 94 90 38 0 9 59 41 57 77 78 70 17 82 64 14 36 32 86,154376,769,386880,228774533,179926
sko100a,steepest,2 35 6 34 20 27 16 50 14 36 89 81 52 91 1 49 40 68 67 5 69 46 13 45 65 71 99 76 7 86 43 19 37 25 39 93 42 97 18 85 44 80 47 48 72 66 53 33 74 58 0 3 98 11 60 30 55 21 73 32 17 90 63 29 84 88 51 95 22 83 77 59 75 92 15 8 56 31 87 61 96 70 4 23 94 62 24 82 41 78 26 38 79 12 9 10 54 28 57 64,154898,126,628650,300237729,179992
sko100a,greedy,20 67 7 86 92 52 16 65 34 2 49 48 85 68 95 50 91 39 11 61 14 51 97 55 60 98 99 25 6 28 41 18 58 83 8 23 40 37 47 44 93 88 66 31 56 84 3 71 29 22 38 15 21 27 1 45 35 63 46 75 78 24 76 30 62 4 96 72 59 9 82 42 12 74 33 13 81 80 69 26 36 5 53 73 94 0 54 89 79 57 70 32 10 87 19 90 17 77 43 64,154272,520,160701,70971351,178984
sko100a,randomWalk,55 17 91 12 21 98 58 80 79 34 37 28 81 3 4 87 66 74 83 39 52 72 70 93 47 31 19 65 48 35 86 32 16 97 14 10 78 88 29 2 13 57 49 20 24 64 61 33 67 46 59 99 5 11 76 73 51 23 18 54 75 63 7 43 38 1 89 40 41 95 60 71 25 62 53 44 6 84 85 27 82 36 90 56 30 94 22 9 8 96 26 68 0 45 69 42 92 77 15 50,172560,547820,547820,300254225,178204
sko100a,random,64 14 45 84 75 68 50 43 61 2 1 29 30 94 34 42 24 0 98 70 58 47 10 77 8 57 15 3 49 32 51 63 54 83 82 46 90 12 16 71 11 9 97 27 53 81 33 36 60 91 25 95 6 39 38 59 52 89 86 73 26 41 44 80 96 92 7 56 79 17 99 87 85 74 62 67 88 65 22 76 4 31 18 21 20 5 19 23 72 35 13 93 40 69 78 28 48 55 66 37,173102,16722,16722,300260971,175610
sko100a,heuristic,64 26 89 5 70 41 20 28 48 77 14 96 27 49 33 59 81 12 75 43 38 42 85 51 21 80 18 72 22 0 7 88 1 3 84 56 95 8 73 44 92 23 37 45 74 25 30 39 91 65 54 29 53 31 15 97 55 4 68 40 79 61 24 13 99 60 46 62 93 50 87 78 83 66 67 63 47 94 10 34 32 19 52 58 98 76 71 35 90 57 17 36 6 16 82 11 69 9 86 2,171862,0,1,64339,177944
sko100a,simulatedAnnealing,2 44 35 48 69 66 42 93 7 32 6 75 47 37 40 99 59 71 65 49 34 91 80 45 39 50 12 20 67 58 16 19 63 89 25 46 68 97 85 86 28 52 98 13 60 51 21 15 18 14 22 11 3 1 27 33 31 76 61 87 43 81 55 84 29 30 95 83 5 57 54 92 88 56 94 53 73 8 10 41 77 90 96 62 72 74 24 70 78 36 26 17 23 79 9 4 0 82 38 64,152904,1074150,1076625,644593621,178378
sko100a,tabuSearch,9 17 90 86 28 63 48 52 16 75 96 23 92 83 72 39 68 91 40 19 22 41 84 88 27 60 50 1 6 34 77 54 56 29 55 66 25 89 47 43 26 8 95 51 30 97 58 46 11 98 79 4 3 15 21 85 18 99 37 44 87 73 62 31 53 59 0 45 13 35 57 78 94 24 74 33 42 76 80 69 61 38 10 5 12 7 67 65 81 20 64 82 36 70 14 32 93 71 49 2,153874,834,416640,250700635,179462
sko100a,steepest,17 82 90 5 93 14 19 70 32 36 38 0 12 89 10 53 83 73 87 64 78 76 42 4 13 21 30 62 94 77 54 24 56 33 80 45 88 74 79 26 7 31 18 67 15 3 23 92 8 96 86 59 39 63 25 65 72 29 61 9 85 68 50 58 97 46 95 84 41 43 48 1 51 27 66 98 55 60 11 57 20 49 71 99 37 69 35 81 22 28 16 52 91 40 47 6 44 75 34 2,154268,115,574200,278742610,179230
sko100a,greedy,48 32 7 91 42 12 88 92 54 17 38 70 93 71 66 55 21 24 73 90 20 82 51 18 15 3 31 30 10 87 49 78 85 67 97 58 41 4 53 86 52 69 68 37 99 95 59 76 74 83 16 1 35 40 13 80 8 23 79 27 11 19 60 47 25 39 29 56 33 14 6 75 44 98 45 84 63 62 94 5 34 61 22 81 50 46 65 96 9 57 2 36 43 28 0 89 72 77 26 64,155178,445,146431,65182391,176826
sko100a,randomWalk,36 65 61 73 5 7 33 98 49 20 79 31 16 35 76 26 67 48 15 11 6 9 87 63 92 93 3 23 38 66 22 21 70 90 45 88 94 44 80 58 86 14 52 81 77 95 19 29 96 30 75 60 13 10 8 99 12 97 4 25 0 74 28 56 34 46 51 39 41 83 82 2 17 50 47 84 62 59 24 55 72 78 68 1 71 32 18 91 42 54 27 57 69 37 43 40 89 64 85 53,172620,512802,512802,278758545,176212
sko100a,random,28 96 20 66 98 38 35 27 79 17 43 6 12 53 65 29 52 45 59 99 2 68 5 55 21 23 90 60 85 92 41 61 89 74 72 97 9 76 13 95 49 14 87 24 70 4 50 75 93 11 34 39 37 58 78 47 91 69 77 40 56 83 42 63 22 1 80 64 15 8 16 67 57 33 81 31 7 19 0 71 30 46 44 82 25 54 48 10 94 51 18 84 32 62 3 73 36 88 26 86,173290,15809,15809,278764079,178072
sko100a,heuristic,64 26 89 5 70 41 20 28 48 77 14 96 27 49 33 59 81 12 75 43 38 42 85 51 21 80 18 72 22 0 7 88 1 3 84 56 95 8 73 44 92 23 37 45 74 25 30 39 91 65 54 29 53 31 15 97 55 4 68 40 79 61 24 13 99 60 46 62 93 50 87 78 83 66 67 63 47 94 10 34 32 19 52 58 98 76 71 35 90 57 17 36 6 16 82 11 69 9 86 2,171862,0,1,50397,179760
sko100a,simulatedAnnealing,77 54 26 79 23 98 43 35 34 2 96 62 73 19 92 3 80 89 6 75 90 94 30 13 29 81 63 45 91 52 5 56 53 33 84 55 50 11 47 16 27 1 74 48 88 66 72 25 37 40 17 76 42 51 83 95 68 60 22 28 0 24 4 21 8 97 39 46 99 69 14 10 12 31 18 67 59 65 71 44 70 78 32 15 93 85 7 58 20 9 64 36 82 87 38 61 86 41 49 57,152606,1084050,1086525,606686575,176956
sko100a,tabuSearch,77 14 36 61 81 0 78 70 38 64 90 5 62 76 73 94 4 10 32 82 17 26 56 13 74 33 79 24 31 87 96 27 83 1 23 30 53 8 12 9 19 45 98 29 92 21 88 15 93 49 34 50 72 95 84 55 18 97 66 41 52 63 40 25 3 80 67 60 48 75 16 91 68 22 54 39 47 51 20 28 6 89 46 11 99 42 37 58 71 57 2 43 86 65 35 69 7 85 59 44,154374,761,381920,219380770,177378
sko100a,steepest,52 44 75 47 40 35 48 16 34 2 86 49 81 91 71 63 1 69 6 22 41 20 32 37 66 33 98 80 50 28 92 67 7 55 97 58 99 68 39 19 73 85 93 21 18 13 51 42 45 54 87 53 88 15 30 60 31 3 25 11 5 14 74 10 83 76 12 95 62 89 65 27 23 24 29 46 8 84 56 43 57 9 79 4 72 94 59 0 61 26 17 90 70 38 78 36 82 96 64 77,155118,121,603900,290549716,178682
sko100a,greedy,32 92 91 6 11 48 28 16 52 75 73 35 37 47 55 88 60 22 40 44 42 81 13 3 19 93 98 1 70 87 76 80 45 21 25 18 94 0 24 57 65 69 30 71 29 66 84 63 49 86 7 33 58 99 68 97 51 31 20 41 14 67 27 50 39 85 15 95 59 9 5 74 53 46 56 72 12 83 78 36 89 79 62 10 23 4 8 61 38 82 2 26 90 34 54 43 77 96 17 64,154784,564,188389,84308322,179190
sko100a,randomWalk,61 79 86 2 24 52 37 43 44 55 64 96 9 90 77 47 5 85 32 33 70 36 41 78 18 98 22 82 88 3 73 14 6 58 56 21 46 38 50 67 59 26 74 75 31 81 60 51 16 48 94 30 34 13 66 19 25 8 39 28 92 23 17 49 54 10 40 35 91 53 89 65 84 62 27 87 83 97 80 93 45 57 20 72 63 12 15 29 1 68 71 0 95 76 4 69 99 11 7 42,172528,512804,512804,290566256,179088
sko100a,random,9 35 94 13 27 58 99 66 12 11 51 69 0 77 33 23 98 32 82 60 64 24 73 61 47 17 2 43 5 20 25 29 70 48 6 8 38 4 44 88 19 93 28 30 50 54 37 26 86 56 92 87 68 97 81 34 1 96 57 90 84 79 3 7 76 67 46 40 10 74 45 42 78 59 15 95 16 18 91 41 22 65 85 21 52 71 80 72 55 62 31 53 14 75 49 63 36 39 83 89,173186,16638,16638,290634561,178534
sko100a,heuristic,64 26 89 5 70 41 20 28 48 77 14 96 27 49 33 59 81 12 75 43 38 42 85 51 21 80 18 72 22 0 7 88 1 3 84 56 95 8 73 44 92 23 37 45 74 25 30 39 91 65 54 29 53 31 15 97 55 4 68 40 79 61 24 13 99 60 46 62 93 50 87 78 83 66 67 63 47 94 10 34 32 19 52 58 98 76 71 35 90 57 17 36 6 16 82 11 69 9 86 2,171862,0,1,54380,178204
sko100a,simulatedAnnealing,2 43 35 19 98 69 6 34 44 75 77 90 81 45 48 50 63 91 16 52 89 13 80 1 37 46 71 47 40 22 96 42 3 27 84 95 29 25 11 17 54 0 59 56 51 68 99 39 60 28 62 94 30 24 66 31 55 72 92 57 12 73 33 76 18 97 21 88 83 9 5 53 74 7 85 67 58 65 20 86 26 32 79 4 15 93 8 23 41 87 10 70 36 78 14 82 61 38 49 64,152942,1051875,1054350,579264769,180566
sko100a,tabuSearch,90 26 5 79 73 33 64 27 57 9 17 54 24 53 94 74 72 48 28 16 96 23 41 88 55 92 95 84 81 52 62 56 83 8 30 63 29 1 22 75 77 12 10 59 3 80 39 66 91 6 78 0 31 15 51 42 98 60 11 20 19 4 76 13 97 93 25 45 47 35 87 89 18 21 58 68 99 71 37 40 70 38 43 85 32 46 50 69 49 44 36 82 14 86 7 67 61 65 34 2,153982,728,362080,207516424,179544
sko100a,steepest,17 70 54 0 62 12 26 96 77 2 90 32 10 24 42 30 4 94 89 43 5 76 73 53 21 45 79 13 80 69 19 93 74 33 88 55 3 98 81 35 87 7 92 31 56 66 23 91 37 34 65 58 99 50 72 59 46 63 71 44 83 67 39 97 18 8 25 29 47 6 14 85 68 95 41 15 51 84 48 22 64 57 27 20 78 61 60 1 11 28 86 36 82 49 38 9 40 52 16 75,154574,100,499950,242534369,179714
sko100a,greedy,2 49 20 65 7 67 86 87 5 14 34 81 35 11 85 61 74 92 10 36 44 40 45 60 98 93 15 23 83 38 47 37 80 25 18 13 53 62 4 19 75 99 1 39 68 33 8 31 76 78 6 71 50 59 66 58 12 56 32 82 57 69 46 42 97 55 21 30 24 70 52 91 89 63 3 95 29 73 94 0 9 22 27 84 72 41 88 96 90 17 28 16 43 48 51 54 79 26 77 64,154286,542,82343,37185632,178924
sko100a,randomWalk,32 10 16 14 29 12 26 38 64 43 13 5 76 41 24 51 89 94 15 36 31 63 18 2 56 20 6 68 35 23 21 73 69 91 88 49 86 78 82 54 22 45 0 62 52 50 58 46 96 99 47 57 90 48 30 3 4 59 84 77 34 92 80 28 42 81 93 65 72 7 55 33 53 66 40 95 27 25 8 97 17 98 74 37 9 11 83 1 85 61 70 19 79 60 75 39 87 71 67 44,172632,457279,457279,242551020,179540
sko100a,random,83 95 26 60 57 59 34 50 98 79 39 7 11 96 75 90 31 65 21 19 27 85 81 92 6 69 66 64 5 29 47 18 37 54 13 89 22 74 14 8 43 4 99 12 93 9 72 1 94 49 38 63 25 61 45 15 3 52 32 84 41 87 88 40 23 10 77 67 78 68 53 97 28 71 35 56 58 55 17 36 73 42 0 33 2 46 20 80 86 24 91 16 82 70 76 48 44 30 51 62,173272,13675,13675,242551029,179078
sko100a,heuristic,64 26 89 5 70 41 20 28 48 77 14 96 27 49 33 59 81 12 75 43 38 42 85 51 21 80 18 72 22 0 7 88 1 3 84 56 95 8 73 44 92 23 37 45 74 25 30 39 91 65 54 29 53 31 15 97 55 4 68 40 79 61 24 13 99 60 46 62 93 50 87 78 83 66 67 63 47 94 10 34 32 19 52 58 98 76 71 35 90 57 17 36 6 16 82 11 69 9 86 2,171862,0,1,58299,178506
sko100a,simulatedAnnealing,16 40 86 68 19 83 27 14 5 90 52 91 65 50 63 72 48 1 76 17 75 81 71 7 89 29 56 33 42 78 6 47 99 39 46 66 31 62 24 96 35 37 98 45 80 3 30 13 94 0 28 22 55 25 18 84 21 54 73 32 11 60 92 58 97 95 88 74 36 70 20 49 41 67 85 51 15 53 93 82 34 44 23 61 59 8 4 12 10 38 2 57 9 69 43 26 87 79 64 77,152586,1064250,1066725,626901397,179252
sko100a,tabuSearch,32 89 43 77 58 26 73 87 35 86 2 5 62 45 53 69 79 6 19 90 42 76 30 80 13 21 3 27 22 16 7 72 46 88 74 99 29 63 40 83 71 65 50 39 33 37 68 81 91 57 12 10 59 85 56 44 54 25 9 28 93 66 97 31 4 94 55 60 47 75 0 48 18 15 98 51 84 96 23 52 20 67 24 78 8 49 95 1 41 17 38 70 14 36 82 61 11 34 92 64,156274,603,302560,186432080,178642
sko100a,steepest,77 32 90 17 96 26 27 73 64 2 43 19 69 79 92 54 84 53 57 87 7 29 30 74 55 3 95 21 85 86 65 83 46 99 68 8 97 58 67 41 5 72 88 39 28 51 50 33 9 14 62 66 80 59 81 4 56 31 61 22 10 76 63 24 94 15 45 18 78 36 42 70 13 37 1 60 25 0 44 82 12 93 48 23 91 47 11 98 38 49 89 71 16 35 75 6 52 40 20 34,155880,104,519750,252085135,178844
sko100a,greedy,26 9 57 69 58 21 41 44 87 86 79 59 73 42 7 99 85 51 48 32 54 39 53 95 97 55 24 68 20 14 12 94 30 3 67 18 31 15 76 27 5 33 74 66 83 88 56 93 78 36 10 50 80 62 13 37 4 35 82 40 89 72 0 46 45 25 38 60 70 19 43 63 84 96 98 23 22 6 1 90 77 28 29 71 8 91 47 75 49 16 2 64 65 81 92 34 61 11 52 17,155802,536,116082,55378555,180586
sko100a,randomWalk,56 99 46 43 29 67 85 26 41 59 69 68 51 30 22 7 55 27 80 54 14 78 49 37 82 91 95 65 17 5 64 87 12 92 42 84 18 71 35 40 61 34 74 63 89 73 2 53 83 76 31 21 98 60 81 3 38 45 15 66 1 23 57 86 10 97 93 72 39 0 58 6 96 70 88 24 20 16 13 62 19 94 28 25 50 44 47 52 90 48 36 33 4 79 8 75 9 77 32 11,172482,464496,464496,252105541,180610
sko100a,random,74 66 67 13 71 33 88 49 7 24 70 8 32 61 93 79 5 12 92 28 40 17 76 20 54 21 29 26 56 35 91 90 52 0 36 80 60 64 62 89 81 14 9 38 96 42 87 65 6 68 85 23 45 43 86 94 44 57 22 1 4 78 50 82 48 10 53 25 11 97 39 47 69 19 58 18 51 41 59 75 30 73 46 27 72 15 37 98 34 2 84 95 63 55 83 99 16 77 3 31,172756,14269,14269,252110007,179824
sko100a,heuristic,64 26 89 5 70 41 20 28 48 77 14 96 27 49 33 59 81 12 75 43 38 42 85 51 21 80 18 72 22 0 7 88 1 3 84 56 95 8 73 44 92 23 37 45 74 25 30 39 91 65 54 29 53 31 15 97 55 4 68 40 79 61 24 13 99 60 46 62 93 50 87 78 83 66 67 63 47 94 10 34 32 19 52 58 98 76 71 35 90 57 17 36 6 16 82 11 69 9 86 2,171862,0,1,54590,181840
sko100a,simulatedAnnealing,36 70 90 77 10 73 14 5 32 64 82 17 96 24 94 54 0 12 27 57 78 87 4 56 62 53 33 74 79 26 38 86 15 31 76 21 51 30 59 9 61 83 8 29 3 88 18 85 58 72 20 41 23 92 95 55 97 67 7 65 11 19 60 84 25 93 68 66 99 39 22 1 63 98 13 45 50 46 89 28 49 40 52 47 81 91 80 71 37 44 34 16 6 75 35 48 42 43 69 2,152566,1066725,1069200,623023959,178930
sko100a,tabuSearch,57 9 28 59 42 89 48 69 75 6 32 58 39 99 71 37 63 22 44 2 65 7 72 66 50 46 91 47 40 43 85 67 68 97 51 25 80 60 52 16 86 21 30 55 18 93 0 45 35 20 27 33 53 88 3 84 98 19 49 34 87 76 29 95 15 12 31 13 1 11 14 73 74 54 24 94 56 61 81 36 5 79 83 8 10 4 62 78 82 70 64 92 26 41 23 96 90 17 38 77,153896,1112,555520,321184586,179910
sko100a,steepest,2 64 9 28 59 35 44 75 57 32 43 77 19 16 20 80 37 40 69 87 34 81 84 98 66 45 47 6 49 22 27 90 53 96 3 30 0 63 94 36 26 79 33 56 51 15 13 60 1 70 61 8 54 62 31 4 21 73 12 82 14 74 72 88 55 29 46 76 24 78 5 95 85 83 97 86 18 58 10 41 67 92 39 23 68 25 99 52 11 38 65 17 50 7 91 93 71 42 48 89,156272,108,539550,263905526,177420
sko100a,greedy,75 44 63 86 33 9 94 24 59 57 28 49 58 14 21 20 79 41 36 64 50 68 99 85 97 39 51 31 82 87 6 1 60 27 67 53 15 54 8 69 40 89 25 18 55 30 95 0 12 26 35 37 45 98 93 80 3 56 4 22 81 47 46 13 66 74 42 84 10 61 16 71 29 76 88 72 48 62 78 43 52 91 11 83 7 23 73 70 38 32 34 19 65 5 92 90 17 96 77 2,155950,438,75515,33599260,175950
sko100a,randomWalk,2 93 91 87 67 42 24 95 54 92 34 14 86 58 35 12 46 56 57 17 69 3 60 55 25 97 27 28 51 37 70 23 63 99 29 5 96 53 41 90 98 8 6 81 50 73 82 45 13 77 21 83 88 7 68 19 47 84 40 85 64 94 0 61 36 4 52 80 33 22 43 26 30 39 65 62 16 74 79 31 76 20 66 49 15 44 89 48 72 38 32 71 78 59 18 10 75 9 1 11,172984,495016,495016,263922141,178820
sko100a,random,73 3 78 37 19 71 44 12 53 18 60 15 59 81 52 23 87 63 41 82 0 97 91 55 50 89 17 24 67 51 75 2 43 48 10 80 93 8 68 38 21 40 33 66 77 57 36 64 27 7 69 86 99 46 94 29 42 92 1 62 16 74 79 95 32 25 31 85 45 35 39 13 11 58 47 14 5 88 34 20 54 49 9 70 28 72 83 96 98 26 4 65 56 84 76 61 22 90 6 30,173132,15049,15049,263932477,180692
sko100a,heuristic,64 26 89 5 70 41 20 28 48 77 14 96 27 49 33 59 81 12 75 43 38 42 85 51 21 80 18 72 22 0 7 88 1 3 84 56 95 8 73 44 92 23 37 45 74 25 30 39 91 65 54 29 53 31 15 97 55 4 68 40 79 61 24 13 99 60 46 62 93 50 87 78 83 66 67 63 47 94 10 34 32 19 52 58 98 76 71 35 90 57 17 36 6 16 82 11 69 9 86 2,171862,0,1,54288,175432
sko100a,simulatedAnnealing,77 17 96 0 73 64 78 38 82 70 90 54 4 62 94 1 24 12 10 32 79 81 13 53 74 33 48 42 76 5 26 8 88 30 83 51 15 21 93 36 23 92 55 56 66 27 18 31 61 14 19 98 3 84 29 95 97 85 67 7 43 91 80 45 72 39 50 46 68 65 34 28 47 37 60 25 71 99 58 89 16 52 6 22 63 11 20 69 49 87 2 75 35 44 40 9 59 57 41 86,152300,1074150,1076625,623073565,178458
sko100a,tabuSearch,36 32 82 0 70 77 90 96 17 64 5 78 38 12 10 54 24 94 59 57 14 76 31 56 62 4 73 3 87 26 61 42 21 30 74 53 15 29 27 79 85 18 83 8 13 51 88 84 95 9 43 46 69 33 72 80 63 1 22 48 89 68 58 97 19 39 55 60 41 28 86 99 93 66 25 37 23 40 44 16 7 67 50 45 98 81 35 47 92 75 2 65 71 49 34 91 20 6 11 52,153472,713,357120,206900986,179840
sko100a,steepest,48 16 81 50 75 90 52 17 28 64 78 20 1 82 49 27 91 6 38 34 0 24 33 94 56 63 54 71 9 57 42 76 62 98 45 31 39 72 22 61 93 13 12 84 66 51 25 99 59 11 88 5 53 8 23 15 4 29 79 65 18 67 74 95 30 68 97 85 58 7 77 14 80 10 92 96 55 3 37 26 43 70 19 83 47 60 21 46 89 32 36 35 40 41 73 86 87 69 44 2,156888,111,554400,273268020,177372
sko100a,greedy,26 79 72 23 38 90 28 17 9 64 96 88 8 4 61 83 86 27 41 57 54 92 74 15 29 73 84 95 22 87 3 65 39 85 11 25 60 52 34 2 91 55 97 51 53 21 47 46 81 44 7 30 67 37 56 58 68 99 6 69 43 71 66 18 31 98 45 50 40 49 80 0 59 20 93 33 63 19 35 75 48 42 24 13 78 76 16 1 82 14 77 12 62 10 5 94 89 32 70 36,155444,499,175145,78219095,177036
sko100a,randomWalk,14 32 72 36 50 26 7 63 3 74 13 31 45 51 96 33 70 94 87 11 69 90 21 35 76 77 98 73 22 20 66 10 62 24 0 89 56 40 95 17 78 42 43 41 88 46 81 5 6 92 59 99 37 58 23 30 91 57 64 53 82 2 12 84 60 49 15 80 61 38 71 39 44 47 28 8 54 79 27 52 68 93 85 29 16 9 83 34 48 86 19 55 67 97 1 25 18 4 75 65,172578,482771,482771,273286179,177052
sko100a,random,47 16 36 81 59 54 34 46 18 67 90 30 61 52 99 25 88 83 8 17 64 41 42 93 66 21 9 44 26 33 43 5 1 51 28 23 89 10 14 80 56 3 4 85 7 65 12 22 19 60 48 32 82 53 95 2 77 87 96 84 97 75 92 91 20 24 74 50 29 68 55 78 40 45 57 35 15 13 94 39 70 98 37 62 11 73 27 79 31 49 71 58 86 72 38 63 0 6 69 76,173056,15632,15632,273297189,178900
sko100a,heuristic,64 26 89 5 70 41 20 28 48 77 14 96 27 49 33 59 81 12 75 43 38 42 85 51 21 80 18 72 22 0 7 88 1 3 84 56 95 8 73 44 92 23 37 45 74 25 30 39 91 65 54 29 53 31 15 97 55 4 68 40 79 61 24 13 99 60 46 62 93 50 87 78 83 66 67 63 47 94 10 34 32 19 52 58 98 76 71 35 90 57 17 36 6 16 82 11 69 9 86 2,171862,0,1,60413,177864
sko100a,simulatedAnnealing,64 17 96 79 26 4 82 38 78 77 9 90 23 73 94 24 10 70 32 36 57 27 54 53 74 56 62 12 0 5 87 83 92 33 21 30 31 59 76 14 86 88 29 8 55 15 61 58 85 7 41 72 84 95 3 51 66 97 18 67 48 19 39 25 68 80 13 93 42 65 22 63 1 60 11 50 45 99 46 89 28 40 91 47 35 81 98 37 71 43 16 52 75 6 34 20 49 44 69 2,152358,1074150,1076625,643146829,177684
sko100a,tabuSearch,75 52 6 27 50 68 90 19 34 14 16 48 81 1 33 42 45 76 13 5 40 35 91 63 94 73 53 56 98 89 47 37 55 80 24 21 30 18 0 43 22 88 92 29 25 54 31 83 23 62 28 71 72 84 39 66 74 93 12 10 44 69 65 46 99 97 7 67 4 2 9 11 60 95 3 51 79 8 61 26 57 49 20 96 59 85 15 78 38 77 64 41 87 17 86 58 32 82 70 36,154278,1372,684480,403040148,178104
sko100a,steepest,6 17 27 90 96 5 14 26 69 89 52 91 48 50 41 46 95 68 3 42 75 92 1 81 55 99 35 76 73 54 16 40 63 37 24 88 83 58 21 86 47 71 29 45 62 13 30 19 80 43 28 60 25 22 51 97 18 56 31 0 23 72 84 66 98 67 74 85 7 77 79 65 39 33 4 8 53 78 59 12 9 20 44 94 15 93 70 36 87 32 34 11 2 49 57 10 82 61 38 64,156398,93,465300,227545233,177016
sko100a,greedy,26 92 16 28 11 52 34 6 75 2 23 91 55 68 47 37 50 81 35 44 90 48 96 56 60 25 45 22 40 19 4 24 62 31 3 80 98 39 63 17 78 76 94 88 18 13 1 72 9 43 70 42 30 21 29 99 0 46 69 57 79 73 54 83 95 74 84 27 59 77 82 12 53 51 97 33 66 71 20 64 38 10 41 15 8 93 61 89 49 87 32 5 58 14 7 67 85 65 36 86,155248,480,134359,59635423,177690
sko100a,randomWalk,14 63 72 24 68 22 94 34 55 38 26 62 36 99 61 84 31 54 82 2 43 97 90 96 78 57 46 3 6 52 58 51 20 30 18 16 33 47 12 69 85 10 80 66 25 71 27 91 40 73 41 13 81 88 39 1 32 98 37 15 7 79 49 4 83 74 92 11 93 65 0 45 50 53 8 29 59 48 60 75 67 86 9 89 70 19 87 28 77 21 5 76 42 56 44 17 64 95 35 23,172754,437584,437584,227561703,179356
sko100a,random,1 10 71 68 31 91 25 56 5 80 75 21 50 51 24 28 46 70 58 39 63 2 34 95 85 88 96 11 38 44 84 15 86 64 36 0 83 74 93 29 72 90 66 76 62 57 60 3 8 37 9 42 81 99 49 53 41 73 69 79 47 4 14 48 6 45 27 67 26 89 61 92 59 33 55 65 54 97 43 52 16 35 40 82 94 30 19 22 32 18 87 17 98 20 77 23 12 7 78 13,172926,12706,12706,227567388,178292
sko100a,heuristic,64 26 89 5 70 41 20 28 48 77 14 96 27 49 33 59 81 12 75 43 38 42 85 51 21 80 18 72 22 0 7 88 1 3 84 56 95 8 73 44 92 23 37 45 74 25 30 39 91 65 54 29 53 31 15 97 55 4 68 40 79 61 24 13 99 60 46 62 93 50 87 78 83 66 67 63 47 94 10 34 32 19 52 58 98 76 71 35 90 57 17 36 6 16 82 11 69 9 86 2,171862,0,1,63158,178254
sko100a,simulatedAnnealing,64 36 14 10 53 5 27 54 90 77 82 70 24 94 73 74 62 81 17 96 78 12 4 76 33 83 56 1 79 26 38 0 15 8 30 88 29 13 23 92 32 93 21 51 42 95 84 80 48 19 7 67 18 97 66 55 45 3 35 98 61 85 31 39 68 72 25 50 91 43 86 59 65 58 99 46 11 37 63 89 49 20 87 41 71 60 40 47 16 34 2 44 57 9 69 28 22 52 75 6,152736,1076625,1079100,630954350,174130
sko100a,tabuSearch,64 32 10 90 96 17 38 77 70 19 57 9 94 24 59 78 82 0 36 44 87 33 76 12 4 31 63 89 1 75 5 53 21 42 62 56 93 13 45 35 86 73 30 55 66 71 81 80 49 69 27 58 29 3 41 84 98 37 47 40 14 74 83 97 95 18 99 46 52 6 67 7 85 15 23 51 68 25 60 20 65 92 88 48 72 91 50 22 11 16 79 26 8 54 39 28 61 43 34 2,154562,891,446400,257324574,177668
sko90,steepest,23 61 24 86 7 40 49 30 85 47 41 54 42 59 37 8 55 17 58 74 66 68 14 13 11 9 65 83 29 44 19 72 79 77 89 88 80 82 84 45 38 34 28 2 5 27 62 3 53 25 52 31 18 64 6 36 35 48 50 87 4 32 12 0 71 67 69 46 73 57 63 81 15 20 56 51 43 39 60 26 10 76 78 16 1 75 21 70 22 33,118184,90,364455,174475990,137608
sko90,greedy,85 26 51 39 43 56 18 75 10 78 47 74 87 79 62 6 12 57 60 73 49 27 32 19 48 50 77 15 76 42 55 25 53 83 58 2 68 35 40 70 45 89 31 88 29 36 64 8 67 22 44 82 84 59 37 13 11 71 81 21 30 72 34 46 65 5 14 69 16 33 17 23 38 3 80 9 0 61 1 86 66 4 54 41 7 28 52 20 63 24,117790,441,64816,26932237,138818
sko90,randomWalk,81 72 46 80 48 26 53 77 63 69 57 86 88 44 65 41 12 29 5 85 18 28 89 76 87 43 82 4 35 49 39 52 79 1 50 54 6 20 42 47 0 67 64 11 7 59 9 8 30 75 68 14 33 19 62 2 3 27 13 55 70 31 22 36 71 61 45 66 10 24 56 40 73 25 37 23 34 51 17 58 74 78 15 16 21 84 38 60 83 32,132314,363562,363562,174498011,137650
sko90,random,80 21 53 33 46 48 1 19 25 79 67 43 32 63 75 0 61 73 88 45 31 71 65 37 54 17 22 84 23 9 66 50 12 72 42 47 62 8 3 78 83 58 10 89 70 77 20 76 52 82 15 85 11 41 30 27 59 18 56 29 36 40 69 38 14 87 34 5 4 44 26 51 35 39 68 7 81 2 24 57 86 60 16 28 6 64 55 49 74 13,132856,12920,12920,174499625,136596
sko90,heuristic,85 68 23 20 32 9 44 71 24 21 10 57 48 46 77 79 55 76 52 86 26 38 64 59 13 56 6 34 58 81 47 60 37 88 89 35 50 11 18 78 74 83 80 36 5 2 67 87 15 40 73 0 16 14 27 62 3 12 72 8 75 45 61 65 82 84 43 42 29 41 7 17 53 39 31 28 70 54 22 19 66 49 1 25 51 69 63 30 33 4,131136,0,1,48380,136682
sko90,simulatedAnnealing,86 78 63 81 76 52 19 32 66 4 24 16 12 42 15 54 61 34 28 41 57 18 77 13 50 5 31 72 38 0 73 56 11 62 79 64 82 53 80 20 21 43 14 65 6 36 27 69 46 9 60 75 40 39 51 2 88 84 3 1 22 68 37 8 48 35 67 89 25 71 70 58 29 83 87 55 30 59 17 7 33 10 26 74 85 47 49 45 44 23,116072,832832,834834,438221040,136062
sko90,tabuSearch,10 26 68 11 48 76 86 25 45 19 78 74 16 18 77 55 64 80 63 81 70 58 29 59 35 42 67 89 17 23 73 39 83 13 50 2 53 57 0 71 60 87 62 65 12 27 79 88 72 31 24 43 56 5 36 6 84 28 32 52 22 51 37 14 46 82 34 3 38 7 21 75 40 8 54 15 61 20 9 41 33 47 85 69 49 30 44 1 66 4,117468,752,337176,204917381,135648
sko90,steepest,42 81 68 52 41 1 23 57 7 24 78 74 58 12 28 53 16 73 60 70 26 87 18 31 56 5 83 77 43 33 40 29 14 37 11 45 13 62 65 22 86 48 51 76 6 25 3 50 39 10 49 55 35 79 36 89 72 59 80 20 47 8 64 2 27 67 88 0 46 71 30 15 44 32 84 34 82 9 17 19 85 75 69 54 61 38 66 63 4 21,118310,103,416520,189801972,136630
sko90,greedy,10 26 21 22 29 70 45 33 30 17 48 68 8 55 49 11 59 25 9 23 74 31 6 67 89 16 72 88 80 66 19 87 36 50 77 5 83 44 38 54 76 79 2 35 27 39 47 61 34 63 52 69 18 14 65 13 0 3 28 1 15 32 56 12 62 53 84 82 20 41 81 85 64 42 43 60 58 46 71 4 75 78 40 51 57 37 73 86 24 7,117510,488,113108,48184694,137380
sko90,randomWalk,67 46 22 10 52 0 68 60 17 21 34 35 86 53 27 6 59 29 64 73 79 28 71 47 20 18 69 81 36 56 57 2 89 14 23 50 25 5 70 62 72 44 45 11 55 12 37 82 24 9 88 30 87 54 77 43 66 61 58 80 65 19 74 4 41 8 3 42 38 78 32 49 13 26 83 48 63 7 1 33 75 85 76 15 84 51 40 39 16 31,132018,391123,391123,189815183,135330
sko90,random,28 83 20 15 27 73 39 26 37 4 42 0 45 79 18 60 58 32 81 10 67 63 65 87 84 48 7 6 56 14 33 31 61 76 35 2 62 57 74 16 41 30 80 44 85 43 75 78 36 46 21 24 19 54 11 68 64 71 8 66 82 3 51 72 59 13 89 22 47 9 55 40 5 29 69 23 53 77 88 86 25 12 1 70 34 49 50 52 17 38,132702,13333,13333,189821033,137716
sko90,heuristic,85 68 23 20 32 9 44 71 24 21 10 57 48 46 77 79 55 76 52 86 26 38 64 59 13 56 6 34 58 81 47 60 37 88 89 35 50 11 18 78 74 83 80 36 5 2 67 87 15 40 73 0 16 14 27 62 3 12 72 8 75 45 61 65 82 84 43 42 29 41 7 17 53 39 31 28 70 54 22 19 66 49 1 25 51 69 63 30 33 4,131136,0,1,54516,136650
sko90,simulatedAnnealing,26 85 74 49 47 58 29 44 30 17 10 8 87 55 22 83 70 59 33 45 21 48 43 35 39 67 60 89 25 23 68 6 36 27 50 2 77 88 9 71 18 56 79 65 62 37 57 53 80 7 69 14 64 46 51 31 82 84 3 1 75 15 32 11 5 34 54 28 38 20 76 40 12 19 13 61 16 0 72 41 78 52 81 42 86 24 73 63 66 4,116380,856856,858858,467391102,137262
sko90,tabuSearch,4 23 41 63 52 42 32 81 57 85 7 66 34 54 28 0 15 76 21 75 1 20 61 3 51 50 6 46 69 86 71 38 31 84 67 2 36 35 64 18 9 72 88 89 5 13 12 14 37 40 19 80 16 53 82 27 79 48 8 68 30 59 77 25 83 62 65 11 56 78 24 73 70 60 39 55 49 87 43 58 17 10 33 45 44 47 74 22 29 26,117016,984,441540,273806330,136170
sko90,steepest,23 1 10 30 7 17 71 49 25 45 41 20 59 37 8 67 89 48 74 44 38 52 72 14 9 3 27 55 53 84 34 76 68 6 88 69 79 15 31 19 61 28 5 18 36 35 2 40 64 32 54 0 13 12 65 83 82 42 81 75 66 63 11 56 80 77 46 62 51 86 4 24 16 58 39 60 50 47 87 85 21 33 70 22 43 29 57 73 78 26,117974,93,376470,176772692,135656
sko90,greedy,75 81 8 40 51 87 85 74 26 47 19 32 15 61 42 31 54 38 55 44 69 0 64 84 13 50 2 48 45 29 71 35 67 34 65 88 27 89 25 49 21 22 36 86 14 6 79 72 11 30 46 20 9 80 62 77 82 83 59 17 10 76 43 39 12 56 18 5 58 68 63 52 28 3 78 16 53 37 70 33 4 41 1 24 60 57 73 7 23 66,117804,468,79668,36716330,137438
sko90,randomWalk,46 81 39 64 33 47 75 72 1 86 25 4 37 49 48 3 66 9 67 31 6 22 56 51 62 55 60 30 29 73 50 79 87 84 26 80 58 70 52 23 40 85 35 88 7 89 17 11 41 42 8 2 78 0 68 13 34 53 74 54 27 63 83 69 82 32 45 44 71 19 15 43 14 65 20 38 5 77 57 16 18 21 36 76 59 24 12 28 61 10,131218,349512,349512,176788099,138486
sko90,random,35 5 78 89 83 63 4 61 25 23 46 42 84 81 20 36 31 34 16 40 72 60 17 87 39 51 50 3 15 75 24 53 57 27 32 62 47 70 80 64 71 0 2 76 33 10 43 74 13 59 41 44 30 14 29 67 18 37 26 55 68 8 45 66 49 9 88 58 85 56 79 86 52 73 77 6 82 11 21 28 19 38 12 65 22 69 48 7 1 54,132672,12653,12653,176787187,136246
sko90,heuristic,85 68 23 20 32 9 44 71 24 21 10 57 48 46 77 79 55 76 52 86 26 38 64 59 13 56 6 34 58 81 47 60 37 88 89 35 50 11 18 78 74 83 80 36 5 2 67 87 15 40 73 0 16 14 27 62 3 12 72 8 75 45 61 65 82 84 43 42 29 41 7 17 53 39 31 28 70 54 22 19 66 49 1 25 51 69 63 30 33 4,131136,0,1,49537,137796
sko90,simulatedAnnealing,52 19 86 15 76 68 42 79 78 24 81 32 61 64 0 18 12 57 40 75 41 38 71 20 2 11 13 56 37 7 28 34 46 14 36 5 65 62 43 51 1 31 84 69 67 6 50 16 73 21 63 72 80 53 35 27 77 39 60 10 9 88 3 89 59 8 83 87 70 22 23 54 82 25 45 48 74 29 58 26 4 66 30 44 17 55 49 47 85 33,116180,848848,850850,449756135,136896
sko90,tabuSearch,33 78 10 19 77 16 73 86 63 4 70 56 76 11 62 60 39 80 24 66 21 43 64 50 65 13 0 9 81 17 22 46 36 12 5 83 72 82 28 61 75 57 32 51 67 31 71 88 38 34 26 18 6 2 27 53 45 84 3 52 69 87 15 79 42 89 25 44 1 41 29 35 48 14 55 59 20 54 30 23 68 8 40 37 58 74 49 47 85 7,117236,766,345204,204656122,138450
sko90,steepest,4 86 19 66 84 61 72 38 71 49 41 32 30 17 82 34 31 27 44 47 23 3 55 9 53 88 89 45 25 85 1 46 59 80 64 67 5 36 83 8 28 15 79 69 35 54 6 2 48 74 52 68 14 65 11 77 12 18 29 87 63 76 70 16 0 50 21 33 58 22 81 78 42 62 73 13 56 43 37 40 24 7 10 20 60 57 51 39 26 75,118324,103,416520,192181580,136136
sko90,greedy,86 24 66 80 16 73 78 63 4 33 19 60 54 77 72 0 76 12 81 21 17 39 88 62 13 50 82 11 9 70 45 83 3 65 5 28 56 36 46 52 26 58 29 25 43 53 27 35 64 22 10 74 84 89 67 42 48 6 69 49 55 44 87 59 34 2 79 14 15 30 71 51 38 31 37 20 32 18 75 8 7 47 61 23 57 41 40 68 1 85,118384,399,96749,39722977,137920
sko90,randomWalk,15 75 24 28 11 67 81 17 44 10 61 60 79 21 42 43 50 55 32 56 39 87 34 57 2 52 19 0 14 3 30 64 18 33 54 48 12 83 26 69 85 51 20 88 62 46 84 68 25 35 80 22 47 70 5 53 16 29 13 63 8 9 1 36 59 82 78 58 49 86 7 23 89 6 71 65 77 4 72 40 73 76 74 38 41 27 31 37 45 66,131340,390266,390266,192195120,136842
sko90,random,34 28 55 87 61 37 30 66 24 72 27 50 20 3 89 74 82 2 77 10 40 73 23 70 85 47 38 46 26 35 6 44 0 64 15 84 21 19 56 39 49 76 18 57 88 58 43 86 7 68 54 25 4 59 33 16 53 17 8 11 1 69 36 5 31 48 52 42 51 80 9 29 81 65 71 79 14 12 63 67 78 75 60 62 41 45 32 83 22 13,132310,13137,13137,192204993,137742
sko90,heuristic,85 68 23 20 32 9 44 71 24 21 10 57 48 46 77 79 55 76 52 86 26 38 64 59 13 56 6 34 58 81 47 60 37 88 89 35 50 11 18 78 74 83 80 36 5 2 67 87 15 40 73 0 16 14 27 62 3 12 72 8 75 45 61 65 82 84 43 42 29 41 7 17 53 39 31 28 70 54 22 19 66 49 1 25 51 69 63 30 33 4,131136,0,1,58508,138180
sko90,simulatedAnnealing,81 63 76 78 86 39 43 10 26 21 24 57 16 73 60 56 11 68 70 33 42 37 13 62 77 50 65 58 29 22 52 0 12 80 5 18 83 14 74 40 28 20 61 53 67 64 36 35 48 8 7 71 31 89 51 2 79 59 87 47 1 54 72 88 15 6 27 9 30 49 41 38 34 3 84 82 46 55 69 75 23 4 66 25 19 32 45 17 44 85,116078,856856,858858,465689946,137204
sko90,tabuSearch,44 86 33 21 69 11 68 29 22 26 17 30 46 64 14 18 35 70 58 85 45 84 53 36 6 50 48 55 47 74 25 82 89 27 67 2 79 56 8 87 32 54 3 88 77 15 59 49 83 75 19 34 72 5 12 13 65 37 43 40 38 61 80 9 31 0 62 57 60 39 66 23 52 28 16 76 42 73 78 51 4 41 1 63 81 71 20 24 10 7,116714,725,325134,195181124,137286
sko90,steepest,7 33 86 25 45 17 3 71 23 4 73 60 57 82 53 80 88 84 72 66 22 21 16 77 50 67 89 9 0 63 37 70 29 46 11 13 59 69 20 10 24 58 39 62 65 27 35 34 61 19 8 43 56 83 5 36 48 64 38 54 51 47 74 44 79 55 2 32 28 76 75 78 87 12 18 6 14 15 31 41 40 85 26 49 42 68 30 1 81 52,117546,94,380475,177107960,136804
sko90,greedy,7 37 24 41 54 29 23 17 66 4 78 12 62 42 19 77 80 86 73 63 40 79 65 11 13 16 72 61 49 20 68 56 14 5 27 82 59 8 9 30 18 6 36 28 53 83 89 88 70 1 57 31 46 34 35 58 55 3 38 22 51 32 15 2 50 64 25 84 67 71 75 87 43 76 0 48 45 60 39 10 85 26 81 52 69 74 44 47 21 33,118818,404,54893,23246400,137600
sko90,randomWalk,54 24 29 8 48 40 89 74 73 25 88 87 71 31 43 83 5 72 42 32 34 86 1 37 44 57 18 27 53 3 58 84 51 38 50 22 14 68 80 26 79 7 59 16 4 35 2 69 21 52 10 9 23 41 76 33 62 13 78 11 75 20 6 30 64 67 82 70 28 39 0 17 66 63 77 60 12 19 55 46 85 61 56 47 36 15 49 65 81 45,132204,361540,361540,177120569,136724
sko90,random,30 53 45 83 24 27 61 31 86 58 80 84 40 35 52 82 7 15 18 6 13 55 2 62 11 20 0 78 10 37 38 25 79 88 63 56 87 73 85 34 47 33 48 57 74 32 60 21 42 72 39 22 77 41 8 59 3 5 9 14 49 64 76 43 36 46 75 4 1 44 71 12 69 50 65 54 23 51 66 28 26 81 29 68 67 19 89 17 70 16,132850,12898,12898,177136857,135952
sko90,heuristic,85 68 23 20 32 9 44 71 24 21 10 57 48 46 77 79 55 76 52 86 26 38 64 59 13 56 6 34 58 81 47 60 37 88 89 35 50 11 18 78 74 83 80 36 5 2 67 87 15 40 73 0 16 14 27 62 3 12 72 8 75 45 61 65 82 84 43 42 29 41 7 17 53 39 31 28 70 54 22 19 66 49 1 25 51 69 63 30 33 4,131136,0,1,65143,136634
sko90,simulatedAnnealing,41 24 52 32 81 42 15 75 26 85 7 1 28 31 57 12 6 51 87 60 23 34 0 69 65 62 14 40 43 49 44 61 20 54 13 50 2 39 74 47 38 3 72 88 37 5 79 55 83 30 45 25 89 53 67 27 36 48 8 58 17 84 9 46 82 64 35 56 29 22 66 71 80 59 16 77 18 68 70 33 4 86 63 19 73 11 76 78 10 21,116438,838838,840840,455695558,135302
sko90,tabuSearch,49 52 26 17 85 44 25 45 41 23 1 30 47 9 82 59 72 53 84 4 63 74 3 55 54 28 89 31 38 66 86 81 83 80 88 5 27 19 61 34 24 42 39 65 87 50 13 2 0 32 60 16 29 62 77 15 67 36 64 46 73 70 58 14 12 35 79 6 69 51 22 33 43 48 8 56 11 20 21 75 10 78 57 40 37 76 18 68 71 7,118228,778,349218,209136626,138616
sko90,steepest,4 66 63 80 17 82 86 9 33 30 41 61 54 19 88 45 84 55 44 47 38 34 72 32 27 53 46 3 69 1 23 52 28 5 89 36 64 25 21 49 81 31 12 65 77 67 14 11 15 85 0 42 13 62 2 6 35 50 29 26 71 57 16 43 83 18 48 60 74 87 20 51 76 39 79 56 40 73 78 75 7 24 37 10 59 68 58 70 22 8,117538,114,460575,206479644,138046
sko90,greedy,81 52 30 15 14 48 49 40 75 33 1 76 9 64 12 18 68 8 70 78 63 20 6 67 36 35 42 16 29 22 28 54 88 79 5 77 11 56 73 24 72 61 31 89 27 59 13 37 57 86 41 3 84 2 53 82 83 51 60 58 66 0 34 69 65 50 62 87 43 21 23 38 80 32 46 25 44 39 47 85 4 7 71 19 17 45 55 74 10 26,117704,425,85696,36071882,135184
sko90,randomWalk,21 9 59 62 89 5 50 27 74 47 70 57 56 85 75 51 87 80 44 83 68 79 3 33 25 55 6 32 31 26 35 14 81 22 65 69 72 48 46 84 4 29 20 19 15 16 30 61 39 1 64 0 86 10 23 67 58 60 53 38 73 52 40 36 66 2 37 13 24 7 42 28 77 88 54 11 43 45 71 49 63 41 8 78 12 82 76 18 34 17,132194,417116,417116,206498408,134306
sko90,random,55 74 17 14 56 24 18 62 25 58 33 39 5 57 84 27 65 88 38 63 68 3 45 85 41 35 64 0 21 53 52 29 20 86 70 10 34 48 42 8 75 44 32 22 73 11 79 12 81 78 43 67 7 50 76 49 71 40 72 59 15 61 4 6 2 1 89 13 66 28 54 87 51 77 23 83 16 47 31 36 80 60 30 46 19 82 37 69 9 26,131962,14167,14167,206504046,136826
sko90,heuristic,85 68 23 20 32 9 44 71 24 21 10 57 48 46 77 79 55 76 52 86 26 38 64 59 13 56 6 34 58 81 47 60 37 88 89 35 50 11 18 78 74 83 80 36 5 2 67 87 15 40 73 0 16 14 27 62 3 12 72 8 75 45 61 65 82 84 43 42 29 41 7 17 53 39 31 28 70 54 22 19 66 49 1 25 51 69 63 30 33 4,131136,0,1,62698,136434
sko90,simulatedAnnealing,4 1 71 23 41 34 32 52 24 7 66 63 38 0 61 28 31 57 42 81 19 16 54 72 13 5 12 37 62 51 86 80 73 20 77 76 18 15 43 78 46 3 82 84 11 53 14 56 65 40 69 9 88 89 64 27 6 79 39 75 21 30 67 25 50 2 36 83 60 49 33 70 22 59 35 48 8 87 58 85 17 10 29 45 44 55 68 74 47 26,116230,848848,850850,453345674,137506
sko90,tabuSearch,4 24 78 73 57 12 56 18 68 86 66 16 60 25 53 77 82 11 37 58 17 59 70 72 62 5 83 13 29 54 23 80 3 88 89 65 45 64 84 19 7 9 0 71 31 50 46 2 51 61 41 1 28 38 34 36 32 14 87 44 63 20 76 67 27 6 79 15 8 74 81 30 39 42 43 35 55 69 40 47 10 33 52 49 21 22 48 75 26 85,118112,795,357246,224811276,137906
sko90,steepest,4 66 44 17 45 30 55 49 47 85 23 86 84 82 27 25 3 29 54 26 19 38 64 79 89 53 48 83 58 74 32 61 2 68 72 59 69 88 31 87 34 46 28 5 36 80 35 14 9 8 41 71 18 11 67 77 12 65 52 22 7 51 6 13 37 50 0 70 39 63 1 15 76 16 20 62 42 60 81 10 24 75 78 56 40 73 57 43 33 21,118088,98,396495,189425707,137578
sko90,greedy,41 1 52 15 49 81 42 40 75 24 19 30 20 28 79 76 16 73 60 78 71 34 61 67 48 6 62 7 51 10 32 38 31 27 36 5 12 56 43 39 84 72 0 2 64 18 13 37 57 86 45 25 89 53 35 14 65 50 87 26 23 59 3 88 55 83 77 74 58 47 17 44 9 82 80 11 8 70 22 85 4 66 69 54 46 68 29 33 21 63,117356,462,95396,45694656,137360
sko90,randomWalk,56 19 10 70 39 7 45 86 78 71 81 24 61 13 67 80 16 68 1 4 64 82 55 5 88 38 84 59 72 9 40 8 6 49 54 65 75 47 2 31 23 73 58 36 83 20 14 62 63 87 27 48 30 85 15 17 34 76 11 44 35 12 42 77 33 22 89 41 29 0 60 79 25 52 3 51 74 69 50 21 18 32 66 37 53 28 57 43 46 26,131598,373875,373875,189450933,138356
sko90,random,65 21 5 15 88 86 50 73 41 6 27 43 67 18 29 8 44 74 49 38 60 28 14 56 19 58 1 37 51 46 83 70 89 81 31 39 40 26 54 23 0 80 52 79 87 45 36 66 68 78 4 3 17 63 33 42 48 72 53 25 22 62 57 76 10 2 32 11 9 24 64 55 71 77 34 69 13 82 75 35 7 30 20 85 16 12 59 84 47 61,132226,13444,13444,189455656,136440
sko90,heuristic,85 68 23 20 32 9 44 71 24 21 10 57 48 46 77 79 55 76 52 86 26 38 64 59 13 56 6 34 58 81 47 60 37 88 89 35 50 11 18 78 74 83 80 36 5 2 67 87 15 40 73 0 16 14 27 62 3 12 72 8 75 45 61 65 82 84 43 42 29 41 7 17 53 39 31 28 70 54 22 19 66 49 1 25 51 69 63 30 33 4,131136,0,1,44145,135618
sko90,simulatedAnnealing,33 10 17 45 25 71 7 23 66 4 30 70 59 9 3 80 20 1 63 41 49 55 44 88 84 89 72 28 38 52 47 74 60 39 53 82 73 34 54 24 58 29 67 83 27 2 5 0 16 61 22 35 14 65 11 50 62 13 77 42 8 48 40 36 79 6 37 76 12 19 85 26 87 43 46 15 51 32 31 81 21 68 69 75 64 56 18 57 78 86,116232,836836,838838,457284010,138404
sko90,tabuSearch,26 85 8 58 21 22 70 29 33 30 10 74 14 83 48 68 59 55 47 49 87 60 69 65 35 67 39 88 44 17 75 15 40 43 2 36 46 3 45 9 32 53 18 56 79 6 64 27 89 25 51 12 77 62 50 5 11 84 82 80 31 73 54 37 28 13 34 19 38 72 78 42 20 24 76 16 61 52 86 66 81 57 63 7 0 71 41 1 23 4,117084,727,325134,193447460,136960
sko90,steepest,4 41 1 20 46 9 71 8 7 17 66 23 38 80 3 69 51 75 37 44 61 34 31 72 84 89 88 40 25 59 32 28 53 5 82 27 36 83 45 30 63 54 12 0 65 14 2 87 49 85 57 42 73 62 50 15 6 35 55 47 81 52 77 13 18 64 67 48 74 58 19 16 60 11 56 39 79 70 29 68 86 24 78 76 43 21 33 22 26 10,117204,103,416520,191968173,136690
sko90,greedy,22 75 68 46 69 86 19 32 10 4 70 8 79 35 48 64 84 59 71 41 30 40 56 78 14 82 15 76 20 1 29 37 6 18 36 2 67 89 34 23 85 57 87 73 27 53 25 3 61 28 58 60 51 12 5 54 88 31 38 7 21 43 50 62 77 16 80 9 72 66 33 26 39 11 65 13 45 0 52 63 47 49 55 42 83 74 44 17 24 81,117934,414,56032,23506574,138100
sko90,randomWalk,33 13 82 19 37 41 23 32 34 75 65 9 71 70 53 5 69 26 74 45 73 40 12 59 84 72 25 46 44 80 38 17 81 62 89 36 31 55 4 39 49 60 2 43 3 79 7 61 76 88 51 27 77 6 63 20 0 21 16 66 1 30 42 56 35 15 22 50 87 68 24 52 67 86 11 14 18 47 85 58 78 8 54 48 29 57 64 28 10 83,131410,379972,379972,191982296,138554
sko90,random,49 24 44 29 85 8 26 82 66 48 72 83 36 50 45 74 11 75 38 39 55 37 61 0 27 77 51 71 10 20 14 52 22 40 53 60 31 87 88 76 67 64 89 42 81 18 13 46 68 16 1 41 62 32 28 7 34 5 21 33 35 80 78 47 30 19 57 86 12 4 54 17 23 59 65 84 63 69 9 73 15 43 25 79 2 70 6 58 56 3,132710,13484,13484,191993617,135606
sko90,heuristic,85 68 23 20 32 9 44 71 24 21 10 57 48 46 77 79 55 76 52 86 26 38 64 59 13 56 6 34 58 81 47 60 37 88 89 35 50 11 18 78 74 83 80 36 5 2 67 87 15 40 73 0 16 14 27 62 3 12 72 8 75 45 61 65 82 84 43 42 29 41 7 17 53 39 31 28 70 54 22 19 66 49 1 25 51 69 63 30 33 4,131136,0,1,43068,136290
sko90,simulatedAnnealing,4 66 80 1 38 46 71 7 23 17 41 28 72 34 32 69 84 3 25 45 19 61 9 53 31 64 88 89 59 44 86 0 20 82 65 27 67 35 30 55 52 54 13 5 14 36 2 83 48 49 42 12 77 50 15 6 79 8 87 74 81 76 11 62 18 51 40 37 29 85 24 63 16 57 56 75 68 22 58 47 78 21 73 60 43 39 70 33 10 26,116094,846846,848848,452233660,139154
sko90,tabuSearch,26 57 60 49 87 78 75 8 29 85 74 42 77 83 12 15 73 40 44 47 45 25 53 88 27 79 55 54 82 33 31 62 89 72 50 2 13 51 61 37 19 71 38 3 5 18 11 84 86 58 32 48 67 35 36 64 69 14 46 22 39 43 65 16 6 56 68 70 30 21 10 76 80 28 0 20 59 9 17 7 81 23 52 1 63 34 41 66 4 24,118794,488,220770,130980031,137118
sko90,steepest,66 24 41 81 28 52 34 23 32 7 63 10 1 20 76 39 38 15 43 71 19 61 42 0 13 72 62 31 57 51 54 16 80 12 5 88 65 14 37 75 78 73 77 60 67 89 79 2 40 68 21 70 9 59 50 36 6 56 18 69 86 22 11 64 35 3 27 84 8 46 4 33 30 58 82 83 53 48 87 85 17 29 49 47 55 74 25 45 44 26,117866,101,408510,189017248,136942
sko90,greedy,41 52 9 81 76 86 11 63 78 4 1 30 72 28 61 80 5 68 16 66 38 34 20 64 0 13 18 56 39 24 25 84 3 53 14 46 82 62 73 60 23 59 89 27 40 65 12 37 43 58 45 71 88 67 36 83 77 7 17 70 32 48 31 35 2 6 51 57 10 22 19 15 44 42 79 50 54 47 29 33 49 75 69 8 55 74 87 85 26 21,117840,434,73887,35121856,140172
sko90,randomWalk,63 18 31 74 14 45 34 30 88 16 57 26 33 22 83 44 43 56 65 10 52 7 77 53 6 54 55 40 17 79 38 1 3 70 46 73 5 2 13 68 39 58 89 12 84 41 87 67 59 25 80 71 60 0 50 9 62 36 19 32 86 78 85 28 29 82 11 21 35 23 75 72 27 51 15 64 8 66 48 49 24 81 37 42 61 4 69 76 47 20,131318,377830,377830,189035977,136534
sko90,random,70 50 41 84 38 11 51 52 86 37 53 36 2 27 12 89 5 14 25 15 31 68 22 58 34 3 19 73 75 83 40 64 47 80 56 32 35 55 8 24 88 21 62 46 18 26 65 20 16 29 33 79 54 10 63 49 4 44 74 82 69 43 30 13 42 78 9 72 87 77 66 17 6 61 67 0 81 71 28 57 60 59 23 1 85 76 39 7 48 45,132238,13129,13129,189037747,135434
sko90,heuristic,85 68 23 20 32 9 44 71 24 21 10 57 48 46 77 79 55 76 52 86 26 38 64 59 13 56 6 34 58 81 47 60 37 88 89 35 50 11 18 78 74 83 80 36 5 2 67 87 15 40 73 0 16 14 27 62 3 12 72 8 75 45 61 65 82 84 43 42 29 41 7 17 53 39 31 28 70 54 22 19 66 49 1 25 51 69 63 30 33 4,131136,0,1,48790,136336
sko90,simulatedAnnealing,23 41 1 81 52 42 30 40 49 85 32 34 61 31 51 15 6 87 75 26 7 38 0 20 54 2 79 55 74 47 71 44 72 89 12 13 27 37 48 8 45 84 88 64 67 36 18 14 69 29 25 82 3 53 5 83 65 59 35 68 19 46 28 57 62 50 56 43 11 58 17 80 9 73 60 77 39 76 70 22 4 66 86 63 24 16 78 10 33 21,116118,832832,834834,444434618,136642
sko90,tabuSearch,21 32 22 19 33 71 38 7 66 4 10 43 46 70 34 84 45 17 23 41 40 36 64 65 67 39 80 61 86 24 56 79 37 11 5 59 83 3 58 52 68 14 29 77 13 89 82 55 54 30 76 48 8 35 27 72 88 20 28 63 69 18 6 50 2 31 9 0 42 81 75 15 51 62 16 25 44 47 49 1 78 26 87 12 57 73 53 60 74 85,118168,547,248868,147476385,137280
sko90,steepest,4 71 78 7 37 73 40 75 8 85 1 24 20 51 57 60 43 46 87 26 23 86 42 84 62 53 45 3 74 58 81 32 15 79 56 39 25 82 44 47 28 34 0 2 89 27 65 50 83 49 41 61 13 64 5 67 36 35 55 17 52 38 31 72 12 6 14 88 69 30 63 19 16 59 18 77 80 9 54 29 66 10 76 68 11 70 48 22 21 33,117602,124,500625,225873498,135520
sko90,greedy,47 29 33 49 30 68 54 61 86 66 74 55 11 27 79 2 13 42 16 19 44 17 77 5 12 18 64 38 72 52 45 25 50 80 48 14 89 15 28 76 87 83 9 53 82 3 88 31 57 81 26 60 39 62 56 73 67 0 78 63 51 58 70 65 6 35 59 20 1 10 85 8 43 36 40 69 84 34 32 41 7 22 21 46 37 75 71 24 23 4,118238,377,56369,24094285,137212
sko90,randomWalk,68 70 27 57 49 26 69 38 55 48 45 47 53 43 30 25 39 7 62 9 4 79 44 46 67 72 10 65 36 31 17 59 64 29 11 77 87 63 73 74 41 16 89 18 71 88 5 80 40 34 84 60 82 15 19 28 12 32 24 6 66 2 1 58 35 75 3 21 83 56 0 20 37 78 76 8 51 50 33 13 23 22 86 54 85 42 61 14 81 52,131006,451077,451077,225886934,136554
sko90,random,24 65 1 52 18 10 41 62 63 35 67 22 71 19 57 45 36 44 74 64 13 56 25 76 42 27 33 73 5 81 54 40 77 37 3 7 69 78 28 32 72 8 48 2 88 75 55 49 84 0 23 89 11 50 43 82 4 86 66 26 51 15 87 47 83 16 53 58 21 6 29 39 59 17 80 46 20 14 9 34 70 85 61 79 30 60 68 38 31 12,132422,15583,15583,225904318,135586
sko90,heuristic,85 68 23 20 32 9 44 71 24 21 10 57 48 46 77 79 55 76 52 86 26 38 64 59 13 56 6 34 58 81 47 60 37 88 89 35 50 11 18 78 74 83 80 36 5 2 67 87 15 40 73 0 16 14 27 62 3 12 72 8 75 45 61 65 82 84 43 42 29 41 7 17 53 39 31 28 70 54 22 19 66 49 1 25 51 69 63 30 33 4,131136,0,1,65660,135190
sko90,simulatedAnnealing,26 85 21 22 29 70 47 30 49 33 10 48 87 35 8 58 74 59 55 17 68 69 14 65 11 83 9 88 44 45 75 64 36 46 67 60 53 84 3 25 79 18 6 56 50 2 27 82 89 71 40 15 51 43 37 5 39 54 20 7 19 32 31 62 13 77 34 80 38 23 76 52 12 57 0 61 28 72 41 66 78 81 86 42 24 16 63 73 1 4,116254,852852,854854,466760190,137922
sko90,tabuSearch,4 41 30 33 70 21 29 68 66 17 63 1 54 20 22 9 80 59 23 7 24 16 37 61 0 13 88 34 72 38 86 3 82 84 46 5 6 67 89 71 73 28 14 69 64 11 36 2 25 44 52 53 58 18 35 50 77 27 55 45 42 57 12 8 56 65 31 79 32 19 81 60 74 15 43 62 83 76 48 10 78 85 40 75 47 87 51 39 49 26,117492,977,441540,263859257,139032
tai100b,steepest,28 86 94 74 32 79 67 88 30 37 85 77 82 66 39 87 55 14 24 16 54 70 60 7 73 17 36 69 81 64 44 45 0 95 34 26 80 35 49 47 38 59 25 9 29 84 93 51 33 43 62 1 89 46 3 68 63 8 6 58 21 15 42 56 13 27 19 91 2 75 10 98 5 52 53 48 4 83 72 92 12 31 96 76 97 22 40 11 78 50 41 71 90 61 57 23 99 18 20 65,1261840716,126,628650,326866902,1752337634
tai100b,greedy,81 36 64 28 65 47 80 49 26 69 44 25 84 10 60 1 40 70 5 27 91 6 9 85 3 45 88 67 30 32 79 99 53 38 97 77 19 56 98 86 89 42 87 15 29 52 72 4 8 48 78 68 34 22 33 51 57 14 35 50 13 43 63 83 92 16 37 59 95 12 55 82 31 94 23 71 73 76 0 17 20 93 66 11 41 2 54 46 24 61 75 21 7 39 96 58 62 18 90 74,1224424086,692,73943,35906817,1793565359
tai100b,randomWalk,49 95 42 27 32 55 88 87 89 91 36 24 51 37 6 86 41 28 71 82 96 17 39 30 35 4 99 14 19 2 93 45 9 10 21 94 47 0 20 23 77 5 85 57 54 50 79 43 61 63 68 46 59 25 11 60 70 44 98 18 78 53 80 13 29 8 1 3 83 15 74 81 62 76 56 38 72 84 66 75 40 48 7 34 16 26 12 92 90 31 33 73 97 64 52 65 69 67 22 58,1605168903,558772,558772,326926350,1780750343
tai100b,random,79 33 77 3 81 47 66 91 49 90 95 9 35 83 65 61 30 37 25 89 1 63 96 41 23 43 84 50 97 21 71 62 78 55 0 85 68 48 59 26 18 10 86 38 92 11 16 19 29 93 42 40 74 36 54 27 2 99 87 56 70 67 44 72 14 51 69 31 17 39 15 34 60 98 5 28 6 94 88 7 82 8 13 45 75 12 20 57 58 24 73 76 22 4 52 64 46 32 53 80,1632119345,18419,18419,326917213,1800657652
tai100b,heuristic,87 79 30 49 70 28 65 32 67 86 44 85 47 18 35 74 55 19 1 91 76 13 5 6 45 56 88 37 36 93 81 59 26 73 39 16 75 63 92 38 53 23 9 58 27 40 72 24 84 48 68 17 12 25 94 52 42 2 14 8 0 99 31 11 89 21 4 71 41 83 96 66 10 33 95 98 20 80 29 77 64 69 82 43 15 57 78 60 54 90 62 7 50 22 34 97 61 46 3 51,1468025063,0,1,194382,1776790499
tai100b,simulatedAnnealing,80 65 49 69 64 81 84 44 36 47 26 25 93 71 62 13 0 70 29 77 43 28 15 53 21 35 88 67 30 32 79 39 55 59 54 16 37 63 83 66 96 31 24 58 34 74 41 12 18 92 82 14 27 9 40 5 85 73 10 91 60 56 75 38 57 52 76 23 20 86 4 22 50 98 95 94 19 1 42 33 51 17 45 72 2 61 99 3 97 8 11 46 6 68 78 89 90 7 48 87,1191121577,1277100,1279575,735784379,1803085277
tai100b,tabuSearch,84 81 47 44 30 79 36 88 67 26 49 64 25 12 31 32 29 0 92 94 15 41 48 66 60 50 70 33 1 65 51 23 87 27 10 5 98 14 86 77 76 20 53 57 99 42 40 56 91 71 97 18 35 2 17 80 9 28 46 73 8 38 85 24 62 54 37 16 59 55 83 63 39 96 4 45 6 52 95 69 19 93 89 22 43 75 68 34 11 74 78 72 58 3 82 21 90 7 61 13,1248841423,758,381920,234300163,1746369684
tai100b,steepest,94 32 69 35 30 80 16 88 49 85 81 70 19 40 50 87 38 86 14 53 18 12 43 66 29 95 79 67 36 64 44 60 23 33 10 17 20 76 27 73 71 9 91 62 58 47 93 26 84 51 1 0 13 2 11 8 61 28 46 68 63 6 82 55 92 41 74 21 25 59 54 24 39 96 98 42 83 4 31 77 52 37 75 45 48 89 15 34 3 99 5 90 7 57 97 22 72 56 78 65,1270300837,132,658350,329238557,1782119228
tai100b,greedy,94 81 80 95 44 65 84 36 64 19 69 51 25 75 22 37 2 28 14 46 61 6 82 52 10 60 88 79 30 32 67 53 42 76 62 27 77 87 40 56 50 18 5 78 48 99 20 57 72 23 97 8 59 91 35 98 63 29 7 34 43 13 90 89 74 12 17 9 73 38 85 68 92 4 0 93 1 47 70 49 26 33 66 45 24 41 31 96 71 39 54 58 3 21 55 11 16 83 15 86,1213449861,876,130357,61855520,1844804264
tai100b,randomWalk,14 85 10 95 88 40 69 94 98 1 32 6 42 75 9 53 49 34 80 65 63 31 17 91 11 70 93 36 44 37 52 55 83 26 74 72 16 41 57 89 76 38 46 66 35 24 60 99 29 43 45 97 27 81 20 39 54 51 18 4 87 62 82 67 96 59 33 0 50 8 86 15 23 68 19 56 5 28 61 90 7 21 77 79 12 3 25 47 71 73 30 64 13 58 92 84 48 22 78 2,1584528757,564433,564433,329256494,1813195671
tai100b,random,44 81 58 62 12 3 17 34 10 24 5 42 78 23 79 98 97 56 73 94 95 85 15 36 50 74 11 82 65 93 19 57 38 99 87 2 84 26 72 32 71 1 43 76 88 75 59 28 60 41 69 4 33 6 14 53 46 55 49 61 7 35 27 80 51 48 52 70 83 22 21 31 18 8 68 13 90 54 16 0 40 20 77 91 89 92 30 86 25 66 9 67 37 45 64 63 47 29 96 39,1595699213,18527,18527,329261358,1855223483
tai100b,heuristic,87 79 30 49 70 28 65 32 67 86 44 85 47 18 35 74 55 19 1 91 76 13 5 6 45 56 88 37 36 93 81 59 26 73 39 16 75 63 92 38 53 23 9 58 27 40 72 24 84 48 68 17 12 25 94 52 42 2 14 8 0 99 31 11 89 21 4 71 41 83 96 66 10 33 95 98 20 80 29 77 64 69 82 43 15 57 78 60 54 90 62 7 50 22 34 97 61 46 3 51,1468025063,0,1,52156,1809953502
tai100b,simulatedAnnealing,84 65 69 47 44 26 81 36 49 80 64 93 25 83 31 37 13 70 63 29 71 86 75 53 58 21 88 67 30 32 79 35 96 82 54 12 55 24 66 59 92 16 39 18 6 28 74 85 41 48 68 14 5 9 27 40 10 17 77 60 56 42 73 38 4 34 76 23 20 52 22 57 50 98 91 0 94 1 19 51 33 95 61 99 7 15 2 46 97 45 11 3 89 8 90 78 62 43 72 87,1189568230,1296900,1299375,736939656,1787617870
tai100b,tabuSearch,13 65 44 81 36 84 51 70 1 64 33 93 91 83 55 99 66 77 37 72 48 49 22 80 85 18 88 67 79 32 30 60 10 50 2 19 42 56 5 75 27 40 94 28 14 76 23 20 57 53 58 86 4 68 98 59 89 52 0 90 62 29 38 17 41 6 26 9 47 69 34 16 35 73 24 12 43 63 7 74 92 95 25 15 97 82 78 54 31 71 39 61 21 46 96 11 3 45 8 87,1237705811,576,287680,173677500,1798036323
tai100b,steepest,52 85 19 47 69 26 80 81 49 98 94 28 4 12 66 18 0 14 92 48 75 79 3 60 84 13 88 36 30 44 32 34 31 33 24 91 95 29 37 63 55 16 83 43 71 65 51 1 70 59 35 93 56 72 40 5 99 77 42 9 23 27 46 8 74 57 73 2 17 67 45 68 78 6 87 38 76 53 50 20 86 10 90 82 41 62 97 7 96 11 89 21 58 15 61 54 25 22 39 64,1246322454,138,688050,345059107,1745690464
tai100b,greedy,18 32 79 80 30 49 16 88 67 14 87 25 41 48 23 74 59 12 92 4 96 77 7 5 0 29 81 69 36 64 44 99 63 65 72 13 37 55 83 91 31 66 24 43 2 1 70 33 51 62 71 93 34 85 50 57 75 20 76 6 22 98 10 17 56 9 94 95 19 42 60 27 73 40 52 35 38 26 53 28 47 86 46 78 82 15 89 45 68 61 39 3 11 97 21 8 58 54 90 84,1244374741,878,114022,55547873,1774977820
tai100b,randomWalk,2 86 16 35 37 36 49 99 80 42 95 56 65 0 90 34 52 41 58 8 12 4 82 14 83 47 38 30 93 88 31 63 89 23 44 98 70 48 75 20 33 91 9 17 45 71 46 29 40 53 62 7 25 19 81 3 96 27 68 6 72 51 32 97 77 60 59 61 18 85 64 92 87 11 94 78 28 5 84 22 69 66 54 74 15 76 10 39 57 67 1 50 55 43 73 24 21 26 13 79,1569711024,577323,577323,345078285,1789971296
tai100b,random,12 51 32 41 7 67 23 64 75 47 84 22 79 31 83 60 10 71 61 14 38 39 55 74 99 72 0 62 30 85 20 6 93 58 87 66 70 82 78 95 5 57 98 8 35 27 96 17 33 48 76 91 16 46 68 44 18 34 3 77 37 86 80 56 69 9 29 2 92 88 50 4 53 28 49 36 81 43 24 52 11 54 25 63 65 21 40 94 1 59 15 42 89 97 90 19 73 45 13 26,1584659862,18318,18318,345077155,1704712892
tai100b,heuristic,87 79 30 49 70 28 65 32 67 86 44 85 47 18 35 74 55 19 1 91 76 13 5 6 45 56 88 37 36 93 81 59 26 73 39 16 75 63 92 38 53 23 9 58 27 40 72 24 84 48 68 17 12 25 94 52 42 2 14 8 0 99 31 11 89 21 4 71 41 83 96 66 10 33 95 98 20 80 29 77 64 69 82 43 15 57 78 60 54 90 62 7 50 22 34 97 61 46 3 51,1468025063,0,1,156107,1798232940
tai100b,simulatedAnnealing,84 36 26 69 64 80 49 44 65 93 47 81 17 0 71 13 20 70 76 2 23 12 82 53 57 16 88 67 30 32 79 21 54 96 61 66 37 28 25 39 58 46 24 59 35 14 55 41 18 22 34 74 51 9 1 33 85 95 91 73 10 60 99 4 68 89 38 72 52 86 48 6 98 92 40 42 56 77 27 19 94 5 11 50 29 83 90 31 7 78 63 3 15 45 97 8 62 43 75 87,1194558599,1289475,1291950,741239168,1756228098
tai100b,tabuSearch,16 36 14 65 28 49 64 47 26 18 44 80 41 48 58 87 66 55 23 24 96 6 12 37 42 56 88 79 30 32 67 68 89 76 57 86 77 74 99 91 97 2 72 19 10 27 20 40 4 5 78 52 93 9 34 35 43 17 73 59 75 98 7 33 8 62 51 29 95 1 90 60 11 83 0 81 69 94 22 25 85 84 21 31 61 50 71 38 13 46 3 53 92 15 82 45 54 39 63 70,1235366202,1066,535680,327928433,1788085229
tai100b,steepest,9 67 73 47 30 26 93 88 49 85 17 80 16 89 27 14 86 87 38 29 76 59 3 35 92 82 32 1 70 51 79 61 13 83 66 28 65 91 33 63 46 71 31 12 96 24 37 39 55 54 15 74 42 99 56 36 57 10 60 72 20 19 22 98 11 34 69 52 84 81 58 21 4 6 62 41 64 18 25 94 0 44 48 43 40 77 5 2 75 90 53 68 45 8 97 78 23 50 7 95,1266355983,124,618750,313133408,1718147867
tai100b,greedy,56 77 5 85 69 94 2 81 19 40 42 86 27 63 31 37 13 70 83 29 71 6 61 8 66 55 88 32 30 79 67 62 80 41 0 16 44 91 64 35 18 33 65 92 21 12 25 59 74 96 39 68 17 28 9 10 46 47 26 50 53 60 82 72 57 78 52 87 38 4 15 3 45 99 51 95 84 1 98 20 76 36 43 97 11 24 75 58 7 34 93 54 48 14 90 22 73 23 89 49,1235327905,711,96789,47511316,1765380048
tai100b,randomWalk,57 80 81 13 94 47 46 65 28 59 36 0 44 40 32 72 5 91 66 42 26 98 97 29 15 54 93 88 61 30 92 69 51 67 82 83 38 96 55 41 84 25 99 77 7 16 86 20 64 6 53 58 18 52 1 10 78 14 56 48 73 60 34 3 70 31 11 9 63 17 24 50 37 43 35 19 74 45 8 79 75 68 39 27 2 22 4 71 12 85 90 87 33 76 95 21 23 49 89 62,1610380627,529345,529345,313151036,1792722259
tai100b,random,49 67 72 77 7 26 74 60 14 3 79 38 63 27 41 17 84 85 94 39 21 20 43 29 59 93 18 11 66 88 36 22 50 45 52 1 44 90 71 83 61 16 53 2 69 12 15 35 28 6 40 37 24 62 42 70 4 58 30 73 80 8 54 51 99 81 33 75 19 25 76 65 48 34 47 91 56 13 23 46 78 64 97 10 68 92 9 96 57 32 0 89 87 5 55 31 86 98 95 82,1611784969,16992,16992,313181615,1739867310
tai100b,heuristic,87 79 30 49 70 28 65 32 67 86 44 85 47 18 35 74 55 19 1 91 76 13 5 6 45 56 88 37 36 93 81 59 26 73 39 16 75 63 92 38 53 23 9 58 27 40 72 24 84 48 68 17 12 25 94 52 42 2 14 8 0 99 31 11 89 21 4 71 41 83 96 66 10 33 95 98 20 80 29 77 64 69 82 43 15 57 78 60 54 90 62 7 50 22 34 97 61 46 3 51,1468025063,0,1,81963,1794526247
tai100b,simulatedAnnealing,84 36 93 1 64 33 51 44 65 26 47 70 49 16 71 0 83 37 31 29 11 86 82 38 57 50 88 79 30 32 67 10 56 27 60 40 94 85 19 5 75 2 42 99 97 20 77 76 18 23 78 14 63 98 34 13 12 59 7 90 35 43 92 4 72 68 74 89 91 52 8 48 6 53 9 73 80 17 25 81 69 95 41 45 55 54 28 96 46 66 62 58 3 39 24 21 61 22 15 87,1191652379,1279575,1282050,743155138,1834039939
tai100b,tabuSearch,42 32 52 53 30 86 38 88 87 94 19 77 56 31 41 83 14 37 16 18 85 80 61 17 43 93 79 67 36 64 44 34 51 95 55 33 70 63 13 24 59 71 1 0 62 47 28 84 26 35 66 49 4 98 99 72 6 81 69 68 97 89 92 12 25 90 8 46 2 74 7 29 9 73 57 76 20 50 91 27 40 5 58 75 3 96 78 54 15 21 11 22 60 39 45 82 48 23 10 65,1243504302,1041,520800,314774855,1885740089
tai100b,steepest,5 85 69 86 81 40 42 32 77 19 94 27 56 30 89 49 99 88 72 2 97 65 22 13 28 14 36 92 44 74 12 54 66 16 62 55 67 25 41 39 24 0 96 46 34 80 87 35 59 18 61 37 52 1 38 84 33 51 95 91 50 76 4 43 83 98 70 53 93 64 75 48 7 63 47 23 20 26 10 17 73 9 11 31 78 21 45 8 6 82 68 58 29 3 90 71 57 60 15 79,1255545485,119,594000,297815724,1826612651
tai100b,greedy,94 65 80 92 44 12 19 36 69 70 64 81 35 8 68 67 4 79 6 52 62 17 66 16 53 50 88 26 49 30 47 97 5 76 78 40 77 72 42 27 10 60 56 38 96 99 20 57 86 23 48 87 98 25 43 93 34 0 29 63 7 13 37 9 75 2 14 46 28 85 22 41 73 18 91 74 59 33 95 1 51 84 71 54 83 45 61 3 24 15 89 58 39 21 31 82 11 90 55 32,1240752668,789,112130,56143773,1792710630
tai100b,randomWalk,84 18 81 79 93 69 75 44 19 16 49 36 52 46 76 24 33 17 63 30 47 42 51 28 34 65 11 67 92 83 0 89 41 70 23 99 15 61 80 29 85 2 48 32 54 53 10 27 72 39 71 12 35 59 90 55 40 20 9 26 62 38 94 91 6 95 88 31 96 60 74 56 25 5 1 37 87 3 64 7 58 14 13 82 73 21 4 22 86 45 97 77 57 43 50 68 66 98 78 8,1591322884,513144,513144,297835756,1841191095
tai100b,random,82 78 68 46 71 10 9 51 15 77 85 88 14 63 73 48 83 4 33 29 84 35 27 24 52 40 36 31 47 93 37 28 25 16 1 75 55 96 18 7 92 22 23 90 80 43 57 59 39 30 72 13 95 97 98 20 12 62 6 65 26 91 60 34 61 79 64 74 42 8 56 32 3 0 19 58 66 81 44 49 17 21 38 54 2 86 67 99 89 41 94 11 5 87 76 69 45 53 70 50,1627117026,16791,16791,297888839,1827666197
tai100b,heuristic,87 79 30 49 70 28 65 32 67 86 44 85 47 18 35 74 55 19 1 91 76 13 5 6 45 56 88 37 36 93 81 59 26 73 39 16 75 63 92 38 53 23 9 58 27 40 72 24 84 48 68 17 12 25 94 52 42 2 14 8 0 99 31 11 89 21 4 71 41 83 96 66 10 33 95 98 20 80 29 77 64 69 82 43 15 57 78 60 54 90 62 7 50 22 34 97 61 46 3 51,1468025063,0,1,55437,1827418140
tai100b,simulatedAnnealing,33 44 69 51 81 1 84 36 70 65 64 95 93 85 62 80 94 49 25 0 29 20 72 53 48 58 88 67 30 32 79 54 66 59 82 96 16 35 24 39 21 28 55 23 22 74 41 12 18 92 99 14 10 73 60 13 9 17 43 71 91 27 75 98 57 6 38 7 52 86 34 50 4 76 40 42 5 77 56 26 47 19 8 97 83 61 90 46 45 2 37 15 68 3 11 78 63 31 89 87,1191142697,1289475,1291950,780734166,1809760242
tai100b,tabuSearch,19 64 26 93 44 81 84 36 69 65 47 0 94 86 63 37 83 80 53 31 51 13 76 68 58 54 88 79 30 32 67 22 14 96 34 41 49 59 16 18 57 35 87 61 23 66 55 39 24 21 20 25 4 2 73 17 10 12 92 15 85 9 82 8 48 6 46 75 28 77 3 99 72 74 38 45 52 98 7 29 95 43 62 78 89 11 5 27 90 71 1 50 97 56 60 42 91 33 40 70,1227311857,1254,629920,410503681,1741349009
tai100b,steepest,72 81 6 77 30 67 68 88 79 52 4 74 8 11 59 95 51 70 84 1 33 93 21 43 54 24 32 26 47 49 28 96 35 55 66 16 86 53 85 18 41 98 83 34 94 14 80 22 25 63 31 44 2 92 75 48 90 12 89 7 97 78 76 45 0 3 36 20 19 65 58 73 23 64 27 56 5 87 91 42 69 40 17 57 60 61 10 71 99 29 13 39 82 46 9 15 62 38 50 37,1243851234,122,608850,307697993,1779212790
tai100b,greedy,18 32 14 85 30 80 16 88 49 86 87 94 41 2 46 77 42 36 60 72 48 84 45 59 91 13 79 26 47 93 28 27 4 1 40 69 19 56 10 5 75 20 52 43 7 51 70 33 65 6 92 95 53 17 31 83 73 9 38 57 55 29 22 63 64 58 98 34 44 35 23 12 24 74 99 62 66 8 0 67 25 37 71 89 50 97 54 11 96 21 76 78 68 3 39 82 15 61 90 81,1269528763,744,117287,55657515,1767709638
tai100b,randomWalk,70 47 69 99 32 19 94 4 6 85 95 55 53 10 84 51 60 79 90 0 26 2 46 77 54 83 57 14 30 13 37 29 12 23 74 44 56 64 25 41 58 43 33 63 72 40 78 65 96 88 49 36 28 97 91 52 39 50 42 98 22 38 5 24 1 17 31 59 16 35 34 45 7 3 81 92 89 86 71 68 61 80 87 75 9 48 82 8 11 20 62 21 15 73 27 66 76 67 93 18,1597648788,527984,527984,307716797,1756543282
tai100b,random,96 72 41 58 30 34 32 71 13 29 92 60 28 79 90 86 95 97 8 43 88 9 44 6 65 14 82 16 99 52 42 78 57 45 69 37 56 10 36 70 91 73 63 76 17 84 20 55 39 59 98 0 3 87 49 74 7 47 61 15 51 89 67 19 50 80 68 31 54 46 81 18 23 24 94 38 22 85 66 62 53 2 83 27 77 93 25 64 4 75 40 1 35 48 12 11 26 5 21 33,1616815242,17253,17253,307848259,1837250370
tai100b,heuristic,87 79 30 49 70 28 65 32 67 86 44 85 47 18 35 74 55 19 1 91 76 13 5 6 45 56 88 37 36 93 81 59 26 73 39 16 75 63 92 38 53 23 9 58 27 40 72 24 84 48 68 17 12 25 94 52 42 2 14 8 0 99 31 11 89 21 4 71 41 83 96 66 10 33 95 98 20 80 29 77 64 69 82 43 15 57 78 60 54 90 62 7 50 22 34 97 61 46 3 51,1468025063,0,1,53255,1907728025
tai100b,simulatedAnnealing,84 36 65 26 1 47 33 70 51 64 44 49 93 19 22 69 98 81 14 28 11 52 10 38 48 23 88 79 30 32 67 75 5 76 18 27 77 53 42 56 50 2 40 8 78 20 86 99 72 97 57 4 63 59 43 13 34 91 35 71 16 83 7 12 6 90 73 9 17 74 85 68 92 89 0 29 37 94 31 95 25 80 39 15 54 58 55 21 45 66 46 3 60 41 96 62 24 61 82 87,1195690083,1309275,1311750,753365172,1753444331
tai100b,tabuSearch,74 36 64 70 79 67 65 88 30 12 44 80 92 76 10 20 56 19 27 72 60 37 39 66 22 58 32 26 47 49 28 50 17 23 75 73 40 5 77 81 9 42 69 54 41 95 84 51 14 18 96 25 38 53 87 68 48 86 89 97 13 91 82 83 24 29 94 63 85 0 71 55 31 16 52 4 6 98 33 59 1 35 78 15 34 2 62 3 7 45 99 57 46 11 43 21 90 8 61 93,1256573023,715,357120,219271676,1731183134
tai100b,steepest,35 79 49 69 30 81 80 88 32 25 67 6 16 1 12 47 95 26 51 84 74 33 72 91 52 43 36 65 44 70 64 15 94 31 71 98 28 92 85 19 4 82 0 7 9 37 29 83 93 45 3 63 57 87 22 61 34 14 18 11 58 21 27 76 46 50 53 20 86 77 40 2 38 89 66 39 96 24 54 55 59 41 17 99 48 10 97 60 75 78 73 42 8 56 90 5 23 68 62 13,1245239244,125,623700,312864500,1784924661
tai100b,greedy,33 79 1 64 30 65 49 88 67 51 70 80 91 25 96 37 41 14 54 18 62 26 3 9 15 8 32 93 44 29 36 56 13 19 99 31 24 55 83 71 42 66 63 45 43 28 94 46 2 72 77 47 97 68 76 20 40 6 89 53 50 27 90 73 52 92 69 12 81 17 7 4 98 85 59 35 38 16 86 95 87 84 21 10 22 48 75 58 5 57 39 23 82 60 34 74 61 11 78 0,1277274979,743,89274,43234964,1792294006
tai100b,randomWalk,30 37 6 84 67 79 33 88 44 0 99 1 36 59 86 55 70 16 78 34 15 96 7 23 76 27 14 93 53 51 87 22 4 97 8 39 48 60 11 2 40 5 54 83 63 72 73 18 29 91 28 71 35 25 80 47 74 20 98 10 62 89 42 82 64 58 56 32 19 21 3 95 81 9 43 65 68 26 92 85 13 50 45 61 75 90 17 46 12 66 69 52 38 31 57 49 24 41 94 77,1593349866,540401,540401,312882238,1740175447
tai100b,random,85 9 43 96 83 87 40 20 71 79 17 13 90 4 73 23 15 33 16 18 32 6 63 31 14 36 3 30 24 81 57 93 50 84 25 58 92 22 67 47 94 26 55 42 41 0 72 21 88 35 46 59 66 53 80 8 89 52 5 82 99 65 48 2 64 60 54 11 68 77 19 51 45 44 49 1 34 86 74 70 56 29 39 10 95 28 7 12 98 97 27 37 62 76 91 75 38 69 61 78,1590195385,17487,17487,312890107,1791078539
tai100b,heuristic,87 79 30 49 70 28 65 32 67 86 44 85 47 18 35 74 55 19 1 91 76 13 5 6 45 56 88 37 36 93 81 59 26 73 39 16 75 63 92 38 53 23 9 58 27 40 72 24 84 48 68 17 12 25 94 52 42 2 14 8 0 99 31 11 89 21 4 71 41 83 96 66 10 33 95 98 20 80 29 77 64 69 82 43 15 57 78 60 54 90 62 7 50 22 34 97 61 46 3 51,1468025063,0,1,52519,1814601633
tai100b,simulatedAnnealing,33 36 51 26 64 47 93 44 65 1 70 49 84 94 40 81 19 69 42 56 5 41 3 16 8 6 88 67 30 32 79 68 53 92 89 86 98 77 52 38 48 72 4 46 21 74 85 12 28 82 15 14 71 29 73 17 24 0 62 90 10 60 61 66 18 54 80 37 25 35 55 39 96 59 27 63 7 91 9 13 95 43 97 34 23 50 83 99 31 78 2 57 58 45 11 75 76 20 22 87,1194478867,1314225,1316700,752772867,1711017023
tai100b,tabuSearch,68 81 6 77 30 67 74 88 79 4 52 8 72 49 98 87 38 86 53 89 48 13 62 0 27 10 32 64 44 65 36 50 20 40 34 23 28 14 47 76 75 18 26 60 42 17 85 73 9 5 2 71 45 21 31 15 95 3 11 29 83 55 7 33 19 84 91 51 63 93 56 94 1 43 92 59 16 12 37 35 80 69 96 78 66 97 90 41 58 54 22 57 46 39 99 82 61 25 24 70,1236848514,981,491040,296278635,1789958741
tai100b,steepest,68 79 74 85 30 86 67 88 32 77 81 94 6 40 99 76 23 20 27 50 57 84 62 63 7 95 36 65 44 70 64 60 56 4 48 19 5 75 69 2 72 42 10 92 46 1 52 51 33 98 12 91 17 89 73 9 3 82 21 58 35 80 0 83 28 45 93 26 37 43 15 29 31 47 18 41 16 14 49 87 53 38 66 78 54 97 59 61 55 39 22 11 90 71 96 24 25 34 8 13,1266756954,133,663300,333826955,1837253456
tai100b,greedy,85 67 73 64 30 44 79 88 36 17 93 94 9 41 62 33 91 65 13 63 71 84 22 69 56 5 32 81 70 51 1 76 53 49 23 47 87 14 38 28 50 18 86 42 10 40 26 27 77 20 75 98 3 58 15 82 78 21 45 7 31 43 72 80 19 59 4 8 6 52 60 25 35 11 90 68 12 89 92 29 0 74 66 99 55 48 37 96 54 46 16 97 57 2 39 61 83 24 34 95,1267994300,903,151052,72360121,1857247946
tai100b,randomWalk,26 29 25 83 32 51 52 65 14 37 30 12 95 70 92 11 90 19 4 27 44 13 9 17 3 50 62 88 63 66 24 99 81 98 68 77 0 72 85 54 55 22 8 2 67 48 60 36 64 75 1 57 61 6 84 87 80 49 93 86 28 45 91 39 34 82 73 40 94 43 71 10 46 78 5 53 7 79 42 31 20 69 41 33 59 18 58 74 56 21 23 47 35 76 15 89 16 38 97 96,1604902470,543155,543155,333844858,1786551060
tai100b,random,46 3 34 78 43 77 61 6 57 67 50 1 42 20 80 56 19 31 70 96 88 7 35 4 89 11 58 26 71 48 49 76 98 27 79 72 40 81 53 22 91 62 82 84 95 63 60 8 83 41 12 2 15 9 14 10 32 94 30 97 51 73 87 55 21 36 47 92 99 13 66 29 0 85 33 68 45 39 44 37 74 65 64 23 24 38 52 5 90 59 86 16 69 28 54 93 18 25 17 75,1602215353,17716,17716,333856917,1818774309
tai100b,heuristic,87 79 30 49 70 28 65 32 67 86 44 85 47 18 35 74 55 19 1 91 76 13 5 6 45 56 88 37 36 93 81 59 26 73 39 16 75 63 92 38 53 23 9 58 27 40 72 24 84 48 68 17 12 25 94 52 42 2 14 8 0 99 31 11 89 21 4 71 41 83 96 66 10 33 95 98 20 80 29 77 64 69 82 43 15 57 78 60 54 90 62 7 50 22 34 97 61 46 3 51,1468025063,0,1,63168,1755893602
tai100b,simulatedAnnealing,84 36 26 80 64 69 49 44 81 47 65 25 93 85 10 73 71 17 9 60 62 86 48 74 34 55 88 79 30 32 67 54 50 22 24 41 20 23 76 58 96 16 18 21 82 14 57 28 98 39 66 53 5 77 56 42 91 40 27 29 19 94 8 92 38 68 4 72 52 12 89 35 6 59 70 13 43 1 0 33 51 95 83 15 63 75 78 61 45 11 37 46 99 2 31 97 7 90 3 87,1193101913,1343925,1346400,766146781,1718810068
tai100b,tabuSearch,37 32 52 53 30 86 38 88 87 51 95 98 83 9 10 13 94 70 85 19 20 25 62 24 21 35 36 69 44 79 81 3 43 65 45 47 17 23 73 0 58 71 93 41 96 64 26 84 80 34 59 49 77 76 5 40 2 50 97 11 42 27 75 16 66 18 28 46 14 22 61 39 54 55 33 63 91 1 56 29 31 89 82 8 68 99 72 74 4 15 60 12 57 92 78 48 7 90 6 67,1257164095,829,416640,253493624,1760416941
tai100b,steepest,91 47 49 13 33 70 51 65 1 93 26 32 63 14 53 36 98 44 87 28 60 6 78 35 99 72 88 79 30 81 67 75 42 80 10 12 19 56 85 92 5 2 94 8 15 52 69 4 74 48 82 68 17 90 71 29 89 73 9 38 24 0 25 55 3 11 83 31 37 16 61 21 45 59 27 7 43 86 62 64 95 84 20 96 18 46 41 40 66 57 76 97 39 23 50 58 22 34 54 77,1225819980,138,688050,346611400,1853864849
tai100b,greedy,85 49 64 41 30 79 16 88 67 65 80 87 94 38 13 1 51 70 95 33 7 53 99 34 50 20 32 14 44 28 36 4 40 77 10 69 19 42 56 5 72 52 27 23 57 2 81 76 46 75 48 98 59 74 35 66 18 12 96 62 43 25 21 31 22 39 83 29 37 55 54 58 63 24 9 84 26 17 47 93 73 0 6 3 68 60 45 97 61 11 91 92 15 89 8 71 78 90 82 86,1245061797,904,133472,63244664,1876050680
tai100b,randomWalk,66 79 87 83 37 67 65 30 49 77 85 68 94 13 78 58 20 24 26 35 33 27 55 74 46 71 86 47 80 36 44 23 19 84 9 90 12 14 41 8 38 59 70 75 56 18 6 28 34 29 0 16 63 11 4 81 25 88 7 62 72 32 42 95 64 3 53 61 92 97 50 39 93 69 73 1 40 51 2 89 17 98 15 10 48 31 45 22 5 82 96 57 43 60 76 54 21 52 99 91,1584771359,582919,582919,346629777,1773326212
tai100b,random,7 12 42 9 74 73 58 93 53 51 0 91 90 86 27 41 4 56 77 1 2 69 52 47 35 81 54 65 25 72 68 48 3 59 22 78 16 43 33 13 21 88 14 79 83 95 26 15 38 67 71 57 96 34 44 62 45 87 40 11 85 97 63 17 84 10 39 70 75 46 99 92 76 32 66 23 31 36 49 19 61 24 5 6 60 8 30 28 89 98 55 82 50 29 64 18 94 37 20 80,1600444362,19390,19390,346636561,1767762718
tai100b,heuristic,87 79 30 49 70 28 65 32 67 86 44 85 47 18 35 74 55 19 1 91 76 13 5 6 45 56 88 37 36 93 81 59 26 73 39 16 75 63 92 38 53 23 9 58 27 40 72 24 84 48 68 17 12 25 94 52 42 2 14 8 0 99 31 11 89 21 4 71 41 83 96 66 10 33 95 98 20 80 29 77 64 69 82 43 15 57 78 60 54 90 62 7 50 22 34 97 61 46 3 51,1468025063,0,1,76070,1789337742
tai100b,simulatedAnnealing,93 70 51 47 44 65 84 36 64 33 1 26 95 76 40 94 42 19 20 56 5 6 41 35 92 12 88 79 30 32 67 14 53 72 18 87 85 28 98 38 89 50 86 15 21 52 77 4 74 82 48 68 9 49 73 17 24 63 7 90 71 43 11 37 3 31 80 83 69 16 45 8 55 59 10 60 29 27 62 91 0 13 46 96 34 99 61 97 25 22 2 57 39 78 58 54 23 75 66 81,1193795040,1254825,1257300,716027585,1836526622
tai100b,tabuSearch,64 36 26 25 49 81 80 44 69 65 47 28 84 13 59 70 33 51 1 35 34 8 76 18 99 72 88 79 30 32 67 27 89 83 5 86 63 85 91 53 40 9 38 78 57 77 37 42 74 56 50 68 92 2 52 12 61 46 4 22 7 45 15 3 20 31 6 75 14 21 23 16 58 41 43 0 94 29 98 93 95 19 71 39 62 48 55 60 66 24 17 97 82 10 11 96 90 73 54 87,1225436662,1592,793600,480159011,1767810818
tai100b,steepest,80 32 85 16 14 18 41 28 87 94 86 49 37 29 71 51 84 95 31 83 39 6 75 12 76 20 88 79 30 70 67 10 40 33 60 77 36 44 69 5 27 64 42 19 2 1 65 91 13 56 97 68 93 9 47 26 38 17 73 53 23 58 99 52 74 72 98 48 35 4 46 8 59 92 24 96 54 55 22 0 66 25 61 34 21 62 45 43 57 3 11 78 7 90 15 89 50 82 63 81,1251424084,142,707850,349529613,1854764180
tai100b,greedy,2 70 19 80 44 65 94 36 64 81 69 85 77 13 27 95 33 51 91 84 62 25 21 66 58 23 49 28 26 88 47 63 38 17 83 32 86 37 20 53 50 89 76 22 54 93 87 73 14 57 34 67 4 74 7 52 29 12 92 90 9 75 48 16 24 35 0 59 79 41 39 55 18 96 60 40 5 1 10 42 56 98 99 72 68 31 8 45 6 15 11 71 61 3 97 82 78 43 46 30,1243922796,735,79563,37534073,1825765736
tai100b,randomWalk,36 98 94 93 85 30 19 92 88 56 72 79 69 70 50 65 21 4 16 18 57 26 27 20 89 10 52 14 22 32 9 24 41 55 58 35 96 33 29 23 13 90 60 66 99 31 44 54 86 39 61 3 37 5 43 1 15 97 6 64 38 49 11 63 76 28 77 81 71 25 80 82 83 46 2 67 8 53 84 75 51 7 0 91 59 47 40 34 62 95 78 42 68 45 12 74 73 17 48 87,1591422116,602583,602583,349547083,1795540412
tai100b,random,2 36 86 29 44 98 49 51 78 66 71 13 94 25 61 58 22 97 55 83 69 93 84 45 39 16 85 20 26 65 76 67 28 87 18 43 88 33 30 46 32 72 24 89 91 82 56 54 0 70 81 75 19 3 80 5 23 11 9 10 17 6 34 48 53 15 50 27 90 42 68 41 92 40 99 14 47 8 52 37 74 59 63 96 77 73 35 12 4 1 31 64 21 7 60 95 57 79 38 62,1615995044,19546,19546,349556703,1719887157
tai100b,heuristic,87 79 30 49 70 28 65 32 67 86 44 85 47 18 35 74 55 19 1 91 76 13 5 6 45 56 88 37 36 93 81 59 26 73 39 16 75 63 92 38 53 23 9 58 27 40 72 24 84 48 68 17 12 25 94 52 42 2 14 8 0 99 31 11 89 21 4 71 41 83 96 66 10 33 95 98 20 80 29 77 64 69 82 43 15 57 78 60 54 90 62 7 50 22 34 97 61 46 3 51,1468025063,0,1,146991,1806269975
tai100b,simulatedAnnealing,47 36 33 70 64 1 84 44 51 93 65 95 26 83 63 37 0 94 31 29 62 28 46 53 54 39 88 67 30 32 79 82 35 66 85 16 49 12 80 59 25 92 74 21 58 41 55 96 18 24 61 14 60 73 43 13 9 17 10 71 19 56 23 4 22 76 38 20 52 98 34 57 50 86 40 42 5 77 27 81 91 69 68 99 45 8 75 15 2 89 11 6 48 3 78 97 90 7 72 87,1188006128,1299375,1301850,763653468,1777355788
tai100b,tabuSearch,84 65 69 85 64 94 19 44 36 81 80 2 77 38 99 98 52 93 4 73 72 28 74 16 54 39 88 79 30 32 67 57 23 41 0 18 86 53 76 58 22 50 20 21 61 66 14 96 55 25 34 24 33 70 56 1 91 95 51 27 40 5 6 63 59 71 8 13 37 46 11 35 31 83 47 49 10 26 60 9 17 42 89 3 45 48 78 92 90 97 62 15 82 75 29 12 7 43 68 87,1215894585,1807,902720,547347505,1781234759
tai150b,steepest,118 145 16 3 44 56 18 96 131 37 70 26 80 47 95 62 58 65 19 57 122 149 49 100 68 146 148 25 7 8 24 135 46 29 78 110 5 116 142 11 93 132 92 120 90 84 33 12 127 86 66 94 75 40 0 119 22 15 112 101 107 1 137 102 60 121 124 88 2 30 9 144 123 23 77 83 140 133 143 74 28 76 85 38 113 4 89 91 126 79 31 134 139 43 6 45 136 10 54 130 99 106 69 141 17 104 55 114 14 50 61 115 20 42 81 52 41 117 147 51 21 125 105 63 129 34 111 87 109 36 108 138 128 103 27 53 67 13 72 97 59 48 35 71 73 82 39 64 98 32,516669341,229,2570250,1907011075,648232612
tai150b,greedy,76 99 18 131 114 29 102 122 92 68 71 124 103 35 27 108 146 24 33 110 31 63 1 127 143 47 5 36 81 145 6 129 46 19 118 79 128 72 60 140 112 88 105 132 25 125 61 130 117 20 52 40 12 14 28 0 75 109 100 59 78 22 9 58 135 23 49 106 86 16 43 144 107 2 84 141 93 41 116 13 101 55 82 39 98 37 142 73 149 32 11 7 148 119 17 97 111 133 21 90 120 69 34 77 147 137 30 104 48 64 42 134 51 54 123 50 115 66 26 57 45 74 4 38 138 10 91 44 113 70 83 15 8 136 94 62 85 65 139 80 3 56 89 95 53 126 67 96 121 87,510426468,1667,432561,306723320,658024096
tai150b,randomWalk,40 147 42 134 122 45 49 36 91 125 28 137 25 29 148 77 78 92 64 52 3 98 82 84 5 53 56 21 121 33 9 50 107 114 57 96 24 143 139 63 140 113 58 12 69 48 115 16 75 86 97 26 94 100 87 51 141 93 146 62 70 104 131 123 18 76 80 39 6 126 81 11 44 4 88 112 41 46 130 31 30 144 43 145 8 106 35 119 23 19 111 68 129 38 108 67 133 79 37 2 90 72 109 127 101 117 66 99 54 71 95 55 15 142 17 59 110 103 0 22 14 1 149 116 10 85 73 34 132 74 20 136 105 65 61 47 13 118 60 120 135 102 89 138 7 128 83 124 27 32,617281231,2359798,2359798,1907047256,644965738
tai150b,random,28 138 18 85 92 40 68 9 60 1 106 65 58 146 2 133 64 79 105 49 19 91 93 149 83 42 132 101 73 78 134 29 44 98 7 39 54 124 99 81 139 20 97 8 56 41 24 3 13 88 36 121 125 22 137 142 87 122 108 123 84 11 59 103 62 90 127 31 141 71 27 55 107 126 45 114 100 16 23 102 82 145 74 5 89 4 14 0 21 143 6 140 148 80 70 94 118 128 131 12 15 47 129 113 116 63 86 144 96 136 50 77 147 10 130 52 32 135 61 112 38 48 67 51 110 34 35 25 119 30 115 26 104 75 69 76 117 111 46 109 37 17 72 33 66 120 57 43 53 95,617863774,55600,55600,1907088540,649154002
tai150b,heuristic,110 24 46 87 71 16 146 140 144 126 56 85 70 64 35 18 134 98 145 38 11 148 127 105 114 19 45 51 3 49 119 62 122 15 59 149 142 131 4 101 67 128 93 0 129 34 17 109 61 40 147 22 111 69 12 21 90 138 135 94 92 125 76 104 123 41 141 26 136 2 103 39 52 33 60 116 29 113 78 74 27 81 8 65 50 48 89 95 121 53 102 47 75 107 42 112 9 120 63 72 124 99 84 5 77 108 57 30 28 32 73 132 25 86 23 68 96 139 7 88 43 100 130 118 54 83 36 117 66 91 79 14 13 37 97 31 80 143 1 20 137 44 106 133 6 115 55 58 82 10,620457677,0,1,106558,649031014
tai150b,simulatedAnnealing,39 27 50 102 122 56 146 29 114 103 46 121 108 47 57 24 96 19 60 65 115 135 26 99 59 53 143 5 25 112 148 75 81 89 3 110 51 85 76 94 55 95 126 147 9 80 69 43 42 78 84 109 134 58 66 106 0 31 61 17 90 73 52 41 130 119 101 86 49 6 91 116 88 1 45 28 98 131 72 111 124 30 140 68 48 133 71 145 82 18 118 64 79 74 37 44 141 62 83 117 54 107 100 92 10 2 70 15 4 16 113 8 22 139 136 144 132 14 23 38 129 87 127 125 137 67 138 128 63 120 12 34 36 21 97 13 105 20 40 123 104 33 142 149 7 11 93 32 35 77,503787805,3542158,3547745,2732771344,649637721
tai150b,tabuSearch,121 102 18 48 96 47 118 24 133 19 64 65 30 25 148 38 140 28 120 80 8 147 63 31 105 134 125 71 52 137 79 17 27 128 74 138 39 113 77 119 45 123 91 1 97 90 42 58 0 100 72 36 20 144 103 66 106 143 3 37 139 107 69 6 49 62 44 2 9 23 136 95 16 10 13 149 68 124 104 131 122 29 56 7 57 50 46 112 114 26 60 81 111 129 12 34 145 88 22 43 127 33 40 21 35 14 83 51 73 86 141 85 41 94 61 98 130 55 82 126 32 78 132 135 93 92 87 5 75 109 142 84 67 99 110 11 54 115 108 101 117 89 4 116 76 53 146 70 15 59,521823186,848,637830,544647045,659301804
tai150b,steepest,86 61 39 45 116 46 82 140 33 25 98 97 138 148 6 73 71 31 105 128 7 133 79 63 77 149 91 119 47 120 27 12 24 38 40 11 21 32 52 36 125 35 28 135 90 103 115 94 34 124 145 69 143 5 127 136 108 112 109 68 66 107 54 106 104 80 26 70 131 146 48 132 84 8 3 95 64 96 42 37 18 1 144 110 30 88 23 60 74 65 81 126 130 72 75 118 17 111 141 20 129 147 142 123 93 15 53 57 122 56 92 89 99 121 67 59 87 13 76 4 50 0 43 9 114 22 137 10 19 101 14 83 117 51 55 139 41 2 100 102 113 85 49 29 44 62 58 134 16 78,513828240,190,2134425,1587233987,658820757
tai150b,greedy,137 10 55 11 76 29 85 41 101 0 146 62 58 89 102 44 50 114 37 95 126 82 5 142 94 18 122 92 73 93 141 109 32 98 31 108 143 35 71 103 145 140 110 42 74 86 111 77 120 130 40 148 75 51 83 100 136 79 97 118 20 12 72 48 34 106 21 133 127 53 129 87 67 64 66 68 16 7 3 22 149 104 144 26 30 70 49 131 134 59 135 57 113 116 65 28 25 23 61 107 99 69 138 9 124 88 39 33 60 46 1 121 36 63 6 27 81 112 128 13 91 52 54 15 43 147 117 132 84 123 45 125 115 14 38 80 4 17 119 90 78 47 139 8 19 105 24 56 96 2,509480997,1438,267199,184753159,652756520
tai150b,randomWalk,115 82 3 17 48 96 47 127 52 65 57 12 75 114 20 90 104 55 121 142 42 2 16 66 144 125 11 117 146 19 131 24 1 140 23 80 51 101 43 133 18 41 46 109 37 69 106 99 88 105 120 95 126 93 63 136 137 103 111 91 110 60 62 21 67 44 31 35 6 70 9 89 45 116 100 38 68 149 59 33 5 145 14 40 143 141 74 34 29 7 83 135 78 112 61 79 124 15 28 94 76 4 58 25 53 49 64 22 26 85 134 139 147 54 81 118 50 56 97 123 113 39 130 122 8 77 87 27 132 30 36 32 107 10 72 13 129 86 92 73 0 102 84 71 108 138 98 119 148 128,618617024,2023954,2023954,1587270834,660660476
tai150b,random,10 103 68 56 0 131 45 110 37 86 61 12 99 17 46 64 114 83 109 28 76 7 96 149 97 88 93 60 146 78 73 142 44 58 69 21 123 138 24 105 126 66 19 9 29 1 90 41 139 50 141 94 31 145 132 111 137 67 14 115 62 116 81 54 119 118 38 87 140 147 2 134 11 23 121 133 136 82 124 55 59 47 22 84 129 52 30 51 143 26 6 98 80 70 35 79 127 77 42 74 49 144 25 107 120 18 100 125 108 16 106 57 27 65 43 130 95 117 112 91 148 36 5 48 15 71 128 33 40 63 75 4 102 113 89 32 13 104 92 53 122 20 72 3 8 34 135 85 39 101,620575933,46948,46948,1587298009,665972035
tai150b,heuristic,110 24 46 87 71 16 146 140 144 126 56 85 70 64 35 18 134 98 145 38 11 148 127 105 114 19 45 51 3 49 119 62 122 15 59 149 142 131 4 101 67 128 93 0 129 34 17 109 61 40 147 22 111 69 12 21 90 138 135 94 92 125 76 104 123 41 141 26 136 2 103 39 52 33 60 116 29 113 78 74 27 81 8 65 50 48 89 95 121 53 102 47 75 107 42 112 9 120 63 72 124 99 84 5 77 108 57 30 28 32 73 132 25 86 23 68 96 139 7 88 43 100 130 118 54 83 36 117 66 91 79 14 13 37 97 31 80 143 1 20 137 44 106 133 6 115 55 58 82 10,620457677,0,1,109233,655515092
tai150b,simulatedAnnealing,102 57 41 141 94 134 85 55 0 136 44 135 73 58 86 126 16 49 4 139 144 2 9 38 22 23 91 78 113 15 10 69 70 117 148 65 100 19 8 14 25 96 61 21 138 52 118 125 120 147 20 111 12 77 3 79 66 130 43 27 72 129 60 124 24 33 127 63 88 81 123 46 112 121 68 26 56 76 59 28 62 101 35 40 98 32 37 11 71 95 89 82 54 45 34 42 1 51 17 48 90 74 84 107 106 119 140 30 116 64 137 47 97 128 133 31 39 80 105 6 7 108 149 67 36 75 109 110 99 142 93 145 53 103 143 92 5 87 13 115 83 146 114 18 122 131 104 50 29 132,504054002,3402483,3408070,2572605308,657508452
tai150b,tabuSearch,148 25 29 104 125 53 50 122 77 52 56 147 30 114 132 115 87 146 13 102 141 103 99 67 109 108 142 45 78 93 92 27 134 71 91 113 143 73 32 145 79 39 35 20 105 36 22 17 1 21 128 111 33 0 123 74 97 72 86 15 130 11 139 2 38 58 23 98 10 46 136 16 8 70 69 149 64 124 54 66 80 48 96 84 7 144 121 3 18 131 68 47 138 75 12 129 34 63 127 120 43 40 119 90 6 83 126 95 110 140 116 62 61 4 89 14 76 31 44 85 51 107 88 118 112 9 81 26 133 49 101 37 137 60 106 100 28 94 82 42 5 57 117 55 41 59 135 19 24 65,515532647,1750,1331610,1119622305,641089164
tai150b,steepest,122 92 16 67 89 146 46 132 139 136 85 130 86 134 70 15 108 53 115 125 121 48 111 34 12 87 21 72 84 54 71 133 13 149 94 141 103 116 93 119 6 142 77 124 101 28 2 112 107 90 127 118 40 73 1 33 128 0 66 43 80 135 24 25 45 19 148 82 58 47 106 96 57 98 105 39 126 113 102 27 91 38 10 79 8 11 140 59 32 76 4 35 63 129 143 145 110 97 75 109 36 22 123 99 68 49 44 30 131 64 3 56 7 37 104 26 144 137 95 62 5 74 17 69 83 88 52 78 42 60 61 14 20 147 23 100 9 117 138 120 31 81 114 18 41 65 55 29 50 51,516952989,204,2290875,1677174566,647437521
tai150b,greedy,95 62 114 57 30 140 50 46 26 137 29 123 59 68 31 104 131 64 124 102 81 103 133 129 145 18 60 63 28 118 108 143 71 7 82 149 37 32 33 109 127 11 101 42 67 12 90 51 4 88 21 9 74 17 75 100 40 41 147 97 125 14 13 6 132 119 110 128 138 87 83 8 105 113 34 94 56 115 135 54 148 55 96 25 121 19 3 117 53 126 65 146 112 142 66 72 69 111 48 5 76 20 36 99 38 27 98 122 93 35 52 47 91 73 92 39 24 120 141 77 130 116 107 106 45 61 78 139 58 22 84 43 80 0 23 10 2 136 15 1 79 70 44 134 89 86 144 85 16 49,511934001,1589,451296,313977157,647559068
tai150b,randomWalk,103 17 101 65 81 27 122 149 102 76 85 32 23 87 53 82 113 59 68 106 0 141 34 67 127 132 135 125 142 24 28 77 143 2 94 19 126 38 43 20 89 6 134 99 80 5 57 83 117 138 96 15 50 128 1 111 110 45 123 37 79 139 98 25 33 86 46 91 140 51 36 44 61 48 112 11 93 8 78 29 104 133 144 100 41 107 105 114 55 56 13 4 73 147 90 121 148 116 118 97 18 42 74 131 129 16 145 62 58 95 109 115 60 84 35 14 70 40 124 137 52 63 9 22 136 39 31 49 21 92 64 119 71 10 130 75 26 3 120 47 108 146 54 7 66 72 30 12 88 69,620551412,2131886,2131886,1677255511,655953821
tai150b,random,40 115 117 24 52 129 118 71 49 53 36 95 15 55 109 88 81 114 60 30 35 45 135 14 105 89 120 57 91 51 73 113 5 79 132 22 103 145 127 84 139 8 9 97 54 32 3 102 83 94 133 47 17 26 43 72 101 149 86 121 143 16 111 48 0 85 42 37 56 136 18 31 142 124 67 98 50 77 10 59 108 96 4 62 70 130 25 20 12 38 74 78 46 75 116 65 33 141 138 58 112 66 27 69 122 61 41 131 23 87 39 99 134 76 148 137 90 21 19 92 144 34 29 28 100 1 64 110 11 13 107 125 146 93 123 6 147 80 82 126 68 104 7 63 128 140 119 106 2 44,623132900,49672,49672,1677223589,653822957
tai150b,heuristic,110 24 46 87 71 16 146 140 144 126 56 85 70 64 35 18 134 98 145 38 11 148 127 105 114 19 45 51 3 49 119 62 122 15 59 149 142 131 4 101 67 128 93 0 129 34 17 109 61 40 147 22 111 69 12 21 90 138 135 94 92 125 76 104 123 41 141 26 136 2 103 39 52 33 60 116 29 113 78 74 27 81 8 65 50 48 89 95 121 53 102 47 75 107 42 112 9 120 63 72 124 99 84 5 77 108 57 30 28 32 73 132 25 86 23 68 96 139 7 88 43 100 130 118 54 83 36 117 66 91 79 14 13 37 97 31 80 143 1 20 137 44 106 133 6 115 55 58 82 10,620457677,0,1,107561,650190650
tai150b,simulatedAnnealing,39 73 44 10 76 144 85 62 83 61 16 14 4 70 49 89 3 95 2 113 29 51 110 106 78 146 22 84 140 43 126 94 50 134 137 54 31 121 19 107 117 55 68 115 75 59 109 147 141 148 60 0 25 92 69 74 5 90 101 127 129 111 118 28 72 27 133 24 145 18 123 48 57 47 63 130 56 86 1 91 132 15 8 58 38 6 53 116 96 139 136 23 42 79 99 112 65 66 135 88 9 122 143 100 26 124 64 114 108 30 37 71 103 131 104 81 102 41 98 82 138 77 34 17 12 125 40 13 45 87 67 97 21 52 105 128 119 20 36 120 80 46 11 7 149 33 142 35 32 93,503778416,3424831,3430418,2598550762,654165931
tai150b,tabuSearch,89 76 57 58 16 131 139 70 146 56 123 2 115 21 53 46 104 129 60 22 30 26 44 11 137 81 40 62 24 101 127 49 144 23 7 68 37 1 88 149 86 33 130 103 141 116 54 61 117 90 97 112 43 45 75 17 93 59 19 91 111 39 79 133 63 82 138 140 120 98 73 71 113 77 95 110 122 50 36 92 4 87 67 41 132 18 143 109 29 125 114 145 99 72 135 80 0 3 124 66 142 12 106 84 10 31 27 35 148 119 105 96 47 25 6 128 134 32 64 8 136 38 118 147 51 42 78 9 69 52 107 5 14 48 20 94 83 100 74 34 28 65 108 102 13 126 15 121 85 55,525946028,711,537120,449581398,642771632
tai150b,steepest,8 128 19 15 133 56 96 24 89 91 47 83 121 105 71 65 82 98 118 38 126 115 124 74 67 140 20 17 53 52 39 13 146 50 41 114 55 102 76 81 85 108 4 1 9 63 135 34 0 5 143 42 94 23 14 21 110 138 75 45 92 78 95 62 79 35 44 141 101 134 40 30 37 26 3 77 46 31 111 90 6 132 149 12 7 33 29 113 48 148 25 64 80 60 125 51 122 112 136 99 69 61 36 117 145 11 18 28 109 57 129 32 103 73 59 131 87 127 58 104 120 43 22 88 100 142 139 10 66 2 107 54 84 72 106 68 137 123 27 93 147 86 97 144 49 116 130 16 70 119,520085724,267,2994900,2115326122,649122613
tai150b,greedy,64 30 3 128 138 16 18 144 97 27 126 83 94 65 42 74 134 85 51 119 10 107 14 86 130 35 2 139 113 136 49 54 8 78 147 48 69 58 100 66 9 81 25 33 76 15 99 72 59 12 90 88 111 21 22 1 38 61 11 13 26 103 36 32 109 108 142 87 93 46 115 146 67 53 60 118 47 80 84 137 55 24 133 117 140 39 19 43 105 121 44 96 79 34 23 52 20 120 135 17 0 40 4 91 92 149 56 68 122 132 125 29 102 104 7 57 77 5 114 50 123 73 127 75 124 101 112 95 148 41 45 143 28 63 141 62 37 145 131 129 106 71 70 6 89 31 110 82 98 116,516505999,1655,504757,335278001,652556075
tai150b,randomWalk,78 119 126 28 145 70 79 13 116 59 103 135 51 143 81 76 95 3 127 44 90 5 138 109 18 92 122 148 71 83 33 99 35 38 110 31 77 124 4 1 146 24 62 106 6 75 22 54 36 98 17 41 66 21 49 96 133 149 8 26 57 87 63 131 53 50 12 142 73 82 34 64 91 46 0 89 19 113 120 105 45 55 11 85 141 88 43 48 102 94 118 86 42 40 111 117 114 72 115 140 128 16 61 32 101 74 108 123 23 147 14 15 139 2 47 52 137 125 129 25 132 100 84 9 104 29 67 7 97 56 30 136 68 93 144 80 107 134 121 60 27 130 69 58 20 112 39 37 10 65,617863578,2828973,2828973,2115362208,646124826
tai150b,random,80 47 26 131 133 103 49 125 85 110 14 60 79 112 142 73 104 7 129 18 46 59 48 29 123 86 78 81 140 11 15 93 100 99 30 67 132 16 8 6 141 101 113 44 77 27 147 74 2 25 105 130 94 62 20 69 119 83 57 76 92 21 143 126 51 117 63 139 90 58 107 116 37 144 64 19 1 136 121 128 9 97 56 122 65 33 22 32 106 146 134 89 68 41 124 0 52 148 149 88 45 10 55 35 75 38 36 96 98 24 114 87 61 111 50 118 127 137 84 12 82 17 115 91 53 40 138 135 66 4 109 71 28 95 70 43 13 54 145 3 23 120 31 102 108 34 42 5 72 39,622084466,61638,61638,2115404099,648440738
tai150b,heuristic,110 24 46 87 71 16 146 140 144 126 56 85 70 64 35 18 134 98 145 38 11 148 127 105 114 19 45 51 3 49 119 62 122 15 59 149 142 131 4 101 67 128 93 0 129 34 17 109 61 40 147 22 111 69 12 21 90 138 135 94 92 125 76 104 123 41 141 26 136 2 103 39 52 33 60 116 29 113 78 74 27 81 8 65 50 48 89 95 121 53 102 47 75 107 42 112 9 120 63 72 124 99 84 5 77 108 57 30 28 32 73 132 25 86 23 68 96 139 7 88 43 100 130 118 54 83 36 117 66 91 79 14 13 37 97 31 80 143 1 20 137 44 106 133 6 115 55 58 82 10,620457677,0,1,108256,642538347
tai150b,simulatedAnnealing,59 54 47 108 19 53 146 110 81 124 46 60 143 64 115 112 98 24 123 63 39 36 145 129 67 27 72 75 33 127 133 21 87 128 119 97 1 121 6 105 88 13 116 17 149 45 38 52 141 77 84 109 125 20 103 0 137 131 93 62 8 2 139 10 22 70 89 49 95 144 136 16 44 58 15 26 29 102 68 5 140 57 30 31 134 104 18 92 114 122 79 50 34 28 99 120 111 106 43 138 80 12 142 74 130 101 96 32 7 56 86 71 37 41 11 82 35 40 23 73 91 14 113 48 83 61 78 51 147 117 42 9 107 132 69 3 66 100 4 90 118 85 148 76 55 94 25 65 126 135,502551811,3558919,3564506,2623042615,652697317
tai150b,tabuSearch,41 55 148 19 18 27 7 47 57 149 17 25 133 128 105 28 24 122 125 71 64 33 20 34 77 93 120 21 138 12 118 97 48 81 74 13 142 98 111 82 83 72 119 92 37 67 60 35 103 129 147 123 109 26 143 130 90 31 99 75 112 114 29 110 132 76 59 15 115 89 46 95 104 85 136 6 116 39 11 101 1 56 23 88 96 70 73 38 58 8 141 45 36 131 5 91 79 63 32 43 145 127 113 40 68 108 84 107 53 102 124 44 106 146 66 80 54 121 62 87 117 51 22 14 135 100 9 3 2 137 69 4 139 10 86 49 42 0 61 78 52 134 65 94 126 140 30 144 16 50,520346391,851,637830,535427277,652218201
tai150b,steepest,106 100 65 74 79 56 126 18 82 111 140 136 138 95 47 134 133 96 53 145 71 15 36 130 91 98 67 48 38 37 118 12 35 26 11 58 59 24 32 39 28 57 73 42 54 40 21 78 75 142 120 69 86 97 109 25 93 99 63 119 27 49 31 62 6 132 44 137 68 146 72 64 88 30 128 125 89 108 34 107 103 4 87 143 19 121 113 122 76 94 141 85 9 101 5 7 135 149 77 23 13 92 147 20 127 124 114 115 60 81 129 29 52 123 131 102 104 33 46 50 17 90 117 41 148 66 55 116 22 14 61 45 51 0 1 84 110 43 112 105 83 144 8 2 3 139 10 16 70 80,520994501,212,2380275,1713282967,646719583
tai150b,greedy,33 81 19 117 114 134 41 18 48 141 55 103 27 101 79 102 11 32 78 92 29 145 135 107 5 113 59 9 143 109 122 54 108 106 13 43 93 84 121 94 142 87 50 63 66 86 3 105 75 88 1 129 97 128 120 147 36 124 67 61 69 31 136 139 2 15 6 95 14 140 112 126 76 89 90 37 64 131 125 127 68 24 7 77 149 144 26 137 30 104 28 57 40 51 21 22 72 0 100 60 34 42 99 138 80 62 146 85 4 16 110 70 83 132 44 116 53 115 8 10 45 39 148 12 119 52 25 73 123 111 91 20 17 118 133 23 38 58 65 74 49 46 82 35 96 130 47 56 98 71,518810328,1356,340138,227766089,646050499
tai150b,randomWalk,55 108 15 136 7 61 39 8 60 46 127 86 43 31 95 134 40 85 94 138 110 126 59 87 145 28 82 57 91 113 35 26 70 83 44 47 98 140 14 4 21 76 6 122 72 105 66 24 92 49 96 75 58 27 50 22 42 93 74 104 99 100 143 88 1 11 67 147 0 73 51 103 102 141 9 120 25 116 65 133 34 144 63 16 71 3 131 114 23 130 146 81 149 80 115 29 135 79 12 124 90 18 84 62 20 89 112 111 64 109 142 53 101 17 48 107 19 56 106 30 118 37 41 119 128 129 10 121 123 78 54 148 137 97 77 5 36 69 117 45 33 139 68 32 125 38 52 13 132 2,618880520,2311078,2311078,1713319069,651778987
tai150b,random,74 48 6 129 69 54 95 146 70 30 42 57 126 73 61 50 144 97 103 79 82 55 29 49 85 32 35 134 31 127 130 86 10 44 46 123 45 47 2 92 51 99 14 26 100 83 147 36 143 62 142 53 68 41 137 12 81 0 63 56 22 34 15 108 113 145 102 78 25 115 80 87 24 71 109 110 11 118 133 96 28 19 140 121 16 131 64 20 21 101 141 18 17 122 120 84 27 37 114 136 39 59 5 9 38 104 4 107 98 58 89 7 23 91 13 128 52 65 1 67 66 124 94 40 125 112 93 88 60 3 139 135 119 75 149 116 77 106 105 72 76 148 8 43 138 132 90 117 33 111,623967011,49832,49832,1713363319,629335495
tai150b,heuristic,110 24 46 87 71 16 146 140 144 126 56 85 70 64 35 18 134 98 145 38 11 148 127 105 114 19 45 51 3 49 119 62 122 15 59 149 142 131 4 101 67 128 93 0 129 34 17 109 61 40 147 22 111 69 12 21 90 138 135 94 92 125 76 104 123 41 141 26 136 2 103 39 52 33 60 116 29 113 78 74 27 81 8 65 50 48 89 95 121 53 102 47 75 107 42 112 9 120 63 72 124 99 84 5 77 108 57 30 28 32 73 132 25 86 23 68 96 139 7 88 43 100 130 118 54 83 36 117 66 91 79 14 13 37 97 31 80 143 1 20 137 44 106 133 6 115 55 58 82 10,620457677,0,1,140706,649610758
tai150b,simulatedAnnealing,30 137 70 2 96 44 16 144 22 84 56 121 10 49 23 139 62 58 135 95 89 3 117 94 80 85 0 61 38 55 8 14 15 134 54 59 65 53 4 132 126 146 76 75 147 66 109 67 104 25 42 17 99 115 83 52 69 43 112 124 88 103 27 118 72 48 145 31 68 64 131 140 108 18 106 116 7 37 40 45 86 142 32 130 35 149 73 141 93 101 41 11 91 26 90 100 148 78 51 113 9 74 5 107 92 81 29 57 60 50 79 46 143 102 122 114 19 110 24 47 123 33 120 111 129 20 13 6 1 119 128 97 138 34 21 36 12 105 63 127 136 98 125 87 39 133 28 82 71 77,501370898,3475114,3480701,2554437833,654707387
tai150b,tabuSearch,122 24 146 76 55 85 82 62 108 94 98 73 101 102 83 41 44 71 10 23 70 15 39 4 132 89 69 61 136 14 58 0 116 16 84 6 22 53 2 139 121 144 49 36 54 80 75 88 127 38 90 99 40 67 91 60 106 51 130 145 129 131 118 115 63 28 104 133 111 79 68 134 31 140 59 5 35 32 93 37 142 114 103 11 141 92 50 78 126 110 95 29 124 107 17 1 20 86 3 112 13 117 66 43 48 119 137 87 21 56 12 64 72 52 125 45 46 34 30 123 147 47 74 81 42 26 109 8 113 97 135 120 33 138 27 105 128 100 77 143 9 18 25 148 65 7 149 19 96 57,512401049,1802,1353990,1144876379,642311511
tai150b,steepest,11 149 16 119 2 121 56 64 6 105 96 128 100 19 139 8 70 48 54 97 116 68 72 1 80 134 66 3 86 88 84 124 106 87 142 93 131 67 47 10 43 53 13 145 20 60 109 136 143 33 36 120 51 69 21 104 63 117 110 122 5 24 92 31 27 35 113 102 114 140 103 126 78 76 39 9 7 107 74 81 130 26 144 17 30 23 101 37 55 49 137 41 40 99 147 129 52 115 75 90 123 42 112 127 4 83 50 29 108 146 14 46 61 95 62 85 44 132 89 98 34 77 125 138 15 111 45 38 135 141 12 118 79 59 28 133 94 18 91 0 22 71 82 148 73 32 65 57 58 25,514320437,222,2492025,1782392385,648789311
tai150b,greedy,82 98 65 76 95 56 126 96 133 48 140 117 118 18 85 89 64 19 25 106 2 137 34 78 22 16 107 100 49 148 58 125 139 44 43 50 45 62 30 144 84 29 80 47 23 112 1 105 54 60 88 11 72 138 31 120 21 99 90 20 147 97 119 115 123 81 116 6 17 33 74 35 52 53 128 37 57 28 26 5 94 122 146 135 71 24 41 7 102 55 101 121 79 61 40 51 59 3 66 9 12 83 42 111 113 15 8 70 4 134 69 46 91 136 86 38 10 14 130 132 75 77 104 131 110 149 109 114 143 92 36 145 129 68 124 103 27 67 127 63 0 32 108 73 13 142 93 87 39 141,516448567,1427,222141,158618191,650413879
tai150b,randomWalk,103 107 57 149 28 140 76 58 26 111 55 148 133 121 13 35 23 15 66 79 91 65 39 29 11 2 138 99 40 54 92 53 59 141 120 71 60 100 30 96 56 77 93 136 112 144 5 131 135 47 33 7 32 143 42 132 137 0 81 78 139 3 128 16 62 119 134 34 12 85 1 21 45 105 106 115 70 146 31 116 104 67 63 24 36 75 102 41 90 19 10 113 98 69 68 89 147 126 83 51 74 48 17 18 88 52 117 142 73 20 25 80 127 124 8 125 44 87 72 38 97 130 4 114 43 37 84 145 82 95 110 108 9 14 46 22 49 86 123 129 109 101 118 122 94 50 64 6 61 27,614821750,2345165,2345165,1782477635,651406752
tai150b,random,144 24 19 132 7 127 3 137 96 60 0 104 37 36 52 116 75 98 143 123 97 109 58 110 146 49 118 111 62 113 1 54 41 124 138 128 12 69 63 77 117 40 121 22 53 122 68 149 71 32 130 14 91 133 5 85 94 33 47 142 89 23 136 56 131 106 55 4 8 10 18 11 88 25 119 44 2 126 82 21 84 29 148 35 51 67 50 81 48 108 87 135 57 46 115 66 100 28 38 79 95 20 64 74 145 42 114 141 139 59 26 120 39 134 6 90 76 16 43 107 9 13 140 105 17 27 103 45 129 86 80 31 30 92 34 70 99 65 147 93 125 78 15 72 112 102 101 83 61 73,618119693,52886,52886,1782448178,664009033
tai150b,heuristic,110 24 46 87 71 16 146 140 144 126 56 85 70 64 35 18 134 98 145 38 11 148 127 105 114 19 45 51 3 49 119 62 122 15 59 149 142 131 4 101 67 128 93 0 129 34 17 109 61 40 147 22 111 69 12 21 90 138 135 94 92 125 76 104 123 41 141 26 136 2 103 39 52 33 60 116 29 113 78 74 27 81 8 65 50 48 89 95 121 53 102 47 75 107 42 112 9 120 63 72 124 99 84 5 77 108 57 30 28 32 73 132 25 86 23 68 96 139 7 88 43 100 130 118 54 83 36 117 66 91 79 14 13 37 97 31 80 143 1 20 137 44 106 133 6 115 55 58 82 10,620457677,0,1,249654,647039478
tai150b,simulatedAnnealing,53 60 8 4 80 16 44 10 38 15 85 136 132 83 58 62 139 70 2 14 23 1 105 11 88 56 6 17 3 116 61 22 144 96 117 94 101 55 135 49 19 121 41 34 97 40 52 87 125 128 51 130 66 21 106 93 107 142 137 138 120 48 111 18 28 32 33 79 113 30 77 35 82 134 147 122 50 89 5 99 76 59 98 95 46 57 24 112 29 47 110 146 78 90 13 9 20 69 100 86 84 119 42 43 12 91 133 65 45 126 149 140 141 31 25 73 148 7 71 39 67 118 36 109 37 127 143 108 75 123 63 54 72 92 145 26 129 103 27 74 0 64 124 102 104 68 131 114 81 115,502499363,3503049,3508636,2685809450,628411694
tai150b,tabuSearch,15 32 118 18 76 85 30 102 27 103 113 111 64 107 134 138 108 121 74 96 146 143 141 142 122 126 106 99 24 104 65 109 19 92 50 78 5 47 132 95 110 114 29 84 120 37 83 9 44 147 127 45 115 131 62 129 59 0 133 61 42 52 69 33 20 17 116 14 39 70 117 88 10 8 90 125 71 89 48 93 145 77 7 34 149 56 57 144 13 67 87 53 63 80 123 26 66 135 75 54 79 43 3 72 124 98 60 148 82 46 31 41 140 100 81 112 25 68 51 55 21 1 6 119 40 101 86 49 128 2 4 91 130 97 105 137 22 36 23 12 94 35 136 11 28 58 139 16 73 38,520604740,1306,984720,832116256,651125605
tai150b,steepest,114 103 24 62 58 56 98 19 49 0 146 28 83 122 44 57 16 85 76 53 96 38 22 115 15 50 59 10 89 99 4 21 139 47 36 80 34 121 84 2 125 133 87 9 130 137 20 112 13 66 123 14 48 69 40 61 12 26 43 100 17 60 65 120 147 126 52 74 42 81 51 140 138 88 63 132 29 143 5 145 110 78 32 95 35 92 102 109 108 11 101 18 111 67 104 54 25 118 107 72 117 136 45 75 128 64 144 116 105 70 119 134 97 1 6 30 8 106 86 23 129 148 27 31 91 90 37 93 3 141 73 113 79 94 55 142 77 41 39 127 135 33 149 7 124 82 131 71 46 68,513201645,234,2626125,1881722066,654446315
tai150b,greedy,89 86 46 72 79 140 32 31 102 80 35 124 132 87 113 106 64 108 13 133 98 33 67 63 110 27 60 1 6 88 143 36 39 81 116 138 97 8 128 47 105 74 120 9 94 17 103 145 109 147 42 111 52 78 91 136 20 34 43 131 93 135 37 149 141 70 95 73 41 7 55 96 45 23 77 15 44 121 130 119 48 68 53 107 134 54 62 84 85 3 66 146 61 5 90 92 14 126 51 118 38 69 142 83 25 50 122 24 148 18 65 57 82 26 29 114 19 100 104 30 75 28 12 21 127 115 0 137 99 71 125 76 4 40 11 123 101 59 117 129 112 144 49 139 58 2 22 56 16 10,514508655,1532,516707,347341788,659270163
tai150b,randomWalk,103 133 18 98 68 139 65 8 108 31 7 89 128 13 6 88 71 92 110 97 50 51 54 99 121 82 20 107 35 63 10 74 78 26 27 81 146 102 95 23 85 140 2 64 145 37 100 43 90 19 53 0 36 9 130 22 69 142 62 132 24 109 122 12 45 4 38 77 29 96 56 101 61 14 44 60 30 127 41 138 75 72 93 115 28 16 137 129 119 104 87 46 123 148 76 33 131 40 25 134 86 55 143 17 70 83 106 52 118 117 94 42 116 111 67 125 39 149 73 21 84 80 120 91 58 34 49 141 112 11 66 59 114 5 135 79 1 124 47 147 136 3 15 126 105 57 113 48 144 32,618425712,2538813,2538813,1881755898,660619586
tai150b,random,94 24 134 133 67 138 135 9 2 54 112 65 11 1 93 91 13 128 4 139 21 132 114 149 51 103 88 29 60 140 142 61 126 30 124 123 81 66 12 116 109 7 83 44 63 22 143 69 110 72 144 6 75 59 17 39 5 145 19 53 8 49 80 76 16 106 82 10 146 84 111 36 107 87 120 99 46 95 125 14 40 41 23 73 0 119 115 74 33 26 92 37 98 79 105 15 141 122 118 31 137 38 100 78 148 131 47 45 68 3 86 147 34 71 52 127 90 136 43 20 28 56 96 18 70 50 57 35 48 58 130 97 85 108 121 102 104 77 129 55 117 27 113 32 89 101 64 42 62 25,624273665,55963,55963,1881978279,645885241
tai150b,heuristic,110 24 46 87 71 16 146 140 144 126 56 85 70 64 35 18 134 98 145 38 11 148 127 105 114 19 45 51 3 49 119 62 122 15 59 149 142 131 4 101 67 128 93 0 129 34 17 109 61 40 147 22 111 69 12 21 90 138 135 94 92 125 76 104 123 41 141 26 136 2 103 39 52 33 60 116 29 113 78 74 27 81 8 65 50 48 89 95 121 53 102 47 75 107 42 112 9 120 63 72 124 99 84 5 77 108 57 30 28 32 73 132 25 86 23 68 96 139 7 88 43 100 130 118 54 83 36 117 66 91 79 14 13 37 97 31 80 143 1 20 137 44 106 133 6 115 55 58 82 10,620457677,0,1,445889,661942836
tai150b,simulatedAnnealing,44 62 18 26 57 146 50 24 118 104 29 30 59 19 122 114 64 98 112 81 140 28 108 110 131 46 37 75 47 143 60 124 133 87 36 115 127 67 145 63 129 53 123 74 138 31 45 80 141 34 125 66 21 147 111 84 71 99 77 52 17 73 130 1 91 86 23 15 119 134 20 132 38 8 90 3 121 25 102 51 148 76 95 5 89 55 126 94 56 65 135 96 106 79 54 109 43 103 92 48 72 12 120 68 128 142 7 149 27 33 105 35 13 6 116 93 39 97 11 32 41 0 9 100 101 69 83 61 42 78 22 117 107 137 10 14 4 113 88 40 82 144 49 85 139 136 2 70 16 58,500423832,3458353,3463940,2614487527,644069372
tai150b,tabuSearch,49 16 108 25 89 41 102 19 101 121 96 55 76 56 148 65 146 82 53 78 18 60 114 109 112 29 92 124 110 122 100 5 50 143 62 51 93 126 95 26 37 142 81 84 116 115 61 43 132 104 40 68 66 147 88 14 75 27 42 13 48 87 133 6 80 31 119 44 91 79 52 134 39 140 20 46 149 94 73 24 141 57 59 9 32 7 58 103 23 135 11 71 131 54 28 1 117 3 86 129 127 72 90 69 105 138 33 67 64 97 74 47 77 128 36 120 145 63 83 98 123 34 17 136 111 30 0 2 21 12 22 139 130 45 125 106 118 107 15 137 99 4 144 70 35 38 113 10 8 85,521592970,1509,1130190,959849236,647941950
tai150b,steepest,132 15 122 87 142 57 24 50 43 106 19 110 116 7 93 149 18 29 104 68 48 101 100 78 26 64 114 41 37 49 131 109 95 2 67 123 45 59 107 137 9 11 30 42 102 129 40 52 51 127 103 94 118 147 75 1 145 119 86 120 21 60 111 138 136 82 74 79 125 71 34 98 77 81 124 80 146 8 84 97 6 62 139 13 16 58 44 128 121 47 105 96 143 141 36 115 63 135 54 28 99 108 130 5 113 53 35 23 4 70 22 89 73 134 32 126 144 10 76 56 88 66 17 69 27 112 117 12 0 14 61 33 38 20 3 91 90 55 83 72 92 85 133 31 39 25 148 46 140 65,519886102,209,2346750,1689169438,654714869
tai150b,greedy,121 13 71 28 137 18 133 64 12 149 140 7 117 46 148 31 48 30 25 96 56 58 125 144 139 19 38 2 24 118 65 22 16 8 59 10 26 70 57 49 135 122 100 61 113 68 14 104 132 66 84 138 54 115 21 107 3 120 99 92 5 106 103 87 94 114 110 108 78 50 109 29 141 102 75 33 11 130 17 20 123 27 35 52 32 39 128 63 105 47 119 6 77 0 147 91 90 79 15 72 34 42 80 111 74 4 146 53 83 85 143 76 145 95 62 67 44 134 126 89 136 131 69 97 43 36 93 124 40 129 127 112 9 116 37 81 60 86 142 51 45 98 1 73 82 101 88 41 55 23,512271847,1710,479514,320568309,656928256
tai150b,randomWalk,41 145 140 95 71 86 77 132 149 13 130 1 37 35 102 32 45 92 36 141 0 111 98 16 104 21 15 75 79 66 22 116 57 144 146 8 34 5 49 6 142 76 84 72 12 124 55 33 97 28 3 52 40 143 110 87 80 103 107 51 81 105 62 108 74 10 138 137 85 106 14 44 88 43 18 114 133 134 48 136 96 125 83 46 73 89 64 120 82 148 127 9 123 63 94 26 118 42 93 70 99 91 31 113 122 4 100 117 112 60 69 119 53 19 50 61 128 27 39 38 54 20 30 17 29 25 109 129 115 65 67 7 23 47 121 101 11 147 2 59 90 56 126 135 24 78 139 68 58 131,619359495,2261492,2261492,1689203796,665837232
tai150b,random,5 96 149 133 148 64 76 84 102 106 73 100 0 61 131 41 31 44 13 110 53 132 56 81 54 69 90 72 88 80 75 79 48 57 141 105 16 3 45 8 118 101 15 85 30 12 83 24 4 43 92 144 59 145 94 55 114 87 123 125 108 74 22 82 103 36 128 23 1 11 20 66 111 67 138 97 86 29 2 143 93 40 116 10 124 25 7 27 147 68 78 115 47 9 63 107 109 62 50 39 113 136 126 38 121 134 120 89 42 70 34 119 99 46 130 18 6 77 49 35 122 104 71 98 33 14 26 17 28 146 37 19 135 137 21 91 112 127 140 95 32 142 129 58 117 65 60 51 139 52,614711386,50301,50301,1689231847,653417356
tai150b,heuristic,110 24 46 87 71 16 146 140 144 126 56 85 70 64 35 18 134 98 145 38 11 148 127 105 114 19 45 51 3 49 119 62 122 15 59 149 142 131 4 101 67 128 93 0 129 34 17 109 61 40 147 22 111 69 12 21 90 138 135 94 92 125 76 104 123 41 141 26 136 2 103 39 52 33 60 116 29 113 78 74 27 81 8 65 50 48 89 95 121 53 102 47 75 107 42 112 9 120 63 72 124 99 84 5 77 108 57 30 28 32 73 132 25 86 23 68 96 139 7 88 43 100 130 118 54 83 36 117 66 91 79 14 13 37 97 31 80 143 1 20 137 44 106 133 6 115 55 58 82 10,620457677,0,1,105765,645164673
tai150b,simulatedAnnealing,39 73 85 139 58 16 126 76 44 62 56 83 4 96 95 65 70 89 3 2 121 135 0 117 49 144 14 61 94 22 23 84 55 41 54 59 86 101 78 107 9 11 134 112 106 88 60 143 37 1 43 148 110 75 42 79 99 130 109 108 28 127 124 81 72 32 33 24 103 35 141 46 27 146 120 31 47 80 17 74 113 6 140 136 133 128 105 119 38 15 91 8 90 26 97 100 40 51 19 25 66 116 5 69 7 68 29 18 92 50 142 102 149 131 57 104 122 93 132 114 125 129 21 137 34 77 12 145 138 30 45 52 147 20 123 63 118 36 115 111 10 98 53 87 48 64 67 82 71 13,501817521,3592441,3598028,2700810562,644298809
tai150b,tabuSearch,13 141 118 36 19 18 105 98 128 28 38 27 8 47 63 24 133 64 52 33 48 80 97 72 124 88 34 120 1 46 127 21 81 106 90 25 125 66 43 60 112 45 148 75 114 20 131 50 116 100 130 51 129 55 0 69 107 77 121 7 14 110 58 96 61 9 135 132 101 59 87 11 78 29 57 113 39 111 79 92 82 73 31 138 32 122 35 91 140 71 146 6 41 17 3 115 42 123 117 102 119 40 104 147 16 22 144 49 10 134 2 30 84 137 70 68 86 54 23 139 99 136 76 95 74 142 143 65 37 15 44 5 149 109 83 145 94 4 26 62 12 126 67 56 103 53 89 108 85 93,521312400,1182,884010,744073125,662135061
tai150b,steepest,24 38 144 139 2 7 70 23 49 14 16 61 22 8 39 10 149 116 119 86 55 88 42 58 17 134 100 51 117 0 1 11 41 30 52 125 123 77 73 101 45 141 137 54 111 33 72 112 79 120 127 135 34 66 20 75 107 3 27 131 145 143 31 108 109 46 5 113 68 18 103 29 92 132 63 87 56 128 106 13 84 44 47 43 110 133 121 80 96 105 6 19 90 129 136 69 28 9 130 12 40 138 60 21 48 64 71 35 78 32 115 102 104 124 25 81 148 147 114 82 37 62 142 67 36 95 91 85 94 59 118 99 74 93 83 76 4 57 53 26 97 50 65 98 146 122 89 140 126 15,515095108,218,2447325,1740144041,644368528
tai150b,greedy,8 10 142 105 116 81 7 93 128 97 149 119 47 11 120 6 33 27 106 13 32 124 88 87 131 35 1 80 68 110 121 92 77 18 101 28 109 108 103 138 141 102 113 95 137 111 21 62 45 107 143 5 104 3 40 66 72 99 112 12 34 74 48 91 67 76 83 65 118 85 125 126 94 89 136 59 56 96 25 22 86 49 144 43 70 23 57 135 24 122 44 19 130 63 54 129 26 60 79 37 127 123 30 75 64 73 98 140 133 82 36 71 145 148 31 41 46 114 55 39 17 90 9 61 20 52 58 15 115 78 100 42 147 69 14 139 2 51 117 0 84 29 134 16 53 132 4 50 146 38,513287950,1625,632562,422392757,648854280
tai150b,randomWalk,92 104 9 141 48 140 95 144 127 91 73 52 81 146 12 89 112 26 128 85 38 32 15 137 62 46 57 126 53 30 67 36 29 119 118 71 58 45 103 145 24 42 6 76 33 60 54 116 117 44 39 108 83 78 13 139 87 20 69 21 68 130 138 18 8 19 106 66 133 64 110 50 63 80 109 70 98 37 17 56 102 114 93 28 149 1 34 121 51 59 16 94 5 22 11 4 49 0 135 40 75 3 129 35 65 132 2 123 90 134 10 143 74 99 61 136 14 101 115 88 107 111 47 27 7 82 100 31 23 86 122 105 97 125 43 96 142 55 41 113 131 124 84 77 72 120 25 147 148 79,614114774,2343224,2343224,1740177979,646259981
tai150b,random,21 114 146 89 13 128 67 73 77 23 142 147 43 61 110 6 82 27 64 20 76 18 140 85 52 129 53 145 94 104 148 56 144 7 46 125 141 127 113 139 42 2 115 93 98 62 120 50 58 24 86 79 106 26 3 130 30 55 36 75 143 149 84 33 117 29 0 69 105 134 10 80 31 88 137 136 124 74 9 132 5 121 28 118 96 63 103 16 37 8 14 54 119 25 32 60 135 90 49 99 19 45 123 81 12 38 41 109 11 57 70 126 47 131 138 107 15 87 111 71 78 39 35 95 34 72 83 17 65 116 1 68 51 122 22 4 40 100 59 97 133 91 44 108 66 102 101 92 48 112,623055711,51593,51593,1740197843,658393352
tai150b,heuristic,110 24 46 87 71 16 146 140 144 126 56 85 70 64 35 18 134 98 145 38 11 148 127 105 114 19 45 51 3 49 119 62 122 15 59 149 142 131 4 101 67 128 93 0 129 34 17 109 61 40 147 22 111 69 12 21 90 138 135 94 92 125 76 104 123 41 141 26 136 2 103 39 52 33 60 116 29 113 78 74 27 81 8 65 50 48 89 95 121 53 102 47 75 107 42 112 9 120 63 72 124 99 84 5 77 108 57 30 28 32 73 132 25 86 23 68 96 139 7 88 43 100 130 118 54 83 36 117 66 91 79 14 13 37 97 31 80 143 1 20 137 44 106 133 6 115 55 58 82 10,620457677,0,1,106945,665232101
tai150b,simulatedAnnealing,73 10 133 80 110 46 47 140 112 128 98 105 116 24 31 6 146 39 36 106 53 60 75 63 72 27 13 1 88 67 87 118 64 124 145 127 143 81 129 115 123 108 33 51 111 138 3 43 137 97 77 45 125 66 52 84 34 132 28 54 5 40 93 11 59 7 101 149 142 144 99 56 26 134 148 4 85 8 61 14 38 95 89 15 70 76 126 113 62 83 91 44 12 120 90 147 71 48 74 17 21 42 79 20 131 122 18 50 92 29 68 35 109 57 114 104 102 103 30 32 37 78 9 100 82 86 94 117 136 0 141 19 107 69 135 49 22 65 25 130 119 96 139 23 41 121 55 58 16 2,500741884,3480701,3486288,2596616923,635904793
tai150b,tabuSearch,7 13 58 146 53 35 136 86 62 101 89 40 49 44 56 95 37 130 115 85 81 33 72 123 127 46 75 137 112 129 88 124 60 143 131 102 145 68 71 76 134 54 108 103 107 83 147 90 78 9 66 17 31 34 69 43 51 4 99 5 120 94 135 100 106 122 24 25 148 126 138 140 65 19 92 119 6 41 2 1 10 144 16 22 84 121 70 23 110 116 97 139 14 61 109 12 0 74 42 117 20 3 55 28 118 59 57 64 48 50 79 104 111 26 114 98 82 29 30 18 36 67 113 77 142 39 125 149 11 63 32 27 93 15 132 45 91 52 73 141 21 133 87 47 80 38 105 96 8 128,518581459,1749,1309230,1103841910,656475662
tai150b,steepest,59 118 41 60 51 18 50 55 46 110 114 112 148 81 29 126 146 65 88 122 96 144 11 14 1 19 58 117 3 73 23 61 56 24 27 128 39 105 133 121 80 47 140 120 125 45 74 36 147 21 20 69 12 33 42 63 22 5 84 31 142 4 79 77 92 141 78 134 130 113 93 32 86 35 67 26 57 94 9 137 25 2 30 135 64 104 106 107 48 34 66 87 7 116 28 90 149 17 43 40 0 138 97 100 91 119 16 70 44 8 13 132 136 10 6 49 38 52 139 15 111 131 99 75 109 129 54 95 123 53 145 72 143 115 124 37 62 68 127 103 101 85 76 71 89 108 83 82 98 102,516112119,230,2581425,1848353479,647194173
tai150b,greedy,32 10 15 11 23 56 70 38 67 116 89 6 58 16 132 144 53 8 17 139 87 45 86 20 52 2 93 1 125 13 149 36 7 115 34 12 97 123 128 119 105 137 21 148 28 127 25 69 112 75 88 99 120 81 22 9 63 135 54 26 117 74 37 24 138 82 27 19 111 98 65 18 118 68 136 14 50 4 49 110 57 55 126 59 140 76 51 101 73 91 41 39 147 129 100 43 42 84 33 77 40 60 66 90 48 80 30 96 106 46 107 47 72 124 133 104 121 130 131 64 94 143 5 92 145 103 61 113 3 95 141 78 114 0 79 108 102 31 122 109 142 134 44 85 29 71 62 35 146 83,510998105,1661,591013,394156738,642023817
tai150b,randomWalk,134 84 36 76 140 116 96 148 106 21 47 102 72 97 142 33 46 5 31 1 121 2 40 93 92 105 108 122 88 138 65 128 38 13 107 85 52 95 64 117 50 8 12 137 58 60 123 27 74 37 118 113 66 11 57 14 79 10 39 44 124 4 62 111 141 99 147 19 9 115 80 75 32 133 112 98 70 29 82 135 143 119 86 49 71 42 6 78 69 55 125 25 26 17 120 59 20 61 48 81 100 67 130 16 23 126 90 91 127 132 56 139 34 89 77 73 51 15 30 83 28 109 53 18 110 0 144 41 101 131 35 87 43 22 68 63 145 3 104 146 136 54 24 129 45 94 149 103 114 7,619184766,2492397,2492397,1848389209,641197760
tai150b,random,136 98 105 85 1 37 121 28 147 109 5 144 0 43 145 11 20 36 60 102 82 79 13 149 111 138 49 51 4 104 101 127 38 75 47 58 32 107 33 3 14 131 73 64 83 45 65 134 44 24 40 2 34 31 113 81 71 55 80 18 103 26 70 8 117 115 133 27 132 61 87 96 89 12 78 72 97 90 59 91 54 84 118 146 126 42 19 122 48 140 130 100 15 86 69 95 123 108 16 29 67 128 22 110 142 39 41 76 106 66 92 68 124 116 137 119 114 21 148 6 141 94 129 99 93 125 112 50 30 57 52 35 74 88 53 143 135 63 46 7 139 62 56 17 10 23 120 77 25 9,624598850,55207,55207,1848390155,655766251
tai150b,heuristic,110 24 46 87 71 16 146 140 144 126 56 85 70 64 35 18 134 98 145 38 11 148 127 105 114 19 45 51 3 49 119 62 122 15 59 149 142 131 4 101 67 128 93 0 129 34 17 109 61 40 147 22 111 69 12 21 90 138 135 94 92 125 76 104 123 41 141 26 136 2 103 39 52 33 60 116 29 113 78 74 27 81 8 65 50 48 89 95 121 53 102 47 75 107 42 112 9 120 63 72 124 99 84 5 77 108 57 30 28 32 73 132 25 86 23 68 96 139 7 88 43 100 130 118 54 83 36 117 66 91 79 14 13 37 97 31 80 143 1 20 137 44 106 133 6 115 55 58 82 10,620457677,0,1,109618,653916275
tai150b,simulatedAnnealing,133 94 114 103 108 146 122 50 92 5 24 78 143 47 29 27 102 57 104 110 56 81 4 59 60 46 109 76 89 26 112 99 53 95 127 75 129 62 131 124 123 37 115 45 2 101 135 120 43 107 40 141 137 80 63 0 88 111 84 105 33 15 128 8 1 23 149 6 97 144 13 70 119 116 132 83 98 64 118 74 19 31 140 145 71 82 85 138 18 79 113 134 28 21 34 54 125 72 68 87 67 106 22 36 86 10 16 96 130 44 93 32 7 11 49 139 121 142 58 35 77 69 66 12 136 52 3 51 147 117 14 61 90 48 20 100 42 17 38 9 30 73 148 126 39 91 25 41 55 65,502846751,3469527,3475114,2588510534,661113458
tai150b,tabuSearch,57 104 7 30 117 19 23 16 49 135 144 137 88 139 2 96 22 70 100 8 116 61 148 97 69 25 6 128 45 42 10 90 14 66 41 55 51 39 1 86 73 43 3 31 130 91 127 123 79 149 33 20 13 93 0 129 107 40 134 142 124 72 110 140 112 146 24 95 131 46 26 126 37 47 75 28 52 101 15 133 65 38 71 119 11 58 17 12 4 125 21 56 111 68 34 138 77 120 9 136 84 113 54 121 87 32 108 83 27 35 80 82 106 62 44 94 85 141 98 103 74 81 99 118 145 60 115 92 147 53 5 63 78 143 102 67 36 76 59 109 105 50 48 29 18 114 132 64 89 122,515124101,1456,1096620,921327236,645466372
tai256c,steepest,41 195 193 86 80 67 236 188 43 160 142 82 125 227 99 74 140 253 71 138 255 54 111 60 203 21 121 173 242 24 186 169 94 244 123 12 69 225 48 155 166 0 35 190 101 18 114 39 104 232 133 65 234 33 7 91 46 181 152 77 198 238 163 215 146 118 229 212 26 89 56 135 112 29 129 31 116 52 221 148 159 201 3 178 249 79 183 207 208 251 108 246 49 216 32 59 70 9 217 117 113 151 37 25 194 103 200 55 247 191 214 2 84 228 143 50 110 8 153 137 97 106 93 218 185 42 139 150 100 96 62 222 171 224 130 197 204 38 128 40 219 213 177 199 27 158 124 174 78 16 88 134 36 72 81 164 196 57 172 235 156 233 223 19 127 14 176 44 240 226 211 145 202 170 5 107 105 75 64 180 28 66 109 187 167 230 102 87 192 115 243 182 92 126 210 61 53 239 20 154 76 245 131 175 205 254 85 165 68 23 83 206 237 22 144 220 189 11 122 119 30 4 179 241 1 47 15 161 120 231 6 63 51 248 58 162 45 250 147 13 90 98 132 73 184 17 95 149 157 168 141 34 252 136 10 209,44892440,38,1272960,1989575481,54126160
tai256c,greedy,133 194 113 11 98 118 59 161 111 179 183 109 144 68 224 232 217 230 14 143 191 213 1 255 181 26 168 174 80 157 196 155 164 21 65 205 61 187 90 200 237 124 44 24 78 55 73 9 76 192 101 16 105 3 116 153 130 29 172 166 6 252 120 53 170 138 235 18 103 247 215 41 147 242 244 209 202 48 220 222 38 135 50 70 250 47 227 107 126 88 83 35 154 54 39 20 71 4 122 245 253 63 163 199 198 64 214 49 221 0 87 173 240 32 100 115 197 236 99 218 12 208 238 146 79 182 2 243 125 36 175 72 104 219 233 249 226 74 25 132 45 186 89 108 231 190 5 228 201 19 117 37 142 23 86 254 17 82 46 112 56 13 52 158 31 150 69 102 8 57 129 223 178 180 77 134 137 229 148 169 119 145 203 93 75 188 123 152 97 241 211 131 84 10 27 136 248 28 216 185 212 160 81 42 62 162 139 140 234 149 43 7 206 141 128 225 251 184 51 204 30 159 22 246 239 110 121 60 151 94 91 156 177 106 15 193 210 33 189 207 127 66 195 58 176 167 165 67 114 95 40 85 92 34 96 171,44930436,295,1735760,2556082162,54042898
tai256c,randomWalk,45 162 206 180 103 148 25 31 219 236 171 166 240 87 250 59 151 164 83 1 177 98 125 233 249 254 48 32 8 158 157 100 215 40 197 68 223 203 108 106 49 57 131 214 211 117 227 160 246 134 189 37 79 74 42 34 130 149 243 70 15 61 145 208 91 168 73 19 29 3 102 119 155 105 28 229 181 201 6 111 65 213 136 122 191 237 93 12 112 140 99 174 88 95 56 18 62 80 55 128 198 27 255 253 71 170 159 115 252 118 53 167 39 17 126 60 5 101 97 121 178 248 33 76 7 63 90 23 26 120 176 161 169 11 4 231 165 144 30 22 193 196 139 109 72 0 146 16 142 192 13 185 107 200 123 173 234 113 225 172 21 41 20 241 132 239 24 137 228 86 244 218 64 69 184 221 43 124 183 235 226 81 14 35 187 216 89 129 204 156 75 78 127 116 84 46 2 141 247 67 186 194 135 205 138 47 143 188 36 152 92 245 175 190 207 82 85 150 230 220 51 154 210 66 179 77 38 232 199 9 153 209 94 114 110 238 182 202 10 54 251 147 133 58 212 217 224 104 195 163 222 44 96 52 50 242,49282846,1153193,1153193,1989679578,52447262
tai256c,random,243 221 46 152 105 170 13 84 222 131 50 42 246 234 24 192 213 89 99 156 187 182 82 160 227 91 5 167 79 106 247 10 236 36 169 145 29 39 179 49 149 195 123 101 100 4 32 2 114 92 74 75 217 127 119 208 142 189 186 107 41 238 43 45 138 161 191 175 209 172 94 194 21 214 122 59 35 233 197 8 231 118 206 174 155 185 159 16 140 54 40 215 255 33 134 253 130 237 211 25 53 14 151 144 38 150 115 7 81 184 162 229 18 153 34 97 90 202 250 204 180 128 251 245 200 93 12 165 137 132 88 66 3 240 230 31 95 87 96 207 210 19 109 216 198 73 98 239 27 254 83 64 163 70 44 20 177 147 183 55 117 1 228 176 223 171 158 157 76 148 129 154 173 178 9 111 205 80 225 85 201 242 47 136 113 203 212 77 68 26 48 60 126 219 112 17 141 196 125 37 248 124 193 63 121 133 226 56 22 199 241 0 181 232 108 190 103 116 51 67 6 220 78 58 65 218 104 72 235 143 61 224 15 62 30 28 11 102 166 23 69 86 57 71 164 139 110 168 52 120 146 249 188 252 135 244,49899166,20529,20529,1989783724,52649590
tai256c,heuristic,192 166 255 254 253 252 251 250 249 248 247 246 245 244 243 242 241 240 239 238 237 236 235 234 233 232 231 230 229 228 227 226 225 224 223 222 221 220 219 218 217 216 215 214 213 212 211 165 210 209 208 207 206 205 204 203 202 201 200 199 198 197 196 167 164 195 194 193 191 190 189 188 187 186 185 184 183 182 181 180 179 178 177 176 175 174 173 172 171 170 169 168 92 93 94 95 96 97 98 99 100 101 102 103 104 105 106 107 108 109 110 111 112 113 114 115 116 117 118 119 120 121 122 123 124 125 63 64 47 129 130 131 132 133 134 135 136 137 138 139 140 141 142 143 144 145 146 147 148 149 150 151 152 153 154 155 156 157 158 159 160 161 162 163 81 128 127 126 91 90 89 88 87 86 85 84 83 82 1 80 79 78 77 76 75 74 73 72 71 70 69 68 0 67 66 65 62 61 60 59 58 57 56 55 54 53 52 51 50 49 48 46 45 44 43 42 41 40 39 38 37 36 35 34 33 32 31 30 29 28 27 26 25 24 23 22 21 20 19 18 17 16 15 14 13 12 11 10 9 8 7 6 5 4 3 2,98685678,0,1,566060,52128826
tai256c,simulatedAnnealing,180 6 148 208 83 222 244 154 21 111 93 108 139 171 152 30 36 8 250 122 190 214 156 130 235 241 113 18 188 51 254 23 91 25 58 169 226 193 239 88 53 247 62 145 70 128 167 184 175 80 163 118 66 120 105 15 217 43 165 40 252 73 98 197 178 55 16 79 85 158 115 220 205 126 33 141 3 150 28 103 76 48 229 133 45 211 199 232 202 176 11 100 121 10 160 65 143 181 195 9 187 52 116 99 213 77 97 131 129 60 56 5 24 147 137 64 102 27 206 234 218 209 161 19 22 29 200 170 146 136 71 4 59 174 123 63 34 81 251 157 54 189 50 166 164 207 231 94 14 249 203 95 44 228 31 240 191 87 74 104 215 35 75 86 134 32 39 67 127 68 225 216 42 242 230 221 219 7 233 179 20 173 204 237 101 183 245 117 84 243 61 90 162 168 159 96 142 238 172 69 155 227 17 144 186 246 49 153 13 151 57 110 37 192 72 112 182 0 38 196 124 125 201 140 46 224 41 2 177 106 212 248 210 135 12 1 185 119 198 78 92 236 47 255 107 26 109 194 82 138 223 89 149 132 114 253,44865876,10738560,10754880,18417411363,53899822
tai256c,tabuSearch,25 57 172 228 130 239 225 39 92 89 2 124 11 162 232 100 181 98 249 87 157 75 199 85 151 139 19 22 210 245 8 4 113 193 142 51 115 235 243 147 45 34 179 154 42 107 127 189 110 64 136 187 230 252 95 119 30 72 159 121 149 204 54 176 117 81 213 247 102 184 202 145 63 15 196 169 240 166 17 32 68 217 66 237 13 28 222 37 207 60 78 174 99 116 61 195 94 138 234 132 161 155 69 46 48 150 84 126 82 123 248 38 188 246 120 254 160 244 144 71 6 128 91 73 16 1 214 227 14 242 108 86 218 3 114 104 177 9 79 10 109 192 158 137 221 168 5 26 105 111 83 47 44 180 198 255 163 53 50 76 31 186 152 148 0 55 183 135 205 241 146 197 167 23 7 96 97 178 18 191 201 209 153 164 175 80 170 203 21 129 185 140 70 156 208 90 134 250 211 229 88 226 40 212 236 74 93 131 215 251 233 143 220 65 33 182 29 173 56 190 77 27 219 141 223 171 59 20 112 58 253 41 206 101 231 49 122 35 118 216 125 103 52 165 67 36 200 106 12 24 238 133 62 224 194 43,44955908,1457,1927235,3115218899,52055634
tai256c,steepest,120 114 228 196 23 35 147 111 201 206 172 66 38 55 49 31 25 162 249 72 215 91 122 27 60 12 181 77 32 68 85 100 42 6 239 160 97 209 20 192 57 234 230 80 83 150 102 167 187 132 251 112 164 159 137 135 87 145 194 105 189 198 219 204 8 2 117 152 94 53 191 211 157 108 245 253 14 232 142 62 221 139 226 240 45 79 17 243 74 125 170 184 146 127 161 88 176 195 51 50 47 96 168 244 174 252 199 0 52 5 197 118 153 202 48 216 255 233 34 179 224 248 203 166 10 65 210 64 90 138 119 123 93 250 214 98 126 227 106 225 254 11 75 101 235 205 247 18 246 222 173 16 141 171 200 40 149 229 103 129 116 185 7 193 163 3 15 109 21 188 218 78 104 95 30 156 81 236 144 158 46 19 165 24 54 136 76 22 99 140 36 86 143 59 63 223 43 128 131 110 113 92 177 9 58 231 13 180 124 69 29 241 175 154 73 190 37 39 107 183 208 89 84 220 182 26 4 130 33 151 242 217 44 121 212 134 28 61 238 169 82 148 213 41 67 56 70 155 207 186 133 178 71 115 1 237,44917112,43,1436160,2228435442,51494920
tai256c,greedy,213 140 165 89 117 177 146 127 60 10 152 218 167 72 187 148 192 228 8 64 100 121 246 199 40 235 14 36 32 201 190 102 155 238 123 142 51 223 75 31 231 163 159 46 63 173 194 249 34 226 22 243 150 170 29 66 160 96 182 184 77 204 55 27 209 240 12 5 138 81 104 135 85 113 221 17 58 53 83 25 125 128 253 92 19 70 216 196 2 115 94 106 232 237 90 28 215 3 217 108 59 252 157 107 15 189 188 227 186 68 11 134 220 176 224 80 198 114 144 18 225 126 109 42 154 244 222 39 122 35 169 45 13 78 171 161 245 147 67 210 116 1 98 149 129 33 61 164 145 254 21 84 202 191 20 69 233 118 131 91 183 255 86 71 44 205 219 175 74 247 158 151 212 62 43 0 180 136 139 41 195 65 229 95 143 141 97 111 99 251 82 26 185 23 174 241 52 203 47 38 153 234 37 24 206 239 208 54 73 207 6 250 166 200 168 214 16 130 103 79 105 120 132 172 236 101 248 181 133 7 48 156 56 119 137 230 49 110 197 162 76 4 193 179 124 88 242 93 112 211 50 87 178 9 57 30,45013688,254,1438778,2177750103,53402562
tai256c,randomWalk,100 129 32 254 242 189 229 20 1 115 152 137 126 131 175 161 79 5 207 210 162 94 195 60 165 119 84 33 92 213 127 201 216 85 59 9 241 106 30 49 198 105 15 228 111 122 186 38 26 156 6 141 13 81 181 109 247 61 134 249 104 224 18 146 154 173 56 187 82 65 221 40 202 159 248 139 35 69 70 251 178 231 235 52 196 42 89 193 45 87 27 113 41 73 199 183 78 123 144 230 239 47 158 58 77 75 83 68 99 209 194 212 22 121 197 130 10 184 243 124 72 7 46 95 29 185 101 0 238 140 37 108 96 237 148 217 214 114 110 180 227 255 107 44 12 76 80 67 62 164 244 225 39 188 172 74 203 118 64 182 151 155 171 211 168 170 147 143 166 250 233 179 97 51 245 234 17 36 4 176 93 54 71 120 55 223 218 16 2 136 43 50 31 236 153 253 19 160 215 116 112 125 11 206 190 25 192 135 133 3 191 98 128 48 63 132 14 102 252 222 57 66 246 208 204 232 138 23 149 169 220 90 86 174 177 163 8 53 157 200 145 205 240 34 103 24 117 219 226 88 167 142 150 28 91 21,49161958,1288300,1288300,2228540775,52851134
tai256c,random,230 146 205 191 38 96 248 90 220 92 9 12 240 203 152 33 142 140 141 238 210 57 72 31 229 162 121 68 75 202 199 70 3 43 55 250 98 186 101 244 60 131 180 106 124 77 227 87 71 254 25 119 81 114 20 7 236 66 209 4 49 232 58 19 46 245 37 120 110 10 219 83 107 54 15 8 134 145 1 163 39 255 89 200 177 21 117 156 176 174 126 105 28 36 228 241 160 144 6 34 76 168 5 118 195 223 204 226 137 181 84 61 130 63 159 197 221 218 85 47 52 112 113 129 242 235 172 234 48 188 171 187 138 151 198 150 231 193 27 26 17 243 157 103 93 179 44 91 206 239 136 94 252 148 122 237 30 246 128 247 170 64 18 147 215 139 213 123 183 78 143 88 82 53 97 207 42 16 217 11 169 111 165 109 167 132 62 214 173 65 104 178 182 56 222 13 23 184 50 127 161 74 116 40 135 125 102 35 153 108 225 133 22 45 2 164 95 253 80 14 212 224 100 67 201 194 79 59 175 149 86 115 233 154 41 166 24 73 251 0 29 32 99 158 208 192 190 211 51 155 185 196 249 69 216 189,49792006,22868,22868,2228606330,53329834
tai256c,heuristic,192 166 255 254 253 252 251 250 249 248 247 246 245 244 243 242 241 240 239 238 237 236 235 234 233 232 231 230 229 228 227 226 225 224 223 222 221 220 219 218 217 216 215 214 213 212 211 165 210 209 208 207 206 205 204 203 202 201 200 199 198 197 196 167 164 195 194 193 191 190 189 188 187 186 185 184 183 182 181 180 179 178 177 176 175 174 173 172 171 170 169 168 92 93 94 95 96 97 98 99 100 101 102 103 104 105 106 107 108 109 110 111 112 113 114 115 116 117 118 119 120 121 122 123 124 125 63 64 47 129 130 131 132 133 134 135 136 137 138 139 140 141 142 143 144 145 146 147 148 149 150 151 152 153 154 155 156 157 158 159 160 161 162 163 81 128 127 126 91 90 89 88 87 86 85 84 83 82 1 80 79 78 77 76 75 74 73 72 71 70 69 68 0 67 66 65 62 61 60 59 58 57 56 55 54 53 52 51 50 49 48 46 45 44 43 42 41 40 39 38 37 36 35 34 33 32 31 30 29 28 27 26 25 24 23 22 21 20 19 18 17 16 15 14 13 12 11 10 9 8 7 6 5 4 3 2,98685678,0,1,324069,53163328
tai256c,simulatedAnnealing,193 182 254 243 77 235 111 218 206 171 191 197 134 201 22 174 241 20 5 169 137 160 89 212 2 13 82 84 178 167 92 87 75 210 152 195 224 94 70 11 63 164 248 104 231 229 49 216 250 154 64 17 101 97 31 159 24 237 37 156 58 130 119 41 112 199 52 223 186 34 55 189 9 246 141 60 147 43 0 149 122 126 28 46 99 124 116 204 107 145 67 72 100 163 7 139 95 252 144 45 165 175 183 192 219 132 88 251 155 217 228 121 213 242 25 19 105 91 117 115 33 6 240 133 221 185 226 65 207 177 118 125 15 205 198 74 39 103 16 12 194 129 200 110 225 138 14 86 211 140 27 30 53 62 123 38 161 29 255 151 98 238 81 61 51 80 102 187 44 176 227 146 79 23 54 184 73 153 220 150 202 1 233 90 215 128 214 56 113 71 209 230 3 249 179 127 135 143 172 208 36 131 188 170 26 196 136 69 234 244 222 203 142 47 40 66 106 59 96 239 68 120 157 247 190 32 4 93 168 76 245 85 180 181 18 232 108 83 173 10 42 158 148 236 35 162 57 50 48 253 78 109 114 8 166 21,44891764,10722240,10738560,17146917243,53663334
tai256c,tabuSearch,122 83 73 196 215 143 244 64 112 110 14 115 162 148 3 154 171 26 120 237 194 213 51 12 203 223 133 235 130 53 105 185 230 78 157 9 46 108 191 7 140 218 233 183 88 145 225 181 118 160 1 71 49 151 125 206 211 68 86 22 91 192 137 248 5 179 36 76 220 31 174 177 200 166 189 39 242 43 61 56 32 58 255 18 168 95 97 29 100 250 66 24 149 45 252 184 48 23 92 50 182 158 111 72 232 254 69 47 131 205 163 207 80 193 67 197 8 128 27 167 219 101 63 212 199 82 172 253 15 123 165 35 96 4 236 170 241 25 217 247 214 136 180 114 156 175 246 221 60 0 135 81 126 52 195 106 138 201 116 55 98 209 164 119 144 169 173 85 104 251 198 129 239 16 208 186 231 75 216 77 190 222 204 210 89 159 40 93 134 141 132 90 94 2 41 37 42 103 178 38 74 10 62 33 6 19 121 124 54 150 109 113 44 243 70 28 187 59 188 153 20 11 146 17 240 57 229 226 84 139 65 234 87 13 152 224 147 227 176 79 245 142 127 155 202 21 107 228 117 249 102 161 99 238 34 30,45022824,1517,1992565,3215272192,52541666
tai256c,steepest,206 84 101 156 118 158 233 58 160 208 235 34 227 254 166 9 218 19 225 111 184 65 252 216 126 78 82 143 17 93 106 201 43 130 210 170 239 45 73 24 133 153 180 112 197 204 31 221 148 247 32 145 141 97 76 191 187 199 245 71 103 178 80 121 242 151 212 4 26 91 39 13 250 99 56 230 51 108 193 54 0 173 28 139 6 69 163 116 136 88 63 37 214 217 150 189 16 226 122 42 61 244 110 202 213 161 155 127 186 241 55 228 66 120 20 38 157 107 124 11 211 132 92 57 162 36 219 115 177 172 146 222 123 64 224 182 238 79 12 25 85 205 96 229 129 192 149 142 167 114 90 59 50 125 154 44 248 249 2 215 190 134 152 137 8 164 144 102 147 165 131 171 236 98 74 135 48 198 100 62 196 231 253 52 138 185 47 119 113 188 30 207 203 23 234 10 75 77 159 194 140 72 105 220 40 81 117 22 70 3 29 15 200 175 21 86 251 195 168 14 27 89 209 53 18 174 60 243 83 237 183 5 104 49 255 169 1 240 7 246 95 179 94 46 223 35 41 68 232 67 109 176 128 181 33 87,44915290,48,1599360,2421595547,53138584
tai256c,greedy,72 140 170 93 70 58 45 99 8 11 129 209 150 66 146 78 138 238 215 41 178 6 223 81 51 188 96 253 90 218 185 49 63 26 174 157 1 68 247 221 195 161 23 18 227 60 95 36 110 244 206 55 38 183 180 32 165 236 28 203 155 176 250 163 21 3 242 108 125 114 212 123 87 135 143 120 31 198 85 153 230 240 102 105 75 168 117 144 200 14 233 132 182 142 196 255 167 254 141 249 91 2 4 20 73 184 217 16 115 204 0 84 210 9 187 121 47 54 220 30 62 232 126 19 137 162 107 190 219 80 186 243 92 59 40 229 67 213 79 228 158 98 159 173 124 205 202 248 97 130 224 131 181 216 235 33 76 145 50 57 179 56 106 225 231 237 113 74 199 48 52 29 148 101 64 15 118 166 25 24 169 151 116 127 122 111 246 171 139 39 88 53 251 177 82 252 22 42 86 149 207 133 194 89 175 103 94 5 100 172 193 37 83 211 226 128 160 12 156 104 7 61 192 119 44 239 136 154 241 13 10 17 147 109 189 134 245 35 46 69 152 214 197 77 234 65 27 191 201 222 34 112 71 43 164 208,44980826,231,1436511,2064106836,51559684
tai256c,randomWalk,64 94 223 101 104 28 33 31 46 215 151 100 58 216 39 128 111 60 228 157 136 18 48 49 122 88 109 131 89 146 55 70 188 165 77 126 26 11 43 234 242 221 239 75 254 5 168 246 222 181 32 85 163 124 54 184 248 154 81 25 252 14 80 204 178 211 217 51 180 193 212 210 108 230 166 52 240 118 138 113 158 186 21 169 115 0 192 8 35 155 219 13 225 172 191 245 173 129 98 16 231 162 196 140 110 71 59 76 251 197 96 127 144 153 44 99 201 123 133 107 220 205 241 114 160 72 253 156 90 214 207 183 78 176 69 189 194 73 105 97 61 20 236 238 206 179 137 27 10 167 209 116 182 91 40 199 255 175 4 87 86 74 93 17 235 195 134 117 95 12 244 83 41 68 170 1 79 121 226 63 65 66 112 45 177 171 132 92 227 174 36 229 19 145 218 233 159 125 53 37 82 3 120 67 213 62 152 29 9 139 249 30 243 56 232 50 130 84 143 147 106 187 119 247 57 24 150 149 161 38 224 6 47 102 42 208 202 2 185 164 198 142 22 7 15 203 141 237 148 250 23 103 200 190 135 34,49472554,1477303,1477303,2421799699,51700180
tai256c,random,11 188 252 110 6 113 205 127 218 33 220 87 219 214 75 18 73 161 225 120 71 244 7 204 208 210 217 35 91 211 148 135 57 49 41 189 243 17 212 122 53 199 143 166 190 156 168 80 152 64 164 179 106 183 250 14 172 157 233 105 50 173 232 63 88 139 72 195 226 34 125 10 136 45 169 46 98 90 55 104 150 124 78 31 77 4 2 160 132 223 224 191 47 137 251 21 203 236 155 181 149 221 171 9 248 66 182 112 254 119 20 102 178 167 76 108 74 177 176 197 42 48 103 3 0 185 234 165 39 229 209 238 95 158 222 200 36 62 237 184 30 82 118 249 28 52 175 29 81 215 206 147 227 24 61 27 186 245 253 154 85 123 239 92 153 111 121 94 170 101 54 230 138 228 93 246 255 56 128 37 240 5 162 231 163 99 97 146 134 84 1 159 15 79 116 241 130 100 151 44 59 67 19 51 23 242 65 22 26 216 187 96 40 201 198 193 194 70 131 141 58 89 109 83 129 86 117 145 68 235 133 144 174 13 32 202 69 192 180 126 8 107 38 114 247 207 140 196 115 25 43 16 142 213 12 60,50139828,25206,25206,2421723673,54630098
tai256c,heuristic,192 166 255 254 253 252 251 250 249 248 247 246 245 244 243 242 241 240 239 238 237 236 235 234 233 232 231 230 229 228 227 226 225 224 223 222 221 220 219 218 217 216 215 214 213 212 211 165 210 209 208 207 206 205 204 203 202 201 200 199 198 197 196 167 164 195 194 193 191 190 189 188 187 186 185 184 183 182 181 180 179 178 177 176 175 174 173 172 171 170 169 168 92 93 94 95 96 97 98 99 100 101 102 103 104 105 106 107 108 109 110 111 112 113 114 115 116 117 118 119 120 121 122 123 124 125 63 64 47 129 130 131 132 133 134 135 136 137 138 139 140 141 142 143 144 145 146 147 148 149 150 151 152 153 154 155 156 157 158 159 160 161 162 163 81 128 127 126 91 90 89 88 87 86 85 84 83 82 1 80 79 78 77 76 75 74 73 72 71 70 69 68 0 67 66 65 62 61 60 59 58 57 56 55 54 53 52 51 50 49 48 46 45 44 43 42 41 40 39 38 37 36 35 34 33 32 31 30 29 28 27 26 25 24 23 22 21 20 19 18 17 16 15 14 13 12 11 10 9 8 7 6 5 4 3 2,98685678,0,1,322088,52821474
tai256c,simulatedAnnealing,108 8 242 90 215 186 62 75 35 67 175 1 164 179 198 188 203 30 53 50 5 70 87 139 252 196 105 132 32 15 169 237 45 130 220 122 115 23 232 117 41 110 222 135 100 142 127 173 249 234 154 102 65 194 85 176 80 152 207 217 93 60 97 79 120 13 11 26 43 183 38 18 73 56 145 166 244 190 209 200 227 20 82 162 239 246 213 156 125 240 128 149 123 24 89 172 253 3 229 126 40 235 224 206 204 238 17 187 124 4 170 16 218 91 57 150 223 33 153 99 48 9 74 157 121 236 138 98 49 39 219 96 231 83 214 25 88 72 27 177 6 255 143 76 185 202 46 94 161 112 201 37 107 19 195 58 86 44 118 182 241 66 113 31 225 0 245 116 250 160 106 61 151 197 212 193 12 254 84 180 226 140 54 136 95 210 134 221 77 159 71 181 191 133 158 141 22 36 114 171 63 104 14 51 233 147 59 119 131 92 205 47 192 155 81 144 69 10 29 247 137 109 216 165 101 111 248 146 2 211 167 78 230 189 129 184 28 42 55 163 52 228 199 168 243 251 174 34 103 21 178 148 68 208 64 7,44866092,10689600,10705920,17074903191,52087226
tai256c,tabuSearch,121 151 34 218 168 25 31 235 188 101 201 245 14 209 148 144 177 114 162 61 4 243 58 173 53 29 108 238 203 226 78 233 6 153 123 95 104 179 51 197 119 44 56 223 68 252 38 171 199 96 83 73 131 231 182 192 190 116 23 165 186 216 255 36 126 75 241 27 48 93 134 10 90 21 156 214 194 129 2 212 248 141 71 46 86 138 66 175 221 17 143 81 142 187 236 72 77 39 1 172 9 98 19 13 69 115 3 225 234 32 170 118 80 147 206 239 42 242 132 145 113 198 26 57 54 102 183 55 107 40 105 139 254 228 140 24 37 157 155 253 249 167 45 15 229 94 110 246 227 195 112 89 106 217 74 181 127 191 30 59 11 178 146 122 160 204 152 67 244 154 0 196 193 76 189 33 220 185 166 128 150 35 52 232 161 84 211 7 43 41 91 237 164 16 159 50 213 136 180 137 205 49 222 200 28 62 97 88 174 79 60 117 47 65 224 100 18 149 8 99 120 208 207 103 251 176 230 240 109 85 169 12 125 202 130 158 70 92 5 63 184 135 20 219 87 124 133 210 163 82 250 247 215 22 64 111,44998110,1037,1371930,2265631616,56157514
tai256c,steepest,175 165 91 83 78 5 18 120 234 180 190 163 122 243 28 219 63 221 195 26 32 114 144 238 226 151 64 20 54 37 96 127 171 30 178 173 202 100 253 176 15 236 139 23 81 35 224 1 148 124 131 110 161 45 71 74 185 217 232 158 76 52 93 129 85 117 134 141 11 8 41 168 66 137 59 249 207 247 230 228 105 240 182 49 209 154 188 88 213 56 102 199 24 115 103 89 118 145 51 87 126 113 204 142 62 239 99 77 79 68 61 140 112 98 192 13 164 111 149 73 92 160 138 128 44 94 241 133 53 69 255 200 106 2 132 31 70 196 116 67 189 205 50 95 14 250 39 130 181 101 72 233 119 121 6 201 7 109 86 82 244 19 225 75 212 179 187 155 146 58 216 203 107 159 167 229 12 170 246 90 38 16 248 9 157 29 153 36 48 211 162 197 0 104 84 198 156 108 222 208 210 235 177 206 172 97 223 42 169 254 4 143 237 17 57 135 123 80 184 220 46 251 21 183 152 231 150 227 60 27 43 194 40 252 166 3 242 10 65 174 34 25 22 125 47 193 245 214 186 147 191 55 218 136 215 33,44964990,49,1632000,2558778551,55309448
tai256c,greedy,247 103 235 243 138 121 165 89 40 86 19 180 57 118 190 133 250 237 210 207 185 21 254 17 202 69 178 36 6 241 67 193 54 167 60 220 217 45 213 195 136 77 47 2 26 79 13 30 153 130 198 23 94 160 205 188 150 171 97 115 158 48 92 232 245 215 208 82 123 148 173 145 163 50 228 111 143 65 140 84 101 9 125 112 239 72 0 106 43 74 200 11 64 35 29 34 146 46 63 25 196 76 110 66 14 126 147 212 27 70 61 100 179 95 214 151 88 192 216 248 33 87 157 32 166 52 20 231 229 41 37 38 251 223 177 164 85 197 234 176 218 51 238 96 18 59 24 161 39 15 107 244 124 131 129 62 189 49 181 134 91 108 224 230 211 174 128 204 5 236 172 219 12 99 10 162 71 249 152 80 201 203 93 109 44 120 98 226 186 139 135 149 187 114 222 227 255 175 1 132 206 113 183 142 90 53 42 252 75 3 127 253 55 83 22 182 117 170 246 225 240 154 137 78 141 119 73 168 16 221 233 122 116 7 4 242 191 56 81 28 169 209 184 156 104 105 31 144 102 199 194 159 8 68 58 155,44926780,262,1383893,2052400858,54342134
tai256c,randomWalk,187 6 192 8 223 94 209 70 224 31 67 248 63 47 249 207 167 29 213 181 165 169 53 155 79 2 201 76 120 215 136 73 109 164 235 51 144 34 92 101 244 253 157 112 72 55 11 111 105 126 170 96 245 107 33 37 141 13 21 221 56 114 179 218 212 146 26 32 1 131 132 61 103 159 241 137 7 99 239 124 210 177 44 204 86 133 198 97 174 140 147 58 3 36 199 60 160 214 83 104 93 22 35 208 220 23 38 115 211 202 59 57 186 46 14 243 237 118 48 242 117 125 189 41 240 89 108 121 5 148 217 205 127 113 24 64 84 102 15 65 162 138 230 166 134 247 233 19 168 246 145 110 191 182 139 184 82 90 251 232 25 119 42 9 40 190 69 129 50 66 231 85 106 149 172 151 206 130 91 39 12 43 156 0 77 28 74 88 10 71 116 45 171 80 152 122 27 200 16 30 188 17 158 4 20 236 185 216 229 195 203 163 62 183 196 175 95 135 234 197 226 194 153 254 225 54 176 222 252 250 68 87 161 219 173 81 78 18 228 100 143 255 75 128 98 52 142 150 178 227 123 193 154 238 49 180,49281700,1476601,1476601,2558878356,53001598
tai256c,random,55 154 223 80 67 125 9 243 196 66 137 249 135 8 110 197 180 121 78 49 179 28 186 183 20 189 71 14 141 89 254 119 105 158 231 226 176 90 95 222 103 117 128 160 38 72 168 63 147 82 60 161 30 185 86 0 74 40 77 45 235 1 87 96 92 104 208 152 47 156 27 174 228 190 52 175 69 166 75 155 164 220 97 151 244 250 140 33 29 236 247 173 42 150 93 22 73 130 85 58 37 106 207 214 44 242 53 36 233 100 170 54 253 143 246 178 132 34 138 251 237 59 153 6 159 145 64 12 83 177 10 210 191 112 102 13 11 91 5 142 51 17 70 3 219 146 221 81 108 19 136 114 50 118 48 126 65 203 23 18 194 139 2 187 165 238 98 148 15 202 116 84 16 133 239 124 127 88 234 181 195 39 162 101 172 217 94 163 188 31 25 204 24 240 149 193 46 255 68 115 213 157 192 120 198 21 4 144 26 41 216 122 241 79 199 225 229 171 129 200 248 61 230 245 111 252 35 76 218 43 232 212 211 99 7 109 57 215 123 224 182 206 131 113 209 169 56 184 62 167 107 134 32 227 205 201,49591890,26378,26378,2558900607,52946786
tai256c,heuristic,192 166 255 254 253 252 251 250 249 248 247 246 245 244 243 242 241 240 239 238 237 236 235 234 233 232 231 230 229 228 227 226 225 224 223 222 221 220 219 218 217 216 215 214 213 212 211 165 210 209 208 207 206 205 204 203 202 201 200 199 198 197 196 167 164 195 194 193 191 190 189 188 187 186 185 184 183 182 181 180 179 178 177 176 175 174 173 172 171 170 169 168 92 93 94 95 96 97 98 99 100 101 102 103 104 105 106 107 108 109 110 111 112 113 114 115 116 117 118 119 120 121 122 123 124 125 63 64 47 129 130 131 132 133 134 135 136 137 138 139 140 141 142 143 144 145 146 147 148 149 150 151 152 153 154 155 156 157 158 159 160 161 162 163 81 128 127 126 91 90 89 88 87 86 85 84 83 82 1 80 79 78 77 76 75 74 73 72 71 70 69 68 0 67 66 65 62 61 60 59 58 57 56 55 54 53 52 51 50 49 48 46 45 44 43 42 41 40 39 38 37 36 35 34 33 32 31 30 29 28 27 26 25 24 23 22 21 20 19 18 17 16 15 14 13 12 11 10 9 8 7 6 5 4 3 2,98685678,0,1,427455,54449624
tai256c,simulatedAnnealing,151 75 229 187 38 3 202 168 191 244 44 57 20 92 33 196 177 170 25 1 107 55 52 234 249 82 99 200 138 27 163 209 87 173 119 146 206 236 140 111 185 16 242 62 65 80 14 84 77 132 194 104 143 42 181 79 50 109 35 117 8 211 23 223 126 69 5 232 136 112 121 90 114 149 253 246 47 215 198 155 29 204 102 166 221 251 160 224 72 255 129 158 49 254 45 195 51 178 0 64 68 147 105 164 41 118 11 240 137 76 61 2 175 43 123 245 59 144 193 54 66 122 241 34 167 73 174 17 203 4 238 227 176 189 197 96 179 142 235 161 130 116 48 228 150 248 157 239 24 18 225 247 94 222 108 220 39 127 70 192 31 217 113 233 131 201 32 186 71 15 152 190 184 207 89 145 188 128 165 172 78 171 103 81 74 13 28 162 250 53 219 46 214 226 58 67 83 97 101 210 154 141 6 37 213 252 60 21 10 205 85 183 237 218 30 19 148 139 180 156 26 182 199 100 12 95 40 208 134 125 22 63 98 106 91 231 56 36 216 120 9 169 133 115 230 243 153 88 86 124 159 135 110 93 7 212,44863844,10705920,10722240,18380490958,52041710
tai256c,tabuSearch,41 89 115 128 234 35 253 186 70 77 63 5 145 175 43 188 181 87 231 192 209 244 141 104 110 214 130 92 81 75 1 3 12 156 135 50 67 249 138 242 58 184 236 20 216 251 177 101 158 124 229 24 107 38 96 201 171 33 169 227 147 7 166 238 64 118 127 98 29 199 179 52 16 84 72 60 15 240 121 133 223 152 194 190 164 46 205 39 10 95 212 203 235 185 221 120 37 170 137 65 154 47 224 239 191 208 150 193 134 113 108 102 139 111 165 74 132 22 160 219 217 73 172 40 100 228 142 91 23 42 206 109 78 11 19 204 195 85 226 69 173 83 114 182 222 252 26 210 230 131 162 6 76 0 187 88 189 13 233 225 51 174 57 4 247 254 211 9 25 97 155 202 144 59 27 62 99 71 126 44 36 167 18 246 17 197 243 14 157 66 79 55 136 28 241 220 116 207 103 143 34 30 237 163 106 61 178 161 255 196 94 213 90 45 250 248 112 31 153 159 53 200 149 215 123 68 198 245 183 218 140 21 54 180 82 176 49 86 119 56 80 2 232 151 148 48 129 93 146 122 117 32 125 105 168 8,45009188,1592,2090560,3381860487,52935718
tai256c,steepest,25 237 14 155 206 158 93 29 49 83 178 11 144 227 140 163 37 95 34 175 170 215 203 235 2 173 151 166 148 168 90 57 54 96 120 109 198 143 52 42 183 114 86 239 208 220 188 107 195 255 5 126 241 69 71 88 8 59 44 134 210 66 103 247 250 19 153 181 193 22 201 244 16 212 232 129 138 230 105 131 40 117 100 64 81 47 252 218 76 176 146 62 10 152 228 159 20 147 116 172 177 21 246 67 65 200 38 135 190 74 253 118 75 94 180 106 191 142 233 165 85 209 234 167 216 35 111 189 137 123 164 186 12 7 145 226 197 254 242 214 39 46 61 80 92 156 58 23 223 79 89 63 113 55 141 73 3 17 28 0 205 150 30 18 192 219 15 207 132 115 98 125 221 77 154 238 122 50 245 121 249 6 251 32 36 174 41 240 112 91 213 136 211 196 1 84 184 9 225 72 43 127 171 56 31 179 182 104 133 53 243 236 4 33 124 169 60 102 130 224 26 108 149 248 222 202 160 139 157 204 27 194 229 110 24 82 128 99 78 48 45 231 217 161 187 101 119 87 70 68 13 199 51 185 97 162,45071334,47,1566720,2457084017,54517902
tai256c,greedy,124 14 126 122 100 70 42 149 94 215 147 81 50 63 28 98 253 52 230 171 143 183 242 59 62 227 111 91 109 225 139 178 64 195 67 221 45 31 255 198 132 18 129 85 76 188 201 55 161 74 186 24 112 154 115 157 1 174 218 250 72 238 144 32 9 206 4 35 245 87 212 181 168 38 134 105 151 11 210 21 164 232 102 203 57 7 208 137 235 193 191 120 160 118 8 19 148 165 41 101 211 217 10 133 177 236 40 249 108 254 176 117 113 228 36 243 61 213 69 169 155 6 23 244 49 86 20 219 104 224 170 200 123 106 152 0 83 110 194 46 13 107 99 240 27 121 234 166 187 136 16 231 44 75 60 15 3 135 33 130 17 97 252 37 229 182 43 5 68 185 26 209 175 248 96 233 204 163 162 47 199 78 84 226 205 58 103 29 95 239 93 237 223 89 79 116 150 196 142 22 92 119 141 214 251 65 12 167 73 158 131 192 241 216 180 77 48 145 159 173 189 125 34 66 30 207 138 140 114 222 2 53 179 190 25 82 71 184 197 156 51 220 90 80 153 128 39 127 56 146 202 88 172 246 247 54,44985682,286,1734426,2599254876,54505392
tai256c,randomWalk,81 110 3 71 17 158 76 128 198 216 23 129 185 203 171 86 228 40 201 234 36 213 60 75 242 208 144 152 53 230 139 109 211 180 48 140 12 141 31 63 255 132 248 193 89 13 147 251 133 150 160 126 49 119 96 224 130 64 127 222 223 42 18 101 181 51 11 56 106 4 189 14 162 73 143 169 151 122 43 95 231 66 202 6 45 178 246 182 124 183 220 83 207 215 233 99 194 26 217 35 137 103 241 163 175 59 93 97 82 112 225 98 188 167 80 120 30 159 117 190 15 165 94 114 32 196 9 85 107 195 254 250 27 77 240 238 142 88 253 118 186 209 176 221 154 62 205 84 199 232 113 146 102 214 68 54 123 74 192 34 218 5 170 44 92 21 69 70 78 173 61 111 115 0 20 145 197 204 41 200 116 191 2 179 237 39 249 212 239 91 148 131 136 229 168 50 245 28 164 24 57 252 87 47 65 172 55 187 38 125 157 244 58 177 100 105 219 46 243 8 174 138 72 7 16 210 33 67 166 52 121 10 161 1 79 227 19 206 236 37 226 135 25 149 156 90 104 29 134 247 108 235 22 155 153 184,49686790,1527438,1527438,2457211549,53427064
tai256c,random,70 86 241 128 129 175 252 23 16 66 200 90 11 253 27 249 212 190 65 208 3 32 221 18 67 131 12 130 108 153 229 103 125 151 227 34 5 106 198 43 6 188 182 245 56 144 104 184 213 0 183 83 222 20 113 223 69 216 202 226 232 49 62 239 122 31 238 179 145 102 116 40 254 193 139 207 170 192 110 39 196 230 119 204 30 95 109 77 217 219 89 141 68 2 173 84 37 72 53 242 197 218 88 250 8 248 57 44 150 29 99 25 206 205 243 120 159 167 85 152 138 161 82 148 203 147 136 52 97 215 60 96 100 251 91 107 123 157 61 59 51 74 233 166 235 211 71 124 101 246 163 155 237 194 98 73 177 54 169 156 231 186 224 1 46 22 134 140 158 137 225 143 81 185 26 115 19 87 142 118 149 178 9 41 191 220 117 255 33 240 105 47 176 135 201 172 14 35 121 13 48 165 214 187 24 55 36 180 154 114 210 126 195 132 199 75 28 127 42 112 92 45 189 164 247 78 50 168 111 15 244 4 58 10 17 80 38 181 160 209 94 174 162 64 228 63 7 171 146 236 76 21 93 133 234 79,49566564,25697,25697,2457202642,52902994
tai256c,heuristic,192 166 255 254 253 252 251 250 249 248 247 246 245 244 243 242 241 240 239 238 237 236 235 234 233 232 231 230 229 228 227 226 225 224 223 222 221 220 219 218 217 216 215 214 213 212 211 165 210 209 208 207 206 205 204 203 202 201 200 199 198 197 196 167 164 195 194 193 191 190 189 188 187 186 185 184 183 182 181 180 179 178 177 176 175 174 173 172 171 170 169 168 92 93 94 95 96 97 98 99 100 101 102 103 104 105 106 107 108 109 110 111 112 113 114 115 116 117 118 119 120 121 122 123 124 125 63 64 47 129 130 131 132 133 134 135 136 137 138 139 140 141 142 143 144 145 146 147 148 149 150 151 152 153 154 155 156 157 158 159 160 161 162 163 81 128 127 126 91 90 89 88 87 86 85 84 83 82 1 80 79 78 77 76 75 74 73 72 71 70 69 68 0 67 66 65 62 61 60 59 58 57 56 55 54 53 52 51 50 49 48 46 45 44 43 42 41 40 39 38 37 36 35 34 33 32 31 30 29 28 27 26 25 24 23 22 21 20 19 18 17 16 15 14 13 12 11 10 9 8 7 6 5 4 3 2,98685678,0,1,315470,56747398
tai256c,simulatedAnnealing,93 36 134 252 17 249 111 30 170 0 102 215 116 165 217 87 4 255 225 19 48 68 143 139 148 230 202 76 232 200 178 220 6 245 50 238 62 42 126 176 207 137 104 38 122 180 129 47 65 85 53 99 13 57 72 59 25 11 82 213 112 227 182 210 141 187 175 146 55 152 195 97 2 156 185 28 119 161 235 90 208 23 167 190 107 8 79 131 45 124 205 173 3 100 179 234 49 40 251 91 233 198 114 221 216 117 63 86 147 206 83 164 58 16 183 10 27 94 88 5 144 218 169 105 1 239 168 191 214 212 138 15 151 14 250 80 51 12 248 153 120 155 32 145 188 109 101 130 160 35 209 78 46 26 18 60 21 24 127 140 37 243 254 133 181 174 132 211 154 244 135 75 222 61 157 33 125 166 52 203 84 253 74 43 103 247 54 22 7 228 92 224 192 108 44 81 89 66 115 69 128 113 142 98 204 199 184 197 229 246 158 201 56 70 231 9 34 106 149 193 71 162 41 219 189 96 67 226 31 121 118 172 136 150 95 237 29 73 159 177 39 110 123 240 242 64 20 223 194 196 236 186 241 77 171 163,44923130,10771200,10787520,17165102426,55253628
tai256c,tabuSearch,135 120 82 171 77 177 254 45 237 94 35 162 140 197 69 214 131 47 168 245 251 37 123 16 180 99 27 91 109 71 174 200 114 234 192 48 242 195 56 8 206 60 50 202 183 86 4 118 84 204 112 88 239 153 79 212 138 209 240 189 10 148 219 41 30 12 1 101 106 232 126 80 143 54 157 65 185 247 18 6 150 133 144 23 52 217 74 227 59 191 165 129 163 87 63 20 28 139 117 152 34 67 70 36 193 161 51 57 250 113 17 199 5 44 246 104 249 218 203 83 64 223 225 96 136 252 220 32 75 147 145 231 3 221 73 169 160 154 228 182 170 229 198 179 9 216 76 22 105 134 66 230 19 205 33 40 14 24 68 98 132 130 124 166 85 151 58 184 26 78 11 176 72 213 90 175 95 55 127 121 224 89 236 222 7 39 103 187 46 159 181 15 2 235 201 172 128 110 178 62 215 137 21 211 49 142 253 186 244 115 248 173 241 38 156 125 196 0 92 226 81 31 194 100 210 107 233 155 158 97 238 208 13 190 122 164 141 42 111 116 119 167 25 207 188 149 146 43 29 108 102 255 61 93 53 243,45065814,1216,1600585,2567683638,55413652
tai256c,steepest,39 24 88 9 61 196 46 243 147 166 211 215 48 226 172 128 152 217 137 115 219 240 135 12 97 56 86 221 206 141 16 67 213 19 37 169 181 236 130 202 230 155 149 145 93 22 54 124 122 175 253 209 223 194 26 7 43 69 232 58 245 103 50 117 179 82 120 158 238 200 105 189 15 33 127 110 100 187 91 183 29 132 4 176 80 162 73 79 1 76 250 52 74 195 85 3 95 193 139 167 70 247 41 228 71 163 191 156 68 170 150 171 102 20 197 31 146 174 218 81 255 84 17 133 244 45 177 242 212 125 178 35 116 216 192 109 23 36 225 111 8 185 134 180 151 138 154 140 241 0 5 153 60 203 126 182 165 112 119 32 210 204 173 49 77 98 246 59 53 106 40 121 18 113 118 94 34 254 188 248 231 148 144 21 190 28 234 129 114 184 233 99 227 201 55 92 164 65 6 57 252 42 62 208 186 2 64 157 142 25 38 205 63 104 11 13 168 159 78 136 30 222 107 101 66 51 239 220 251 47 123 10 108 161 249 143 214 27 83 198 199 235 75 160 87 44 207 72 237 89 229 131 14 224 96 90,44968466,49,1632000,2533236396,56059114
tai256c,greedy,247 249 197 133 76 177 245 25 148 104 241 207 217 226 22 0 236 69 239 167 48 13 215 61 52 145 31 194 91 84 230 182 116 4 212 219 251 187 128 19 46 119 165 125 43 8 89 57 139 113 131 160 152 79 87 137 189 222 10 157 40 154 162 54 67 101 150 74 142 204 50 174 179 169 254 172 122 65 2 28 33 80 200 208 94 72 108 37 127 202 98 243 175 3 83 30 55 120 151 153 158 66 81 11 141 62 143 235 184 149 147 77 70 201 168 213 78 45 196 242 220 140 136 103 47 126 9 129 29 15 214 71 159 49 255 227 181 109 14 39 100 183 190 12 228 193 24 38 223 199 203 198 221 51 252 195 218 16 93 86 156 170 118 112 35 88 240 75 248 7 135 68 6 17 41 58 124 138 188 146 185 106 73 64 164 85 180 111 178 26 92 44 20 173 60 186 121 229 246 1 56 82 105 21 123 176 211 114 161 144 18 27 97 210 237 134 225 224 171 231 95 90 110 192 42 244 63 163 32 36 206 102 23 117 155 34 250 107 238 59 53 253 216 99 191 209 132 233 115 232 205 96 5 234 130 166,44959884,237,1246958,1854849913,52409228
tai256c,randomWalk,177 70 37 243 47 32 153 183 161 249 110 199 73 213 52 207 126 147 58 104 175 35 231 150 79 46 218 122 81 59 179 6 166 172 163 226 85 80 185 5 8 18 39 29 167 152 2 53 109 44 170 130 233 203 113 45 112 224 222 158 22 19 241 62 27 118 40 176 173 195 212 123 180 99 31 253 237 206 230 107 149 50 208 77 124 116 90 26 235 133 89 87 74 7 68 13 160 242 155 215 55 30 190 21 228 60 100 197 93 181 174 238 192 128 188 57 71 102 171 101 221 137 169 16 43 217 134 75 141 234 72 67 164 4 76 182 251 244 223 54 48 51 0 204 154 254 78 143 250 145 140 196 239 248 205 33 127 41 139 186 97 184 91 38 108 227 119 144 240 28 131 14 95 156 219 246 117 42 209 138 17 20 64 178 63 66 115 82 15 88 83 136 84 187 168 49 23 105 200 232 146 198 12 129 220 121 61 157 56 229 111 191 142 92 211 151 114 210 252 194 245 11 69 24 202 65 125 98 1 162 159 201 148 3 132 96 214 135 25 34 225 193 165 247 9 94 216 106 103 10 189 255 236 120 36 86,49614746,1434595,1434595,2533394863,53555812
tai256c,random,25 8 95 138 27 17 222 166 119 41 51 165 221 142 77 70 73 208 240 87 50 174 4 132 169 154 21 29 65 54 6 20 159 105 195 19 114 59 34 145 162 115 191 242 137 245 102 10 32 12 160 108 120 104 45 134 236 76 0 251 91 148 35 163 188 217 122 246 75 193 211 184 200 146 224 28 94 185 140 252 62 143 116 61 230 36 23 237 47 197 52 24 180 170 203 250 156 153 90 99 107 168 171 155 149 31 56 238 254 253 232 241 112 206 78 14 247 201 235 7 205 164 113 202 130 40 135 187 243 2 55 49 144 212 46 198 42 229 215 157 44 33 16 255 11 158 84 199 18 210 57 22 139 244 161 179 223 64 15 71 190 249 1 189 176 74 178 227 67 141 69 225 30 3 101 175 9 39 37 228 53 218 172 89 150 80 125 219 248 194 173 88 79 220 128 151 129 110 136 92 5 81 239 127 82 234 83 231 124 117 186 177 183 133 63 109 182 204 86 58 98 126 181 207 96 72 123 68 38 233 106 93 131 85 209 121 147 26 167 216 226 66 103 214 118 43 196 111 192 152 60 213 13 97 48 100,49895262,26063,26063,2533382753,52834628
tai256c,heuristic,192 166 255 254 253 252 251 250 249 248 247 246 245 244 243 242 241 240 239 238 237 236 235 234 233 232 231 230 229 228 227 226 225 224 223 222 221 220 219 218 217 216 215 214 213 212 211 165 210 209 208 207 206 205 204 203 202 201 200 199 198 197 196 167 164 195 194 193 191 190 189 188 187 186 185 184 183 182 181 180 179 178 177 176 175 174 173 172 171 170 169 168 92 93 94 95 96 97 98 99 100 101 102 103 104 105 106 107 108 109 110 111 112 113 114 115 116 117 118 119 120 121 122 123 124 125 63 64 47 129 130 131 132 133 134 135 136 137 138 139 140 141 142 143 144 145 146 147 148 149 150 151 152 153 154 155 156 157 158 159 160 161 162 163 81 128 127 126 91 90 89 88 87 86 85 84 83 82 1 80 79 78 77 76 75 74 73 72 71 70 69 68 0 67 66 65 62 61 60 59 58 57 56 55 54 53 52 51 50 49 48 46 45 44 43 42 41 40 39 38 37 36 35 34 33 32 31 30 29 28 27 26 25 24 23 22 21 20 19 18 17 16 15 14 13 12 11 10 9 8 7 6 5 4 3 2,98685678,0,1,317932,53371912
tai256c,simulatedAnnealing,19 187 113 164 206 31 64 96 134 122 107 75 174 201 189 26 223 155 36 8 149 103 23 244 234 216 110 73 82 157 43 195 238 170 184 40 144 140 105 253 88 32 147 130 127 125 0 199 77 204 38 58 2 210 28 11 95 100 249 55 14 5 62 227 193 45 49 136 212 229 53 34 70 166 247 117 67 224 115 178 92 219 241 181 176 161 142 214 236 85 153 151 21 221 94 102 42 175 104 211 57 50 112 245 191 186 121 101 109 89 182 56 148 15 44 48 230 226 133 231 237 119 192 218 232 17 78 177 71 141 160 185 59 3 83 167 173 25 69 66 203 132 1 27 98 159 80 248 225 162 168 79 52 228 65 22 198 156 250 165 207 200 146 137 35 116 12 172 97 72 171 106 233 90 131 51 63 4 124 123 252 194 215 54 154 126 24 46 29 30 235 217 179 20 197 91 150 6 128 196 37 135 120 16 139 84 205 246 222 114 163 76 213 33 145 41 18 183 99 138 87 118 243 74 47 202 242 220 180 158 86 143 209 240 108 169 152 68 188 81 239 9 255 251 129 13 7 254 61 39 111 10 93 60 208 190,44882942,10771200,10787520,18385313003,54660258
tai256c,tabuSearch,201 56 155 169 33 125 112 97 175 221 50 77 129 2 240 48 232 188 73 79 147 94 135 249 31 90 243 111 25 84 67 192 236 45 183 161 24 198 253 140 80 213 206 4 117 92 115 12 60 86 36 142 104 228 21 181 38 102 19 238 157 149 138 152 69 186 14 7 82 132 174 62 166 223 123 43 0 71 144 121 178 215 10 218 58 251 164 210 195 225 246 203 40 100 61 176 118 245 239 16 39 136 226 168 207 204 68 57 196 113 53 145 211 156 35 199 126 6 26 74 134 91 139 47 194 9 184 109 235 244 200 179 17 116 162 72 216 224 220 13 11 233 42 231 27 5 89 85 28 180 114 70 148 252 101 78 191 95 173 230 81 51 3 87 227 214 65 131 98 30 170 96 110 107 59 222 83 202 105 163 212 108 130 128 234 193 187 165 143 44 197 190 158 172 205 124 41 137 18 93 1 208 37 66 34 133 103 55 182 167 241 154 255 229 64 49 120 106 153 151 177 75 22 99 54 20 141 8 32 76 185 171 250 237 88 219 15 248 159 29 254 150 127 160 46 209 217 23 189 122 146 63 52 242 247 119,45188920,1042,1371930,2224998183,54441038
tai256c,steepest,254 202 242 89 150 165 252 152 83 146 100 66 86 135 56 143 61 133 8 144 16 167 54 131 107 63 34 161 96 121 110 185 51 46 59 230 39 19 138 11 64 193 232 113 42 158 155 15 1 98 25 95 125 247 71 148 22 74 44 182 5 205 49 196 199 36 213 239 244 250 13 179 104 208 175 190 222 176 140 172 220 118 217 235 227 92 69 78 170 187 225 210 87 169 10 123 226 50 30 126 241 91 184 33 164 224 174 45 117 136 154 160 103 173 114 115 52 139 211 243 218 4 206 101 181 79 221 82 105 58 137 31 204 27 207 214 48 215 29 23 180 151 192 43 76 130 32 68 55 119 219 62 53 35 171 14 157 166 251 73 67 216 77 238 188 102 17 111 132 228 109 255 237 97 112 253 129 81 233 80 84 240 200 12 249 248 116 234 128 147 162 106 65 186 245 108 178 18 212 223 229 26 142 99 2 236 122 85 40 6 38 88 9 47 124 41 28 159 141 195 163 93 90 120 145 0 156 191 246 189 70 7 3 149 57 24 203 153 197 177 21 94 134 231 127 72 75 198 201 37 168 60 194 20 209 183,44953208,50,1664640,2460420575,55751210
tai256c,greedy,28 7 117 75 215 39 24 146 85 132 196 11 48 208 4 19 134 255 250 50 243 164 157 207 204 113 179 9 108 73 53 177 128 190 194 45 235 22 182 160 222 149 102 218 36 142 211 105 65 94 62 137 252 187 213 159 77 60 58 87 98 237 47 172 230 169 90 167 123 184 67 26 80 17 152 140 14 120 70 228 2 111 56 232 245 225 100 154 201 0 115 125 72 61 83 176 37 46 55 246 44 76 93 193 34 92 231 78 254 131 57 129 234 71 86 29 229 158 139 18 112 236 126 165 214 206 20 38 110 88 244 173 63 227 251 95 52 96 143 54 161 16 91 155 82 153 89 198 209 242 253 220 233 43 197 200 195 99 224 174 107 136 205 147 41 10 249 51 109 15 68 186 124 226 114 181 247 175 156 40 49 97 23 150 25 202 127 223 5 191 241 8 64 217 148 103 21 119 189 121 130 183 170 3 141 116 32 216 248 122 240 135 101 33 239 84 138 203 106 210 31 178 69 133 185 74 144 180 6 151 79 42 118 192 66 212 145 162 171 27 59 168 81 30 221 163 104 13 35 219 188 12 199 1 166 238,44995570,282,1150889,1738347747,52332602
tai256c,randomWalk,54 160 36 117 131 25 69 50 60 173 188 83 175 120 168 240 169 46 213 171 70 103 14 35 177 21 107 10 245 214 223 58 19 225 1 74 52 96 16 105 202 170 56 9 166 232 208 84 152 241 205 244 129 23 64 7 147 157 62 17 76 194 24 200 109 48 126 98 27 143 144 211 163 233 186 139 181 132 89 122 220 253 227 162 80 247 102 15 91 190 121 218 183 11 251 198 51 192 53 187 125 3 92 146 63 254 155 149 115 116 68 216 239 242 229 79 31 237 180 201 195 20 174 93 22 199 75 28 2 226 151 123 86 8 13 197 189 172 141 106 176 104 34 55 127 49 77 72 44 235 243 66 5 159 207 210 217 37 178 33 67 32 12 130 136 204 38 4 222 112 156 191 97 209 6 47 110 73 154 182 221 0 255 184 164 185 150 118 158 45 224 193 101 41 39 252 165 57 249 230 124 140 108 138 78 111 196 142 71 133 167 42 113 148 99 95 145 100 212 134 43 61 65 18 114 135 85 215 246 238 40 231 203 234 82 228 30 26 90 248 128 161 219 250 206 179 87 137 88 81 94 119 29 236 153 59,49631302,1425924,1425924,2460524517,53947852
tai256c,random,221 185 202 86 23 29 188 79 31 250 75 239 4 142 201 2 140 176 32 95 28 186 117 102 59 205 214 212 19 5 128 38 78 249 118 33 158 43 39 51 243 183 230 216 16 168 123 180 65 121 162 11 242 21 155 194 120 203 124 207 54 228 206 218 222 71 199 170 236 56 191 225 127 25 114 94 179 182 211 18 110 80 208 48 60 91 87 93 173 167 20 164 133 1 82 246 45 160 100 143 0 42 13 178 192 15 193 41 195 196 44 144 255 57 231 247 241 62 139 107 229 166 115 77 111 73 40 197 97 219 163 116 30 147 141 152 58 34 254 61 146 156 244 234 161 74 72 81 137 89 7 157 175 36 125 245 223 98 17 135 204 126 49 213 47 252 113 238 148 52 8 174 209 169 92 217 130 99 27 3 66 240 145 171 112 153 22 88 165 109 50 106 190 149 150 37 70 63 129 131 101 68 90 104 96 151 53 85 67 189 136 108 84 105 122 83 12 138 198 215 237 220 251 24 55 159 181 187 227 172 14 6 10 119 232 64 184 226 233 132 177 46 26 69 76 103 210 9 253 134 35 248 154 200 235 224,50037968,25533,25533,2460542323,53225620
tai256c,heuristic,192 166 255 254 253 252 251 250 249 248 247 246 245 244 243 242 241 240 239 238 237 236 235 234 233 232 231 230 229 228 227 226 225 224 223 222 221 220 219 218 217 216 215 214 213 212 211 165 210 209 208 207 206 205 204 203 202 201 200 199 198 197 196 167 164 195 194 193 191 190 189 188 187 186 185 184 183 182 181 180 179 178 177 176 175 174 173 172 171 170 169 168 92 93 94 95 96 97 98 99 100 101 102 103 104 105 106 107 108 109 110 111 112 113 114 115 116 117 118 119 120 121 122 123 124 125 63 64 47 129 130 131 132 133 134 135 136 137 138 139 140 141 142 143 144 145 146 147 148 149 150 151 152 153 154 155 156 157 158 159 160 161 162 163 81 128 127 126 91 90 89 88 87 86 85 84 83 82 1 80 79 78 77 76 75 74 73 72 71 70 69 68 0 67 66 65 62 61 60 59 58 57 56 55 54 53 52 51 50 49 48 46 45 44 43 42 41 40 39 38 37 36 35 34 33 32 31 30 29 28 27 26 25 24 23 22 21 20 19 18 17 16 15 14 13 12 11 10 9 8 7 6 5 4 3 2,98685678,0,1,604342,55872482
tai256c,simulatedAnnealing,230 188 205 248 54 82 228 32 34 134 17 121 93 193 59 7 254 174 46 225 195 237 65 164 101 157 125 19 39 215 178 147 201 142 80 111 24 160 69 222 198 87 76 51 235 97 167 154 29 99 203 112 210 169 11 22 152 207 57 116 240 26 213 218 181 5 145 159 140 36 130 78 74 208 84 106 123 104 149 171 252 91 44 233 72 119 15 2 243 63 9 184 53 75 211 68 110 127 45 128 56 129 158 182 113 42 229 161 151 10 60 141 227 50 18 177 172 148 49 132 226 150 70 131 98 43 176 168 153 71 30 180 155 21 96 89 255 48 0 16 47 62 14 234 192 166 139 124 67 79 40 216 136 4 1 190 175 191 244 37 162 246 117 200 249 103 185 217 196 64 25 35 20 220 156 231 41 52 28 251 212 94 88 83 66 253 13 8 73 122 202 245 146 38 170 107 95 133 135 90 242 102 92 223 189 219 12 236 118 6 173 105 221 165 144 108 100 114 138 194 183 187 23 55 247 204 239 214 81 238 179 209 115 33 206 199 61 109 163 77 197 3 126 186 86 250 137 27 58 232 143 241 85 224 31 120,44885632,10640640,10656960,18186611931,53184244
tai256c,tabuSearch,167 178 251 101 228 125 113 104 206 66 31 150 127 184 224 160 1 133 96 84 56 156 221 215 36 14 193 159 223 210 180 41 12 69 249 23 154 139 81 33 74 89 71 44 147 122 191 128 255 247 51 245 238 61 38 152 29 142 76 201 3 93 46 18 130 242 186 21 173 188 99 232 107 8 165 145 86 116 79 195 48 203 218 198 213 137 230 119 236 26 59 110 162 121 43 57 0 60 100 17 68 13 15 170 144 175 151 105 220 87 158 234 124 32 64 62 82 91 132 237 172 65 126 30 187 63 7 185 157 243 135 5 2 39 148 47 149 25 129 141 49 244 136 208 138 246 114 226 58 179 95 219 22 155 192 227 45 164 169 202 183 252 75 231 241 11 181 35 200 190 70 216 97 194 67 92 115 42 102 174 229 254 40 199 111 4 112 20 209 131 85 163 28 90 140 37 24 168 239 235 166 50 16 205 10 161 27 212 177 134 204 214 108 120 80 225 6 233 207 176 123 72 197 117 153 106 94 77 103 222 171 118 182 52 34 217 253 250 53 78 98 146 55 54 109 83 143 19 240 248 196 189 211 88 73 9,44975948,1782,2351880,3793900230,52397868
tai256c,steepest,214 64 236 211 133 208 165 222 98 23 168 116 205 108 179 176 162 113 63 43 174 138 94 9 4 186 120 207 147 156 34 101 226 125 45 248 193 254 71 21 188 234 6 91 60 81 201 128 150 196 111 77 251 89 231 216 74 28 243 241 54 239 219 69 182 153 123 57 171 36 40 2 51 66 32 135 199 17 145 118 83 15 229 30 159 26 13 130 106 86 142 103 160 53 245 95 221 10 132 192 20 24 170 181 228 203 141 195 158 218 206 31 255 109 117 180 185 70 19 35 18 59 110 136 62 12 154 3 166 144 246 105 143 76 223 97 253 172 129 67 187 227 183 7 11 189 200 194 177 238 44 119 167 75 224 157 178 48 237 131 39 27 124 29 46 204 1 139 220 38 173 146 52 37 233 213 184 25 80 78 252 209 191 240 5 127 84 198 152 96 212 149 169 134 126 148 92 249 232 230 33 93 88 137 14 190 58 140 155 79 65 90 215 73 164 87 41 61 72 202 210 244 107 8 115 112 247 114 16 49 100 47 82 225 50 0 68 151 85 42 235 22 163 197 175 102 104 250 242 55 217 56 121 161 99 122,44941542,42,1403520,2066298633,52490576
tai256c,greedy,253 215 157 136 174 166 18 91 230 38 76 248 242 35 111 131 133 207 63 101 61 125 222 129 46 176 193 73 58 105 116 251 49 187 181 161 4 184 84 159 153 29 21 202 239 142 99 170 227 139 122 245 108 164 151 24 69 16 14 210 41 217 78 172 88 64 179 236 112 1 219 196 52 93 43 66 213 12 119 225 55 198 7 81 234 86 146 114 26 205 9 240 221 100 23 177 169 44 67 232 171 117 98 237 191 238 186 247 83 77 25 19 252 228 13 128 28 60 94 34 124 254 183 30 249 27 5 180 102 162 72 137 173 10 203 65 42 17 195 147 104 70 204 148 20 185 0 135 246 199 143 244 32 132 113 233 182 250 211 79 165 224 40 190 8 11 89 56 163 127 126 85 140 36 141 220 121 188 218 235 144 74 82 150 31 123 96 33 175 231 47 107 200 160 95 53 22 243 87 45 178 208 212 68 3 130 59 229 118 62 75 39 109 209 241 110 216 138 149 106 206 6 255 201 57 120 154 103 90 2 50 48 51 37 155 97 214 226 15 156 189 192 115 194 92 54 197 80 167 168 158 152 223 145 134 71,44995490,267,1431747,2097875282,52713340
tai256c,randomWalk,166 223 113 201 233 74 149 249 194 152 146 40 215 236 92 196 221 55 204 15 190 12 128 68 251 224 83 186 227 47 170 63 121 109 175 143 122 162 56 5 69 197 154 96 254 4 183 174 95 88 94 82 71 131 246 199 34 61 37 129 21 155 187 16 226 237 123 125 22 116 36 111 135 161 3 60 218 64 103 85 8 25 192 206 105 50 119 27 179 159 168 211 127 98 220 43 42 173 24 252 59 130 0 73 26 100 241 200 19 240 147 222 44 205 178 84 244 67 177 41 245 106 72 160 141 38 33 255 124 99 65 90 230 167 225 164 139 133 195 169 29 53 101 97 70 216 253 132 104 17 150 235 81 23 120 250 144 213 45 145 188 75 153 239 193 35 208 134 80 209 242 79 156 32 142 102 13 219 115 87 1 234 30 231 117 202 10 248 198 214 136 66 176 48 165 203 108 126 58 112 191 171 20 52 247 118 107 77 184 137 228 180 62 7 148 181 76 78 14 18 57 151 238 49 39 243 11 6 110 46 86 189 229 232 157 210 2 163 91 217 182 93 31 185 158 114 89 51 9 138 172 54 207 212 140 28,49604866,1278042,1278042,2066404914,53935932
tai256c,random,236 74 113 33 245 21 116 115 92 1 153 154 242 192 80 49 137 75 99 39 158 23 254 62 8 183 151 51 71 206 136 243 197 159 252 189 213 67 69 170 52 10 207 88 93 133 253 190 204 193 12 196 195 240 172 20 53 188 131 209 226 59 214 105 60 104 237 42 220 40 232 81 125 249 36 228 117 45 100 94 0 126 179 142 101 238 132 37 203 173 139 44 103 32 212 248 152 29 85 38 163 205 178 194 5 35 149 239 127 155 14 225 199 130 55 102 91 156 89 43 175 65 157 82 78 210 144 201 227 107 185 76 244 83 122 211 90 223 31 198 180 15 162 111 27 95 134 63 143 171 73 148 191 251 181 164 224 17 145 234 129 187 57 202 24 16 217 174 146 184 221 141 222 58 230 22 46 30 4 18 135 2 166 28 68 97 119 25 50 216 128 121 54 11 72 64 169 110 250 182 41 150 200 6 48 56 61 168 165 233 218 112 7 147 177 140 66 176 161 138 114 9 215 79 13 108 186 86 246 123 167 229 87 34 109 241 19 98 84 124 160 70 255 26 120 235 231 247 219 106 77 47 96 208 3 118,49998800,20974,20974,2066488759,54329718
tai256c,heuristic,192 166 255 254 253 252 251 250 249 248 247 246 245 244 243 242 241 240 239 238 237 236 235 234 233 232 231 230 229 228 227 226 225 224 223 222 221 220 219 218 217 216 215 214 213 212 211 165 210 209 208 207 206 205 204 203 202 201 200 199 198 197 196 167 164 195 194 193 191 190 189 188 187 186 185 184 183 182 181 180 179 178 177 176 175 174 173 172 171 170 169 168 92 93 94 95 96 97 98 99 100 101 102 103 104 105 106 107 108 109 110 111 112 113 114 115 116 117 118 119 120 121 122 123 124 125 63 64 47 129 130 131 132 133 134 135 136 137 138 139 140 141 142 143 144 145 146 147 148 149 150 151 152 153 154 155 156 157 158 159 160 161 162 163 81 128 127 126 91 90 89 88 87 86 85 84 83 82 1 80 79 78 77 76 75 74 73 72 71 70 69 68 0 67 66 65 62 61 60 59 58 57 56 55 54 53 52 51 50 49 48 46 45 44 43 42 41 40 39 38 37 36 35 34 33 32 31 30 29 28 27 26 25 24 23 22 21 20 19 18 17 16 15 14 13 12 11 10 9 8 7 6 5 4 3 2,98685678,0,1,318686,54036046
tai256c,simulatedAnnealing,177 102 189 235 199 223 163 146 53 214 240 91 159 9 56 68 74 131 197 152 231 76 227 142 218 36 11 22 110 24 201 206 108 128 95 133 28 122 187 220 210 18 98 170 59 237 47 104 192 33 15 7 180 45 167 50 172 244 1 184 119 229 250 139 233 225 116 70 93 254 62 48 13 125 150 160 137 65 87 3 157 191 113 42 195 85 96 165 83 89 5 39 38 23 54 2 248 92 204 247 246 190 21 103 158 107 245 60 198 171 29 186 173 222 99 118 58 106 63 153 57 73 19 203 117 242 27 17 100 105 241 40 149 94 121 232 43 239 226 31 148 80 155 135 78 97 6 111 174 77 126 109 88 249 175 72 164 255 215 236 123 176 238 156 151 26 243 115 49 161 12 75 221 230 90 37 228 188 136 217 8 124 120 71 253 147 130 16 143 61 219 181 154 34 183 114 208 129 185 205 20 194 138 144 46 52 101 44 66 213 209 86 141 4 224 234 145 79 25 211 69 14 112 162 32 140 216 81 0 127 252 134 196 168 202 82 166 64 30 193 179 67 212 251 41 10 132 84 51 200 169 55 35 178 182 207,44902226,10673280,10689600,17034947425,53980302
tai256c,tabuSearch,167 113 187 10 95 172 76 59 193 251 133 115 152 142 70 109 195 23 144 170 197 107 182 180 25 65 96 157 103 176 247 219 93 35 245 150 8 122 42 175 90 120 155 223 52 67 46 216 210 12 233 163 50 243 189 127 82 29 228 184 118 140 224 161 63 17 88 137 199 56 221 253 100 206 37 241 6 202 54 15 20 2 85 78 238 73 230 44 204 130 148 32 128 160 194 22 71 232 40 139 11 146 225 198 64 135 252 242 178 55 30 217 87 9 97 43 171 235 38 181 226 58 154 248 234 49 215 26 136 141 45 211 214 168 101 166 0 186 41 218 134 147 212 191 240 227 145 129 231 34 173 179 19 36 174 4 169 74 108 201 68 5 255 131 27 159 92 192 57 51 75 125 200 106 183 153 116 102 151 207 31 66 119 80 53 94 79 111 98 209 89 60 14 143 86 48 239 138 33 104 236 249 188 28 3 213 205 16 84 222 158 124 83 62 39 61 254 69 121 132 77 112 220 208 47 13 126 196 7 177 91 162 1 24 165 18 110 185 229 81 149 237 114 246 203 244 156 190 99 105 164 72 123 250 21 117,45034074,1517,1992565,3216382066,53089106
tai256c,steepest,195 183 234 168 8 251 166 149 81 236 84 185 48 151 132 103 198 98 176 115 14 42 105 242 170 112 67 210 56 216 172 174 12 118 189 79 137 162 31 231 159 108 125 140 130 21 36 73 212 120 225 147 0 255 23 244 145 219 77 50 60 187 75 53 33 155 70 246 46 88 249 94 202 29 142 123 223 27 206 229 111 3 90 38 25 18 101 180 221 227 238 193 114 188 126 248 247 102 66 129 138 1 43 45 110 160 133 24 191 10 117 100 26 197 201 92 76 40 109 177 72 222 235 93 214 68 58 217 2 47 167 116 54 9 169 13 207 143 99 89 44 190 156 136 119 163 127 16 6 122 51 146 218 209 35 182 39 52 240 65 11 106 87 181 141 226 203 28 83 161 113 61 164 71 121 232 91 199 253 30 15 85 152 131 59 208 41 74 250 95 175 32 252 213 55 204 186 230 241 150 157 69 194 49 4 184 205 196 5 148 158 233 144 134 20 17 135 200 254 228 80 215 154 86 57 224 128 104 243 63 211 37 192 165 239 7 62 22 97 64 153 245 179 96 19 237 78 139 124 171 220 82 34 173 178 107,44989544,43,1436160,2063655705,52328146
tai256c,greedy,6 78 50 96 129 60 39 90 14 242 222 248 132 102 68 165 140 83 146 227 21 31 56 117 217 11 239 46 161 136 235 220 183 240 88 36 95 186 195 176 127 180 214 110 142 9 58 115 105 178 4 163 123 1 138 100 71 245 48 209 98 212 119 152 207 18 41 237 231 75 65 108 203 188 53 159 157 197 150 169 252 29 93 43 205 24 250 33 85 200 174 155 251 10 144 106 213 253 126 17 92 42 120 162 232 204 224 59 111 13 54 104 243 77 133 219 156 25 215 166 114 116 0 198 179 139 62 72 67 130 81 32 206 7 236 5 82 149 143 69 55 22 64 191 229 12 101 228 254 194 199 182 171 80 3 112 226 40 26 79 172 97 175 49 192 121 73 16 23 246 107 211 177 154 168 210 27 91 47 128 61 241 89 141 255 87 34 208 164 145 234 225 193 184 125 153 160 131 218 30 37 135 202 118 170 35 52 190 28 221 109 216 244 76 99 173 86 181 189 247 15 45 238 124 84 147 230 158 134 151 201 2 57 66 70 196 122 137 8 187 113 44 19 74 63 223 38 167 185 233 103 51 94 148 249 20,45057676,280,1562289,2263942196,52389390
tai256c,randomWalk,78 225 82 201 147 118 248 240 164 142 40 44 179 61 145 166 211 153 231 252 57 220 255 217 20 99 71 138 84 246 88 29 151 111 108 11 34 132 126 133 39 170 14 209 115 91 21 26 156 152 149 75 123 210 235 49 237 80 213 186 205 160 206 6 212 188 124 174 119 238 178 95 244 86 171 176 219 180 216 47 0 110 53 250 59 129 51 98 193 130 9 46 72 140 200 102 63 157 177 227 131 159 239 167 83 158 218 184 90 116 104 128 64 198 96 114 199 121 226 224 8 4 154 58 17 103 2 251 229 5 109 87 22 194 182 62 207 203 136 97 35 52 106 189 31 7 185 24 65 101 144 187 197 16 76 204 79 223 55 23 196 190 241 172 107 232 169 221 45 236 165 183 67 74 43 60 105 30 150 249 208 1 195 228 135 100 163 27 243 230 117 68 214 162 3 33 127 112 48 66 146 155 181 54 125 50 36 120 192 89 37 10 25 143 122 242 233 56 113 12 93 38 73 19 69 42 202 137 215 85 41 141 134 139 175 32 18 173 253 28 234 161 13 254 191 77 247 70 92 148 15 168 222 245 94 81,49511784,1275563,1275563,2063858879,52625844
tai256c,random,162 192 65 130 217 143 91 69 246 139 142 205 173 166 41 29 214 245 106 105 45 15 17 226 85 145 115 35 19 89 232 60 70 231 111 25 121 179 152 47 213 9 169 238 191 36 215 8 123 252 220 230 52 12 11 144 178 83 107 251 155 180 54 182 133 148 183 56 21 174 240 87 175 55 40 101 61 23 132 210 18 48 136 222 237 141 14 225 236 187 235 223 201 44 27 32 164 34 248 81 75 190 124 165 167 250 254 20 50 57 218 28 16 228 157 207 90 206 0 2 67 159 6 49 163 193 129 38 24 84 73 209 76 172 188 30 184 103 186 242 154 168 26 126 71 198 31 249 176 72 224 212 196 216 160 233 241 42 96 194 1 118 119 82 92 127 221 3 208 99 244 150 158 195 4 46 153 170 219 66 253 74 149 110 239 93 255 138 109 98 131 78 197 5 108 113 10 229 43 125 116 156 117 177 200 189 97 135 147 63 62 33 114 171 13 137 104 88 22 161 79 140 211 59 120 86 204 227 151 7 112 234 181 202 102 51 80 37 58 122 247 185 199 53 128 100 77 95 243 64 39 203 134 94 146 68,50072280,21641,21641,2063801834,52678732
tai256c,heuristic,192 166 255 254 253 252 251 250 249 248 247 246 245 244 243 242 241 240 239 238 237 236 235 234 233 232 231 230 229 228 227 226 225 224 223 222 221 220 219 218 217 216 215 214 213 212 211 165 210 209 208 207 206 205 204 203 202 201 200 199 198 197 196 167 164 195 194 193 191 190 189 188 187 186 185 184 183 182 181 180 179 178 177 176 175 174 173 172 171 170 169 168 92 93 94 95 96 97 98 99 100 101 102 103 104 105 106 107 108 109 110 111 112 113 114 115 116 117 118 119 120 121 122 123 124 125 63 64 47 129 130 131 132 133 134 135 136 137 138 139 140 141 142 143 144 145 146 147 148 149 150 151 152 153 154 155 156 157 158 159 160 161 162 163 81 128 127 126 91 90 89 88 87 86 85 84 83 82 1 80 79 78 77 76 75 74 73 72 71 70 69 68 0 67 66 65 62 61 60 59 58 57 56 55 54 53 52 51 50 49 48 46 45 44 43 42 41 40 39 38 37 36 35 34 33 32 31 30 29 28 27 26 25 24 23 22 21 20 19 18 17 16 15 14 13 12 11 10 9 8 7 6 5 4 3 2,98685678,0,1,316097,52597484
tai256c,simulatedAnnealing,85 55 150 148 2 95 93 31 19 36 96 125 178 254 170 159 127 32 68 100 227 173 193 9 197 4 239 28 218 236 167 66 70 201 231 46 51 145 203 130 212 106 78 210 180 216 26 58 207 38 61 182 17 248 0 155 190 123 208 91 142 88 73 76 184 121 214 160 119 13 222 98 102 23 133 140 188 163 136 40 153 245 233 241 113 43 64 251 115 6 49 205 168 63 230 221 84 92 81 232 226 103 220 35 252 199 50 209 247 143 16 213 246 192 25 56 244 243 15 117 42 176 20 29 179 187 14 97 83 141 206 156 242 69 7 194 94 196 162 112 108 118 237 172 138 22 250 90 219 198 195 175 146 124 131 24 5 11 223 8 171 126 181 107 152 75 253 224 105 71 249 21 151 211 48 45 33 74 161 39 101 186 191 1 18 54 132 255 86 82 234 57 128 10 122 174 129 120 80 59 149 200 72 229 215 166 47 52 114 144 217 154 135 41 3 87 62 228 183 30 60 109 53 89 157 240 116 147 238 177 235 137 158 77 165 202 225 164 12 189 99 185 37 67 110 111 169 104 34 139 134 204 44 27 65 79,44864268,10689600,10705920,18032723974,52488498
tai256c,tabuSearch,212 201 138 205 59 34 119 186 153 220 115 32 55 164 136 176 0 76 25 174 197 144 233 40 182 121 44 208 112 188 184 102 73 199 80 19 69 109 27 17 193 150 106 143 244 235 162 255 129 14 218 31 88 91 5 123 117 126 253 147 157 36 179 2 248 23 46 222 61 214 97 42 140 63 132 38 82 84 65 210 171 94 51 227 167 246 207 225 12 86 231 250 247 116 169 155 200 57 20 15 151 124 238 75 135 118 47 37 49 239 67 160 100 9 41 101 85 35 216 180 139 191 215 236 185 1 114 187 131 254 234 152 89 43 249 16 24 93 4 95 177 172 181 107 127 243 3 110 130 45 245 137 113 224 195 72 134 149 11 156 183 158 141 175 125 29 251 90 173 168 145 70 142 39 7 128 219 194 26 198 217 178 18 189 226 71 68 170 230 120 30 28 159 165 50 203 77 213 242 111 58 211 206 22 146 66 78 54 62 53 161 133 192 154 79 104 190 223 122 237 83 209 166 103 148 56 92 96 33 64 240 10 204 252 99 196 81 163 221 13 48 21 74 98 229 52 6 87 108 60 232 241 105 228 8 202,45057866,1112,1469925,2396000161,55029226
tai256c,steepest,50 36 176 83 146 120 58 68 43 6 252 98 159 149 75 11 200 90 108 111 77 94 195 116 168 245 21 55 248 40 228 142 23 80 241 105 237 217 113 161 172 15 33 134 203 151 174 26 48 140 164 166 9 155 189 73 207 87 65 62 230 178 102 2 131 30 181 70 193 243 60 16 122 220 53 19 215 125 198 45 128 226 170 239 185 13 234 213 208 85 137 222 25 205 253 175 92 247 180 27 235 29 5 158 254 114 42 201 242 95 1 139 202 251 219 54 169 204 78 209 88 71 100 141 218 91 81 227 59 32 225 184 119 210 17 165 118 173 192 148 206 72 162 35 63 4 123 12 8 147 0 211 196 135 138 250 3 37 136 167 249 24 223 31 69 97 103 156 145 177 240 18 49 41 154 194 179 132 188 20 22 64 61 74 212 232 130 52 93 163 214 38 153 39 106 127 233 47 28 187 129 86 104 244 107 51 84 117 144 101 152 246 115 157 224 150 56 121 183 99 46 191 109 255 216 82 67 34 143 199 66 44 126 57 89 10 197 171 112 236 133 160 186 14 110 238 124 182 231 96 76 190 221 7 79 229,44939242,43,1436160,2170627516,52951924
tai256c,greedy,5 123 238 22 192 118 121 162 224 55 86 58 94 223 253 77 40 196 17 171 49 213 100 62 188 0 52 136 179 112 81 143 37 133 72 30 154 217 106 130 98 34 75 183 173 109 89 200 115 219 234 227 45 232 83 28 69 205 177 148 145 230 47 158 151 198 210 190 241 92 160 25 140 181 103 11 249 126 247 43 8 111 236 255 2 64 186 244 19 166 66 169 10 199 176 4 114 61 91 237 99 108 67 82 175 156 155 46 110 18 228 76 182 163 73 116 187 127 20 220 226 178 122 117 231 15 135 144 246 65 85 139 59 212 201 26 13 243 1 6 197 207 251 29 104 38 35 240 24 204 211 97 128 167 170 248 101 138 44 68 214 78 239 102 245 87 31 125 105 39 142 202 235 60 203 63 150 74 21 132 149 32 252 120 147 180 70 164 27 71 168 153 209 124 36 14 90 221 3 23 131 189 194 50 56 53 161 41 216 12 129 119 191 195 57 7 242 88 95 113 146 206 42 137 225 48 16 222 208 54 141 229 79 193 107 172 157 215 184 159 233 96 185 218 165 93 134 9 84 254 51 250 80 33 152 174,44925750,269,1363718,2072334562,53556388
tai256c,randomWalk,140 201 173 144 72 248 126 59 224 10 209 176 3 82 213 39 116 12 114 202 61 171 111 219 25 234 180 181 206 34 75 138 49 167 86 179 36 177 84 96 17 15 241 187 245 27 5 48 130 109 46 151 226 231 112 255 62 197 188 149 26 67 143 22 85 205 106 55 117 249 8 212 30 147 51 121 153 94 133 90 100 14 142 185 53 31 123 252 74 194 136 108 250 216 83 204 80 105 227 161 189 200 217 162 145 190 54 97 208 110 122 40 247 93 20 89 71 19 154 174 115 253 43 193 239 102 38 77 233 243 13 223 113 58 214 125 50 129 37 198 95 57 228 23 137 139 47 165 69 172 230 246 7 183 101 182 128 166 251 157 21 35 98 163 64 29 254 184 242 218 42 238 87 203 120 155 146 41 73 0 132 148 192 215 225 221 170 9 235 186 178 52 78 240 229 222 28 45 135 70 92 107 60 169 32 11 191 33 118 207 141 79 160 164 158 24 152 134 119 232 91 63 195 168 211 18 196 127 4 1 103 104 150 65 76 175 131 199 81 156 2 99 220 56 244 66 68 88 44 159 237 236 210 16 124 6,49738500,1250929,1250929,2170756391,54380038
tai256c,random,130 166 68 111 5 27 195 252 255 221 171 163 214 225 36 114 94 39 191 204 140 141 13 75 47 217 128 121 2 162 25 109 87 136 14 233 118 22 212 241 247 237 99 205 194 150 132 58 179 18 91 157 63 62 40 59 11 127 211 230 159 122 183 112 192 48 78 17 4 45 180 49 97 209 189 202 41 185 51 55 181 42 98 7 232 23 151 33 248 6 155 56 240 53 28 168 77 234 170 226 253 31 26 64 201 9 120 20 138 206 92 126 149 156 219 123 144 137 139 218 228 19 158 96 213 210 243 188 224 57 125 107 65 222 88 174 227 207 43 184 177 134 173 238 116 3 12 152 250 61 93 178 198 161 242 169 0 143 30 54 147 38 66 115 50 186 84 146 167 176 135 117 74 73 15 29 239 196 165 193 90 200 76 103 129 81 229 34 246 153 108 251 106 244 131 113 83 10 187 182 21 71 8 236 69 235 249 105 44 254 154 104 46 124 203 67 175 164 223 72 100 119 197 199 16 142 220 82 160 101 85 172 80 89 215 32 231 1 148 95 110 216 52 190 79 102 245 145 208 70 37 60 35 24 133 86,50143692,22497,22497,2170808387,52478534
tai256c,heuristic,192 166 255 254 253 252 251 250 249 248 247 246 245 244 243 242 241 240 239 238 237 236 235 234 233 232 231 230 229 228 227 226 225 224 223 222 221 220 219 218 217 216 215 214 213 212 211 165 210 209 208 207 206 205 204 203 202 201 200 199 198 197 196 167 164 195 194 193 191 190 189 188 187 186 185 184 183 182 181 180 179 178 177 176 175 174 173 172 171 170 169 168 92 93 94 95 96 97 98 99 100 101 102 103 104 105 106 107 108 109 110 111 112 113 114 115 116 117 118 119 120 121 122 123 124 125 63 64 47 129 130 131 132 133 134 135 136 137 138 139 140 141 142 143 144 145 146 147 148 149 150 151 152 153 154 155 156 157 158 159 160 161 162 163 81 128 127 126 91 90 89 88 87 86 85 84 83 82 1 80 79 78 77 76 75 74 73 72 71 70 69 68 0 67 66 65 62 61 60 59 58 57 56 55 54 53 52 51 50 49 48 46 45 44 43 42 41 40 39 38 37 36 35 34 33 32 31 30 29 28 27 26 25 24 23 22 21 20 19 18 17 16 15 14 13 12 11 10 9 8 7 6 5 4 3 2,98685678,0,1,591363,54711120
tai256c,simulatedAnnealing,33 56 202 204 253 101 95 246 210 30 109 225 156 65 238 27 173 149 106 23 135 124 96 48 89 53 169 144 177 15 147 113 1 219 50 143 158 71 251 74 35 244 42 197 121 221 216 249 68 126 192 130 76 231 240 195 132 12 61 242 234 8 47 162 20 18 199 167 182 104 164 5 154 175 44 229 118 25 86 184 38 78 115 91 139 83 190 98 187 223 212 152 97 146 80 171 137 198 112 28 79 77 31 196 193 9 64 123 4 161 103 232 32 110 63 150 255 228 226 21 148 252 119 92 85 102 153 125 208 241 105 141 224 213 2 41 117 11 254 90 54 46 176 180 131 129 243 207 237 248 250 22 7 37 220 136 138 183 108 14 88 128 134 230 81 159 181 51 160 49 43 235 72 10 166 127 233 57 140 114 16 55 203 84 13 122 236 36 201 209 206 168 155 17 200 94 163 191 87 52 40 179 116 120 186 75 6 58 100 222 66 24 0 157 185 142 217 247 227 211 245 145 60 69 62 189 45 67 133 215 194 205 170 3 19 93 214 151 59 172 73 39 82 178 70 165 239 111 99 188 29 107 34 174 218 26,44865078,10705920,10722240,18369478965,52022044
tai256c,tabuSearch,197 78 212 97 176 166 214 67 193 175 173 119 151 178 100 237 200 18 121 107 82 124 32 126 28 37 139 90 114 246 112 144 70 22 156 8 205 35 46 207 87 232 153 148 240 249 229 63 208 227 65 146 57 42 117 234 55 163 52 76 202 72 25 104 1 225 3 131 188 50 13 219 85 170 185 143 40 109 183 195 61 11 222 252 5 254 95 134 59 180 31 158 233 244 241 209 247 44 155 145 41 39 238 196 120 93 133 142 69 154 167 140 77 184 162 29 75 132 27 2 245 102 231 47 136 159 198 235 9 141 96 255 187 204 36 182 71 64 91 89 171 56 26 149 169 206 99 103 118 228 19 125 80 106 123 84 105 135 17 172 108 230 239 160 58 150 73 215 113 138 94 242 129 83 21 189 127 217 177 218 161 251 15 243 30 79 236 92 122 51 81 62 74 211 174 224 179 157 191 192 116 201 147 48 33 49 0 86 199 223 164 115 152 88 43 203 210 137 16 34 130 253 194 250 45 68 248 213 38 221 101 54 220 226 12 7 10 168 66 98 6 110 216 23 4 165 14 128 181 111 60 20 186 53 190 24,45009582,2761,3625815,5845914898,52633656
