esc16a,steepest,6 2 10 3 4 13 5 7 15 14 12 11 8 9 0 1,68,5,720,0,126
esc16a,greedy,13 15 10 14 5 1 4 9 8 12 6 7 2 11 3 0,68,8,313,0,102
esc16a,randomWalk,2 13 14 9 7 0 5 6 10 15 8 3 11 4 12 1,108,0,0,0,108
esc16a,random,6 10 1 7 3 9 12 4 14 0 5 15 11 8 13 2,112,0,0,0,112
esc16a,heuristic,15 11 6 8 10 7 9 13 12 14 0 5 4 3 2 1,80,0,1,0,106
esc16a,simulatedAnnealing,10 8 3 11 14 5 9 15 13 12 1 4 6 7 0 2,84,1140,1200,552400,114
esc16a,tabuSearch,7 13 14 12 5 2 0 4 6 15 8 10 9 3 11 1,74,20,2420,0,122
esc16a,steepest,0 8 10 9 2 7 5 3 11 1 12 6 14 13 15 4,72,4,600,542500,110
esc16a,greedy,9 0 8 4 3 15 7 5 13 1 14 10 2 11 6 12,68,14,351,0,120
esc16a,randomWalk,4 12 1 9 6 2 8 7 0 5 13 11 15 3 14 10,82,6646,6646,569400,114
esc16a,random,4 11 12 9 2 6 3 14 15 0 13 7 10 1 8 5,76,1537,1537,557600,108
esc16a,heuristic,15 11 6 8 10 7 9 13 12 14 0 5 4 3 2 1,80,0,1,0,116
esc16a,simulatedAnnealing,2 11 0 8 15 7 1 3 6 10 13 12 4 5 9 14,82,2160,2220,0,98
esc16a,tabuSearch,4 0 10 8 5 7 13 14 12 6 15 1 9 2 11 3,68,22,2662,0,120
esc16a,steepest,15 14 12 8 10 7 3 9 13 11 5 6 2 1 4 0,72,5,720,0,114
esc16a,greedy,10 2 0 1 14 15 13 9 8 11 4 5 7 3 12 6,68,10,478,0,104
esc16a,randomWalk,5 13 7 11 8 12 2 3 0 14 9 6 10 15 4 1,116,0,0,0,116
esc16a,random,10 1 6 2 11 9 3 0 15 8 4 5 7 14 13 12,94,0,0,0,94
esc16a,heuristic,15 11 6 8 10 7 9 13 12 14 0 5 4 3 2 1,80,0,1,0,104
esc16a,simulatedAnnealing,1 3 7 12 0 8 13 9 5 4 14 15 11 6 10 2,80,1560,1620,0,114
esc16a,tabuSearch,13 12 14 10 5 7 3 11 15 9 6 8 4 2 0 1,68,26,3146,548000,114
esc16a,steepest,8 12 5 13 10 3 15 1 11 9 2 4 6 7 14 0,74,3,480,0,98
esc16a,greedy,8 14 13 6 10 1 2 4 0 12 11 7 15 9 3 5,72,12,280,0,116
esc16a,randomWalk,5 9 14 8 0 15 1 6 7 13 12 10 2 3 11 4,104,0,0,0,104
esc16a,random,4 5 11 13 10 1 3 6 8 14 15 2 9 0 7 12,120,0,0,0,120
esc16a,heuristic,15 11 6 8 10 7 9 13 12 14 0 5 4 3 2 1,80,0,1,0,110
esc16a,simulatedAnnealing,13 12 6 4 9 11 14 7 5 15 1 8 10 0 2 3,72,1140,1200,0,114
esc16a,tabuSearch,1 0 6 4 9 11 5 7 2 3 10 12 13 15 14 8,70,22,2662,539200,124
esc16a,steepest,7 6 2 3 4 13 9 1 0 5 12 15 8 11 14 10,70,5,720,0,100
esc16a,greedy,14 4 5 8 7 15 10 13 12 6 1 2 3 0 9 11,74,13,283,0,116
esc16a,randomWalk,7 3 9 14 1 8 15 6 10 13 0 4 2 5 12 11,114,0,0,0,114
esc16a,random,3 8 2 9 14 11 0 4 1 15 6 10 12 13 5 7,122,0,0,0,122
esc16a,heuristic,15 11 6 8 10 7 9 13 12 14 0 5 4 3 2 1,80,0,1,0,110
esc16a,simulatedAnnealing,13 12 8 4 9 7 11 1 5 15 2 14 3 10 0 6,80,1920,1980,0,116
esc16a,tabuSearch,12 14 10 6 13 1 5 0 4 8 2 7 11 15 9 3,68,20,2420,602500,96
esc16a,steepest,7 3 1 0 15 14 4 2 5 6 12 11 9 8 10 13,70,3,480,0,108
esc16a,greedy,1 0 8 12 3 7 15 13 9 5 2 14 6 10 4 11,68,11,503,0,110
esc16a,randomWalk,11 10 8 9 14 0 13 2 12 15 5 6 3 7 4 1,92,0,0,0,92
esc16a,random,1 11 8 6 13 5 7 0 4 15 10 14 2 3 9 12,102,0,0,0,102
esc16a,heuristic,15 11 6 8 10 7 9 13 12 14 0 5 4 3 2 1,80,0,1,0,104
esc16a,simulatedAnnealing,2 8 9 3 4 14 7 1 6 0 15 11 10 12 5 13,82,1020,1080,0,104
esc16a,tabuSearch,11 15 7 5 10 8 0 1 3 9 4 2 14 13 12 6,68,24,2904,549500,116
esc16a,steepest,11 15 5 13 10 2 8 9 1 3 12 0 14 6 4 7,68,5,720,0,108
esc16a,greedy,11 9 8 13 2 14 7 15 10 3 0 4 6 12 5 1,74,7,212,0,108
esc16a,randomWalk,1 15 5 14 7 11 12 2 0 13 4 9 3 6 8 10,118,0,0,0,118
esc16a,random,11 12 8 4 15 13 10 6 9 3 14 1 7 5 2 0,114,0,0,0,114
esc16a,heuristic,15 11 6 8 10 7 9 13 12 14 0 5 4 3 2 1,80,0,1,0,118
esc16a,simulatedAnnealing,4 2 10 15 12 5 14 8 0 6 11 13 1 9 3 7,84,1200,1260,0,108
esc16a,tabuSearch,0 8 9 13 2 6 14 4 12 10 5 3 7 11 15 1,70,23,2783,547300,116
esc16a,steepest,0 9 13 8 3 6 2 5 4 1 7 12 11 10 14 15,68,5,720,0,118
esc16a,greedy,7 5 9 1 6 14 2 11 15 3 12 4 13 0 8 10,68,7,290,0,104
esc16a,randomWalk,4 1 7 9 3 12 6 5 15 2 14 8 0 11 13 10,108,0,0,0,108
esc16a,random,1 5 14 12 15 0 7 9 4 3 8 13 6 2 10 11,110,0,0,0,110
esc16a,heuristic,15 11 6 8 10 7 9 13 12 14 0 5 4 3 2 1,80,0,1,0,122
esc16a,simulatedAnnealing,5 15 13 11 0 4 7 9 3 1 2 12 6 10 14 8,80,1440,1500,0,122
esc16a,tabuSearch,9 13 15 14 1 0 2 10 8 11 7 4 12 3 5 6,68,21,2541,539000,102
esc16a,steepest,2 8 11 15 0 6 7 14 3 10 12 1 5 13 4 9,72,5,720,0,114
esc16a,greedy,11 2 7 6 10 9 8 14 15 3 5 13 0 12 1 4,72,8,301,0,108
esc16a,randomWalk,2 6 1 13 7 4 0 12 5 8 15 11 10 14 3 9,110,0,0,0,110
esc16a,random,12 2 9 13 6 0 10 14 4 1 11 7 3 15 5 8,112,0,0,0,112
esc16a,heuristic,15 11 6 8 10 7 9 13 12 14 0 5 4 3 2 1,80,0,1,0,98
esc16a,simulatedAnnealing,4 2 12 10 9 5 13 1 0 8 3 15 14 7 11 6,82,1260,1320,0,110
esc16a,tabuSearch,14 15 11 6 12 0 4 2 8 10 7 3 9 5 13 1,70,22,2662,0,112
esc16a,steepest,1 4 8 6 5 11 7 3 2 0 14 12 15 13 9 10,72,5,720,0,102
esc16a,greedy,11 15 14 2 13 1 3 8 10 9 4 6 12 5 0 7,72,12,505,0,122
esc16a,randomWalk,11 8 4 1 3 0 15 12 13 9 6 2 5 7 14 10,96,0,0,0,96
esc16a,random,11 14 10 15 13 12 3 4 1 2 8 7 9 6 5 0,122,0,0,0,122
esc16a,heuristic,15 11 6 8 10 7 9 13 12 14 0 5 4 3 2 1,80,0,1,0,120
esc16a,simulatedAnnealing,4 6 13 7 5 10 8 14 15 12 1 3 9 11 2 0,84,1680,1740,777800,124
esc16a,tabuSearch,7 11 10 15 3 4 5 14 6 2 12 13 1 8 9 0,72,18,2178,0,84
esc32f,steepest,16 4 5 0 6 19 9 28 27 20 31 15 8 10 1 13 30 23 25 22 2 17 18 3 12 26 14 29 21 24 11 7,2,3,1984,552300,62
esc32f,greedy,24 1 8 31 13 6 14 4 12 18 23 26 9 11 15 21 0 28 30 20 29 2 22 7 10 17 19 3 5 16 25 27,2,6,769,0,52
esc32f,randomWalk,30 21 0 9 22 24 2 13 7 8 19 1 26 18 3 28 14 11 6 10 16 20 27 17 29 23 4 5 15 31 25 12,6,6057,6057,1068700,56
esc32f,random,28 1 0 13 7 22 16 31 19 24 3 14 30 17 6 27 29 9 20 25 4 12 10 8 23 26 15 18 5 11 21 2,10,825,825,945000,18
esc32f,heuristic,1 10 2 3 4 5 31 27 23 9 0 8 26 25 14 15 24 29 30 28 20 21 22 11 19 18 17 16 13 7 12 6,10,0,1,0,50
esc32f,simulatedAnnealing,5 29 13 31 0 28 12 22 4 18 1 23 17 25 26 16 30 8 14 24 27 10 6 11 3 19 15 7 9 21 20 2,2,14136,14384,1902600,74
esc32f,tabuSearch,21 19 10 9 23 12 16 20 24 6 5 0 15 11 13 25 4 31 17 27 14 22 28 8 29 2 30 18 1 3 26 7,2,50,8483,1064300,76
esc32f,steepest,1 28 21 8 14 17 31 7 30 13 5 20 18 16 4 12 15 6 23 2 19 24 0 25 9 22 10 11 27 3 26 29,2,4,2480,536300,86
esc32f,greedy,31 0 18 15 7 20 27 30 26 2 16 19 22 6 14 5 28 13 11 9 21 17 29 10 25 12 24 8 23 3 4 1,2,7,582,0,72
esc32f,randomWalk,30 16 23 27 26 2 20 22 28 19 0 25 8 12 7 11 18 21 4 17 1 5 15 24 6 3 9 10 29 31 13 14,2,5976,5976,1034200,60
esc32f,random,4 13 21 11 20 28 3 6 8 12 5 23 2 18 29 10 26 22 19 16 17 0 27 15 9 25 31 30 1 24 14 7,10,457,457,537800,28
esc32f,heuristic,1 10 2 3 4 5 31 27 23 9 0 8 26 25 14 15 24 29 30 28 20 21 22 11 19 18 17 16 13 7 12 6,10,0,1,0,56
esc32f,simulatedAnnealing,27 11 3 7 17 6 29 30 28 4 2 9 24 16 19 22 10 21 31 23 1 26 14 25 0 18 13 5 12 8 20 15,6,9920,10168,1315600,32
esc32f,tabuSearch,27 18 6 7 30 25 0 31 4 10 12 28 3 19 21 24 29 16 1 20 2 17 11 9 5 22 26 23 15 14 13 8,2,36,5988,1091300,20
esc32f,steepest,28 7 16 5 6 4 13 25 31 12 18 24 27 11 26 3 9 23 15 22 10 21 17 29 20 0 14 30 19 8 2 1,2,3,1984,522800,32
esc32f,greedy,15 30 16 31 23 19 1 21 5 22 28 14 2 6 11 13 20 29 0 25 9 27 10 8 12 7 17 18 3 24 26 4,2,7,526,0,46
esc32f,randomWalk,8 23 26 31 2 19 4 17 6 30 14 27 13 21 28 7 16 0 12 1 18 25 10 29 5 11 15 20 3 24 9 22,6,3166,3166,524600,40
esc32f,random,3 21 12 29 0 4 28 6 18 2 5 22 14 15 13 23 11 1 17 16 10 7 9 30 31 8 24 20 19 26 25 27,6,275,275,539200,44
esc32f,heuristic,1 10 2 3 4 5 31 27 23 9 0 8 26 25 14 15 24 29 30 28 20 21 22 11 19 18 17 16 13 7 12 6,10,0,1,0,82
esc32f,simulatedAnnealing,27 28 22 1 8 5 14 15 30 18 10 16 17 19 24 21 31 13 6 12 25 11 3 20 29 26 23 9 4 7 0 2,2,12648,12896,1168800,78
esc32f,tabuSearch,5 24 21 28 17 30 2 20 10 26 23 6 14 15 9 29 16 0 18 1 19 8 3 4 11 7 22 25 27 31 12 13,2,39,6487,1571700,38
esc32f,steepest,23 8 6 15 12 3 22 16 30 25 11 24 31 29 2 19 17 5 20 1 26 18 21 7 10 28 27 4 9 13 14 0,2,2,1488,0,18
esc32f,greedy,29 18 8 15 5 2 14 7 12 24 25 9 20 4 3 28 23 19 30 17 1 21 10 6 22 31 27 13 0 16 26 11,2,8,822,0,50
esc32f,randomWalk,9 10 13 2 15 21 31 24 22 20 1 16 0 5 12 18 14 23 11 27 6 19 8 30 7 28 4 26 29 17 25 3,40,0,0,0,40
esc32f,random,4 31 30 18 9 14 24 1 7 28 19 15 6 17 29 13 21 16 0 26 12 3 25 10 2 8 27 20 11 5 23 22,48,0,0,0,48
esc32f,heuristic,1 10 2 3 4 5 31 27 23 9 0 8 26 25 14 15 24 29 30 28 20 21 22 11 19 18 17 16 13 7 12 6,10,0,1,0,56
esc32f,simulatedAnnealing,25 13 16 19 1 29 10 7 6 5 0 17 26 30 4 3 21 27 14 11 15 8 12 22 24 31 23 18 28 9 2 20,6,9920,10168,1755800,28
esc32f,tabuSearch,26 18 0 2 4 6 24 11 29 12 8 13 20 16 15 23 3 27 28 25 19 21 5 22 17 9 31 7 10 1 14 30,2,41,6986,1137500,58
esc32f,steepest,17 3 0 21 11 23 22 13 7 4 30 18 24 26 29 8 15 2 6 10 19 12 27 14 25 20 5 16 28 9 1 31,2,3,1984,0,42
esc32f,greedy,15 13 25 17 19 12 6 30 0 7 16 2 24 8 10 20 28 5 4 1 3 9 21 31 14 22 11 29 18 23 26 27,2,9,700,0,56
esc32f,randomWalk,8 0 26 6 11 30 15 23 10 16 3 22 21 7 1 28 19 24 2 27 4 18 31 13 20 29 17 14 12 5 25 9,36,0,0,0,36
esc32f,random,8 6 16 14 17 19 26 12 28 3 7 20 31 27 30 21 0 22 4 1 10 15 9 24 29 13 5 18 23 2 25 11,68,0,0,0,68
esc32f,heuristic,1 10 2 3 4 5 31 27 23 9 0 8 26 25 14 15 24 29 30 28 20 21 22 11 19 18 17 16 13 7 12 6,10,0,1,0,56
esc32f,simulatedAnnealing,2 3 0 11 10 31 28 16 4 12 25 9 29 13 7 30 17 27 24 19 8 22 26 20 5 15 23 6 18 1 21 14,6,8184,8432,1075900,44
esc32f,tabuSearch,9 7 6 1 22 16 10 17 12 30 27 11 3 19 20 2 21 15 14 13 5 24 4 25 23 18 8 29 28 0 31 26,2,33,5489,2202600,36
esc32f,steepest,20 9 14 2 12 0 15 19 29 22 3 1 21 23 27 28 17 26 31 24 4 18 8 16 25 7 10 13 5 30 6 11,2,5,2976,0,44
esc32f,greedy,15 24 0 10 21 6 1 12 9 23 8 7 19 17 29 4 13 26 5 30 31 2 22 16 14 28 25 20 11 3 27 18,2,7,908,0,56
esc32f,randomWalk,8 27 16 1 24 31 17 26 14 13 25 0 18 15 28 22 11 30 5 4 29 20 21 10 2 23 3 19 7 6 12 9,58,0,0,0,58
esc32f,random,6 11 25 1 0 28 16 26 31 30 4 18 27 8 10 17 7 2 29 13 19 23 22 14 15 5 20 21 12 3 9 24,76,0,0,0,76
esc32f,heuristic,1 10 2 3 4 5 31 27 23 9 0 8 26 25 14 15 24 29 30 28 20 21 22 11 19 18 17 16 13 7 12 6,10,0,1,0,18
esc32f,simulatedAnnealing,6 17 2 15 0 27 4 10 12 18 20 1 9 25 3 21 8 23 5 31 14 7 13 28 11 26 16 19 30 22 29 24,2,9424,9672,1093000,56
esc32f,tabuSearch,12 26 29 27 8 11 13 19 15 23 3 28 16 24 31 6 18 1 5 0 4 17 30 9 20 10 22 14 2 7 21 25,2,45,7485,1227300,52
esc32f,steepest,30 24 11 2 22 5 0 27 1 29 6 26 23 19 3 7 25 14 4 12 18 17 10 21 9 13 28 16 8 20 15 31,2,3,1984,549500,38
esc32f,greedy,22 9 14 27 18 12 4 11 13 10 17 1 28 24 31 20 3 23 5 7 15 25 8 16 26 2 30 6 29 19 0 21,2,6,819,0,44
esc32f,randomWalk,26 13 2 7 15 19 16 6 18 25 8 28 30 22 29 3 4 14 24 10 27 0 23 9 21 1 20 12 17 5 31 11,2,7045,7045,1099600,56
esc32f,random,18 3 19 6 20 10 12 0 16 26 22 4 15 24 9 5 7 2 27 8 31 1 21 25 29 11 30 28 23 13 17 14,10,881,881,1079400,68
esc32f,heuristic,1 10 2 3 4 5 31 27 23 9 0 8 26 25 14 15 24 29 30 28 20 21 22 11 19 18 17 16 13 7 12 6,10,0,1,0,46
esc32f,simulatedAnnealing,27 25 4 11 2 22 7 9 14 3 5 10 16 24 0 26 13 23 6 21 28 15 29 31 12 18 8 17 1 19 20 30,2,8928,9176,1117300,30
esc32f,tabuSearch,9 4 25 1 0 30 22 23 26 3 28 17 10 8 6 14 19 5 18 13 2 7 20 24 31 27 21 16 11 15 29 12,2,60,9980,1099100,62
esc32f,steepest,16 0 3 9 17 11 13 20 31 7 18 21 25 24 28 1 4 8 15 10 30 6 26 19 23 14 27 29 5 12 2 22,2,4,2480,586900,56
esc32f,greedy,18 3 13 11 28 7 25 23 9 1 4 5 14 12 29 20 31 10 24 8 27 0 17 22 26 2 19 30 16 21 6 15,2,6,602,0,42
esc32f,randomWalk,23 26 11 7 10 12 19 22 17 21 2 30 6 4 9 16 20 24 18 28 0 29 5 3 14 8 31 15 27 25 13 1,2,5038,5038,1008700,38
esc32f,random,13 3 24 9 20 17 0 16 28 23 14 6 25 12 26 29 21 1 5 30 10 15 2 31 22 18 7 19 27 8 4 11,6,556,556,672200,70
esc32f,heuristic,1 10 2 3 4 5 31 27 23 9 0 8 26 25 14 15 24 29 30 28 20 21 22 11 19 18 17 16 13 7 12 6,10,0,1,0,36
esc32f,simulatedAnnealing,9 0 6 16 8 31 14 3 12 24 18 19 13 5 7 30 11 20 15 22 27 1 10 29 17 23 26 21 25 2 28 4,2,11160,11408,1108500,70
esc32f,tabuSearch,23 28 1 20 7 21 26 8 19 31 11 30 4 12 9 24 10 2 18 6 0 14 16 22 5 29 25 15 3 13 27 17,2,44,7485,1180800,72
esc32f,steepest,6 23 13 12 27 7 5 4 0 21 3 26 17 16 30 10 20 9 1 11 29 24 22 25 14 15 2 28 31 19 18 8,2,3,1984,548100,48
esc32f,greedy,25 7 16 29 4 24 17 8 18 20 1 22 6 2 27 21 10 13 19 9 0 30 31 12 15 23 28 14 26 5 11 3,2,7,612,0,40
esc32f,randomWalk,31 0 5 23 29 27 11 26 3 2 25 24 6 22 17 7 30 8 10 12 13 19 18 16 14 21 15 4 9 20 1 28,2,8098,8098,1083200,40
esc32f,random,23 15 4 3 29 26 28 31 14 19 22 16 12 2 13 6 18 10 27 0 24 11 9 1 7 17 21 30 5 25 8 20,10,471,471,548200,52
esc32f,heuristic,1 10 2 3 4 5 31 27 23 9 0 8 26 25 14 15 24 29 30 28 20 21 22 11 19 18 17 16 13 7 12 6,10,0,1,0,74
esc32f,simulatedAnnealing,6 28 17 22 8 3 27 21 19 7 5 24 13 11 12 2 29 30 26 14 23 18 25 4 1 10 16 31 9 20 15 0,6,9176,9424,1102400,44
esc32f,tabuSearch,15 8 2 23 24 26 11 6 31 18 22 4 16 20 3 29 7 5 27 21 17 19 1 0 28 10 25 13 30 9 14 12,2,45,7485,957200,20
esc32f,steepest,7 14 0 8 18 28 29 30 20 3 16 9 4 6 5 24 31 23 21 19 15 12 22 2 17 10 26 27 1 11 25 13,2,3,1984,539400,64
esc32f,greedy,3 0 12 27 28 8 22 7 23 13 16 30 6 14 24 17 15 26 20 10 11 19 25 2 5 4 9 21 1 29 18 31,2,5,727,0,58
esc32f,randomWalk,18 19 22 4 9 31 8 14 16 21 27 26 23 20 10 11 15 6 24 2 7 3 28 17 13 0 5 1 30 25 29 12,6,2642,2642,560000,64
esc32f,random,20 14 3 5 25 28 27 29 6 17 11 1 21 10 4 31 23 18 13 0 2 24 12 22 7 19 30 16 8 9 15 26,10,390,390,777200,60
esc32f,heuristic,1 10 2 3 4 5 31 27 23 9 0 8 26 25 14 15 24 29 30 28 20 21 22 11 19 18 17 16 13 7 12 6,10,0,1,0,40
esc32f,simulatedAnnealing,10 23 21 18 12 22 14 19 4 25 1 7 11 27 2 13 3 30 6 28 15 8 20 24 31 17 16 9 0 5 26 29,2,8680,8928,1106300,76
esc32f,tabuSearch,9 11 2 24 18 22 5 29 7 27 12 14 13 15 0 6 28 23 1 19 26 25 4 17 20 31 16 3 21 30 8 10,2,41,6986,548500,58
lipa40a,steepest,26 34 5 15 17 30 20 13 38 1 4 2 21 12 33 11 35 9 10 23 18 36 6 22 25 39 3 28 8 37 32 0 14 7 29 31 24 16 19 27,32027,19,15600,3639200,32617
lipa40a,greedy,35 0 25 7 12 2 32 36 28 11 21 29 18 33 27 4 37 15 31 3 16 39 23 10 38 19 17 22 13 14 20 9 24 26 6 5 30 34 8 1,31999,54,4306,0,32614
lipa40a,randomWalk,12 6 32 7 17 24 4 2 27 30 13 3 19 36 31 1 25 29 33 35 9 0 22 16 26 11 15 23 37 34 20 8 28 14 5 39 10 38 21 18,32459,21049,21049,4009700,32798
lipa40a,random,29 24 18 35 28 34 39 26 2 22 7 31 11 27 6 9 30 38 14 4 25 13 32 8 20 21 23 36 15 1 19 3 5 12 17 10 37 16 33 0,32423,6109,6109,10349100,32726
lipa40a,heuristic,35 20 27 22 39 14 4 6 29 24 18 13 9 0 28 25 15 34 10 11 21 17 16 3 2 31 30 33 23 8 5 19 7 37 12 38 1 32 36 26,32760,0,1,0,32635
lipa40a,simulatedAnnealing,3 30 20 13 4 34 39 36 11 12 8 7 14 37 26 18 24 17 16 35 31 10 23 0 33 6 9 15 22 19 32 21 29 28 27 1 5 25 38 2,31929,83070,83460,11548100,32891
lipa40a,tabuSearch,11 10 32 2 20 14 39 19 23 12 18 1 0 3 28 22 24 5 16 33 29 15 31 6 34 7 38 13 36 9 37 4 35 25 8 21 30 17 27 26,31982,111,21952,9014400,32795
lipa40a,steepest,16 25 18 38 37 11 9 31 33 32 34 30 24 19 21 29 14 23 26 0 17 36 7 3 8 15 1 12 13 35 22 27 5 20 6 4 39 2 28 10,32024,20,16380,2531400,32728
lipa40a,greedy,19 7 14 37 25 33 4 16 22 35 21 31 27 10 36 30 11 28 38 2 23 29 26 24 8 20 15 13 12 0 5 3 32 6 39 17 9 34 18 1,32007,62,7683,998700,32661
lipa40a,randomWalk,39 3 2 28 9 21 24 35 17 10 29 23 4 7 25 18 0 34 12 1 14 19 5 33 27 36 11 20 13 26 31 32 16 6 30 15 37 8 22 38,32445,55729,55729,8206700,32717
lipa40a,random,37 32 19 9 11 17 34 22 29 20 35 28 23 6 5 21 36 15 26 7 33 0 27 39 24 12 2 30 13 25 10 18 3 4 1 14 31 38 16 8,32507,1441,1441,3895600,32539
lipa40a,heuristic,35 20 27 22 39 14 4 6 29 24 18 13 9 0 28 25 15 34 10 11 21 17 16 3 2 31 30 33 23 8 5 19 7 37 12 38 1 32 36 26,32760,0,1,0,32615
lipa40a,simulatedAnnealing,36 9 3 18 23 25 21 17 6 37 39 12 22 2 5 10 30 32 35 27 1 15 20 11 13 14 31 33 28 0 8 34 24 38 4 29 7 26 16 19,31926,99450,99840,16826100,32639
lipa40a,tabuSearch,33 11 3 24 5 35 4 18 29 23 32 13 21 19 36 22 2 38 12 17 1 37 26 27 8 28 10 9 30 16 20 15 14 34 25 0 6 7 31 39,31984,104,20384,0,32688
lipa40a,steepest,20 2 19 23 27 34 25 36 32 26 16 30 21 22 6 13 38 29 10 14 18 17 5 11 3 31 9 4 7 1 33 0 37 24 28 15 35 12 8 39,32008,20,16380,0,32674
lipa40a,greedy,13 7 3 25 27 22 12 39 8 17 26 0 4 19 30 15 5 14 23 33 29 9 2 28 1 24 16 38 32 11 20 37 21 34 18 36 10 35 6 31,31997,59,4090,0,32709
lipa40a,randomWalk,35 15 38 31 36 3 19 29 13 18 12 14 24 16 5 32 34 25 8 21 28 6 27 33 11 23 0 1 2 4 17 10 7 20 37 39 26 22 30 9,32635,0,0,0,32635
lipa40a,random,9 16 1 37 38 3 28 21 18 14 31 29 24 0 19 32 27 13 17 10 34 20 36 7 30 25 12 2 8 6 33 35 39 23 22 15 11 26 4 5,32775,0,0,0,32775
lipa40a,heuristic,35 20 27 22 39 14 4 6 29 24 18 13 9 0 28 25 15 34 10 11 21 17 16 3 2 31 30 33 23 8 5 19 7 37 12 38 1 32 36 26,32760,0,1,0,32725
lipa40a,simulatedAnnealing,19 0 27 1 14 24 37 18 16 15 6 28 36 3 5 13 2 22 9 29 17 30 39 31 21 32 11 4 34 35 12 10 33 38 25 23 20 7 8 26,31949,89700,90090,21364800,32711
lipa40a,tabuSearch,15 2 25 23 27 24 28 1 38 19 16 5 13 8 39 26 11 7 14 22 12 17 21 33 0 31 10 4 6 3 34 9 37 35 20 18 29 32 30 36,31968,131,25872,5740200,32800
lipa40a,steepest,17 12 2 14 36 37 31 6 8 0 24 18 38 34 21 28 33 1 29 15 4 27 30 26 3 16 39 20 7 19 23 35 9 10 13 22 32 11 25 5,32018,21,17160,3204300,32727
lipa40a,greedy,18 19 38 25 0 20 27 11 33 13 15 39 35 3 23 12 14 9 2 5 7 21 4 17 6 37 26 36 22 34 16 30 10 1 31 28 24 29 32 8,32072,50,3063,0,32671
lipa40a,randomWalk,2 19 8 26 31 6 28 33 4 9 12 3 18 23 11 16 32 21 22 5 25 13 38 15 14 0 20 24 29 39 7 17 30 36 27 1 35 37 34 10,32441,71955,71955,12077100,32787
lipa40a,random,13 14 0 37 22 2 17 24 4 7 31 36 3 35 26 6 11 18 32 27 20 1 12 25 16 39 8 21 5 34 23 9 33 38 19 10 30 29 15 28,32481,2075,2075,3710000,32659
lipa40a,heuristic,35 20 27 22 39 14 4 6 29 24 18 13 9 0 28 25 15 34 10 11 21 17 16 3 2 31 30 33 23 8 5 19 7 37 12 38 1 32 36 26,32760,0,1,0,32772
lipa40a,simulatedAnnealing,14 36 16 11 25 34 39 30 19 27 37 1 13 5 20 2 31 9 24 17 3 15 28 0 21 29 8 6 32 12 35 7 4 23 22 10 33 38 18 26,32409,24570,24960,4246500,32706
lipa40a,tabuSearch,36 24 22 4 19 1 9 11 14 16 20 37 30 10 6 3 38 32 8 33 12 39 26 27 21 31 13 25 34 2 28 35 7 15 0 23 17 29 18 5,31975,168,32928,3545600,32651
lipa40a,steepest,22 7 11 20 28 9 5 16 8 38 37 29 31 12 23 6 26 2 0 33 36 39 14 19 21 35 15 18 13 10 3 30 17 4 1 32 25 27 24 34,32042,22,17940,0,32576
lipa40a,greedy,30 3 39 20 24 11 35 5 22 31 13 17 4 29 14 2 19 37 8 33 26 36 15 16 21 32 34 18 12 28 25 38 23 27 0 10 1 6 7 9,32083,51,2617,0,32584
lipa40a,randomWalk,17 35 32 33 13 2 28 14 30 21 26 22 25 15 37 10 20 31 16 7 6 29 9 4 11 18 38 23 36 34 1 0 39 12 19 27 3 24 5 8,32752,0,0,0,32752
lipa40a,random,36 28 29 15 24 37 22 35 18 9 11 5 8 38 33 27 31 12 7 34 21 32 39 20 6 14 2 26 4 19 30 16 13 0 10 17 23 1 3 25,32758,0,0,0,32758
lipa40a,heuristic,35 20 27 22 39 14 4 6 29 24 18 13 9 0 28 25 15 34 10 11 21 17 16 3 2 31 30 33 23 8 5 19 7 37 12 38 1 32 36 26,32760,0,1,0,32812
lipa40a,simulatedAnnealing,30 20 2 27 31 38 11 34 39 23 25 19 10 0 17 8 9 37 21 5 26 35 29 13 24 22 15 14 32 7 3 18 36 4 33 1 12 28 6 16,31901,88140,88530,19757800,32783
lipa40a,tabuSearch,12 8 25 4 23 16 37 27 38 33 26 3 9 30 2 19 14 35 1 22 31 11 21 39 13 36 6 5 34 7 18 24 17 28 29 15 20 10 32 0,32015,98,19600,6627100,32733
lipa40a,steepest,36 32 19 18 30 6 26 14 37 16 20 24 17 10 2 9 5 12 34 7 4 21 31 11 27 23 29 25 33 0 8 3 39 35 28 13 38 15 1 22,32030,26,21060,1777800,32631
lipa40a,greedy,34 21 16 13 31 37 10 14 24 5 26 19 35 39 33 28 32 0 23 12 38 18 29 9 2 27 25 7 17 36 11 20 15 1 4 30 6 22 8 3,31926,70,4389,2016100,32724
lipa40a,randomWalk,33 39 22 35 13 23 11 31 7 4 27 8 6 5 26 15 20 28 29 21 36 18 2 0 24 38 19 16 9 17 25 14 12 1 3 37 32 10 34 30,32430,66522,66522,10219900,32584
lipa40a,random,20 16 29 37 11 10 13 34 1 8 14 25 18 4 36 33 19 9 12 26 21 7 39 28 38 24 35 32 15 5 23 6 17 22 27 31 3 2 30 0,32486,1533,1533,2707300,32757
lipa40a,heuristic,35 20 27 22 39 14 4 6 29 24 18 13 9 0 28 25 15 34 10 11 21 17 16 3 2 31 30 33 23 8 5 19 7 37 12 38 1 32 36 26,32760,0,1,0,32676
lipa40a,simulatedAnnealing,12 28 20 37 25 6 13 31 10 26 4 29 8 21 24 16 7 18 9 1 36 32 39 22 33 0 27 19 3 38 30 23 14 5 11 34 17 35 15 2,31962,84630,85020,14899700,32697
lipa40a,tabuSearch,7 5 35 18 20 19 11 8 22 12 10 27 2 3 28 36 1 21 29 31 15 38 25 9 6 33 26 39 16 37 32 4 24 34 13 23 17 14 30 0,32014,131,25872,3283900,32655
lipa40a,steepest,20 1 9 3 30 32 14 22 26 24 10 5 15 29 7 17 12 13 21 38 11 33 31 2 27 23 8 34 0 25 28 19 37 18 6 36 4 35 16 39,31999,23,18720,0,32722
lipa40a,greedy,5 30 6 21 36 23 35 19 7 16 39 14 24 18 26 22 0 1 37 9 38 28 20 27 25 31 29 33 3 15 13 12 10 17 8 4 34 32 11 2,31977,68,6836,0,32657
lipa40a,randomWalk,3 21 18 26 0 36 7 16 33 32 15 6 2 39 22 27 23 38 11 14 35 19 37 13 28 5 10 12 1 8 20 25 24 34 9 17 31 30 29 4,32651,0,0,0,32651
lipa40a,random,37 13 24 19 9 33 32 25 14 8 2 20 10 38 34 17 0 23 22 29 28 39 27 5 35 6 3 18 16 21 36 4 7 1 11 31 26 30 15 12,32754,0,0,0,32754
lipa40a,heuristic,35 20 27 22 39 14 4 6 29 24 18 13 9 0 28 25 15 34 10 11 21 17 16 3 2 31 30 33 23 8 5 19 7 37 12 38 1 32 36 26,32760,0,1,0,32708
lipa40a,simulatedAnnealing,39 13 21 28 37 24 32 18 10 14 22 29 34 9 3 12 11 6 5 30 17 7 2 35 26 36 0 20 31 15 27 4 16 33 8 1 38 25 23 19,32398,31980,32370,12574400,32703
lipa40a,tabuSearch,33 32 30 31 5 17 23 4 26 14 35 36 38 2 0 13 1 9 34 12 18 29 6 22 27 39 37 11 25 24 15 7 10 8 3 16 28 21 19 20,31978,125,25088,5962600,32861
lipa40a,steepest,29 4 6 0 23 33 5 9 15 14 12 2 37 31 32 11 21 19 39 28 13 34 8 20 26 36 27 3 35 16 10 7 24 22 25 18 1 38 17 30,32058,16,13260,1869700,32755
lipa40a,greedy,7 16 37 18 11 24 34 26 6 32 31 12 25 10 13 3 30 5 2 36 27 21 33 20 8 22 19 23 38 4 17 14 35 15 39 0 9 29 1 28,32032,44,2995,522300,32608
lipa40a,randomWalk,3 35 18 9 27 38 13 2 7 17 39 19 24 30 4 28 36 16 33 34 14 22 25 15 29 1 23 0 37 12 6 21 11 5 10 31 32 20 8 26,32429,11913,11913,2016500,32644
lipa40a,random,8 33 24 15 16 21 5 23 30 4 26 1 34 32 14 39 35 2 36 37 20 7 6 27 18 10 28 25 31 38 13 12 0 22 19 17 29 9 11 3,32481,1209,1209,1998800,32777
lipa40a,heuristic,35 20 27 22 39 14 4 6 29 24 18 13 9 0 28 25 15 34 10 11 21 17 16 3 2 31 30 33 23 8 5 19 7 37 12 38 1 32 36 26,32760,0,1,0,32675
lipa40a,simulatedAnnealing,38 0 26 3 12 20 16 23 31 22 6 33 39 32 5 28 1 2 4 17 24 36 15 13 19 7 30 35 34 29 27 10 14 11 25 9 37 21 8 18,31950,90480,90870,14618200,32591
lipa40a,tabuSearch,30 6 20 10 27 13 15 26 34 37 0 39 16 8 11 4 35 29 38 25 14 19 22 32 2 24 1 21 12 7 18 23 33 31 9 36 28 17 5 3,32012,143,28224,2330700,32794
lipa40a,steepest,36 2 13 21 3 25 22 35 6 31 7 19 16 23 8 30 17 34 18 0 1 38 10 29 5 14 9 20 32 33 11 15 12 27 24 4 37 26 28 39,31983,23,18720,7355500,32597
lipa40a,greedy,34 20 38 17 4 29 5 27 9 1 7 36 21 30 23 12 35 39 8 3 24 37 26 31 14 2 6 19 32 33 11 15 10 28 16 22 25 13 18 0,32030,65,5056,0,32831
lipa40a,randomWalk,26 4 24 13 9 32 0 6 14 37 19 10 36 23 30 17 2 5 35 18 25 27 38 3 7 8 29 16 15 34 39 28 33 20 22 31 21 11 1 12,32427,79651,79651,13204100,32644
lipa40a,random,12 20 37 17 33 5 23 32 3 22 0 36 2 34 15 24 1 27 31 39 10 11 21 8 28 4 6 30 35 38 7 18 13 14 9 16 26 25 29 19,32478,4479,4479,7991000,32615
lipa40a,heuristic,35 20 27 22 39 14 4 6 29 24 18 13 9 0 28 25 15 34 10 11 21 17 16 3 2 31 30 33 23 8 5 19 7 37 12 38 1 32 36 26,32760,0,1,0,32646
lipa40a,simulatedAnnealing,28 17 20 8 12 15 31 13 23 35 18 24 5 7 4 11 33 36 0 38 21 32 2 39 3 1 14 19 6 27 22 16 10 9 37 34 30 29 26 25,31920,91260,91650,14609700,32545
lipa40a,tabuSearch,26 2 1 9 13 4 30 21 33 38 16 39 24 17 35 7 22 37 3 23 28 31 11 27 19 14 0 29 18 15 12 20 5 8 34 32 25 6 36 10,31988,83,16464,798200,32698
lipa40a,steepest,15 12 19 5 9 11 14 20 1 36 26 2 17 0 30 32 31 29 28 6 13 33 38 3 22 35 37 21 24 16 34 23 4 7 8 39 25 18 10 27,31969,26,21060,4986300,32704
lipa40a,greedy,36 21 22 2 32 26 35 31 14 9 27 0 15 16 33 5 23 1 38 25 34 19 10 29 18 7 30 8 20 6 11 39 13 24 3 28 17 12 4 37,32043,55,3922,0,32667
lipa40a,randomWalk,18 12 10 8 26 1 7 39 21 19 13 4 11 0 38 3 6 20 5 22 29 37 16 27 31 28 2 14 36 35 24 32 34 15 33 17 9 25 30 23,32459,31873,31873,6634800,32738
lipa40a,random,7 17 18 2 13 35 32 14 36 9 15 34 29 31 6 21 24 22 33 3 25 23 5 4 8 26 28 37 19 16 11 20 38 39 1 27 10 30 0 12,32458,3451,3451,6144300,32586
lipa40a,heuristic,35 20 27 22 39 14 4 6 29 24 18 13 9 0 28 25 15 34 10 11 21 17 16 3 2 31 30 33 23 8 5 19 7 37 12 38 1 32 36 26,32760,0,1,0,32634
lipa40a,simulatedAnnealing,20 0 17 39 21 30 19 36 25 24 10 31 4 8 27 26 29 33 11 14 23 15 2 28 3 35 16 18 7 38 5 6 22 13 1 37 12 34 9 32,31942,85410,85800,13516500,32680
lipa40a,tabuSearch,29 18 27 12 9 36 22 28 13 24 19 6 16 32 0 20 3 25 37 33 35 11 30 4 1 10 17 31 15 38 5 14 2 23 8 21 26 34 7 39,31979,135,26656,0,32885
lipa60a,steepest,16 35 3 37 44 18 57 31 40 9 17 1 12 42 48 36 39 10 22 5 34 14 52 55 19 7 25 11 29 23 30 8 0 21 58 4 33 45 59 49 13 28 47 32 50 53 54 56 46 2 51 43 24 6 38 15 27 41 20 26,108385,32,58410,11359500,110180
lipa60a,greedy,59 51 17 14 50 57 32 10 7 38 9 23 18 12 52 55 15 54 11 5 34 35 29 8 20 40 4 6 45 46 28 48 13 39 58 2 37 25 41 27 36 53 21 0 22 31 26 42 3 30 47 33 19 1 56 24 49 44 16 43,108359,109,19852,3848300,110297
lipa60a,randomWalk,46 12 28 37 52 13 29 7 55 54 39 45 40 21 9 1 26 17 27 53 6 47 43 50 4 16 58 2 5 31 49 10 33 24 51 34 8 0 41 20 48 15 19 14 25 18 38 42 59 32 3 44 36 11 57 22 23 35 56 30,109578,61552,61552,13193700,110114
lipa60a,random,48 27 31 15 53 51 11 19 13 52 3 56 21 37 2 59 0 41 34 30 7 1 44 38 26 40 29 14 49 47 16 58 20 8 18 12 25 23 55 36 9 5 54 43 28 17 6 46 57 24 45 35 22 32 39 33 10 4 50 42,109640,3364,3364,11934100,109936
lipa60a,heuristic,2 15 51 12 14 30 49 1 50 44 20 52 25 6 23 35 32 19 29 13 17 21 10 34 5 46 54 36 16 8 4 58 57 53 38 39 11 27 9 3 40 24 48 18 41 31 56 55 22 33 42 59 0 47 37 7 45 28 43 26,109927,0,1,0,110211
lipa60a,simulatedAnnealing,3 9 10 19 58 44 6 25 39 13 54 17 45 49 56 35 41 43 38 32 53 11 48 52 33 8 1 29 12 59 36 15 30 21 50 4 40 37 14 0 51 5 34 26 55 27 23 42 18 28 22 20 31 47 46 16 57 2 24 7,108250,231870,232755,50570700,110291
lipa60a,tabuSearch,35 33 14 10 45 25 46 15 48 40 31 41 6 1 34 55 59 50 18 56 43 24 9 57 44 37 29 36 7 58 2 21 38 28 26 39 4 27 3 5 51 54 12 32 20 53 49 17 47 30 8 22 0 13 16 52 11 19 42 23,108456,162,47952,7845500,110319
lipa60a,steepest,44 4 22 5 26 58 10 47 32 53 14 43 38 39 50 40 2 37 55 57 30 41 7 34 25 27 13 51 56 8 36 19 11 1 33 28 49 6 45 24 29 23 9 48 54 0 59 15 20 31 46 18 12 3 42 21 52 35 17 16,108300,45,81420,21118500,109838
lipa60a,greedy,47 44 59 33 2 24 8 31 58 10 40 41 11 36 30 52 7 29 35 18 49 54 1 42 37 12 4 55 3 16 13 26 5 48 39 19 0 14 22 53 50 57 38 45 25 56 6 27 15 21 51 17 23 28 43 34 20 32 46 9,108372,103,13478,2002500,110174
lipa60a,randomWalk,29 18 34 1 32 3 43 51 36 48 11 12 28 53 31 6 2 14 58 15 8 44 30 19 27 40 35 25 7 57 46 59 10 33 45 52 41 13 37 22 23 16 26 50 55 5 0 17 49 56 21 9 47 20 38 54 39 42 4 24,109584,94108,94108,22685800,110146
lipa60a,random,11 29 0 36 3 14 35 40 25 9 5 34 49 28 57 22 37 8 43 20 42 21 30 13 1 24 33 54 17 16 48 59 31 15 46 50 12 10 4 52 53 7 23 26 38 18 47 39 41 2 56 45 44 58 51 19 32 6 55 27,109594,6209,6209,21480300,110126
lipa60a,heuristic,2 15 51 12 14 30 49 1 50 44 20 52 25 6 23 35 32 19 29 13 17 21 10 34 5 46 54 36 16 8 4 58 57 53 38 39 11 27 9 3 40 24 48 18 41 31 56 55 22 33 42 59 0 47 37 7 45 28 43 26,109927,0,1,0,110145
lipa60a,simulatedAnnealing,4 20 13 59 38 31 24 22 44 50 8 53 35 37 56 27 33 28 11 3 48 32 36 41 30 7 26 10 9 46 25 18 34 2 51 17 47 16 0 23 45 12 39 14 21 42 55 58 43 29 52 19 15 6 57 40 49 54 1 5,108294,195585,196470,44082200,110259
lipa60a,tabuSearch,30 48 10 41 6 55 40 0 52 17 31 29 22 51 19 27 36 43 45 1 32 38 53 58 39 37 21 12 34 57 59 35 46 56 28 14 13 18 26 50 9 49 33 42 54 25 23 44 3 15 11 5 8 47 2 16 24 4 7 20,108370,237,71040,19316800,110367
lipa60a,steepest,14 13 50 40 48 25 20 28 37 1 21 58 7 44 22 36 23 33 55 16 56 24 19 4 15 17 6 8 47 46 54 26 30 38 31 39 53 10 51 45 52 43 35 12 0 11 27 32 57 2 9 59 49 5 29 3 18 34 42 41,108397,33,60180,11351600,110124
lipa60a,greedy,9 55 57 56 21 36 38 39 25 2 20 35 10 14 40 16 53 24 50 59 18 15 5 27 12 49 58 19 41 47 23 4 17 13 33 26 22 0 43 42 46 51 29 8 6 11 7 44 3 48 31 34 30 37 45 32 54 28 52 1,108424,108,15790,3993300,110019
lipa60a,randomWalk,54 23 21 24 47 16 27 20 30 22 14 9 28 51 8 4 40 31 59 19 1 15 11 12 10 52 0 55 38 37 29 45 34 7 49 53 46 5 25 44 57 6 42 39 56 17 18 33 43 13 41 50 35 32 36 48 26 2 3 58,109608,74832,74832,16111700,110209
lipa60a,random,11 38 25 3 35 41 1 5 49 51 37 32 28 2 42 18 9 20 30 0 50 36 17 47 16 54 33 22 23 43 40 7 44 21 12 31 14 57 56 13 59 34 6 53 46 8 45 27 24 4 10 52 58 48 19 26 55 29 15 39,109627,3850,3850,14727100,110003
lipa60a,heuristic,2 15 51 12 14 30 49 1 50 44 20 52 25 6 23 35 32 19 29 13 17 21 10 34 5 46 54 36 16 8 4 58 57 53 38 39 11 27 9 3 40 24 48 18 41 31 56 55 22 33 42 59 0 47 37 7 45 28 43 26,109927,0,1,0,110078
lipa60a,simulatedAnnealing,54 43 38 21 15 24 28 8 29 16 5 7 1 25 53 51 52 9 31 18 27 56 44 23 40 22 48 20 2 39 17 55 49 57 19 41 47 12 4 10 35 6 26 58 11 46 37 3 0 30 34 36 32 59 33 14 42 50 45 13,108228,218595,219480,48640100,109977
lipa60a,tabuSearch,13 44 14 7 24 39 0 48 29 46 28 6 21 40 50 55 36 56 45 18 3 35 53 58 30 8 9 10 59 57 42 1 51 15 16 25 12 34 4 22 31 49 37 19 17 27 23 41 33 5 11 54 32 47 52 38 43 2 26 20,108347,389,115440,34358800,109898
lipa60a,steepest,2 20 42 53 9 35 41 57 50 45 24 23 37 4 32 34 52 27 21 17 12 43 36 10 46 28 1 39 59 48 18 58 15 56 22 8 5 14 33 16 19 49 25 29 55 44 51 26 11 6 54 0 7 3 31 40 30 47 38 13,108463,28,51330,8958500,110159
lipa60a,greedy,15 35 7 12 33 19 0 1 40 47 41 20 51 42 37 26 59 10 54 58 55 49 22 43 52 28 31 9 21 30 6 13 56 18 48 46 24 5 34 57 27 16 38 32 25 3 17 11 36 45 14 23 50 44 4 8 39 29 53 2,108306,117,14174,0,110260
lipa60a,randomWalk,40 24 57 28 30 43 12 25 42 50 53 29 37 51 20 11 45 55 7 4 21 54 8 48 15 36 6 0 38 22 17 49 47 33 19 13 5 52 41 16 46 14 27 44 2 39 23 34 32 56 59 18 35 9 58 3 26 10 31 1,109633,14696,14696,9047800,110064
lipa60a,random,31 53 29 23 55 22 42 40 6 19 30 10 24 37 26 8 50 4 35 59 11 41 38 44 34 9 5 51 48 16 18 54 14 13 58 12 0 43 28 52 27 1 57 15 39 25 46 47 2 20 3 21 45 32 49 33 17 7 56 36,109671,2748,2748,10091700,110111
lipa60a,heuristic,2 15 51 12 14 30 49 1 50 44 20 52 25 6 23 35 32 19 29 13 17 21 10 34 5 46 54 36 16 8 4 58 57 53 38 39 11 27 9 3 40 24 48 18 41 31 56 55 22 33 42 59 0 47 37 7 45 28 43 26,109927,0,1,0,109971
lipa60a,simulatedAnnealing,4 10 33 37 23 11 34 49 31 20 42 17 22 53 43 38 44 35 12 54 3 50 59 47 56 7 6 55 28 13 29 9 46 25 41 14 36 19 24 51 18 52 57 45 30 0 32 21 48 40 2 16 8 15 39 27 5 1 26 58,108214,234525,235410,51310600,109948
lipa60a,tabuSearch,5 49 12 7 32 2 45 14 37 57 47 9 33 17 23 52 22 6 40 13 31 25 11 21 56 18 0 50 29 39 24 53 16 36 54 26 44 35 20 28 42 4 43 15 41 34 58 38 19 1 51 55 27 10 30 8 59 3 46 48,108288,220,65712,12199200,110064
lipa60a,steepest,44 47 10 37 22 3 42 52 59 34 24 35 4 25 21 49 15 26 7 51 36 28 32 40 14 1 13 30 50 11 0 8 17 41 29 58 19 2 46 45 53 56 12 9 20 43 33 55 6 16 39 27 5 48 54 23 38 57 31 18,108247,41,74340,10674100,110192
lipa60a,greedy,44 17 15 35 45 28 55 52 21 53 50 25 23 57 22 9 48 59 24 31 26 36 0 37 32 39 33 38 12 2 18 13 34 1 30 7 27 51 40 10 14 46 16 41 54 3 49 43 5 42 11 56 29 6 58 19 20 47 4 8,108493,110,12411,10023700,110506
lipa60a,randomWalk,45 40 7 38 26 54 15 29 58 0 37 2 6 36 33 56 11 27 49 57 1 32 25 34 19 43 13 18 21 4 35 8 12 28 39 48 51 59 44 17 55 5 14 9 3 22 46 23 41 24 10 52 50 30 20 16 31 53 42 47,109562,35788,35788,11539800,110118
lipa60a,random,45 24 21 5 7 58 28 25 10 42 16 36 32 37 29 51 43 44 8 49 59 46 47 4 52 15 9 18 23 57 0 30 31 41 27 13 33 14 54 48 38 53 40 50 12 11 39 55 34 3 6 2 26 22 17 56 35 1 20 19,109642,2833,2833,10676100,109986
lipa60a,heuristic,2 15 51 12 14 30 49 1 50 44 20 52 25 6 23 35 32 19 29 13 17 21 10 34 5 46 54 36 16 8 4 58 57 53 38 39 11 27 9 3 40 24 48 18 41 31 56 55 22 33 42 59 0 47 37 7 45 28 43 26,109927,0,1,0,110047
lipa60a,simulatedAnnealing,18 11 31 25 50 16 47 0 53 33 17 39 4 34 19 13 52 49 38 22 30 27 44 35 46 8 20 45 2 40 10 24 41 37 5 55 1 32 51 54 7 43 15 56 57 12 48 42 21 6 36 28 29 59 9 58 14 3 23 26,108299,215055,215940,48190900,110060
lipa60a,tabuSearch,34 20 3 38 14 53 12 18 33 55 4 6 25 30 13 17 36 29 39 43 51 22 58 50 11 32 10 2 57 46 41 47 15 56 52 40 35 19 49 23 9 54 48 7 21 27 5 1 16 37 8 31 44 42 45 28 0 24 59 26,108418,228,69264,18664600,110130
lipa60a,steepest,55 54 20 37 2 41 47 50 14 23 57 6 25 56 36 19 12 39 9 5 26 16 40 7 58 35 32 21 49 28 4 38 45 52 11 1 34 10 22 24 44 59 33 18 43 8 30 27 0 48 3 31 29 17 53 42 13 15 51 46,108476,29,53100,5052500,110273
lipa60a,greedy,17 50 6 58 24 5 25 22 59 44 0 39 45 53 8 16 52 55 32 43 38 21 23 10 11 14 57 12 3 19 33 18 31 27 30 40 47 15 49 54 46 36 26 51 35 42 37 9 28 48 20 56 2 29 7 34 4 41 13 1,108416,112,9901,0,110074
lipa60a,randomWalk,6 29 41 52 42 56 58 30 36 37 16 20 43 54 26 14 0 2 47 55 11 35 7 3 44 28 49 31 59 18 53 13 19 40 8 32 38 25 46 1 24 17 34 5 45 48 23 51 9 57 15 27 21 4 22 10 33 39 12 50,109595,1569,1569,8135500,110148
lipa60a,random,42 22 34 43 49 23 17 13 46 5 30 56 47 4 25 28 7 55 26 59 9 37 32 33 10 44 18 20 51 8 21 53 48 36 14 40 38 27 57 19 6 11 29 50 54 15 35 24 2 0 45 31 16 58 1 39 52 12 41 3,109666,1247,1247,5873000,110264
lipa60a,heuristic,2 15 51 12 14 30 49 1 50 44 20 52 25 6 23 35 32 19 29 13 17 21 10 34 5 46 54 36 16 8 4 58 57 53 38 39 11 27 9 3 40 24 48 18 41 31 56 55 22 33 42 59 0 47 37 7 45 28 43 26,109927,0,1,0,110104
lipa60a,simulatedAnnealing,13 22 33 30 18 3 46 35 0 20 42 47 12 31 40 15 2 50 21 6 53 49 9 7 1 48 24 59 38 25 19 52 32 8 56 23 28 51 17 57 11 4 34 43 41 14 45 55 27 58 36 10 39 5 44 54 16 29 37 26,109440,64605,65490,14115500,110276
lipa60a,tabuSearch,19 59 16 14 39 35 11 29 15 27 12 58 57 25 54 44 22 3 0 20 38 32 45 28 10 30 21 48 34 9 55 18 53 8 17 43 41 33 46 6 36 52 40 4 37 47 5 51 13 7 26 50 56 24 49 23 42 31 2 1,108236,288,85248,23467000,110087
lipa60a,steepest,49 14 9 41 59 12 29 18 34 4 24 5 42 36 16 50 15 52 19 53 21 37 30 25 35 57 56 54 28 23 47 22 11 55 17 26 2 40 27 39 0 32 13 43 3 38 51 44 58 46 48 1 6 31 45 33 10 7 8 20,108434,34,61950,11320900,110321
lipa60a,greedy,5 46 30 31 33 40 14 43 28 36 47 59 2 58 49 16 45 52 4 21 13 54 57 15 17 23 34 53 55 20 41 27 50 19 10 7 42 9 39 8 48 37 0 24 11 12 35 25 38 22 3 1 32 44 51 56 29 6 26 18,108429,93,14386,3288800,110120
lipa60a,randomWalk,48 12 2 4 58 27 1 42 43 39 47 18 11 44 29 22 25 49 53 23 51 56 40 55 54 52 41 38 14 24 26 16 34 33 31 57 50 37 5 35 7 17 20 32 59 36 21 13 30 28 45 15 8 3 0 19 6 46 10 9,109605,57478,57478,11934900,110010
lipa60a,random,20 36 33 29 41 10 6 59 34 3 39 12 57 18 19 27 54 8 2 46 42 38 43 26 53 5 45 15 11 37 24 52 25 32 44 13 47 1 14 50 31 16 17 4 23 49 55 28 35 7 21 0 30 22 56 51 48 40 9 58,109666,3403,3403,12821200,110184
lipa60a,heuristic,2 15 51 12 14 30 49 1 50 44 20 52 25 6 23 35 32 19 29 13 17 21 10 34 5 46 54 36 16 8 4 58 57 53 38 39 11 27 9 3 40 24 48 18 41 31 56 55 22 33 42 59 0 47 37 7 45 28 43 26,109927,0,1,0,110137
lipa60a,simulatedAnnealing,51 24 15 11 57 21 0 46 54 10 56 26 7 45 18 48 14 16 30 31 36 27 20 34 47 43 6 3 5 58 42 37 52 29 55 50 8 2 40 53 59 12 19 23 41 38 17 49 4 1 28 13 33 22 39 25 44 35 9 32,108183,212400,213285,48261600,110111
lipa60a,tabuSearch,13 9 56 58 47 51 21 31 5 22 37 33 23 16 4 30 50 43 57 20 14 18 27 44 17 19 36 29 0 28 45 59 6 15 54 32 3 12 2 34 48 42 35 39 41 53 8 1 7 38 52 46 24 11 55 26 25 49 10 40,108410,196,58608,17175600,110185
lipa60a,steepest,58 24 27 6 54 14 45 43 0 36 20 55 5 35 37 46 52 30 50 33 18 56 28 10 48 51 2 26 22 47 21 29 34 9 15 16 19 23 44 42 53 12 8 39 31 7 17 57 32 13 3 11 38 40 4 49 59 25 41 1,108489,29,53100,7787200,110252
lipa60a,greedy,23 2 33 45 30 34 10 8 44 17 25 18 49 3 37 4 55 46 15 14 35 12 43 6 19 42 39 59 29 24 47 41 57 5 56 26 54 22 53 1 50 51 58 20 36 52 21 7 11 40 0 31 48 16 9 13 28 27 32 38,108447,106,11009,0,110302
lipa60a,randomWalk,9 48 18 4 0 17 59 23 53 19 39 40 6 21 24 47 11 29 36 27 31 22 55 10 46 33 13 30 50 38 51 58 5 20 8 2 43 49 35 26 45 44 28 37 41 57 56 42 54 7 14 1 25 52 16 15 3 34 32 12,109689,19465,19465,8209800,110111
lipa60a,random,52 1 54 8 39 6 19 3 24 9 59 22 30 53 58 27 4 40 43 25 50 0 7 55 20 35 36 29 33 38 13 46 2 18 28 16 10 31 23 21 17 45 14 32 48 47 11 12 42 56 41 44 51 34 5 37 26 49 57 15,109640,2183,2183,8386200,110457
lipa60a,heuristic,2 15 51 12 14 30 49 1 50 44 20 52 25 6 23 35 32 19 29 13 17 21 10 34 5 46 54 36 16 8 4 58 57 53 38 39 11 27 9 3 40 24 48 18 41 31 56 55 22 33 42 59 0 47 37 7 45 28 43 26,109927,0,1,0,109976
lipa60a,simulatedAnnealing,45 47 42 28 41 34 3 56 32 29 0 35 57 15 38 12 53 2 48 14 31 55 10 36 9 46 19 54 20 50 25 11 17 5 23 8 39 6 43 27 21 24 37 1 44 26 59 51 7 30 40 52 22 33 13 16 4 49 58 18,108214,228330,229215,51910800,110097
lipa60a,tabuSearch,24 14 34 53 51 12 15 18 54 57 49 27 25 55 50 23 17 8 31 33 29 37 28 32 43 9 56 21 59 3 30 22 45 42 35 41 44 4 0 7 52 20 1 40 16 26 13 6 10 39 19 36 46 47 2 5 11 48 38 58,108409,197,58608,18437500,110106
lipa60a,steepest,0 28 53 50 41 32 23 13 54 4 30 47 15 24 18 7 39 19 1 33 17 45 12 57 51 26 27 2 11 55 42 10 35 48 8 38 59 56 58 49 46 9 3 14 20 5 40 21 52 22 16 34 25 29 6 43 44 36 37 31,108484,31,56640,12060100,110104
lipa60a,greedy,9 43 53 15 31 20 7 21 29 11 40 57 3 27 39 10 48 51 16 6 32 24 45 12 50 18 26 36 54 49 33 17 5 1 23 25 8 30 4 41 42 58 28 35 22 47 38 46 34 52 14 44 2 13 37 0 19 55 56 59,108374,84,11083,2256600,110075
lipa60a,randomWalk,38 6 41 16 28 47 18 23 14 9 11 54 46 55 7 56 5 2 45 33 49 25 8 51 4 24 22 29 30 35 37 48 10 15 27 52 50 17 1 43 31 57 13 19 20 39 34 53 3 59 21 58 0 36 44 42 12 40 26 32,109638,53556,53556,13519400,110171
lipa60a,random,2 28 54 0 29 25 49 55 40 9 1 6 44 56 41 47 33 7 58 52 18 4 34 30 50 53 45 32 8 35 37 16 20 57 38 51 48 19 24 11 46 23 13 39 17 26 31 15 42 14 5 3 22 36 27 43 59 12 10 21,109618,3501,3501,12449500,109894
lipa60a,heuristic,2 15 51 12 14 30 49 1 50 44 20 52 25 6 23 35 32 19 29 13 17 21 10 34 5 46 54 36 16 8 4 58 57 53 38 39 11 27 9 3 40 24 48 18 41 31 56 55 22 33 42 59 0 47 37 7 45 28 43 26,109927,0,1,0,110128
lipa60a,simulatedAnnealing,57 29 46 21 55 2 42 0 1 19 16 26 39 48 28 11 40 34 41 37 32 9 45 44 14 52 24 47 33 3 23 27 6 54 8 15 30 35 17 38 59 50 53 7 36 51 25 10 20 4 5 31 56 22 13 49 12 58 43 18,108212,221250,222135,40249300,110096
lipa60a,tabuSearch,48 44 16 45 49 42 2 15 31 47 41 8 53 9 27 46 6 0 12 26 39 11 1 55 5 33 24 25 38 32 19 50 18 7 10 13 30 29 35 56 4 14 37 22 40 17 43 58 36 20 52 23 3 54 34 28 21 57 59 51,108509,138,40848,23598100,109844
lipa60a,steepest,15 36 7 54 6 25 16 44 43 11 13 31 39 40 51 45 20 4 14 30 52 38 32 10 46 3 24 53 29 58 41 2 50 1 23 21 42 27 28 26 19 34 5 18 59 12 55 0 35 48 37 17 47 49 33 22 8 9 57 56,108438,29,53100,7844900,109839
lipa60a,greedy,36 58 24 29 12 14 21 17 42 51 10 35 5 8 19 45 55 27 53 56 46 43 47 2 52 54 40 1 16 34 23 38 30 0 41 20 59 25 50 48 44 28 3 39 6 22 13 4 31 15 49 37 18 26 11 32 33 9 7 57,108447,89,8230,0,110061
lipa60a,randomWalk,10 52 9 38 42 48 6 59 37 21 24 0 3 25 28 55 46 1 4 47 40 30 15 49 27 54 20 51 36 33 8 53 58 31 41 2 7 39 22 17 35 19 43 57 56 34 23 12 13 29 11 45 18 14 26 50 16 5 44 32,109562,33885,33885,10621000,109904
lipa60a,random,22 51 55 3 31 13 42 1 30 17 15 35 50 27 2 48 4 28 7 8 46 39 10 5 11 53 56 49 14 21 12 40 33 0 24 59 43 26 29 23 54 45 19 9 6 52 57 18 16 20 44 38 58 47 32 25 37 41 34 36,109673,2140,2140,8460500,109951
lipa60a,heuristic,2 15 51 12 14 30 49 1 50 44 20 52 25 6 23 35 32 19 29 13 17 21 10 34 5 46 54 36 16 8 4 58 57 53 38 39 11 27 9 3 40 24 48 18 41 31 56 55 22 33 42 59 0 47 37 7 45 28 43 26,109927,0,1,0,110009
lipa60a,simulatedAnnealing,9 7 5 53 40 20 55 14 4 48 42 31 37 19 32 59 18 41 21 28 58 6 54 22 46 1 44 0 45 52 35 23 12 24 36 10 56 50 30 16 17 29 43 39 49 34 13 26 3 51 33 8 27 57 2 15 25 47 38 11,108186,212400,213285,47225200,110390
lipa60a,tabuSearch,28 14 16 8 47 9 36 40 48 4 21 59 30 5 37 57 3 31 35 46 53 7 38 0 39 56 43 25 6 19 1 54 20 50 10 49 18 24 51 13 33 32 15 23 42 27 12 26 2 11 17 45 52 44 34 22 41 29 55 58,108512,192,56832,17679400,110068
lipa80a,steepest,8 30 49 61 31 3 57 19 24 65 45 34 70 17 7 27 55 20 78 75 12 74 54 69 10 41 46 47 21 51 0 32 38 5 62 53 60 9 50 66 44 76 40 67 2 68 25 58 52 18 72 22 43 6 23 73 77 48 15 56 79 64 13 14 63 35 59 33 26 16 36 1 37 39 11 42 28 4 71 29,255389,45,145360,33146800,258618
lipa80a,greedy,38 61 56 23 58 17 47 11 45 25 13 54 55 34 15 6 27 4 10 49 33 64 69 2 35 3 66 79 14 57 30 40 67 70 42 68 59 60 72 78 63 62 77 50 31 26 7 21 51 32 9 71 20 46 1 12 43 0 8 53 28 5 44 65 39 41 52 29 48 24 73 37 19 16 22 76 75 74 36 18,255118,153,40723,10329400,258400
lipa80a,randomWalk,48 5 3 43 9 2 22 6 65 52 78 56 25 38 76 31 10 59 73 42 16 0 21 36 37 51 29 49 53 61 1 35 50 41 64 77 26 75 60 44 20 72 19 34 40 23 27 66 58 79 13 55 67 24 30 46 45 71 7 8 18 54 4 62 15 57 69 32 33 12 39 70 28 68 47 74 17 63 11 14,257570,102576,102576,33360300,258607
lipa80a,random,77 22 15 48 75 12 7 64 19 24 11 4 16 17 37 38 10 29 59 46 65 69 20 57 35 33 62 8 53 71 66 79 70 41 30 26 72 49 27 39 28 6 61 54 67 23 14 58 2 42 76 40 32 60 55 5 34 21 52 73 43 51 56 45 47 13 44 3 68 36 9 74 78 18 0 31 63 25 50 1,257723,5578,5578,33399600,258422
lipa80a,heuristic,33 50 66 42 19 47 40 55 38 78 70 45 48 16 27 53 22 43 79 3 2 11 26 58 62 4 1 68 7 71 72 23 74 76 64 60 44 18 14 20 9 28 57 29 13 56 31 35 10 51 39 75 17 36 30 21 41 46 63 6 5 0 49 12 25 37 69 77 15 34 67 24 54 65 32 61 8 59 73 52,258667,0,1,0,258543
lipa80a,simulatedAnnealing,48 49 52 36 32 11 21 18 2 68 72 37 50 60 14 28 65 34 58 76 78 57 23 77 9 0 45 51 73 56 20 25 33 42 44 29 19 27 55 4 75 35 30 39 16 43 71 13 1 79 53 5 64 70 46 59 10 67 7 54 40 61 6 12 26 17 3 22 69 24 63 47 74 31 38 41 66 62 8 15,255053,429760,431340,157544300,258443
lipa80a,tabuSearch,42 61 32 8 18 6 71 57 55 30 79 33 54 70 10 62 2 0 29 14 69 26 13 23 67 66 4 74 34 5 9 41 65 25 27 24 17 21 28 22 50 77 63 51 40 36 19 72 73 31 58 39 59 1 78 56 46 47 49 44 75 45 48 16 43 15 68 53 11 7 20 3 37 76 60 52 35 38 12 64,255465,352,139392,50088100,258527
lipa80a,steepest,20 28 56 77 5 58 68 12 8 13 33 24 57 60 54 25 48 65 50 52 41 71 44 27 35 72 66 3 34 0 38 49 43 16 36 39 10 61 64 30 15 29 46 19 32 6 73 31 42 79 67 47 37 55 18 75 40 11 7 53 22 74 23 59 14 21 45 62 70 4 9 76 17 26 63 78 2 1 51 69,255226,47,151680,37488500,258637
lipa80a,greedy,69 48 67 16 53 40 54 58 45 33 15 66 4 78 51 31 21 59 32 24 26 27 20 64 6 0 8 65 71 49 46 42 74 76 50 44 36 2 13 7 18 17 73 10 60 11 9 72 23 28 70 77 35 34 5 12 30 37 43 55 3 14 79 75 47 1 57 68 29 62 52 22 19 25 38 39 41 63 61 56,255278,166,43550,11535000,258303
lipa80a,randomWalk,10 29 34 49 41 15 75 63 12 62 51 4 78 61 69 54 0 72 42 32 47 71 53 52 25 57 33 70 18 43 31 5 26 30 56 27 16 19 6 3 24 7 77 45 17 64 67 39 38 37 59 66 8 36 73 40 1 48 68 2 79 21 65 60 20 22 58 14 23 55 28 11 46 9 13 35 74 50 44 76,257652,115125,115125,39285900,258246
lipa80a,random,75 13 47 58 51 3 19 12 6 76 32 26 23 9 30 54 73 40 42 17 61 0 68 36 70 33 50 25 48 60 43 35 56 41 5 37 63 15 64 52 78 49 14 24 20 34 1 38 11 65 71 10 53 77 45 16 69 67 8 46 72 57 79 27 18 2 31 22 4 21 28 66 7 44 74 29 62 55 39 59,257740,6975,6975,41840600,258513
lipa80a,heuristic,33 50 66 42 19 47 40 55 38 78 70 45 48 16 27 53 22 43 79 3 2 11 26 58 62 4 1 68 7 71 72 23 74 76 64 60 44 18 14 20 9 28 57 29 13 56 31 35 10 51 39 75 17 36 30 21 41 46 63 6 5 0 49 12 25 37 69 77 15 34 67 24 54 65 32 61 8 59 73 52,258667,0,1,0,258511
lipa80a,simulatedAnnealing,1 23 54 71 27 59 4 42 10 49 3 15 31 43 36 12 13 79 64 62 78 65 67 51 35 7 22 55 61 32 72 14 6 74 56 66 53 18 76 58 21 8 63 75 9 19 69 29 48 38 44 50 24 41 0 34 26 28 46 73 30 60 39 17 25 57 2 45 16 40 68 77 5 47 52 11 37 20 33 70,254959,439240,440820,131557200,258372
lipa80a,tabuSearch,36 46 33 4 35 5 40 8 61 63 60 39 30 48 44 77 26 9 70 67 57 23 19 29 64 10 14 56 43 22 28 62 75 78 18 13 47 50 34 45 49 12 41 21 20 25 68 65 71 15 74 79 2 51 27 17 0 66 31 7 1 32 53 37 11 59 76 24 72 3 6 52 73 55 69 54 16 58 38 42,255396,319,126720,48543700,258641
lipa80a,steepest,24 26 72 78 64 33 49 65 23 48 10 27 38 2 66 55 22 1 73 18 13 71 16 37 14 35 44 76 21 61 59 46 3 50 58 9 54 30 32 52 8 20 36 39 47 34 11 45 5 56 41 70 68 77 69 79 7 63 51 4 74 12 31 53 25 60 28 29 43 19 42 67 15 40 6 57 17 0 62 75,255390,47,151680,31177500,258442
lipa80a,greedy,46 17 50 73 1 23 37 6 68 0 78 20 56 77 24 5 52 48 71 44 11 10 59 79 26 25 2 62 33 61 40 12 3 38 51 58 70 63 60 49 18 72 55 32 39 66 35 7 74 64 14 29 47 75 21 9 69 22 4 27 36 19 67 8 53 16 65 30 54 76 57 34 45 28 42 41 43 15 31 13,255243,134,21356,13676000,258690
lipa80a,randomWalk,44 25 18 46 53 71 6 0 27 78 32 45 24 76 43 79 4 61 22 48 26 31 66 2 17 36 70 77 35 21 8 1 34 30 51 62 68 23 73 15 58 75 67 33 20 16 3 47 56 49 10 41 65 59 69 54 64 37 12 63 74 28 60 13 39 57 38 72 42 55 52 9 7 50 5 29 19 14 40 11,257695,115333,115333,31861100,258427
lipa80a,random,7 50 49 35 59 70 29 72 41 13 52 33 23 11 14 30 31 56 46 74 45 67 15 10 22 47 24 0 55 39 77 34 16 5 4 28 73 9 65 3 60 36 42 26 2 68 12 27 62 1 6 43 64 54 75 8 71 40 18 25 63 61 37 51 44 79 19 76 78 53 20 57 32 38 66 48 17 58 69 21,257772,5285,5285,32388900,258602
lipa80a,heuristic,33 50 66 42 19 47 40 55 38 78 70 45 48 16 27 53 22 43 79 3 2 11 26 58 62 4 1 68 7 71 72 23 74 76 64 60 44 18 14 20 9 28 57 29 13 56 31 35 10 51 39 75 17 36 30 21 41 46 63 6 5 0 49 12 25 37 69 77 15 34 67 24 54 65 32 61 8 59 73 52,258667,0,1,0,258835
lipa80a,simulatedAnnealing,44 56 42 8 58 14 16 20 40 2 15 77 55 57 72 41 71 54 68 52 19 43 60 18 63 24 5 62 35 7 74 31 28 48 38 34 3 69 76 36 70 29 61 13 22 79 67 37 12 59 33 73 25 51 78 26 6 1 53 64 49 4 46 47 32 50 21 27 0 10 9 65 23 66 45 30 39 75 17 11,255030,434500,436080,126606800,258253
lipa80a,tabuSearch,25 49 28 68 63 73 31 15 78 66 11 4 30 29 53 70 32 51 79 12 50 39 43 44 34 54 47 27 77 10 58 33 76 72 5 2 41 71 19 74 8 37 13 7 45 3 18 64 38 20 17 36 61 56 67 21 35 6 48 59 46 16 75 26 55 40 23 42 1 57 14 22 69 0 52 62 60 65 24 9,255677,192,76032,31575400,258326
lipa80a,steepest,5 17 12 31 69 37 42 63 65 3 18 40 27 61 62 45 64 79 47 4 29 51 74 30 19 22 14 78 13 75 57 32 56 10 71 58 38 53 20 9 67 2 28 25 68 43 23 72 41 24 8 54 16 39 66 55 6 76 49 11 73 44 21 52 35 48 33 7 59 60 50 36 1 70 34 46 26 0 15 77,255326,46,148520,38226100,258514
lipa80a,greedy,26 45 55 43 13 19 56 21 64 48 70 53 18 69 51 49 29 25 46 50 3 47 12 38 0 57 28 14 30 77 59 32 27 8 61 35 68 31 66 37 73 41 40 42 54 60 11 78 22 58 74 44 9 24 36 2 1 39 79 67 5 76 33 15 16 62 10 65 72 4 7 23 34 71 20 75 17 6 52 63,255191,155,17784,0,258489
lipa80a,randomWalk,34 4 67 66 29 23 3 62 72 39 48 77 18 26 33 37 73 10 56 20 58 79 76 42 41 17 7 52 40 14 69 68 70 12 53 47 31 63 71 44 38 9 55 50 21 43 32 11 24 27 5 74 49 64 57 25 28 15 78 8 35 19 75 45 2 16 22 60 61 6 51 46 54 13 30 65 36 1 59 0,257654,119051,119051,38695600,258610
lipa80a,random,17 18 6 31 63 57 48 35 33 79 54 67 59 42 32 27 26 77 76 60 46 38 78 74 56 71 53 12 50 0 19 55 11 2 21 65 75 44 43 5 24 14 8 40 4 69 29 37 51 16 34 73 23 20 36 25 15 39 61 30 9 64 49 52 13 28 7 10 70 47 45 68 62 66 22 3 58 1 41 72,257724,7593,7593,44804500,258821
lipa80a,heuristic,33 50 66 42 19 47 40 55 38 78 70 45 48 16 27 53 22 43 79 3 2 11 26 58 62 4 1 68 7 71 72 23 74 76 64 60 44 18 14 20 9 28 57 29 13 56 31 35 10 51 39 75 17 36 30 21 41 46 63 6 5 0 49 12 25 37 69 77 15 34 67 24 54 65 32 61 8 59 73 52,258667,0,1,0,258988
lipa80a,simulatedAnnealing,61 56 79 74 71 46 41 30 37 21 34 64 60 78 51 26 17 72 58 54 36 76 47 16 49 70 38 0 73 67 13 65 35 22 20 3 69 40 28 14 32 18 43 23 53 57 7 63 55 59 2 50 52 8 66 29 24 27 48 42 31 39 6 1 4 62 19 5 10 11 33 75 44 12 25 9 15 77 45 68,255037,434500,436080,130140300,258081
lipa80a,tabuSearch,70 16 40 12 52 47 35 27 17 3 44 25 0 6 51 64 71 20 43 7 65 76 9 49 55 24 50 62 18 53 66 77 54 37 68 75 69 30 13 39 28 22 2 14 15 59 34 23 42 41 10 63 29 56 72 79 32 58 57 46 21 61 67 26 11 45 19 1 73 38 60 33 78 48 36 31 8 5 74 4,255387,359,142560,48840200,258598
lipa80a,steepest,41 39 60 7 68 9 45 63 59 69 19 37 64 32 25 50 30 43 70 57 23 4 56 48 5 16 52 66 58 0 34 54 72 28 44 78 12 61 47 42 1 40 18 49 77 20 74 71 35 36 53 2 3 51 29 26 76 67 24 6 21 14 8 73 13 62 27 55 10 46 31 79 15 65 33 11 75 38 17 22,255270,48,154840,43462700,258590
lipa80a,greedy,22 26 69 76 62 13 65 20 25 48 34 75 60 24 36 63 46 77 27 4 58 71 1 31 21 35 38 73 8 53 57 6 79 39 0 54 44 2 47 29 66 23 64 19 11 43 15 18 33 50 12 74 10 51 32 67 78 42 5 40 41 59 45 3 17 30 28 61 16 37 72 7 14 9 68 56 55 52 70 49,255393,134,25251,6010700,258184
lipa80a,randomWalk,3 24 44 27 41 10 49 25 21 71 77 28 7 6 26 17 43 47 35 23 48 37 45 14 65 11 68 74 60 4 40 38 61 32 51 8 22 72 19 70 18 73 16 64 31 46 59 33 76 34 75 58 9 63 15 54 20 67 55 30 53 66 50 79 36 29 12 57 1 56 2 39 52 62 13 5 0 42 78 69,257756,159262,159262,44126600,258540
lipa80a,random,77 41 23 74 76 11 72 78 20 63 19 7 56 39 45 65 67 1 61 40 33 42 70 6 53 79 3 32 58 9 47 17 75 46 43 2 31 52 57 8 37 60 14 30 68 73 21 69 44 54 49 15 28 25 59 10 55 62 4 5 16 66 51 48 36 12 35 22 34 38 13 24 29 71 50 18 0 64 26 27,257700,7880,7880,47170000,258680
lipa80a,heuristic,33 50 66 42 19 47 40 55 38 78 70 45 48 16 27 53 22 43 79 3 2 11 26 58 62 4 1 68 7 71 72 23 74 76 64 60 44 18 14 20 9 28 57 29 13 56 31 35 10 51 39 75 17 36 30 21 41 46 63 6 5 0 49 12 25 37 69 77 15 34 67 24 54 65 32 61 8 59 73 52,258667,0,1,0,258653
lipa80a,simulatedAnnealing,67 48 78 8 36 33 34 29 63 30 56 35 10 43 40 14 71 11 77 45 1 0 50 57 69 41 60 44 15 68 16 75 12 9 49 20 53 52 24 22 46 4 79 28 74 39 21 18 54 65 3 58 27 73 70 26 6 38 55 31 19 47 17 37 23 62 2 64 42 76 13 25 51 66 5 59 61 7 32 72,255019,436080,437660,130951700,259031
lipa80a,tabuSearch,42 23 30 50 69 75 38 41 67 27 52 47 20 48 65 60 79 74 2 43 72 13 34 33 5 7 9 77 25 37 45 32 68 15 73 8 17 61 3 40 0 54 39 21 4 11 78 22 71 64 10 26 51 28 19 29 49 6 14 70 59 36 56 66 63 35 76 31 46 16 1 44 18 62 57 12 55 58 53 24,255455,248,98208,39957700,258479
lipa80a,steepest,11 0 57 13 4 32 64 27 7 10 47 59 48 72 38 3 52 61 67 36 2 75 71 16 22 20 44 45 65 30 46 62 34 17 77 60 49 8 50 29 6 39 25 66 69 26 42 14 79 9 24 51 53 15 73 58 28 54 37 31 76 1 41 40 23 78 5 74 43 55 70 19 12 35 56 18 68 33 21 63,255239,44,142200,33801800,258518
lipa80a,greedy,73 46 78 45 24 65 10 36 52 29 33 57 7 15 48 16 58 69 3 41 61 32 67 4 18 75 64 12 59 72 68 60 39 6 70 37 23 21 17 40 71 5 31 38 19 43 8 55 54 79 1 11 27 47 66 9 77 49 56 51 20 25 53 74 30 62 26 63 34 42 13 0 35 28 76 14 50 2 44 22,255273,125,28304,5585000,258246
lipa80a,randomWalk,66 36 49 27 67 29 41 38 48 19 30 56 51 54 39 25 6 62 71 61 9 3 74 60 32 58 37 17 33 42 64 69 44 26 77 21 10 40 12 14 53 72 43 13 24 20 16 15 0 1 4 34 65 2 46 7 79 55 76 59 35 52 22 28 63 70 11 31 45 75 18 68 5 57 73 23 78 47 8 50,257607,104393,104393,34433800,258734
lipa80a,random,75 29 68 21 40 30 53 39 49 78 16 55 38 56 45 61 66 50 31 26 74 34 32 6 3 0 27 14 20 17 77 2 24 72 15 8 57 67 76 42 79 59 11 33 7 58 62 9 25 69 28 1 65 23 51 13 73 5 70 44 46 47 41 37 10 43 54 4 64 48 19 52 63 22 71 36 18 60 12 35,257776,5892,5892,35458800,258426
lipa80a,heuristic,33 50 66 42 19 47 40 55 38 78 70 45 48 16 27 53 22 43 79 3 2 11 26 58 62 4 1 68 7 71 72 23 74 76 64 60 44 18 14 20 9 28 57 29 13 56 31 35 10 51 39 75 17 36 30 21 41 46 63 6 5 0 49 12 25 37 69 77 15 34 67 24 54 65 32 61 8 59 73 52,258667,0,1,0,258402
lipa80a,simulatedAnnealing,62 19 18 6 0 72 60 59 34 40 37 76 5 74 24 42 68 79 73 3 54 31 70 66 49 50 38 48 78 46 10 23 56 30 7 16 51 64 29 26 43 9 17 67 63 75 71 39 33 47 13 77 21 36 14 4 41 32 28 57 11 61 44 12 69 22 8 1 15 52 2 45 20 53 35 27 55 65 58 25,255075,492960,494540,141760600,258351
lipa80a,tabuSearch,54 60 46 59 35 67 0 32 12 43 42 62 17 14 70 18 78 55 6 72 29 51 52 20 68 57 34 40 25 37 71 31 39 15 73 3 41 5 38 28 53 1 65 7 56 2 30 50 27 8 64 74 66 33 49 13 61 21 19 58 4 45 47 36 16 76 69 23 22 75 26 9 44 10 11 63 48 77 79 24,255376,264,104544,45154200,258847
lipa80a,steepest,4 55 75 25 79 0 39 76 78 1 60 38 46 28 73 69 70 5 21 31 56 15 44 48 30 50 16 27 2 36 3 40 9 66 12 35 53 52 68 11 74 37 20 10 26 65 64 18 58 45 54 49 72 47 63 51 62 23 17 13 29 41 22 6 57 59 24 43 32 14 61 71 42 33 67 19 8 77 7 34,255352,43,139040,35867400,258349
lipa80a,greedy,22 28 32 16 65 79 71 19 54 31 76 5 42 68 66 21 20 74 12 69 75 27 60 50 26 30 39 56 40 67 15 17 45 77 58 41 10 43 44 51 73 3 78 7 49 59 52 25 33 18 13 70 63 64 36 38 62 35 4 46 29 47 8 11 53 14 23 48 34 24 57 6 2 37 9 55 72 0 61 1,255362,145,30663,7710400,258548
lipa80a,randomWalk,26 10 17 23 15 58 6 71 40 77 4 30 16 57 35 60 21 38 69 27 25 28 78 42 48 33 76 74 41 66 32 55 45 59 14 37 1 11 53 12 31 51 24 72 13 22 65 34 52 8 3 47 29 49 36 67 64 7 43 2 54 63 44 9 19 61 75 18 0 62 68 50 79 56 5 73 70 39 20 46,257696,133428,133428,37171800,258448
lipa80a,random,14 16 0 57 66 5 8 76 72 46 27 70 31 1 53 55 25 2 45 32 29 58 51 54 49 23 60 33 64 12 22 35 19 62 79 20 47 26 21 18 37 24 67 28 43 61 7 39 52 9 42 4 65 36 41 38 56 44 75 10 50 78 11 40 74 71 59 17 30 69 3 68 73 34 63 77 6 48 13 15,257773,6132,6132,36155800,258491
lipa80a,heuristic,33 50 66 42 19 47 40 55 38 78 70 45 48 16 27 53 22 43 79 3 2 11 26 58 62 4 1 68 7 71 72 23 74 76 64 60 44 18 14 20 9 28 57 29 13 56 31 35 10 51 39 75 17 36 30 21 41 46 63 6 5 0 49 12 25 37 69 77 15 34 67 24 54 65 32 61 8 59 73 52,258667,0,1,0,258579
lipa80a,simulatedAnnealing,23 45 56 35 12 67 41 17 57 38 55 15 50 40 30 3 75 51 73 1 37 72 28 20 79 48 6 9 54 33 76 52 27 8 42 77 39 10 32 58 68 62 69 5 49 60 66 19 65 4 47 25 18 24 34 2 44 16 13 43 59 64 61 71 70 26 7 29 46 22 74 78 63 14 11 36 21 31 53 0,254950,428180,429760,119102400,258909
lipa80a,tabuSearch,9 73 18 22 72 6 41 76 12 58 10 50 4 57 45 15 70 54 39 42 26 66 32 68 64 78 48 52 77 60 17 61 29 31 51 16 8 19 79 53 65 38 55 36 44 14 2 1 24 5 37 20 59 25 43 56 62 21 11 74 27 7 33 28 30 23 69 46 35 0 34 3 75 40 71 67 49 13 63 47,255263,414,164736,63300300,258671
lipa80a,steepest,32 76 61 77 59 3 16 56 26 78 34 53 15 25 36 69 37 75 57 39 5 4 51 11 33 2 13 0 9 45 31 23 72 73 44 12 58 42 52 6 68 19 54 14 47 8 79 74 55 29 28 21 20 66 49 10 46 7 48 63 24 60 17 41 71 70 64 50 22 38 43 27 30 40 18 1 35 65 62 67,255302,46,148520,41748000,258438
lipa80a,greedy,32 42 50 74 68 16 76 39 54 14 28 38 25 60 77 18 67 11 7 71 23 40 15 61 53 51 49 75 31 2 4 56 66 21 37 43 62 58 44 52 63 45 36 55 22 73 59 79 8 47 48 3 26 5 46 27 20 10 6 30 0 72 24 41 65 33 64 78 69 35 1 9 70 19 12 34 13 29 57 17,255277,139,19387,0,258740
lipa80a,randomWalk,22 5 11 41 0 31 53 24 6 70 8 44 28 42 14 66 68 55 20 29 16 37 60 61 32 39 7 4 59 18 74 21 72 71 23 50 56 64 34 1 48 17 12 57 69 77 79 78 54 46 19 49 51 9 35 52 27 63 26 13 15 65 67 25 47 75 76 58 10 30 43 62 40 3 33 38 73 2 36 45,257638,131873,131873,42215600,258848
lipa80a,random,25 76 13 51 37 45 10 54 16 66 71 52 26 17 11 58 5 60 55 69 20 34 68 35 0 30 47 21 74 78 24 7 59 14 43 48 72 36 42 49 62 1 29 79 56 31 28 40 33 75 19 50 61 39 65 8 46 15 32 2 12 77 63 53 57 27 18 9 22 67 64 41 6 38 44 23 3 73 70 4,257770,7852,7852,49974700,258368
lipa80a,heuristic,33 50 66 42 19 47 40 55 38 78 70 45 48 16 27 53 22 43 79 3 2 11 26 58 62 4 1 68 7 71 72 23 74 76 64 60 44 18 14 20 9 28 57 29 13 56 31 35 10 51 39 75 17 36 30 21 41 46 63 6 5 0 49 12 25 37 69 77 15 34 67 24 54 65 32 61 8 59 73 52,258667,0,1,0,258177
lipa80a,simulatedAnnealing,51 71 66 0 21 2 29 67 30 64 53 11 35 19 5 43 39 73 1 75 78 12 16 23 15 61 40 74 26 63 8 33 46 58 36 28 49 7 14 17 42 54 76 25 60 59 57 77 47 56 70 69 37 3 18 6 38 9 79 10 20 41 34 13 27 44 4 52 32 72 31 55 62 45 48 50 22 24 68 65,255119,450300,451880,138606300,258707
lipa80a,tabuSearch,41 57 64 35 9 61 22 11 58 38 25 27 4 50 68 5 63 66 33 77 44 17 30 31 13 71 8 19 59 72 78 15 47 53 29 76 67 28 34 40 18 52 26 0 32 49 51 73 23 37 70 69 12 20 45 54 75 1 74 16 46 62 48 2 43 24 65 21 56 14 3 39 10 79 60 42 6 36 55 7,255495,264,104544,38496800,258561
lipa80a,steepest,38 57 6 19 13 26 34 18 56 76 67 42 79 3 47 4 64 30 55 54 24 66 46 65 44 41 23 75 16 39 53 58 27 33 9 49 2 35 52 14 36 15 59 78 60 50 40 0 70 8 61 43 37 10 71 12 68 5 69 11 28 20 29 77 72 21 25 31 48 22 74 51 1 32 62 45 73 7 63 17,255233,50,161160,41711200,258631
lipa80a,greedy,56 34 16 29 43 33 42 41 11 40 48 79 9 61 13 66 38 36 58 76 30 7 26 10 71 0 77 50 63 19 22 55 32 59 5 51 17 78 70 4 39 3 68 18 12 1 24 28 49 53 46 72 60 8 62 54 27 52 74 65 45 2 35 64 69 25 37 6 44 20 73 14 57 31 15 23 47 21 67 75,255315,130,13705,3719600,258650
lipa80a,randomWalk,23 8 73 68 69 25 34 3 55 22 56 44 62 31 1 16 75 60 61 12 66 7 46 54 42 47 30 40 71 52 11 4 65 38 67 26 15 27 10 6 13 18 53 33 5 50 78 72 48 9 21 0 49 39 45 58 64 36 37 43 70 59 2 79 19 24 41 20 51 77 28 32 14 57 35 17 29 74 76 63,257660,166559,166559,46248000,258492
lipa80a,random,77 25 19 3 61 15 72 70 52 50 79 4 17 38 56 65 48 27 76 41 16 45 1 24 30 39 22 0 8 33 13 5 28 53 23 43 42 21 73 44 62 14 37 55 78 36 58 12 7 74 18 29 69 47 2 68 26 10 46 64 60 40 75 11 57 63 49 51 34 66 67 59 32 71 35 9 20 31 54 6,257767,7869,7869,47390100,258954
lipa80a,heuristic,33 50 66 42 19 47 40 55 38 78 70 45 48 16 27 53 22 43 79 3 2 11 26 58 62 4 1 68 7 71 72 23 74 76 64 60 44 18 14 20 9 28 57 29 13 56 31 35 10 51 39 75 17 36 30 21 41 46 63 6 5 0 49 12 25 37 69 77 15 34 67 24 54 65 32 61 8 59 73 52,258667,0,1,0,258356
lipa80a,simulatedAnnealing,58 38 66 43 55 25 20 68 8 50 10 31 29 12 54 40 28 13 56 65 77 0 60 39 72 30 48 14 35 34 2 62 21 51 6 32 1 64 47 5 71 74 46 78 45 33 53 41 67 42 3 9 24 57 18 17 76 7 70 22 63 36 19 15 11 37 26 69 27 4 16 52 75 59 61 44 79 49 23 73,254979,470840,472420,134647300,258685
lipa80a,tabuSearch,50 8 9 47 75 77 48 46 65 60 1 10 17 26 19 58 35 39 73 62 5 23 61 38 33 2 25 16 52 69 79 41 37 72 66 31 40 21 57 22 51 4 30 43 54 11 3 20 45 18 14 78 74 32 49 24 44 59 42 29 28 55 34 15 7 70 27 67 13 68 56 76 0 53 63 6 36 12 64 71,255700,168,66528,23976600,258641
lipa80a,steepest,55 42 1 22 36 61 39 64 5 52 44 49 29 0 73 11 2 12 57 4 23 46 65 68 8 69 71 26 35 50 37 25 27 54 77 14 13 63 16 6 48 28 58 33 40 78 24 67 9 47 10 38 70 66 76 43 60 53 18 15 17 56 74 62 20 72 30 19 34 51 21 59 75 31 7 3 45 32 41 79,255284,51,164320,46779600,258786
lipa80a,greedy,11 43 5 4 54 65 14 1 7 38 53 58 39 33 75 3 47 45 63 64 52 61 21 29 18 22 9 30 55 8 26 68 60 16 24 31 28 50 27 48 0 74 17 71 13 15 57 12 78 70 49 20 35 51 34 76 25 62 56 66 77 41 10 2 73 46 69 40 67 23 6 36 72 44 42 19 59 79 32 37,255320,129,24778,5530800,258531
lipa80a,randomWalk,76 45 47 39 72 62 70 52 13 23 56 26 40 48 15 11 4 6 24 27 77 34 42 35 68 18 71 55 32 79 19 0 44 8 38 67 74 36 41 69 12 7 30 31 33 17 5 37 21 25 29 46 14 54 2 20 57 53 75 66 16 64 78 58 59 61 65 50 51 3 22 10 9 49 28 63 73 43 1 60,257633,160955,160955,47590900,258541
lipa80a,random,31 54 20 14 72 68 12 2 33 16 0 55 9 7 32 57 25 11 22 76 51 37 46 47 63 45 61 79 43 75 26 30 24 35 10 65 53 70 48 74 42 39 77 58 52 59 23 13 15 19 36 28 41 60 6 1 71 3 34 18 21 49 29 69 73 56 78 5 50 67 44 64 4 27 8 17 62 66 40 38,257824,6550,6550,55653500,258514
lipa80a,heuristic,33 50 66 42 19 47 40 55 38 78 70 45 48 16 27 53 22 43 79 3 2 11 26 58 62 4 1 68 7 71 72 23 74 76 64 60 44 18 14 20 9 28 57 29 13 56 31 35 10 51 39 75 17 36 30 21 41 46 63 6 5 0 49 12 25 37 69 77 15 34 67 24 54 65 32 61 8 59 73 52,258667,0,1,0,258328
lipa80a,simulatedAnnealing,77 14 50 61 63 20 30 48 31 67 68 44 38 26 16 34 27 10 59 69 37 23 41 74 4 52 6 0 39 12 8 49 9 79 24 72 11 17 45 71 66 3 64 40 60 21 58 51 15 7 73 54 19 46 35 47 42 2 32 13 70 75 56 33 22 57 28 1 18 65 36 29 25 43 53 76 55 5 78 62,255014,423440,425020,150956100,258387
lipa80a,tabuSearch,9 6 40 43 41 69 51 4 23 30 16 28 10 75 55 15 46 47 38 56 68 31 11 42 0 7 14 70 20 77 72 45 33 67 3 79 53 49 24 59 27 64 58 5 61 65 34 50 57 32 44 76 52 26 62 17 74 71 19 18 66 12 60 36 35 73 13 25 37 63 8 1 22 29 48 39 78 54 2 21,255630,272,107712,46514300,258733
sko100a,steepest,43 7 19 85 68 40 86 16 44 2 50 91 80 37 39 47 35 28 75 34 89 71 45 67 58 99 46 98 69 6 0 65 72 18 25 21 63 52 49 22 48 42 66 93 97 84 59 51 41 20 54 33 56 88 55 31 3 60 9 11 12 53 30 13 23 29 15 8 38 61 81 73 62 74 92 4 95 79 26 87 10 94 76 24 1 83 96 70 82 57 5 90 32 27 14 78 17 77 36 64,154100,127,633600,194274300,177714
sko100a,greedy,44 69 48 12 93 42 7 66 32 2 49 59 20 37 71 89 67 65 10 5 40 79 15 99 13 35 45 80 53 27 26 4 51 47 91 76 33 30 74 81 9 38 85 58 39 46 50 72 62 14 57 41 24 55 97 21 88 94 92 73 87 82 31 68 18 3 95 0 70 36 61 78 60 1 25 23 8 84 96 64 86 22 11 52 54 63 56 29 83 90 75 28 16 6 34 98 43 19 17 77,155330,470,91837,24471500,179748
sko100a,randomWalk,64 50 42 75 49 23 41 7 77 89 9 54 21 84 90 30 66 56 79 27 57 24 73 72 92 96 15 17 10 98 87 14 88 55 69 28 45 43 97 86 36 82 94 81 83 29 6 99 65 37 59 74 39 31 53 80 32 18 60 46 20 68 34 48 19 71 63 4 5 47 93 13 91 62 38 26 22 33 67 25 12 61 1 11 2 40 76 3 85 35 16 0 70 95 52 78 8 51 44 58,171996,445893,445893,195123000,177186
sko100a,random,91 81 90 35 30 21 53 47 69 95 2 84 82 48 78 6 22 14 66 5 1 44 75 4 54 18 51 46 45 65 80 92 88 23 0 42 55 76 64 59 85 3 38 10 52 29 15 16 25 37 36 73 12 26 9 61 62 57 79 11 7 89 77 70 49 28 17 87 96 56 97 99 50 20 60 32 19 93 86 40 83 58 43 98 27 71 74 13 24 41 34 72 68 39 33 63 8 67 94 31,173092,25334,25334,197820300,178776
sko100a,heuristic,64 26 89 5 70 41 20 28 48 77 14 96 27 49 33 59 81 12 75 43 38 42 85 51 21 80 18 72 22 0 7 88 1 3 84 56 95 8 73 44 92 23 37 45 74 25 30 39 91 65 54 29 53 31 15 97 55 4 68 40 79 61 24 13 99 60 46 62 93 50 87 78 83 66 67 63 47 94 10 34 32 19 52 58 98 76 71 35 90 57 17 36 6 16 82 11 69 9 86 2,171862,0,1,0,176232
sko100a,simulatedAnnealing,64 82 32 70 0 73 53 54 90 17 36 38 10 12 33 94 74 4 81 77 5 78 76 24 1 27 56 62 13 96 14 61 42 21 15 51 30 8 79 26 87 18 31 95 48 84 29 88 3 98 7 85 93 97 72 66 83 55 23 19 65 67 68 50 39 60 45 80 91 92 89 58 99 46 25 11 37 47 35 43 86 49 71 20 63 40 6 16 52 34 57 41 59 69 9 22 44 28 75 2,152350,839025,841500,256525000,176908
sko100a,tabuSearch,38 82 70 78 93 36 19 49 20 14 17 90 83 61 98 35 86 87 52 16 77 23 53 31 13 75 63 40 1 34 4 10 56 24 62 47 45 41 76 5 96 8 15 92 60 81 67 22 11 6 79 12 88 94 74 33 29 84 27 48 0 54 73 21 3 80 25 95 89 42 43 72 30 55 97 91 39 68 46 50 26 28 51 18 66 37 71 99 65 69 64 9 32 59 85 44 7 58 57 2,154946,513,257920,97930800,180812
sko100a,steepest,44 9 38 82 12 0 26 79 4 2 34 49 23 70 10 94 53 30 73 32 11 60 25 93 61 15 45 29 21 65 47 91 71 92 55 81 33 8 18 67 75 52 37 58 31 98 80 13 62 76 20 35 99 97 24 66 3 74 78 7 48 1 68 51 39 54 56 88 42 85 6 40 46 95 59 50 27 72 36 14 16 22 69 41 63 84 19 83 87 86 28 57 89 64 17 96 90 77 43 5,155714,106,529650,128833200,177930
sko100a,greedy,87 69 32 65 7 49 38 20 14 2 57 46 99 71 27 12 82 93 70 36 6 89 42 76 1 45 78 67 5 35 58 59 21 37 0 10 85 13 44 86 41 95 24 31 97 66 18 53 98 40 22 84 68 25 50 33 61 74 81 34 29 63 47 39 80 15 8 62 83 19 11 94 55 60 30 56 4 88 72 43 28 75 3 52 91 51 9 23 90 16 64 96 73 92 48 54 26 79 17 77,155828,450,71145,20873700,179070
sko100a,randomWalk,52 4 35 47 69 40 88 77 48 17 86 5 89 65 83 16 15 98 80 96 36 73 37 3 19 46 44 2 8 75 64 68 67 99 90 58 60 62 63 84 29 91 95 49 45 27 74 25 93 56 41 53 94 72 39 18 87 85 92 31 14 57 9 7 32 13 26 12 30 82 10 21 81 76 61 23 0 6 11 55 54 28 38 33 71 66 43 59 70 20 24 42 79 78 1 34 22 51 50 97,172600,468464,468464,135243700,177718
sko100a,random,13 76 50 61 49 20 6 86 58 59 92 79 51 70 14 96 26 91 23 69 64 62 54 1 71 80 37 7 93 15 10 11 78 3 72 42 46 39 36 33 28 27 35 63 57 18 89 40 65 83 85 4 5 94 9 74 25 48 12 29 66 84 81 45 31 19 67 32 56 22 75 41 77 34 60 95 43 30 90 52 87 17 16 38 44 53 47 82 68 2 98 24 8 21 55 73 97 99 0 88,173440,17951,17951,135337300,177894
sko100a,heuristic,64 26 89 5 70 41 20 28 48 77 14 96 27 49 33 59 81 12 75 43 38 42 85 51 21 80 18 72 22 0 7 88 1 3 84 56 95 8 73 44 92 23 37 45 74 25 30 39 91 65 54 29 53 31 15 97 55 4 68 40 79 61 24 13 99 60 46 62 93 50 87 78 83 66 67 63 47 94 10 34 32 19 52 58 98 76 71 35 90 57 17 36 6 16 82 11 69 9 86 2,171862,0,1,0,177532
sko100a,simulatedAnnealing,77 70 32 0 19 90 96 82 38 17 36 10 12 73 94 54 24 78 4 64 14 62 76 56 21 3 31 15 26 87 5 74 30 53 29 83 95 8 61 79 67 13 88 33 18 58 55 92 23 41 7 93 66 98 84 97 68 51 85 86 65 42 72 27 25 39 1 20 59 9 89 80 46 45 99 63 60 11 69 57 43 81 71 50 37 91 6 34 49 22 2 35 48 40 47 16 52 75 44 28,152666,853875,856350,252882900,178622
sko100a,tabuSearch,75 16 6 19 44 11 34 2 43 77 40 52 35 81 69 49 22 61 26 36 47 91 45 80 60 92 98 3 87 70 89 37 13 55 46 63 41 94 62 96 32 66 1 30 29 84 23 73 56 78 10 76 83 88 21 15 8 31 4 38 42 93 58 18 25 95 53 12 0 82 48 71 99 7 97 51 20 59 24 90 5 68 27 67 85 33 79 74 54 17 28 50 14 65 39 86 72 9 57 64,154910,426,213280,83964000,178690
sko100a,steepest,2 77 44 0 70 12 93 49 82 36 43 35 80 89 88 40 69 41 42 48 75 81 47 53 22 66 71 67 59 32 98 13 37 94 63 84 18 8 95 1 6 62 45 30 29 46 99 58 50 27 34 96 11 10 60 25 97 15 24 20 26 23 3 4 56 21 51 31 76 78 79 92 55 73 74 33 7 61 38 14 16 19 91 54 72 65 85 39 68 87 28 52 90 5 83 17 86 9 57 64,155434,145,722700,180506600,179664
sko100a,greedy,2 61 64 81 35 43 26 62 77 36 34 38 23 7 3 8 79 4 96 78 20 65 92 67 72 80 74 13 0 70 69 46 45 95 59 84 53 12 42 93 11 60 25 97 29 88 15 10 94 82 49 47 71 41 21 66 30 73 76 32 44 99 37 55 85 18 51 54 24 48 6 22 91 58 39 98 33 31 1 87 75 28 89 68 63 16 83 56 5 19 52 57 9 50 86 40 27 14 90 17,154196,497,86365,20854500,177120
sko100a,randomWalk,64 23 11 19 25 48 72 55 95 86 85 58 67 2 60 3 35 54 77 6 63 51 29 0 26 44 59 83 69 92 7 68 39 99 71 33 56 27 20 1 97 79 12 45 28 80 78 43 90 96 66 93 47 98 74 88 50 37 81 5 16 10 75 40 46 31 22 52 53 21 9 91 82 65 87 14 4 73 13 17 49 70 8 62 76 18 61 89 41 32 57 34 36 42 15 24 84 38 30 94,172572,639954,639954,181913700,177190
sko100a,random,66 83 58 11 37 41 72 14 33 29 60 93 92 7 23 2 74 79 43 84 18 61 50 19 24 49 69 30 27 77 57 22 81 53 1 78 67 52 8 5 34 55 16 26 54 25 47 21 46 4 48 10 96 88 62 56 36 80 65 89 9 87 75 6 13 32 68 71 31 28 20 45 15 94 86 12 97 42 98 63 91 51 17 40 39 59 76 35 90 64 82 70 0 3 85 95 38 99 73 44,172828,23393,23393,180723300,176150
sko100a,heuristic,64 26 89 5 70 41 20 28 48 77 14 96 27 49 33 59 81 12 75 43 38 42 85 51 21 80 18 72 22 0 7 88 1 3 84 56 95 8 73 44 92 23 37 45 74 25 30 39 91 65 54 29 53 31 15 97 55 4 68 40 79 61 24 13 99 60 46 62 93 50 87 78 83 66 67 63 47 94 10 34 32 19 52 58 98 76 71 35 90 57 17 36 6 16 82 11 69 9 86 2,171862,0,1,0,179018
sko100a,simulatedAnnealing,64 49 17 11 96 61 38 78 82 77 34 41 20 23 92 8 79 26 36 70 9 22 1 84 27 15 56 4 87 90 16 81 48 95 72 88 74 62 53 73 52 40 63 29 60 51 33 24 94 54 75 47 35 83 45 3 80 13 19 10 28 91 98 25 66 55 31 30 93 12 44 37 6 39 59 97 21 18 0 32 57 71 69 99 46 85 58 76 42 89 2 86 50 68 65 67 7 14 43 5,152882,824175,826650,236940800,177864
sko100a,tabuSearch,87 86 38 61 22 64 82 78 36 17 57 41 75 31 21 52 73 76 14 70 32 11 92 60 55 3 63 94 24 96 59 58 6 29 46 95 68 1 89 26 9 99 23 25 83 84 27 4 56 90 79 85 15 8 97 51 30 10 5 77 65 20 67 93 18 53 74 12 54 0 7 49 39 66 45 72 33 13 62 19 69 71 35 40 37 98 88 80 42 43 2 44 34 47 28 91 50 81 48 16,155194,463,233120,102637900,178360
sko100a,steepest,65 7 42 5 14 76 21 73 32 86 89 71 80 67 58 0 30 94 12 36 50 37 81 45 18 13 33 66 10 35 91 68 55 62 56 31 47 24 78 40 46 99 39 72 97 98 29 63 59 19 92 25 3 74 85 1 60 83 93 70 11 52 48 95 27 84 15 23 38 75 34 6 69 88 61 96 8 41 82 49 43 16 22 90 51 4 53 20 44 87 2 28 54 26 17 77 79 9 57 64,155918,132,658350,159239400,177426
sko100a,greedy,5 76 14 0 50 27 89 65 87 57 32 42 33 21 45 99 46 6 69 26 10 94 12 30 71 58 63 29 59 9 90 24 53 80 56 37 39 25 22 44 19 62 81 47 66 31 72 84 11 75 48 13 74 4 40 51 35 15 20 79 93 1 88 55 68 97 60 23 92 28 70 16 83 52 91 98 95 8 61 34 82 36 73 18 67 49 3 41 43 2 17 78 54 86 7 85 38 96 77 64,155218,467,164695,41778900,178544
sko100a,randomWalk,86 22 21 61 92 47 65 71 40 49 16 69 72 75 80 5 87 15 63 0 62 2 8 60 1 36 74 18 33 59 56 13 85 58 26 37 46 31 57 64 77 88 30 97 10 45 84 78 29 11 67 4 76 83 6 38 24 89 25 82 43 51 7 55 99 42 12 93 48 39 90 95 68 91 28 9 79 94 66 70 20 50 81 52 73 53 27 41 44 19 96 54 98 34 14 23 35 17 32 3,172056,555910,555910,166322300,178094
sko100a,random,72 26 67 73 10 86 62 75 89 83 40 70 14 29 43 95 47 24 61 15 88 0 41 79 4 12 71 85 11 49 66 52 76 69 33 50 51 1 59 48 78 68 34 7 98 60 97 18 37 91 9 44 57 6 42 54 74 35 8 56 99 94 81 38 20 21 27 45 3 2 31 53 58 80 39 65 46 36 32 55 93 64 16 30 25 90 5 82 63 92 19 77 87 84 17 22 28 96 13 23,172726,20341,20341,159495500,178080
sko100a,heuristic,64 26 89 5 70 41 20 28 48 77 14 96 27 49 33 59 81 12 75 43 38 42 85 51 21 80 18 72 22 0 7 88 1 3 84 56 95 8 73 44 92 23 37 45 74 25 30 39 91 65 54 29 53 31 15 97 55 4 68 40 79 61 24 13 99 60 46 62 93 50 87 78 83 66 67 63 47 94 10 34 32 19 52 58 98 76 71 35 90 57 17 36 6 16 82 11 69 9 86 2,171862,0,1,0,179962
sko100a,simulatedAnnealing,36 32 14 87 86 7 20 65 49 2 70 38 5 61 85 67 93 89 69 43 82 78 12 59 21 18 42 46 71 44 0 4 76 31 58 97 68 99 50 19 10 62 56 15 8 13 25 45 98 34 77 53 30 33 83 66 39 80 37 35 94 24 74 72 29 95 1 63 81 40 90 73 27 51 88 3 84 22 47 6 96 54 26 79 23 55 60 11 91 16 17 64 57 9 41 92 48 28 52 75,152598,779625,782100,231639200,180612
sko100a,tabuSearch,64 77 0 10 61 36 78 32 38 82 2 54 12 67 93 69 14 70 7 85 43 4 89 5 42 71 65 99 44 59 26 8 62 45 21 46 18 66 97 49 79 80 53 13 76 35 15 51 58 87 74 88 30 56 73 37 55 60 3 27 34 23 83 25 29 84 95 98 31 41 92 33 50 91 47 96 11 40 20 86 19 90 39 94 22 63 24 68 17 57 28 81 72 16 6 1 48 75 52 9,157748,368,183520,78034800,177278
sko100a,steepest,86 5 32 76 7 85 58 78 16 38 87 65 4 93 79 67 71 20 49 61 12 10 42 13 29 15 48 91 52 11 44 89 21 88 66 18 37 40 47 75 59 63 30 73 94 24 31 55 60 28 26 72 62 74 33 97 51 25 92 9 19 80 45 83 3 39 56 68 23 22 69 43 46 53 84 8 99 95 41 57 2 90 96 35 98 27 81 1 6 34 17 77 0 70 54 14 50 36 82 64,156354,88,440550,110875500,177928
sko100a,greedy,2 89 63 90 5 27 50 65 86 17 19 0 35 45 81 53 33 67 40 49 44 94 80 37 98 73 85 91 47 34 43 10 13 46 30 29 74 71 72 52 32 12 69 76 42 99 93 7 66 48 87 4 3 18 21 84 25 39 88 20 70 62 59 24 31 15 97 60 23 38 82 78 1 56 58 54 61 8 83 11 36 96 6 22 55 95 68 92 41 16 77 26 75 57 14 79 51 9 28 64,156086,487,103126,20833500,177316
sko100a,randomWalk,11 55 41 49 38 70 32 98 61 76 9 36 92 22 77 23 90 65 12 47 20 82 80 24 6 30 91 0 69 96 39 54 66 25 88 43 79 94 53 75 71 59 8 78 37 42 34 84 16 48 56 40 62 89 45 5 13 81 19 83 73 95 2 87 35 63 15 29 31 4 67 72 18 10 7 50 85 68 52 17 3 97 60 86 1 57 21 46 93 26 74 27 64 14 58 51 33 28 99 44,172928,389962,389962,115413500,176634
sko100a,random,52 55 66 72 39 9 79 47 44 87 54 61 43 4 0 96 1 23 45 53 82 22 33 70 90 71 3 28 65 7 75 63 92 93 10 88 80 35 51 62 77 91 29 78 73 8 2 13 46 69 15 57 42 38 26 64 56 49 37 89 19 99 18 74 60 85 17 50 14 86 59 6 68 11 16 76 31 5 36 20 12 40 58 97 81 32 41 67 94 34 21 30 95 98 48 27 24 84 83 25,173308,15044,15044,113713700,179210
sko100a,heuristic,64 26 89 5 70 41 20 28 48 77 14 96 27 49 33 59 81 12 75 43 38 42 85 51 21 80 18 72 22 0 7 88 1 3 84 56 95 8 73 44 92 23 37 45 74 25 30 39 91 65 54 29 53 31 15 97 55 4 68 40 79 61 24 13 99 60 46 62 93 50 87 78 83 66 67 63 47 94 10 34 32 19 52 58 98 76 71 35 90 57 17 36 6 16 82 11 69 9 86 2,171862,0,1,0,178518
sko100a,simulatedAnnealing,52 16 28 48 19 86 83 90 17 64 75 40 22 39 63 72 41 27 9 57 6 91 1 68 55 88 92 23 96 54 50 47 11 25 60 84 29 56 94 73 35 37 99 80 3 95 31 33 24 87 69 45 46 42 58 21 76 74 62 79 81 71 13 66 97 51 30 53 4 26 44 98 89 93 0 59 12 5 70 10 34 49 65 67 18 8 15 14 82 32 2 20 43 7 85 61 38 36 78 77,152538,821700,824175,247189200,176894
sko100a,tabuSearch,57 42 58 39 50 48 68 69 28 6 5 76 7 54 65 71 99 89 91 16 9 24 31 12 59 72 46 63 37 44 14 21 0 18 97 55 80 25 47 75 86 33 10 85 67 66 93 45 13 40 27 94 53 30 51 88 81 1 98 35 87 32 79 15 95 29 3 60 49 20 90 73 74 83 41 84 92 22 19 52 64 78 56 4 8 61 38 23 11 34 17 36 26 82 62 96 77 70 43 2,154352,691,347200,139390900,180190
sko100a,steepest,32 86 7 83 66 72 90 19 17 40 5 71 65 67 93 88 27 48 16 52 14 42 85 97 76 18 39 68 50 91 89 21 46 58 30 51 99 63 55 37 10 73 74 29 53 80 25 33 54 47 12 69 95 3 13 0 45 1 6 35 70 78 59 31 62 24 56 94 98 81 36 82 15 8 20 84 60 92 96 75 38 49 61 41 4 23 11 22 34 44 64 87 26 79 77 43 57 9 28 2,154620,122,608850,147793300,180392
sko100a,greedy,28 20 48 93 51 54 16 88 43 2 44 49 15 66 85 98 18 7 67 34 9 41 52 25 97 39 91 72 8 23 22 11 60 84 50 68 55 61 65 92 75 40 47 29 95 53 81 74 83 19 6 35 1 37 45 3 80 13 79 26 69 63 71 99 33 31 30 56 62 96 59 89 12 58 46 94 0 10 4 77 57 86 27 42 21 24 76 78 5 90 64 87 38 32 82 73 70 36 14 17,154456,543,214036,53488200,177404
sko100a,randomWalk,75 60 40 68 77 17 45 90 19 69 14 13 32 79 46 76 42 44 33 97 66 58 31 7 96 8 70 57 20 59 98 62 21 67 29 87 35 38 6 48 78 4 53 10 47 72 84 93 9 1 26 74 30 22 83 63 39 94 50 36 28 61 73 55 99 37 15 11 52 86 2 80 81 56 3 95 49 0 43 25 88 85 51 18 92 23 64 34 65 41 16 24 91 12 71 54 82 89 27 5,173036,500707,500707,150091600,178322
sko100a,random,42 58 81 68 71 30 14 1 92 23 74 82 49 19 99 69 41 39 27 47 97 79 2 89 61 87 31 94 52 93 66 36 86 60 33 75 53 13 59 7 54 78 25 17 12 72 76 73 57 83 22 80 70 6 51 55 3 20 91 5 46 45 10 95 24 44 43 4 18 37 48 98 26 38 64 15 84 11 65 32 16 63 67 88 8 50 62 90 29 56 35 40 85 96 77 21 0 28 34 9,173612,20164,20164,153927600,178132
sko100a,heuristic,64 26 89 5 70 41 20 28 48 77 14 96 27 49 33 59 81 12 75 43 38 42 85 51 21 80 18 72 22 0 7 88 1 3 84 56 95 8 73 44 92 23 37 45 74 25 30 39 91 65 54 29 53 31 15 97 55 4 68 40 79 61 24 13 99 60 46 62 93 50 87 78 83 66 67 63 47 94 10 34 32 19 52 58 98 76 71 35 90 57 17 36 6 16 82 11 69 9 86 2,171862,0,1,0,176708
sko100a,simulatedAnnealing,2 44 22 60 11 40 28 47 75 34 57 49 69 99 25 45 37 35 52 6 9 65 20 46 71 50 89 81 91 16 86 7 59 68 39 72 29 80 63 43 41 85 58 97 66 84 55 3 98 19 61 67 8 51 95 27 88 48 23 92 87 18 15 21 42 74 30 13 79 26 14 78 31 24 76 56 62 4 1 96 36 82 0 93 12 33 83 94 54 17 64 38 32 70 10 53 5 73 90 77,152762,871200,873675,273008600,180742
sko100a,tabuSearch,77 70 82 38 26 79 9 96 64 17 36 78 62 4 24 72 23 41 57 90 10 12 8 59 53 74 94 88 54 73 0 61 31 56 87 95 83 84 81 92 5 76 30 15 33 80 29 3 22 27 14 42 13 51 21 39 63 1 55 48 18 93 66 97 20 25 60 11 75 52 43 67 98 85 45 68 19 35 28 16 89 65 71 49 46 50 40 37 47 91 32 7 86 58 69 99 44 6 34 2,153714,692,347200,165826300,176770
sko100a,steepest,17 57 86 16 83 96 28 5 64 77 70 24 12 54 10 41 62 14 36 89 87 0 59 85 21 4 72 74 46 26 38 78 31 51 97 56 58 95 61 43 82 73 15 60 18 88 8 84 22 79 90 76 94 53 30 55 13 29 3 80 32 42 63 33 68 37 99 7 98 69 19 93 1 27 66 23 39 25 45 35 49 20 9 40 71 47 67 65 11 6 52 48 75 44 91 92 50 81 34 2,155204,129,643500,190800700,179896
sko100a,greedy,48 16 5 27 40 86 90 52 17 64 71 91 65 72 49 83 41 92 23 9 66 67 20 88 11 29 84 95 79 38 93 85 10 25 15 53 8 74 61 34 51 97 54 30 12 33 56 73 4 26 50 18 24 76 1 13 62 81 78 82 42 39 55 0 80 94 31 3 96 77 7 68 37 21 45 98 19 35 59 44 28 58 99 47 60 63 22 87 75 57 32 14 89 46 6 69 43 36 70 2,155700,462,122471,29635300,178322
sko100a,randomWalk,48 69 88 79 60 29 75 20 17 72 98 19 38 22 3 87 34 56 30 63 64 35 23 47 53 40 15 54 86 90 1 58 59 41 7 32 71 27 5 12 42 33 13 8 76 49 51 10 77 97 84 94 74 43 25 0 66 50 26 16 73 99 89 11 31 83 85 37 39 65 62 80 92 4 95 93 70 67 81 14 57 18 28 61 82 21 68 36 91 52 2 96 9 55 78 6 24 45 44 46,172156,579542,579542,193347500,177348
sko100a,random,98 40 58 39 88 43 84 2 12 37 19 6 3 36 11 83 52 27 59 50 5 17 18 32 71 76 4 62 45 29 21 44 67 70 94 54 51 80 69 75 41 46 92 81 85 61 68 56 14 48 30 16 89 72 82 24 95 38 63 64 28 60 34 25 42 79 8 99 77 91 33 74 97 47 66 90 96 93 78 10 7 1 22 57 53 73 0 55 35 26 23 9 86 15 31 20 49 65 13 87,173696,19192,19192,191522100,178742
sko100a,heuristic,64 26 89 5 70 41 20 28 48 77 14 96 27 49 33 59 81 12 75 43 38 42 85 51 21 80 18 72 22 0 7 88 1 3 84 56 95 8 73 44 92 23 37 45 74 25 30 39 91 65 54 29 53 31 15 97 55 4 68 40 79 61 24 13 99 60 46 62 93 50 87 78 83 66 67 63 47 94 10 34 32 19 52 58 98 76 71 35 90 57 17 36 6 16 82 11 69 9 86 2,171862,0,1,0,178440
sko100a,simulatedAnnealing,64 57 77 26 79 96 9 92 28 75 17 90 83 27 54 41 23 91 52 16 86 73 53 56 88 55 72 63 22 40 36 94 74 30 29 3 84 80 81 35 87 4 33 62 8 95 66 19 60 47 78 24 21 31 51 68 39 48 1 6 70 76 42 13 15 97 25 45 11 20 32 10 93 58 59 99 98 37 69 44 82 38 12 61 85 46 50 71 49 34 14 5 0 18 67 7 89 65 43 2,152650,796950,799425,239928700,178124
sko100a,tabuSearch,57 46 2 69 22 87 41 44 40 86 36 65 34 49 6 35 47 99 75 14 89 27 61 11 45 25 60 58 67 85 64 84 81 8 50 95 29 71 21 28 9 20 63 53 33 15 98 97 93 51 59 72 74 1 80 39 52 37 66 7 0 82 94 12 13 31 76 30 18 68 70 96 62 24 56 3 73 55 42 32 38 90 10 4 78 23 88 92 83 5 77 17 43 26 54 79 19 91 48 16,156236,528,262880,98777100,180310
sko100a,steepest,11 20 48 1 6 16 35 40 75 34 43 44 60 69 25 13 19 47 52 2 70 89 51 46 68 99 45 49 91 92 38 0 18 42 58 37 76 93 23 32 12 15 85 97 21 80 98 71 7 67 78 59 24 3 31 39 30 66 27 65 61 10 94 84 55 50 63 33 81 14 82 4 54 8 88 56 29 53 79 73 36 26 41 95 62 72 83 9 74 5 77 87 96 22 57 28 86 64 90 17,155236,122,608850,158774300,177032
sko100a,greedy,32 41 87 57 42 22 69 58 89 2 44 40 35 47 21 37 99 46 7 86 75 59 31 76 80 63 71 65 91 43 19 66 98 30 55 3 97 39 68 28 93 49 0 60 45 18 25 67 50 85 12 94 33 73 81 84 29 95 72 54 36 10 53 13 62 88 8 74 5 83 82 9 15 92 11 56 61 14 51 64 70 38 20 24 4 23 34 79 26 16 77 78 96 1 48 52 6 27 90 17,155498,529,114349,25091200,179504
sko100a,randomWalk,50 0 71 47 55 76 13 72 19 6 61 51 31 89 17 91 1 36 42 66 65 25 40 16 86 44 52 2 92 8 81 46 57 21 29 30 94 39 62 48 75 14 45 60 24 95 37 32 26 80 82 34 64 4 85 78 67 56 74 27 99 11 70 33 9 58 20 97 35 93 83 84 63 38 28 59 68 12 43 7 49 53 22 87 98 5 10 3 77 90 18 23 41 96 69 73 15 88 79 54,172364,536064,536064,159148500,179862
sko100a,random,82 11 23 36 61 94 3 12 62 90 16 42 81 70 88 13 65 79 95 74 48 77 34 30 93 91 7 52 31 56 41 15 5 28 17 80 8 96 39 38 98 29 1 4 53 40 0 44 58 63 6 18 33 10 43 59 35 25 14 54 69 22 2 49 64 67 89 84 72 37 76 86 60 73 21 32 46 55 24 97 9 71 66 26 75 99 78 27 19 57 68 51 47 92 87 85 50 45 83 20,173336,21375,21375,164554200,176906
sko100a,heuristic,64 26 89 5 70 41 20 28 48 77 14 96 27 49 33 59 81 12 75 43 38 42 85 51 21 80 18 72 22 0 7 88 1 3 84 56 95 8 73 44 92 23 37 45 74 25 30 39 91 65 54 29 53 31 15 97 55 4 68 40 79 61 24 13 99 60 46 62 93 50 87 78 83 66 67 63 47 94 10 34 32 19 52 58 98 76 71 35 90 57 17 36 6 16 82 11 69 9 86 2,171862,0,1,0,178226
sko100a,simulatedAnnealing,17 90 96 26 73 4 77 70 38 32 64 79 23 54 94 53 10 82 36 78 9 83 92 56 24 74 62 12 14 5 87 27 8 15 33 30 31 0 61 76 48 88 1 51 21 20 13 93 18 42 41 95 84 3 55 97 66 59 67 7 86 72 19 39 68 80 98 58 85 65 57 29 63 60 25 50 45 99 46 89 22 40 52 11 91 81 37 49 69 71 28 16 75 6 47 35 34 44 43 2,152782,816750,819225,247636800,175910
sko100a,tabuSearch,40 16 52 48 72 88 17 86 49 82 9 91 90 23 39 66 71 93 41 38 98 19 68 25 56 51 85 20 97 7 44 50 55 60 31 99 18 0 67 70 35 47 63 45 96 21 15 4 83 58 37 80 13 3 62 46 59 24 12 78 75 81 33 29 1 30 53 76 5 14 34 94 6 11 84 27 42 95 65 36 2 77 92 89 26 74 73 8 10 32 28 43 22 79 54 69 57 87 64 61,156648,392,198400,79224400,179190
sko100a,steepest,17 82 1 48 32 27 78 22 87 64 38 49 20 69 11 15 96 41 61 57 52 75 6 42 59 60 3 28 84 95 70 93 66 68 24 51 55 97 73 92 0 98 25 99 76 31 18 58 85 14 34 50 45 39 54 56 21 46 7 67 23 91 71 47 12 53 30 8 29 65 9 44 40 37 33 4 88 72 74 2 81 35 13 80 94 62 79 83 86 36 90 19 16 89 63 10 26 43 77 5,155770,105,524700,136100000,180714
sko100a,greedy,64 38 82 71 65 61 20 11 34 2 9 12 8 15 7 67 93 98 49 44 79 59 31 39 66 85 58 99 28 57 54 23 33 29 51 97 25 60 47 6 0 53 50 91 84 18 68 45 52 75 26 4 56 30 3 21 37 46 43 69 94 24 78 81 42 55 1 63 35 22 96 10 62 80 76 95 13 89 16 41 77 72 92 74 88 48 83 19 40 87 17 90 73 5 27 14 32 70 36 86,154444,509,106739,21053700,180544
sko100a,randomWalk,96 28 84 45 11 86 56 65 23 49 64 78 79 94 29 63 91 10 41 75 2 22 30 60 47 80 39 68 62 66 90 59 36 67 8 95 50 13 77 35 1 14 82 5 92 73 32 25 98 58 69 43 4 51 3 85 31 76 12 89 74 57 18 70 15 0 87 81 6 52 72 99 7 44 42 97 27 34 37 71 88 24 55 21 26 38 20 53 93 16 17 19 46 61 54 48 33 9 40 83,172302,466580,466580,139209600,179826
sko100a,random,63 53 92 56 71 52 14 93 32 36 34 84 62 95 86 90 91 82 76 96 68 19 6 40 59 38 24 65 48 70 43 94 5 61 20 39 2 73 7 9 72 79 22 58 41 49 67 85 12 25 80 15 4 88 69 21 74 17 31 13 55 77 30 44 66 98 3 33 46 8 18 57 60 50 35 1 45 89 11 54 29 23 87 0 37 27 42 97 78 99 81 64 47 26 83 10 28 75 51 16,173472,17500,17500,136748100,177412
sko100a,heuristic,64 26 89 5 70 41 20 28 48 77 14 96 27 49 33 59 81 12 75 43 38 42 85 51 21 80 18 72 22 0 7 88 1 3 84 56 95 8 73 44 92 23 37 45 74 25 30 39 91 65 54 29 53 31 15 97 55 4 68 40 79 61 24 13 99 60 46 62 93 50 87 78 83 66 67 63 47 94 10 34 32 19 52 58 98 76 71 35 90 57 17 36 6 16 82 11 69 9 86 2,171862,0,1,0,178196
sko100a,simulatedAnnealing,2 49 57 9 61 79 26 38 82 64 34 20 41 23 51 15 87 14 10 36 44 35 67 93 85 74 53 4 78 70 75 81 92 97 95 8 59 12 24 77 28 60 58 55 18 88 21 31 73 32 47 37 7 66 98 13 3 30 94 0 11 22 45 25 84 80 33 56 62 96 6 69 99 39 68 83 1 76 42 54 52 91 71 50 46 29 63 89 5 43 16 40 65 48 72 86 19 27 90 17,152664,871200,873675,272048200,176924
sko100a,tabuSearch,64 17 77 54 83 72 89 28 16 43 86 9 90 85 63 39 50 22 52 19 57 96 23 84 29 65 92 25 11 34 61 26 79 8 95 46 68 98 91 6 87 59 51 56 27 3 99 60 40 75 41 20 15 31 58 97 66 71 47 69 49 0 53 21 30 18 55 45 37 44 38 4 73 33 74 7 88 80 81 35 82 78 24 94 62 67 76 42 13 1 36 70 32 12 10 14 5 93 48 2,154102,654,327360,136283100,181010
sko100a,steepest,28 44 16 75 6 52 47 35 34 2 57 69 71 40 22 37 91 81 9 65 89 59 46 99 98 63 50 45 72 7 43 85 66 58 68 86 80 19 39 67 32 42 97 60 25 55 21 30 27 14 0 48 93 18 31 13 76 56 83 5 54 12 51 1 84 3 33 53 88 74 77 24 20 95 15 11 73 62 29 92 64 17 70 41 96 10 94 90 23 79 38 78 82 49 87 61 4 36 8 26,154804,129,643500,156260300,178624
sko100a,greedy,36 32 87 48 85 7 20 58 41 86 14 5 93 67 97 66 65 71 49 57 82 12 42 15 51 68 39 99 69 59 70 10 24 18 21 50 25 46 89 44 38 33 76 13 31 80 60 37 47 40 0 94 4 62 88 30 72 45 63 9 78 53 74 8 56 83 23 35 28 75 61 73 81 79 95 55 29 11 22 26 64 54 1 27 84 3 92 91 52 16 77 90 17 96 19 98 43 34 6 2,153522,521,159489,41993200,175832
sko100a,randomWalk,13 62 59 14 37 6 35 57 34 86 98 73 69 76 99 56 44 18 15 9 70 12 25 43 45 33 20 8 71 36 42 24 80 93 41 30 48 49 54 89 75 39 84 31 11 38 81 1 4 82 77 58 26 10 92 61 5 23 53 79 19 68 28 96 51 21 65 78 85 32 47 3 66 97 46 50 91 87 90 72 2 88 83 67 95 40 60 74 27 52 29 16 55 64 94 22 7 63 17 0,171876,536558,536558,160604400,178098
sko100a,random,50 10 40 27 32 43 69 11 14 89 0 26 96 38 85 78 91 52 44 42 98 49 61 51 1 46 57 15 74 53 62 4 25 93 24 86 65 37 16 47 72 6 5 21 19 36 18 41 23 83 88 3 13 67 95 68 60 66 90 28 7 58 9 8 82 2 31 59 92 33 34 48 99 29 12 45 30 63 87 35 84 55 54 97 20 76 39 22 73 56 94 64 79 80 70 75 77 71 17 81,172852,20616,20616,158030500,177504
sko100a,heuristic,64 26 89 5 70 41 20 28 48 77 14 96 27 49 33 59 81 12 75 43 38 42 85 51 21 80 18 72 22 0 7 88 1 3 84 56 95 8 73 44 92 23 37 45 74 25 30 39 91 65 54 29 53 31 15 97 55 4 68 40 79 61 24 13 99 60 46 62 93 50 87 78 83 66 67 63 47 94 10 34 32 19 52 58 98 76 71 35 90 57 17 36 6 16 82 11 69 9 86 2,171862,0,1,0,179202
sko100a,simulatedAnnealing,16 40 50 63 72 48 86 19 90 17 52 91 65 89 39 68 83 1 5 27 6 71 46 43 7 85 18 76 54 14 69 99 45 25 80 67 13 42 93 0 35 37 98 58 66 97 51 33 30 32 28 47 60 55 3 88 21 56 53 73 75 81 22 29 84 95 31 74 12 70 34 20 11 23 92 15 62 24 94 36 44 49 61 38 59 8 4 78 10 82 2 9 57 41 96 79 26 87 77 64,152686,866250,868725,264125800,178316
sko100a,tabuSearch,17 96 90 27 32 0 73 76 42 5 43 70 19 1 77 94 54 24 78 48 22 36 63 84 89 56 81 62 33 14 87 16 45 53 3 80 21 31 88 7 86 35 98 13 83 30 18 95 74 50 69 40 46 37 68 55 12 58 39 10 41 20 59 93 66 85 97 15 67 72 57 9 6 99 51 71 25 29 79 65 2 44 75 47 60 26 4 92 8 28 34 49 52 23 82 91 38 11 61 64,156488,317,158720,52357000,178146
sko90,steepest,7 71 38 41 19 86 80 23 4 66 1 61 34 84 32 3 82 45 17 30 10 20 31 88 72 89 53 25 63 54 24 59 67 9 28 79 27 44 55 49 16 13 0 2 46 57 62 73 42 47 33 51 36 5 50 83 77 60 39 74 70 22 6 56 35 65 11 87 58 29 68 37 18 64 14 43 48 12 52 26 21 40 75 8 69 15 76 78 81 85,118098,107,432540,138276300,135932
sko90,greedy,7 23 41 1 34 38 71 72 66 4 30 54 52 0 61 28 20 3 76 63 68 14 2 69 84 13 59 88 9 10 8 37 44 6 27 5 89 67 16 17 55 48 15 35 50 65 45 25 80 19 49 29 79 18 64 56 82 77 11 86 40 42 81 12 31 62 53 73 70 78 85 74 87 57 32 36 46 60 22 24 47 58 26 75 51 43 83 39 33 21,117364,456,105038,21447100,137806
sko90,randomWalk,21 26 47 85 66 63 22 61 80 8 28 24 58 60 50 39 10 38 70 65 43 3 75 67 83 52 35 33 20 0 64 76 7 74 29 46 16 5 59 17 9 78 48 30 12 6 79 62 32 36 53 84 56 77 18 31 34 81 40 49 82 87 11 89 51 45 42 19 57 69 68 2 71 55 86 44 27 15 88 1 54 25 23 41 37 14 13 72 4 73,131984,540547,540547,145788100,135810
sko90,random,54 75 80 31 43 38 84 85 60 7 30 52 15 25 88 12 62 24 22 42 20 0 61 6 51 78 19 87 37 28 44 34 45 63 3 74 58 41 56 2 69 89 4 50 27 49 18 59 64 82 70 81 55 23 39 10 46 5 36 33 40 67 8 11 71 48 66 57 26 1 72 16 53 77 65 47 29 68 79 17 14 73 21 76 83 35 9 32 86 13,132160,22633,22633,144504300,136576
sko90,heuristic,85 68 23 20 32 9 44 71 24 21 10 57 48 46 77 79 55 76 52 86 26 38 64 59 13 56 6 34 58 81 47 60 37 88 89 35 50 11 18 78 74 83 80 36 5 2 67 87 15 40 73 0 16 14 27 62 3 12 72 8 75 45 61 65 82 84 43 42 29 41 7 17 53 39 31 28 70 54 22 19 66 49 1 25 51 69 63 30 33 4,131136,0,1,0,135976
sko90,simulatedAnnealing,4 24 1 41 52 71 34 19 23 7 66 86 61 28 3 38 84 46 32 31 63 80 20 54 82 72 0 53 57 81 17 9 59 37 88 89 27 25 44 45 16 73 77 5 13 67 2 50 62 51 10 76 60 12 83 36 65 79 39 87 78 11 29 56 18 64 6 43 42 26 21 70 68 58 14 35 69 15 55 74 33 22 30 8 40 48 49 75 47 85,116346,654654,656656,176199000,138118
sko90,tabuSearch,4 86 33 78 22 21 70 29 68 26 63 19 80 16 11 39 76 48 59 10 66 17 9 77 18 6 56 83 58 74 30 72 88 5 67 36 35 89 79 45 54 38 82 64 13 27 50 2 25 55 52 34 3 84 14 46 69 32 44 23 41 31 28 53 0 65 62 43 87 51 81 61 20 12 8 40 15 75 37 7 1 24 73 60 71 42 57 49 47 85,117646,415,188658,68390300,134946
sko90,steepest,21 24 86 61 52 19 34 32 38 41 33 22 75 84 64 69 46 3 71 4 70 58 53 31 36 35 43 59 20 28 60 83 82 5 56 67 65 89 0 17 73 40 12 14 18 13 37 88 72 57 78 8 77 11 50 27 16 45 9 7 29 87 42 51 6 2 62 25 80 1 26 74 54 30 15 79 39 44 81 23 85 47 49 68 48 55 76 10 63 66,118242,114,460575,108794700,138152
sko90,greedy,75 32 25 19 44 51 87 45 26 85 69 15 46 50 64 84 8 48 74 47 81 42 53 35 82 27 31 54 29 55 43 65 62 12 14 40 77 83 58 49 57 60 3 36 18 2 79 88 22 68 0 52 28 56 5 6 37 89 39 38 21 20 73 11 13 67 71 59 70 33 63 24 1 9 16 34 72 80 17 30 4 41 78 76 86 61 7 23 10 66,118348,422,58757,12624900,136140
sko90,randomWalk,7 23 79 36 31 20 78 5 40 51 44 45 86 73 62 83 54 85 53 68 59 19 87 0 2 76 12 39 65 26 49 61 60 71 24 28 75 34 46 3 52 10 4 67 88 6 55 37 27 43 48 56 89 35 13 25 63 64 57 72 80 29 74 32 38 1 42 30 66 69 33 15 9 8 11 16 21 18 47 82 70 17 22 14 50 77 41 81 58 84,131574,425247,425247,110974600,138698
sko90,random,24 0 8 67 45 49 3 22 29 11 6 34 10 88 30 51 18 27 14 55 66 87 57 70 9 25 16 78 32 31 52 1 46 68 48 53 62 7 81 35 47 20 64 60 85 15 80 17 42 44 41 75 71 82 54 13 59 63 38 89 84 23 37 50 69 36 40 61 2 76 39 4 74 72 5 77 43 79 33 65 26 19 83 21 86 56 12 28 73 58,131312,18164,18164,116746000,135272
sko90,heuristic,85 68 23 20 32 9 44 71 24 21 10 57 48 46 77 79 55 76 52 86 26 38 64 59 13 56 6 34 58 81 47 60 37 88 89 35 50 11 18 78 74 83 80 36 5 2 67 87 15 40 73 0 16 14 27 62 3 12 72 8 75 45 61 65 82 84 43 42 29 41 7 17 53 39 31 28 70 54 22 19 66 49 1 25 51 69 63 30 33 4,131136,0,1,0,138100
sko90,simulatedAnnealing,4 66 16 76 78 18 56 68 10 21 24 63 57 73 12 60 39 11 70 33 7 20 37 80 62 77 43 59 17 58 23 0 13 82 53 5 65 9 83 29 28 3 72 25 46 50 36 14 45 22 1 71 88 89 27 6 67 35 48 30 34 38 54 84 64 2 79 69 55 49 41 61 86 19 42 15 40 44 74 47 52 81 31 32 51 75 87 8 26 85,115962,674674,676676,189852900,137206
sko90,tabuSearch,49 74 55 42 26 44 45 52 81 23 85 47 15 57 43 39 25 32 1 41 75 87 2 60 62 51 31 34 28 7 8 79 6 12 27 53 89 3 38 71 40 83 88 36 65 13 67 0 61 20 30 54 14 50 37 5 84 72 19 17 48 29 69 77 73 82 64 46 80 66 68 58 35 18 56 11 59 9 76 10 33 22 70 21 78 16 86 24 63 4,116982,404,184644,72693700,135812
sko90,steepest,4 63 73 70 11 68 78 76 10 21 66 80 82 59 77 56 16 86 19 33 17 9 84 89 71 29 64 48 46 22 25 45 53 27 36 18 67 35 44 8 72 88 54 5 6 12 2 79 50 69 30 3 38 83 58 14 13 74 55 87 1 28 34 39 31 37 60 61 51 26 41 20 52 65 43 62 0 15 32 75 23 7 24 49 81 57 42 40 47 85,117404,118,476595,108045700,134164
sko90,greedy,24 86 42 81 49 52 32 19 41 4 75 78 51 40 15 64 61 34 38 66 43 73 39 13 76 67 31 84 1 71 47 57 62 37 79 27 89 72 30 20 33 60 16 5 12 2 53 28 80 0 21 50 77 56 6 36 82 88 54 63 58 70 83 18 65 14 46 3 9 7 85 22 87 11 8 35 69 25 59 23 26 29 74 68 48 55 44 45 17 10,116900,429,84502,19060500,136914
sko90,randomWalk,3 42 89 82 25 24 45 61 20 38 54 49 87 26 29 34 70 72 41 52 85 46 35 71 55 27 32 36 64 84 39 78 75 57 17 40 23 51 22 79 28 73 12 0 47 2 18 13 88 59 58 76 66 74 8 67 14 63 43 69 1 60 4 62 5 9 31 30 37 10 16 83 15 80 44 6 65 68 53 81 48 86 19 50 11 56 77 21 33 7,132134,399170,399170,108523500,137480
sko90,random,22 27 8 71 5 20 60 52 80 86 76 53 83 75 35 7 13 88 32 82 49 41 45 12 33 24 69 2 43 9 63 19 57 42 16 1 81 38 64 10 78 56 70 3 54 36 47 67 15 59 11 31 55 85 89 58 25 14 50 66 48 17 37 73 68 62 44 26 51 21 77 23 30 74 87 34 46 39 18 4 29 28 40 0 79 61 84 6 65 72,132486,12357,12357,110443800,137138
sko90,heuristic,85 68 23 20 32 9 44 71 24 21 10 57 48 46 77 79 55 76 52 86 26 38 64 59 13 56 6 34 58 81 47 60 37 88 89 35 50 11 18 78 74 83 80 36 5 2 67 87 15 40 73 0 16 14 27 62 3 12 72 8 75 45 61 65 82 84 43 42 29 41 7 17 53 39 31 28 70 54 22 19 66 49 1 25 51 69 63 30 33 4,131136,0,1,0,138060
sko90,simulatedAnnealing,85 75 87 8 69 48 29 22 26 21 30 40 54 74 14 18 37 68 58 33 49 15 79 6 64 36 12 11 56 78 47 51 55 27 35 46 82 5 43 70 42 32 2 45 53 50 62 77 83 73 86 84 44 67 89 25 65 59 60 17 19 34 31 88 3 57 13 16 39 24 7 61 38 71 28 72 76 80 10 66 23 41 1 52 20 0 81 9 63 4,116292,618618,620620,226302500,134140
sko90,tabuSearch,4 78 16 33 72 66 57 41 63 23 86 73 82 60 25 80 28 30 1 81 17 29 53 12 89 88 3 9 54 49 24 70 45 77 83 0 20 42 52 74 58 11 84 5 59 61 38 44 39 47 64 56 37 62 13 65 31 43 55 26 22 18 36 27 67 35 14 40 8 48 46 21 6 50 34 2 69 15 87 85 19 68 79 7 71 51 76 32 75 10,118748,356,160560,52284400,135970
sko90,steepest,4 34 1 38 72 66 23 30 49 33 41 84 61 31 89 88 59 9 54 21 52 82 3 67 5 83 17 70 29 22 19 53 25 71 27 6 45 48 44 69 32 46 28 0 50 2 36 35 55 47 42 15 20 80 77 65 7 14 74 8 81 64 16 12 13 79 37 40 87 85 24 73 60 62 43 56 39 11 51 58 86 78 63 57 76 18 10 68 26 75,117736,112,452565,104728000,136586
sko90,greedy,4 66 17 80 9 44 38 41 19 30 86 24 82 46 3 64 84 61 52 47 63 39 83 5 28 36 34 54 32 49 22 11 13 14 72 88 27 51 31 55 21 58 59 65 69 35 67 8 81 40 10 43 56 62 20 89 45 79 74 42 76 60 37 12 53 0 2 48 15 75 78 73 16 77 50 25 6 1 87 26 33 70 68 18 57 29 71 7 23 85,117658,450,42918,8598700,138774
sko90,randomWalk,76 78 3 72 39 17 4 81 10 16 47 60 44 25 50 28 5 53 63 65 80 22 68 43 73 27 57 82 46 9 51 0 12 62 52 59 2 49 55 26 24 67 87 48 41 79 45 7 71 21 19 54 31 37 42 11 56 18 69 36 34 66 75 1 6 33 88 35 14 38 61 86 30 84 70 58 64 13 32 83 40 23 77 15 85 20 29 89 8 74,131836,395643,395643,104841700,134784
sko90,random,64 11 54 74 37 3 65 85 16 14 70 41 50 56 8 67 34 10 88 33 24 20 31 26 69 18 32 52 28 59 13 68 1 55 2 42 57 61 53 77 15 66 19 23 22 81 7 4 44 83 6 71 35 63 17 0 82 39 5 46 75 45 21 40 60 27 43 78 89 80 79 25 9 76 38 48 30 73 84 36 87 12 72 49 51 58 62 47 86 29,132894,12800,12800,106506600,137242
sko90,heuristic,85 68 23 20 32 9 44 71 24 21 10 57 48 46 77 79 55 76 52 86 26 38 64 59 13 56 6 34 58 81 47 60 37 88 89 35 50 11 18 78 74 83 80 36 5 2 67 87 15 40 73 0 16 14 27 62 3 12 72 8 75 45 61 65 82 84 43 42 29 41 7 17 53 39 31 28 70 54 22 19 66 49 1 25 51 69 63 30 33 4,131136,0,1,0,136398
sko90,simulatedAnnealing,21 33 17 29 26 44 55 47 30 85 10 70 58 22 45 35 69 74 8 49 68 59 83 9 88 67 14 48 87 40 11 77 65 50 18 36 2 6 15 75 19 56 43 5 46 27 79 54 32 51 76 39 62 13 82 12 64 84 34 42 66 16 80 72 37 89 0 38 31 81 63 78 60 73 25 53 20 61 1 23 4 86 24 57 3 28 52 71 41 7,116192,644644,646646,189668900,137066
sko90,tabuSearch,4 66 1 16 78 9 52 41 63 23 10 33 3 39 56 20 28 81 76 7 24 60 70 73 26 72 59 43 58 68 17 31 88 80 83 53 5 62 37 57 45 38 25 36 48 89 77 65 12 18 22 67 46 6 82 27 14 50 35 11 71 34 84 30 87 79 2 0 55 49 86 32 64 29 44 8 69 13 54 21 19 61 75 51 15 74 40 42 47 85,119440,394,176616,63366500,135374
sko90,steepest,10 26 76 86 68 16 78 21 33 66 19 45 44 59 79 55 11 29 70 17 38 48 89 25 72 27 56 80 49 30 71 74 67 2 13 18 5 77 39 47 34 84 61 64 88 6 43 36 83 58 32 31 15 53 35 50 62 9 82 73 41 52 28 3 42 14 65 12 54 60 23 81 0 69 57 87 37 8 63 85 7 1 20 75 46 51 40 22 24 4,118052,94,380475,85566600,138436
sko90,greedy,4 63 19 9 81 32 31 52 41 23 66 16 80 28 72 34 61 38 24 1 70 10 76 5 39 13 0 59 17 20 73 60 77 12 67 88 51 71 54 7 33 82 53 62 27 25 84 89 45 30 78 11 50 65 6 15 2 44 42 49 86 56 57 14 43 79 3 37 55 47 68 46 18 35 36 64 83 29 58 40 21 22 69 48 75 87 26 8 74 85,117522,431,123582,25879800,135456
sko90,randomWalk,59 83 10 68 36 80 3 77 66 4 25 46 31 6 56 32 38 72 60 82 48 53 52 27 84 67 69 78 89 76 20 88 16 35 19 49 29 75 39 73 22 17 34 62 50 8 9 33 13 11 71 23 0 2 65 30 15 57 47 40 70 43 41 42 7 74 87 86 79 51 85 26 24 81 64 55 45 5 61 1 54 58 44 28 63 14 18 21 12 37,131968,318265,318265,90580800,137218
sko90,random,20 25 66 17 64 13 52 19 82 33 70 1 56 50 23 43 41 88 42 34 62 58 40 55 68 0 48 27 21 53 67 63 11 10 9 79 73 44 86 18 2 7 81 12 14 39 57 69 74 15 35 29 16 89 75 51 6 60 4 47 5 49 87 80 36 78 37 38 26 71 45 46 22 30 3 76 8 72 84 77 32 65 24 59 85 54 28 61 31 83,132852,13587,13587,86132600,136694
sko90,heuristic,85 68 23 20 32 9 44 71 24 21 10 57 48 46 77 79 55 76 52 86 26 38 64 59 13 56 6 34 58 81 47 60 37 88 89 35 50 11 18 78 74 83 80 36 5 2 67 87 15 40 73 0 16 14 27 62 3 12 72 8 75 45 61 65 82 84 43 42 29 41 7 17 53 39 31 28 70 54 22 19 66 49 1 25 51 69 63 30 33 4,131136,0,1,0,136460
sko90,simulatedAnnealing,85 8 40 75 51 37 19 54 71 7 26 74 87 79 15 42 32 31 52 81 47 44 48 69 2 64 84 61 38 41 49 55 45 14 27 12 89 34 0 23 43 29 35 65 18 62 53 13 20 57 30 39 67 36 6 50 25 88 72 28 58 17 83 59 5 77 46 80 3 1 33 70 60 56 11 73 82 16 9 66 21 22 10 68 76 78 86 24 63 4,116126,654654,656656,182279700,137678
sko90,tabuSearch,24 86 73 60 68 11 70 22 21 33 75 78 57 16 18 77 56 8 58 29 42 40 62 13 12 14 43 37 74 85 15 51 79 50 6 65 39 83 87 47 81 64 76 2 35 27 36 48 55 49 19 61 67 53 69 46 5 82 54 26 32 84 31 28 88 89 25 3 45 44 1 34 20 0 72 80 38 9 52 30 41 7 71 10 59 23 63 4 66 17,116968,552,248868,93178700,135152
sko90,steepest,66 4 21 69 46 26 10 63 78 75 33 68 70 22 58 39 56 60 43 24 59 11 83 65 5 51 16 62 73 20 80 82 77 14 36 13 18 37 76 40 72 9 88 3 53 31 6 12 28 81 25 29 89 48 35 50 67 0 57 1 30 54 38 84 64 61 34 8 52 71 17 44 19 86 27 32 2 79 15 41 23 45 49 55 74 47 87 85 42 7,118162,116,468585,106358900,136040
sko90,greedy,23 57 42 53 25 45 7 74 26 85 81 31 12 77 89 37 48 87 29 49 52 0 13 50 11 18 2 68 55 47 28 72 76 62 27 79 35 59 58 44 41 32 15 5 65 43 14 83 8 9 38 34 54 80 82 56 6 88 39 30 66 61 20 60 3 36 40 51 75 17 1 24 16 73 84 64 67 69 70 33 4 63 19 78 86 46 71 10 22 21,117544,456,66598,10219200,137038
sko90,randomWalk,78 15 69 58 24 70 5 77 59 21 53 85 43 14 52 25 26 30 11 86 31 56 81 12 83 48 32 0 89 22 87 40 13 75 9 88 19 18 57 67 35 68 54 49 36 20 73 72 16 39 42 51 3 62 2 61 55 47 33 23 76 63 28 65 64 10 29 27 4 84 45 60 34 46 8 79 17 71 50 44 74 1 41 37 7 6 38 82 66 80,131770,377240,377240,106958600,136754
sko90,random,60 43 1 31 17 88 15 49 81 89 75 47 34 87 63 23 2 84 5 11 36 86 80 20 35 50 18 26 54 79 64 68 6 53 82 45 19 40 41 71 27 7 9 38 32 10 59 72 62 69 67 42 73 65 14 22 52 37 74 29 25 83 76 51 77 39 30 58 44 8 48 24 85 21 3 55 13 70 46 56 33 16 78 28 57 66 61 0 12 4,132238,16205,16205,108636200,137198
sko90,heuristic,85 68 23 20 32 9 44 71 24 21 10 57 48 46 77 79 55 76 52 86 26 38 64 59 13 56 6 34 58 81 47 60 37 88 89 35 50 11 18 78 74 83 80 36 5 2 67 87 15 40 73 0 16 14 27 62 3 12 72 8 75 45 61 65 82 84 43 42 29 41 7 17 53 39 31 28 70 54 22 19 66 49 1 25 51 69 63 30 33 4,131136,0,1,0,138184
sko90,simulatedAnnealing,85 49 55 47 30 68 58 17 33 21 26 8 44 29 35 69 59 9 22 70 87 74 45 48 36 14 83 46 11 10 75 40 79 64 6 18 65 43 39 56 51 15 2 27 67 50 5 62 76 78 32 42 37 89 12 25 53 82 60 73 31 19 54 84 88 13 77 80 16 86 81 52 38 61 34 72 28 3 63 24 7 23 41 71 0 57 20 1 66 4,115782,664664,666666,182818600,135310
sko90,tabuSearch,85 26 47 29 33 21 70 22 30 49 58 87 74 55 14 11 9 8 48 68 60 83 44 17 15 50 59 35 79 10 39 43 45 65 56 77 2 36 6 18 51 57 62 42 78 5 12 67 27 76 7 37 25 40 16 13 89 88 31 72 24 75 53 69 73 0 20 54 52 71 1 3 28 84 82 61 64 34 38 66 23 81 46 32 86 80 41 63 19 4,118494,354,160560,67813400,137482
sko90,steepest,10 78 60 39 51 75 47 26 33 85 70 58 43 22 83 87 74 29 30 21 68 16 56 8 48 88 9 6 1 63 59 37 40 14 67 3 15 31 69 81 24 18 20 12 5 36 0 61 54 52 7 77 57 65 89 28 2 38 34 23 71 13 62 35 64 80 50 42 32 41 86 73 79 53 27 46 55 84 82 4 19 11 76 49 72 25 45 44 17 66,118394,93,376470,86762400,136222
sko90,greedy,7 23 25 53 17 44 45 74 47 85 71 73 54 82 84 42 27 48 55 49 72 57 89 77 50 2 87 59 29 30 0 9 88 12 67 15 6 69 35 8 20 80 37 13 62 65 79 18 14 40 38 28 3 60 5 83 36 64 11 58 41 61 31 34 51 32 46 56 68 75 66 1 81 16 39 76 43 26 70 33 4 63 52 24 19 86 78 10 22 21,117242,409,70594,19569200,136384
sko90,randomWalk,60 68 18 20 55 11 78 22 48 25 30 75 3 39 69 26 35 45 19 62 63 2 59 9 5 52 56 64 53 80 13 73 7 88 37 8 67 84 54 10 40 83 58 4 71 27 89 44 79 38 6 70 21 43 1 0 32 16 77 76 14 50 28 33 46 36 74 86 47 51 15 34 82 85 81 24 29 87 17 42 72 66 65 23 41 31 57 61 49 12,132002,347451,347451,96853700,135144
sko90,random,83 71 53 64 12 54 30 80 29 78 68 62 42 61 27 86 69 46 59 76 63 47 88 4 77 48 58 40 8 7 6 19 3 89 22 60 18 9 51 66 44 84 82 33 14 26 67 55 38 57 0 34 17 41 81 10 73 52 43 85 87 37 13 11 49 23 15 74 24 45 21 25 31 50 16 75 39 28 5 56 65 79 35 36 72 32 20 2 70 1,132338,14442,14442,94180100,137854
sko90,heuristic,85 68 23 20 32 9 44 71 24 21 10 57 48 46 77 79 55 76 52 86 26 38 64 59 13 56 6 34 58 81 47 60 37 88 89 35 50 11 18 78 74 83 80 36 5 2 67 87 15 40 73 0 16 14 27 62 3 12 72 8 75 45 61 65 82 84 43 42 29 41 7 17 53 39 31 28 70 54 22 19 66 49 1 25 51 69 63 30 33 4,131136,0,1,0,134994
sko90,simulatedAnnealing,21 70 33 58 22 37 29 8 26 85 78 68 56 43 57 18 6 87 75 40 10 76 39 60 50 35 48 74 51 47 73 11 77 62 27 12 79 55 42 49 24 16 13 5 67 36 2 14 15 30 63 59 83 65 20 0 69 54 81 52 9 72 88 53 89 28 64 34 31 61 86 19 80 82 3 46 84 38 32 1 4 66 17 45 25 71 7 44 23 41,116104,666666,668668,183054900,137784
sko90,tabuSearch,66 17 44 23 10 76 25 48 45 26 4 70 29 59 11 16 73 68 74 78 63 49 9 80 39 72 89 77 83 19 47 58 55 35 62 88 27 82 53 79 30 54 3 65 50 13 5 56 84 86 33 69 46 28 14 6 2 18 87 64 22 60 52 0 42 67 12 36 31 81 21 1 41 20 43 34 38 15 51 32 85 24 8 7 57 61 37 71 40 75,118084,614,276966,112260000,136672
sko90,steepest,17 10 59 66 9 4 63 86 68 24 58 29 8 22 80 46 11 30 70 33 44 83 3 60 65 82 39 56 73 78 47 25 88 35 53 62 77 14 16 49 55 48 89 67 72 27 28 79 76 52 45 74 84 64 69 5 36 6 18 12 26 87 54 2 0 50 13 20 15 42 85 51 37 31 61 34 21 43 40 81 7 23 71 38 19 32 41 57 75 1,118244,99,400500,101198200,136988
sko90,greedy,4 66 23 7 0 45 71 38 19 32 17 46 80 25 72 28 41 34 61 31 86 82 3 57 89 53 88 84 44 81 60 83 39 65 5 36 67 64 51 75 73 43 77 62 13 12 2 27 87 26 78 56 16 37 50 18 6 79 15 40 58 70 59 29 76 35 48 55 74 42 24 22 10 11 20 14 52 54 8 49 21 33 63 68 9 69 1 30 47 85,116950,455,134633,31965700,136888
sko90,randomWalk,51 44 47 23 45 16 77 29 83 25 31 46 19 59 62 87 10 56 43 53 41 5 72 74 54 70 11 68 0 48 7 35 61 58 30 21 85 79 64 17 71 27 89 2 76 88 80 75 65 9 20 36 84 3 28 40 12 37 42 69 82 34 6 4 73 57 67 60 39 49 33 50 24 18 13 26 14 66 8 78 52 1 38 32 63 81 15 86 55 22,132012,371247,371247,101755500,134306
sko90,random,26 53 8 62 54 17 70 55 61 72 75 44 42 1 56 11 51 34 37 81 46 24 45 60 85 79 19 13 69 35 6 15 39 73 78 68 83 21 29 58 38 18 41 47 32 20 33 2 31 12 0 66 48 84 71 63 49 77 10 40 28 9 57 52 76 87 5 64 27 3 14 59 36 50 4 74 7 22 30 88 67 82 23 16 25 86 89 80 65 43,132296,15928,15928,102518700,139588
sko90,heuristic,85 68 23 20 32 9 44 71 24 21 10 57 48 46 77 79 55 76 52 86 26 38 64 59 13 56 6 34 58 81 47 60 37 88 89 35 50 11 18 78 74 83 80 36 5 2 67 87 15 40 73 0 16 14 27 62 3 12 72 8 75 45 61 65 82 84 43 42 29 41 7 17 53 39 31 28 70 54 22 19 66 49 1 25 51 69 63 30 33 4,131136,0,1,0,135082
sko90,simulatedAnnealing,78 73 7 40 51 75 60 87 26 85 24 57 37 62 15 43 39 58 74 47 81 52 42 56 79 65 83 8 70 49 68 76 12 18 14 6 27 48 22 55 16 11 13 77 2 36 50 35 29 33 86 28 0 5 64 46 3 67 69 21 63 1 20 80 54 82 88 89 9 30 66 61 72 38 31 34 53 59 10 44 4 41 23 71 19 32 84 25 45 17,116026,656656,658658,178462400,139088
sko90,tabuSearch,10 17 59 20 48 25 71 45 23 7 22 58 29 30 37 89 67 74 47 49 33 70 80 9 14 35 8 44 55 40 60 73 83 82 3 53 88 84 57 85 21 43 77 65 69 72 27 50 62 42 39 56 11 46 36 13 2 0 79 75 24 16 68 5 18 12 6 54 87 51 66 78 76 86 28 64 34 61 19 15 4 63 26 1 52 41 38 31 32 81,117574,719,325134,127127400,137986
sko90,steepest,4 63 41 80 66 9 68 59 17 23 78 86 16 19 76 54 11 29 44 10 81 42 62 13 56 77 79 2 48 74 73 28 53 64 82 72 27 89 25 45 20 57 12 84 5 14 18 35 37 55 15 0 65 61 40 88 50 67 8 7 75 69 32 34 38 31 6 71 87 85 1 3 46 51 36 83 70 30 49 47 24 52 60 39 43 21 33 22 58 26,117928,112,452565,106894800,137384
sko90,greedy,26 47 58 39 43 81 85 60 52 63 74 87 83 65 57 31 53 3 28 1 23 49 62 72 88 42 12 54 41 66 55 79 89 27 5 18 14 6 38 30 25 48 2 50 77 56 15 82 34 16 44 19 76 13 80 0 32 84 61 86 45 29 37 11 67 64 36 73 24 78 17 68 59 35 9 40 46 70 22 33 10 7 51 71 8 75 69 20 21 4,118636,375,44851,6059300,136258
sko90,randomWalk,30 13 55 88 47 76 69 14 57 68 40 25 5 10 59 86 48 70 62 29 49 9 8 75 0 38 80 19 22 81 36 58 82 27 87 67 77 65 79 35 20 42 73 85 37 3 34 2 71 64 72 17 83 44 89 7 51 6 46 74 45 26 43 61 56 54 39 32 24 31 33 53 23 15 66 18 11 41 84 63 12 4 78 52 50 60 21 28 16 1,132112,413756,413756,114162700,136136
sko90,random,86 16 70 48 64 81 71 14 47 53 89 36 20 2 40 24 22 46 31 51 57 26 23 3 66 54 37 82 45 39 44 84 41 0 6 17 77 34 33 32 43 76 78 80 12 59 61 29 75 68 15 60 55 28 5 72 58 35 74 85 4 65 13 7 27 88 79 52 8 62 50 9 63 1 69 87 10 67 49 83 73 25 11 30 21 42 18 56 38 19,132816,17976,17976,115605800,136128
sko90,heuristic,85 68 23 20 32 9 44 71 24 21 10 57 48 46 77 79 55 76 52 86 26 38 64 59 13 56 6 34 58 81 47 60 37 88 89 35 50 11 18 78 74 83 80 36 5 2 67 87 15 40 73 0 16 14 27 62 3 12 72 8 75 45 61 65 82 84 43 42 29 41 7 17 53 39 31 28 70 54 22 19 66 49 1 25 51 69 63 30 33 4,131136,0,1,0,138550
sko90,simulatedAnnealing,33 21 69 19 32 46 38 71 66 4 30 17 54 64 84 34 61 3 86 41 22 9 88 67 31 82 80 72 63 1 29 44 35 36 6 27 89 25 28 52 70 59 48 45 50 5 77 53 16 23 68 55 14 11 2 18 13 12 0 81 49 8 10 79 15 65 62 20 76 42 47 74 87 83 51 56 39 73 78 24 85 58 26 40 75 43 37 60 57 7,115974,674674,676676,188028100,134732
sko90,tabuSearch,30 47 29 33 21 85 68 58 70 26 49 74 48 22 69 87 83 40 43 75 44 55 8 35 36 79 14 59 56 10 17 27 9 46 2 6 18 65 62 39 45 82 11 67 50 15 5 37 60 51 25 53 89 88 13 77 12 16 73 78 72 84 64 80 42 32 76 20 57 81 4 86 3 71 0 31 28 63 1 7 66 54 19 38 61 34 52 41 24 23,117172,462,208728,69670700,137062
sko90,steepest,85 60 58 39 83 47 44 49 74 26 7 51 87 43 65 62 17 55 45 10 37 8 53 56 5 27 79 42 40 78 57 12 82 18 14 2 13 77 11 68 32 54 46 6 36 15 25 50 48 29 81 52 31 71 64 89 67 35 76 19 23 28 3 84 88 72 59 73 75 69 41 63 1 34 0 9 20 16 22 70 4 66 24 38 61 80 30 86 33 21,118248,114,460575,140885700,135466
sko90,greedy,7 45 25 73 53 83 60 24 17 4 23 72 37 77 82 65 59 58 80 66 57 20 89 62 5 43 56 39 16 10 71 13 88 27 18 3 28 11 70 33 38 34 67 50 36 46 35 68 22 76 41 84 1 2 6 14 48 44 9 63 19 61 40 79 64 52 8 55 30 86 31 51 15 54 12 87 74 47 29 78 32 0 75 42 81 69 85 49 26 21,117980,373,73661,21074900,135970
sko90,randomWalk,41 22 33 62 70 38 74 30 17 66 54 15 23 73 12 40 48 37 83 88 0 43 1 16 57 63 82 34 42 44 45 50 80 77 14 49 85 68 47 46 25 32 78 18 26 72 87 2 84 36 76 52 10 13 31 3 5 6 4 55 60 81 65 19 59 28 27 79 35 86 7 9 51 61 64 8 53 39 67 58 20 75 29 21 69 71 89 56 11 24,131720,528568,528568,141259400,137332
sko90,random,17 45 1 56 34 64 57 73 13 25 22 62 74 81 86 47 80 24 43 35 5 27 29 23 9 61 41 88 7 32 37 10 16 69 31 59 50 8 42 82 87 33 68 55 18 12 60 51 78 28 63 4 48 38 20 72 36 40 76 44 52 77 54 46 70 15 66 0 67 75 11 26 85 53 58 3 2 89 71 19 30 65 79 39 83 49 6 84 14 21,132312,22268,22268,141492200,136062
sko90,heuristic,85 68 23 20 32 9 44 71 24 21 10 57 48 46 77 79 55 76 52 86 26 38 64 59 13 56 6 34 58 81 47 60 37 88 89 35 50 11 18 78 74 83 80 36 5 2 67 87 15 40 73 0 16 14 27 62 3 12 72 8 75 45 61 65 82 84 43 42 29 41 7 17 53 39 31 28 70 54 22 19 66 49 1 25 51 69 63 30 33 4,131136,0,1,0,138234
sko90,simulatedAnnealing,78 73 57 42 79 15 86 19 24 52 75 43 60 62 56 39 76 10 63 81 40 37 12 77 51 13 16 20 61 7 68 11 18 65 5 32 64 80 28 41 22 21 14 50 36 6 67 0 34 1 70 58 69 35 46 2 59 9 31 71 26 8 87 53 83 48 84 88 3 38 29 85 74 27 82 25 89 72 54 23 33 49 47 55 45 44 30 17 66 4,116476,684684,686686,188096300,137678
sko90,tabuSearch,26 68 40 45 81 51 85 7 75 23 21 71 64 36 31 61 84 34 32 41 43 18 48 67 6 2 87 0 69 57 58 37 35 14 74 47 38 44 46 53 8 56 79 55 27 13 50 88 15 28 22 11 59 5 89 83 65 72 3 25 10 76 77 49 12 39 62 20 82 60 33 70 29 30 42 16 80 9 73 1 86 78 19 17 52 24 54 63 66 4,118550,365,164574,52843800,136224
tai100b,steepest,94 32 81 51 44 95 84 36 64 19 69 86 85 46 71 28 26 47 0 93 23 13 34 6 24 39 88 79 30 70 67 61 16 96 22 35 49 14 25 18 54 37 80 59 62 87 41 66 55 58 21 12 73 1 17 9 50 52 38 76 60 10 97 72 74 99 91 89 33 4 63 92 48 68 77 40 5 2 20 56 42 27 11 90 29 57 78 83 82 8 31 3 75 15 45 43 53 98 7 65,1224215215,128,638550,163875700,1837988086
tai100b,greedy,94 32 36 4 30 52 19 88 69 64 44 98 85 24 96 55 66 99 39 72 23 65 90 35 13 33 79 81 67 77 70 60 29 26 10 93 73 9 17 62 43 71 0 37 83 84 47 51 1 63 31 59 57 75 18 14 34 2 22 48 41 46 61 16 95 92 8 25 6 80 42 11 49 12 38 50 76 87 20 86 53 28 27 5 82 45 97 3 56 15 89 91 7 68 21 78 58 54 40 74,1268846750,723,103507,18024600,1771497895
tai100b,randomWalk,75 13 65 66 25 84 44 70 52 61 64 0 80 77 88 10 47 74 24 19 96 35 39 71 7 21 41 4 18 32 87 28 40 8 14 60 42 27 94 76 53 86 26 63 49 69 20 38 33 62 72 37 23 99 67 6 92 51 12 48 55 85 79 22 81 2 16 90 30 29 34 5 97 36 98 1 54 17 89 95 91 11 68 57 46 3 31 45 83 59 58 56 82 43 15 50 93 78 9 73,1601830846,504149,504149,167763900,1750648429
tai100b,random,94 62 54 10 52 4 89 55 27 30 37 65 83 20 22 11 26 82 79 13 40 19 46 51 59 87 91 9 75 16 35 53 70 15 67 8 97 58 2 24 12 61 98 63 86 99 71 44 85 29 95 88 0 41 69 39 66 73 38 47 7 18 68 90 84 76 14 34 77 25 5 72 28 31 96 60 93 21 74 45 36 43 81 33 32 49 1 64 78 42 23 57 6 17 92 50 48 3 56 80,1590682368,20796,20796,164590400,1743058914
tai100b,heuristic,87 79 30 49 70 28 65 32 67 86 44 85 47 18 35 74 55 19 1 91 76 13 5 6 45 56 88 37 36 93 81 59 26 73 39 16 75 63 92 38 53 23 9 58 27 40 72 24 84 48 68 17 12 25 94 52 42 2 14 8 0 99 31 11 89 21 4 71 41 83 96 66 10 33 95 98 20 80 29 77 64 69 82 43 15 57 78 60 54 90 62 7 50 22 34 97 61 46 3 51,1468025063,0,1,0,1789033950
tai100b,simulatedAnnealing,47 70 33 84 65 64 51 36 44 93 1 95 26 83 63 37 94 0 31 29 62 28 48 53 58 21 88 67 30 32 79 82 59 39 74 66 49 80 16 55 24 85 35 22 34 41 96 25 18 54 61 14 10 81 5 56 77 69 19 9 40 27 75 76 57 23 38 2 52 20 46 98 50 86 71 17 60 73 42 13 43 91 8 99 45 12 89 15 97 68 11 92 4 3 78 6 90 7 72 87,1189399335,1039500,1041975,400867000,1734573537
tai100b,tabuSearch,14 32 67 94 30 85 80 88 49 79 86 28 87 72 48 4 6 52 92 8 15 93 34 73 43 56 81 69 36 64 44 63 13 77 75 1 12 59 70 95 7 74 98 5 10 33 51 91 65 42 60 47 21 54 66 82 39 25 61 46 55 0 71 19 26 23 20 50 76 9 2 40 27 17 83 38 37 53 31 16 18 41 45 24 35 62 57 99 22 89 29 78 90 97 68 3 11 96 58 84,1255200397,738,372000,153755900,1849496832
tai100b,steepest,94 77 42 4 81 52 19 32 69 5 40 98 56 99 8 67 70 79 72 6 78 14 13 25 21 39 88 47 30 36 28 50 76 96 62 0 12 74 92 23 59 48 20 35 63 41 66 18 24 58 57 55 86 87 84 27 64 53 38 17 60 9 83 80 34 65 49 37 26 16 46 54 61 22 75 7 95 2 10 1 51 85 3 93 90 82 73 15 43 91 68 29 71 45 89 33 97 11 31 44,1257083973,126,628650,227090500,1743795347
tai100b,greedy,38 32 87 65 30 64 14 88 44 52 86 80 53 48 89 72 99 4 6 56 97 69 54 26 94 85 79 47 67 36 28 10 31 45 75 29 12 74 92 3 82 68 15 42 5 2 77 8 46 78 60 19 13 51 35 70 62 33 1 41 63 34 43 49 37 17 84 73 95 93 9 40 25 0 57 50 76 20 27 98 18 91 61 71 11 55 7 66 22 59 21 39 58 96 90 24 83 16 23 81,1277876172,687,89660,24624000,1759179472
tai100b,randomWalk,14 65 84 30 2 20 27 43 79 76 64 77 40 61 9 23 5 78 38 10 33 89 82 88 85 12 32 35 49 99 67 66 26 37 93 36 57 94 87 92 47 70 16 8 98 19 81 50 18 31 80 62 52 53 34 22 24 44 75 71 58 73 69 56 59 45 1 46 83 90 48 25 17 95 11 21 97 51 13 86 42 7 41 28 29 68 72 4 63 91 74 6 39 55 60 54 15 0 3 96,1598064955,748805,748805,229444400,1766161297
tai100b,random,94 21 37 33 12 2 88 28 48 56 98 82 99 86 90 7 36 24 17 58 1 8 43 93 34 49 79 4 10 30 66 72 25 0 81 22 83 97 91 63 54 50 23 57 64 44 85 76 20 11 80 71 78 6 95 3 39 70 77 41 40 5 18 75 38 96 14 87 19 31 13 42 29 68 35 67 51 73 9 47 92 46 15 65 53 61 59 89 52 45 32 62 74 26 84 69 55 16 60 27,1619433733,29079,29079,231864800,1749837903
tai100b,heuristic,87 79 30 49 70 28 65 32 67 86 44 85 47 18 35 74 55 19 1 91 76 13 5 6 45 56 88 37 36 93 81 59 26 73 39 16 75 63 92 38 53 23 9 58 27 40 72 24 84 48 68 17 12 25 94 52 42 2 14 8 0 99 31 11 89 21 4 71 41 83 96 66 10 33 95 98 20 80 29 77 64 69 82 43 15 57 78 60 54 90 62 7 50 22 34 97 61 46 3 51,1468025063,0,1,0,1789775934
tai100b,simulatedAnnealing,84 49 47 95 65 51 33 70 1 93 26 81 64 37 31 94 16 85 0 83 71 38 78 52 50 18 88 79 30 32 67 60 56 27 46 40 36 2 19 5 10 28 42 53 57 20 77 76 14 75 23 86 98 12 34 35 90 59 7 11 29 63 92 68 99 48 74 89 91 6 97 72 4 8 9 73 43 17 13 69 80 44 22 3 24 54 45 96 55 66 41 58 82 39 61 21 25 62 15 87,1191523079,1012275,1014750,306270300,1844461324
tai100b,tabuSearch,84 65 26 80 44 69 49 36 81 47 64 25 93 45 55 94 31 0 29 37 71 77 89 40 68 78 88 67 30 32 79 15 10 72 82 52 19 85 12 74 48 9 92 42 57 6 4 8 56 99 60 38 34 98 35 28 16 22 14 59 63 11 18 50 2 76 53 91 86 27 97 75 5 20 43 1 70 13 83 51 33 95 62 17 54 90 96 7 21 39 66 3 23 41 46 58 24 61 73 87,1198044523,660,332320,132092900,1807607464
tai100b,steepest,84 88 51 32 44 69 64 36 81 1 70 25 95 93 43 47 65 26 33 13 63 76 97 38 99 4 79 19 94 67 85 48 77 56 75 40 17 73 23 5 72 58 2 27 62 9 42 10 52 60 74 0 24 28 22 98 46 14 54 61 34 55 96 53 18 12 87 66 30 86 92 57 41 50 83 11 35 16 59 80 49 37 7 82 45 8 39 3 21 90 91 6 78 15 29 89 71 31 68 20,1238681318,137,683100,176510900,1815399676
tai100b,greedy,4 67 74 68 30 81 6 88 79 52 77 98 72 24 39 16 66 55 96 41 45 13 43 63 85 94 32 64 44 65 36 73 47 93 92 26 49 59 80 28 17 12 35 9 29 51 84 95 1 0 71 33 57 14 18 20 61 25 22 54 10 75 76 91 31 38 53 34 87 86 46 83 89 37 21 58 23 3 5 99 69 48 42 27 2 19 15 56 50 78 11 90 7 82 8 60 40 97 62 70,1255674339,852,94853,24853000,1884119629
tai100b,randomWalk,32 45 26 17 37 94 38 73 93 9 52 65 72 67 42 61 27 1 40 34 89 7 39 63 88 23 53 41 0 77 81 96 22 57 46 29 74 28 54 19 24 68 44 75 15 11 62 6 51 87 92 90 82 18 3 95 49 60 43 10 47 80 16 21 2 66 70 8 85 59 33 78 4 99 12 36 50 76 86 91 20 14 64 71 5 84 25 83 97 13 31 56 35 98 55 79 48 30 69 58,1606090040,591589,591589,177989300,1842814608
tai100b,random,59 65 73 26 97 86 16 49 22 92 14 31 39 25 71 11 81 78 17 48 41 83 45 13 67 35 90 34 82 84 70 19 62 7 27 89 30 79 99 56 53 3 51 66 68 95 24 91 33 4 96 42 63 38 36 8 10 5 60 43 64 55 93 2 46 18 37 87 88 6 98 94 0 23 40 15 47 28 29 58 72 12 54 32 20 21 77 76 52 50 9 44 61 69 57 85 75 74 1 80,1614532939,22470,22470,178724200,1858501419
tai100b,heuristic,87 79 30 49 70 28 65 32 67 86 44 85 47 18 35 74 55 19 1 91 76 13 5 6 45 56 88 37 36 93 81 59 26 73 39 16 75 63 92 38 53 23 9 58 27 40 72 24 84 48 68 17 12 25 94 52 42 2 14 8 0 99 31 11 89 21 4 71 41 83 96 66 10 33 95 98 20 80 29 77 64 69 82 43 15 57 78 60 54 90 62 7 50 22 34 97 61 46 3 51,1468025063,0,1,0,1761088962
tai100b,simulatedAnnealing,84 70 33 47 65 93 64 36 44 51 1 26 95 2 76 77 94 81 20 19 23 41 58 59 6 68 88 67 30 32 79 46 38 92 50 86 98 72 52 53 48 89 4 18 21 12 85 28 74 82 8 14 73 29 71 17 62 0 43 9 10 60 37 66 16 24 80 25 49 35 54 39 55 96 40 42 56 5 27 91 69 13 78 34 75 15 63 99 31 45 97 57 22 3 11 83 7 90 61 87,1189724024,1098900,1101375,346286700,1724424868
tai100b,tabuSearch,69 64 80 47 44 26 81 36 49 65 84 25 93 85 31 19 94 83 37 29 0 53 40 18 66 55 88 30 32 67 79 78 2 99 46 77 56 3 15 8 42 45 21 48 6 4 72 52 38 39 97 87 34 73 95 70 16 35 59 43 1 13 22 41 57 58 24 74 28 54 96 75 14 50 33 9 98 7 63 51 91 17 82 61 23 89 12 62 10 76 27 60 68 11 5 90 71 92 20 86,1219360594,462,233120,91307400,1803066681
tai100b,steepest,33 81 84 44 26 64 49 47 65 51 93 36 1 31 16 37 63 70 83 13 43 74 58 12 54 96 88 79 30 32 67 50 0 24 38 18 86 29 53 62 99 89 98 25 39 66 41 55 14 22 57 28 56 77 10 42 27 40 5 91 60 19 23 6 59 48 52 8 20 4 46 68 72 92 73 17 80 9 94 95 85 69 61 97 90 34 78 35 2 3 11 21 82 15 45 75 71 7 76 87,1205962132,171,851400,212630900,1811807260
tai100b,greedy,26 36 84 70 64 1 33 65 51 47 44 49 93 72 48 52 4 98 99 92 66 8 82 6 56 2 88 67 30 37 32 57 14 53 22 87 85 41 16 28 38 75 18 42 83 20 94 19 76 50 46 77 9 17 12 29 25 73 90 62 74 59 89 11 27 68 80 35 81 69 78 40 97 5 63 7 79 91 0 13 95 43 31 61 10 96 60 23 71 15 55 54 39 58 45 3 34 24 21 86,1221325291,731,88228,20930300,1770866493
tai100b,randomWalk,14 94 65 98 16 29 75 64 69 18 80 28 81 70 4 62 36 56 11 34 67 12 2 39 57 74 47 41 72 52 26 76 31 96 49 45 48 73 59 61 32 33 55 50 53 13 66 15 90 9 37 58 21 54 1 22 35 79 93 5 84 95 38 43 23 78 0 83 91 7 27 19 82 24 88 46 42 71 30 77 51 20 97 68 8 92 85 40 10 60 44 3 99 6 25 63 17 87 86 89,1587749498,704866,704866,216019500,1746802472
tai100b,random,76 68 20 72 18 32 9 73 45 80 10 95 82 25 79 47 30 51 41 12 90 63 31 7 62 1 44 77 97 59 89 34 71 33 53 26 6 91 99 48 8 69 61 21 67 14 23 70 57 96 0 43 58 24 60 11 93 86 84 65 81 17 98 2 22 15 39 3 50 28 13 38 36 4 83 42 49 55 35 54 66 27 75 92 19 74 40 78 16 37 87 5 56 52 85 29 64 46 88 94,1626259662,26443,26443,212976500,1802375459
tai100b,heuristic,87 79 30 49 70 28 65 32 67 86 44 85 47 18 35 74 55 19 1 91 76 13 5 6 45 56 88 37 36 93 81 59 26 73 39 16 75 63 92 38 53 23 9 58 27 40 72 24 84 48 68 17 12 25 94 52 42 2 14 8 0 99 31 11 89 21 4 71 41 83 96 66 10 33 95 98 20 80 29 77 64 69 82 43 15 57 78 60 54 90 62 7 50 22 34 97 61 46 3 51,1468025063,0,1,0,1866192043
tai100b,simulatedAnnealing,80 65 49 69 64 81 84 44 36 47 26 25 93 29 55 83 16 37 31 63 24 52 15 74 78 2 88 79 30 32 67 76 27 42 50 40 86 38 89 5 97 53 91 68 20 72 77 56 8 99 57 6 98 14 73 17 0 28 22 71 34 43 7 85 4 10 19 9 94 12 75 48 82 92 13 1 35 70 59 51 33 95 39 60 61 45 62 23 41 66 46 3 18 58 96 21 54 11 90 87,1191566520,1118700,1121175,354934300,1803716778
tai100b,tabuSearch,91 1 98 77 70 32 81 13 65 33 51 86 53 55 72 9 99 47 10 52 38 87 16 78 49 42 79 44 30 88 67 71 95 23 60 84 0 40 17 26 73 27 93 28 11 19 20 56 76 25 5 69 68 94 92 82 43 85 3 45 74 12 34 21 2 35 80 48 6 64 46 97 14 8 29 4 31 37 15 89 83 63 66 24 22 59 96 18 54 62 50 41 61 58 7 39 90 57 75 36,1286572483,366,183520,77832700,1842498115
tai100b,steepest,0 36 12 94 64 79 74 44 70 92 65 85 29 93 3 77 46 2 28 8 43 25 73 26 57 50 88 67 30 81 32 23 56 27 58 40 37 10 19 5 20 60 42 22 17 86 69 53 98 76 54 14 68 48 90 89 6 4 72 75 62 82 80 95 38 51 41 16 18 49 1 52 84 47 15 9 33 31 7 13 63 91 97 59 83 71 61 24 66 21 99 96 34 39 11 55 78 45 35 87,1277237646,148,737550,189699000,1857074759
tai100b,greedy,26 70 49 81 30 79 47 88 67 51 1 84 95 42 56 16 83 37 19 8 11 2 34 17 82 71 36 65 44 32 64 57 18 14 48 0 99 55 66 62 24 72 41 60 75 29 94 31 85 39 15 46 53 68 87 38 89 74 86 90 92 12 5 63 13 7 33 77 91 93 10 43 9 73 69 6 4 80 52 59 35 98 54 25 40 23 45 58 27 76 96 21 61 22 50 20 97 78 3 28,1248675404,721,66600,10477400,1756113212
tai100b,randomWalk,24 47 86 6 45 28 93 70 84 33 44 98 4 75 2 83 96 41 87 78 36 18 11 32 99 57 16 49 77 63 1 3 51 81 42 46 9 48 90 20 80 10 82 91 40 12 58 68 52 74 89 95 69 35 0 15 14 29 54 92 59 43 17 94 5 22 72 21 79 60 76 23 19 7 65 62 71 39 53 67 64 37 61 8 27 97 66 13 85 88 56 25 26 31 55 50 73 38 34 30,1591008784,644366,644366,197150900,1800265970
tai100b,random,8 65 61 31 32 41 24 55 99 26 45 1 49 54 79 5 14 47 23 95 77 98 11 20 82 76 43 83 19 30 40 87 36 50 60 92 68 91 51 84 90 85 2 16 46 4 25 42 89 18 70 15 56 75 3 97 73 93 94 72 62 39 48 33 12 57 35 78 29 81 86 0 10 64 38 28 7 69 58 9 44 66 22 80 67 53 52 37 6 21 59 96 17 27 63 34 74 13 88 71,1621375031,25204,25204,198589500,1770427028
tai100b,heuristic,87 79 30 49 70 28 65 32 67 86 44 85 47 18 35 74 55 19 1 91 76 13 5 6 45 56 88 37 36 93 81 59 26 73 39 16 75 63 92 38 53 23 9 58 27 40 72 24 84 48 68 17 12 25 94 52 42 2 14 8 0 99 31 11 89 21 4 71 41 83 96 66 10 33 95 98 20 80 29 77 64 69 82 43 15 57 78 60 54 90 62 7 50 22 34 97 61 46 3 51,1468025063,0,1,0,1777387204
tai100b,simulatedAnnealing,84 49 81 36 80 44 69 65 64 47 26 25 93 83 63 37 29 70 31 13 43 28 55 14 82 48 88 67 30 32 79 3 72 74 45 4 77 8 12 6 68 15 92 85 21 86 52 38 53 89 99 98 27 73 5 40 10 17 60 71 56 42 34 57 41 22 76 23 20 50 58 16 75 18 91 95 94 1 0 33 51 19 2 54 11 46 35 78 24 61 7 59 39 97 90 66 62 9 96 87,1189803865,1069200,1071675,392991500,1840786503
tai100b,tabuSearch,53 70 51 16 86 49 83 32 37 85 1 80 98 76 10 20 56 19 27 42 60 4 78 21 3 58 88 67 30 81 79 93 33 91 73 69 47 26 40 65 23 17 5 99 12 77 2 89 68 97 45 74 84 25 41 64 0 36 44 62 9 29 61 15 72 66 28 46 8 92 55 48 82 39 52 95 14 38 31 94 87 18 13 54 34 43 90 75 11 35 63 57 24 59 7 22 50 71 96 6,1278911051,641,322400,111277700,1831134256
tai100b,steepest,11 70 51 44 69 36 95 81 84 37 1 64 83 35 5 77 40 32 80 42 56 85 50 20 58 25 88 67 30 28 79 82 16 39 61 55 74 12 59 24 21 92 49 22 18 41 66 96 87 54 57 14 29 9 31 71 90 17 73 7 62 60 26 46 75 8 94 0 19 2 72 48 76 23 27 63 13 91 43 33 65 93 45 86 98 15 89 3 38 4 78 68 99 6 52 53 34 10 97 47,1236251322,136,678150,177614100,1761346580
tai100b,greedy,51 81 95 47 44 28 84 36 64 19 69 26 94 35 8 80 92 65 12 4 15 20 72 1 58 74 88 79 30 32 67 39 0 62 59 41 16 55 49 66 96 24 25 23 50 18 87 14 99 54 48 57 7 2 63 46 17 85 9 11 83 37 75 56 76 10 42 5 77 40 71 13 60 27 45 53 86 38 31 98 52 29 6 78 73 22 93 21 43 91 61 34 97 68 33 3 90 89 82 70,1237558720,768,90251,22723100,1761660713
tai100b,randomWalk,0 85 42 32 67 47 94 26 71 45 55 18 16 43 20 44 76 64 30 81 2 33 89 51 38 10 1 24 61 70 39 96 48 15 74 66 35 91 56 62 11 19 12 84 88 97 90 98 6 41 75 72 52 57 9 36 68 99 31 93 4 58 27 46 69 59 95 87 37 25 80 79 63 82 77 73 49 86 29 28 23 21 5 92 14 34 7 50 53 22 83 40 8 78 65 17 54 3 60 13,1593346832,617079,617079,185029700,1805352965
tai100b,random,7 15 64 88 85 20 16 45 62 50 94 98 99 31 76 79 8 38 43 11 13 25 6 12 69 70 80 58 92 93 66 81 71 29 44 22 3 55 48 2 5 72 21 90 51 1 18 96 97 87 17 27 63 9 91 95 10 36 24 30 73 56 0 33 42 37 77 86 53 78 19 82 54 60 34 41 57 89 84 68 39 74 52 65 46 32 23 61 28 75 4 59 35 47 26 40 14 67 49 83,1599198548,18274,18274,179064200,1790757596
tai100b,heuristic,87 79 30 49 70 28 65 32 67 86 44 85 47 18 35 74 55 19 1 91 76 13 5 6 45 56 88 37 36 93 81 59 26 73 39 16 75 63 92 38 53 23 9 58 27 40 72 24 84 48 68 17 12 25 94 52 42 2 14 8 0 99 31 11 89 21 4 71 41 83 96 66 10 33 95 98 20 80 29 77 64 69 82 43 15 57 78 60 54 90 62 7 50 22 34 97 61 46 3 51,1468025063,0,1,0,1781748056
tai100b,simulatedAnnealing,95 70 51 81 64 36 84 65 44 33 1 69 93 83 31 85 0 94 37 29 63 14 48 86 22 58 88 67 30 32 79 54 55 96 61 35 49 80 16 66 39 24 25 57 34 12 59 41 74 21 92 18 5 91 42 56 77 27 40 71 10 60 75 50 28 6 76 23 20 38 4 98 52 53 73 17 43 9 13 26 47 19 3 8 90 82 2 99 97 78 11 15 72 68 45 89 7 62 46 87,1188040052,1089000,1091475,395716700,1803472855
tai100b,tabuSearch,84 36 64 95 94 19 86 85 32 9 44 52 38 41 22 30 18 88 57 98 34 13 48 6 83 61 70 92 65 80 12 54 66 74 58 79 49 25 16 96 24 67 55 63 91 37 59 51 1 39 21 33 20 0 23 76 10 27 71 60 50 53 42 2 46 40 81 5 69 77 97 8 11 4 26 93 87 47 73 28 14 17 99 89 45 68 56 3 75 82 62 31 15 78 29 90 7 43 72 35,1277943114,702,352160,145532200,1776633635
tai100b,steepest,38 85 17 79 32 67 86 88 30 9 73 87 52 46 8 94 36 19 2 20 76 44 35 13 92 61 28 49 47 93 26 21 45 24 3 55 37 29 31 63 39 15 83 12 41 0 16 66 80 54 96 25 5 69 27 77 50 81 40 57 56 42 95 33 14 51 70 84 1 64 62 18 91 43 99 6 10 72 60 98 4 53 74 7 48 58 97 71 78 89 82 22 59 11 68 90 23 75 34 65,1245107017,155,772200,237318000,1792035378
tai100b,greedy,41 32 87 49 30 79 16 88 67 18 14 80 25 75 48 85 76 20 23 74 82 84 90 26 31 29 36 65 44 70 64 52 19 0 10 94 27 40 56 60 62 5 42 43 45 33 1 91 51 71 7 93 96 66 59 35 24 55 39 54 58 21 38 73 95 83 69 37 81 17 11 63 9 47 50 98 22 53 34 28 86 57 68 46 4 78 61 97 12 3 77 2 89 15 6 92 72 99 8 13,1228808291,755,112153,22471400,1789672784
tai100b,randomWalk,29 80 20 16 73 63 83 93 28 47 42 88 0 59 41 95 74 64 98 39 70 67 90 68 1 62 32 37 12 50 54 65 35 3 45 21 10 53 6 46 11 24 38 86 5 43 84 60 4 99 66 96 40 23 8 77 56 76 87 49 17 19 61 13 75 52 30 15 33 55 18 69 14 36 78 79 9 97 26 85 94 2 51 92 81 34 7 91 58 57 31 82 22 72 71 25 48 27 89 44,1600104336,778843,778843,237321700,1797221967
tai100b,random,31 80 45 35 18 68 90 79 22 97 2 92 33 21 74 73 61 77 78 46 89 98 67 49 12 52 56 25 13 82 84 69 70 42 54 38 48 40 60 9 88 28 3 95 34 27 11 37 96 10 24 62 7 86 0 47 94 87 23 20 91 72 58 16 6 51 29 59 57 19 53 50 43 14 26 44 71 66 83 64 8 81 55 17 75 5 65 99 39 85 93 15 36 63 1 4 30 76 41 32,1617767720,30318,30318,238336000,1888902584
tai100b,heuristic,87 79 30 49 70 28 65 32 67 86 44 85 47 18 35 74 55 19 1 91 76 13 5 6 45 56 88 37 36 93 81 59 26 73 39 16 75 63 92 38 53 23 9 58 27 40 72 24 84 48 68 17 12 25 94 52 42 2 14 8 0 99 31 11 89 21 4 71 41 83 96 66 10 33 95 98 20 80 29 77 64 69 82 43 15 57 78 60 54 90 62 7 50 22 34 97 61 46 3 51,1468025063,0,1,0,1738171338
tai100b,simulatedAnnealing,93 70 33 84 64 51 1 44 36 13 65 95 43 28 83 85 31 94 37 9 63 6 34 53 23 92 88 67 30 32 79 54 66 35 39 41 49 80 16 96 25 24 55 48 57 14 59 18 12 58 22 74 40 69 42 27 19 56 5 10 62 60 76 52 68 50 77 20 81 86 72 4 38 98 29 71 17 0 73 26 47 91 8 97 2 82 78 61 45 75 46 21 99 15 11 3 90 7 89 87,1192694595,1093950,1096425,332837700,1816953185
tai100b,tabuSearch,84 47 49 95 65 51 33 70 1 93 26 81 64 74 59 36 69 44 12 35 34 86 78 38 48 4 88 79 30 32 67 10 5 72 60 56 77 19 42 75 8 2 40 99 57 20 27 6 76 23 97 52 31 37 16 83 25 0 29 71 91 63 24 62 50 18 28 55 14 41 39 53 66 96 9 85 94 73 43 80 17 13 15 22 90 3 89 21 98 82 92 58 68 46 61 45 7 11 54 87,1200497520,705,357120,133409800,1758151029
tai100b,steepest,33 70 1 81 44 65 84 36 64 95 51 98 91 66 48 87 24 13 0 63 62 85 82 73 58 23 88 26 49 28 47 96 41 57 39 18 99 56 72 76 50 55 14 25 42 30 20 16 67 22 54 19 52 53 6 4 35 86 38 27 90 89 10 9 94 37 80 60 69 17 8 46 93 2 74 79 7 59 68 92 12 29 71 5 83 21 43 75 45 15 34 61 40 3 31 77 11 97 78 32,1247603546,126,628650,160693400,1803145362
tai100b,greedy,20 86 98 29 67 77 74 79 81 87 53 0 76 24 39 80 65 49 55 69 33 70 78 1 73 45 88 36 30 44 32 2 46 26 8 28 37 83 31 13 71 16 63 17 9 85 47 93 94 43 82 19 97 5 62 50 91 27 40 89 23 99 75 56 84 7 52 6 38 95 10 60 42 51 96 66 48 59 72 12 92 4 25 68 58 15 35 61 57 22 54 3 11 21 14 34 18 41 90 64,1309363799,617,92679,25718200,1770374468
tai100b,randomWalk,67 98 47 28 1 18 20 70 57 88 93 26 30 25 40 89 99 72 77 45 97 9 43 22 59 58 29 64 85 56 36 2 60 71 51 0 78 90 3 41 66 62 73 17 23 55 32 8 37 65 10 79 16 96 61 27 33 84 74 4 35 91 82 87 15 13 14 31 48 83 94 54 5 52 95 63 86 46 7 50 42 75 53 12 38 24 69 39 6 11 92 44 76 19 34 21 80 68 49 81,1583036556,571722,571722,165382400,1796531531
tai100b,random,56 47 2 9 22 28 40 53 83 96 82 42 7 64 18 16 85 62 46 98 38 39 91 80 37 48 23 51 26 76 69 50 4 27 49 94 17 99 43 5 71 60 20 59 65 86 14 77 66 21 54 10 11 24 15 63 29 78 72 44 25 97 13 0 68 57 81 70 36 87 90 73 61 79 89 74 3 35 34 92 41 95 67 12 6 33 31 52 84 32 19 93 30 88 1 45 8 75 55 58,1630092486,20347,20347,161961400,1776152500
tai100b,heuristic,87 79 30 49 70 28 65 32 67 86 44 85 47 18 35 74 55 19 1 91 76 13 5 6 45 56 88 37 36 93 81 59 26 73 39 16 75 63 92 38 53 23 9 58 27 40 72 24 84 48 68 17 12 25 94 52 42 2 14 8 0 99 31 11 89 21 4 71 41 83 96 66 10 33 95 98 20 80 29 77 64 69 82 43 15 57 78 60 54 90 62 7 50 22 34 97 61 46 3 51,1468025063,0,1,0,1816022978
tai100b,simulatedAnnealing,84 70 33 26 44 47 64 36 65 51 1 49 93 18 62 14 85 28 41 94 24 69 75 6 5 40 88 79 30 32 67 10 50 19 60 76 87 53 86 27 57 98 38 2 97 52 20 56 42 99 78 77 16 35 83 37 59 80 95 34 31 63 11 91 72 92 74 90 12 68 48 4 89 8 0 71 43 9 29 17 73 13 54 15 25 23 61 58 7 39 22 46 45 82 96 21 66 55 3 81,1191173476,1069200,1071675,324910100,1752849809
tai100b,tabuSearch,98 94 85 4 32 81 52 19 69 44 36 86 64 99 9 23 18 48 10 75 7 1 74 83 24 96 88 70 67 79 30 22 0 13 58 66 41 62 65 93 43 73 33 54 39 47 26 45 55 25 61 16 20 14 28 76 8 87 38 46 50 53 34 35 63 11 95 84 80 51 21 59 6 37 56 27 42 72 40 2 5 77 90 31 97 3 17 57 92 15 60 71 78 91 12 68 29 89 82 49,1245008523,690,347200,131436800,1797553212
tai100b,steepest,0 28 26 37 44 49 25 36 32 93 47 70 29 53 57 81 76 98 50 18 84 74 78 12 72 4 88 79 30 85 67 97 40 5 99 42 20 87 86 56 91 38 27 6 8 19 77 69 52 89 2 68 54 39 55 24 96 66 61 41 16 22 59 17 48 21 80 35 65 73 82 23 58 92 34 63 13 83 71 14 31 46 60 15 33 10 43 75 64 11 95 9 90 7 62 45 1 51 3 94,1248338930,137,683100,172843600,1817613756
tai100b,greedy,38 81 53 52 30 67 98 88 79 87 86 4 6 33 13 70 51 1 84 95 59 28 34 85 24 55 32 64 44 65 36 31 0 25 83 37 93 29 47 35 66 62 26 54 61 16 49 41 18 96 22 14 48 8 68 74 78 92 12 97 91 89 50 2 39 57 20 76 19 94 15 21 46 82 42 5 27 40 56 77 69 72 11 3 75 43 10 73 99 60 63 71 58 17 9 45 7 90 23 80,1225862490,880,137386,35647200,1799294729
tai100b,randomWalk,44 24 88 93 12 70 66 74 39 84 77 49 55 42 27 68 33 9 47 41 96 92 90 80 79 69 63 85 17 20 73 71 38 98 29 31 45 83 65 14 43 99 97 36 62 15 35 34 22 82 60 86 52 94 1 51 5 56 67 91 40 87 61 19 28 46 58 23 7 78 95 13 81 25 76 30 59 26 72 0 64 10 6 89 2 57 3 18 16 50 21 11 4 32 53 48 75 54 37 8,1592688199,606705,606705,180371700,1792056633
tai100b,random,75 86 82 24 87 52 45 51 81 77 58 72 33 57 89 8 17 66 18 48 41 65 4 50 5 61 29 19 30 10 11 60 6 93 0 37 9 31 55 74 83 20 38 47 62 2 91 7 98 54 14 88 43 79 39 73 97 53 67 84 3 12 69 68 90 32 15 25 35 13 92 49 16 27 95 71 22 28 26 23 40 34 80 94 46 1 56 59 36 70 85 76 42 64 96 63 21 99 44 78,1614619313,22304,22304,174823100,1803964307
tai100b,heuristic,87 79 30 49 70 28 65 32 67 86 44 85 47 18 35 74 55 19 1 91 76 13 5 6 45 56 88 37 36 93 81 59 26 73 39 16 75 63 92 38 53 23 9 58 27 40 72 24 84 48 68 17 12 25 94 52 42 2 14 8 0 99 31 11 89 21 4 71 41 83 96 66 10 33 95 98 20 80 29 77 64 69 82 43 15 57 78 60 54 90 62 7 50 22 34 97 61 46 3 51,1468025063,0,1,0,1717615179
tai100b,simulatedAnnealing,93 64 33 70 44 1 84 36 51 47 65 95 26 83 31 80 94 49 37 19 63 98 41 57 89 85 88 67 30 32 79 3 12 52 99 72 28 46 8 92 15 2 77 48 38 6 4 74 68 82 21 86 60 73 62 0 9 17 71 10 29 43 34 14 53 22 76 23 20 18 58 87 75 50 56 5 40 42 27 91 69 13 16 96 11 97 24 61 35 55 45 39 25 66 78 59 90 7 54 81,1192223923,1106325,1108800,334904100,1781591784
tai100b,tabuSearch,80 81 65 93 44 49 26 36 47 84 64 25 69 98 63 13 29 70 91 31 71 74 21 66 48 72 88 67 30 32 79 89 20 53 23 77 42 56 40 76 50 5 27 99 57 52 86 38 4 97 2 6 37 35 0 28 11 16 83 43 73 17 45 39 68 41 59 92 12 55 78 8 24 96 19 94 85 1 9 51 33 95 10 3 90 75 61 18 46 22 60 58 15 14 62 54 7 34 82 87,1202245957,928,466240,175945000,1810551990
tai100b,steepest,20 32 19 14 44 65 86 36 64 85 94 87 76 83 46 47 31 28 37 29 63 77 11 42 66 48 88 67 30 70 79 3 49 8 21 52 92 45 12 16 35 15 80 59 96 6 4 72 99 55 39 74 89 33 34 84 13 27 91 71 43 98 23 56 68 2 1 95 51 69 97 78 5 40 17 73 38 26 53 0 9 93 82 7 60 61 50 54 18 22 41 25 90 58 10 57 62 24 75 81,1255466276,107,534600,135430100,1767781123
tai100b,greedy,65 36 64 93 94 28 26 85 47 19 44 0 84 40 27 77 56 42 5 60 10 41 39 55 89 68 88 67 30 32 79 75 12 6 23 4 72 20 99 92 48 76 74 18 57 86 52 53 38 50 58 14 73 31 9 17 83 29 71 63 43 13 24 35 66 34 49 25 80 16 22 96 98 59 70 81 69 1 91 51 95 33 46 61 7 97 11 8 45 78 2 3 21 15 90 82 62 37 54 87,1213115245,900,100207,20874800,1854975157
tai100b,randomWalk,80 36 7 64 68 93 32 88 81 86 35 70 29 30 13 42 60 2 39 56 14 94 66 74 71 47 79 21 20 85 98 38 25 48 22 28 33 63 75 67 24 55 23 5 53 8 12 1 45 58 72 59 89 40 57 90 11 19 6 46 37 43 95 50 54 16 0 31 18 73 49 17 4 83 99 44 52 92 78 9 65 87 69 15 97 96 61 34 91 27 10 62 3 82 77 26 84 76 51 41,1594513150,427636,427636,135809700,1799090756
tai100b,random,57 65 67 73 92 36 75 23 32 11 33 34 93 63 70 41 2 3 5 46 38 42 77 13 81 19 87 30 88 18 85 54 55 90 20 12 72 1 28 91 59 83 0 86 95 71 79 69 49 21 17 51 8 10 40 99 74 26 84 97 35 43 14 98 24 68 82 39 45 76 58 62 37 31 15 56 47 80 16 78 52 48 7 6 64 53 60 66 61 22 9 96 4 50 27 29 44 94 25 89,1621129267,17397,17397,135498500,1689223896
tai100b,heuristic,87 79 30 49 70 28 65 32 67 86 44 85 47 18 35 74 55 19 1 91 76 13 5 6 45 56 88 37 36 93 81 59 26 73 39 16 75 63 92 38 53 23 9 58 27 40 72 24 84 48 68 17 12 25 94 52 42 2 14 8 0 99 31 11 89 21 4 71 41 83 96 66 10 33 95 98 20 80 29 77 64 69 82 43 15 57 78 60 54 90 62 7 50 22 34 97 61 46 3 51,1468025063,0,1,0,1798899299
tai100b,simulatedAnnealing,84 70 33 26 65 47 64 36 44 51 1 49 93 91 71 94 0 85 31 29 62 52 68 38 99 72 88 79 30 32 67 2 56 40 78 27 19 10 69 5 8 60 42 48 75 20 77 76 6 23 97 4 59 74 34 35 7 95 12 90 16 80 41 14 57 22 28 25 98 87 18 50 53 86 9 63 37 73 83 13 17 43 82 54 92 45 61 15 46 66 11 3 58 21 55 39 24 89 96 81,1192558112,1096425,1098900,328957500,1806300235
tai100b,tabuSearch,94 70 65 36 44 67 79 88 30 93 64 19 0 56 25 80 26 69 49 81 42 38 4 59 66 54 32 28 14 86 87 58 53 18 48 40 75 22 77 99 23 5 98 96 24 50 57 20 76 27 55 41 29 6 43 8 78 68 45 83 95 31 7 2 39 12 52 89 37 46 16 82 92 74 47 84 91 1 63 33 51 13 60 61 35 73 21 90 34 17 71 9 97 10 11 62 3 72 15 85,1274480534,455,228160,97855900,1851406393
tai150b,steepest,29 18 144 3 9 8 134 23 147 42 16 51 54 78 66 100 48 70 14 132 64 141 61 69 25 30 113 77 115 10 104 90 2 123 101 73 117 119 49 148 137 52 45 112 129 97 63 75 21 40 128 111 33 60 22 72 138 79 12 125 34 38 124 53 36 35 67 121 80 32 20 71 13 87 15 65 46 135 92 5 68 149 126 31 140 57 7 94 59 58 26 11 106 91 136 43 81 86 84 120 88 127 139 130 105 110 96 55 6 56 17 98 1 133 41 39 19 116 47 82 118 95 145 103 37 27 143 44 131 83 93 74 0 109 142 24 62 99 4 28 107 108 122 50 76 89 102 146 85 114,519589729,229,2570250,1135673600,647466077
tai150b,greedy,95 37 25 134 31 133 126 148 91 113 140 79 58 71 96 39 18 65 15 119 105 52 111 74 38 47 138 42 128 97 6 17 8 27 81 33 147 32 90 77 100 35 120 123 127 125 60 108 124 34 36 45 145 129 130 103 21 0 109 4 5 54 131 104 26 68 115 114 76 29 102 50 59 89 86 49 16 73 136 101 139 55 62 141 44 121 41 94 85 82 83 98 87 118 80 20 1 13 63 40 28 72 143 88 142 132 19 24 93 46 11 56 99 92 7 122 149 67 53 57 75 84 69 112 117 22 61 106 107 10 14 51 66 9 110 2 137 43 135 78 12 30 144 70 116 48 23 64 146 3,509701370,1630,273229,108301500,646892903
tai150b,randomWalk,6 79 145 55 17 71 69 117 122 132 137 130 28 9 38 41 39 64 134 14 115 18 49 104 124 83 7 147 30 95 4 144 87 81 108 76 99 107 121 148 68 126 53 84 67 47 40 102 92 23 19 60 2 73 120 91 46 88 32 118 111 57 123 98 93 45 112 29 34 54 25 66 36 62 146 15 10 48 65 61 136 135 33 149 11 8 22 139 0 27 16 85 59 58 37 31 127 74 51 143 75 97 20 5 12 70 86 78 35 110 129 116 101 142 131 42 50 140 90 106 141 114 138 56 72 1 77 119 26 13 63 43 21 3 44 24 125 100 109 133 89 94 82 52 128 113 105 96 103 80,620229697,2160772,2160772,1137796600,653934492
tai150b,random,116 37 9 30 141 103 70 7 144 82 5 68 97 67 138 58 48 20 33 13 98 87 78 40 124 127 149 12 39 28 142 132 93 23 8 94 59 64 122 41 92 50 45 121 86 89 111 27 118 84 146 56 130 77 96 90 79 74 25 63 52 95 136 44 129 71 135 53 145 114 85 1 110 22 51 113 134 66 62 69 2 123 137 55 120 46 61 100 106 131 147 102 80 81 47 101 107 19 76 17 75 14 35 73 128 15 34 36 4 109 104 108 6 133 31 72 83 42 99 43 16 3 88 32 148 126 117 91 24 29 140 21 18 139 49 26 38 10 115 119 65 112 0 143 54 125 11 60 57 105,624183278,63417,63417,1136244800,656043011
tai150b,heuristic,110 24 46 87 71 16 146 140 144 126 56 85 70 64 35 18 134 98 145 38 11 148 127 105 114 19 45 51 3 49 119 62 122 15 59 149 142 131 4 101 67 128 93 0 129 34 17 109 61 40 147 22 111 69 12 21 90 138 135 94 92 125 76 104 123 41 141 26 136 2 103 39 52 33 60 116 29 113 78 74 27 81 8 65 50 48 89 95 121 53 102 47 75 107 42 112 9 120 63 72 124 99 84 5 77 108 57 30 28 32 73 132 25 86 23 68 96 139 7 88 43 100 130 118 54 83 36 117 66 91 79 14 13 37 97 31 80 143 1 20 137 44 106 133 6 115 55 58 82 10,620457677,0,1,0,660286038
tai150b,simulatedAnnealing,116 86 89 135 59 29 57 50 115 99 46 53 4 24 76 122 85 146 92 110 114 104 109 143 60 102 75 78 108 5 95 112 81 30 27 103 37 64 68 26 124 47 131 14 51 66 69 61 42 9 48 80 67 101 127 117 63 0 83 25 120 90 77 45 28 73 12 148 41 91 111 39 141 133 132 23 16 44 43 58 19 139 96 10 70 121 144 84 2 49 22 56 107 118 137 145 88 54 72 106 129 100 147 123 3 31 18 126 65 140 94 71 55 138 79 113 134 74 82 98 1 105 36 38 87 17 130 97 136 8 40 21 125 15 20 128 13 119 52 34 62 33 142 7 11 149 93 35 32 6,501941877,2704108,2709695,1265168900,656656968
tai150b,tabuSearch,132 47 92 142 50 95 93 102 96 5 57 122 24 114 19 56 29 78 149 135 107 58 49 44 121 16 85 110 141 62 7 0 25 41 55 11 126 9 101 51 76 94 106 14 138 61 2 45 83 113 103 75 148 65 109 4 22 87 69 88 17 90 86 52 12 139 15 119 20 133 130 33 38 91 63 137 98 104 3 125 37 26 68 59 30 131 144 28 77 82 146 18 120 40 117 111 42 34 10 80 100 99 43 84 70 105 97 73 35 8 128 6 13 1 116 140 39 32 23 136 112 71 143 123 124 79 31 66 60 127 147 115 129 81 145 72 21 48 74 118 27 46 89 67 54 36 53 134 64 108,520793973,805,604260,352905800,663755760
tai150b,steepest,38 39 105 13 71 8 47 35 95 73 96 37 124 121 128 82 10 126 141 62 87 127 40 84 45 44 91 83 43 94 80 97 106 139 137 119 52 2 123 130 86 49 136 88 42 25 138 12 66 75 9 3 51 120 55 112 69 129 107 103 34 72 113 102 27 53 48 26 15 64 0 146 54 108 60 149 32 131 68 101 23 110 89 1 98 11 6 7 116 142 93 70 90 22 20 117 148 14 61 17 135 100 147 41 65 30 29 85 74 134 78 132 115 104 144 81 16 58 114 50 21 145 111 76 67 143 77 118 109 92 63 36 99 4 79 46 59 31 125 5 33 57 19 133 24 122 18 140 56 28,515034193,201,2257350,959058400,646409553
tai150b,greedy,110 6 57 38 27 47 35 24 88 1 32 23 60 11 8 92 56 122 33 81 96 120 40 149 79 19 101 109 128 100 105 143 7 148 28 58 74 133 18 97 138 65 25 75 12 127 22 107 117 21 77 94 141 48 103 9 129 5 71 106 54 84 10 43 45 62 95 139 123 44 68 29 2 16 80 116 121 102 124 131 59 50 70 99 89 4 76 142 55 114 93 41 34 145 72 118 125 63 111 0 36 113 78 135 86 31 134 98 119 64 130 46 49 137 140 26 82 37 144 30 51 14 52 136 42 90 15 39 20 132 104 112 66 69 61 91 73 3 83 147 17 85 67 87 126 108 115 53 146 13,516673013,1595,407342,207913400,648764379
tai150b,randomWalk,8 22 136 60 61 65 6 133 95 1 12 102 63 37 39 58 73 70 44 64 42 16 116 107 124 9 14 112 80 57 23 69 68 119 134 105 77 20 54 62 110 25 0 87 100 24 106 130 34 35 17 26 147 53 59 81 48 111 21 7 45 49 88 55 79 144 27 32 97 89 30 115 120 135 94 104 122 3 145 103 83 121 31 15 117 76 101 71 108 99 29 18 51 78 66 131 126 140 75 148 84 50 91 146 4 138 92 98 36 38 142 125 82 41 5 52 74 139 13 67 143 40 129 96 118 132 11 28 33 86 47 127 56 72 113 19 90 141 137 10 114 85 149 43 46 2 123 109 93 128,619341552,2116200,2116200,963845200,653813004
tai150b,random,145 81 103 80 83 38 87 2 68 116 32 41 57 72 144 55 34 141 22 95 129 73 4 97 120 21 43 78 140 148 101 93 124 138 24 12 99 143 114 8 44 85 133 9 64 5 113 61 15 66 25 91 70 107 134 69 79 56 112 98 33 39 26 109 90 105 1 127 76 35 19 67 23 50 86 52 10 96 42 20 147 51 53 48 54 111 31 7 28 3 94 18 149 77 137 110 0 118 88 65 16 6 136 102 139 115 100 60 121 117 71 122 37 125 84 27 126 59 131 92 75 14 123 58 108 46 135 89 36 106 130 119 128 142 132 47 17 11 49 62 74 146 104 40 13 63 30 29 82 45,621960941,53938,53938,967061100,656591556
tai150b,heuristic,110 24 46 87 71 16 146 140 144 126 56 85 70 64 35 18 134 98 145 38 11 148 127 105 114 19 45 51 3 49 119 62 122 15 59 149 142 131 4 101 67 128 93 0 129 34 17 109 61 40 147 22 111 69 12 21 90 138 135 94 92 125 76 104 123 41 141 26 136 2 103 39 52 33 60 116 29 113 78 74 27 81 8 65 50 48 89 95 121 53 102 47 75 107 42 112 9 120 63 72 124 99 84 5 77 108 57 30 28 32 73 132 25 86 23 68 96 139 7 88 43 100 130 118 54 83 36 117 66 91 79 14 13 37 97 31 80 143 1 20 137 44 106 133 6 115 55 58 82 10,620457677,0,1,0,664904563
tai150b,simulatedAnnealing,32 13 139 23 121 144 96 16 22 84 56 137 7 70 2 89 10 49 135 41 44 80 9 94 117 68 107 106 3 58 55 0 85 95 47 76 83 110 14 4 61 126 62 131 81 51 147 124 115 148 42 43 112 74 88 142 66 17 5 108 103 118 79 48 72 18 145 31 143 46 109 140 113 64 149 11 35 136 40 93 116 119 105 1 128 97 6 38 130 86 15 8 75 59 90 54 37 65 100 99 25 60 26 69 19 57 50 114 24 29 92 146 27 134 102 104 122 78 30 132 33 21 127 45 138 129 52 125 91 28 120 34 123 12 63 77 133 141 111 20 101 98 67 36 82 71 39 53 87 73,501619714,2609129,2614716,1210339400,651036938
tai150b,tabuSearch,59 85 96 68 44 80 133 131 25 19 148 112 56 3 18 65 47 24 55 61 38 49 69 121 28 117 71 135 118 124 94 14 82 17 23 41 101 7 39 20 149 116 73 130 86 141 100 0 9 106 111 107 40 136 120 52 127 75 119 6 88 77 72 138 84 21 34 64 97 48 1 125 30 13 66 143 126 146 99 5 114 62 140 110 74 29 122 50 76 89 81 95 123 93 91 45 90 142 12 83 43 129 15 33 27 32 128 35 105 16 98 8 22 2 70 11 10 144 139 137 109 92 113 104 36 78 147 54 4 58 42 132 108 145 63 87 103 51 102 60 37 26 67 57 115 46 53 79 134 31,530166535,645,481170,267100800,644400381
tai150b,steepest,118 145 71 133 104 140 64 48 66 26 30 12 111 98 25 82 32 35 31 65 134 90 100 113 91 126 58 107 73 79 148 42 39 3 77 117 147 41 51 54 132 55 14 99 59 94 130 40 136 76 149 92 101 142 141 109 85 37 4 89 93 116 121 67 45 123 13 96 23 53 86 56 70 115 106 143 46 108 75 74 114 88 81 103 33 27 72 60 102 112 124 146 5 61 20 78 17 9 83 0 62 11 15 95 22 49 29 144 2 16 7 50 135 84 10 139 68 137 43 44 1 119 34 21 38 97 127 105 138 129 36 52 125 120 6 128 63 110 8 80 69 87 47 24 57 122 28 18 19 131,513899164,215,2413800,912564400,660284290
tai150b,greedy,84 121 29 74 38 8 146 132 122 19 98 118 37 82 80 24 47 18 143 48 46 128 119 112 105 64 130 28 133 110 145 72 140 53 39 13 63 108 36 6 67 87 31 17 93 21 34 45 12 97 77 5 120 20 147 68 125 43 109 104 40 78 41 30 107 58 9 73 149 23 7 57 101 11 137 54 126 91 94 26 15 89 134 136 96 86 85 65 44 62 83 95 75 129 111 115 116 127 123 79 52 142 131 138 113 60 71 32 103 35 141 102 1 114 124 33 27 92 81 88 99 50 90 14 0 51 100 135 42 3 66 25 148 69 4 59 76 55 117 61 106 144 139 70 22 2 10 16 56 49,511686674,1413,337458,137738500,649251203
tai150b,randomWalk,109 1 30 92 10 28 57 113 114 110 123 56 131 96 142 59 137 39 62 7 70 40 105 126 140 15 107 4 21 104 95 76 99 89 133 0 106 53 141 34 121 132 87 79 77 91 36 61 25 18 118 63 66 90 3 97 138 33 69 88 128 41 80 49 119 14 102 19 139 101 73 55 51 32 120 23 17 54 46 44 48 86 74 83 26 148 149 58 85 6 134 130 45 11 129 94 64 75 67 60 72 50 47 111 125 145 112 136 71 146 35 9 22 12 52 65 29 147 135 42 8 38 116 143 127 68 100 43 82 20 16 93 13 78 24 122 124 103 84 5 115 81 108 2 98 31 27 37 144 117,617854823,2040061,2040061,913233300,648317208
tai150b,random,35 126 74 102 6 16 106 56 94 10 57 90 80 61 89 46 20 82 81 2 104 120 83 115 38 12 92 95 144 62 101 5 32 30 142 103 93 42 37 75 39 43 33 135 50 84 77 28 4 140 72 70 7 41 51 91 55 27 99 132 49 40 78 148 69 66 53 97 45 48 105 136 119 129 122 138 34 64 68 52 59 73 67 18 13 15 110 63 58 100 1 11 65 149 24 130 145 123 133 44 117 112 143 121 0 146 116 22 54 36 96 29 47 125 3 21 60 86 141 14 139 118 113 76 111 127 19 79 71 147 88 17 98 8 107 128 9 114 109 124 85 134 31 108 131 25 137 23 26 87,623027858,52242,52242,919761900,648503108
tai150b,heuristic,110 24 46 87 71 16 146 140 144 126 56 85 70 64 35 18 134 98 145 38 11 148 127 105 114 19 45 51 3 49 119 62 122 15 59 149 142 131 4 101 67 128 93 0 129 34 17 109 61 40 147 22 111 69 12 21 90 138 135 94 92 125 76 104 123 41 141 26 136 2 103 39 52 33 60 116 29 113 78 74 27 81 8 65 50 48 89 95 121 53 102 47 75 107 42 112 9 120 63 72 124 99 84 5 77 108 57 30 28 32 73 132 25 86 23 68 96 139 7 88 43 100 130 118 54 83 36 117 66 91 79 14 13 37 97 31 80 143 1 20 137 44 106 133 6 115 55 58 82 10,620457677,0,1,0,659105160
tai150b,simulatedAnnealing,113 4 140 102 114 146 29 98 31 103 50 108 92 18 71 122 46 82 118 64 27 133 112 124 60 24 143 110 81 145 19 72 47 53 127 36 129 87 115 63 123 67 39 148 106 34 90 25 45 138 12 65 74 43 28 100 77 109 132 136 149 139 86 11 40 96 7 32 93 121 15 56 130 35 69 78 134 131 54 3 68 126 76 79 89 95 59 37 30 104 26 57 51 21 66 48 42 147 125 99 75 120 80 111 33 17 128 105 20 6 1 8 142 116 52 97 13 88 38 119 0 94 117 9 91 141 137 22 107 83 135 41 73 55 61 2 14 23 101 84 5 70 44 144 10 58 49 85 16 62,501878683,2704108,2709695,1241225700,649622111
tai150b,tabuSearch,139 8 56 10 44 49 96 57 24 7 68 135 149 59 22 3 19 144 108 76 143 122 78 101 95 146 37 79 89 102 25 86 46 92 31 5 148 29 112 88 61 11 110 142 100 40 131 9 90 27 69 127 75 41 23 72 93 83 105 91 47 39 104 147 45 73 138 30 42 52 128 123 115 64 132 82 70 54 26 94 141 55 117 85 134 98 28 0 84 18 113 16 129 99 66 116 21 4 43 103 109 120 14 1 114 63 36 67 35 97 140 124 32 60 53 51 33 81 126 50 106 119 137 118 38 13 111 6 107 58 74 121 17 48 20 125 34 133 130 12 62 2 65 136 77 80 87 145 15 71,528045624,701,525930,279622600,661304498
tai150b,steepest,80 15 29 62 96 114 146 50 142 99 56 93 58 121 122 132 104 57 59 11 95 94 5 135 141 7 116 131 23 26 149 103 37 73 102 101 9 82 55 106 107 130 41 1 108 40 127 3 81 112 60 68 69 129 86 34 51 0 25 63 120 36 31 126 148 133 65 39 143 134 33 140 79 98 90 4 53 44 76 10 49 2 89 43 70 144 139 22 115 85 84 16 14 100 54 78 117 92 109 61 136 66 124 110 72 24 18 35 27 46 88 64 111 145 19 118 32 28 71 48 21 17 113 91 12 20 83 137 125 97 123 45 67 77 74 30 138 52 147 42 75 47 119 87 105 38 128 6 8 13,511357861,259,2905500,1123298200,650021233
tai150b,greedy,138 63 57 147 65 56 81 30 115 42 134 52 74 96 26 114 144 104 89 137 23 4 17 59 67 58 15 76 53 38 123 11 70 8 9 78 135 10 2 100 139 16 49 90 0 130 136 145 69 75 101 5 93 40 68 20 28 92 91 94 142 3 83 106 80 82 87 85 44 98 141 140 62 146 112 120 149 77 88 60 125 143 18 102 46 33 7 79 24 122 118 19 109 86 127 117 129 22 37 99 131 107 84 119 14 110 50 51 45 126 61 55 43 116 29 73 95 132 39 41 34 32 21 48 36 124 148 35 97 133 25 111 12 72 108 121 13 103 66 1 54 71 105 31 128 113 27 47 64 6,516777382,1469,328745,127435900,643713110
tai150b,randomWalk,32 87 109 47 52 24 88 4 79 2 38 17 139 35 113 96 134 95 82 73 119 7 3 8 77 80 130 21 45 75 28 15 147 81 16 11 138 129 74 76 63 70 22 42 103 115 123 136 124 106 89 40 91 68 99 60 33 90 57 18 20 64 122 39 36 84 44 59 72 133 114 29 140 71 93 41 54 145 25 135 6 78 9 23 102 110 13 116 105 14 10 48 0 58 98 126 127 53 141 86 56 85 49 128 92 97 46 27 65 142 131 146 101 37 104 143 144 50 125 112 30 5 120 66 83 132 62 117 100 26 61 31 149 94 107 69 51 1 148 19 118 111 43 34 108 137 121 12 55 67,616825474,2528280,2528280,1129491900,650822774
tai150b,random,74 9 44 112 8 110 126 58 10 21 142 82 68 88 131 116 61 65 132 135 128 134 43 7 99 26 2 97 86 39 45 87 83 17 47 115 36 138 70 62 91 24 60 27 53 129 96 104 5 109 80 33 37 64 34 146 51 0 69 121 133 55 100 29 56 77 49 50 119 73 122 3 72 28 25 107 31 92 85 147 38 123 35 140 105 125 79 90 16 144 137 113 48 18 52 78 127 130 11 59 93 22 108 106 1 67 95 76 111 41 148 143 120 149 32 63 12 13 94 102 141 118 101 84 136 89 6 117 103 19 98 81 114 23 42 40 124 75 14 139 71 4 54 46 30 57 20 66 15 145,621900756,62939,62939,1123591100,651993193
tai150b,heuristic,110 24 46 87 71 16 146 140 144 126 56 85 70 64 35 18 134 98 145 38 11 148 127 105 114 19 45 51 3 49 119 62 122 15 59 149 142 131 4 101 67 128 93 0 129 34 17 109 61 40 147 22 111 69 12 21 90 138 135 94 92 125 76 104 123 41 141 26 136 2 103 39 52 33 60 116 29 113 78 74 27 81 8 65 50 48 89 95 121 53 102 47 75 107 42 112 9 120 63 72 124 99 84 5 77 108 57 30 28 32 73 132 25 86 23 68 96 139 7 88 43 100 130 118 54 83 36 117 66 91 79 14 13 37 97 31 80 143 1 20 137 44 106 133 6 115 55 58 82 10,620457677,0,1,0,658016889
tai150b,simulatedAnnealing,95 62 144 137 44 70 134 23 89 86 56 22 10 30 2 49 139 16 84 123 8 80 136 45 132 53 130 4 15 43 115 125 38 67 116 13 1 110 87 52 106 6 119 100 147 12 51 77 60 66 90 40 48 42 61 28 34 107 91 33 111 145 113 74 143 65 81 25 120 126 79 18 138 148 3 41 11 68 9 73 104 37 7 135 149 93 26 101 57 131 59 58 75 21 127 20 129 17 88 69 14 112 72 117 39 64 133 105 63 47 97 140 118 31 128 19 46 36 96 121 92 24 5 0 109 122 141 102 78 114 55 76 99 94 83 108 85 103 27 124 54 98 29 146 82 71 50 32 35 142,503029038,2799087,2804674,1343799600,645958666
tai150b,tabuSearch,23 6 103 37 131 26 98 57 89 64 108 30 102 95 114 70 104 116 79 68 110 124 29 14 142 62 61 92 143 76 75 10 35 112 4 50 59 99 140 32 81 60 109 11 5 33 54 63 28 40 39 22 135 21 83 88 20 27 137 107 97 84 44 80 48 125 132 121 13 66 34 87 133 42 74 134 93 136 94 55 101 149 41 113 73 86 82 141 71 7 85 145 72 127 100 9 69 106 129 78 43 117 118 120 53 122 36 146 19 46 67 51 47 2 147 115 56 123 126 24 111 15 65 138 91 3 1 8 45 90 12 148 52 105 128 17 25 0 38 58 31 119 144 130 16 139 49 96 77 18,532279121,599,447600,260678400,644551333
tai150b,steepest,92 6 4 114 102 126 146 76 113 27 50 103 124 32 35 108 140 85 51 81 82 73 112 74 91 71 143 145 39 136 83 147 98 3 66 90 12 64 69 14 20 48 33 34 21 79 28 130 38 128 138 37 52 97 60 119 120 75 17 10 0 9 137 58 22 49 78 30 2 19 139 16 117 144 107 15 87 104 95 110 131 121 93 109 132 142 13 99 67 89 115 53 129 42 123 118 36 133 111 127 72 40 105 63 88 65 134 148 18 25 86 70 101 23 41 100 55 1 8 96 61 11 80 106 116 5 125 44 31 77 59 54 94 84 141 26 62 135 45 43 47 56 24 57 7 68 149 46 29 122,516130722,195,2190300,840465200,645033807
tai150b,greedy,118 77 8 35 44 16 7 47 27 13 96 93 80 121 105 128 38 24 58 11 82 94 17 57 149 85 136 0 83 15 32 12 98 39 45 148 141 55 73 71 23 41 91 63 88 69 75 60 143 131 1 59 90 5 9 99 33 135 108 76 3 43 104 26 72 30 115 114 4 144 10 64 102 50 21 79 18 119 25 111 130 120 74 49 134 138 81 97 65 28 86 133 40 124 145 20 129 101 142 127 37 109 103 52 61 95 70 116 31 146 113 46 14 132 62 110 6 112 29 89 84 2 100 78 123 137 36 122 117 107 42 92 68 147 66 125 34 54 51 22 139 53 87 56 67 48 106 140 126 19,516418965,1510,397437,154560500,651319319
tai150b,randomWalk,34 52 81 104 44 140 134 26 66 115 23 24 50 147 85 21 56 48 91 0 111 120 131 118 79 53 108 96 107 49 58 17 73 149 32 37 138 67 30 72 93 19 100 110 109 15 128 64 71 139 82 95 129 47 28 2 5 18 12 88 33 125 39 92 77 45 84 94 61 70 126 144 90 54 148 3 102 29 78 38 65 27 106 62 4 42 57 86 10 75 146 80 13 112 119 105 51 59 98 46 133 16 137 101 6 123 25 22 8 7 116 135 99 97 142 41 121 36 1 55 117 83 20 124 136 103 14 9 74 87 145 31 122 35 89 143 11 69 40 68 130 114 60 132 76 43 113 127 63 141,622336503,1852448,1852448,841567100,663196050
tai150b,random,75 8 6 124 87 29 17 63 73 48 62 4 109 138 27 80 21 18 74 136 84 105 58 57 133 3 15 83 81 128 56 97 117 35 107 106 111 90 91 66 64 25 115 38 54 101 131 10 65 103 93 13 59 72 146 77 130 26 143 126 122 110 45 142 140 70 96 116 67 0 41 141 31 134 69 55 135 78 76 119 30 33 95 20 43 85 32 120 88 34 16 99 145 98 113 11 22 127 61 118 44 114 14 147 47 51 5 94 49 7 104 9 149 53 37 42 82 46 125 23 50 102 148 24 108 92 86 137 12 71 121 68 39 129 89 19 132 1 36 100 60 139 79 52 40 28 2 144 123 112,618362382,48134,48134,849765500,647088033
tai150b,heuristic,110 24 46 87 71 16 146 140 144 126 56 85 70 64 35 18 134 98 145 38 11 148 127 105 114 19 45 51 3 49 119 62 122 15 59 149 142 131 4 101 67 128 93 0 129 34 17 109 61 40 147 22 111 69 12 21 90 138 135 94 92 125 76 104 123 41 141 26 136 2 103 39 52 33 60 116 29 113 78 74 27 81 8 65 50 48 89 95 121 53 102 47 75 107 42 112 9 120 63 72 124 99 84 5 77 108 57 30 28 32 73 132 25 86 23 68 96 139 7 88 43 100 130 118 54 83 36 117 66 91 79 14 13 37 97 31 80 143 1 20 137 44 106 133 6 115 55 58 82 10,620457677,0,1,0,660001068
tai150b,simulatedAnnealing,71 81 50 149 122 146 24 29 142 92 46 5 135 7 114 68 57 132 27 102 30 26 99 108 103 64 93 54 131 72 59 143 104 89 4 141 109 78 95 76 37 113 62 43 84 129 34 106 21 87 123 77 67 45 112 80 127 118 107 15 28 41 116 1 61 23 88 136 11 73 40 144 101 70 9 55 18 47 94 117 19 148 82 31 98 25 65 133 126 96 121 140 36 53 111 145 79 75 115 63 60 125 137 110 0 49 85 35 86 134 22 16 2 139 10 44 32 130 58 56 3 91 48 90 83 69 51 138 66 120 100 42 147 12 20 97 33 39 13 14 124 6 105 128 119 52 17 8 38 74,504437802,2748804,2754391,1273514600,654938347
tai150b,tabuSearch,65 118 44 70 89 7 16 121 2 49 139 10 56 96 23 144 22 84 21 4 101 132 125 85 15 35 115 137 136 76 130 123 53 87 41 58 73 40 11 93 13 32 67 94 145 14 95 75 129 28 0 117 142 69 55 37 34 43 83 110 148 47 120 138 25 74 81 113 147 27 63 98 77 82 5 114 57 59 135 19 146 122 18 3 24 104 68 50 46 131 30 29 61 109 103 141 1 116 99 39 45 36 127 9 91 105 128 38 8 17 6 20 97 33 12 90 119 149 52 71 88 54 78 133 60 80 48 66 92 100 51 112 102 108 107 111 72 124 42 106 86 134 62 64 79 143 31 140 126 26,517173387,1037,783300,400412800,646281778
tai150b,steepest,92 78 71 110 73 98 46 41 11 59 89 4 112 95 101 76 82 55 88 38 58 6 90 48 15 56 3 66 24 1 23 12 57 96 135 100 25 8 19 65 148 70 105 149 21 136 86 75 28 40 130 31 94 72 14 103 61 99 117 119 54 127 123 131 129 104 115 68 43 64 45 30 137 144 124 102 146 39 145 36 91 29 32 60 35 114 53 67 50 126 51 140 62 111 141 17 37 34 0 83 69 116 26 9 10 106 47 133 49 16 22 85 107 84 2 80 139 7 121 44 52 93 63 27 20 97 5 81 109 33 143 13 128 142 120 74 138 147 108 42 118 113 122 132 125 77 79 87 134 18,518089568,239,2682000,1038442700,656630318
tai150b,greedy,44 49 128 116 144 7 8 105 24 38 70 1 80 6 96 23 149 47 131 27 140 58 0 3 28 133 124 102 57 68 39 31 18 114 55 41 12 145 29 65 148 71 50 19 51 42 66 74 25 63 120 60 79 43 20 88 147 112 118 83 9 78 91 113 109 126 62 37 101 95 107 35 26 32 67 84 46 93 110 119 142 86 139 97 16 136 132 130 89 121 13 15 33 77 143 125 81 122 52 5 92 90 100 36 34 141 87 82 103 98 111 64 104 45 94 106 73 138 48 30 127 61 129 75 40 117 22 4 21 123 137 135 99 69 14 76 2 59 11 72 17 56 53 85 10 108 54 134 146 115,518595813,1467,399318,179801300,643966527
tai150b,randomWalk,28 18 51 126 115 70 94 105 103 84 53 1 57 64 107 8 145 58 11 42 90 63 75 55 12 143 41 24 149 146 106 47 4 98 13 43 71 65 19 74 80 66 111 101 73 113 91 67 0 100 108 82 140 15 16 135 121 112 129 3 68 10 83 36 46 92 14 9 33 128 137 39 148 85 2 132 116 76 23 109 139 81 60 52 88 125 87 118 89 38 110 144 102 5 142 136 37 69 120 133 26 44 62 7 48 31 127 117 79 72 147 35 141 27 40 54 77 32 56 124 97 45 123 114 96 34 22 93 30 131 134 20 95 61 59 78 21 99 86 122 138 29 6 119 25 104 17 49 130 50,616723873,1963211,1963211,1039131400,655399481
tai150b,random,123 140 26 146 144 50 3 21 73 121 46 68 129 67 135 127 120 106 69 78 54 76 111 29 61 143 91 62 75 100 126 48 125 35 72 130 41 59 88 58 148 97 27 134 55 136 132 60 149 147 18 116 52 56 39 105 115 49 36 96 102 23 38 82 131 87 107 24 142 89 22 32 28 122 19 110 112 17 128 44 141 145 124 98 94 16 114 9 13 4 66 92 57 101 20 90 7 10 45 139 74 119 5 104 25 113 83 86 137 43 8 80 53 84 81 40 30 11 138 51 65 99 0 108 133 1 34 6 47 33 37 117 118 79 14 63 31 95 2 103 12 109 85 71 70 42 15 77 64 93,618880135,55804,55804,1040440000,655395185
tai150b,heuristic,110 24 46 87 71 16 146 140 144 126 56 85 70 64 35 18 134 98 145 38 11 148 127 105 114 19 45 51 3 49 119 62 122 15 59 149 142 131 4 101 67 128 93 0 129 34 17 109 61 40 147 22 111 69 12 21 90 138 135 94 92 125 76 104 123 41 141 26 136 2 103 39 52 33 60 116 29 113 78 74 27 81 8 65 50 48 89 95 121 53 102 47 75 107 42 112 9 120 63 72 124 99 84 5 77 108 57 30 28 32 73 132 25 86 23 68 96 139 7 88 43 100 130 118 54 83 36 117 66 91 79 14 13 37 97 31 80 143 1 20 137 44 106 133 6 115 55 58 82 10,620457677,0,1,313800,658613975
tai150b,simulatedAnnealing,13 52 2 45 70 134 16 137 22 84 139 43 123 10 49 44 144 30 54 68 96 26 93 131 117 56 86 107 23 104 7 37 19 100 9 25 11 78 59 135 58 95 57 1 3 142 42 90 0 97 109 127 116 66 73 129 61 106 88 124 82 143 81 85 33 71 108 76 112 46 60 146 102 89 145 27 47 113 132 91 80 6 105 4 128 119 38 15 24 35 32 8 136 149 75 101 69 62 141 14 28 103 99 40 5 65 18 55 122 29 92 50 110 121 148 126 41 94 51 114 20 120 72 111 17 74 77 48 79 125 118 138 83 21 98 147 115 36 34 12 130 64 53 39 63 31 67 133 140 87,502233816,2709695,2715282,1272017400,644129308
tai150b,tabuSearch,57 24 71 73 31 98 140 48 12 45 46 138 91 133 39 148 82 64 67 125 119 120 90 63 33 52 21 36 147 53 77 97 87 105 115 81 74 47 13 128 20 6 17 103 75 60 61 3 99 108 112 149 1 14 123 109 88 25 80 141 43 136 0 62 100 44 78 102 94 70 106 16 84 85 9 59 32 113 4 28 79 15 89 111 35 11 38 76 65 126 118 18 145 124 66 72 42 27 83 143 129 69 51 127 142 41 50 132 93 8 5 146 116 55 92 114 122 110 121 29 107 139 2 137 40 130 26 95 101 37 7 135 54 22 10 49 86 68 117 131 34 134 30 19 144 23 104 56 96 58,508650089,1538,1163760,656148900,658762196
tai150b,steepest,139 10 87 122 95 85 89 146 58 145 56 143 125 44 53 62 108 57 92 102 35 93 40 109 99 76 110 5 13 36 67 101 32 121 149 15 116 132 11 142 59 4 136 138 66 107 120 129 12 72 1 79 111 25 97 63 27 22 90 112 42 52 60 88 61 23 17 20 114 38 147 81 124 33 127 26 134 18 54 130 28 86 68 84 70 131 49 37 78 29 7 16 75 77 104 103 115 141 113 135 34 48 3 21 14 91 126 82 94 98 69 41 9 50 73 39 71 83 51 55 119 46 106 24 74 31 43 105 45 133 65 6 118 80 117 123 47 140 148 128 0 64 2 137 100 8 19 30 144 96,516469761,193,2167950,852549700,639094049
tai150b,greedy,55 41 29 17 33 46 132 114 124 112 50 60 20 82 89 88 71 81 110 102 98 36 76 92 67 146 147 115 87 5 53 125 122 64 74 118 63 24 143 108 145 19 48 130 142 75 149 121 103 138 77 97 12 93 21 83 119 42 109 68 137 40 62 11 101 32 58 7 37 35 54 56 95 96 107 139 4 51 66 6 148 14 2 90 70 136 69 15 38 100 25 8 105 99 13 129 128 127 123 120 72 27 111 34 79 30 18 133 104 140 131 126 59 26 57 28 47 31 134 65 106 135 94 9 43 117 116 44 1 0 84 80 78 3 49 22 61 141 86 45 52 144 73 39 10 113 23 16 85 91,512247475,1491,402622,151475100,653864337
tai150b,randomWalk,13 129 49 35 55 86 138 78 102 124 30 56 8 130 111 100 6 121 46 15 25 89 96 37 148 94 45 122 41 149 12 38 141 77 57 79 19 31 127 126 53 22 59 91 99 113 133 128 47 23 9 39 0 120 36 140 18 61 70 93 43 83 134 132 1 27 21 14 76 146 28 139 62 142 3 66 119 123 107 42 58 90 81 103 95 75 11 104 17 2 117 33 101 143 65 34 135 144 67 105 118 54 48 114 136 29 52 72 68 5 73 64 98 26 60 112 82 7 116 125 137 88 115 10 63 74 50 131 92 40 44 20 106 4 147 51 145 108 109 69 71 84 85 110 16 24 87 32 97 80,617212562,1914133,1914133,864025800,660418861
tai150b,random,46 119 128 22 20 25 107 109 99 27 81 100 36 53 96 102 73 48 50 8 1 121 17 40 10 108 33 15 77 123 136 52 65 110 42 75 38 59 85 62 55 72 139 148 90 54 125 146 147 39 92 117 138 16 7 9 57 122 80 74 91 105 3 103 140 79 98 95 141 13 34 149 127 70 21 86 44 6 132 31 58 19 14 129 142 97 64 143 106 23 112 78 43 60 61 131 114 26 87 66 71 69 12 94 133 84 56 126 111 30 45 0 145 5 41 120 63 4 76 29 68 130 124 113 118 93 32 104 89 47 11 135 28 18 144 82 2 24 67 134 49 101 51 115 137 83 37 116 88 35,624619177,47207,47207,860283400,660707669
tai150b,heuristic,110 24 46 87 71 16 146 140 144 126 56 85 70 64 35 18 134 98 145 38 11 148 127 105 114 19 45 51 3 49 119 62 122 15 59 149 142 131 4 101 67 128 93 0 129 34 17 109 61 40 147 22 111 69 12 21 90 138 135 94 92 125 76 104 123 41 141 26 136 2 103 39 52 33 60 116 29 113 78 74 27 81 8 65 50 48 89 95 121 53 102 47 75 107 42 112 9 120 63 72 124 99 84 5 77 108 57 30 28 32 73 132 25 86 23 68 96 139 7 88 43 100 130 118 54 83 36 117 66 91 79 14 13 37 97 31 80 143 1 20 137 44 106 133 6 115 55 58 82 10,620457677,0,1,0,648567753
tai150b,simulatedAnnealing,49 78 50 26 24 46 146 114 102 59 98 118 81 19 122 57 18 29 110 104 64 108 37 68 79 47 60 112 143 124 131 92 30 71 28 63 109 133 31 82 145 140 103 130 125 127 137 107 12 48 123 106 111 34 53 43 72 135 105 148 40 147 45 52 101 91 90 113 141 73 25 39 11 116 132 4 56 96 80 94 65 83 85 74 134 44 62 3 89 95 126 76 54 129 84 67 66 75 36 121 115 21 87 99 13 120 142 35 128 32 138 7 97 77 6 33 27 119 149 93 51 88 55 17 42 69 117 2 9 22 100 86 136 0 1 14 61 15 41 20 5 8 139 144 58 23 38 70 16 10,500579994,2843783,2849370,1397149300,655081856
tai150b,tabuSearch,143 81 132 113 55 14 117 148 61 83 85 89 65 4 76 15 41 108 11 94 140 38 31 39 45 126 101 28 141 67 73 103 71 13 77 93 149 142 7 20 133 32 12 111 9 18 99 40 0 147 3 54 90 136 145 48 138 109 116 49 121 119 97 123 84 96 130 88 6 56 33 86 22 46 10 53 95 5 26 104 50 78 62 92 29 59 114 122 146 102 57 44 42 135 107 51 66 58 82 118 17 69 25 74 21 70 30 1 144 23 87 35 34 137 139 98 2 125 16 36 43 124 72 106 68 115 75 128 127 52 63 131 110 60 120 129 112 79 37 27 91 100 105 8 47 24 134 64 80 19,527999429,552,414030,218529800,651545004
tai150b,steepest,55 41 79 92 143 64 146 134 31 33 46 6 110 122 27 19 57 24 95 149 77 86 63 37 89 98 142 62 113 93 7 26 141 45 127 43 36 87 67 91 39 73 125 48 11 109 58 147 1 145 40 72 28 12 138 42 101 88 129 119 52 90 54 3 59 4 66 68 123 10 131 2 137 139 99 51 50 102 74 124 78 148 140 5 126 65 18 112 114 81 60 29 83 97 118 13 20 108 32 71 128 34 21 103 22 49 144 53 84 56 75 16 135 104 115 30 44 116 23 70 107 136 111 61 106 69 117 17 100 82 130 0 14 25 85 38 94 15 76 9 120 35 121 133 8 80 132 47 96 105,520046250,241,2704350,1033292100,644342346
tai150b,greedy,67 53 16 95 62 57 85 139 26 100 146 78 0 24 44 122 58 49 11 28 70 15 135 130 86 8 92 59 38 136 37 61 10 132 119 23 6 52 116 93 131 104 142 127 42 83 97 81 120 54 69 115 117 43 109 74 22 143 33 12 138 66 111 103 3 82 108 148 137 98 90 71 25 31 123 105 96 102 101 41 89 50 18 76 126 65 47 114 56 19 110 29 99 14 107 2 40 17 4 147 9 84 20 75 141 125 30 144 45 134 73 35 68 79 149 77 7 91 32 113 21 34 72 124 1 13 112 106 145 118 63 60 80 88 94 87 36 128 27 129 5 64 55 39 48 133 121 140 46 51,512435023,1573,310528,125221300,634563044
tai150b,randomWalk,4 47 27 93 137 11 59 35 18 77 9 38 36 104 73 45 127 92 135 139 12 25 78 6 28 7 31 33 110 79 48 46 141 69 128 24 74 120 57 129 119 42 126 20 100 70 87 64 17 22 94 52 97 16 86 21 66 125 130 90 13 101 60 85 34 14 44 71 23 140 144 89 121 1 55 148 84 62 58 32 123 96 67 131 41 95 114 116 37 68 105 15 147 149 103 138 145 49 108 65 82 124 143 29 76 111 40 26 2 51 50 3 5 115 146 43 81 136 88 112 54 83 53 63 109 142 118 0 91 72 107 132 106 98 39 75 117 102 80 113 133 61 134 19 8 122 10 30 99 56,620799538,2257290,2257290,1036745600,661702299
tai150b,random,18 14 28 9 63 8 91 110 124 130 3 46 107 99 80 118 61 106 7 38 75 83 31 95 134 121 119 131 2 10 48 5 141 81 87 125 39 41 86 128 143 36 42 140 84 77 59 25 24 51 94 26 67 85 79 147 129 115 49 33 88 133 65 109 102 103 73 30 71 123 144 47 40 142 6 74 56 11 27 98 132 4 43 90 105 50 12 114 20 72 138 1 19 145 52 53 139 117 137 111 136 16 127 92 21 23 44 35 97 113 101 68 22 149 64 32 122 69 34 82 120 112 62 60 126 37 104 55 54 17 116 66 93 89 58 76 29 57 13 45 100 70 108 96 0 15 146 135 148 78,621059210,56821,56821,1035732300,655679320
tai150b,heuristic,110 24 46 87 71 16 146 140 144 126 56 85 70 64 35 18 134 98 145 38 11 148 127 105 114 19 45 51 3 49 119 62 122 15 59 149 142 131 4 101 67 128 93 0 129 34 17 109 61 40 147 22 111 69 12 21 90 138 135 94 92 125 76 104 123 41 141 26 136 2 103 39 52 33 60 116 29 113 78 74 27 81 8 65 50 48 89 95 121 53 102 47 75 107 42 112 9 120 63 72 124 99 84 5 77 108 57 30 28 32 73 132 25 86 23 68 96 139 7 88 43 100 130 118 54 83 36 117 66 91 79 14 13 37 97 31 80 143 1 20 137 44 106 133 6 115 55 58 82 10,620457677,0,1,0,652284371
tai150b,simulatedAnnealing,4 114 44 78 2 56 16 62 10 22 85 43 84 144 49 139 70 58 95 86 121 45 61 130 136 96 106 107 116 37 23 9 7 55 149 94 142 73 93 11 101 141 41 74 65 100 12 110 20 90 148 99 69 83 117 112 25 75 97 120 34 147 77 133 111 47 48 113 138 24 33 98 82 27 103 59 29 54 123 131 68 132 50 137 146 53 57 115 104 134 26 30 80 1 66 19 51 40 88 3 0 42 17 14 119 13 105 126 38 128 91 140 52 39 6 87 8 15 35 32 5 92 28 109 67 127 60 79 129 124 143 72 145 21 122 18 125 118 63 36 135 71 102 89 31 81 108 64 46 76,502462862,2692934,2698521,1257513500,659734402
tai150b,tabuSearch,52 35 53 125 122 70 50 121 106 64 146 144 87 29 84 132 43 46 88 51 2 48 112 72 66 16 22 89 107 54 34 21 4 59 76 24 118 139 58 56 102 57 19 69 111 117 100 130 136 20 78 5 61 9 10 42 90 68 3 47 26 28 80 98 37 91 45 82 133 71 41 141 101 73 147 97 63 1 92 115 116 105 39 119 13 27 36 128 67 6 8 110 40 14 75 15 17 0 23 99 11 12 38 137 83 31 94 95 44 140 62 55 85 25 96 135 148 49 126 65 145 7 142 143 74 127 120 129 131 18 149 77 108 93 103 33 124 123 109 138 60 30 32 113 114 134 104 81 86 79,522832549,821,615450,313254400,655446613
tai150b,steepest,134 74 47 120 77 8 82 27 133 111 98 63 79 113 39 138 105 128 45 141 35 145 21 52 118 73 36 125 71 91 103 12 32 28 40 24 123 131 129 38 127 18 33 121 84 43 99 75 92 116 93 124 97 0 90 143 142 80 122 4 3 5 59 95 117 76 78 57 11 102 101 89 135 58 110 104 30 106 147 115 87 53 46 67 146 108 31 132 64 48 72 140 119 86 17 130 15 1 37 6 20 136 109 13 68 139 16 70 10 144 137 56 22 49 23 2 7 149 19 96 26 65 107 148 42 14 54 126 66 9 94 25 69 112 60 83 51 88 61 100 34 55 85 114 44 41 62 50 29 81,510247422,272,3050775,1314128500,660784436
tai150b,greedy,23 73 27 121 88 128 81 108 72 129 33 127 131 124 105 60 35 102 93 13 53 67 101 86 36 32 37 21 87 97 11 40 56 136 57 58 28 139 49 119 130 16 145 118 74 122 22 106 84 59 99 111 18 0 63 107 5 26 95 4 113 14 8 31 10 39 61 132 80 50 112 140 38 133 2 94 71 68 123 135 115 141 25 54 134 19 149 77 96 7 103 82 138 75 125 142 34 109 143 79 92 78 76 120 6 83 98 44 89 146 15 47 116 70 62 24 85 110 29 46 12 100 48 9 17 52 137 65 117 3 90 42 147 66 51 91 126 43 69 20 1 64 114 104 148 45 55 30 144 41,517173391,1491,358635,136311900,654522016
tai150b,randomWalk,117 128 59 127 118 96 98 106 58 139 36 83 94 27 51 64 32 79 55 110 10 46 116 77 65 5 124 61 121 149 17 20 130 95 88 114 148 56 42 135 25 47 62 39 142 15 129 71 13 31 136 40 41 74 33 28 3 122 4 97 23 53 80 109 102 119 92 78 72 101 14 108 131 87 132 11 84 93 9 107 8 45 90 24 21 67 48 146 50 105 19 38 111 44 6 145 125 85 99 76 12 7 144 120 115 81 140 60 126 16 112 89 49 82 37 26 143 0 63 75 138 57 133 35 69 54 86 123 68 137 34 2 70 91 103 30 1 22 147 18 134 52 66 113 43 73 100 141 104 29,618621318,2915661,2915661,1314720400,652313187
tai150b,random,98 19 100 139 140 30 116 65 6 11 85 44 18 144 145 72 113 127 55 125 93 108 82 105 28 95 77 120 23 29 143 4 46 39 149 14 48 31 8 16 12 38 102 126 7 132 35 92 33 1 51 27 70 54 49 109 64 36 115 40 129 107 101 88 74 121 25 50 24 71 104 62 9 141 80 135 52 42 134 119 86 67 69 15 26 56 136 91 21 122 124 13 2 96 43 5 90 142 32 94 131 10 106 112 103 0 83 47 110 79 147 128 78 41 57 68 99 133 148 84 17 89 53 117 76 73 118 81 22 137 114 111 45 75 3 61 87 59 20 97 138 60 146 130 123 63 58 66 37 34,622890455,69853,69853,1314466000,642853981
tai150b,heuristic,110 24 46 87 71 16 146 140 144 126 56 85 70 64 35 18 134 98 145 38 11 148 127 105 114 19 45 51 3 49 119 62 122 15 59 149 142 131 4 101 67 128 93 0 129 34 17 109 61 40 147 22 111 69 12 21 90 138 135 94 92 125 76 104 123 41 141 26 136 2 103 39 52 33 60 116 29 113 78 74 27 81 8 65 50 48 89 95 121 53 102 47 75 107 42 112 9 120 63 72 124 99 84 5 77 108 57 30 28 32 73 132 25 86 23 68 96 139 7 88 43 100 130 118 54 83 36 117 66 91 79 14 13 37 97 31 80 143 1 20 137 44 106 133 6 115 55 58 82 10,620457677,0,1,0,646175214
tai150b,simulatedAnnealing,30 28 19 143 102 56 46 24 47 79 18 92 31 53 57 108 146 122 5 114 96 25 68 60 81 50 112 99 148 110 29 59 65 89 135 121 51 55 126 76 95 94 3 90 14 107 4 91 42 83 117 37 100 132 131 113 9 109 80 130 106 41 38 119 17 1 52 8 88 6 43 116 86 23 97 36 71 27 111 67 103 48 82 72 98 39 133 63 140 118 145 64 115 62 74 78 147 54 66 75 26 69 61 104 22 136 16 44 10 134 0 70 15 2 58 139 85 84 144 49 129 73 21 12 127 45 120 87 34 20 125 137 123 138 128 141 13 101 105 40 124 11 149 7 93 142 33 32 35 77,501516193,2698521,2704108,1310143700,633690908
tai150b,tabuSearch,12 20 142 82 68 94 7 29 121 37 93 101 55 77 132 149 141 41 104 48 88 27 30 138 124 113 111 131 114 103 92 102 72 25 106 64 120 147 81 5 26 74 148 69 0 22 84 109 112 100 9 34 43 97 90 86 134 33 60 16 110 4 85 116 83 76 75 44 2 70 14 58 62 49 61 8 47 65 13 6 31 128 11 32 105 140 71 23 96 35 73 126 1 107 3 54 78 79 42 145 51 10 144 66 59 118 56 19 99 50 24 57 115 122 98 53 135 146 108 143 136 45 129 127 80 137 67 117 52 130 95 125 63 123 87 139 21 17 40 36 18 46 89 38 28 119 91 133 15 39,525520062,688,514740,279059400,647706701
tai150b,steepest,102 114 70 110 15 16 146 8 38 0 29 58 6 18 80 65 85 132 4 44 133 97 17 83 119 50 139 136 116 74 62 2 47 147 138 42 10 39 14 61 115 52 51 129 120 105 106 72 118 63 137 145 21 127 22 27 117 34 43 86 66 19 96 141 130 82 37 95 111 32 48 35 25 73 103 81 53 1 60 124 88 67 89 112 46 121 13 108 98 23 36 87 28 12 143 125 33 20 128 75 69 40 123 100 77 79 144 126 3 140 45 134 148 71 113 31 91 90 64 30 9 104 94 109 107 68 24 93 99 92 122 5 135 78 149 142 131 7 49 54 84 26 55 41 11 101 59 56 57 76,515155571,258,2894325,1115602700,655569588
tai150b,greedy,81 114 121 77 71 56 55 96 135 141 41 73 94 25 149 82 57 7 101 58 32 59 0 107 9 35 28 40 23 113 11 130 16 10 2 137 117 139 144 49 22 68 78 99 4 21 20 66 43 52 129 1 91 109 34 103 127 79 136 116 75 67 142 108 13 53 87 115 61 146 14 98 93 132 6 65 18 97 88 42 148 19 24 33 27 122 8 100 105 138 120 128 69 123 3 45 90 119 125 38 12 76 84 17 37 89 70 30 26 134 131 44 15 83 104 95 86 54 62 85 48 143 72 102 145 31 106 60 92 64 74 124 5 118 110 112 63 36 80 147 111 46 133 50 29 39 51 126 140 47,510736670,1639,351204,129848300,646852188
tai150b,randomWalk,90 40 88 49 1 137 96 98 133 144 29 127 3 13 28 63 118 79 102 16 25 84 12 114 99 19 27 30 56 125 139 50 55 72 36 136 66 122 121 22 81 7 21 45 131 69 124 51 10 31 142 24 110 54 111 147 5 120 106 4 58 135 75 62 74 115 100 17 23 97 78 70 76 20 64 145 123 67 85 71 134 34 65 101 11 130 18 37 32 89 39 92 143 113 73 33 119 87 47 0 149 141 112 148 68 93 38 129 80 105 108 77 53 104 46 8 132 116 48 6 44 109 103 83 42 86 138 59 2 14 35 57 60 140 52 94 117 91 43 126 82 61 15 146 95 41 9 107 26 128,619023189,2418256,2418256,1116935900,644781159
tai150b,random,79 147 88 58 95 121 134 31 66 19 91 2 81 12 5 42 55 32 92 136 49 143 130 129 119 10 72 29 99 96 120 123 54 132 59 87 23 21 34 46 28 68 61 63 50 17 85 53 116 25 30 107 128 70 86 18 48 38 76 22 14 33 104 146 9 117 65 20 73 62 45 111 16 52 56 144 39 82 133 64 137 37 139 47 3 94 78 110 89 41 90 8 60 75 43 4 97 118 44 69 142 112 93 36 105 141 102 40 80 131 127 138 51 115 74 0 126 140 27 11 125 1 114 124 77 83 109 149 108 71 113 100 122 67 6 101 145 57 7 13 35 24 98 148 106 84 26 135 103 15,620345399,59066,59066,1116777700,653014825
tai150b,heuristic,110 24 46 87 71 16 146 140 144 126 56 85 70 64 35 18 134 98 145 38 11 148 127 105 114 19 45 51 3 49 119 62 122 15 59 149 142 131 4 101 67 128 93 0 129 34 17 109 61 40 147 22 111 69 12 21 90 138 135 94 92 125 76 104 123 41 141 26 136 2 103 39 52 33 60 116 29 113 78 74 27 81 8 65 50 48 89 95 121 53 102 47 75 107 42 112 9 120 63 72 124 99 84 5 77 108 57 30 28 32 73 132 25 86 23 68 96 139 7 88 43 100 130 118 54 83 36 117 66 91 79 14 13 37 97 31 80 143 1 20 137 44 106 133 6 115 55 58 82 10,620457677,0,1,0,656030901
tai150b,simulatedAnnealing,81 60 85 95 96 16 134 44 86 43 56 10 78 19 58 62 139 49 84 22 144 3 54 106 117 121 68 137 55 107 2 80 70 7 110 1 14 116 41 61 101 23 88 113 45 100 138 82 34 25 69 5 66 141 135 130 42 37 73 12 120 125 77 71 147 39 48 33 91 27 90 35 52 32 111 98 57 76 99 59 89 24 114 4 104 30 122 26 146 29 102 50 83 40 74 94 112 9 136 65 51 148 97 126 142 13 6 128 93 8 20 87 149 132 105 119 11 17 38 15 124 115 108 143 21 31 75 36 127 129 123 109 79 103 118 67 145 63 92 72 0 140 47 53 133 28 18 64 46 131,503100972,2642651,2648238,1302258400,661579592
tai150b,tabuSearch,39 8 108 149 114 50 144 104 103 146 24 30 57 29 134 132 46 27 4 125 53 102 109 89 11 15 115 87 122 68 7 92 56 72 21 76 99 26 93 131 59 54 142 86 34 135 12 129 67 119 84 0 36 127 49 58 5 79 2 41 94 74 47 60 100 51 88 133 9 55 80 126 124 112 17 77 98 31 83 6 44 141 32 62 70 35 85 13 10 71 16 113 137 130 63 145 123 143 111 43 139 40 75 22 117 65 121 95 64 19 96 37 101 28 106 18 110 118 48 107 91 45 38 61 3 90 120 97 105 148 1 42 138 128 116 52 147 66 20 23 78 69 25 33 140 14 82 81 136 73,522313250,744,559500,322182800,645313409
tai256c,steepest,252 14 69 117 202 8 185 243 231 95 180 63 114 78 165 81 11 214 162 56 172 189 2 179 129 219 104 93 54 225 197 183 31 32 175 100 123 28 237 208 140 234 90 144 108 66 136 153 204 17 176 125 246 194 158 19 83 222 240 43 75 45 37 155 102 87 26 211 41 110 49 39 119 143 121 216 170 22 239 131 96 249 150 73 34 207 60 228 148 168 52 5 57 18 151 205 161 111 141 133 149 126 33 230 164 127 91 84 184 3 181 132 221 6 1 36 86 163 21 53 220 241 226 201 169 177 27 253 23 232 210 65 146 67 15 139 167 82 80 203 99 70 79 68 9 20 154 74 147 223 24 72 193 190 187 64 195 186 101 152 235 106 12 103 85 59 142 120 224 46 58 182 76 248 35 16 242 198 215 213 115 173 156 218 255 107 94 30 128 192 233 109 0 229 44 236 124 51 122 245 254 157 130 98 50 62 209 145 47 55 10 40 77 160 113 116 89 159 200 171 71 138 244 247 196 227 88 212 238 206 251 112 217 135 4 250 178 199 134 166 13 118 48 7 174 29 191 188 38 61 92 137 42 97 105 25,44987306,41,1370880,1248061800,52756616
tai256c,greedy,29 236 107 124 65 152 182 12 32 158 7 31 199 55 72 122 217 118 193 52 144 38 74 255 202 21 59 205 35 132 57 10 227 238 241 150 141 147 120 3 103 42 173 224 86 170 61 244 190 175 129 155 162 50 110 210 67 127 93 89 185 246 63 179 0 46 27 234 96 18 101 95 229 188 69 84 249 167 137 115 76 197 232 223 24 98 176 164 212 219 253 214 171 228 204 114 99 195 203 163 8 248 218 14 45 5 11 116 17 28 75 62 49 189 26 34 207 226 209 180 225 4 154 81 139 201 208 125 68 243 41 161 109 142 183 30 60 215 90 20 111 13 198 145 105 168 131 87 156 19 16 119 51 108 169 47 206 242 252 112 102 136 192 140 66 134 113 231 97 220 166 77 79 70 187 104 39 92 174 1 240 80 53 54 200 138 148 233 43 250 216 151 254 178 83 165 235 64 123 159 194 181 126 172 44 230 91 9 222 94 82 128 251 106 143 23 133 40 196 25 100 211 121 71 130 73 184 56 117 157 245 6 78 2 221 191 135 48 213 149 177 186 36 160 85 239 33 58 153 247 88 22 237 15 37 146,44975222,277,1256908,1065295300,53998892
tai256c,randomWalk,102 82 208 225 221 12 148 226 110 0 29 78 71 108 250 80 239 199 182 113 177 62 106 184 230 203 173 187 72 3 164 32 240 125 137 75 251 22 99 51 35 146 69 153 118 205 150 2 248 23 141 167 200 123 216 42 44 170 21 122 77 159 178 104 6 85 17 227 126 247 34 220 63 37 97 197 117 87 100 244 67 131 27 52 49 233 211 237 191 158 59 154 11 41 31 94 24 222 133 168 245 68 30 190 255 151 40 172 89 180 18 215 13 219 149 238 228 235 121 223 39 232 206 201 157 50 142 5 109 95 127 124 92 202 115 175 171 198 76 128 152 165 103 98 181 174 64 242 74 209 60 15 156 204 249 28 252 120 192 38 25 48 81 210 79 144 145 83 163 88 111 193 129 16 253 65 70 212 43 231 169 147 189 166 46 107 132 176 10 229 57 55 185 91 84 116 140 54 224 135 213 73 161 47 45 139 162 160 179 112 90 243 254 9 66 194 20 155 236 36 14 138 214 96 7 218 183 217 61 4 143 136 105 19 58 196 114 188 53 186 241 93 56 234 26 246 33 8 195 130 86 207 119 101 134 1,49694276,1230606,1230606,1255312100,53527108
tai256c,random,172 140 104 139 45 60 4 93 89 146 135 218 167 211 122 65 249 98 212 179 48 42 123 37 193 248 115 246 78 57 237 117 163 178 176 224 1 91 153 137 103 12 131 157 80 160 110 62 158 152 190 183 245 61 69 17 55 46 119 112 173 47 19 251 88 28 142 196 242 130 208 201 185 205 187 0 120 166 226 213 239 171 184 102 241 175 106 128 82 222 250 85 54 109 105 50 111 59 215 147 254 144 180 31 186 204 127 68 223 108 90 23 94 132 234 151 244 200 100 198 24 63 177 225 2 8 209 231 154 195 202 233 76 64 51 96 247 26 162 77 70 121 133 155 149 210 14 165 156 29 168 92 34 129 27 81 95 221 220 36 18 33 207 72 203 99 113 255 227 199 235 136 73 126 145 188 21 83 3 217 79 161 159 20 11 97 219 243 53 22 58 252 236 182 86 228 148 194 25 74 118 7 5 43 230 15 38 141 39 164 101 240 107 138 6 189 191 232 214 56 174 253 41 170 66 49 143 44 32 67 16 197 35 229 150 238 30 84 181 10 124 9 192 134 114 206 75 169 71 13 52 216 40 125 87 116,49940380,24358,24358,1249253600,52429062
tai256c,heuristic,192 166 255 254 253 252 251 250 249 248 247 246 245 244 243 242 241 240 239 238 237 236 235 234 233 232 231 230 229 228 227 226 225 224 223 222 221 220 219 218 217 216 215 214 213 212 211 165 210 209 208 207 206 205 204 203 202 201 200 199 198 197 196 167 164 195 194 193 191 190 189 188 187 186 185 184 183 182 181 180 179 178 177 176 175 174 173 172 171 170 169 168 92 93 94 95 96 97 98 99 100 101 102 103 104 105 106 107 108 109 110 111 112 113 114 115 116 117 118 119 120 121 122 123 124 125 63 64 47 129 130 131 132 133 134 135 136 137 138 139 140 141 142 143 144 145 146 147 148 149 150 151 152 153 154 155 156 157 158 159 160 161 162 163 81 128 127 126 91 90 89 88 87 86 85 84 83 82 1 80 79 78 77 76 75 74 73 72 71 70 69 68 0 67 66 65 62 61 60 59 58 57 56 55 54 53 52 51 50 49 48 46 45 44 43 42 41 40 39 38 37 36 35 34 33 32 31 30 29 28 27 26 25 24 23 22 21 20 19 18 17 16 15 14 13 12 11 10 9 8 7 6 5 4 3 2,98685678,0,1,0,52218322
tai256c,simulatedAnnealing,28 169 214 49 91 209 211 163 167 81 136 187 58 53 189 141 240 76 207 34 218 23 165 9 150 235 126 32 239 4 204 194 247 184 121 70 180 95 109 6 19 2 222 63 87 100 26 83 154 228 15 145 17 133 104 174 102 119 199 43 148 252 61 13 159 78 139 201 68 113 73 245 106 250 41 160 197 128 96 237 36 30 38 115 177 56 226 130 172 124 66 232 241 1 42 153 144 243 16 37 21 173 147 25 229 224 108 205 179 47 210 48 92 162 140 219 14 64 45 135 93 168 142 74 103 120 213 118 65 77 137 131 59 164 7 75 220 246 236 27 67 191 110 31 69 254 44 98 10 192 152 116 122 249 181 248 132 225 233 176 190 50 238 178 94 155 188 8 175 105 221 255 171 107 112 149 242 156 202 33 234 203 40 182 0 212 39 157 80 129 230 185 183 198 143 72 60 170 57 231 138 82 186 217 208 85 89 253 193 90 18 35 216 11 86 5 117 3 123 29 125 223 244 24 206 215 55 127 71 88 200 12 227 101 196 111 251 151 52 195 158 84 46 20 161 166 51 79 114 97 62 146 22 134 54 99,44887956,8094720,8111040,7809551000,53373290
tai256c,tabuSearch,197 175 63 0 224 163 187 221 71 195 51 86 4 248 161 178 137 46 109 155 158 75 217 214 118 204 190 173 122 219 88 94 21 36 101 6 24 90 144 169 120 92 124 18 66 241 234 182 209 44 141 212 64 226 58 231 133 11 29 26 223 111 192 98 199 150 202 9 68 83 61 31 148 113 41 130 143 229 252 243 81 105 54 165 152 33 184 126 39 115 254 56 59 108 183 186 95 97 198 27 129 127 10 210 19 67 170 177 91 132 172 12 34 117 157 7 139 240 62 247 65 79 154 179 245 49 114 13 74 37 82 136 93 171 146 237 166 100 28 15 43 119 78 84 147 104 87 167 16 194 176 251 35 200 30 191 230 196 232 239 135 228 246 156 53 48 76 121 52 60 201 77 73 222 70 207 249 203 8 23 103 25 185 50 242 153 160 17 134 145 142 159 244 128 2 255 215 32 110 72 216 55 208 188 218 168 5 3 96 45 99 38 238 250 235 189 125 89 102 233 220 213 227 80 14 131 107 151 106 138 20 40 225 211 69 193 253 1 140 85 47 181 112 164 22 42 180 162 205 116 174 236 149 206 57 123,45067256,1004,1339265,1338928600,51622638
tai256c,steepest,21 52 245 235 213 91 72 241 49 255 34 62 171 4 248 95 67 120 218 38 41 28 205 134 173 19 158 151 117 137 208 60 69 211 143 207 106 201 82 226 108 110 7 47 113 0 58 140 125 220 17 147 149 130 230 89 77 45 103 144 161 222 166 86 233 196 168 252 164 175 84 176 99 194 154 237 14 64 183 123 186 179 43 24 188 198 10 243 55 96 216 132 239 253 225 160 100 22 142 118 187 90 63 30 56 112 141 50 185 199 172 79 97 104 88 92 246 102 54 65 227 48 135 111 212 177 153 181 5 9 85 15 244 51 210 116 61 36 178 40 238 155 70 170 202 109 25 71 240 33 163 159 121 228 114 145 219 101 214 204 242 247 6 23 234 107 184 46 174 231 81 236 76 131 75 165 224 2 217 250 169 39 74 209 29 73 148 150 83 66 122 59 192 189 182 119 3 200 251 229 133 197 232 11 146 94 191 42 203 115 152 180 136 215 206 1 16 26 57 87 31 139 68 98 93 221 27 193 37 13 20 8 12 44 254 129 128 162 156 78 32 138 80 249 18 124 195 127 157 190 167 105 126 53 35 223,44935592,41,1370880,1281257000,53416928
tai256c,greedy,117 194 199 19 4 21 191 76 89 201 103 251 25 137 146 135 1 91 47 110 12 192 78 65 248 236 143 82 197 48 233 227 40 238 180 112 165 157 214 123 218 204 163 29 140 129 6 223 150 95 174 187 225 61 120 184 10 55 58 23 106 67 93 177 72 44 125 132 27 53 97 16 155 152 170 100 14 242 245 144 50 33 189 167 221 212 255 85 70 231 36 115 239 222 173 208 230 188 171 51 229 203 166 43 7 63 220 28 34 39 249 49 22 66 126 68 90 209 30 11 246 74 127 149 20 243 116 88 183 224 121 181 195 69 35 87 15 151 241 182 131 213 159 196 138 130 13 219 105 118 18 24 77 42 102 5 84 179 254 193 206 153 52 59 205 96 141 71 81 142 148 75 128 160 86 158 216 162 252 32 98 235 134 161 133 122 244 164 79 147 17 119 101 136 45 73 83 104 111 38 124 169 3 207 26 80 211 168 172 107 0 253 176 57 145 190 56 2 247 113 232 54 202 154 41 37 62 94 217 240 178 99 92 234 185 186 175 215 200 114 31 210 139 9 250 237 156 46 226 109 60 8 64 198 108 228,44893056,311,1597821,1364770800,54395022
tai256c,randomWalk,23 37 191 185 222 195 179 203 1 69 234 254 94 213 60 255 236 251 3 103 215 124 99 113 130 174 168 107 147 52 132 186 45 152 65 156 143 247 153 194 88 35 71 49 199 77 105 227 180 8 39 119 98 127 157 6 10 100 141 74 25 193 84 95 63 223 115 24 111 30 4 29 90 209 218 92 27 96 155 31 81 205 151 17 5 192 166 32 48 144 217 241 231 198 145 200 66 249 162 85 137 21 91 181 237 56 83 0 170 22 43 245 121 232 177 112 2 244 78 16 7 165 9 106 230 253 212 220 51 101 211 70 138 240 197 116 225 42 161 120 76 216 131 47 18 176 110 196 12 34 173 221 89 64 57 160 139 15 86 169 135 59 133 82 11 163 189 33 36 14 204 87 224 109 125 44 159 53 243 239 123 13 40 117 75 158 129 20 140 118 167 171 190 188 164 102 128 108 206 62 246 72 178 104 235 97 79 214 41 26 184 202 67 248 229 150 228 146 114 154 233 149 207 19 219 142 183 175 210 58 122 61 50 242 250 252 126 148 182 172 136 187 134 54 68 201 238 38 28 80 208 73 55 226 93 46,49818662,1395288,1395288,1281522800,54899886
tai256c,random,116 2 59 15 130 198 113 35 134 126 51 133 216 38 212 154 47 107 143 142 219 77 73 206 218 175 177 227 64 7 94 43 29 184 197 151 128 178 119 239 105 163 195 46 121 226 246 234 8 102 40 147 41 110 153 120 79 183 161 140 156 131 251 85 61 68 112 186 149 84 168 81 255 230 23 244 6 172 96 158 103 208 185 109 160 135 93 241 180 118 236 124 1 78 181 187 252 52 136 82 127 95 0 217 31 137 122 20 101 104 37 11 165 204 190 248 159 145 83 213 53 179 228 232 152 148 155 32 54 193 215 48 189 42 60 115 56 238 18 27 5 224 164 169 88 36 91 75 44 24 249 99 167 214 132 196 71 65 80 211 207 10 247 34 221 69 12 243 108 240 39 16 14 100 9 182 242 245 200 209 3 97 188 76 166 174 111 253 50 66 138 49 21 202 89 63 192 199 162 170 146 28 26 92 150 210 57 87 123 157 171 194 141 106 45 25 220 30 13 229 129 98 223 205 231 201 58 90 203 19 144 222 86 237 117 254 173 33 62 235 74 191 17 70 22 176 139 67 72 55 225 233 125 4 250 114,49824882,25335,25335,1285981500,52873678
tai256c,heuristic,192 166 255 254 253 252 251 250 249 248 247 246 245 244 243 242 241 240 239 238 237 236 235 234 233 232 231 230 229 228 227 226 225 224 223 222 221 220 219 218 217 216 215 214 213 212 211 165 210 209 208 207 206 205 204 203 202 201 200 199 198 197 196 167 164 195 194 193 191 190 189 188 187 186 185 184 183 182 181 180 179 178 177 176 175 174 173 172 171 170 169 168 92 93 94 95 96 97 98 99 100 101 102 103 104 105 106 107 108 109 110 111 112 113 114 115 116 117 118 119 120 121 122 123 124 125 63 64 47 129 130 131 132 133 134 135 136 137 138 139 140 141 142 143 144 145 146 147 148 149 150 151 152 153 154 155 156 157 158 159 160 161 162 163 81 128 127 126 91 90 89 88 87 86 85 84 83 82 1 80 79 78 77 76 75 74 73 72 71 70 69 68 0 67 66 65 62 61 60 59 58 57 56 55 54 53 52 51 50 49 48 46 45 44 43 42 41 40 39 38 37 36 35 34 33 32 31 30 29 28 27 26 25 24 23 22 21 20 19 18 17 16 15 14 13 12 11 10 9 8 7 6 5 4 3 2,98685678,0,1,0,53733868
tai256c,simulatedAnnealing,129 197 132 29 146 169 207 156 135 61 98 245 33 163 22 118 19 9 85 126 216 154 81 120 72 243 78 93 222 167 57 75 4 108 111 165 176 46 24 240 201 39 53 50 27 211 239 234 171 186 254 7 231 112 139 161 204 228 15 90 219 199 100 237 64 141 174 1 70 214 189 115 44 83 248 122 152 251 180 68 12 87 159 226 36 194 16 105 42 209 150 63 94 73 54 173 56 157 92 213 233 182 170 49 58 172 149 103 60 25 178 224 185 109 95 145 62 253 142 66 223 17 137 148 232 106 48 236 124 184 65 162 168 96 166 119 18 177 69 6 38 3 0 160 255 230 147 250 20 187 188 140 235 134 252 86 190 244 143 71 221 131 133 198 155 43 74 136 21 183 179 40 215 128 123 13 249 91 82 67 225 191 113 121 2 193 89 203 130 117 144 195 205 206 97 218 102 247 241 76 99 153 35 37 84 5 200 52 208 45 26 158 138 229 51 107 104 238 227 77 8 59 41 151 246 28 202 164 101 88 55 242 11 210 10 34 80 114 116 14 32 192 30 31 175 220 196 23 125 47 212 181 110 79 127 217,44925182,8404800,8421120,7807536800,53468492
tai256c,tabuSearch,34 172 103 21 70 161 129 6 38 25 45 47 73 238 144 8 4 136 196 203 242 223 178 62 245 13 234 141 65 206 210 191 213 88 117 107 166 224 42 19 28 11 74 17 198 147 53 0 189 83 151 186 155 134 48 228 126 181 201 174 97 68 252 51 55 80 77 94 164 143 227 220 231 138 124 255 132 249 85 111 92 59 105 40 114 30 169 184 100 216 193 122 33 207 119 20 54 148 98 243 247 137 67 84 187 188 71 99 112 237 36 192 27 254 49 123 16 158 171 149 43 14 2 202 157 219 195 221 39 214 185 87 183 165 24 46 179 226 26 135 3 12 76 22 90 163 194 241 225 64 56 79 152 215 176 116 160 44 58 95 177 60 173 146 182 156 235 113 236 108 5 167 240 121 66 32 153 133 190 93 218 217 212 130 197 1 52 81 200 82 246 9 232 101 78 142 162 118 125 131 175 37 244 75 15 250 31 115 170 18 251 35 127 69 89 57 208 180 72 222 211 128 139 253 10 86 145 159 96 50 204 41 106 199 140 102 29 104 63 120 110 91 209 150 23 7 154 61 229 248 168 205 233 239 230 109,45087812,818,1077945,1098376900,53842218
tai256c,steepest,216 36 22 158 42 57 252 155 231 243 211 153 222 121 249 129 61 15 226 218 228 59 48 99 24 13 76 201 190 177 214 72 47 66 70 30 197 205 172 81 141 117 170 235 96 44 187 166 240 132 184 90 79 138 239 104 151 192 7 2 17 94 180 127 84 149 109 114 27 87 107 39 53 34 102 194 199 136 220 254 163 5 10 51 246 19 146 175 124 134 209 144 171 255 210 23 88 156 174 251 37 106 189 69 217 85 229 108 68 224 142 212 206 182 150 111 169 116 245 167 147 165 185 145 173 95 213 230 238 234 135 31 115 125 152 137 77 179 75 3 93 200 60 55 164 223 83 118 126 46 73 154 119 71 45 183 241 112 11 176 38 208 65 32 178 237 43 202 215 191 35 49 103 131 92 14 120 236 113 128 40 244 225 58 1 122 139 9 161 54 227 247 219 193 250 196 140 74 159 67 29 101 86 20 8 203 89 110 80 253 28 186 16 4 62 204 91 52 162 157 82 78 207 181 98 168 232 100 0 25 133 56 63 160 26 50 64 233 198 18 6 12 130 188 148 123 143 248 33 242 21 41 105 195 97 221,44904172,49,1632000,1405538700,52722932
tai256c,greedy,196 0 123 10 202 40 170 189 239 13 220 73 161 142 176 128 23 217 80 172 113 91 187 35 140 198 208 3 48 193 33 226 76 6 118 131 133 244 136 159 254 206 247 58 71 211 229 82 249 25 52 241 167 121 164 184 103 30 111 67 54 108 79 235 99 37 146 116 174 61 106 215 179 181 65 101 27 18 150 47 232 237 252 44 20 94 153 8 88 155 125 69 158 117 147 166 93 85 194 70 51 178 171 9 197 180 144 126 195 96 17 38 162 112 24 188 83 60 4 124 78 46 1 77 22 175 74 216 177 248 45 102 165 212 141 115 210 90 130 143 120 89 104 64 86 21 62 224 75 105 156 26 11 186 183 55 201 59 63 137 168 109 32 36 255 57 119 173 15 204 203 234 132 114 242 145 227 7 240 246 243 233 87 41 222 12 163 39 228 100 245 160 139 16 192 223 185 72 152 199 107 191 209 214 98 154 238 169 34 200 230 149 29 213 5 129 97 110 31 92 134 205 219 19 14 218 148 95 53 253 42 207 231 66 2 122 138 236 56 43 50 190 250 84 135 182 127 49 28 225 68 157 251 221 151 81,44945088,265,1311504,1098628700,52416606
tai256c,randomWalk,72 101 90 155 19 42 96 39 164 20 144 238 209 94 143 171 137 245 9 77 134 32 87 49 71 200 112 203 119 120 212 251 80 68 22 14 61 25 146 240 205 98 237 231 252 130 241 255 185 217 29 208 86 53 92 226 51 44 79 192 24 198 244 154 213 157 202 168 76 221 105 27 36 145 109 149 253 116 151 167 161 156 81 107 126 123 248 6 84 201 2 174 236 204 224 222 11 233 190 232 121 150 63 234 235 138 82 162 127 15 41 60 113 135 89 115 99 26 227 45 247 152 170 207 114 153 133 17 4 210 186 223 131 12 102 196 38 184 118 166 242 1 93 97 47 111 220 141 128 117 218 108 70 140 57 23 62 50 52 175 148 176 88 124 66 180 125 194 74 230 18 239 85 183 197 178 59 159 173 65 158 187 211 139 182 10 40 33 179 104 48 69 30 229 7 216 83 189 129 246 142 225 100 181 37 31 35 249 67 43 206 28 46 147 177 78 58 254 219 215 243 214 95 199 21 136 5 3 106 91 165 193 163 160 191 195 8 54 13 103 228 55 0 172 34 122 188 73 64 75 56 110 250 169 132 16,49563428,1540358,1540358,1409211000,53546868
tai256c,random,224 76 20 85 30 173 197 192 246 179 184 170 243 29 125 124 144 28 163 117 94 250 226 22 107 218 191 16 88 13 56 47 96 24 32 227 14 141 232 79 100 82 23 248 200 36 137 153 52 160 98 1 62 165 205 8 199 126 201 68 133 121 148 51 207 119 129 134 120 75 5 181 89 230 90 211 4 21 66 222 195 123 225 87 53 196 86 176 171 150 147 83 186 70 38 223 99 60 202 238 209 146 110 143 254 33 161 18 251 204 55 65 111 210 168 81 19 64 166 77 2 142 132 44 240 46 31 247 193 101 208 71 40 244 177 221 112 105 63 180 245 215 39 172 242 49 216 9 92 219 116 108 136 48 139 102 241 190 12 115 91 104 236 217 84 182 149 57 198 164 169 0 58 212 97 114 140 178 10 155 95 61 220 183 135 25 159 15 156 50 194 228 187 6 69 59 174 188 130 106 109 103 237 80 41 78 175 122 249 11 127 151 231 185 158 138 206 154 34 203 234 235 45 93 27 131 157 35 214 118 128 252 229 189 7 113 145 43 167 74 233 239 255 26 54 152 67 253 162 42 72 73 17 37 3 213,49784824,27588,27588,1410714300,53188878
tai256c,heuristic,192 166 255 254 253 252 251 250 249 248 247 246 245 244 243 242 241 240 239 238 237 236 235 234 233 232 231 230 229 228 227 226 225 224 223 222 221 220 219 218 217 216 215 214 213 212 211 165 210 209 208 207 206 205 204 203 202 201 200 199 198 197 196 167 164 195 194 193 191 190 189 188 187 186 185 184 183 182 181 180 179 178 177 176 175 174 173 172 171 170 169 168 92 93 94 95 96 97 98 99 100 101 102 103 104 105 106 107 108 109 110 111 112 113 114 115 116 117 118 119 120 121 122 123 124 125 63 64 47 129 130 131 132 133 134 135 136 137 138 139 140 141 142 143 144 145 146 147 148 149 150 151 152 153 154 155 156 157 158 159 160 161 162 163 81 128 127 126 91 90 89 88 87 86 85 84 83 82 1 80 79 78 77 76 75 74 73 72 71 70 69 68 0 67 66 65 62 61 60 59 58 57 56 55 54 53 52 51 50 49 48 46 45 44 43 42 41 40 39 38 37 36 35 34 33 32 31 30 29 28 27 26 25 24 23 22 21 20 19 18 17 16 15 14 13 12 11 10 9 8 7 6 5 4 3 2,98685678,0,1,0,53485868
tai256c,simulatedAnnealing,21 72 98 4 243 70 49 2 230 92 77 140 47 26 128 58 255 13 34 228 11 60 51 95 0 226 170 75 174 53 219 191 62 178 153 160 85 142 187 36 166 200 183 247 28 6 222 39 127 204 151 132 121 195 109 224 41 96 192 198 234 17 217 117 185 9 252 30 147 237 100 81 106 87 89 119 123 213 130 181 232 164 136 155 64 24 134 189 157 145 83 209 5 25 32 43 163 23 114 40 116 3 59 67 125 111 78 221 229 94 249 158 103 149 27 97 63 131 161 165 55 215 65 105 54 124 68 241 15 110 29 156 186 18 35 19 245 38 236 146 212 22 139 14 137 57 214 48 33 211 154 143 239 220 182 84 102 112 99 115 86 210 248 168 169 44 66 244 225 180 251 107 133 8 205 61 31 148 80 233 172 56 194 208 171 218 113 88 90 197 176 79 10 152 42 7 52 240 207 76 177 141 1 184 193 206 108 20 150 199 201 231 253 46 173 179 12 159 246 138 190 203 162 120 216 73 196 74 235 254 223 37 250 144 93 167 242 82 129 122 50 118 16 71 104 238 135 126 45 188 101 175 69 227 202 91,44878270,8192640,8208960,7647005900,54340260
tai256c,tabuSearch,177 209 246 175 243 173 192 92 156 151 73 63 229 34 51 162 166 64 181 46 5 27 235 32 226 109 206 103 54 114 196 7 120 97 223 248 58 153 82 148 126 143 201 31 221 218 69 255 141 133 41 44 216 168 144 211 2 19 199 56 129 29 138 105 0 253 88 84 224 95 112 204 12 170 118 214 37 187 86 116 77 107 179 124 131 250 22 99 9 49 75 24 203 137 225 4 208 108 136 174 14 11 21 119 65 172 184 155 185 251 78 25 60 79 242 157 163 71 68 217 178 6 121 117 40 149 227 104 231 169 198 35 189 111 18 83 186 176 55 233 89 1 213 164 188 220 100 76 23 193 110 130 122 61 239 150 85 254 39 167 161 140 42 47 57 152 147 142 93 127 128 197 28 237 3 113 160 96 26 135 52 125 45 244 66 165 205 67 30 200 241 16 240 194 101 139 146 159 180 236 70 53 81 10 207 230 158 145 215 59 15 134 106 98 74 154 8 210 20 202 38 195 247 80 191 238 232 190 234 115 222 171 212 72 17 183 102 245 94 33 36 219 132 62 252 50 13 87 91 123 90 249 48 228 43 182,45032942,988,1306600,1424783700,53524850
tai256c,steepest,237 68 207 180 108 17 122 100 60 28 23 65 98 58 195 83 254 46 94 222 147 85 200 174 177 40 212 112 71 132 243 5 73 13 38 75 118 220 229 10 234 185 115 137 150 214 0 239 139 35 182 8 157 32 50 2 31 152 90 77 165 142 167 202 88 172 43 225 217 208 135 249 189 159 80 63 111 129 154 103 20 251 246 25 160 231 125 105 162 187 53 210 44 48 45 78 97 16 242 12 184 47 199 169 26 213 67 248 209 6 178 252 96 120 166 19 113 62 86 253 148 240 219 109 57 124 110 206 89 201 123 238 24 126 176 244 168 216 196 4 145 82 190 55 131 226 107 7 136 175 197 183 138 101 170 204 194 104 203 188 164 181 247 116 15 29 3 18 221 179 158 76 1 99 205 91 155 163 223 92 72 255 30 102 241 27 87 192 56 114 74 59 64 186 134 42 153 227 161 141 49 140 34 119 51 9 84 198 69 128 144 11 143 95 54 127 146 52 230 14 224 133 215 151 191 228 121 21 211 93 171 173 235 39 236 106 22 130 61 245 66 117 193 70 149 41 79 218 36 37 156 233 81 250 232 33,44933570,41,1370880,1197272000,54944536
tai256c,greedy,116 22 120 82 250 1 218 130 62 170 77 183 99 48 4 200 58 37 84 7 19 51 124 162 147 123 65 239 181 193 25 164 191 227 106 112 230 160 158 235 143 133 110 155 88 47 152 135 145 179 233 11 141 79 43 208 15 54 172 45 210 13 245 28 75 34 103 137 225 254 16 69 118 92 206 189 80 71 166 198 97 40 86 73 185 215 248 237 212 242 220 203 222 128 53 167 10 89 57 142 29 209 68 35 165 201 169 211 163 216 195 74 8 251 173 134 252 229 246 244 255 204 168 177 156 87 197 226 114 214 180 126 70 188 59 107 231 221 176 194 121 202 30 247 33 236 228 31 36 146 253 94 27 17 243 132 113 151 175 131 81 224 187 192 157 223 50 55 24 83 108 26 38 101 85 93 78 67 249 63 41 138 219 95 44 240 18 144 186 174 205 46 178 159 111 232 49 76 238 150 109 190 100 12 241 149 217 139 0 61 52 102 105 184 23 60 32 125 161 129 140 72 196 199 42 136 9 66 117 14 154 6 3 213 21 90 56 122 119 20 234 148 96 64 127 115 2 98 104 91 5 171 207 39 182 153,44991940,263,1286255,1107596300,52330650
tai256c,randomWalk,213 54 116 205 209 16 96 154 242 223 227 58 139 237 187 77 65 37 251 90 136 173 199 210 12 198 140 149 36 98 158 245 74 84 99 82 191 194 220 3 147 175 109 164 208 186 196 167 179 25 88 34 222 33 169 216 44 248 104 177 46 40 18 190 230 67 254 192 24 129 101 123 195 14 165 48 114 121 150 231 233 35 60 249 86 23 126 95 71 162 143 218 161 110 124 244 5 232 151 45 87 134 155 252 75 250 78 246 189 112 29 72 131 138 226 168 211 118 128 17 107 188 100 206 102 185 180 43 27 97 80 239 176 106 197 234 228 182 30 166 224 20 241 62 152 201 6 217 4 91 57 51 238 53 148 63 103 55 170 157 203 160 26 64 253 247 135 172 221 13 159 193 133 2 174 163 202 235 73 56 10 68 38 47 144 130 207 122 1 85 125 127 69 39 9 183 11 113 0 255 178 145 132 19 146 117 229 31 243 212 7 70 41 92 76 108 156 79 28 240 215 119 61 111 81 22 184 219 83 59 153 236 137 66 200 49 105 142 8 50 21 52 181 120 94 214 32 141 93 42 225 15 204 115 171 89,49137050,1304521,1304521,1197497000,52475770
tai256c,random,232 242 6 48 105 194 118 31 25 43 197 49 247 213 187 55 237 94 238 176 150 61 171 59 92 4 23 136 148 209 182 230 20 103 165 79 208 146 58 141 108 13 251 184 70 77 215 122 42 210 7 244 188 155 250 180 40 110 121 166 19 104 207 47 35 112 5 53 24 15 11 145 21 52 69 57 81 109 198 12 220 222 212 128 216 173 62 170 246 113 86 151 228 74 162 163 91 129 73 191 195 36 252 9 84 175 78 217 221 224 147 82 106 203 100 93 218 190 65 16 89 135 158 101 149 41 140 83 125 60 157 133 254 249 160 239 29 178 18 177 235 206 231 200 226 30 204 248 115 67 99 138 2 98 75 196 233 192 90 153 243 159 156 33 201 193 64 51 46 80 123 95 120 134 174 63 72 56 211 179 45 97 50 236 38 255 189 126 107 154 241 71 32 119 96 143 225 219 205 127 131 116 139 54 144 132 167 117 17 44 186 245 181 28 234 240 185 114 0 102 124 223 214 169 199 183 88 27 76 161 1 253 37 142 202 22 130 39 137 227 87 3 8 85 172 68 10 34 164 14 168 66 111 152 26 229,49619104,23862,23862,1198421500,53817508
tai256c,heuristic,192 166 255 254 253 252 251 250 249 248 247 246 245 244 243 242 241 240 239 238 237 236 235 234 233 232 231 230 229 228 227 226 225 224 223 222 221 220 219 218 217 216 215 214 213 212 211 165 210 209 208 207 206 205 204 203 202 201 200 199 198 197 196 167 164 195 194 193 191 190 189 188 187 186 185 184 183 182 181 180 179 178 177 176 175 174 173 172 171 170 169 168 92 93 94 95 96 97 98 99 100 101 102 103 104 105 106 107 108 109 110 111 112 113 114 115 116 117 118 119 120 121 122 123 124 125 63 64 47 129 130 131 132 133 134 135 136 137 138 139 140 141 142 143 144 145 146 147 148 149 150 151 152 153 154 155 156 157 158 159 160 161 162 163 81 128 127 126 91 90 89 88 87 86 85 84 83 82 1 80 79 78 77 76 75 74 73 72 71 70 69 68 0 67 66 65 62 61 60 59 58 57 56 55 54 53 52 51 50 49 48 46 45 44 43 42 41 40 39 38 37 36 35 34 33 32 31 30 29 28 27 26 25 24 23 22 21 20 19 18 17 16 15 14 13 12 11 10 9 8 7 6 5 4 3 2,98685678,0,1,0,53462846
tai256c,simulatedAnnealing,64 81 208 150 182 24 56 127 123 184 99 191 155 170 193 241 250 84 26 105 157 90 9 201 114 47 77 144 212 142 137 235 109 62 248 15 210 75 86 189 58 221 239 148 133 71 66 231 214 120 206 39 227 178 252 204 163 161 52 37 16 43 28 180 187 22 34 101 131 174 49 92 246 13 140 19 2 129 45 218 118 96 216 152 94 244 197 5 69 167 88 254 46 30 100 32 220 230 38 104 6 228 245 35 232 125 130 205 89 76 117 165 95 91 199 213 159 242 21 136 3 40 194 60 139 162 29 10 115 18 149 36 185 14 108 79 195 23 237 44 222 80 70 202 172 141 93 33 102 164 177 179 175 145 50 255 153 138 236 85 112 234 147 65 156 126 61 171 27 190 57 73 176 110 54 4 41 11 203 158 192 219 154 17 143 74 97 198 217 48 181 128 55 135 20 31 253 229 209 67 1 186 168 183 116 160 243 224 200 42 169 25 121 196 0 113 188 106 251 59 87 173 247 78 12 240 63 132 124 166 238 7 151 233 215 82 111 103 72 107 223 226 53 68 134 146 249 225 8 98 211 119 83 207 51 122,44845980,8290560,8306880,7909411100,54493176
tai256c,tabuSearch,72 174 139 233 149 215 210 198 161 55 49 125 6 204 118 142 170 237 225 14 89 242 69 127 67 44 135 59 121 18 78 98 240 61 104 113 193 189 146 200 250 132 100 207 168 252 218 86 156 76 239 27 248 230 38 42 245 64 128 95 91 115 179 147 81 47 9 3 106 21 1 52 164 176 29 222 108 187 228 185 166 40 196 16 35 181 235 23 93 153 159 57 56 247 66 150 138 15 74 133 105 188 129 101 160 162 20 111 183 221 251 7 214 54 231 30 88 173 109 119 249 216 243 71 206 171 19 192 22 37 234 25 172 131 10 191 24 103 141 197 184 148 110 224 223 208 11 254 205 195 43 51 232 177 5 82 0 123 219 90 120 236 126 122 60 137 229 202 151 244 63 26 201 83 116 45 70 32 112 87 140 124 68 34 155 46 13 167 79 8 12 241 85 143 65 31 163 77 41 75 145 226 158 84 175 48 144 94 209 58 211 157 253 152 180 165 136 33 97 114 4 182 212 169 213 186 17 99 130 96 178 227 255 190 73 50 134 2 246 217 102 107 80 203 194 220 117 92 238 36 199 39 62 28 154 53,45095874,832,1110610,1142824300,54956098
tai256c,steepest,236 148 202 243 19 234 255 197 191 48 104 77 228 177 127 12 82 37 124 171 4 60 42 33 14 107 29 230 22 134 110 121 215 69 206 160 46 79 101 54 65 182 50 143 192 158 119 57 180 129 96 195 16 75 219 87 249 72 151 146 188 24 27 200 114 241 185 139 2 39 141 224 84 165 223 232 92 99 116 253 245 52 173 90 7 136 168 210 221 154 10 163 74 240 26 140 204 196 144 9 35 17 166 176 220 115 28 181 23 150 186 250 187 8 190 216 102 1 86 94 131 103 31 13 81 67 6 56 113 254 137 128 174 43 217 237 34 201 55 88 239 178 211 252 147 138 175 61 89 80 41 233 142 145 169 222 251 36 44 214 179 108 118 213 159 226 73 70 218 63 64 59 212 193 11 194 78 122 184 130 45 49 58 198 25 95 38 62 100 40 123 76 109 183 21 117 162 5 0 85 231 32 208 120 126 71 207 238 161 172 167 225 106 242 3 18 157 83 51 47 248 93 68 149 111 125 199 205 91 30 229 189 203 209 246 105 97 156 133 235 164 247 15 98 152 244 20 66 112 53 227 132 170 135 153 155,44983770,37,1240320,1087929700,52804360
tai256c,greedy,97 49 222 79 199 61 137 18 26 7 139 202 74 234 38 76 185 93 100 21 252 216 151 168 212 108 157 117 227 70 192 146 83 164 142 219 114 194 31 122 119 134 53 41 231 131 240 125 112 85 179 43 55 242 166 172 24 110 187 36 1 209 161 72 80 104 237 254 154 181 159 46 205 214 28 32 239 11 66 249 246 229 51 4 102 13 149 174 191 89 91 129 190 165 126 69 141 86 167 150 118 0 223 197 127 52 95 138 250 40 84 145 210 143 225 94 35 206 59 133 160 152 111 226 224 124 189 200 73 238 221 14 130 207 57 147 109 56 82 184 20 113 103 163 106 148 68 25 188 8 156 75 50 217 182 12 140 171 19 233 27 241 37 253 183 23 81 232 213 255 62 47 33 144 15 155 29 87 243 176 195 45 42 153 247 5 218 135 132 162 9 120 177 215 10 63 204 169 60 92 236 54 248 78 115 180 2 235 193 186 230 90 96 30 208 203 101 121 158 65 16 44 123 136 17 211 175 105 228 48 107 128 98 244 3 251 170 178 173 220 22 201 6 88 99 58 64 39 71 198 196 34 245 77 67 116,44943498,281,1486797,1426900900,53713348
tai256c,randomWalk,170 211 108 178 156 92 41 199 234 1 85 162 255 3 113 235 71 32 127 214 140 103 145 65 98 196 23 70 63 134 231 166 11 110 107 157 26 216 56 81 228 236 253 221 34 128 160 73 12 136 35 171 167 249 67 154 242 177 163 224 90 68 164 244 208 61 58 55 210 185 62 76 121 226 119 50 203 131 230 153 94 19 190 21 218 15 207 125 17 217 150 100 254 159 114 27 126 45 66 151 2 39 158 197 155 31 89 152 7 250 240 222 189 52 186 87 97 86 48 174 6 194 99 57 13 247 46 14 120 124 220 176 43 40 233 229 129 248 95 24 252 37 225 29 28 123 165 200 143 116 188 74 212 4 5 147 133 36 149 144 104 79 132 204 182 82 148 18 60 237 105 96 16 168 59 206 112 251 84 102 241 78 135 20 192 142 141 139 38 215 198 223 193 109 25 111 246 93 106 195 77 202 173 9 51 232 47 72 42 44 175 117 180 115 130 213 181 184 137 122 69 0 118 101 64 201 80 179 205 22 54 183 187 219 243 161 53 227 138 238 33 88 245 239 91 172 8 30 169 83 75 209 10 146 49 191,49394784,1186681,1186681,1092509900,54336746
tai256c,random,47 106 105 43 133 214 187 190 60 125 103 164 20 46 239 78 235 89 135 44 145 213 254 108 94 196 2 58 25 23 223 138 206 198 237 154 224 244 195 169 168 68 222 7 188 175 9 151 170 162 253 41 10 240 165 143 0 119 150 91 194 161 70 132 6 176 207 230 95 88 67 146 38 57 80 73 26 16 185 141 71 50 77 24 27 4 122 64 215 140 227 231 52 178 34 142 123 255 139 45 246 241 55 69 101 113 229 12 30 3 220 225 13 17 37 36 48 76 14 61 137 203 232 39 242 33 202 200 179 1 11 98 144 29 217 83 85 93 18 15 35 8 226 199 74 156 120 28 5 130 114 233 216 65 210 110 56 160 21 53 129 177 173 126 118 211 197 163 147 90 186 66 19 99 109 31 115 193 245 228 107 189 191 87 218 234 184 180 100 97 121 84 251 252 236 128 247 32 171 22 174 104 166 172 40 159 112 59 117 136 182 249 82 51 134 116 149 124 72 54 92 192 157 221 49 181 212 208 111 62 42 204 205 243 127 148 250 86 155 201 167 238 209 248 102 153 158 152 96 63 131 183 79 81 75 219,49966430,21209,21209,1088259400,53998460
tai256c,heuristic,192 166 255 254 253 252 251 250 249 248 247 246 245 244 243 242 241 240 239 238 237 236 235 234 233 232 231 230 229 228 227 226 225 224 223 222 221 220 219 218 217 216 215 214 213 212 211 165 210 209 208 207 206 205 204 203 202 201 200 199 198 197 196 167 164 195 194 193 191 190 189 188 187 186 185 184 183 182 181 180 179 178 177 176 175 174 173 172 171 170 169 168 92 93 94 95 96 97 98 99 100 101 102 103 104 105 106 107 108 109 110 111 112 113 114 115 116 117 118 119 120 121 122 123 124 125 63 64 47 129 130 131 132 133 134 135 136 137 138 139 140 141 142 143 144 145 146 147 148 149 150 151 152 153 154 155 156 157 158 159 160 161 162 163 81 128 127 126 91 90 89 88 87 86 85 84 83 82 1 80 79 78 77 76 75 74 73 72 71 70 69 68 0 67 66 65 62 61 60 59 58 57 56 55 54 53 52 51 50 49 48 46 45 44 43 42 41 40 39 38 37 36 35 34 33 32 31 30 29 28 27 26 25 24 23 22 21 20 19 18 17 16 15 14 13 12 11 10 9 8 7 6 5 4 3 2,98685678,0,1,0,53574024
tai256c,simulatedAnnealing,229 95 25 145 55 122 16 254 100 74 3 252 7 89 140 30 164 103 237 211 150 69 226 44 10 120 217 219 135 240 115 189 67 162 239 62 160 128 77 92 244 191 127 38 246 204 249 52 147 196 199 222 214 181 174 33 157 192 40 194 232 86 154 20 47 64 110 209 50 169 142 98 184 1 132 117 35 125 5 167 72 27 171 234 113 137 13 81 186 59 107 57 114 144 221 88 54 12 26 28 21 223 6 80 178 105 231 108 143 42 230 84 58 56 152 210 193 203 112 121 216 133 111 87 250 224 94 82 170 14 175 176 190 206 31 24 9 149 182 75 205 51 85 29 66 177 153 187 61 247 101 165 163 185 251 235 78 60 18 202 238 68 213 129 104 41 168 130 245 146 4 218 228 96 227 131 225 215 91 188 124 141 198 172 17 118 8 183 156 90 23 180 73 19 248 151 195 76 255 173 159 0 15 70 138 116 155 220 11 34 166 45 236 139 158 241 93 119 126 207 197 49 46 253 43 83 37 179 39 123 36 208 53 243 2 71 106 109 201 48 99 233 161 79 134 136 102 200 22 242 63 148 97 65 212 32,44873930,8339520,8355840,7817648500,54603182
tai256c,tabuSearch,211 127 182 189 230 159 225 163 245 9 99 63 44 37 57 84 96 4 67 219 119 31 200 174 59 172 22 222 40 54 132 88 239 146 217 114 90 129 161 149 61 17 194 208 14 185 7 181 176 19 138 29 167 125 74 136 234 248 11 228 110 240 237 26 242 32 121 187 34 52 134 86 78 215 204 123 140 71 196 213 142 92 82 95 207 69 117 65 168 252 155 153 197 100 233 101 216 72 66 250 137 41 115 0 35 203 2 58 85 171 170 1 126 27 246 145 173 139 165 83 244 199 107 131 104 218 210 120 202 209 143 232 80 247 241 28 53 178 15 43 75 128 148 116 235 46 193 175 20 152 105 64 21 164 94 180 192 93 97 206 51 169 30 98 162 191 73 56 122 76 42 205 179 102 229 18 48 47 12 106 188 130 231 183 77 251 220 201 144 184 108 151 226 70 38 157 109 25 124 254 112 238 81 147 8 16 141 150 55 60 6 154 158 39 198 113 23 10 79 135 214 195 186 111 45 49 5 103 3 50 133 236 62 68 224 255 177 118 166 253 91 87 89 160 24 223 156 33 36 212 13 243 249 190 221 227,45132266,1160,1535255,1537392800,54637434
tai256c,steepest,197 223 162 154 0 131 10 244 121 234 194 82 76 209 18 86 31 136 156 226 141 148 7 126 119 112 93 249 116 212 246 160 200 104 252 229 52 129 63 186 171 58 241 61 238 91 28 97 177 192 255 221 232 46 13 190 165 182 22 173 204 183 151 24 33 41 217 219 20 64 106 169 54 43 3 84 215 71 37 179 111 134 67 114 108 78 73 50 101 159 139 56 202 161 163 168 45 27 107 245 72 23 95 120 110 203 124 133 60 228 140 8 233 158 144 62 5 35 74 254 59 53 153 65 210 21 130 98 79 9 243 207 92 196 123 113 193 242 103 89 122 77 230 253 12 14 166 26 34 88 206 32 42 115 231 195 66 251 15 81 16 180 247 235 185 49 75 125 2 211 174 208 250 248 6 109 128 216 51 143 39 100 69 105 146 239 48 1 36 4 236 85 83 127 152 198 240 117 188 142 201 17 145 167 70 11 94 205 150 137 80 214 172 25 164 132 225 135 149 181 178 227 40 30 218 147 118 57 155 38 176 102 99 19 138 187 47 199 68 220 191 87 224 237 96 29 189 184 157 175 44 213 222 170 55 90,44953410,46,1534080,1320203700,52210520
tai256c,greedy,213 151 80 20 148 11 101 61 47 108 186 141 22 30 97 156 126 173 52 91 230 83 205 201 131 118 218 237 49 168 193 17 227 69 216 13 129 71 26 54 196 190 111 0 166 59 5 103 247 254 161 175 171 198 233 203 105 120 163 116 144 181 252 239 78 93 143 56 41 48 250 207 88 39 241 153 123 2 183 8 44 66 178 35 133 138 244 210 208 74 220 114 238 94 248 122 107 194 4 242 32 192 179 255 159 231 221 128 172 209 234 177 64 58 7 253 50 102 92 152 184 3 27 60 214 6 142 174 106 245 104 28 240 169 34 36 40 77 204 62 33 42 63 232 18 191 29 86 55 95 246 212 149 25 127 136 1 73 96 160 113 117 147 100 65 19 211 31 24 134 251 51 12 235 90 162 206 81 43 132 158 199 53 89 189 79 124 229 125 224 23 85 157 215 67 9 87 10 150 188 16 130 182 45 98 243 57 109 219 225 76 195 46 119 154 75 249 165 140 14 121 180 110 187 197 228 236 155 68 167 38 84 112 222 223 115 82 139 15 226 146 70 200 145 137 135 176 164 217 72 21 185 202 170 99 37,44917998,235,1321769,1127754400,51515466
tai256c,randomWalk,10 112 245 8 35 130 19 28 108 33 133 43 149 219 222 17 241 103 132 211 123 210 134 168 189 115 1 87 29 221 105 152 64 255 183 243 159 99 106 37 92 59 199 156 6 247 188 46 144 225 119 214 24 109 185 142 52 161 207 41 126 162 229 141 67 139 94 165 86 55 252 231 54 96 179 78 30 191 171 81 90 5 164 22 80 100 4 203 154 73 235 233 230 216 79 63 237 135 213 180 72 104 7 254 160 197 227 250 143 124 44 136 150 193 39 253 147 42 82 25 98 88 45 201 155 83 14 11 21 195 117 240 177 238 74 205 148 217 110 129 101 226 170 34 138 69 251 153 65 184 93 182 53 84 60 248 2 122 232 206 200 167 202 75 89 0 50 127 158 244 208 173 76 174 209 246 20 204 125 114 192 36 223 166 151 116 47 218 58 181 97 3 40 146 196 249 49 128 198 118 95 102 239 175 61 27 15 38 57 215 48 157 234 228 91 187 66 224 131 178 26 236 212 220 31 111 107 176 85 242 137 32 163 113 194 51 77 18 68 186 23 9 190 169 145 62 120 121 16 12 13 56 172 71 140 70,49471850,1436390,1436390,1322020300,55134536
tai256c,random,94 96 53 151 116 244 208 192 76 231 24 114 119 242 210 108 118 189 73 167 165 168 170 194 198 109 75 30 232 105 15 25 124 206 37 185 115 155 82 112 98 138 90 71 212 186 16 128 72 216 89 117 21 196 1 150 178 18 125 160 17 193 229 111 240 22 163 66 199 143 234 63 122 68 14 99 127 79 86 159 174 253 87 70 203 239 65 171 181 60 23 146 51 61 230 131 123 202 166 175 104 0 207 83 161 59 97 182 225 93 129 226 120 4 52 172 110 197 137 243 55 43 215 169 254 77 218 91 45 106 38 209 19 228 54 5 3 147 180 153 26 88 219 33 201 144 195 177 47 10 252 46 157 187 133 7 223 213 246 8 11 39 204 176 236 220 135 221 80 235 233 28 95 13 62 36 145 191 48 126 29 238 247 74 2 134 100 249 149 237 255 81 173 101 78 35 34 188 214 152 57 49 85 140 69 132 200 156 84 64 9 251 92 217 56 103 32 148 205 142 250 162 222 107 184 41 227 136 20 141 113 42 40 121 50 183 58 27 154 139 67 164 179 248 241 31 224 130 12 44 190 245 102 158 6 211,49664766,26086,26086,1320981200,52819266
tai256c,heuristic,192 166 255 254 253 252 251 250 249 248 247 246 245 244 243 242 241 240 239 238 237 236 235 234 233 232 231 230 229 228 227 226 225 224 223 222 221 220 219 218 217 216 215 214 213 212 211 165 210 209 208 207 206 205 204 203 202 201 200 199 198 197 196 167 164 195 194 193 191 190 189 188 187 186 185 184 183 182 181 180 179 178 177 176 175 174 173 172 171 170 169 168 92 93 94 95 96 97 98 99 100 101 102 103 104 105 106 107 108 109 110 111 112 113 114 115 116 117 118 119 120 121 122 123 124 125 63 64 47 129 130 131 132 133 134 135 136 137 138 139 140 141 142 143 144 145 146 147 148 149 150 151 152 153 154 155 156 157 158 159 160 161 162 163 81 128 127 126 91 90 89 88 87 86 85 84 83 82 1 80 79 78 77 76 75 74 73 72 71 70 69 68 0 67 66 65 62 61 60 59 58 57 56 55 54 53 52 51 50 49 48 46 45 44 43 42 41 40 39 38 37 36 35 34 33 32 31 30 29 28 27 26 25 24 23 22 21 20 19 18 17 16 15 14 13 12 11 10 9 8 7 6 5 4 3 2,98685678,0,1,0,53104056
tai256c,simulatedAnnealing,121 89 134 114 129 84 52 165 232 69 182 60 151 2 72 157 190 96 224 186 99 40 87 32 253 177 94 226 109 197 131 223 55 67 77 75 142 228 214 140 4 34 117 194 211 136 58 123 199 102 21 31 241 11 201 169 245 179 247 46 171 92 127 25 188 148 43 63 19 81 6 119 205 14 106 8 154 162 0 49 28 144 184 175 235 238 64 250 38 218 192 220 124 54 217 195 229 230 78 204 22 207 216 147 161 86 237 233 243 137 35 62 53 122 16 7 176 51 45 68 37 240 79 13 139 103 132 209 234 227 231 178 73 57 71 118 173 29 202 145 66 97 110 85 185 153 76 9 133 17 15 244 26 189 74 187 107 18 27 105 141 3 206 152 61 222 90 196 42 88 191 91 104 33 101 112 12 47 59 95 1 200 193 212 20 166 70 219 252 180 170 120 98 39 100 130 82 159 116 155 183 113 213 65 239 111 167 23 83 172 215 44 242 41 125 48 221 128 146 93 126 203 115 80 138 251 150 236 108 156 248 249 198 254 158 135 210 5 164 143 160 168 163 149 30 208 10 174 225 181 24 255 246 36 56 50,44865526,7784640,7800960,7342912100,53662280
tai256c,tabuSearch,201 245 143 51 108 23 167 91 100 55 163 48 112 206 4 161 102 38 122 248 189 27 57 93 80 74 132 78 98 111 59 68 219 144 6 61 70 119 178 241 0 129 226 170 65 212 139 184 234 53 17 115 193 146 21 34 12 14 180 10 208 134 156 40 187 231 83 19 204 88 126 136 255 149 47 216 29 197 25 174 243 239 191 251 214 237 44 182 153 105 195 141 81 96 33 46 229 202 222 210 79 249 26 225 3 179 9 2 67 95 116 72 24 155 94 58 128 232 124 121 92 84 131 45 227 117 181 176 35 177 97 169 101 220 154 250 54 60 185 90 56 215 205 31 86 8 37 50 207 200 242 190 247 64 137 109 41 39 211 130 118 217 148 43 89 103 13 73 113 71 99 49 160 1 69 18 192 127 218 172 16 36 20 224 240 157 82 159 228 114 199 151 162 233 194 87 142 62 120 168 138 76 183 236 52 158 63 85 165 145 66 188 133 246 28 221 175 166 238 173 244 254 252 75 152 203 186 196 235 135 147 7 11 32 104 77 123 171 230 42 110 140 253 15 30 209 125 164 150 198 107 223 106 22 213 5,45012808,1087,1437260,1454838200,50311268
tai256c,steepest,66 83 39 30 86 4 125 32 235 76 203 253 68 78 71 105 230 44 139 161 142 61 248 122 132 250 154 88 193 198 134 128 151 111 113 136 73 93 210 181 117 34 59 221 245 19 2 119 42 223 224 186 173 156 36 212 130 56 175 255 53 218 98 49 159 147 241 206 90 27 164 169 108 183 233 215 166 188 24 6 21 100 9 80 200 176 227 0 238 63 12 179 14 232 28 167 231 170 50 228 92 25 11 163 196 204 182 121 26 165 185 60 47 195 85 87 247 38 214 174 115 251 23 201 211 41 110 82 135 180 77 213 209 57 127 58 177 65 1 252 187 89 106 208 202 249 243 13 64 152 99 79 118 109 114 81 51 96 220 10 199 91 207 15 70 29 229 226 69 194 46 234 143 102 95 52 242 148 112 189 48 138 145 54 116 123 103 137 149 55 33 171 150 3 192 107 131 225 254 146 239 97 75 184 144 94 160 16 178 162 129 120 104 22 124 237 244 35 217 246 141 190 133 37 62 84 74 126 67 31 40 236 153 222 72 155 5 45 197 140 8 43 17 157 7 101 205 168 191 216 20 158 18 240 172 219,44999146,37,1240320,1064999100,54408824
tai256c,greedy,44 33 42 70 1 229 232 68 66 22 12 222 235 152 198 254 116 15 179 24 242 133 85 246 156 27 212 30 124 53 175 91 177 76 218 10 244 185 200 192 227 110 141 118 93 99 190 64 128 164 158 220 5 249 72 74 19 96 131 194 105 36 7 63 137 55 120 122 209 173 114 237 205 78 167 57 145 139 127 16 103 170 162 81 181 187 239 150 240 51 215 61 136 121 92 111 221 62 217 90 243 219 89 180 115 233 126 226 171 112 169 130 236 193 255 107 113 148 88 109 14 106 56 119 9 172 100 47 166 250 228 59 87 245 147 37 4 101 197 199 104 83 17 178 195 253 146 108 155 28 123 6 32 189 52 80 196 60 206 174 201 216 238 58 188 149 125 241 82 8 161 38 129 252 25 50 213 134 231 207 2 29 248 154 234 138 211 13 49 79 41 140 46 142 247 251 98 165 75 3 159 144 35 26 69 43 117 203 210 0 71 230 135 168 20 143 184 39 31 45 176 94 182 186 160 86 11 65 23 54 157 153 183 77 73 102 225 18 204 208 34 95 224 84 202 40 132 191 163 67 214 223 21 151 48 97,44952404,237,1286855,1092427600,53536702
tai256c,randomWalk,84 189 184 164 216 244 175 142 155 112 105 247 136 115 56 54 46 10 190 25 82 59 203 62 162 214 50 219 40 139 246 237 118 196 57 107 2 151 7 120 98 240 252 193 33 92 110 179 201 55 230 186 83 64 38 85 15 29 31 17 221 113 225 43 233 161 36 157 146 28 121 132 239 77 67 227 171 49 3 154 167 199 102 150 148 58 80 129 52 21 153 208 81 9 42 4 194 191 51 178 222 1 89 134 103 5 140 202 156 169 228 163 133 224 65 91 254 104 141 158 231 165 26 22 35 6 183 74 212 109 170 238 213 241 205 60 116 220 44 198 32 23 168 126 229 61 209 11 34 181 253 206 234 0 108 249 192 180 125 235 71 100 188 90 147 128 182 123 200 16 217 66 236 86 12 210 226 69 131 242 47 174 106 166 68 223 99 70 243 96 117 114 250 207 94 159 197 135 185 251 215 14 87 20 97 75 18 101 130 93 37 195 79 53 127 76 232 122 63 144 255 173 218 41 138 245 211 177 8 176 152 95 119 145 48 248 39 72 30 78 160 19 111 187 204 27 172 45 13 143 137 124 24 149 88 73,49347510,1167953,1167953,1071693800,53620088
tai256c,random,84 93 245 176 46 186 69 9 35 58 73 210 194 29 225 32 164 34 95 152 215 196 146 82 127 200 22 143 159 25 195 88 213 16 113 145 68 19 218 229 48 86 162 234 130 220 185 60 242 92 244 184 101 115 5 109 235 175 66 226 223 122 11 119 107 6 12 247 28 39 18 141 192 193 156 80 10 183 252 14 167 140 201 36 62 112 26 103 188 40 236 246 177 198 49 110 230 50 118 203 224 89 163 125 45 253 142 57 21 106 75 212 206 133 38 160 243 64 105 81 135 131 33 132 134 187 219 173 47 137 8 94 54 59 128 52 209 72 174 30 124 254 182 228 222 207 231 129 56 63 41 20 120 232 98 0 3 211 150 71 76 4 37 161 117 53 249 189 240 199 248 51 27 108 136 217 55 139 99 233 65 180 255 79 172 123 154 149 190 42 2 204 157 239 227 168 250 216 121 13 171 202 7 148 151 153 77 15 251 221 138 170 102 158 166 214 96 31 169 179 104 191 114 85 43 126 181 70 1 24 17 241 44 23 144 100 83 205 238 116 97 208 155 61 67 197 91 178 90 74 165 237 147 111 78 87,49849422,21172,21172,1065504400,52710426
tai256c,heuristic,192 166 255 254 253 252 251 250 249 248 247 246 245 244 243 242 241 240 239 238 237 236 235 234 233 232 231 230 229 228 227 226 225 224 223 222 221 220 219 218 217 216 215 214 213 212 211 165 210 209 208 207 206 205 204 203 202 201 200 199 198 197 196 167 164 195 194 193 191 190 189 188 187 186 185 184 183 182 181 180 179 178 177 176 175 174 173 172 171 170 169 168 92 93 94 95 96 97 98 99 100 101 102 103 104 105 106 107 108 109 110 111 112 113 114 115 116 117 118 119 120 121 122 123 124 125 63 64 47 129 130 131 132 133 134 135 136 137 138 139 140 141 142 143 144 145 146 147 148 149 150 151 152 153 154 155 156 157 158 159 160 161 162 163 81 128 127 126 91 90 89 88 87 86 85 84 83 82 1 80 79 78 77 76 75 74 73 72 71 70 69 68 0 67 66 65 62 61 60 59 58 57 56 55 54 53 52 51 50 49 48 46 45 44 43 42 41 40 39 38 37 36 35 34 33 32 31 30 29 28 27 26 25 24 23 22 21 20 19 18 17 16 15 14 13 12 11 10 9 8 7 6 5 4 3 2,98685678,0,1,0,54510484
tai256c,simulatedAnnealing,58 43 234 35 103 39 33 210 101 246 31 198 153 24 231 77 223 151 149 164 170 185 255 193 60 251 188 69 217 20 236 206 238 183 88 41 22 92 121 26 227 1 5 18 71 9 29 115 107 140 112 48 129 166 84 203 14 248 143 54 138 90 158 242 146 224 65 173 176 79 12 161 109 126 73 132 179 52 67 213 175 221 98 196 200 136 244 46 118 80 111 155 160 232 208 249 17 85 64 169 7 184 3 216 150 36 75 56 189 222 8 218 108 226 219 190 191 220 141 104 124 15 240 53 16 82 23 135 2 34 167 113 86 250 76 157 252 214 38 205 202 19 83 177 91 243 254 195 25 59 139 81 62 116 182 125 245 212 211 100 225 154 204 55 130 95 51 192 40 162 215 148 131 147 106 68 181 128 96 133 4 142 27 13 228 247 237 194 11 168 174 233 123 66 70 122 172 45 110 74 117 145 114 152 97 209 197 42 93 28 102 137 6 0 144 187 49 61 239 87 199 134 241 201 127 30 253 63 119 207 72 47 235 229 163 44 230 120 21 159 10 89 156 99 171 178 37 94 78 50 180 105 165 186 32 57,44872924,8437440,8453760,7813075300,54168716
tai256c,tabuSearch,193 84 46 106 87 50 111 246 200 101 63 147 190 18 59 237 240 202 89 130 52 72 152 118 103 15 145 234 12 169 133 97 40 208 116 55 162 61 159 160 5 65 157 3 78 67 140 137 29 167 123 42 229 74 211 112 80 155 23 20 242 225 244 16 251 44 109 33 179 92 172 10 37 248 205 120 165 207 231 150 25 214 182 126 70 196 222 99 187 254 219 217 114 185 203 232 95 107 197 153 181 136 31 188 119 13 19 21 164 223 53 241 129 175 60 134 58 51 64 39 194 199 54 141 115 233 224 48 24 7 11 146 206 93 108 144 47 142 28 183 186 76 209 252 227 201 0 228 69 173 41 71 45 212 125 143 176 121 2 8 49 43 166 85 180 122 250 82 148 226 100 128 184 66 110 220 127 68 32 94 171 6 117 88 132 238 163 83 239 35 243 81 98 189 210 30 161 62 34 230 174 213 139 113 255 17 236 247 131 149 156 154 102 27 218 198 57 22 177 90 36 221 75 9 104 216 245 215 14 191 105 1 124 138 204 253 249 192 77 195 170 26 38 73 151 158 86 79 135 56 178 4 235 168 96 91,45029988,1119,1469925,1566949700,54044142
tai256c,steepest,150 82 223 4 127 179 204 224 165 120 12 229 90 174 124 50 212 54 132 128 24 92 67 218 186 84 29 221 99 250 2 95 37 64 19 182 159 14 57 177 210 160 167 253 107 33 238 9 215 77 39 130 147 52 169 232 135 137 0 162 63 191 60 113 246 189 46 96 192 117 197 122 71 227 184 7 22 75 110 235 43 103 88 26 171 86 241 31 141 156 154 201 230 242 13 111 195 240 16 185 91 58 220 214 32 35 85 116 166 25 200 231 118 70 53 245 213 193 106 89 144 199 131 149 112 172 10 17 175 47 196 6 180 68 252 136 108 123 80 74 155 41 217 164 145 93 36 190 81 222 244 176 78 100 133 69 203 105 152 11 125 188 45 42 138 255 236 48 239 49 158 202 79 23 126 76 139 27 243 254 3 59 194 102 66 140 56 134 55 247 109 151 178 20 28 142 168 97 40 161 34 119 216 87 65 51 183 251 129 228 233 153 209 44 104 30 234 208 187 219 206 72 170 121 38 5 62 94 98 198 163 226 146 248 249 73 143 83 18 157 101 148 15 115 205 211 173 1 181 237 8 21 225 114 61 207,44970654,39,1305600,1146787200,53821656
tai256c,greedy,63 192 40 121 19 177 233 69 209 130 116 99 152 160 230 109 88 128 54 159 113 23 236 221 133 92 30 124 2 189 107 11 155 118 179 199 172 182 71 174 248 250 213 28 32 147 13 135 245 238 82 96 67 84 141 64 223 57 243 103 219 126 95 241 226 184 169 206 187 196 138 26 36 162 255 75 9 61 216 43 49 0 6 86 202 150 211 78 21 90 165 34 35 220 190 5 102 212 164 140 235 80 234 12 37 87 163 47 227 143 3 228 218 181 52 20 50 222 4 253 29 240 242 201 62 42 149 215 186 144 197 38 85 232 98 105 65 173 44 53 204 119 142 134 225 194 145 251 55 129 120 89 137 97 148 249 93 171 231 195 200 127 94 161 208 111 31 168 106 254 7 70 46 156 77 33 76 170 15 16 18 244 59 115 136 66 24 239 74 188 110 132 73 41 100 48 180 104 157 58 39 237 252 122 14 158 8 83 246 166 176 167 1 229 27 139 117 191 146 81 198 154 108 51 60 114 247 22 17 151 175 210 224 79 205 101 193 217 123 56 91 178 112 214 131 203 183 125 153 10 207 185 45 25 68 72,44920742,267,1297435,1177063000,54236326
tai256c,randomWalk,111 8 4 189 6 135 150 93 155 34 129 186 23 101 31 38 190 181 119 183 216 223 226 131 125 91 251 69 36 184 245 64 211 76 42 152 159 66 157 218 85 56 43 2 77 252 65 63 45 176 224 11 238 228 219 217 137 75 96 162 67 10 158 37 57 161 214 139 98 215 105 225 58 89 116 71 95 149 28 221 178 233 32 198 247 143 20 0 70 163 138 203 18 248 192 154 140 197 231 60 100 24 114 196 175 147 26 254 205 120 253 73 25 17 68 99 142 191 209 107 170 3 171 90 92 164 180 74 169 241 243 103 7 235 15 80 207 234 165 1 30 236 166 174 33 179 232 108 102 83 227 237 172 193 82 188 230 145 182 40 210 229 173 208 16 47 130 185 88 14 160 242 133 249 148 81 19 62 48 118 244 212 97 13 110 132 51 187 39 46 153 87 121 86 199 21 112 5 201 106 156 202 117 127 134 53 49 200 167 55 94 54 79 52 204 240 113 72 27 206 222 115 61 59 255 35 250 128 50 41 246 78 126 12 29 104 44 144 141 146 194 213 22 109 122 151 195 9 136 168 124 220 123 177 84 239,49180922,1277660,1277660,1153687200,53910916
tai256c,random,21 95 194 74 6 45 203 223 254 197 59 92 24 19 165 192 170 76 40 57 15 129 100 214 47 226 193 91 251 81 228 9 185 248 144 42 88 252 233 177 71 154 139 135 120 96 230 180 113 224 182 200 93 36 167 124 216 128 29 126 103 87 60 253 38 13 112 110 218 4 64 17 51 69 212 83 163 26 106 205 236 12 149 199 7 48 164 84 68 101 245 20 250 27 188 127 217 229 49 70 232 246 215 219 181 184 32 46 152 89 109 5 141 208 10 39 187 138 94 241 209 156 115 150 172 198 82 151 67 33 160 186 207 220 235 211 41 125 1 242 166 176 86 148 237 99 204 118 75 145 255 56 171 50 174 23 244 80 44 0 85 134 66 108 190 54 105 73 77 140 179 65 78 178 155 34 121 61 243 158 28 8 79 161 175 147 2 142 173 58 63 114 30 3 162 157 131 206 14 136 102 62 240 16 90 210 25 225 123 143 189 195 239 122 72 117 35 119 247 153 221 31 234 18 168 98 249 227 53 52 222 132 196 107 104 22 202 116 146 191 37 183 213 133 137 238 111 97 43 169 55 159 130 201 231 11,49700494,23049,23049,1156715800,51683342
tai256c,heuristic,192 166 255 254 253 252 251 250 249 248 247 246 245 244 243 242 241 240 239 238 237 236 235 234 233 232 231 230 229 228 227 226 225 224 223 222 221 220 219 218 217 216 215 214 213 212 211 165 210 209 208 207 206 205 204 203 202 201 200 199 198 197 196 167 164 195 194 193 191 190 189 188 187 186 185 184 183 182 181 180 179 178 177 176 175 174 173 172 171 170 169 168 92 93 94 95 96 97 98 99 100 101 102 103 104 105 106 107 108 109 110 111 112 113 114 115 116 117 118 119 120 121 122 123 124 125 63 64 47 129 130 131 132 133 134 135 136 137 138 139 140 141 142 143 144 145 146 147 148 149 150 151 152 153 154 155 156 157 158 159 160 161 162 163 81 128 127 126 91 90 89 88 87 86 85 84 83 82 1 80 79 78 77 76 75 74 73 72 71 70 69 68 0 67 66 65 62 61 60 59 58 57 56 55 54 53 52 51 50 49 48 46 45 44 43 42 41 40 39 38 37 36 35 34 33 32 31 30 29 28 27 26 25 24 23 22 21 20 19 18 17 16 15 14 13 12 11 10 9 8 7 6 5 4 3 2,98685678,0,1,0,54691334
tai256c,simulatedAnnealing,187 161 29 148 192 6 44 198 1 49 123 140 252 213 226 224 75 143 167 4 126 131 108 178 80 232 120 243 209 100 237 68 118 58 97 63 93 230 14 170 78 165 19 144 112 220 190 247 157 223 172 90 24 146 85 152 218 215 71 150 36 180 201 111 27 10 41 205 53 195 114 235 249 184 175 21 137 39 61 32 105 255 133 56 83 66 31 103 34 228 155 88 250 182 221 124 158 73 238 212 179 7 99 177 101 193 70 82 168 13 254 134 113 8 199 95 92 253 196 102 52 208 202 214 25 0 74 186 86 156 236 135 159 98 129 163 153 77 138 89 200 164 197 84 154 233 227 142 65 240 176 35 107 109 206 20 64 225 106 116 246 23 189 132 234 12 5 11 60 207 173 151 37 245 30 191 122 62 87 229 251 79 72 169 149 130 2 231 136 216 125 119 9 203 3 17 145 67 91 50 26 43 38 242 110 147 188 45 127 115 94 22 46 171 217 241 166 139 162 16 244 28 219 15 81 59 96 42 248 185 69 211 55 210 128 54 33 57 141 222 104 174 194 183 47 121 204 40 48 160 117 51 18 181 76 239,44871012,8355840,8372160,7800835100,53856810
tai256c,tabuSearch,16 13 134 141 45 225 176 39 243 163 119 202 171 143 104 235 21 156 115 68 248 98 50 59 215 222 188 78 36 175 185 81 4 11 138 83 42 24 178 73 237 33 64 110 112 53 121 107 7 47 1 90 76 153 87 212 200 220 93 182 190 9 233 195 136 129 161 158 208 197 148 95 210 28 19 85 240 245 30 70 250 124 117 165 56 146 207 254 167 100 205 230 232 242 193 249 131 206 187 223 204 27 191 218 102 77 241 214 114 184 3 49 139 97 177 120 183 89 247 69 145 172 209 15 198 194 0 66 91 37 137 211 226 239 84 227 168 20 238 216 123 135 22 103 82 199 75 125 52 25 142 229 8 92 17 94 132 54 71 149 130 126 46 72 40 51 252 31 179 88 159 219 128 147 201 234 101 5 217 26 79 157 228 140 170 113 162 55 144 231 14 58 221 116 23 96 61 6 38 255 18 63 44 57 60 246 32 35 181 174 169 236 12 105 224 48 154 160 2 203 111 192 166 151 164 133 186 41 155 150 173 106 180 152 189 196 118 34 122 65 86 67 244 253 213 251 109 99 74 43 10 62 127 29 80 108,44969074,944,1241270,1268432700,54225626
tai256c,steepest,102 199 72 15 55 1 206 179 110 18 93 80 97 221 213 131 133 38 65 230 196 218 107 68 45 127 128 151 90 203 245 59 182 175 35 172 153 236 124 40 57 189 6 165 33 242 85 233 251 25 201 119 28 30 139 50 10 105 162 42 168 193 142 87 253 4 240 53 148 16 63 227 78 76 116 82 171 21 114 8 122 239 247 99 208 136 210 176 145 216 157 186 13 166 81 27 43 238 149 34 123 61 7 197 125 152 194 205 12 77 48 144 138 24 241 160 192 41 226 73 159 234 58 237 98 64 220 117 200 108 118 115 214 94 3 132 75 103 106 51 181 195 92 19 223 147 146 46 219 126 135 163 225 154 161 141 209 86 2 29 113 188 101 164 36 20 112 95 244 56 47 235 83 177 66 49 70 254 255 22 121 249 84 246 190 11 0 104 207 229 88 174 109 91 212 185 71 89 31 17 198 39 187 79 178 129 232 44 180 170 5 60 184 217 169 74 224 37 204 167 202 62 26 120 228 211 54 52 134 69 67 14 191 231 137 222 215 96 156 243 252 23 143 155 130 158 183 248 32 111 250 100 140 9 150 173,44966224,40,1338240,1169512100,52260758
tai256c,greedy,101 163 152 107 215 191 245 155 177 76 239 250 56 69 204 126 194 13 185 158 233 187 39 197 49 26 137 150 61 206 148 135 133 167 4 9 54 24 230 211 103 35 228 170 63 109 235 200 221 32 31 18 21 120 116 180 122 143 86 73 182 58 43 252 6 88 83 94 208 218 141 46 90 146 129 160 81 98 66 96 173 225 124 131 52 247 1 254 240 64 28 242 16 47 80 0 17 12 82 89 237 97 241 159 226 234 176 189 62 192 249 29 220 142 104 134 14 53 123 253 224 183 2 118 22 65 128 136 44 48 106 55 74 8 132 171 193 125 51 216 78 3 144 20 102 121 222 45 99 108 117 207 115 178 75 50 91 246 212 127 201 34 37 84 198 196 169 199 165 195 77 186 15 112 214 188 85 210 110 5 255 223 166 130 68 36 113 7 202 243 87 244 190 70 162 95 114 174 93 175 219 100 172 119 92 33 25 72 184 23 151 248 236 139 59 42 231 164 179 27 41 168 227 145 111 232 57 203 10 217 30 38 71 157 79 138 11 67 153 19 147 149 40 154 156 229 181 105 161 251 205 213 209 140 238 60,44918022,298,1699633,1454763600,54869094
tai256c,randomWalk,57 213 93 222 4 118 28 218 168 56 42 163 160 107 105 186 176 9 12 17 46 187 162 224 158 82 72 172 2 76 63 94 198 103 247 100 53 254 129 204 211 78 90 65 31 97 145 39 253 122 7 84 108 230 244 226 36 221 119 164 73 37 184 153 121 55 195 110 114 228 239 141 136 156 191 146 133 159 49 19 235 143 151 51 201 183 232 89 43 208 15 250 126 101 96 13 197 135 58 23 91 85 203 144 134 68 150 249 99 175 200 245 149 209 206 26 16 188 86 157 212 179 139 220 140 207 3 79 225 227 30 171 8 45 66 95 59 87 67 181 178 189 40 216 155 240 177 47 238 32 215 214 5 44 237 81 27 75 148 20 62 10 194 115 231 123 190 98 255 113 50 248 117 60 210 1 138 127 131 104 165 109 102 128 116 142 199 6 242 193 229 35 41 52 88 125 152 21 236 173 219 25 241 182 33 0 111 24 64 48 120 29 147 251 223 74 80 106 18 77 166 69 154 234 83 161 180 170 132 185 14 246 192 196 92 205 38 71 70 54 61 252 233 112 11 137 34 202 22 217 124 167 169 243 130 174,49598302,1216574,1216574,1170033000,55246862
tai256c,random,62 141 92 223 71 196 30 115 192 139 124 127 16 174 122 158 213 126 242 53 149 110 131 55 38 181 6 1 96 25 173 13 79 140 76 153 235 67 228 177 231 170 230 184 215 145 18 106 105 24 72 49 249 209 128 251 109 232 75 203 186 58 91 191 201 207 113 40 180 233 9 253 68 237 164 210 246 15 37 17 104 190 182 165 41 99 155 146 42 150 222 89 219 64 178 8 93 23 236 7 152 47 238 156 217 163 134 137 52 88 69 147 120 54 0 103 185 39 227 169 162 107 171 101 229 255 197 50 221 31 22 189 56 136 179 132 202 5 44 63 129 80 61 98 195 168 218 73 161 226 48 198 130 135 167 123 117 214 32 118 114 142 2 43 29 160 245 187 94 84 234 172 27 138 241 204 66 248 240 216 175 14 125 143 19 51 33 87 60 26 119 183 65 74 247 82 239 20 252 144 3 157 193 225 90 111 208 188 12 28 4 83 108 205 57 244 159 81 224 95 46 148 116 176 220 35 59 211 154 34 194 78 199 151 21 112 102 85 100 121 36 200 11 45 133 166 86 206 70 243 212 250 254 77 97 10,50036202,23020,23020,1174734300,53025474
tai256c,heuristic,192 166 255 254 253 252 251 250 249 248 247 246 245 244 243 242 241 240 239 238 237 236 235 234 233 232 231 230 229 228 227 226 225 224 223 222 221 220 219 218 217 216 215 214 213 212 211 165 210 209 208 207 206 205 204 203 202 201 200 199 198 197 196 167 164 195 194 193 191 190 189 188 187 186 185 184 183 182 181 180 179 178 177 176 175 174 173 172 171 170 169 168 92 93 94 95 96 97 98 99 100 101 102 103 104 105 106 107 108 109 110 111 112 113 114 115 116 117 118 119 120 121 122 123 124 125 63 64 47 129 130 131 132 133 134 135 136 137 138 139 140 141 142 143 144 145 146 147 148 149 150 151 152 153 154 155 156 157 158 159 160 161 162 163 81 128 127 126 91 90 89 88 87 86 85 84 83 82 1 80 79 78 77 76 75 74 73 72 71 70 69 68 0 67 66 65 62 61 60 59 58 57 56 55 54 53 52 51 50 49 48 46 45 44 43 42 41 40 39 38 37 36 35 34 33 32 31 30 29 28 27 26 25 24 23 22 21 20 19 18 17 16 15 14 13 12 11 10 9 8 7 6 5 4 3 2,98685678,0,1,0,53554548
tai256c,simulatedAnnealing,131 69 52 106 91 169 99 206 235 78 55 244 76 11 28 164 240 250 109 201 239 198 158 129 135 72 97 126 43 13 179 38 50 186 189 58 112 89 124 26 8 47 227 3 21 161 65 237 6 1 138 254 86 133 230 48 213 121 155 172 41 225 146 210 16 175 220 141 196 18 23 30 82 183 103 95 35 203 152 193 181 208 247 61 116 84 233 143 216 150 176 118 142 137 212 184 134 49 68 62 229 64 194 7 144 81 234 251 104 32 156 29 87 57 79 119 53 173 188 190 215 90 39 19 205 125 2 111 232 219 20 60 147 42 96 93 159 221 136 224 75 9 214 185 94 191 255 149 167 70 153 243 192 202 5 236 73 151 4 17 66 157 163 252 67 0 253 128 33 238 160 154 24 199 63 249 56 174 165 195 245 140 37 25 246 100 40 168 34 108 98 44 171 122 27 187 145 222 228 74 248 117 110 226 139 182 71 180 123 200 36 107 197 115 14 132 85 105 15 59 148 102 114 12 45 113 170 101 80 77 120 223 177 10 92 130 204 217 178 127 242 209 207 241 51 22 211 166 231 46 31 83 88 218 54 162,44860790,7800960,7817280,7303870700,52693392
tai256c,tabuSearch,234 78 240 230 38 171 57 141 245 115 29 211 186 130 207 14 50 222 239 188 175 6 23 169 209 119 219 43 236 4 253 12 104 9 19 63 184 96 75 1 121 158 46 87 190 117 113 72 228 179 40 199 93 123 176 161 100 248 67 36 85 226 60 90 128 26 81 64 33 149 166 164 215 217 31 205 95 213 181 156 251 151 83 194 147 136 138 55 53 126 242 108 185 249 246 110 197 129 167 47 24 35 59 233 223 145 120 49 27 92 135 159 79 10 174 165 37 41 143 44 97 122 216 201 244 22 116 212 13 114 88 127 204 231 77 142 154 235 2 252 89 183 70 218 177 91 250 42 192 243 191 103 56 45 193 17 241 221 237 48 76 247 224 206 225 62 66 238 82 20 101 11 148 39 140 106 153 229 178 7 172 98 125 198 195 80 73 28 30 131 139 25 105 21 162 32 254 163 133 65 99 196 180 15 187 132 152 155 146 109 74 160 34 200 58 94 168 61 189 182 112 71 173 16 68 5 214 52 137 232 18 51 54 3 202 69 157 107 170 227 124 8 102 118 203 208 86 144 220 84 0 255 150 134 210 111,45116192,869,1143275,1227838200,55307108
tai256c,steepest,67 215 253 50 223 232 96 129 234 242 247 60 114 182 45 36 124 81 12 41 21 236 227 197 103 72 240 177 219 3 147 153 167 155 92 249 142 162 194 69 192 189 6 138 86 136 18 77 75 101 244 204 165 63 172 132 144 84 16 43 89 118 238 179 157 8 109 106 184 23 174 251 127 186 229 38 58 30 206 121 94 191 150 99 15 201 33 225 26 55 64 212 93 119 173 68 185 250 87 29 187 88 231 85 35 24 218 148 210 139 243 255 211 105 113 17 196 53 37 226 233 168 71 1 228 2 20 111 31 131 224 199 171 10 207 130 254 217 59 91 22 154 213 62 28 107 200 159 237 70 82 11 141 73 180 74 7 25 246 195 241 5 100 76 161 205 44 216 239 49 235 156 134 97 51 163 183 143 13 164 65 115 252 133 190 54 128 175 34 248 19 214 178 158 46 125 98 151 61 193 102 126 149 181 112 47 40 140 160 208 245 230 152 221 209 188 48 32 222 56 145 90 146 57 122 27 198 110 104 52 137 9 169 123 117 170 83 79 42 80 166 116 203 0 39 120 220 78 66 176 4 14 108 202 135 95,44967530,54,1795200,1544391500,53799166
tai256c,greedy,122 72 220 173 132 154 249 20 74 156 201 169 27 89 92 118 207 190 34 212 86 193 158 109 101 252 254 68 135 242 78 51 139 64 227 178 46 61 239 107 199 120 39 44 246 180 13 103 235 146 54 218 165 184 7 143 129 31 1 232 3 208 41 205 137 197 214 96 59 32 126 95 144 150 176 229 124 83 240 98 49 5 187 81 163 10 37 237 210 115 24 167 145 130 77 243 79 177 97 194 23 133 38 159 245 14 75 48 223 0 253 90 222 55 43 231 21 149 33 87 60 147 134 202 6 166 236 203 70 106 255 25 200 209 11 26 142 171 8 136 58 52 234 114 138 153 85 47 35 189 82 67 211 168 30 69 62 102 12 119 16 117 192 221 91 99 29 76 228 217 94 127 174 121 65 9 183 36 185 88 40 204 248 244 160 57 131 196 100 226 63 224 80 238 181 162 233 116 155 179 157 141 104 148 84 22 18 251 175 4 225 152 230 105 110 151 186 188 206 191 213 73 17 45 140 247 108 19 161 241 113 164 56 66 42 123 198 195 182 53 93 111 15 219 2 215 112 172 170 125 250 128 71 50 216 28,44924550,264,1466953,1236221100,52767646
tai256c,randomWalk,121 241 10 213 156 232 76 193 210 247 155 170 200 95 199 112 157 2 90 33 202 91 47 204 54 84 132 137 181 125 21 26 24 171 61 208 113 169 55 148 226 40 236 246 0 68 223 6 111 30 80 109 198 177 23 151 66 175 134 254 51 122 48 87 234 12 117 191 115 98 249 227 62 127 207 201 43 244 97 130 11 57 29 53 3 17 89 102 123 239 74 162 46 221 131 27 166 67 215 124 13 88 192 79 105 106 163 86 69 211 154 1 64 139 146 194 159 41 184 174 180 103 218 185 228 178 209 219 75 94 245 176 142 49 92 5 216 167 214 152 168 99 149 197 70 60 147 28 217 222 9 107 44 32 224 251 110 72 14 237 189 114 250 164 135 179 119 173 195 158 19 35 78 187 190 141 59 243 242 128 240 34 20 100 153 56 255 129 253 172 196 108 120 206 150 58 25 85 231 82 81 229 7 233 203 238 96 15 77 37 50 36 38 93 235 118 83 133 161 52 188 8 16 140 248 143 65 225 18 73 4 230 186 252 39 101 45 144 63 160 212 205 220 126 42 71 116 31 182 145 165 22 183 138 104 136,49434032,1587479,1587479,1545321500,52647718
tai256c,random,81 23 2 52 142 129 88 15 197 175 5 177 18 11 67 24 20 221 55 12 69 250 39 162 57 101 145 80 29 182 185 173 193 19 211 131 192 149 92 73 188 225 174 183 253 195 82 245 122 168 160 93 206 230 157 158 212 41 249 138 13 241 146 233 104 37 53 114 43 139 91 134 9 196 68 236 132 254 78 117 64 207 213 108 232 128 84 181 105 119 204 65 244 178 224 159 100 0 226 72 113 17 90 89 71 247 144 28 83 96 45 46 56 26 135 66 252 203 22 148 167 42 130 237 99 44 165 222 107 200 94 161 63 133 248 127 87 243 32 176 8 51 118 229 140 48 74 238 116 209 151 190 85 228 3 201 115 240 76 124 231 150 14 10 7 184 33 180 102 156 75 171 164 27 30 97 126 246 59 223 106 218 199 62 38 61 1 4 137 58 121 123 49 40 154 198 208 172 6 70 210 251 141 86 36 166 163 227 147 186 60 235 214 216 111 50 109 110 215 220 202 189 98 152 125 234 120 31 155 205 217 25 79 169 103 153 77 136 179 34 47 219 54 239 16 242 143 194 21 35 187 255 95 191 112 170,49726074,30808,30808,1547897400,53228542
tai256c,heuristic,192 166 255 254 253 252 251 250 249 248 247 246 245 244 243 242 241 240 239 238 237 236 235 234 233 232 231 230 229 228 227 226 225 224 223 222 221 220 219 218 217 216 215 214 213 212 211 165 210 209 208 207 206 205 204 203 202 201 200 199 198 197 196 167 164 195 194 193 191 190 189 188 187 186 185 184 183 182 181 180 179 178 177 176 175 174 173 172 171 170 169 168 92 93 94 95 96 97 98 99 100 101 102 103 104 105 106 107 108 109 110 111 112 113 114 115 116 117 118 119 120 121 122 123 124 125 63 64 47 129 130 131 132 133 134 135 136 137 138 139 140 141 142 143 144 145 146 147 148 149 150 151 152 153 154 155 156 157 158 159 160 161 162 163 81 128 127 126 91 90 89 88 87 86 85 84 83 82 1 80 79 78 77 76 75 74 73 72 71 70 69 68 0 67 66 65 62 61 60 59 58 57 56 55 54 53 52 51 50 49 48 46 45 44 43 42 41 40 39 38 37 36 35 34 33 32 31 30 29 28 27 26 25 24 23 22 21 20 19 18 17 16 15 14 13 12 11 10 9 8 7 6 5 4 3 2,98685678,0,1,0,54724226
tai256c,simulatedAnnealing,187 28 94 60 43 175 197 239 246 248 22 107 26 211 208 214 67 216 92 0 205 254 226 9 193 138 2 165 73 176 37 99 220 105 241 69 97 45 114 58 86 39 129 79 157 147 24 109 71 32 13 116 250 150 222 252 90 235 103 56 244 161 153 135 190 178 229 82 49 31 144 127 80 34 62 182 168 199 233 142 202 52 120 124 133 101 155 5 180 19 172 185 78 210 25 209 221 224 115 242 137 151 146 169 46 61 148 186 50 173 128 53 11 102 65 198 125 194 83 231 166 95 57 136 234 163 10 110 4 70 108 191 158 159 59 47 75 141 54 160 164 236 91 1 42 249 227 3 140 68 29 207 81 20 162 203 143 64 41 16 113 104 77 36 139 118 200 183 12 189 89 243 100 119 213 88 123 15 223 38 225 156 253 184 44 255 17 195 192 27 217 122 112 230 237 87 134 149 238 170 251 6 106 132 167 33 48 177 154 18 228 247 181 188 130 232 85 98 21 7 35 23 174 30 84 215 152 212 121 245 76 63 179 96 204 218 171 126 72 74 51 131 55 201 66 219 14 40 111 145 206 196 8 240 117 93,44876758,8339520,8355840,7882046600,53717562
tai256c,tabuSearch,109 94 135 79 146 43 208 62 56 47 197 220 248 106 188 76 15 4 169 202 167 131 25 175 233 152 239 190 143 91 34 118 45 28 250 121 114 123 133 243 7 140 99 178 37 180 235 173 52 101 84 138 245 11 13 22 207 67 184 254 69 165 216 205 87 104 231 226 161 240 182 49 148 228 58 126 39 171 16 73 237 144 112 54 193 1 211 158 214 19 82 80 242 141 32 212 17 59 185 103 77 26 132 14 183 164 65 125 215 179 3 42 29 2 130 33 153 255 97 195 36 223 12 122 236 192 227 95 251 107 20 217 120 24 174 139 247 186 6 201 145 194 213 71 170 221 232 177 75 219 10 72 156 210 93 117 35 102 224 172 55 229 198 64 136 166 21 142 5 9 206 176 147 157 200 134 60 27 70 225 124 53 57 119 163 154 168 191 92 88 189 110 246 127 111 48 129 203 40 137 105 116 241 74 100 128 51 162 85 155 115 230 249 160 149 108 196 209 23 31 96 50 63 68 181 61 199 44 30 222 252 18 218 46 81 90 253 113 150 238 187 0 38 78 8 41 204 159 151 234 86 89 244 98 83 66,45009444,1060,1404595,1500450800,52049098
