esc16a,steepest,5 13 12 9 7 6 3 11 14 15 1 2 8 0 10 4,74,4,600,69550,122
esc16a,greedy,6 15 13 5 14 2 0 4 12 7 9 3 11 1 8 10,70,10,328,49644,104
esc16a,randomWalk,5 2 4 1 12 14 15 13 7 6 3 10 11 9 0 8,86,176,176,70779,110
esc16a,random,11 13 15 8 4 5 10 7 12 9 14 1 6 0 3 2,88,85,85,70661,106
esc16a,heuristic,15 11 6 8 10 7 9 13 12 14 0 5 4 3 2 1,80,0,1,4763,122
esc16a,simulatedAnnealing,13 8 15 4 9 7 6 14 5 12 11 1 2 10 3 0,80,2460,2520,394281,112
esc16a,tabuSearch,14 13 15 8 4 2 0 6 10 12 7 9 5 3 11 1,70,21,2541,414032,120
esc16a,steepest,15 13 9 10 7 5 2 3 1 11 6 0 14 8 4 12,74,4,600,65987,118
esc16a,greedy,14 10 9 8 6 5 4 15 13 12 1 2 7 3 0 11,68,14,447,85937,114
esc16a,randomWalk,8 4 2 5 10 11 12 9 1 0 7 13 15 6 14 3,78,257,257,67434,118
esc16a,random,7 2 6 5 12 3 0 15 4 13 1 14 8 9 11 10,88,89,89,67141,108
esc16a,heuristic,15 11 6 8 10 7 9 13 12 14 0 5 4 3 2 1,80,0,1,4387,126
esc16a,simulatedAnnealing,2 11 7 9 10 4 8 1 0 3 6 5 15 13 12 14,72,3180,3240,501402,110
esc16a,tabuSearch,11 9 12 13 3 6 7 10 14 15 4 5 1 8 2 0,68,20,2420,387751,118
esc16a,steepest,1 9 11 8 3 6 4 2 10 0 12 13 5 7 15 14,72,4,600,229303,98
esc16a,greedy,11 15 14 6 9 1 2 7 3 10 0 5 12 8 4 13,70,11,337,53251,118
esc16a,randomWalk,6 7 2 10 13 5 12 15 14 4 1 11 3 8 9 0,76,1257,1257,230541,112
esc16a,random,5 12 0 14 15 9 7 1 10 8 3 6 11 4 2 13,90,290,290,230232,112
esc16a,heuristic,15 11 6 8 10 7 9 13 12 14 0 5 4 3 2 1,80,0,1,3656,102
esc16a,simulatedAnnealing,9 1 4 13 8 2 10 0 3 11 12 7 14 6 5 15,82,1140,1200,170021,110
esc16a,tabuSearch,1 8 9 11 4 6 7 3 2 0 14 5 12 13 10 15,68,28,3388,946027,96
esc16a,steepest,3 1 13 9 2 6 10 11 15 7 14 5 8 4 12 0,68,4,600,140889,106
esc16a,greedy,1 9 8 10 5 4 6 2 3 0 15 11 12 13 7 14,68,16,609,154290,120
esc16a,randomWalk,15 7 2 10 14 12 8 3 1 11 13 6 0 5 4 9,90,278,278,142876,114
esc16a,random,4 12 0 11 9 14 2 8 10 1 6 15 5 3 13 7,84,65,65,144587,102
esc16a,heuristic,15 11 6 8 10 7 9 13 12 14 0 5 4 3 2 1,80,0,1,20306,110
esc16a,simulatedAnnealing,0 7 11 3 4 8 1 10 6 2 13 12 5 14 9 15,78,1440,1500,476896,94
esc16a,tabuSearch,2 7 3 15 4 0 12 10 14 6 11 1 8 13 9 5,68,23,2783,962328,126
esc16a,steepest,3 11 7 10 0 4 8 6 2 1 12 13 5 9 15 14,76,2,360,126986,84
esc16a,greedy,0 1 7 5 8 14 12 6 2 4 15 13 9 11 10 3,68,7,317,67652,104
esc16a,randomWalk,14 6 10 11 8 4 9 15 13 12 7 1 3 5 2 0,76,450,450,128700,112
esc16a,random,11 7 6 15 14 9 13 5 3 10 0 4 2 8 12 1,90,120,120,128742,94
esc16a,heuristic,15 11 6 8 10 7 9 13 12 14 0 5 4 3 2 1,80,0,1,4367,110
esc16a,simulatedAnnealing,1 3 10 11 0 13 9 8 12 2 5 7 14 15 4 6,84,1020,1080,235624,112
esc16a,tabuSearch,1 9 11 3 13 4 6 15 7 5 0 8 14 10 2 12,70,28,3388,889482,102
esc16a,steepest,7 14 10 15 4 1 5 2 3 6 13 12 0 11 9 8,68,6,840,155661,110
esc16a,greedy,10 15 7 3 12 8 2 6 11 14 13 5 9 1 0 4,70,8,301,67797,108
esc16a,randomWalk,2 3 15 0 4 12 5 7 14 6 10 8 1 9 13 11,82,512,512,157319,110
esc16a,random,15 5 3 8 14 1 13 6 0 4 10 12 11 7 9 2,86,129,129,166848,114
esc16a,heuristic,15 11 6 8 10 7 9 13 12 14 0 5 4 3 2 1,80,0,1,5692,104
esc16a,simulatedAnnealing,2 3 5 6 11 8 14 7 10 15 1 0 4 13 9 12,84,1020,1080,249595,100
esc16a,tabuSearch,5 1 9 13 7 6 14 11 15 3 12 4 0 8 10 2,70,22,2662,637205,110
esc16a,steepest,2 0 4 5 3 11 15 7 6 1 10 8 14 12 13 9,70,5,720,99043,112
esc16a,greedy,0 1 3 6 8 12 14 10 4 2 5 7 13 11 9 15,70,10,355,92049,104
esc16a,randomWalk,9 8 2 0 15 13 7 4 1 5 6 10 11 12 3 14,86,382,382,100366,120
esc16a,random,5 8 7 14 9 13 4 0 11 15 3 2 1 12 6 10,88,123,123,100941,116
esc16a,heuristic,15 11 6 8 10 7 9 13 12 14 0 5 4 3 2 1,80,0,1,4764,118
esc16a,simulatedAnnealing,11 10 1 9 6 2 5 3 7 15 12 14 13 8 0 4,80,2160,2220,453639,108
esc16a,tabuSearch,11 10 14 9 3 5 1 7 13 15 2 6 12 0 8 4,70,31,3751,1282393,118
esc16a,steepest,4 5 13 7 0 8 2 12 9 1 3 14 11 15 10 6,74,5,720,65579,108
esc16a,greedy,0 6 14 10 1 3 9 8 2 4 15 13 7 5 11 12,74,7,211,23818,112
esc16a,randomWalk,15 13 10 9 6 14 4 5 7 12 8 3 1 0 11 2,86,332,332,66360,92
esc16a,random,6 12 7 4 11 0 9 5 8 1 2 15 13 14 3 10,90,68,68,69621,112
esc16a,heuristic,15 11 6 8 10 7 9 13 12 14 0 5 4 3 2 1,80,0,1,5349,116
esc16a,simulatedAnnealing,9 8 14 10 13 1 3 15 2 11 6 5 0 12 7 4,80,1800,1860,422093,122
esc16a,tabuSearch,14 2 10 8 7 5 13 12 4 6 1 3 15 9 0 11,68,25,3025,598063,110
esc16a,steepest,11 9 1 13 10 2 14 7 15 3 0 12 4 5 6 8,68,5,720,58983,106
esc16a,greedy,1 0 7 5 8 10 9 3 11 2 13 12 4 6 14 15,72,10,262,33760,114
esc16a,randomWalk,10 11 15 6 12 0 4 7 14 8 3 5 1 9 2 13,88,266,266,60259,118
esc16a,random,13 1 2 11 15 4 8 7 3 14 0 10 9 12 6 5,82,61,61,60931,112
esc16a,heuristic,15 11 6 8 10 7 9 13 12 14 0 5 4 3 2 1,80,0,1,4766,116
esc16a,simulatedAnnealing,4 12 10 7 6 1 3 5 2 0 8 11 14 13 15 9,82,1380,1440,349696,120
esc16a,tabuSearch,7 15 11 9 6 4 0 1 3 5 12 8 13 14 2 10,68,23,2783,578177,104
esc16a,steepest,13 9 1 15 12 6 14 7 4 5 8 0 3 2 10 11,70,6,840,77862,122
esc16a,greedy,4 1 0 2 13 15 14 6 7 5 11 9 8 3 12 10,68,16,539,75768,120
esc16a,randomWalk,10 2 14 12 1 4 13 0 6 8 15 5 7 11 9 3,86,382,382,78976,114
esc16a,random,14 9 13 3 4 6 1 2 10 11 12 15 8 0 7 5,90,107,107,79187,106
esc16a,heuristic,15 11 6 8 10 7 9 13 12 14 0 5 4 3 2 1,80,0,1,3530,122
esc16a,simulatedAnnealing,6 7 5 13 11 2 10 15 12 14 3 9 1 0 4 8,78,1200,1260,211226,118
esc16a,tabuSearch,3 0 8 9 6 7 15 10 11 2 5 1 4 13 12 14,68,24,2904,733039,100
esc32f,steepest,30 28 4 13 18 19 11 21 2 15 14 24 1 5 20 8 23 10 3 26 22 31 0 12 16 29 17 25 27 7 9 6,2,2,1488,306167,26
esc32f,greedy,1 14 28 17 10 0 25 12 29 22 9 3 16 20 24 15 13 7 27 23 4 11 2 26 19 18 21 5 8 30 31 6,2,7,777,160104,52
esc32f,randomWalk,30 1 0 28 18 22 23 21 17 29 14 3 16 20 10 26 6 4 31 5 27 19 11 7 8 15 9 2 25 12 13 24,14,1287,1287,317166,50
esc32f,random,5 16 26 19 13 15 14 2 7 6 0 8 22 30 4 24 12 21 10 18 11 29 1 17 27 31 3 20 28 23 25 9,10,150,150,309196,34
esc32f,heuristic,1 10 2 3 4 5 31 27 23 9 0 8 26 25 14 15 24 29 30 28 20 21 22 11 19 18 17 16 13 7 12 6,10,0,1,7056,28
esc32f,simulatedAnnealing,11 22 4 16 20 8 17 29 21 10 30 28 2 0 6 9 13 26 19 24 23 18 3 31 7 12 15 1 25 14 27 5,2,10912,11160,2071152,30
esc32f,tabuSearch,0 10 3 5 27 20 16 9 24 13 31 30 19 17 2 23 1 6 18 14 29 7 25 4 26 28 11 8 22 12 15 21,2,54,8982,2302649,68
esc32f,steepest,24 7 14 1 5 4 18 16 19 0 9 25 13 12 22 31 20 21 2 29 3 8 6 17 23 26 28 10 27 15 30 11,2,3,1984,538856,52
esc32f,greedy,15 4 9 31 21 11 3 20 2 30 25 8 6 14 24 18 22 1 7 17 0 29 28 16 23 26 5 10 12 27 13 19,2,6,659,302618,44
esc32f,randomWalk,25 12 23 17 9 1 10 15 0 19 2 6 11 3 5 24 30 4 26 20 16 29 14 13 22 8 28 18 21 27 7 31,10,1873,1873,541845,52
esc32f,random,9 26 21 1 15 11 19 12 2 5 16 29 3 18 14 10 7 0 8 4 6 22 25 17 28 27 31 23 13 20 24 30,14,183,183,574082,46
esc32f,heuristic,1 10 2 3 4 5 31 27 23 9 0 8 26 25 14 15 24 29 30 28 20 21 22 11 19 18 17 16 13 7 12 6,10,0,1,8834,72
esc32f,simulatedAnnealing,29 3 16 11 4 14 22 15 2 20 0 6 27 19 23 28 31 10 18 26 8 13 9 1 5 21 30 24 25 7 17 12,2,10168,10416,2522923,26
esc32f,tabuSearch,20 5 23 19 7 1 21 16 25 18 3 17 12 8 4 0 24 31 29 15 26 28 11 22 10 27 13 9 30 6 14 2,2,50,8483,2314982,44
esc32f,steepest,22 17 8 7 23 19 5 25 1 13 18 28 29 31 0 21 24 9 4 11 20 27 2 30 16 15 3 12 6 14 26 10,2,4,2480,908437,64
esc32f,greedy,13 1 17 4 21 27 26 22 14 20 19 9 24 8 29 28 6 5 30 7 10 25 31 23 15 2 11 0 18 12 3 16,2,6,1009,220034,46
esc32f,randomWalk,20 5 18 30 13 23 26 0 25 24 15 8 4 7 16 9 17 2 27 6 29 14 19 31 22 21 1 12 10 28 11 3,10,3253,3253,911199,50
esc32f,random,13 10 15 8 11 22 29 17 2 6 18 14 1 5 27 0 3 23 28 24 20 26 19 21 7 30 12 16 31 9 4 25,2,367,367,911573,48
esc32f,heuristic,1 10 2 3 4 5 31 27 23 9 0 8 26 25 14 15 24 29 30 28 20 21 22 11 19 18 17 16 13 7 12 6,10,0,1,8482,40
esc32f,simulatedAnnealing,28 17 21 14 0 31 9 12 11 6 23 30 26 24 7 3 13 4 1 5 18 15 16 29 22 25 2 20 8 10 27 19,2,10416,10664,3224071,40
esc32f,tabuSearch,8 19 27 24 26 9 31 28 23 7 10 12 13 5 14 21 20 22 29 30 2 11 0 25 3 15 4 17 18 6 1 16,2,57,9481,2949737,44
esc32f,steepest,24 13 10 12 2 25 22 7 30 4 9 6 17 16 5 11 3 28 18 20 23 15 27 31 1 8 19 14 0 26 29 21,2,3,1984,409524,56
esc32f,greedy,6 3 30 12 8 25 15 0 31 9 21 26 18 19 28 14 2 16 13 24 5 29 10 22 20 11 17 7 27 1 23 4,2,7,775,166618,46
esc32f,randomWalk,23 15 10 31 5 9 3 18 19 4 27 30 21 29 6 12 2 8 11 0 20 26 1 22 14 16 17 24 25 13 28 7,2,1078,1078,412697,30
esc32f,random,1 16 23 10 3 2 19 29 22 13 20 26 4 14 24 7 31 28 6 15 25 8 12 18 21 9 0 27 5 11 30 17,18,32,32,413228,46
esc32f,heuristic,1 10 2 3 4 5 31 27 23 9 0 8 26 25 14 15 24 29 30 28 20 21 22 11 19 18 17 16 13 7 12 6,10,0,1,31617,38
esc32f,simulatedAnnealing,12 16 23 0 5 20 21 11 13 10 25 15 8 24 30 22 9 3 29 1 14 6 7 27 31 4 26 28 18 2 19 17,2,11408,11656,2944177,50
esc32f,tabuSearch,17 16 30 5 27 22 24 6 28 4 9 2 0 1 18 19 7 21 26 20 25 11 23 31 3 14 12 8 10 15 29 13,2,39,6487,1865666,58
esc32f,steepest,7 20 11 31 30 12 9 19 13 15 21 8 26 24 25 2 3 6 1 4 0 18 17 29 14 22 23 5 10 27 16 28,2,3,1984,443994,64
esc32f,greedy,9 1 22 6 28 2 17 31 5 3 19 30 8 24 11 26 29 13 21 15 10 0 27 20 16 14 25 4 18 7 12 23,2,8,692,138104,72
esc32f,randomWalk,2 28 13 27 0 9 29 7 11 20 16 24 3 23 17 26 5 4 31 12 6 30 1 22 10 25 18 15 14 8 21 19,10,1689,1689,446367,44
esc32f,random,26 4 7 13 14 30 29 27 17 16 28 8 19 24 3 18 5 2 1 15 9 31 11 23 20 22 25 21 10 12 6 0,18,75,75,447484,62
esc32f,heuristic,1 10 2 3 4 5 31 27 23 9 0 8 26 25 14 15 24 29 30 28 20 21 22 11 19 18 17 16 13 7 12 6,10,0,1,8438,14
esc32f,simulatedAnnealing,14 9 17 25 23 27 5 16 21 0 3 20 13 29 22 6 18 12 1 4 28 31 11 26 19 24 30 7 15 8 10 2,2,11656,11904,3368578,42
esc32f,tabuSearch,26 28 29 16 18 21 20 14 6 27 30 9 15 31 5 24 12 17 22 19 10 8 3 23 7 11 2 13 4 0 25 1,2,38,6487,2753479,64
esc32f,steepest,24 6 26 10 27 11 22 25 19 3 4 1 21 5 17 8 9 14 18 15 7 13 31 16 2 30 29 23 0 12 28 20,2,2,1488,428667,54
esc32f,greedy,31 3 22 29 11 2 12 19 20 9 18 8 14 30 10 27 23 0 28 1 6 16 5 17 13 15 26 21 7 24 4 25,2,5,818,518971,44
esc32f,randomWalk,29 17 5 14 8 10 19 9 16 6 11 25 27 18 22 30 15 4 23 12 2 28 13 26 31 24 21 20 1 0 7 3,14,907,907,432912,58
esc32f,random,16 11 7 17 4 12 23 30 21 15 5 14 2 20 27 24 6 19 1 0 26 3 10 28 13 25 8 18 9 22 31 29,10,119,119,432851,54
esc32f,heuristic,1 10 2 3 4 5 31 27 23 9 0 8 26 25 14 15 24 29 30 28 20 21 22 11 19 18 17 16 13 7 12 6,10,0,1,15955,68
esc32f,simulatedAnnealing,23 12 22 28 8 30 25 4 27 19 24 11 16 20 18 7 5 13 9 29 26 31 6 3 1 15 10 2 14 17 21 0,2,16368,16616,6015568,66
esc32f,tabuSearch,20 28 21 23 10 18 14 24 26 9 17 6 4 12 0 29 8 5 30 7 27 13 25 19 2 15 11 1 22 31 16 3,2,42,6986,2603255,44
esc32f,steepest,30 4 24 31 9 5 10 20 26 8 7 12 15 13 18 22 16 19 2 23 21 0 14 11 25 1 17 3 6 28 29 27,2,4,2480,724707,40
esc32f,greedy,25 17 24 7 10 15 30 16 31 12 18 6 2 0 14 29 20 13 28 9 26 11 27 4 3 23 19 8 21 1 22 5,2,7,746,199265,72
esc32f,randomWalk,2 24 13 31 22 26 25 9 19 14 11 5 4 6 12 28 3 7 29 15 18 27 23 0 17 20 10 1 30 16 21 8,10,2034,2034,732138,58
esc32f,random,28 14 4 16 23 0 31 18 30 13 19 22 10 5 6 12 1 7 29 24 21 2 9 3 26 20 17 27 25 11 15 8,10,179,179,730168,62
esc32f,heuristic,1 10 2 3 4 5 31 27 23 9 0 8 26 25 14 15 24 29 30 28 20 21 22 11 19 18 17 16 13 7 12 6,10,0,1,27405,30
esc32f,simulatedAnnealing,22 13 15 16 4 23 19 2 18 3 31 7 30 14 9 6 26 28 17 12 5 10 20 25 27 0 1 24 21 29 11 8,6,10168,10416,3886116,48
esc32f,tabuSearch,4 12 2 24 21 5 30 11 14 17 10 19 0 1 7 6 9 23 26 22 16 20 25 31 13 3 29 8 27 28 15 18,2,42,6986,2380502,28
esc32f,steepest,7 8 22 24 9 2 4 13 16 25 28 27 10 14 21 12 29 17 20 19 31 23 30 6 5 18 0 1 26 15 11 3,2,5,2976,865653,48
esc32f,greedy,7 20 31 22 13 1 28 16 30 3 21 0 11 9 4 17 24 27 29 25 18 15 23 8 2 6 14 26 10 5 12 19,2,5,587,177502,76
esc32f,randomWalk,21 26 28 15 2 23 24 17 16 10 1 22 25 31 9 3 20 5 8 13 19 29 18 6 11 12 27 30 0 4 14 7,10,1970,1970,869827,86
esc32f,random,22 3 1 7 10 8 29 15 12 18 31 20 17 21 2 13 23 4 16 30 9 14 27 26 0 24 25 11 19 5 28 6,10,202,202,872345,50
esc32f,heuristic,1 10 2 3 4 5 31 27 23 9 0 8 26 25 14 15 24 29 30 28 20 21 22 11 19 18 17 16 13 7 12 6,10,0,1,14030,48
esc32f,simulatedAnnealing,9 13 8 23 17 22 4 30 7 28 11 2 26 24 19 10 14 21 20 29 25 12 0 5 31 18 1 16 6 27 3 15,6,8928,9176,3641243,76
esc32f,tabuSearch,17 18 30 19 16 7 2 0 11 13 9 6 28 29 12 21 4 10 3 14 27 23 22 24 31 26 25 5 20 8 15 1,2,33,5489,2335271,38
esc32f,steepest,6 5 13 30 16 8 10 24 27 0 9 12 23 19 31 21 26 25 11 17 7 22 28 14 15 2 20 18 3 29 4 1,2,4,2480,849234,74
esc32f,greedy,21 23 9 2 24 17 28 8 22 14 30 18 29 13 10 4 0 7 20 15 1 11 6 25 16 26 31 5 19 12 3 27,2,7,539,148795,76
esc32f,randomWalk,22 4 25 8 16 10 28 29 0 21 19 6 2 11 15 26 17 3 20 7 31 14 23 1 5 9 27 13 24 30 12 18,14,1692,1692,854677,54
esc32f,random,30 26 7 4 2 8 29 21 0 13 6 18 20 24 9 28 25 12 11 14 19 31 10 17 22 3 15 1 16 5 23 27,10,204,204,857080,38
esc32f,heuristic,1 10 2 3 4 5 31 27 23 9 0 8 26 25 14 15 24 29 30 28 20 21 22 11 19 18 17 16 13 7 12 6,10,0,1,15547,44
esc32f,simulatedAnnealing,26 29 28 7 24 21 18 8 3 12 13 1 10 2 23 0 9 14 19 30 25 16 5 15 4 27 6 31 22 17 11 20,2,16120,16368,5917957,34
esc32f,tabuSearch,13 24 19 30 26 25 23 0 29 2 14 17 7 5 16 22 1 11 21 27 3 6 15 20 31 12 28 9 4 10 8 18,2,38,6487,2553123,76
esc32f,steepest,27 24 22 20 21 12 29 10 31 23 28 9 0 4 11 3 14 17 13 19 26 6 25 7 30 2 5 8 1 15 18 16,2,3,1984,806264,68
esc32f,greedy,28 26 30 29 9 15 2 17 8 27 3 23 20 16 1 14 19 13 0 5 12 6 18 4 31 24 22 21 11 10 25 7,2,6,615,206054,40
esc32f,randomWalk,20 23 16 2 27 19 1 13 29 22 4 25 7 31 12 3 9 10 5 11 0 28 26 14 18 15 6 21 24 17 30 8,10,1922,1922,810358,58
esc32f,random,1 9 30 21 8 7 22 13 28 12 20 6 2 16 29 25 26 24 3 14 15 11 0 4 18 23 19 5 17 10 31 27,12,193,193,810466,66
esc32f,heuristic,1 10 2 3 4 5 31 27 23 9 0 8 26 25 14 15 24 29 30 28 20 21 22 11 19 18 17 16 13 7 12 6,10,0,1,20790,34
esc32f,simulatedAnnealing,7 31 29 16 11 17 13 4 12 25 6 8 26 24 28 30 5 18 9 19 20 10 14 15 27 0 22 2 21 1 23 3,2,11408,11656,6085487,62
esc32f,tabuSearch,5 8 9 2 16 21 11 7 27 18 26 0 19 23 20 6 3 28 10 24 14 31 13 25 22 4 17 15 1 12 30 29,2,48,7984,2087358,66
lipa40a,steepest,3 27 13 33 9 15 38 4 30 2 5 20 29 11 32 25 23 19 18 37 14 28 1 24 31 21 6 34 10 8 0 16 35 36 7 12 26 17 22 39,31985,31,24960,9229317,32745
lipa40a,greedy,18 3 8 1 15 24 25 5 2 10 13 4 20 30 28 9 22 6 17 16 39 19 11 29 26 7 27 32 23 33 21 37 36 34 12 35 14 0 31 38,32036,47,2349,1219847,32616
lipa40a,randomWalk,38 32 26 11 20 7 1 12 13 16 15 8 19 14 3 35 10 31 39 17 9 0 34 6 4 30 33 36 29 25 21 24 5 37 2 22 18 27 28 23,32379,25956,25956,9250541,32694
lipa40a,random,29 19 7 20 9 3 14 16 22 11 8 30 18 39 33 21 15 32 26 24 35 28 31 12 23 37 5 6 25 34 17 27 36 10 0 4 13 1 38 2,32489,2343,2343,9232820,32739
lipa40a,heuristic,35 20 27 22 39 14 4 6 29 24 18 13 9 0 28 25 15 34 10 11 21 17 16 3 2 31 30 33 23 8 5 19 7 37 12 38 1 32 36 26,32760,0,1,11932,32750
lipa40a,simulatedAnnealing,7 18 37 0 2 9 30 4 29 5 28 33 19 38 10 12 26 1 17 15 27 32 11 39 3 24 36 35 25 16 31 13 22 14 34 6 8 23 21 20,32409,26910,27300,6915326,32734
lipa40a,tabuSearch,15 11 27 36 3 1 38 7 39 34 35 4 29 18 16 0 5 22 21 10 6 26 13 2 20 12 19 25 17 8 37 32 28 24 33 23 14 30 9 31,31988,187,36848,12906365,32694
lipa40a,steepest,2 5 12 20 39 26 34 31 23 29 22 1 30 0 6 38 24 35 17 11 36 32 18 3 9 8 19 21 33 13 37 27 10 15 25 16 14 7 4 28,32048,20,16380,3677005,32642
lipa40a,greedy,21 28 2 17 23 36 25 1 35 26 3 5 39 22 27 13 38 0 11 24 10 37 12 6 7 9 31 32 4 14 15 8 34 29 33 30 20 19 18 16,31999,48,2823,637033,32716
lipa40a,randomWalk,1 8 13 6 5 23 11 21 28 15 18 22 10 26 20 31 2 33 35 38 24 12 17 39 9 25 37 32 3 16 27 36 29 34 14 7 30 19 4 0,32453,9712,9712,3680911,32751
lipa40a,random,37 12 14 9 7 35 28 2 26 11 0 1 17 23 10 20 8 19 5 33 6 39 25 27 32 3 31 34 36 24 16 22 4 21 13 18 15 29 38 30,32477,945,945,3681090,32577
lipa40a,heuristic,35 20 27 22 39 14 4 6 29 24 18 13 9 0 28 25 15 34 10 11 21 17 16 3 2 31 30 33 23 8 5 19 7 37 12 38 1 32 36 26,32760,0,1,17146,32583
lipa40a,simulatedAnnealing,38 8 3 5 17 32 19 7 21 24 12 11 31 23 10 33 9 15 0 27 37 20 6 22 26 29 4 16 13 28 39 36 34 25 18 35 14 1 30 2,32437,22620,23010,5848758,32678
lipa40a,tabuSearch,16 19 0 1 30 15 20 4 27 25 12 24 29 35 14 8 6 26 5 3 34 9 36 2 22 31 28 11 18 7 13 38 32 37 23 39 33 21 10 17,31973,136,26656,10082701,32602
lipa40a,steepest,37 16 6 39 34 29 23 11 15 27 19 20 31 14 9 3 21 33 1 7 12 28 25 17 30 4 26 22 18 2 10 36 35 0 32 38 24 5 13 8,32080,19,15600,3390805,32814
lipa40a,greedy,6 34 10 19 2 32 31 38 17 4 35 26 21 23 33 37 18 36 25 0 7 22 29 13 20 24 27 9 30 15 5 14 1 16 12 11 8 39 28 3,32021,61,4646,854495,32788
lipa40a,randomWalk,15 36 29 38 3 27 26 16 23 8 37 12 30 7 17 13 22 14 24 0 10 5 2 31 4 18 6 9 39 1 33 35 19 20 25 21 34 32 11 28,32424,12477,12477,3395381,32852
lipa40a,random,20 5 29 22 13 3 14 0 17 36 28 10 16 12 4 30 35 2 31 32 26 39 18 15 7 24 34 27 33 1 37 23 8 19 6 38 11 25 9 21,32523,896,896,3399205,32832
lipa40a,heuristic,35 20 27 22 39 14 4 6 29 24 18 13 9 0 28 25 15 34 10 11 21 17 16 3 2 31 30 33 23 8 5 19 7 37 12 38 1 32 36 26,32760,0,1,26138,32810
lipa40a,simulatedAnnealing,37 27 11 38 19 7 9 18 33 30 25 3 31 13 26 29 23 21 34 35 8 10 5 4 16 15 17 20 6 39 22 36 12 28 24 1 32 2 14 0,31920,91650,92040,25734344,32735
lipa40a,tabuSearch,14 33 26 8 7 5 16 11 24 29 22 21 9 34 3 17 12 4 10 2 39 19 18 27 30 32 35 37 38 25 13 28 0 6 31 36 23 20 15 1,31998,83,16464,4842388,32745
lipa40a,steepest,7 27 28 23 14 19 39 29 26 20 24 3 34 0 13 2 38 15 6 8 16 17 4 5 37 33 22 12 10 9 11 32 21 25 18 31 30 35 36 1,31958,28,22620,5530150,32819
lipa40a,greedy,23 16 27 18 10 24 33 15 20 30 29 26 11 8 28 7 37 3 31 25 32 39 0 35 4 12 21 2 9 22 14 38 36 5 6 17 19 13 34 1,32040,61,3869,853120,32696
lipa40a,randomWalk,9 15 37 11 36 38 22 27 8 4 18 26 34 39 12 0 16 2 31 25 23 3 20 32 33 24 5 29 13 1 17 19 7 14 35 6 21 28 30 10,32437,18580,18580,5533879,32788
lipa40a,random,9 37 29 12 20 38 39 31 34 19 17 25 1 24 6 0 11 10 13 4 14 33 21 2 5 8 36 7 15 35 28 23 27 30 22 18 3 16 26 32,32498,1512,1512,5535756,32645
lipa40a,heuristic,35 20 27 22 39 14 4 6 29 24 18 13 9 0 28 25 15 34 10 11 21 17 16 3 2 31 30 33 23 8 5 19 7 37 12 38 1 32 36 26,32760,0,1,57612,32762
lipa40a,simulatedAnnealing,12 3 18 5 8 6 11 29 33 1 28 27 7 26 14 20 10 37 16 23 25 17 38 2 19 30 36 4 15 35 39 0 24 22 13 32 21 9 34 31,31883,97500,97890,27643438,32695
lipa40a,tabuSearch,17 21 6 33 9 12 37 2 28 13 26 5 34 30 20 31 38 25 0 3 19 16 10 27 14 39 29 1 7 4 22 24 36 18 35 15 11 8 23 32,31998,100,19600,5803083,32749
lipa40a,steepest,0 6 26 38 8 29 20 11 9 21 19 27 18 34 24 14 22 37 1 36 25 35 12 17 3 32 4 39 28 7 23 30 5 15 16 10 2 33 13 31,31998,27,21840,5182754,32698
lipa40a,greedy,30 3 27 18 9 37 11 19 26 8 2 29 36 28 34 16 5 25 0 7 4 35 21 10 22 20 31 24 13 12 17 15 39 33 32 6 14 23 38 1,32033,51,4280,1136656,32715
lipa40a,randomWalk,26 30 16 23 35 0 2 39 27 11 29 25 21 18 14 9 19 24 8 5 33 6 32 34 12 7 17 22 28 3 20 13 15 37 10 31 4 36 1 38,32436,17378,17378,5186271,32756
lipa40a,random,10 36 0 29 31 12 37 20 21 38 7 22 16 19 2 23 1 4 32 26 18 27 6 8 33 13 25 24 28 5 39 35 3 9 17 34 14 11 30 15,32486,1457,1457,5195931,32793
lipa40a,heuristic,35 20 27 22 39 14 4 6 29 24 18 13 9 0 28 25 15 34 10 11 21 17 16 3 2 31 30 33 23 8 5 19 7 37 12 38 1 32 36 26,32760,0,1,26799,32734
lipa40a,simulatedAnnealing,29 28 27 19 22 7 30 35 36 17 3 20 14 5 34 12 31 39 18 15 9 1 10 21 24 11 38 32 8 23 4 13 37 33 0 25 6 2 16 26,31903,90090,90480,24660980,32670
lipa40a,tabuSearch,16 37 24 31 20 34 18 22 5 4 30 1 19 26 3 33 27 0 14 25 13 11 2 12 9 29 38 6 36 10 21 28 35 7 39 15 17 32 8 23,32028,151,29792,8691046,32693
lipa40a,steepest,34 20 22 17 16 12 21 31 35 1 7 29 30 36 0 5 37 13 38 28 19 15 4 18 2 24 39 26 9 11 33 6 25 32 3 8 27 14 23 10,32022,29,23400,4774448,32827
lipa40a,greedy,0 30 3 19 39 36 1 14 4 21 35 2 10 29 26 16 28 25 8 6 5 38 32 18 31 20 7 9 12 15 33 34 23 17 37 13 22 27 24 11,32016,57,4129,758700,32712
lipa40a,randomWalk,32 28 11 24 17 9 8 23 39 29 30 21 4 12 0 13 14 33 10 15 18 27 6 20 37 35 38 7 19 26 22 2 36 3 25 31 5 1 34 16,32451,16506,16506,4777698,32774
lipa40a,random,16 33 36 8 12 30 34 22 15 5 24 4 27 1 6 38 19 29 31 3 28 23 14 20 7 21 37 25 32 18 26 0 17 35 9 13 2 39 11 10,32493,1314,1314,4779485,32673
lipa40a,heuristic,35 20 27 22 39 14 4 6 29 24 18 13 9 0 28 25 15 34 10 11 21 17 16 3 2 31 30 33 23 8 5 19 7 37 12 38 1 32 36 26,32760,0,1,12764,32617
lipa40a,simulatedAnnealing,2 26 5 30 32 24 12 9 34 23 21 33 0 10 37 28 15 1 19 31 18 29 22 20 7 3 14 4 35 13 6 38 11 16 27 17 36 8 39 25,32425,18330,18720,5102930,32671
lipa40a,tabuSearch,37 39 20 10 19 35 34 29 23 15 4 1 27 17 22 16 36 32 0 30 14 2 21 5 26 11 24 28 33 25 12 38 31 6 8 9 7 13 18 3,31940,150,29792,10377744,32538
lipa40a,steepest,23 34 27 31 13 22 25 18 28 2 5 26 7 4 24 15 9 29 17 3 21 14 11 0 19 38 8 37 30 1 36 10 12 33 20 32 35 6 16 39,31995,22,17940,4368831,32770
lipa40a,greedy,22 25 31 29 8 16 35 14 7 37 20 23 13 11 27 2 15 6 34 0 4 1 10 21 5 38 33 36 32 30 12 3 9 26 28 18 19 24 17 39,32062,50,3892,1181831,32715
lipa40a,randomWalk,4 30 25 38 15 31 2 21 13 9 7 14 17 10 32 39 8 24 37 11 5 19 16 18 20 36 28 34 1 27 33 3 12 35 23 6 26 0 22 29,32463,14814,14814,4373137,32667
lipa40a,random,5 25 20 31 8 22 38 28 4 13 32 26 17 21 0 30 14 34 23 15 39 24 37 2 27 36 35 10 7 11 18 16 3 6 29 1 19 9 12 33,32460,1288,1288,4372750,32717
lipa40a,heuristic,35 20 27 22 39 14 4 6 29 24 18 13 9 0 28 25 15 34 10 11 21 17 16 3 2 31 30 33 23 8 5 19 7 37 12 38 1 32 36 26,32760,0,1,15905,32570
lipa40a,simulatedAnnealing,25 30 22 11 18 36 24 2 35 14 23 12 15 21 26 6 38 20 0 37 4 29 33 34 19 9 16 31 27 10 3 7 1 17 8 32 39 28 13 5,31902,86190,86580,26801322,32737
lipa40a,tabuSearch,33 23 2 28 26 14 27 30 35 39 29 5 36 0 19 10 9 6 4 1 18 31 16 13 32 7 37 25 24 3 22 12 34 8 11 15 17 38 21 20,31938,112,21952,6109938,32635
lipa40a,steepest,18 19 34 13 11 37 14 39 38 10 31 30 16 26 23 24 4 33 7 0 20 29 15 6 9 17 5 27 28 32 21 36 35 12 22 25 1 2 8 3,31977,30,24180,4879287,32788
lipa40a,greedy,35 19 16 22 21 29 10 27 9 11 5 13 30 4 23 20 2 25 3 36 24 38 32 6 7 17 31 39 15 1 33 8 14 0 26 18 12 28 37 34,32033,66,3406,886442,32929
lipa40a,randomWalk,2 16 20 9 23 0 1 29 5 19 25 28 31 34 13 38 39 12 30 18 6 17 26 36 24 35 7 10 8 37 21 4 11 33 27 15 14 22 32 3,32398,15547,15547,4882967,32717
lipa40a,random,29 22 39 0 26 33 19 9 18 21 3 4 17 32 13 31 6 38 20 37 11 10 12 14 8 23 5 36 25 24 16 28 2 7 34 27 1 35 15 30,32507,1241,1241,4892066,32767
lipa40a,heuristic,35 20 27 22 39 14 4 6 29 24 18 13 9 0 28 25 15 34 10 11 21 17 16 3 2 31 30 33 23 8 5 19 7 37 12 38 1 32 36 26,32760,0,1,13084,32785
lipa40a,simulatedAnnealing,39 4 12 13 18 29 26 0 38 33 24 3 36 1 27 15 14 20 22 28 2 21 37 5 16 19 6 23 34 8 11 31 30 10 32 9 7 35 17 25,31963,78000,78390,20503220,32705
lipa40a,tabuSearch,33 32 11 3 22 26 17 30 29 31 5 13 36 0 23 6 28 14 25 16 1 39 37 24 20 8 18 34 27 35 7 9 38 21 2 10 15 12 4 19,32049,116,22736,7323138,32795
lipa40a,steepest,25 1 32 12 18 26 3 35 2 37 15 0 36 13 33 22 24 28 23 16 38 4 31 6 27 8 9 21 5 30 14 19 17 34 7 10 20 29 11 39,31998,32,25740,4962854,32724
lipa40a,greedy,4 30 27 33 37 13 31 15 38 2 8 39 35 3 12 29 22 19 18 0 17 36 1 16 25 14 34 32 7 21 10 11 5 20 24 9 23 6 28 26,32016,64,4307,980172,32578
lipa40a,randomWalk,38 32 14 21 33 9 34 26 0 19 10 5 11 3 25 27 2 22 30 6 1 8 18 28 17 39 12 36 23 24 29 7 20 37 15 35 31 16 13 4,32453,14556,14556,4966907,32606
lipa40a,random,17 8 4 31 30 23 36 33 29 38 25 22 32 15 6 9 2 26 1 21 10 7 18 5 37 39 19 27 13 14 3 16 0 24 34 20 35 28 11 12,32499,1144,1144,4967784,32719
lipa40a,heuristic,35 20 27 22 39 14 4 6 29 24 18 13 9 0 28 25 15 34 10 11 21 17 16 3 2 31 30 33 23 8 5 19 7 37 12 38 1 32 36 26,32760,0,1,23806,32713
lipa40a,simulatedAnnealing,29 2 34 5 11 31 10 12 3 38 24 35 37 15 4 22 18 1 27 33 19 7 25 28 6 14 26 36 32 23 13 16 30 17 21 20 9 39 0 8,32395,24180,24570,6257370,32844
lipa40a,tabuSearch,7 3 5 33 14 15 23 10 38 26 27 0 4 18 39 12 8 30 37 35 11 36 1 16 22 29 13 34 24 2 28 9 21 25 19 6 31 32 17 20,31971,139,27440,8228308,32622
lipa40a,steepest,39 27 28 3 12 38 31 30 36 15 37 32 26 0 7 10 19 17 5 9 18 35 25 21 29 8 23 22 6 1 33 20 34 24 4 11 16 14 13 2,32011,17,14040,2958013,32758
lipa40a,greedy,16 25 18 0 13 32 31 35 29 5 15 26 38 9 19 33 17 27 3 14 28 36 24 6 20 4 37 34 22 1 11 7 8 21 23 10 30 12 39 2,32032,54,4402,1044918,32681
lipa40a,randomWalk,32 16 20 1 8 19 21 0 7 15 2 25 11 36 29 34 28 35 9 33 39 14 4 23 30 12 37 27 10 26 31 3 24 18 5 17 6 22 13 38,32464,9502,9502,2961674,32638
lipa40a,random,27 20 29 33 9 28 23 32 16 0 4 25 37 5 19 12 3 31 7 21 15 30 24 26 6 13 39 17 1 22 36 18 11 35 38 10 2 8 34 14,32507,854,854,2965762,32708
lipa40a,heuristic,35 20 27 22 39 14 4 6 29 24 18 13 9 0 28 25 15 34 10 11 21 17 16 3 2 31 30 33 23 8 5 19 7 37 12 38 1 32 36 26,32760,0,1,12266,32639
lipa40a,simulatedAnnealing,7 19 4 26 27 36 2 37 34 11 10 6 13 28 0 39 8 32 20 38 16 22 25 21 5 31 12 24 35 29 23 17 3 9 18 1 15 14 30 33,32407,28860,29250,8270982,32724
lipa40a,tabuSearch,33 18 5 38 16 17 21 19 4 14 1 30 24 36 6 12 10 27 7 28 11 15 25 39 34 29 35 3 26 0 22 9 32 31 8 2 13 37 23 20,32001,104,20384,6999675,32765
lipa60a,steepest,10 37 19 6 47 18 24 40 14 52 56 9 29 45 11 30 27 21 28 58 20 48 25 31 42 26 41 35 55 4 44 5 1 59 2 13 16 38 8 54 57 50 12 46 7 22 3 36 53 33 15 32 51 0 23 34 43 49 39 17,108384,38,69030,20984216,110321
lipa60a,greedy,24 21 19 28 1 39 6 9 32 46 5 30 43 14 36 31 53 41 40 56 16 2 13 18 10 57 12 47 51 42 35 44 48 38 49 22 50 54 7 27 26 58 59 34 8 37 52 15 20 55 0 11 45 33 4 23 25 29 3 17,108398,88,9292,2569328,110298
lipa60a,randomWalk,58 14 5 11 9 10 20 24 16 34 49 28 29 26 19 52 37 54 45 42 32 48 7 41 18 55 46 30 2 15 40 56 51 17 35 27 43 21 6 3 31 25 53 13 39 1 50 23 59 12 57 22 47 8 33 38 36 4 0 44,109588,50696,50696,20990792,110173
lipa60a,random,9 48 57 16 24 23 30 41 33 31 0 7 17 26 36 39 2 49 38 37 5 59 8 28 1 47 27 40 11 53 12 58 14 29 3 54 32 44 20 10 45 15 56 34 52 22 50 35 46 18 4 25 42 13 55 19 51 6 21 43,109686,3121,3121,21002452,110594
lipa60a,heuristic,2 15 51 12 14 30 49 1 50 44 20 52 25 6 23 35 32 19 29 13 17 21 10 34 5 46 54 36 16 8 4 58 57 53 38 39 11 27 9 3 40 24 48 18 41 31 56 55 22 33 42 59 0 47 37 7 45 28 43 26,109927,0,1,65071,110251
lipa60a,simulatedAnnealing,10 31 49 7 39 20 19 38 59 41 28 23 16 9 56 4 6 34 27 52 14 51 35 42 22 54 48 40 30 53 2 33 5 0 21 32 36 8 46 17 26 44 12 57 25 43 24 45 11 18 55 3 15 47 13 29 37 58 1 50,108281,203550,204435,86843999,110156
lipa60a,tabuSearch,35 47 10 15 49 28 22 29 1 48 55 4 33 16 0 11 12 53 9 26 32 21 45 44 46 20 52 2 14 50 58 17 19 57 36 23 40 54 42 25 27 7 6 38 56 43 34 13 51 41 39 8 37 59 30 18 24 3 31 5,108385,269,79920,33775215,110130
lipa60a,steepest,35 40 12 36 24 28 50 20 22 57 5 23 31 18 26 30 58 59 10 7 37 33 25 14 47 48 44 43 52 13 15 19 39 51 38 1 27 34 49 21 56 45 9 32 0 17 55 6 29 8 16 41 3 2 11 4 46 54 53 42,108492,26,47790,15407458,110388
lipa60a,greedy,28 30 21 7 48 0 23 47 50 38 10 2 29 35 19 24 43 20 55 44 4 8 36 33 22 15 18 34 58 54 16 56 13 39 49 40 5 17 42 37 25 51 27 59 53 46 31 57 32 6 1 14 52 12 45 26 11 41 3 9,108413,91,14523,3909246,110279
lipa60a,randomWalk,30 33 20 56 27 58 41 59 46 55 39 38 51 11 28 10 23 9 49 36 32 25 18 15 12 17 7 4 29 31 37 14 19 40 45 24 0 1 43 2 50 6 42 22 16 53 44 3 8 5 21 34 48 35 57 26 47 13 54 52,109563,28949,28949,15414100,109938
lipa60a,random,22 11 30 34 35 13 5 29 51 44 43 1 10 2 9 46 57 7 32 27 4 3 33 19 16 42 20 28 24 47 38 15 55 26 36 39 25 41 18 52 8 31 37 40 14 17 0 56 59 50 54 6 48 53 23 58 21 12 49 45,109705,2149,2149,15418485,109962
lipa60a,heuristic,2 15 51 12 14 30 49 1 50 44 20 52 25 6 23 35 32 19 29 13 17 21 10 34 5 46 54 36 16 8 4 58 57 53 38 39 11 27 9 3 40 24 48 18 41 31 56 55 22 33 42 59 0 47 37 7 45 28 43 26,109927,0,1,28096,110271
lipa60a,simulatedAnnealing,51 44 16 7 52 53 33 29 43 4 21 1 49 5 8 3 17 41 34 13 46 10 59 47 2 15 12 30 25 50 11 9 31 6 36 55 22 48 56 19 24 37 35 23 28 20 26 45 54 58 40 32 14 42 57 27 0 38 39 18,108172,216825,217710,73026165,110245
lipa60a,tabuSearch,31 38 50 29 47 39 53 54 37 51 27 5 6 14 30 46 17 16 36 44 8 11 49 21 1 58 13 33 2 56 52 10 25 7 41 45 9 22 32 19 26 43 12 4 0 20 48 57 55 24 40 42 59 34 15 23 18 28 3 35,108543,190,56832,21519226,110310
lipa60a,steepest,47 58 3 7 12 5 25 51 32 27 52 9 6 4 57 17 13 59 53 24 26 34 49 38 10 36 29 23 33 56 42 8 0 43 18 50 44 28 35 30 16 40 1 15 55 41 48 54 31 46 11 39 45 19 21 20 2 37 22 14,108385,34,61950,20122837,110189
lipa60a,greedy,8 9 37 12 44 33 34 30 38 58 39 3 41 15 43 0 59 24 51 17 4 2 47 53 18 46 11 25 56 31 16 55 10 14 22 35 23 42 57 52 48 28 40 26 5 27 49 6 19 29 13 50 20 36 45 21 54 32 1 7,108418,85,14596,4012418,109903
lipa60a,randomWalk,37 24 7 56 29 53 48 8 23 39 43 42 31 1 41 15 2 17 12 46 10 3 21 20 49 52 38 6 35 4 9 30 25 18 0 19 58 45 55 22 13 44 34 26 50 28 40 16 27 59 47 51 32 36 14 11 57 33 54 5,109584,53275,53275,20130325,110289
lipa60a,random,41 2 57 45 10 15 9 7 42 26 40 38 30 8 21 37 24 58 12 25 54 17 36 13 55 3 46 28 49 59 56 52 22 14 53 23 1 44 51 32 31 18 39 4 29 0 50 19 43 11 5 6 35 33 34 47 20 27 48 16,109515,3055,3055,20135479,110012
lipa60a,heuristic,2 15 51 12 14 30 49 1 50 44 20 52 25 6 23 35 32 19 29 13 17 21 10 34 5 46 54 36 16 8 4 58 57 53 38 39 11 27 9 3 40 24 48 18 41 31 56 55 22 33 42 59 0 47 37 7 45 28 43 26,109927,0,1,26502,110361
lipa60a,simulatedAnnealing,20 36 43 21 30 14 55 28 45 40 47 48 15 8 1 46 18 12 35 50 42 29 4 22 38 24 57 0 11 16 52 26 58 23 41 56 54 10 32 53 17 2 39 9 49 3 13 37 6 51 19 34 5 7 44 59 31 27 25 33,108138,212400,213285,70069254,110082
lipa60a,tabuSearch,5 13 52 38 49 7 36 59 6 55 57 8 23 45 28 29 18 21 37 11 30 48 4 58 1 42 19 20 40 43 24 31 51 12 35 26 16 2 0 39 27 25 56 50 22 44 3 46 33 41 15 47 32 9 17 34 54 14 53 10,108477,159,47952,21848695,110028
lipa60a,steepest,43 29 58 9 36 5 49 45 52 26 22 20 0 54 14 48 57 46 4 17 13 37 35 15 11 28 32 42 59 31 3 23 18 25 44 38 21 12 8 51 19 27 16 40 1 34 6 24 7 41 30 50 39 10 2 53 55 47 33 56,108482,33,60180,19915546,110416
lipa60a,greedy,12 16 1 8 27 35 4 21 25 7 20 55 56 44 48 28 45 41 54 51 15 49 11 50 9 59 53 10 36 31 47 58 42 5 14 32 26 30 43 57 17 18 29 40 6 24 0 13 22 23 34 19 2 33 38 37 39 3 46 52,108440,88,13252,4335221,109991
lipa60a,randomWalk,31 22 13 17 5 28 4 54 48 51 53 38 36 1 26 9 14 20 50 8 12 24 3 42 21 58 25 32 0 44 7 39 33 11 29 2 59 55 57 43 16 10 49 41 15 35 18 40 37 56 27 34 46 30 23 47 19 6 45 52,109601,57714,57714,19922869,110360
lipa60a,random,28 49 34 33 45 25 32 43 20 11 50 15 31 46 5 18 21 58 30 47 26 29 59 48 12 44 16 0 2 9 52 24 54 3 6 22 41 40 57 7 38 42 36 35 8 17 4 23 39 10 27 37 19 51 55 14 1 56 13 53,109633,3027,3027,19923729,110087
lipa60a,heuristic,2 15 51 12 14 30 49 1 50 44 20 52 25 6 23 35 32 19 29 13 17 21 10 34 5 46 54 36 16 8 4 58 57 53 38 39 11 27 9 3 40 24 48 18 41 31 56 55 22 33 42 59 0 47 37 7 45 28 43 26,109927,0,1,26568,110023
lipa60a,simulatedAnnealing,9 36 58 15 57 42 19 49 22 10 41 32 51 38 12 14 40 24 39 28 48 0 4 45 5 43 20 54 16 50 8 25 52 27 59 26 7 23 55 37 6 34 31 47 53 35 2 13 3 30 56 29 21 1 18 17 44 11 46 33,108240,205320,206205,72471951,110282
lipa60a,tabuSearch,23 14 41 11 48 37 53 49 46 13 38 26 51 18 16 35 8 1 22 54 3 40 59 57 58 5 25 36 9 32 30 39 20 52 28 44 43 19 4 45 0 24 15 42 27 21 55 34 6 56 50 29 7 47 17 10 12 2 31 33,108477,173,51504,21308016,109997
lipa60a,steepest,11 27 24 5 48 7 46 0 35 15 31 57 29 28 32 53 33 19 58 4 52 47 43 41 39 10 6 45 38 36 49 3 21 13 50 59 30 2 40 23 22 55 37 34 17 14 16 42 9 56 12 25 20 44 51 26 1 54 18 8,108443,27,49560,18621587,109901
lipa60a,greedy,43 10 24 3 32 11 51 41 9 8 44 0 18 28 48 27 15 33 59 5 26 2 47 34 49 25 29 1 14 23 36 55 42 56 50 38 37 19 22 40 20 6 21 57 52 31 39 35 45 53 54 13 17 46 12 58 30 16 4 7,108374,106,9280,2646813,110416
lipa60a,randomWalk,46 54 3 17 44 20 26 25 43 40 5 47 57 33 22 35 48 38 29 30 7 4 0 12 55 14 2 59 41 58 8 42 45 15 31 9 11 18 19 49 10 24 23 21 13 52 36 16 50 1 34 56 39 27 53 37 28 6 51 32,109592,50360,50360,18628569,110011
lipa60a,random,42 55 10 44 48 3 6 37 26 24 39 4 33 35 0 1 31 21 54 30 27 22 38 41 9 59 51 56 15 52 53 5 43 19 16 7 29 32 45 46 13 57 23 36 2 11 47 49 8 40 18 28 25 20 50 12 34 58 17 14,109641,2524,2524,18632575,110233
lipa60a,heuristic,2 15 51 12 14 30 49 1 50 44 20 52 25 6 23 35 32 19 29 13 17 21 10 34 5 46 54 36 16 8 4 58 57 53 38 39 11 27 9 3 40 24 48 18 41 31 56 55 22 33 42 59 0 47 37 7 45 28 43 26,109927,0,1,33282,109965
lipa60a,simulatedAnnealing,16 2 42 23 6 22 48 35 50 29 25 27 55 36 17 54 9 53 11 18 37 5 12 59 15 46 41 45 0 26 57 49 40 24 19 14 30 31 51 28 7 21 44 10 3 39 32 20 34 4 38 1 52 47 13 58 43 33 56 8,108062,228330,229215,76977849,110126
lipa60a,tabuSearch,36 30 3 16 20 56 4 23 29 46 34 37 42 40 27 1 25 44 14 50 12 58 9 38 2 32 10 39 0 33 48 19 55 6 59 35 31 8 49 15 54 51 7 11 28 47 17 24 18 43 52 26 21 53 22 5 57 45 41 13,108448,174,51504,19079713,110193
lipa60a,steepest,56 29 27 31 54 47 1 57 42 15 7 50 20 37 44 32 40 36 59 6 0 8 26 5 23 52 10 41 21 9 58 45 25 2 14 35 55 17 19 3 38 18 11 30 39 34 4 49 51 24 48 22 33 12 16 43 46 28 13 53,108443,29,53100,17096511,110135
lipa60a,greedy,42 29 3 59 51 16 6 32 11 15 30 4 22 53 39 28 17 23 12 56 26 55 14 49 43 10 18 19 44 7 20 21 8 25 13 35 27 54 45 57 2 41 38 46 37 52 33 58 24 9 50 5 48 31 40 34 47 1 36 0,108371,95,13489,3855332,110076
lipa60a,randomWalk,48 25 39 51 23 7 16 43 9 4 37 40 46 17 24 38 41 30 44 8 47 59 58 57 20 36 56 27 55 49 14 45 15 28 19 1 35 33 52 21 29 26 5 13 6 34 3 50 18 0 2 53 10 11 54 22 12 42 31 32,109507,45478,45478,17103309,110315
lipa60a,random,28 18 11 50 0 13 24 17 33 32 31 6 53 16 22 51 57 2 42 52 59 43 3 44 37 7 12 47 38 20 46 5 25 48 10 41 9 35 55 49 30 45 23 21 4 40 8 27 56 15 1 34 19 54 58 14 26 29 36 39,109665,2632,2632,17105311,110037
lipa60a,heuristic,2 15 51 12 14 30 49 1 50 44 20 52 25 6 23 35 32 19 29 13 17 21 10 34 5 46 54 36 16 8 4 58 57 53 38 39 11 27 9 3 40 24 48 18 41 31 56 55 22 33 42 59 0 47 37 7 45 28 43 26,109927,0,1,24549,110129
lipa60a,simulatedAnnealing,24 3 19 45 38 12 40 22 51 55 49 34 15 16 18 31 56 30 17 35 59 10 46 6 4 50 25 5 48 43 26 36 44 20 11 9 33 23 54 27 42 14 53 52 41 7 28 32 57 29 2 21 13 47 39 1 58 37 8 0,108270,208860,209745,70062949,110254
lipa60a,tabuSearch,58 42 17 4 47 28 10 57 7 30 40 11 16 12 2 37 1 26 55 56 31 39 25 3 38 45 49 29 19 44 54 32 8 35 21 53 9 41 27 52 23 18 33 13 36 0 59 48 22 43 50 34 51 5 46 20 24 15 14 6,108370,396,117216,45292303,110142
lipa60a,steepest,10 45 19 29 50 58 43 5 44 23 53 32 22 37 2 3 16 24 17 12 31 38 7 1 27 46 36 49 56 48 41 9 34 35 11 39 42 57 20 0 21 54 25 30 15 6 55 33 59 4 13 47 51 40 14 8 28 26 52 18,108386,32,58410,18239577,110046
lipa60a,greedy,58 53 59 24 5 57 50 13 25 41 3 32 37 19 30 1 45 39 28 56 11 18 48 34 54 22 38 47 10 4 6 20 29 46 9 36 27 14 42 40 2 31 17 49 16 26 55 33 12 7 52 8 43 51 0 44 15 21 35 23,108343,81,12988,3590738,109949
lipa60a,randomWalk,32 16 13 9 45 17 28 52 38 47 57 24 46 19 22 55 51 56 35 14 49 1 33 34 15 54 18 2 23 29 8 40 41 36 53 43 50 59 3 7 4 44 11 39 21 31 37 20 12 42 0 6 27 48 5 10 58 30 25 26,109576,48202,48202,18245768,110039
lipa60a,random,32 27 46 43 10 59 36 58 20 28 30 22 25 39 16 48 7 1 40 52 17 35 54 3 38 14 57 47 51 0 37 29 53 9 26 18 55 6 21 31 12 23 50 24 13 44 45 11 4 42 15 5 8 33 56 49 34 41 2 19,109672,2757,2757,18245714,110171
lipa60a,heuristic,2 15 51 12 14 30 49 1 50 44 20 52 25 6 23 35 32 19 29 13 17 21 10 34 5 46 54 36 16 8 4 58 57 53 38 39 11 27 9 3 40 24 48 18 41 31 56 55 22 33 42 59 0 47 37 7 45 28 43 26,109927,0,1,29326,110041
lipa60a,simulatedAnnealing,47 45 32 1 18 19 10 12 53 44 37 7 9 23 3 6 54 49 24 27 15 40 28 35 51 43 0 58 59 34 33 13 14 22 41 25 4 26 48 31 42 50 56 52 38 20 46 5 2 17 39 8 16 29 55 36 30 11 21 57,108237,223020,223905,73381920,110099
lipa60a,tabuSearch,19 17 6 14 38 25 28 26 9 49 30 20 56 29 11 46 23 12 43 0 44 10 36 33 55 39 27 16 13 37 2 18 50 58 8 42 1 5 24 7 21 35 34 41 51 40 15 57 32 31 59 54 53 4 45 3 47 22 52 48,108382,304,90576,33302728,110099
lipa60a,steepest,47 36 42 57 9 44 31 0 14 43 50 32 41 33 27 24 58 15 2 18 12 52 6 21 48 40 5 39 38 26 10 13 23 29 22 35 34 8 17 56 51 7 37 59 16 3 1 4 11 54 20 25 28 53 49 19 30 45 46 55,108377,39,70800,23075553,109950
lipa60a,greedy,49 1 39 51 21 12 7 48 26 0 35 18 33 28 45 30 6 40 25 50 41 46 44 9 2 23 52 5 32 59 38 10 19 3 17 55 34 29 47 37 53 16 42 56 43 15 8 4 57 54 13 36 58 27 11 22 20 14 31 24,108423,103,14809,5020872,110139
lipa60a,randomWalk,17 57 43 18 27 4 7 6 30 45 59 54 42 9 31 11 32 41 25 13 39 34 48 23 14 3 46 36 1 37 29 21 28 26 10 50 22 49 51 24 55 33 38 44 40 58 19 20 15 0 5 8 12 2 56 35 52 53 47 16,109569,64255,64255,23091092,110171
lipa60a,random,48 58 9 22 36 54 18 4 10 25 24 56 7 57 41 3 45 11 47 2 12 42 27 32 59 17 40 6 49 20 55 37 35 28 5 8 30 29 52 50 44 31 16 39 43 33 19 0 46 23 34 51 38 1 21 26 15 14 13 53,109667,3613,3613,23085792,110199
lipa60a,heuristic,2 15 51 12 14 30 49 1 50 44 20 52 25 6 23 35 32 19 29 13 17 21 10 34 5 46 54 36 16 8 4 58 57 53 38 39 11 27 9 3 40 24 48 18 41 31 56 55 22 33 42 59 0 47 37 7 45 28 43 26,109927,0,1,37464,110166
lipa60a,simulatedAnnealing,17 58 37 48 38 33 35 36 31 47 25 1 54 59 50 57 39 52 34 8 46 2 49 24 16 14 27 51 53 56 13 9 21 4 43 11 5 41 23 29 6 10 12 26 20 0 3 32 15 45 30 7 18 19 44 28 42 22 55 40,108322,220365,221250,72900699,110234
lipa60a,tabuSearch,59 14 34 49 19 31 41 27 42 15 29 39 45 44 54 16 51 57 24 32 18 4 48 5 9 12 50 7 21 47 35 23 25 46 28 22 10 43 0 20 38 37 55 11 1 17 30 13 3 36 2 56 26 53 6 40 33 52 8 58,108270,419,124320,46317450,110011
lipa60a,steepest,33 34 22 30 28 5 36 52 18 46 58 1 16 29 10 40 44 48 21 56 43 27 25 55 57 47 49 12 19 17 8 26 50 51 38 54 11 7 6 37 9 2 23 53 4 31 45 39 13 42 32 20 14 3 15 41 35 59 0 24,108406,35,63720,20591594,110120
lipa60a,greedy,30 20 11 37 40 55 28 21 48 4 23 1 16 52 33 10 29 41 12 13 35 54 57 18 27 24 31 19 39 26 8 22 5 44 2 49 47 7 51 53 56 46 45 9 34 25 15 32 3 43 36 38 42 14 50 59 6 0 58 17,108329,110,15824,5924101,110044
lipa60a,randomWalk,7 39 30 20 36 12 43 49 0 15 4 18 42 33 54 19 44 45 58 1 52 34 40 26 35 14 5 10 53 38 2 41 32 21 56 9 16 47 29 13 59 3 31 27 8 37 57 6 28 46 25 11 24 48 22 50 55 23 51 17,109610,53931,53931,20598181,110127
lipa60a,random,33 54 30 6 2 51 41 23 8 13 9 46 15 53 39 0 38 58 50 1 3 48 31 14 29 40 7 43 42 57 20 28 22 59 16 5 55 36 52 27 19 37 47 34 25 49 26 21 44 24 32 12 10 17 18 56 11 4 35 45,109617,3217,3217,20605278,110140
lipa60a,heuristic,2 15 51 12 14 30 49 1 50 44 20 52 25 6 23 35 32 19 29 13 17 21 10 34 5 46 54 36 16 8 4 58 57 53 38 39 11 27 9 3 40 24 48 18 41 31 56 55 22 33 42 59 0 47 37 7 45 28 43 26,109927,0,1,26148,110023
lipa60a,simulatedAnnealing,9 56 52 34 4 31 53 10 50 7 45 55 5 32 13 1 18 51 37 38 20 54 44 42 8 17 41 25 2 46 19 58 11 49 57 12 40 6 33 22 30 47 21 27 36 16 48 29 24 26 14 23 0 39 59 15 28 3 43 35,108307,214170,215055,70507462,110092
lipa60a,tabuSearch,50 58 21 56 52 31 48 46 11 54 38 47 5 22 20 55 40 17 25 36 7 32 45 37 19 51 10 1 57 44 33 24 28 15 0 9 59 18 23 4 29 14 34 39 27 12 35 30 42 3 53 6 49 13 43 16 2 8 41 26,108306,336,99456,38609032,110152
lipa60a,steepest,57 30 34 15 11 45 39 29 7 36 49 32 44 9 0 18 16 4 56 58 52 2 53 31 48 47 40 27 54 13 20 17 33 43 19 24 59 42 14 51 22 8 50 26 25 37 46 1 6 10 12 5 28 35 41 21 55 38 3 23,108464,33,60180,23571518,109891
lipa60a,greedy,8 59 49 18 44 45 17 21 0 48 10 29 28 16 22 41 35 3 20 32 26 19 42 36 58 14 9 43 15 2 27 52 31 6 23 11 57 40 50 24 55 5 7 38 12 46 56 1 13 54 51 34 37 25 47 39 33 4 30 53,108461,85,10070,2767331,110123
lipa60a,randomWalk,11 47 8 40 38 26 43 5 20 16 36 58 15 50 32 28 31 53 44 46 13 51 52 45 22 10 21 18 48 3 24 57 42 25 35 19 4 33 55 0 41 39 29 1 9 12 17 14 37 7 27 54 30 23 49 34 6 59 2 56,109411,65092,65092,23577632,110106
lipa60a,random,45 37 36 12 19 47 3 41 58 21 11 22 15 28 32 39 20 30 18 52 1 27 6 57 31 5 55 4 7 29 34 17 50 0 24 14 33 53 10 42 2 40 8 46 43 44 49 38 26 25 51 23 35 9 56 59 16 13 48 54,109637,3654,3654,23582291,110244
lipa60a,heuristic,2 15 51 12 14 30 49 1 50 44 20 52 25 6 23 35 32 19 29 13 17 21 10 34 5 46 54 36 16 8 4 58 57 53 38 39 11 27 9 3 40 24 48 18 41 31 56 55 22 33 42 59 0 47 37 7 45 28 43 26,109927,0,1,25513,110147
lipa60a,simulatedAnnealing,31 47 57 39 11 5 18 59 51 27 48 58 7 36 14 28 32 46 41 30 55 56 26 19 50 10 33 15 9 34 6 53 12 24 22 25 1 0 54 21 44 17 2 29 49 13 38 20 42 23 40 16 8 4 43 52 35 3 37 45,109493,58410,59295,19066042,110082
lipa60a,tabuSearch,6 51 2 12 44 43 20 26 5 38 19 39 23 47 3 36 8 15 16 46 48 37 54 17 0 18 27 21 45 1 59 28 31 52 53 49 9 13 25 40 30 22 56 14 58 4 35 29 50 11 34 33 10 42 41 32 24 7 55 57,108590,138,40848,15451389,110278
lipa80a,steepest,4 46 31 51 73 25 79 30 28 66 60 39 52 1 19 65 54 49 42 21 77 45 2 20 62 9 32 75 44 23 48 63 11 15 13 40 27 8 0 64 78 53 24 34 47 12 3 76 10 18 22 71 5 37 50 41 17 72 67 36 69 6 59 58 7 35 26 68 16 56 38 29 33 57 61 55 43 74 70 14,255287,43,139040,55620992,258400
lipa80a,greedy,67 74 57 72 5 71 59 53 15 6 68 54 10 12 1 7 9 28 38 24 25 29 16 37 50 17 78 33 52 51 19 45 2 41 76 36 42 30 32 64 23 60 39 79 47 13 43 46 73 55 31 14 35 75 66 62 69 8 40 22 11 34 0 63 58 48 65 3 27 61 70 26 4 44 56 77 20 18 49 21,255329,157,30755,11341419,258938
lipa80a,randomWalk,34 26 44 61 20 7 0 48 59 27 36 35 14 18 22 65 11 19 76 56 24 3 38 41 49 2 30 47 31 50 75 12 21 23 33 72 17 58 78 28 63 71 53 68 52 62 51 15 1 55 69 54 29 60 13 66 43 16 39 74 5 42 70 79 4 46 57 45 6 73 37 32 77 64 10 67 8 40 9 25,257633,131912,131912,55631279,258643
lipa80a,random,59 69 63 5 73 11 22 10 65 25 68 1 52 75 70 77 29 49 42 51 14 79 72 46 40 34 4 23 74 0 36 54 31 50 57 44 66 53 17 43 24 60 15 64 18 67 16 47 7 61 8 3 33 9 6 78 12 26 48 45 62 30 76 32 41 27 56 28 35 55 71 19 38 20 58 37 21 13 39 2,257697,5207,5207,55632408,258469
lipa80a,heuristic,33 50 66 42 19 47 40 55 38 78 70 45 48 16 27 53 22 43 79 3 2 11 26 58 62 4 1 68 7 71 72 23 74 76 64 60 44 18 14 20 9 28 57 29 13 56 31 35 10 51 39 75 17 36 30 21 41 46 63 6 5 0 49 12 25 37 69 77 15 34 67 24 54 65 32 61 8 59 73 52,258667,0,1,45706,258879
lipa80a,simulatedAnnealing,40 25 15 53 58 51 29 36 18 39 20 49 30 12 2 57 63 27 75 54 11 69 17 73 9 62 5 8 66 67 34 43 72 14 79 47 26 71 16 64 70 68 10 38 45 33 31 0 22 44 32 6 23 37 41 52 19 56 7 1 50 65 35 13 78 28 24 4 55 48 21 77 76 59 42 61 46 74 3 60,254979,451880,453460,189806705,258295
lipa80a,tabuSearch,57 14 50 1 77 39 29 5 25 9 3 69 78 15 22 55 40 32 0 11 24 72 60 18 33 8 67 79 10 17 47 38 28 61 20 31 70 58 43 46 54 59 26 66 52 21 23 19 4 7 63 6 27 56 65 76 37 30 13 12 42 45 48 41 44 36 71 49 68 2 62 74 35 73 16 75 34 51 53 64,255362,368,145728,68936813,258810
lipa80a,steepest,24 59 19 37 28 40 16 52 74 8 0 23 71 65 73 42 47 36 34 20 50 55 49 31 60 9 77 76 12 13 67 79 5 6 26 32 66 70 27 51 15 22 14 1 58 2 53 68 7 29 62 21 44 4 64 33 56 30 39 61 17 54 75 41 46 25 3 35 18 48 43 10 69 57 78 11 63 72 45 38,255261,50,161160,64340631,258754
lipa80a,greedy,66 23 18 27 63 3 42 45 2 75 64 70 17 40 49 15 52 73 7 56 77 54 12 9 31 37 39 19 71 11 60 22 30 72 78 26 29 28 0 68 44 34 4 8 24 6 53 58 43 50 16 35 51 32 59 20 55 10 1 57 21 46 79 14 74 61 69 67 76 65 48 47 5 41 25 36 33 62 13 38,255440,142,27803,9838553,258429
lipa80a,randomWalk,6 15 59 48 77 12 37 54 70 52 2 62 8 45 9 75 1 79 55 3 78 13 27 23 46 73 64 49 10 32 20 22 60 26 69 34 24 31 47 7 53 76 0 16 29 58 40 65 44 14 5 68 36 67 17 43 50 71 42 66 4 56 63 19 61 33 30 28 38 18 74 25 21 57 11 41 39 35 72 51,257624,153083,153083,64350967,258245
lipa80a,random,15 16 40 60 30 33 14 36 39 53 7 73 62 20 44 4 61 78 37 19 32 69 18 70 22 71 59 3 28 26 49 48 13 11 46 68 52 72 54 63 50 74 76 79 56 24 8 41 35 0 77 57 12 45 27 55 42 38 17 9 75 64 58 1 10 34 66 6 23 21 5 2 67 65 31 51 43 29 47 25,257833,6162,6162,64356234,258621
lipa80a,heuristic,33 50 66 42 19 47 40 55 38 78 70 45 48 16 27 53 22 43 79 3 2 11 26 58 62 4 1 68 7 71 72 23 74 76 64 60 44 18 14 20 9 28 57 29 13 56 31 35 10 51 39 75 17 36 30 21 41 46 63 6 5 0 49 12 25 37 69 77 15 34 67 24 54 65 32 61 8 59 73 52,258667,0,1,40437,258319
lipa80a,simulatedAnnealing,70 48 1 7 30 72 9 29 0 10 42 60 34 32 51 52 71 44 49 37 55 22 11 8 35 75 78 68 73 53 40 69 54 76 18 5 4 24 66 21 39 12 79 74 14 59 13 25 50 61 46 17 20 56 41 43 3 67 77 31 47 19 6 36 28 57 58 64 62 65 23 38 16 63 2 15 27 33 26 45,254976,459780,461360,192799215,258429
lipa80a,tabuSearch,12 42 8 72 30 46 60 70 73 40 53 41 54 23 66 9 24 43 78 3 34 47 7 51 15 22 58 4 6 32 76 1 11 17 71 61 20 5 31 29 27 28 36 50 37 65 45 55 77 67 14 25 56 26 57 16 68 0 33 79 74 19 13 18 49 10 52 2 44 62 38 35 21 63 48 39 64 75 59 69,255342,399,158400,73444118,258660
lipa80a,steepest,20 54 66 42 78 33 70 36 0 17 10 23 11 32 22 25 43 60 59 48 7 51 62 24 35 49 19 58 4 14 29 56 31 12 77 68 41 8 2 34 30 28 26 27 37 13 16 72 55 46 6 74 1 50 73 52 61 40 38 44 75 57 64 15 69 9 3 5 76 21 45 67 65 47 79 63 39 18 71 53,255278,51,164320,65485117,258892
lipa80a,greedy,26 29 21 53 20 58 5 52 22 71 72 37 12 54 17 13 45 60 39 34 27 66 2 42 15 18 31 65 3 77 24 69 48 63 79 1 16 43 28 8 50 51 44 35 25 61 46 47 59 4 73 32 10 33 56 64 49 6 9 40 11 7 55 75 68 76 19 70 0 14 41 23 78 36 30 67 62 57 38 74,255366,124,17018,6225502,258228
lipa80a,randomWalk,27 75 2 7 8 18 3 53 57 61 41 37 79 36 55 48 44 24 34 33 17 43 62 51 5 31 50 6 46 67 52 20 77 47 11 45 65 39 70 10 64 32 22 21 35 56 15 69 26 28 12 0 38 25 19 54 66 72 16 74 42 71 78 60 73 4 76 49 29 9 23 14 40 30 58 68 59 63 13 1,257622,143608,143608,65496139,258291
lipa80a,random,1 79 67 49 55 45 47 17 28 51 73 62 53 21 66 57 14 25 74 15 6 24 32 19 18 0 75 2 39 35 4 42 70 65 22 38 52 26 76 36 61 27 69 29 71 44 56 11 31 46 40 37 72 58 43 59 10 54 50 16 5 23 64 41 30 34 13 9 60 20 68 3 7 78 8 12 63 48 33 77,257709,6211,6211,65495536,258691
lipa80a,heuristic,33 50 66 42 19 47 40 55 38 78 70 45 48 16 27 53 22 43 79 3 2 11 26 58 62 4 1 68 7 71 72 23 74 76 64 60 44 18 14 20 9 28 57 29 13 56 31 35 10 51 39 75 17 36 30 21 41 46 63 6 5 0 49 12 25 37 69 77 15 34 67 24 54 65 32 61 8 59 73 52,258667,0,1,40452,258582
lipa80a,simulatedAnnealing,41 56 44 10 27 26 16 54 13 42 3 64 22 28 63 45 17 32 49 31 51 29 74 25 61 57 66 0 77 15 37 14 39 4 19 70 59 38 9 67 36 58 73 52 76 79 7 65 18 71 1 40 24 43 69 60 53 50 68 62 46 6 33 72 12 8 5 35 2 34 30 78 48 47 21 55 11 20 75 23,254991,485060,486640,203761726,258452
lipa80a,tabuSearch,13 39 2 64 46 66 14 22 6 34 31 47 24 28 41 53 30 50 65 76 75 11 25 16 69 32 8 58 15 57 67 49 45 79 1 59 36 74 23 56 18 37 19 7 26 78 12 21 61 20 5 9 51 0 55 43 52 3 17 77 63 10 38 33 62 42 4 70 35 73 72 48 44 29 60 27 68 71 54 40,255309,293,117216,55031315,258638
lipa80a,steepest,5 30 11 47 20 77 75 33 32 78 23 79 38 6 45 60 69 70 68 15 61 51 42 52 21 62 44 64 71 27 50 19 76 24 22 48 49 0 25 73 35 66 34 67 41 12 58 17 46 31 54 8 56 18 57 36 3 59 53 55 37 1 26 65 43 14 4 29 7 10 16 40 28 13 39 72 74 63 2 9,255389,41,132720,54731697,258519
lipa80a,greedy,67 41 78 16 53 65 75 52 33 66 70 71 73 40 18 36 5 22 21 35 79 17 20 74 7 10 28 62 6 64 69 60 46 72 54 34 76 29 1 24 4 13 2 30 14 12 11 63 43 19 26 9 8 0 31 57 58 56 32 37 47 38 25 23 27 42 3 45 15 59 55 68 44 48 77 50 51 39 61 49,255454,126,21215,8089394,258259
lipa80a,randomWalk,8 65 25 37 0 58 61 28 2 73 55 47 76 32 50 18 42 24 62 34 56 78 16 74 57 23 21 30 67 53 20 31 46 72 29 7 52 15 36 66 4 71 33 64 3 39 44 13 79 19 6 63 27 14 60 10 43 1 51 26 68 59 49 69 12 45 5 35 22 41 40 11 75 9 70 54 48 38 77 17,257651,130393,130393,54742377,258504
lipa80a,random,22 54 56 53 50 65 77 26 33 19 46 43 18 28 25 35 62 59 39 75 36 17 79 57 64 73 69 16 30 38 9 58 71 14 42 8 29 67 72 6 12 78 47 24 61 49 0 10 40 21 51 66 5 23 48 52 44 7 41 31 45 37 32 27 15 13 20 76 4 63 68 34 2 55 60 1 74 11 70 3,257747,5289,5289,54743423,258493
lipa80a,heuristic,33 50 66 42 19 47 40 55 38 78 70 45 48 16 27 53 22 43 79 3 2 11 26 58 62 4 1 68 7 71 72 23 74 76 64 60 44 18 14 20 9 28 57 29 13 56 31 35 10 51 39 75 17 36 30 21 41 46 63 6 5 0 49 12 25 37 69 77 15 34 67 24 54 65 32 61 8 59 73 52,258667,0,1,37125,258259
lipa80a,simulatedAnnealing,73 39 63 48 42 65 78 72 8 50 43 10 76 55 5 0 12 46 41 38 54 58 64 28 49 3 27 11 22 17 69 53 75 24 57 74 40 4 77 37 23 47 70 66 67 20 34 2 45 36 33 1 19 25 44 56 35 79 7 13 51 29 14 68 21 52 71 32 18 15 6 59 26 61 9 60 30 16 31 62,255021,415540,417120,177235702,258523
lipa80a,tabuSearch,40 76 33 2 50 25 69 54 22 30 61 11 59 21 5 39 41 49 26 58 42 23 16 63 8 34 71 20 12 67 48 44 43 78 7 17 24 46 65 10 72 45 37 77 31 56 29 0 70 35 73 68 74 6 52 79 32 4 57 66 36 62 27 75 53 9 60 18 47 64 14 13 55 15 1 28 38 19 3 51,255565,254,101376,47467853,258360
lipa80a,steepest,23 60 31 25 17 74 69 11 35 1 52 71 27 47 49 37 42 67 48 39 79 70 0 20 50 19 53 66 56 51 61 64 33 21 55 45 30 40 34 13 12 36 62 10 28 54 72 29 65 24 76 32 63 59 41 22 9 44 2 8 75 14 57 46 3 38 78 5 18 58 26 68 7 15 6 16 73 77 43 4,255373,40,129560,58202434,258519
lipa80a,greedy,24 71 57 14 66 36 49 3 73 5 69 53 41 59 44 60 62 31 67 56 47 18 61 34 52 27 25 55 28 19 9 16 51 12 15 13 35 54 75 45 6 7 72 17 78 32 0 2 21 11 64 50 37 33 58 30 22 70 38 42 23 40 39 8 76 1 77 79 63 74 68 65 10 48 26 43 4 29 46 20,255234,135,26589,10737811,258365
lipa80a,randomWalk,57 35 32 60 12 46 37 14 17 68 4 7 77 23 72 56 16 2 18 9 11 3 45 62 36 79 24 30 39 52 67 58 1 61 38 48 71 70 51 10 41 42 6 22 65 43 40 47 74 33 29 76 55 54 73 59 21 49 5 0 8 13 50 28 75 25 15 27 20 53 44 64 69 63 78 26 66 34 31 19,257666,137381,137381,58215322,258401
lipa80a,random,66 76 27 42 44 2 38 55 20 43 79 31 24 64 21 41 11 18 32 14 15 60 70 36 22 46 71 28 6 33 34 50 4 26 13 45 77 72 68 62 37 48 63 65 75 54 8 59 1 74 61 69 67 19 40 52 25 39 56 23 57 3 35 30 7 16 58 53 0 12 49 17 73 5 78 47 51 29 10 9,257756,5622,5622,58216334,258761
lipa80a,heuristic,33 50 66 42 19 47 40 55 38 78 70 45 48 16 27 53 22 43 79 3 2 11 26 58 62 4 1 68 7 71 72 23 74 76 64 60 44 18 14 20 9 28 57 29 13 56 31 35 10 51 39 75 17 36 30 21 41 46 63 6 5 0 49 12 25 37 69 77 15 34 67 24 54 65 32 61 8 59 73 52,258667,0,1,40152,258513
lipa80a,simulatedAnnealing,35 13 39 69 2 31 64 22 6 17 42 38 50 4 27 16 54 23 25 78 51 49 41 3 36 20 70 37 5 79 68 59 57 62 33 66 19 34 71 48 52 32 14 8 60 7 47 10 29 9 65 11 46 73 55 26 21 67 75 24 12 58 1 0 56 18 43 74 61 40 76 15 63 53 77 45 72 28 44 30,255057,371300,372880,157715512,258492
lipa80a,tabuSearch,22 15 10 57 4 72 65 13 30 14 20 35 45 29 60 68 48 61 74 39 25 79 75 37 49 59 11 32 52 44 38 2 56 47 42 67 3 46 62 27 71 36 54 21 28 23 53 55 33 26 16 43 78 17 18 63 34 12 73 41 69 31 6 1 64 19 51 50 40 5 66 24 70 9 77 58 7 76 8 0,255503,216,85536,40504522,258787
lipa80a,steepest,37 20 44 19 76 40 62 32 34 15 16 50 1 5 25 30 35 48 21 42 65 9 12 7 45 66 13 61 59 71 58 75 41 74 24 51 67 77 54 29 53 60 18 14 22 79 23 52 69 49 2 6 78 28 31 63 43 47 72 26 33 11 46 8 17 27 57 64 55 4 56 10 38 68 0 3 73 70 39 36,255245,44,142200,59294474,258580
lipa80a,greedy,40 36 56 26 68 4 64 16 20 51 19 63 12 43 9 8 67 33 13 78 30 45 14 21 57 18 66 31 61 37 35 77 46 1 41 0 59 52 44 24 39 2 48 11 54 50 34 10 38 23 28 53 55 22 49 25 47 65 71 73 58 7 29 5 74 70 69 3 62 27 32 42 6 15 72 60 76 17 75 79,255365,139,16340,5919663,258638
lipa80a,randomWalk,55 10 58 50 72 19 47 7 51 64 42 65 9 32 21 3 49 77 13 35 25 15 74 44 6 71 24 23 4 36 0 37 62 69 40 48 76 45 8 60 30 39 29 53 17 18 34 27 11 67 26 41 31 59 28 75 2 38 33 43 1 52 68 63 79 56 78 61 12 22 54 66 14 73 46 70 20 57 5 16,257544,141295,141295,59304824,258861
lipa80a,random,43 79 54 6 48 13 64 18 27 9 7 49 37 19 58 52 31 17 40 74 66 1 22 44 72 14 42 41 50 15 75 67 20 53 76 10 47 70 63 16 28 51 29 11 60 45 55 38 56 12 33 8 61 39 71 23 0 57 24 36 5 34 65 35 73 21 32 25 26 62 4 59 30 68 2 46 3 69 78 77,257725,5713,5713,59313268,258712
lipa80a,heuristic,33 50 66 42 19 47 40 55 38 78 70 45 48 16 27 53 22 43 79 3 2 11 26 58 62 4 1 68 7 71 72 23 74 76 64 60 44 18 14 20 9 28 57 29 13 56 31 35 10 51 39 75 17 36 30 21 41 46 63 6 5 0 49 12 25 37 69 77 15 34 67 24 54 65 32 61 8 59 73 52,258667,0,1,39141,258741
lipa80a,simulatedAnnealing,69 45 59 2 52 29 54 68 12 46 62 34 53 26 76 32 58 66 63 37 8 61 0 51 56 9 50 6 70 47 7 36 5 72 42 3 31 65 44 38 4 30 14 1 11 22 77 24 27 41 40 67 23 48 18 75 13 78 64 15 21 71 49 60 39 17 19 43 20 55 74 57 79 73 33 28 35 25 16 10,255113,431340,432920,179653678,258457
lipa80a,tabuSearch,16 0 13 39 32 63 76 57 18 75 79 28 46 2 30 37 9 65 25 52 11 26 64 10 35 71 49 44 38 3 6 59 54 15 68 48 61 31 50 45 4 22 66 40 55 27 42 60 17 70 67 34 19 77 8 5 36 20 69 23 73 43 33 53 21 58 78 14 7 29 47 62 24 1 12 51 56 41 74 72,255364,311,123552,57655343,258637
lipa80a,steepest,60 9 34 69 46 31 26 47 19 38 62 4 36 37 20 24 49 64 10 6 33 0 56 3 7 17 68 52 16 32 72 11 12 73 22 45 28 43 23 55 48 21 5 18 8 76 61 70 13 74 77 42 71 57 63 35 67 14 58 66 1 39 2 53 15 54 44 27 25 59 50 65 75 30 41 40 51 78 29 79,255386,42,135880,55013037,258963
lipa80a,greedy,58 5 70 72 55 46 19 11 73 29 27 67 49 20 22 3 76 64 77 37 53 42 75 16 43 23 69 40 31 35 63 38 14 60 25 36 7 10 32 79 30 26 21 39 78 66 48 8 4 45 17 0 54 51 9 68 47 33 65 41 34 74 18 13 44 1 28 2 61 62 50 12 15 24 56 57 71 59 6 52,255304,128,23094,8564152,258448
lipa80a,randomWalk,6 0 52 46 15 53 20 3 24 29 63 55 18 11 8 67 30 32 38 70 74 45 59 26 56 27 73 28 51 50 61 76 39 31 54 36 44 43 40 17 57 9 47 7 71 48 10 1 22 23 77 64 5 21 35 12 34 72 65 25 69 19 14 13 4 58 41 78 37 75 68 2 16 33 42 66 60 79 62 49,257541,131937,131937,55023526,258678
lipa80a,random,9 57 26 39 62 13 68 21 32 42 24 23 18 19 67 78 12 79 31 50 76 49 75 72 5 54 28 58 35 11 0 16 33 65 1 56 6 46 27 59 61 10 37 66 3 53 70 47 38 4 20 36 45 34 15 14 55 77 52 64 25 22 8 44 71 73 17 60 43 63 48 40 2 69 41 29 30 74 7 51,257790,5073,5073,55031759,258218
lipa80a,heuristic,33 50 66 42 19 47 40 55 38 78 70 45 48 16 27 53 22 43 79 3 2 11 26 58 62 4 1 68 7 71 72 23 74 76 64 60 44 18 14 20 9 28 57 29 13 56 31 35 10 51 39 75 17 36 30 21 41 46 63 6 5 0 49 12 25 37 69 77 15 34 67 24 54 65 32 61 8 59 73 52,258667,0,1,56404,258414
lipa80a,simulatedAnnealing,45 6 2 47 14 44 11 69 58 56 29 41 37 42 3 68 10 20 51 1 0 66 33 8 21 24 13 36 71 39 77 25 64 52 17 7 53 9 40 28 35 30 76 48 15 62 63 19 74 55 78 73 65 49 22 70 34 38 23 59 4 27 43 5 60 79 72 32 18 46 16 61 12 75 54 50 26 57 31 67,255074,415540,417120,172716938,258436
lipa80a,tabuSearch,72 26 8 5 61 36 29 24 1 71 69 28 37 35 53 66 65 78 32 39 9 47 33 2 51 57 45 13 55 60 4 20 54 38 70 44 10 34 41 75 17 43 62 46 11 52 25 50 21 15 23 7 42 22 18 14 30 49 56 16 77 74 3 12 73 31 40 0 63 67 6 48 68 27 79 64 19 76 59 58,255202,448,177408,84608296,258599
lipa80a,steepest,65 63 9 69 40 62 10 7 21 76 12 49 1 66 56 75 78 20 73 11 59 67 8 4 27 35 47 0 48 79 36 23 30 58 64 44 29 54 38 15 70 71 46 5 39 6 72 37 51 74 57 33 24 55 22 3 77 14 42 16 50 13 34 41 52 2 18 31 61 17 43 32 60 68 45 53 26 28 25 19,255402,40,129560,58283914,258728
lipa80a,greedy,58 32 37 74 1 33 13 27 69 51 4 28 10 68 16 61 73 75 29 39 64 54 63 57 31 19 53 20 8 49 47 77 43 59 17 18 0 76 6 48 7 36 65 55 60 38 14 26 44 50 25 30 56 66 23 35 52 22 78 79 42 5 71 40 70 45 3 11 24 34 72 67 15 41 12 2 62 21 46 9,255212,121,22495,8368297,258347
lipa80a,randomWalk,22 71 37 16 31 35 0 13 9 29 74 54 58 60 36 24 53 15 20 63 30 50 64 75 21 34 6 14 42 41 32 70 40 61 2 17 78 73 10 11 44 68 1 8 67 38 45 59 3 23 43 52 49 77 62 51 4 79 7 72 5 69 26 19 39 12 76 25 33 46 57 66 28 55 56 48 65 18 27 47,257438,136364,136364,58294792,258700
lipa80a,random,76 73 66 17 67 2 7 58 5 46 20 48 27 22 57 47 70 68 6 60 40 72 35 1 31 39 21 16 75 65 50 11 25 0 28 30 54 3 18 23 45 15 14 77 33 49 26 10 79 37 9 52 55 64 24 56 74 41 38 8 62 51 63 69 19 32 59 13 4 61 78 36 53 43 71 34 42 44 29 12,257809,5555,5555,58301670,258430
lipa80a,heuristic,33 50 66 42 19 47 40 55 38 78 70 45 48 16 27 53 22 43 79 3 2 11 26 58 62 4 1 68 7 71 72 23 74 76 64 60 44 18 14 20 9 28 57 29 13 56 31 35 10 51 39 75 17 36 30 21 41 46 63 6 5 0 49 12 25 37 69 77 15 34 67 24 54 65 32 61 8 59 73 52,258667,0,1,38045,258398
lipa80a,simulatedAnnealing,51 28 47 55 26 63 11 64 44 32 72 33 27 53 56 38 3 75 42 54 61 50 79 45 40 36 0 1 4 12 7 25 49 41 62 37 43 69 16 57 9 68 10 70 67 23 18 22 15 48 21 58 46 52 17 60 76 6 59 13 2 5 73 19 24 14 78 35 31 20 66 8 77 30 29 34 74 71 65 39,254936,439240,440820,184308498,258462
lipa80a,tabuSearch,50 48 0 75 47 57 30 68 52 16 10 27 65 66 12 13 9 3 64 28 25 45 49 11 31 62 6 71 69 63 40 43 39 41 77 26 15 54 55 17 51 78 1 74 42 46 38 76 37 73 29 8 4 44 22 58 7 21 61 36 23 59 70 32 19 24 18 5 35 60 67 20 72 79 56 2 14 33 34 53,255459,350,139392,65023314,258354
lipa80a,steepest,7 15 8 31 57 19 41 20 59 35 65 28 58 2 33 43 48 62 4 79 51 30 16 47 73 64 21 37 53 34 22 75 29 17 76 38 44 9 42 26 50 27 78 13 74 39 14 69 46 77 32 11 72 71 56 66 45 61 60 52 67 0 24 1 6 54 10 3 55 68 25 36 23 49 70 63 12 5 18 40,255240,48,154840,61933504,258533
lipa80a,greedy,5 48 54 12 38 19 35 13 61 39 7 15 47 72 51 76 50 37 33 53 64 32 57 30 34 59 6 63 20 77 31 28 10 69 52 9 3 29 56 79 42 22 43 75 66 65 27 24 58 8 17 67 18 74 0 73 78 60 46 36 70 45 16 68 62 21 2 44 11 4 71 23 1 55 41 40 14 26 49 25,255331,134,32079,11576216,258269
lipa80a,randomWalk,8 7 24 72 76 46 73 53 67 0 2 42 21 65 40 54 39 33 45 29 57 38 1 13 26 31 63 79 41 28 58 44 23 35 62 34 10 75 5 19 47 4 30 16 25 64 50 66 9 22 20 56 52 15 71 27 36 11 14 68 69 17 32 74 18 61 49 3 59 48 78 77 37 55 70 60 12 6 43 51,257642,149156,149156,61944148,258753
lipa80a,random,29 52 14 27 53 33 64 70 6 36 59 28 8 76 66 40 31 51 0 37 69 24 4 67 10 63 79 68 38 45 16 75 22 3 32 35 17 60 2 12 46 1 73 30 42 62 39 20 61 21 19 65 57 71 56 72 78 50 74 9 25 43 48 23 5 41 58 15 11 34 77 54 55 49 18 47 13 7 44 26,257814,5901,5901,61944850,258348
lipa80a,heuristic,33 50 66 42 19 47 40 55 38 78 70 45 48 16 27 53 22 43 79 3 2 11 26 58 62 4 1 68 7 71 72 23 74 76 64 60 44 18 14 20 9 28 57 29 13 56 31 35 10 51 39 75 17 36 30 21 41 46 63 6 5 0 49 12 25 37 69 77 15 34 67 24 54 65 32 61 8 59 73 52,258667,0,1,38144,258691
lipa80a,simulatedAnnealing,53 60 54 27 20 43 22 45 35 16 10 65 55 71 2 13 8 73 63 11 3 50 6 9 12 37 46 5 72 56 33 40 15 32 77 17 75 7 28 58 25 4 21 14 49 70 30 31 51 42 44 1 59 52 62 64 47 26 18 74 34 67 38 69 39 24 19 68 79 57 66 23 29 78 36 0 61 48 41 76,255011,415540,417120,174604262,258431
lipa80a,tabuSearch,47 52 56 46 69 16 48 53 7 5 2 10 15 14 61 79 65 30 66 57 55 77 43 31 38 63 11 37 67 6 17 78 33 73 29 23 39 22 3 26 28 60 72 45 13 62 12 27 76 36 54 50 51 42 19 0 40 18 71 49 68 21 41 8 74 4 64 70 44 32 35 24 58 75 59 9 20 25 34 1,255440,286,114048,53206816,258467
lipa80a,steepest,58 70 16 12 31 14 73 30 2 55 9 42 33 62 47 53 29 48 35 43 20 40 66 67 13 6 45 41 27 28 77 46 49 21 63 38 56 71 1 39 5 7 19 64 34 32 4 8 76 52 18 65 22 78 51 68 50 15 37 17 0 61 25 10 54 3 24 79 26 69 75 36 23 11 44 72 74 60 57 59,255242,50,161160,63304051,258304
lipa80a,greedy,45 37 59 2 27 20 38 6 22 25 21 69 63 53 71 47 78 48 43 1 5 79 40 61 75 24 3 57 7 15 49 65 74 68 19 4 62 0 26 29 11 30 46 72 10 17 66 9 34 14 41 58 70 28 12 39 18 23 64 60 55 32 13 42 50 8 35 36 31 56 67 54 77 51 52 33 16 44 73 76,255295,133,20603,7346026,258580
lipa80a,randomWalk,25 8 57 35 38 66 70 28 61 31 21 46 5 2 75 79 45 33 36 59 26 51 42 14 10 40 72 54 27 71 53 65 50 18 3 1 48 58 44 78 74 23 55 13 56 67 64 15 77 47 43 17 30 11 32 22 34 16 6 52 20 69 63 29 37 19 76 4 24 9 39 41 62 68 60 73 49 0 12 7,257684,150995,150995,63314318,258246
lipa80a,random,35 56 58 55 63 26 73 69 59 18 48 44 79 9 54 77 45 21 19 78 72 32 25 66 15 61 41 29 52 2 64 74 28 47 46 0 68 36 33 71 27 37 6 20 7 67 16 5 22 14 76 75 17 10 57 53 8 11 12 40 49 4 24 70 51 62 30 23 43 34 39 65 38 1 60 31 42 3 13 50,257740,5998,5998,63315600,258355
lipa80a,heuristic,33 50 66 42 19 47 40 55 38 78 70 45 48 16 27 53 22 43 79 3 2 11 26 58 62 4 1 68 7 71 72 23 74 76 64 60 44 18 14 20 9 28 57 29 13 56 31 35 10 51 39 75 17 36 30 21 41 46 63 6 5 0 49 12 25 37 69 77 15 34 67 24 54 65 32 61 8 59 73 52,258667,0,1,37512,258328
lipa80a,simulatedAnnealing,32 53 20 42 65 39 43 33 29 4 49 15 30 60 57 59 58 64 16 25 77 79 45 9 0 75 71 13 17 27 34 52 50 73 41 66 26 19 47 72 23 46 40 14 74 2 10 22 62 55 21 3 63 5 44 68 18 38 35 1 78 37 31 28 70 67 36 48 69 7 54 6 76 61 56 12 24 8 51 11,254952,458200,459780,192811837,257934
lipa80a,tabuSearch,49 74 68 42 31 60 58 18 15 76 27 9 17 66 56 20 19 73 33 59 46 70 2 5 4 23 16 34 67 79 40 32 45 11 55 72 29 41 50 1 36 47 71 28 57 14 51 48 38 78 25 0 10 8 53 69 24 64 44 75 12 22 13 54 63 77 39 3 62 52 43 6 7 37 61 26 30 65 21 35,255178,648,256608,129783700,258354
sko100a,steepest,77 44 96 75 28 43 6 98 34 2 57 37 80 1 22 69 35 81 47 16 0 94 3 13 11 84 45 19 40 52 89 42 54 63 60 46 99 50 91 90 32 73 30 48 25 29 39 66 71 27 12 58 76 33 56 62 53 72 65 5 59 24 55 31 51 97 95 68 92 20 9 21 18 15 85 88 74 7 67 14 26 10 79 4 61 8 83 23 41 86 64 38 78 87 82 70 93 36 49 17,154638,127,633600,288517345,179412
sko100a,greedy,17 9 75 44 35 28 40 16 86 64 90 83 63 81 91 47 6 52 22 57 27 72 29 88 37 71 69 48 49 41 96 30 94 80 55 46 60 1 70 36 89 92 59 84 66 42 21 24 73 32 5 65 74 33 3 99 25 95 11 87 79 23 10 53 13 93 97 76 20 58 26 62 4 12 45 8 51 15 61 38 77 56 0 39 98 67 18 31 78 82 2 43 19 54 50 7 85 68 34 14,155594,477,117628,64459948,179152
sko100a,randomWalk,96 81 68 9 41 19 36 87 26 90 1 86 55 0 14 57 2 23 45 69 75 22 6 52 17 18 73 92 54 49 3 4 51 13 21 94 8 47 80 65 43 84 60 46 33 89 76 99 79 67 62 11 39 30 63 59 32 77 56 71 24 12 44 15 42 31 50 91 34 5 85 48 37 83 98 25 10 35 88 97 70 82 95 61 53 29 74 28 93 38 20 58 16 40 78 27 66 72 7 64,172244,488005,488005,288545064,178236
sko100a,random,90 24 64 66 36 81 20 26 9 58 48 73 65 78 77 7 75 87 1 27 40 14 39 18 35 62 98 43 79 0 59 85 84 5 8 82 46 72 55 15 45 86 60 31 68 37 11 67 12 30 93 56 16 6 21 28 99 4 25 88 22 83 92 53 63 41 34 52 3 13 54 29 49 89 2 76 44 80 50 33 23 74 19 51 91 97 57 61 42 32 10 95 47 38 70 96 17 69 71 94,173174,15591,15591,288575716,178298
sko100a,heuristic,64 26 89 5 70 41 20 28 48 77 14 96 27 49 33 59 81 12 75 43 38 42 85 51 21 80 18 72 22 0 7 88 1 3 84 56 95 8 73 44 92 23 37 45 74 25 30 39 91 65 54 29 53 31 15 97 55 4 68 40 79 61 24 13 99 60 46 62 93 50 87 78 83 66 67 63 47 94 10 34 32 19 52 58 98 76 71 35 90 57 17 36 6 16 82 11 69 9 86 2,171862,0,1,72328,179666
sko100a,simulatedAnnealing,75 16 48 6 34 35 20 69 44 2 28 52 47 91 81 50 80 37 49 43 22 40 60 1 11 98 45 71 46 65 19 63 84 39 25 68 42 99 93 89 41 72 29 55 95 3 66 97 58 7 86 88 8 21 61 51 13 18 85 67 87 27 92 33 15 31 30 59 32 14 57 83 73 54 74 53 76 12 10 5 9 90 23 94 24 56 62 82 70 36 64 17 96 79 26 4 78 0 38 77,152424,811800,814275,465331099,176934
sko100a,tabuSearch,64 32 70 73 93 0 42 57 89 17 82 38 10 24 12 76 5 59 71 90 78 87 58 31 94 33 39 65 9 63 14 7 18 21 30 83 50 99 72 86 36 67 74 62 53 56 45 46 68 19 85 4 97 54 66 29 25 1 27 40 51 15 95 60 84 13 81 37 47 52 61 8 3 55 88 98 80 22 91 28 77 79 41 96 23 11 48 35 44 16 2 26 49 92 20 43 34 69 6 75,153990,762,381920,219571262,179222
sko100a,steepest,77 64 96 72 9 90 19 23 38 17 32 0 54 10 12 66 53 93 82 70 26 41 73 30 94 24 62 4 78 36 59 85 97 92 74 51 56 79 15 20 87 18 3 55 33 31 83 98 8 88 7 67 95 21 5 29 76 13 61 14 43 58 68 39 42 84 25 60 1 27 89 65 46 50 80 63 45 35 11 48 57 86 99 37 71 22 47 40 49 16 2 44 69 91 81 28 6 75 34 52,154584,114,569250,274988439,178048
sko100a,greedy,36 82 70 38 9 93 19 20 49 44 17 53 32 12 86 66 98 71 40 35 90 10 94 33 0 59 63 1 81 75 77 4 24 15 51 13 80 37 47 48 78 62 30 76 18 72 84 42 45 16 96 54 73 31 55 3 39 50 91 52 56 79 23 21 97 29 68 25 60 11 27 74 83 88 85 95 99 46 28 6 14 5 92 58 41 67 65 89 22 34 64 26 8 87 61 7 57 43 69 2,153924,557,121420,53668738,178958
sko100a,randomWalk,81 95 54 36 84 88 68 38 49 60 92 91 50 27 74 72 99 4 25 61 96 17 0 40 12 33 79 44 47 11 16 31 56 76 52 29 71 45 53 65 67 34 23 30 15 62 18 7 87 64 75 20 14 24 48 80 37 97 6 66 19 63 2 39 10 73 41 85 9 59 51 8 94 69 46 82 86 22 57 1 90 70 35 5 83 55 42 3 78 28 43 77 13 32 89 21 98 93 26 58,172234,500413,500413,275039431,178074
sko100a,random,35 62 49 86 3 15 91 27 53 1 17 30 88 14 50 36 96 8 37 93 78 59 85 89 43 48 51 68 73 44 58 92 19 64 20 21 31 11 71 72 38 39 12 46 56 79 28 82 99 65 60 63 55 34 29 94 32 47 0 84 45 54 26 81 22 4 98 74 83 6 57 52 97 33 42 80 25 23 40 69 13 87 18 70 90 9 61 10 7 76 5 66 75 95 67 2 16 24 41 77,172874,15392,15392,275019295,180244
sko100a,heuristic,64 26 89 5 70 41 20 28 48 77 14 96 27 49 33 59 81 12 75 43 38 42 85 51 21 80 18 72 22 0 7 88 1 3 84 56 95 8 73 44 92 23 37 45 74 25 30 39 91 65 54 29 53 31 15 97 55 4 68 40 79 61 24 13 99 60 46 62 93 50 87 78 83 66 67 63 47 94 10 34 32 19 52 58 98 76 71 35 90 57 17 36 6 16 82 11 69 9 86 2,171862,0,1,53601,180504
sko100a,simulatedAnnealing,64 77 17 26 79 96 9 57 28 75 38 78 4 61 8 92 23 11 52 34 82 36 87 1 15 41 60 22 49 20 70 94 74 27 88 95 84 29 81 6 90 24 62 56 48 3 72 63 47 16 73 53 33 13 19 80 25 45 40 35 54 10 83 31 51 55 39 50 91 98 12 76 93 30 97 68 66 99 71 69 0 42 21 18 85 58 59 46 37 44 32 5 14 86 67 7 89 65 43 2,152590,883575,886050,514618902,177176
sko100a,tabuSearch,86 17 38 82 90 32 64 78 70 36 57 87 61 93 12 53 73 94 10 5 9 27 59 31 56 33 24 4 76 14 49 63 15 51 45 42 21 30 62 0 69 20 85 99 71 7 58 67 74 65 40 19 60 68 50 66 97 18 72 46 44 1 22 39 25 84 95 83 29 89 35 6 98 47 37 80 81 8 13 43 75 16 11 28 54 3 55 88 79 26 2 52 34 48 91 23 41 92 96 77,154110,1085,545600,316760097,178660
sko100a,steepest,17 90 20 49 40 86 6 52 16 34 82 19 71 63 35 38 91 75 23 9 70 1 13 45 81 98 47 11 92 77 36 5 53 94 73 15 60 29 96 79 78 56 62 33 74 4 72 83 8 61 76 24 12 10 65 31 25 87 54 22 0 89 30 80 37 21 55 3 88 26 93 27 66 59 99 46 39 84 28 57 14 68 51 50 67 18 97 95 41 64 32 42 48 69 7 85 58 44 43 2,155316,124,618750,301821073,179430
sko100a,greedy,38 0 12 54 48 79 89 26 96 77 70 10 85 15 51 4 23 59 90 17 93 24 53 20 66 88 27 84 41 64 32 42 74 30 80 62 72 3 69 87 73 21 58 97 8 13 46 95 83 43 78 94 33 81 1 56 29 35 63 19 76 18 50 71 39 45 25 9 6 22 82 31 68 55 91 37 60 52 16 28 36 61 7 49 98 99 47 40 86 57 14 5 67 65 92 34 11 44 75 2,155058,492,115129,50752671,179366
sko100a,randomWalk,34 54 32 58 7 33 64 98 77 5 57 22 38 39 67 0 20 42 84 53 55 66 10 73 15 45 51 97 95 56 94 43 11 85 8 1 3 6 49 27 69 63 19 79 26 44 93 83 89 71 68 36 46 30 99 65 31 59 74 76 88 23 14 92 50 17 4 81 29 90 18 87 37 72 61 62 78 24 25 96 86 12 70 60 40 35 28 16 2 52 21 41 91 82 80 13 9 48 75 47,172794,541765,541765,301836748,176494
sko100a,random,11 78 83 17 69 22 49 15 33 20 12 79 73 45 0 10 1 2 63 93 40 61 6 37 88 7 91 84 16 48 44 36 98 82 60 59 52 51 99 24 96 54 42 47 13 23 28 72 64 90 34 95 68 5 75 32 70 14 62 65 86 87 81 38 85 41 4 27 19 29 67 56 55 21 46 57 80 8 18 58 31 74 35 9 3 76 92 89 97 50 66 30 53 77 25 43 39 26 94 71,173096,17306,17306,301858024,177108
sko100a,heuristic,64 26 89 5 70 41 20 28 48 77 14 96 27 49 33 59 81 12 75 43 38 42 85 51 21 80 18 72 22 0 7 88 1 3 84 56 95 8 73 44 92 23 37 45 74 25 30 39 91 65 54 29 53 31 15 97 55 4 68 40 79 61 24 13 99 60 46 62 93 50 87 78 83 66 67 63 47 94 10 34 32 19 52 58 98 76 71 35 90 57 17 36 6 16 82 11 69 9 86 2,171862,0,1,72911,179342
sko100a,simulatedAnnealing,44 40 49 20 85 86 41 87 57 9 28 16 22 11 18 61 38 78 82 64 75 52 48 60 51 95 15 17 70 36 35 47 1 93 67 88 8 4 24 14 34 81 13 25 97 55 92 23 74 79 19 91 68 39 84 21 83 54 73 53 98 50 45 99 0 31 76 56 33 27 6 37 63 46 3 29 58 96 94 90 69 71 80 65 66 72 30 62 10 5 2 43 89 42 7 59 12 26 32 77,152668,915750,918225,520012865,180040
sko100a,tabuSearch,2 27 32 5 14 73 30 94 26 90 48 81 42 79 76 33 74 24 62 36 35 45 53 67 13 1 80 56 4 78 47 50 37 7 18 21 43 88 0 70 40 91 93 19 97 3 55 10 54 77 16 52 66 98 51 68 31 8 12 82 28 34 99 39 60 84 95 92 83 23 75 6 58 85 25 46 63 89 72 96 44 20 71 69 15 29 22 59 41 17 9 49 57 65 11 87 61 86 38 64,155060,443,223200,129818039,177626
sko100a,steepest,77 19 43 80 35 86 40 16 69 2 90 89 13 91 83 63 47 17 52 75 0 62 45 37 98 72 46 96 6 44 50 56 30 81 66 71 3 59 22 26 36 68 58 55 97 39 99 95 41 28 70 31 7 92 23 25 29 60 11 34 82 10 18 67 8 65 84 51 49 61 78 24 4 74 93 85 1 38 20 9 14 76 42 21 88 12 27 15 87 57 32 5 94 73 53 33 54 48 79 64,154624,119,594000,284417306,179652
sko100a,greedy,64 44 86 41 47 40 35 28 16 75 9 71 66 55 37 81 22 83 52 17 57 42 21 30 80 72 84 88 91 48 59 24 73 94 33 39 3 29 63 96 0 12 31 58 99 62 98 56 54 92 78 76 18 4 13 25 45 1 23 6 20 93 15 97 51 53 60 8 11 79 38 49 85 67 61 74 95 27 34 26 82 32 7 10 68 65 50 5 90 77 36 70 87 14 69 46 2 89 19 43,155082,453,122042,54142050,175336
sko100a,randomWalk,58 88 96 40 16 39 78 0 89 66 53 67 85 77 18 62 82 12 43 83 72 17 8 41 35 81 59 57 38 14 26 98 68 74 70 94 86 7 21 4 63 93 24 48 9 99 13 46 42 10 97 23 73 84 1 27 30 79 80 20 49 52 22 45 32 95 56 92 47 69 90 61 54 91 60 3 55 37 71 76 6 33 19 25 31 34 44 2 15 65 64 75 50 51 11 36 29 28 87 5,172316,478468,478468,284434018,178086
sko100a,random,17 59 60 43 98 34 54 67 79 50 56 21 35 31 30 85 88 53 20 68 78 25 52 70 75 71 69 74 8 83 13 91 66 7 57 76 95 37 27 48 2 33 46 84 99 11 93 6 10 62 12 61 89 45 94 90 16 63 44 23 80 92 28 58 29 42 24 82 32 77 18 86 41 73 97 36 40 5 49 65 39 0 47 26 51 19 9 81 96 72 87 3 55 64 4 22 1 15 14 38,173426,15263,15263,284455211,178374
sko100a,heuristic,64 26 89 5 70 41 20 28 48 77 14 96 27 49 33 59 81 12 75 43 38 42 85 51 21 80 18 72 22 0 7 88 1 3 84 56 95 8 73 44 92 23 37 45 74 25 30 39 91 65 54 29 53 31 15 97 55 4 68 40 79 61 24 13 99 60 46 62 93 50 87 78 83 66 67 63 47 94 10 34 32 19 52 58 98 76 71 35 90 57 17 36 6 16 82 11 69 9 86 2,171862,0,1,60900,178432
sko100a,simulatedAnnealing,14 5 42 48 67 7 89 65 43 2 32 76 12 93 58 68 46 99 71 69 0 10 13 80 18 39 50 37 91 44 19 54 53 33 21 85 25 45 47 35 27 62 30 74 88 97 72 66 40 81 90 70 94 73 3 55 29 63 98 6 17 24 1 51 83 95 84 60 16 52 96 56 26 15 31 92 59 11 20 75 77 78 4 79 8 23 61 22 28 34 64 36 82 87 38 41 86 57 49 9,152752,846450,848925,487591118,178668
sko100a,tabuSearch,32 57 87 69 75 47 44 22 28 2 77 59 54 99 6 37 52 58 79 64 89 48 96 46 60 3 55 41 9 26 38 73 31 11 92 91 51 95 68 43 12 42 15 71 25 21 84 97 39 61 0 94 30 65 29 80 66 85 7 72 10 24 62 4 63 23 88 8 81 74 82 78 53 56 45 33 18 67 50 34 5 76 27 1 13 35 98 83 16 14 70 90 20 17 93 19 40 49 86 36,156192,463,233120,135411627,182034
sko100a,steepest,64 57 81 36 94 9 73 78 82 70 77 96 62 56 0 59 54 24 12 17 26 92 80 74 30 31 33 53 42 90 2 98 3 55 37 44 7 66 71 32 75 84 89 91 52 99 58 27 76 5 23 29 35 95 63 68 41 1 83 19 79 8 45 46 13 50 97 69 93 10 28 22 47 72 65 39 67 40 49 14 34 61 25 60 4 21 18 15 38 87 43 11 6 88 16 51 85 20 48 86,156606,108,539550,270057495,178658
sko100a,greedy,77 38 5 89 11 20 48 90 6 16 70 10 12 23 92 13 1 19 98 34 96 62 15 53 54 25 93 45 35 91 0 76 94 73 3 84 42 80 81 52 78 24 56 30 29 88 27 33 75 47 36 31 83 21 60 74 39 66 63 40 14 4 8 18 55 97 67 72 50 71 82 32 58 41 95 46 68 99 37 49 64 61 59 79 51 85 7 65 86 17 57 87 26 9 22 43 28 69 44 2,154582,478,101933,46047128,176906
sko100a,randomWalk,96 29 25 72 56 22 3 7 26 90 11 82 31 84 77 27 94 63 6 30 89 5 10 4 12 95 53 17 18 2 48 46 54 19 83 45 32 33 75 37 65 14 60 40 62 93 98 99 20 35 24 16 74 39 78 97 9 51 44 85 1 41 61 55 91 34 43 42 79 58 70 71 49 92 80 86 28 87 81 88 57 68 8 15 59 67 13 50 36 23 38 76 0 47 52 66 64 73 69 21,172818,490508,490508,270074535,178870
sko100a,random,94 99 80 4 7 36 16 86 76 35 41 74 1 84 96 25 56 79 49 73 75 50 0 46 32 13 29 23 22 87 89 92 53 2 98 30 66 9 58 60 15 19 55 5 37 48 88 3 68 40 69 27 91 45 10 52 72 57 31 38 28 65 33 11 26 39 67 62 82 44 71 59 12 90 43 18 61 6 70 83 24 8 21 63 54 81 93 47 34 97 95 42 64 17 14 77 20 78 51 85,173024,15314,15314,270083977,176368
sko100a,heuristic,64 26 89 5 70 41 20 28 48 77 14 96 27 49 33 59 81 12 75 43 38 42 85 51 21 80 18 72 22 0 7 88 1 3 84 56 95 8 73 44 92 23 37 45 74 25 30 39 91 65 54 29 53 31 15 97 55 4 68 40 79 61 24 13 99 60 46 62 93 50 87 78 83 66 67 63 47 94 10 34 32 19 52 58 98 76 71 35 90 57 17 36 6 16 82 11 69 9 86 2,171862,0,1,57771,181086
sko100a,simulatedAnnealing,77 90 0 23 4 26 96 38 17 64 70 10 62 12 24 54 56 78 82 36 32 5 76 94 14 79 31 59 9 57 73 53 30 33 21 58 8 15 27 87 92 74 42 88 55 3 83 51 95 41 7 67 66 72 18 97 29 85 84 86 19 93 13 98 99 39 68 1 20 61 89 65 45 50 46 25 63 60 11 49 43 81 80 71 37 69 28 48 16 22 2 34 35 91 47 6 75 44 52 40,152462,829125,831600,475642817,176460
sko100a,tabuSearch,64 36 82 38 79 78 26 0 17 77 32 61 70 15 8 4 12 10 96 90 87 14 74 21 83 31 56 76 62 5 73 95 85 51 29 3 30 94 24 54 86 7 97 58 23 18 53 13 33 88 41 67 92 68 93 55 98 42 19 72 27 84 60 25 66 39 59 1 80 48 57 65 46 99 71 37 91 50 63 89 22 49 11 69 47 40 9 45 81 43 2 34 20 6 28 52 44 75 35 16,153804,665,332320,195311300,175612
sko100a,steepest,64 57 41 36 87 40 86 9 49 17 28 16 75 81 22 47 52 44 82 38 26 83 1 95 11 60 48 8 61 78 79 96 92 29 84 88 51 15 23 4 14 27 55 74 62 56 24 31 85 70 10 76 13 94 73 21 25 18 53 93 5 58 68 30 32 33 97 66 67 90 65 46 37 63 3 45 91 72 98 19 89 6 99 35 7 50 71 39 34 20 77 43 69 80 2 42 54 59 12 0,156426,119,594000,289625868,177458
sko100a,greedy,17 90 54 12 10 26 79 23 38 64 5 73 53 33 24 94 4 70 82 9 14 27 76 56 62 74 96 1 78 36 93 18 0 30 31 83 13 8 61 77 67 85 51 21 88 92 15 81 41 20 48 50 68 97 55 95 84 60 52 16 42 39 25 66 72 29 19 47 11 28 7 91 45 58 80 3 98 35 34 6 65 71 99 46 37 63 43 40 49 75 2 32 89 86 59 69 87 44 22 57,153738,632,152535,70529840,180016
sko100a,randomWalk,45 77 6 35 58 52 1 34 70 32 36 27 48 99 19 74 53 66 14 18 87 73 46 67 93 90 49 71 7 2 0 65 16 81 83 68 69 94 76 50 79 38 62 25 43 63 12 10 5 54 95 4 15 88 89 42 82 31 60 78 20 17 85 37 24 21 13 51 30 97 57 96 11 29 23 61 39 44 55 72 80 3 92 91 98 28 64 75 86 33 26 9 40 59 41 56 84 22 47 8,172566,528945,528945,289641615,176532
sko100a,random,58 39 36 21 59 30 78 95 23 26 96 3 2 51 87 32 80 33 45 43 85 8 62 50 1 0 40 56 28 91 72 70 69 46 67 38 84 82 11 57 41 29 22 14 83 52 15 42 49 34 63 6 31 64 93 55 73 77 66 71 98 90 92 10 24 75 88 9 17 60 20 47 86 65 97 37 79 12 25 81 94 53 54 16 61 89 74 18 27 5 19 13 7 68 35 44 99 48 4 76,172888,16451,16451,289648772,178984
sko100a,heuristic,64 26 89 5 70 41 20 28 48 77 14 96 27 49 33 59 81 12 75 43 38 42 85 51 21 80 18 72 22 0 7 88 1 3 84 56 95 8 73 44 92 23 37 45 74 25 30 39 91 65 54 29 53 31 15 97 55 4 68 40 79 61 24 13 99 60 46 62 93 50 87 78 83 66 67 63 47 94 10 34 32 19 52 58 98 76 71 35 90 57 17 36 6 16 82 11 69 9 86 2,171862,0,1,66124,179380
sko100a,simulatedAnnealing,2 34 16 23 92 43 79 26 96 77 75 6 52 91 19 98 13 4 90 17 28 47 37 35 55 3 80 62 81 54 44 11 45 83 8 88 30 56 53 0 22 40 63 60 29 84 48 27 1 94 9 25 50 72 95 66 51 74 33 73 69 99 46 39 68 21 42 24 12 70 41 58 89 59 97 31 15 76 10 32 49 20 71 38 67 18 93 78 5 82 57 86 65 61 7 85 87 14 36 64,152450,920700,923175,511123826,180346
sko100a,tabuSearch,43 36 89 65 14 32 5 10 70 77 34 49 46 7 58 11 76 61 82 38 20 98 50 67 85 1 13 93 18 78 6 45 99 71 25 68 42 15 12 0 69 19 66 39 97 60 21 31 8 51 87 81 80 33 74 30 94 53 62 4 35 47 37 29 3 55 73 56 24 54 22 41 63 84 95 91 92 23 83 96 44 75 40 59 27 52 48 88 90 17 2 57 86 72 16 28 9 79 26 64,154520,571,287680,166886243,179592
sko100a,steepest,32 26 9 94 30 0 21 42 73 64 78 24 12 54 56 53 58 76 33 57 82 51 59 31 66 18 97 71 7 14 38 79 15 3 8 93 39 29 67 85 77 4 10 55 62 88 83 95 74 5 96 23 92 98 84 37 80 99 72 65 70 11 61 60 13 45 25 50 46 27 48 1 6 63 22 41 69 68 89 87 90 20 34 91 19 47 35 81 43 36 17 16 75 52 28 49 44 40 2 86,155196,129,643500,300508397,178004
sko100a,greedy,16 48 88 65 7 67 18 14 5 36 20 49 41 71 97 51 8 85 86 82 9 40 66 72 58 27 15 53 93 38 57 23 84 39 59 24 12 54 10 64 28 91 63 99 50 56 31 33 83 90 92 47 37 80 55 30 21 94 73 32 52 11 60 25 68 42 29 74 76 78 75 35 22 46 3 95 1 81 61 70 34 6 98 89 45 62 13 0 19 17 2 44 43 69 96 26 79 4 87 77,154690,496,96307,43163288,178162
sko100a,randomWalk,34 13 76 89 6 7 60 67 49 99 27 81 47 1 31 94 96 41 87 69 30 40 25 68 36 82 19 45 59 93 32 80 18 73 74 33 75 63 23 78 2 91 35 66 72 9 46 24 42 0 16 39 3 20 85 88 77 11 71 57 61 70 37 92 55 10 44 52 50 84 14 58 97 98 29 65 56 95 5 48 90 21 26 22 15 62 54 83 53 38 79 43 64 86 4 28 17 12 8 51,173012,549560,549560,300525598,178506
sko100a,random,8 22 56 80 21 63 14 75 97 86 36 28 72 32 57 83 79 10 29 7 74 68 60 35 20 98 88 59 82 43 89 9 62 13 81 95 61 53 70 3 52 27 90 40 31 2 73 42 39 58 45 96 93 17 49 76 30 47 6 77 23 91 41 55 5 66 87 18 94 1 69 54 24 12 11 48 34 67 99 50 84 92 65 0 38 44 51 25 33 15 46 4 71 64 85 37 19 78 16 26,173560,16866,16866,300532993,178088
sko100a,heuristic,64 26 89 5 70 41 20 28 48 77 14 96 27 49 33 59 81 12 75 43 38 42 85 51 21 80 18 72 22 0 7 88 1 3 84 56 95 8 73 44 92 23 37 45 74 25 30 39 91 65 54 29 53 31 15 97 55 4 68 40 79 61 24 13 99 60 46 62 93 50 87 78 83 66 67 63 47 94 10 34 32 19 52 58 98 76 71 35 90 57 17 36 6 16 82 11 69 9 86 2,171862,0,1,57186,179244
sko100a,simulatedAnnealing,2 34 91 98 47 6 75 52 16 28 43 35 81 37 71 50 48 40 44 49 69 89 45 13 46 63 1 60 11 22 19 80 42 93 99 25 39 68 58 20 7 65 67 55 66 18 97 51 85 86 92 23 3 88 29 72 84 95 83 41 79 74 53 30 21 33 8 15 61 9 26 73 62 4 76 56 31 27 38 87 32 5 12 10 94 24 59 78 82 57 77 90 54 70 0 96 14 17 36 64,152456,881100,883575,512918315,176594
sko100a,tabuSearch,90 19 89 40 27 83 68 5 14 86 17 69 63 76 46 29 99 87 65 57 16 6 52 1 50 11 95 22 49 36 48 72 71 56 45 25 58 41 78 82 96 39 62 24 84 60 31 70 20 61 42 59 0 10 51 15 97 18 85 38 77 12 98 13 66 8 93 32 67 7 3 80 91 37 30 88 55 21 74 64 54 35 47 94 33 92 53 73 81 34 26 43 75 4 23 79 28 9 44 2,155460,472,238080,136034089,177772
sko100a,steepest,2 77 96 14 43 75 64 28 6 57 34 11 98 5 92 65 50 46 89 22 61 8 1 84 55 81 95 68 52 41 36 67 0 48 18 60 97 25 16 58 49 13 94 45 37 47 91 99 40 44 20 59 31 51 80 35 3 39 63 69 93 15 24 42 88 33 21 54 27 85 82 12 76 56 30 53 71 29 83 86 70 10 62 66 7 74 73 72 19 87 38 78 4 32 23 79 26 9 90 17,156462,102,509850,256976393,178250
sko100a,greedy,9 35 40 83 20 41 49 86 87 36 79 23 19 8 53 67 33 69 5 14 34 98 13 66 27 93 1 12 65 10 75 6 45 29 56 15 63 59 71 89 44 11 47 25 39 85 68 99 76 58 26 92 60 72 74 97 61 21 46 7 43 3 80 30 4 18 94 31 78 38 77 96 55 62 84 95 50 0 82 70 2 91 37 81 22 51 54 24 73 32 28 52 16 88 90 48 17 42 57 64,155646,480,85298,38056315,176808
sko100a,randomWalk,57 1 77 65 91 44 24 37 14 23 82 90 31 22 85 72 79 28 36 12 17 0 54 27 59 80 94 19 81 30 42 93 89 71 78 86 75 53 70 96 84 45 39 13 5 18 29 73 62 98 38 21 48 55 66 56 88 9 63 47 50 15 74 40 8 16 4 41 10 58 99 7 52 46 64 68 97 51 83 35 34 76 32 95 26 3 67 49 2 20 61 6 25 69 92 60 11 33 87 43,172708,490247,490247,256993299,177556
sko100a,random,51 40 31 55 74 41 56 20 29 52 35 4 8 48 11 84 89 77 81 61 43 26 42 97 6 92 28 13 54 76 83 16 18 58 79 14 68 17 98 32 9 94 34 15 80 67 30 3 96 5 63 78 44 59 22 47 12 10 64 50 0 99 93 36 71 49 19 72 90 21 85 86 66 7 37 2 82 53 88 1 60 45 91 73 33 27 46 75 38 57 87 23 70 69 95 25 62 65 24 39,172696,14523,14523,256993667,180022
sko100a,heuristic,64 26 89 5 70 41 20 28 48 77 14 96 27 49 33 59 81 12 75 43 38 42 85 51 21 80 18 72 22 0 7 88 1 3 84 56 95 8 73 44 92 23 37 45 74 25 30 39 91 65 54 29 53 31 15 97 55 4 68 40 79 61 24 13 99 60 46 62 93 50 87 78 83 66 67 63 47 94 10 34 32 19 52 58 98 76 71 35 90 57 17 36 6 16 82 11 69 9 86 2,171862,0,1,55932,178540
sko100a,simulatedAnnealing,77 90 5 83 19 86 89 43 40 16 17 36 14 27 1 63 68 35 52 75 70 0 56 76 13 98 50 45 81 6 96 62 23 29 72 46 25 92 91 34 73 94 74 30 84 95 60 80 22 11 78 24 33 21 88 3 55 42 37 47 54 10 53 31 18 66 39 99 65 28 82 4 12 8 51 97 93 67 71 48 32 38 79 15 61 85 58 7 49 20 64 26 9 87 59 41 57 69 44 2,152422,801900,804375,458448081,178024
sko100a,tabuSearch,77 92 34 15 48 44 6 75 11 20 17 96 29 79 98 25 59 1 19 35 2 41 84 87 3 69 80 93 52 23 61 95 67 65 66 39 45 49 13 47 8 22 54 97 51 37 7 99 71 91 28 83 88 85 62 58 31 82 60 16 86 72 53 4 55 56 63 12 68 40 9 90 74 30 50 18 42 46 10 89 26 27 5 81 33 21 32 76 78 43 64 57 73 14 94 0 24 70 38 36,158456,398,198400,124683743,176928
sko100a,steepest,17 86 90 19 64 87 96 57 32 77 5 83 9 27 38 73 14 70 82 36 79 23 72 74 4 94 76 62 78 26 92 41 53 33 10 30 31 24 56 0 29 88 63 8 15 1 21 12 59 54 20 40 66 84 95 97 55 58 51 16 75 52 47 80 13 60 3 46 22 28 11 67 93 39 25 61 18 68 85 89 65 49 71 81 45 98 37 99 7 43 48 35 91 34 50 6 42 69 44 2,155312,125,623700,306076114,179168
sko100a,greedy,77 96 26 0 4 23 70 38 17 64 54 62 12 24 10 94 56 82 78 36 73 88 72 74 79 33 53 61 90 5 92 30 84 95 29 8 76 1 83 27 32 42 48 51 15 13 93 11 19 14 43 55 3 31 18 21 60 22 41 87 89 80 39 97 67 25 45 63 20 9 91 66 50 68 46 81 47 49 52 40 7 37 58 99 85 98 35 34 16 86 2 71 28 59 65 69 44 6 75 57,154376,489,200042,88632843,177742
sko100a,randomWalk,89 27 40 32 82 95 49 64 16 61 75 22 31 42 86 59 69 71 85 28 63 8 25 26 83 11 51 2 93 34 88 73 98 60 84 92 18 94 17 6 48 80 21 14 66 56 5 1 9 74 87 36 37 91 52 43 65 67 33 76 0 3 15 30 68 53 57 81 13 19 55 47 4 39 29 38 23 35 20 79 96 50 72 70 46 41 7 44 78 45 54 90 77 99 10 62 12 24 58 97,172144,540311,540311,306092869,174562
sko100a,random,1 27 10 25 62 76 82 22 50 41 95 88 65 26 43 39 42 29 78 38 93 35 75 8 58 55 49 74 87 7 83 17 30 12 45 57 40 94 91 53 59 56 31 4 60 51 33 89 24 28 96 11 32 6 67 68 15 0 37 16 2 81 99 90 86 52 48 20 3 14 80 46 9 44 69 34 47 66 54 77 61 13 71 72 73 64 36 79 5 84 98 85 21 18 92 23 70 19 63 97,173414,17333,17333,306103207,180748
sko100a,heuristic,64 26 89 5 70 41 20 28 48 77 14 96 27 49 33 59 81 12 75 43 38 42 85 51 21 80 18 72 22 0 7 88 1 3 84 56 95 8 73 44 92 23 37 45 74 25 30 39 91 65 54 29 53 31 15 97 55 4 68 40 79 61 24 13 99 60 46 62 93 50 87 78 83 66 67 63 47 94 10 34 32 19 52 58 98 76 71 35 90 57 17 36 6 16 82 11 69 9 86 2,171862,0,1,60613,177676
sko100a,simulatedAnnealing,82 70 36 14 61 93 67 65 49 86 38 78 10 5 15 18 85 7 32 87 64 73 74 83 8 95 97 20 58 41 0 12 53 30 21 51 66 71 59 57 9 24 33 76 31 42 68 46 99 69 79 94 72 29 55 39 50 60 40 28 4 62 56 27 88 48 25 11 37 44 23 54 13 1 80 84 45 89 47 22 26 96 92 81 63 3 91 35 6 75 17 77 90 19 43 98 52 16 34 2,152802,903375,905850,502885093,178134
sko100a,tabuSearch,77 36 64 27 22 57 78 87 32 14 17 90 70 56 73 46 89 82 61 5 43 96 0 94 84 21 24 76 42 38 72 62 30 63 29 95 59 31 10 65 26 4 88 3 54 8 1 18 15 12 19 83 74 79 53 60 33 51 85 7 86 80 13 55 92 45 97 68 11 67 16 35 9 98 23 66 25 39 93 20 40 81 28 37 47 41 58 99 69 71 2 44 75 52 91 34 6 50 48 49,154788,509,257920,146462702,178862
sko100a,steepest,77 96 17 83 86 16 19 14 5 90 36 29 72 63 40 62 56 78 76 70 64 92 75 94 33 1 31 24 10 82 61 95 81 52 23 50 68 91 73 38 26 11 74 3 35 13 98 55 30 0 8 84 79 47 80 4 21 88 54 12 34 22 28 60 25 45 15 51 53 48 43 41 49 9 39 67 97 18 66 93 69 87 46 6 99 20 85 27 71 42 2 57 65 44 59 58 7 37 89 32,155222,124,618750,292878799,178350
sko100a,greedy,38 78 61 20 11 34 48 6 52 16 82 44 51 49 71 47 91 1 75 17 70 18 85 93 60 25 13 68 19 40 0 4 15 97 67 98 45 50 35 86 12 24 21 58 37 99 76 46 63 14 32 59 31 66 7 39 42 69 56 27 10 87 33 55 65 3 80 22 89 90 94 73 53 30 88 23 84 29 81 5 9 57 54 41 74 72 62 95 83 36 64 26 79 8 92 28 2 96 43 77,154392,470,106604,47457667,178504
sko100a,randomWalk,77 87 35 69 90 64 32 22 86 81 47 16 63 49 17 27 66 33 80 36 30 79 94 59 84 44 76 21 61 11 70 82 93 53 20 99 96 10 28 78 3 18 51 97 95 15 6 42 40 73 75 72 85 31 98 34 74 46 12 1 39 41 38 60 13 54 24 68 48 0 37 8 26 58 62 19 4 45 65 57 67 9 43 23 7 25 91 55 2 89 29 83 88 5 71 52 56 50 14 92,172210,532907,532907,292895550,180186
sko100a,random,87 53 37 58 6 67 85 42 14 32 70 29 65 40 71 51 45 18 60 30 64 69 62 95 48 73 86 15 12 97 57 78 0 36 82 7 80 35 3 77 22 13 28 90 44 24 47 1 9 99 92 16 96 39 4 79 50 59 93 5 23 26 43 11 38 2 49 25 19 56 91 66 89 33 63 94 74 8 20 10 34 75 88 46 27 55 52 81 61 41 98 68 83 84 54 76 17 21 72 31,173324,16914,16914,292897186,179320
sko100a,heuristic,64 26 89 5 70 41 20 28 48 77 14 96 27 49 33 59 81 12 75 43 38 42 85 51 21 80 18 72 22 0 7 88 1 3 84 56 95 8 73 44 92 23 37 45 74 25 30 39 91 65 54 29 53 31 15 97 55 4 68 40 79 61 24 13 99 60 46 62 93 50 87 78 83 66 67 63 47 94 10 34 32 19 52 58 98 76 71 35 90 57 17 36 6 16 82 11 69 9 86 2,171862,0,1,63256,175480
sko100a,simulatedAnnealing,36 5 10 79 26 77 54 43 89 90 82 70 94 4 12 62 0 96 19 17 78 76 24 53 93 13 56 42 1 48 32 73 33 74 88 30 45 80 63 27 14 21 18 15 8 51 29 84 46 50 7 85 67 97 59 3 65 66 72 71 86 31 58 95 83 98 99 39 68 16 61 87 41 55 60 37 25 22 69 40 38 49 20 92 23 35 11 47 6 91 64 57 9 81 44 2 34 28 75 52,152946,883575,886050,514312141,178494
sko100a,tabuSearch,2 89 43 65 77 79 26 5 14 36 81 35 69 80 13 62 74 42 10 70 90 19 46 45 27 7 30 53 76 32 50 37 99 68 56 58 67 93 12 0 91 71 54 39 3 97 85 18 4 73 47 6 98 25 55 66 51 33 21 94 34 63 29 60 23 88 8 15 31 82 16 40 1 96 84 72 59 20 24 78 28 44 22 83 95 41 9 49 61 38 52 75 17 11 92 48 86 57 87 64,153530,853,426560,261558292,178208
sko90,steepest,23 41 81 1 78 63 16 4 66 7 10 32 76 28 9 39 80 46 34 21 17 19 15 67 36 43 56 0 38 71 26 52 31 89 3 64 5 72 61 20 45 25 69 6 88 65 62 84 13 51 44 48 35 2 53 27 50 82 40 75 55 59 14 79 12 18 77 54 37 33 68 70 42 29 60 57 11 73 8 22 74 49 30 87 83 58 86 47 85 24,118826,92,372465,172410056,136640
sko90,greedy,10 19 45 59 17 7 71 23 66 4 55 76 68 11 70 77 80 9 63 41 39 79 44 13 25 16 88 72 20 33 43 62 56 65 5 37 89 28 38 21 49 27 83 46 36 53 82 3 34 1 40 48 2 35 67 6 14 69 22 30 26 51 32 50 29 18 84 31 54 52 47 74 87 58 60 12 8 0 61 85 75 78 15 42 73 57 64 81 86 24,118114,400,96005,38363578,137336
sko90,randomWalk,40 26 22 53 86 14 35 42 85 24 18 62 3 82 38 89 73 71 0 15 10 56 58 69 74 27 50 65 28 61 51 60 39 19 59 12 8 57 34 67 78 83 20 37 70 25 87 32 49 29 47 1 11 17 7 45 77 44 2 75 76 81 36 84 9 5 79 52 54 88 63 16 33 66 48 55 80 46 72 6 68 21 4 64 30 13 43 23 31 41,132210,371964,371964,172422727,139706
sko90,random,83 10 40 12 73 72 60 28 27 84 1 66 0 79 13 69 71 31 9 81 42 36 53 5 74 33 55 8 35 34 24 75 64 19 48 30 59 25 44 23 45 77 51 50 70 11 52 63 39 17 18 7 26 85 68 88 16 29 6 22 80 20 65 82 46 32 67 49 58 61 86 37 62 57 15 3 89 54 78 2 14 47 21 38 56 87 76 41 43 4,131964,12664,12664,172426443,136992
sko90,heuristic,85 68 23 20 32 9 44 71 24 21 10 57 48 46 77 79 55 76 52 86 26 38 64 59 13 56 6 34 58 81 47 60 37 88 89 35 50 11 18 78 74 83 80 36 5 2 67 87 15 40 73 0 16 14 27 62 3 12 72 8 75 45 61 65 82 84 43 42 29 41 7 17 53 39 31 28 70 54 22 19 66 49 1 25 51 69 63 30 33 4,131136,0,1,74786,136760
sko90,simulatedAnnealing,4 66 17 9 72 25 30 44 1 41 63 59 80 3 28 20 34 38 45 23 86 33 82 53 88 89 84 61 31 32 21 16 46 69 13 67 64 0 71 81 76 11 77 5 35 27 50 2 55 19 10 68 56 18 14 36 6 79 15 52 22 70 83 65 12 48 29 54 49 42 24 58 39 62 37 8 51 47 74 7 78 73 60 43 57 40 75 87 26 85,116184,676676,678678,367171471,135788
sko90,tabuSearch,22 60 24 67 21 70 10 17 66 4 86 39 43 61 33 83 16 78 63 1 44 51 58 34 80 56 77 9 5 30 47 29 13 62 37 38 59 82 11 73 26 74 84 65 19 89 45 88 54 41 8 57 50 81 31 3 6 14 53 52 87 32 42 55 71 23 15 27 12 25 85 64 7 36 2 79 76 18 28 72 75 46 35 0 40 69 20 48 68 49,121016,304,136476,81867828,136804
sko90,steepest,66 23 41 72 28 9 81 1 63 4 30 38 34 31 80 0 20 52 16 33 54 61 89 88 3 69 15 6 76 21 19 32 84 59 35 50 64 67 71 70 29 25 2 48 36 14 13 18 68 22 17 44 27 82 5 65 8 12 77 11 55 45 79 53 46 62 42 56 10 86 49 26 74 83 58 37 43 39 73 78 85 47 87 7 51 40 75 57 60 24,117326,98,396495,172541718,136606
sko90,greedy,21 75 69 18 6 56 43 57 26 32 85 22 46 51 36 12 87 60 39 34 33 71 64 84 67 88 83 3 31 38 70 8 35 0 50 5 65 53 28 1 73 20 61 13 2 27 89 25 72 41 49 40 42 14 15 79 62 78 52 81 30 37 29 11 9 82 77 48 76 4 47 58 68 59 44 54 80 16 63 66 24 7 86 55 17 19 74 45 10 23,118944,411,64546,25678156,138228
sko90,randomWalk,8 22 12 81 88 17 1 54 77 45 68 70 15 74 58 3 29 28 86 10 50 69 4 48 87 2 55 52 25 42 60 57 49 41 19 79 18 35 14 7 33 39 40 30 11 63 83 56 76 44 65 43 62 36 6 51 82 53 67 66 26 13 0 31 75 80 5 46 59 89 85 47 73 84 16 24 9 23 71 27 21 37 61 78 34 32 64 72 20 38,131832,352045,352045,172555407,135792
sko90,random,14 85 82 55 36 3 9 88 40 66 0 1 48 70 56 74 18 83 54 13 34 12 76 25 30 35 78 64 7 86 28 27 5 65 2 68 49 53 15 67 19 60 81 11 8 6 24 89 57 29 4 26 20 16 80 37 71 46 21 33 38 63 47 32 52 73 10 44 75 41 62 72 79 61 23 50 84 51 43 17 39 31 77 69 22 45 59 42 58 87,132428,12858,12858,172566274,136016
sko90,heuristic,85 68 23 20 32 9 44 71 24 21 10 57 48 46 77 79 55 76 52 86 26 38 64 59 13 56 6 34 58 81 47 60 37 88 89 35 50 11 18 78 74 83 80 36 5 2 67 87 15 40 73 0 16 14 27 62 3 12 72 8 75 45 61 65 82 84 43 42 29 41 7 17 53 39 31 28 70 54 22 19 66 49 1 25 51 69 63 30 33 4,131136,0,1,49746,136868
sko90,simulatedAnnealing,85 40 30 49 42 81 1 52 41 23 47 8 74 55 15 54 20 61 38 7 75 87 14 79 2 51 31 28 32 44 26 37 48 6 27 12 0 89 34 71 69 29 35 36 67 13 88 64 84 45 68 57 18 65 50 5 72 53 3 25 58 43 56 83 62 59 9 82 46 17 33 70 60 39 11 77 73 80 19 66 21 22 10 78 76 16 63 24 86 4,116100,666666,668668,339542484,135138
sko90,tabuSearch,10 26 68 48 11 71 84 25 45 19 22 29 75 36 69 46 64 32 44 17 70 87 51 18 35 67 59 2 31 34 8 74 56 6 14 15 9 27 79 55 33 47 39 77 5 82 88 89 30 38 58 83 62 50 65 53 3 49 7 54 21 37 43 40 13 0 80 72 61 23 24 85 57 12 42 20 28 76 52 41 63 60 78 16 73 86 81 1 4 66,118276,553,248868,149001242,137942
sko90,steepest,86 10 21 33 22 70 56 43 68 78 63 76 59 69 35 8 11 39 58 75 30 9 80 64 46 48 14 65 81 40 24 20 61 16 44 55 13 15 74 47 52 28 19 67 36 79 5 62 42 51 1 17 34 0 29 2 50 6 18 87 41 54 38 89 32 27 77 12 31 26 23 3 88 84 45 82 37 83 49 85 4 66 72 71 25 53 73 60 57 7,118032,96,388485,203927910,136566
sko90,greedy,4 66 61 34 72 0 28 7 23 41 21 86 9 80 77 13 16 20 63 24 19 54 69 11 50 14 65 62 76 81 22 46 38 35 31 5 12 51 32 42 71 82 64 27 53 36 18 37 57 52 8 84 88 67 89 2 6 56 43 15 29 44 3 48 25 83 87 79 75 1 70 17 55 45 59 68 73 40 10 78 33 30 47 49 74 58 60 39 85 26,117860,403,90709,36256643,135910
sko90,randomWalk,49 8 85 88 26 53 4 20 35 17 71 42 21 87 75 63 55 45 72 65 31 19 43 24 61 66 36 0 28 69 38 58 57 40 51 7 83 64 23 60 29 27 78 74 2 73 68 41 67 89 54 70 3 52 11 79 10 59 76 50 6 12 16 44 62 32 25 22 46 34 1 86 47 13 5 82 33 18 9 48 15 37 77 84 56 39 30 80 81 14,131844,435712,435712,203940988,138290
sko90,random,7 32 86 84 42 33 30 78 18 56 26 59 83 48 52 13 72 60 40 70 75 66 58 77 65 80 16 34 22 68 38 12 36 50 39 41 8 35 23 55 81 14 17 64 85 3 76 73 57 71 45 37 54 53 27 28 2 51 47 43 63 9 49 10 67 44 25 19 79 0 31 88 87 82 61 21 6 74 89 46 4 24 29 15 5 20 11 1 62 69,132886,14405,14405,203953906,135768
sko90,heuristic,85 68 23 20 32 9 44 71 24 21 10 57 48 46 77 79 55 76 52 86 26 38 64 59 13 56 6 34 58 81 47 60 37 88 89 35 50 11 18 78 74 83 80 36 5 2 67 87 15 40 73 0 16 14 27 62 3 12 72 8 75 45 61 65 82 84 43 42 29 41 7 17 53 39 31 28 70 54 22 19 66 49 1 25 51 69 63 30 33 4,131136,0,1,128384,137234
sko90,simulatedAnnealing,4 66 61 38 34 19 32 69 17 21 41 86 71 80 31 84 46 64 44 33 23 1 72 3 67 88 89 25 9 30 52 28 0 20 53 82 36 45 59 22 63 16 13 77 5 54 50 35 29 70 81 76 12 65 18 6 2 14 11 68 10 42 73 62 56 27 79 48 55 49 24 57 60 43 39 15 83 74 58 47 7 78 37 40 51 75 87 26 8 85,115812,606606,608608,317582626,139706
sko90,tabuSearch,4 17 45 19 25 72 84 32 66 23 49 44 55 59 27 89 31 34 38 41 30 9 86 80 82 88 3 61 54 1 47 63 83 53 5 64 46 69 79 71 52 39 65 73 13 36 67 14 2 28 24 81 42 62 50 0 35 15 6 20 70 58 74 77 11 48 51 40 76 7 10 43 60 16 56 12 87 37 18 57 33 21 26 78 29 22 8 75 68 85,117828,545,244854,147663578,136710
sko90,steepest,26 52 31 81 38 32 19 86 44 41 30 75 69 1 3 34 84 28 9 63 47 49 88 64 71 61 39 72 80 66 48 15 6 35 67 46 27 89 25 76 74 87 2 55 36 51 79 53 45 17 85 54 83 42 50 5 82 13 0 20 29 14 12 77 57 65 62 16 11 23 68 8 18 40 43 37 56 78 59 10 33 22 70 58 60 21 73 24 7 4,118122,104,420525,192090992,136894
sko90,greedy,26 19 39 55 45 68 71 17 33 10 31 32 43 83 36 67 38 22 70 21 18 77 56 5 11 35 88 59 9 63 86 64 65 50 46 84 3 69 80 4 57 53 79 27 6 82 48 89 72 76 87 12 62 13 2 14 25 29 16 78 51 60 61 0 34 75 28 20 73 66 81 42 52 74 44 15 8 54 1 41 85 24 47 58 49 40 37 7 30 23,118986,374,46580,19078523,136928
sko90,randomWalk,70 65 58 69 18 46 68 86 40 73 4 6 14 21 87 20 63 54 37 62 83 0 17 64 85 3 75 7 16 10 82 51 30 22 23 61 12 35 57 41 72 84 55 80 88 5 53 60 74 81 47 29 33 78 50 44 89 67 24 38 66 59 9 52 8 77 34 42 1 32 45 26 11 43 28 56 36 39 25 49 2 48 27 76 71 31 79 15 19 13,132108,414814,414814,192103730,138086
sko90,random,85 83 87 11 77 9 72 7 64 56 13 57 39 63 5 59 36 4 17 34 31 73 67 68 23 41 66 1 82 62 15 84 52 55 33 86 54 6 8 71 65 81 32 48 40 60 47 43 18 42 74 51 58 27 35 19 30 26 80 14 24 16 20 46 76 53 28 88 49 12 38 3 22 29 2 69 10 61 75 21 45 0 78 37 25 44 50 79 70 89,132256,13545,13545,192108554,139280
sko90,heuristic,85 68 23 20 32 9 44 71 24 21 10 57 48 46 77 79 55 76 52 86 26 38 64 59 13 56 6 34 58 81 47 60 37 88 89 35 50 11 18 78 74 83 80 36 5 2 67 87 15 40 73 0 16 14 27 62 3 12 72 8 75 45 61 65 82 84 43 42 29 41 7 17 53 39 31 28 70 54 22 19 66 49 1 25 51 69 63 30 33 4,131136,0,1,47945,136712
sko90,simulatedAnnealing,23 1 41 81 19 32 52 42 30 49 7 38 34 61 31 54 79 15 40 85 71 20 84 37 51 12 64 14 8 75 72 0 88 67 13 2 18 6 87 69 45 3 28 89 5 27 36 48 74 55 25 9 53 82 62 65 46 35 44 47 17 80 57 59 77 83 43 50 29 26 66 73 60 16 39 11 56 68 58 33 4 63 24 10 86 76 78 70 22 21,116058,694694,696696,365916043,137506
sko90,tabuSearch,85 4 66 72 71 80 38 23 7 19 49 30 46 39 34 25 1 41 17 45 47 9 82 27 84 3 28 32 44 55 6 36 88 5 50 89 2 64 51 87 75 18 65 83 67 53 15 62 31 79 69 14 35 48 13 0 12 42 54 74 8 40 37 43 73 60 57 61 29 26 68 11 56 59 70 20 16 81 77 86 21 58 22 63 33 24 76 52 78 10,119832,231,104364,62765995,134244
sko90,steepest,85 26 81 57 87 51 31 75 32 7 47 74 42 62 50 15 53 25 45 23 49 60 73 77 83 2 79 55 44 19 43 40 65 14 82 48 27 35 69 46 39 8 6 12 36 88 67 3 84 71 58 37 56 18 68 13 89 59 64 10 21 22 29 78 11 0 76 61 34 86 33 52 70 16 5 80 72 28 38 41 30 24 1 63 54 9 20 66 17 4,117570,120,484605,210889617,138136
sko90,greedy,10 49 19 32 38 34 52 61 24 41 26 47 39 43 31 15 62 42 76 81 30 55 79 27 51 5 40 20 28 1 45 74 48 89 65 14 37 13 72 23 17 44 67 83 71 2 25 0 16 7 29 59 36 87 6 50 77 80 57 86 22 35 64 84 3 18 53 12 60 78 70 58 9 88 46 56 82 54 73 63 33 21 8 75 69 68 11 85 66 4,117632,399,59798,23828743,136956
sko90,randomWalk,4 41 32 18 86 84 71 67 10 6 23 50 72 89 21 70 79 27 35 68 42 44 55 38 81 1 76 11 64 85 2 36 19 57 56 49 66 48 60 39 45 15 34 5 77 12 3 88 63 22 40 73 75 33 69 14 43 30 65 47 17 37 61 59 28 87 78 25 29 74 7 83 31 80 62 13 0 53 58 54 20 52 16 9 24 8 26 51 82 46,131324,426366,426366,210903331,135336
sko90,random,2 69 63 72 56 29 75 43 67 24 84 85 73 9 42 55 47 12 62 40 1 64 5 70 78 58 0 68 50 60 80 89 37 6 11 26 79 18 46 39 76 20 27 15 38 87 21 34 35 36 30 22 53 59 57 52 49 23 71 44 48 19 45 28 7 77 3 16 61 83 10 41 74 31 88 4 51 54 66 14 13 81 17 86 82 32 25 65 8 33,132566,14092,14092,210904186,135906
sko90,heuristic,85 68 23 20 32 9 44 71 24 21 10 57 48 46 77 79 55 76 52 86 26 38 64 59 13 56 6 34 58 81 47 60 37 88 89 35 50 11 18 78 74 83 80 36 5 2 67 87 15 40 73 0 16 14 27 62 3 12 72 8 75 45 61 65 82 84 43 42 29 41 7 17 53 39 31 28 70 54 22 19 66 49 1 25 51 69 63 30 33 4,131136,0,1,64115,135148
sko90,simulatedAnnealing,26 47 29 74 55 49 44 25 45 17 85 58 87 83 68 48 59 30 23 66 33 70 8 11 54 88 9 82 80 4 22 40 37 65 14 35 69 3 46 7 75 51 50 5 6 27 89 72 84 38 21 39 56 18 79 2 36 53 64 71 43 73 62 77 13 67 0 31 34 61 10 60 16 12 15 76 20 28 32 19 24 78 57 63 42 81 52 1 86 41,116122,650650,652652,361099271,138198
sko90,tabuSearch,86 26 78 73 68 29 70 22 33 4 75 44 69 46 60 3 58 17 21 9 24 57 64 82 18 56 43 36 11 63 85 47 84 53 12 16 5 35 25 39 51 87 50 62 65 77 83 27 8 80 42 74 2 40 14 6 55 67 49 48 32 81 31 79 13 28 37 45 88 72 15 61 34 0 7 1 38 89 71 10 19 52 41 54 23 30 59 20 76 66,119422,357,160560,97121519,137768
sko90,steepest,85 26 10 78 43 21 63 52 24 4 47 29 58 76 56 11 39 70 22 33 74 44 83 62 65 45 9 60 17 66 8 87 48 12 77 36 5 16 80 73 49 54 6 27 50 25 53 28 82 30 55 79 59 35 88 89 72 3 46 1 40 37 2 14 13 0 67 20 61 38 7 51 68 18 69 64 31 84 34 71 23 75 15 42 57 32 81 19 86 41,117644,128,516645,228645520,136420
sko90,greedy,21 32 69 43 75 53 57 33 85 26 41 34 19 46 84 82 50 71 45 87 52 38 31 36 12 27 6 18 25 44 66 0 54 72 5 79 89 2 17 29 28 61 76 64 56 15 67 35 48 22 23 9 3 65 11 14 88 83 55 8 81 80 42 13 62 40 77 59 37 74 63 1 20 39 51 73 60 70 7 10 4 24 86 16 78 30 49 68 58 47,118464,435,59554,23893512,136718
sko90,randomWalk,66 31 63 85 22 49 35 9 59 8 74 42 72 58 17 38 41 77 44 51 13 19 89 86 28 48 32 67 87 30 1 37 14 83 39 36 12 15 65 7 54 26 20 0 46 81 79 55 5 23 45 64 80 27 69 75 2 62 25 73 24 61 10 84 34 40 18 6 16 68 21 11 47 71 82 3 78 56 53 57 29 4 52 76 33 88 70 43 50 60,131760,491335,491335,228657983,135724
sko90,random,41 79 48 49 8 30 67 64 73 70 20 37 17 81 61 5 77 43 1 38 26 74 0 59 29 9 25 39 62 31 3 66 51 6 88 55 54 72 18 34 2 13 50 24 23 57 11 45 85 40 82 16 84 60 15 87 10 7 75 89 46 71 22 58 28 63 33 36 44 27 47 65 68 86 69 52 21 32 83 53 19 4 35 42 76 12 14 56 80 78,132908,15621,15621,228666577,136490
sko90,heuristic,85 68 23 20 32 9 44 71 24 21 10 57 48 46 77 79 55 76 52 86 26 38 64 59 13 56 6 34 58 81 47 60 37 88 89 35 50 11 18 78 74 83 80 36 5 2 67 87 15 40 73 0 16 14 27 62 3 12 72 8 75 45 61 65 82 84 43 42 29 41 7 17 53 39 31 28 70 54 22 19 66 49 1 25 51 69 63 30 33 4,131136,0,1,54398,137630
sko90,simulatedAnnealing,49 55 17 45 19 71 38 7 66 4 85 44 54 84 32 34 25 72 23 41 47 30 88 31 27 82 53 3 61 1 69 9 59 2 79 46 89 80 20 28 8 14 15 64 36 5 37 12 0 52 40 48 35 67 6 18 65 13 42 81 75 87 68 51 50 11 62 57 76 63 74 29 58 83 77 56 43 73 16 24 26 22 70 10 21 33 39 60 78 86,116104,718718,720720,381269768,135992
sko90,tabuSearch,24 81 43 21 52 85 63 39 26 33 78 57 60 56 12 87 58 83 74 47 73 42 16 62 18 53 77 82 54 49 40 37 13 31 50 65 5 72 80 66 75 51 28 76 6 11 27 88 48 25 1 15 61 34 2 69 3 89 38 30 20 0 32 46 79 14 8 9 55 44 71 7 64 67 36 35 84 59 23 45 4 41 86 19 68 22 70 10 29 17,118118,456,204714,119395695,136172
sko90,steepest,4 66 63 10 23 76 16 28 1 41 70 68 59 48 25 78 73 72 52 19 30 17 11 56 6 18 5 20 24 34 33 49 54 82 80 27 89 79 15 38 29 9 45 88 77 12 62 2 42 71 21 44 55 35 50 36 67 13 64 61 22 8 69 14 3 46 53 0 84 32 26 58 87 83 65 43 37 51 75 31 85 47 74 39 60 40 57 7 81 86,117650,118,476595,209971974,137324
sko90,greedy,7 52 71 81 19 15 76 68 48 10 41 61 31 84 32 51 64 79 40 75 34 38 37 12 67 2 18 14 35 69 28 20 89 13 5 6 36 56 59 8 23 72 88 42 62 27 65 43 55 49 1 0 3 80 46 9 39 30 47 85 24 54 57 82 77 50 83 87 74 22 66 63 73 60 86 44 11 70 58 21 4 16 25 53 45 17 78 29 26 33,117326,356,77723,31058947,134940
sko90,randomWalk,22 70 35 12 49 66 64 61 53 86 29 68 17 14 73 11 82 50 8 57 28 16 69 2 27 40 84 76 21 58 77 54 3 55 59 41 38 37 75 43 36 45 48 9 20 42 56 74 33 13 30 62 6 18 25 88 79 5 51 81 1 63 80 83 26 52 46 0 24 34 23 71 67 10 85 39 89 44 78 60 87 4 32 19 15 31 72 7 65 47,131368,438030,438030,209985553,139516
sko90,random,87 83 88 22 65 64 40 4 48 54 26 25 33 30 11 86 57 35 63 2 41 52 7 31 5 46 78 72 14 76 56 71 45 17 44 84 79 42 61 12 50 68 39 23 8 18 0 3 27 75 15 73 13 24 81 62 19 32 77 66 49 70 6 28 20 29 80 34 69 55 58 60 9 36 43 82 85 67 37 1 21 38 74 10 47 89 59 51 16 53,131912,14466,14466,209990837,135638
sko90,heuristic,85 68 23 20 32 9 44 71 24 21 10 57 48 46 77 79 55 76 52 86 26 38 64 59 13 56 6 34 58 81 47 60 37 88 89 35 50 11 18 78 74 83 80 36 5 2 67 87 15 40 73 0 16 14 27 62 3 12 72 8 75 45 61 65 82 84 43 42 29 41 7 17 53 39 31 28 70 54 22 19 66 49 1 25 51 69 63 30 33 4,131136,0,1,57035,137740
sko90,simulatedAnnealing,17 30 44 29 58 74 49 47 85 26 7 33 45 70 22 8 48 55 87 10 23 54 59 37 83 14 68 69 40 75 71 3 88 84 82 2 35 46 51 15 1 20 25 89 67 36 6 27 79 32 38 34 9 31 5 64 18 50 56 21 41 28 80 61 53 77 65 62 39 43 66 52 72 0 16 13 11 42 19 76 4 24 63 73 60 12 86 57 81 78,116368,628628,630630,342874355,137754
sko90,tabuSearch,10 63 21 22 46 71 19 33 70 4 30 81 9 1 0 20 38 80 41 66 39 52 69 3 32 34 31 72 59 23 26 43 64 67 36 84 88 89 45 17 48 76 35 28 65 6 61 44 25 29 75 15 8 14 50 2 5 13 11 68 47 74 55 87 27 79 83 56 82 54 85 40 58 12 51 18 62 77 37 7 49 78 42 60 57 86 53 16 73 24,118002,606,272952,162735925,135984
sko90,steepest,66 41 34 38 61 71 54 19 21 33 4 32 31 72 84 88 69 75 52 30 85 28 82 3 9 20 40 14 15 1 7 46 51 5 36 64 12 18 6 8 0 87 50 2 27 67 37 79 76 22 23 25 53 55 89 35 42 68 48 49 45 80 62 65 13 59 77 11 16 29 17 44 57 83 43 60 73 56 24 70 26 81 47 74 39 58 63 86 78 10,118126,118,476595,212369474,136984
sko90,greedy,24 7 37 40 75 43 26 58 85 21 78 57 51 18 50 56 87 47 68 33 73 60 62 14 65 6 46 69 70 22 16 12 77 5 15 36 83 74 11 29 42 0 13 53 2 79 82 35 8 54 52 20 76 3 64 27 39 48 55 49 86 71 61 89 84 67 88 59 10 30 1 23 28 72 34 25 45 44 17 66 41 81 31 38 32 19 80 9 63 4,117020,419,92105,37156514,135686
sko90,randomWalk,32 11 67 1 63 77 55 3 74 10 26 86 64 82 15 33 54 31 48 30 53 69 42 50 35 81 85 73 20 49 41 12 25 84 52 23 89 75 56 28 68 5 14 71 40 6 70 27 62 45 58 51 7 36 57 78 2 22 79 72 13 4 37 18 34 80 87 8 16 47 38 65 60 59 9 29 24 19 88 17 83 44 0 46 39 43 21 66 76 61,132252,444626,444626,212381950,137378
sko90,random,37 22 79 15 3 14 41 10 29 69 45 8 38 72 71 27 23 17 31 13 70 46 48 83 67 68 86 33 0 39 28 36 75 51 87 84 16 19 42 25 40 5 34 30 9 80 77 47 85 55 59 6 82 89 20 32 35 24 88 11 60 73 1 64 18 58 54 81 78 57 74 63 62 61 65 53 49 56 50 66 26 76 2 43 12 52 7 44 21 4,132518,14888,14888,212395001,135928
sko90,heuristic,85 68 23 20 32 9 44 71 24 21 10 57 48 46 77 79 55 76 52 86 26 38 64 59 13 56 6 34 58 81 47 60 37 88 89 35 50 11 18 78 74 83 80 36 5 2 67 87 15 40 73 0 16 14 27 62 3 12 72 8 75 45 61 65 82 84 43 42 29 41 7 17 53 39 31 28 70 54 22 19 66 49 1 25 51 69 63 30 33 4,131136,0,1,51632,135932
sko90,simulatedAnnealing,7 78 75 51 40 39 10 26 47 85 24 57 60 37 43 56 87 74 58 8 81 42 15 62 65 79 83 48 55 49 52 76 12 54 77 6 18 14 68 29 63 16 73 13 50 27 2 35 11 70 0 20 53 31 5 36 67 64 59 22 23 28 25 72 80 89 88 45 9 30 41 1 3 34 82 46 84 69 44 33 4 66 32 61 38 19 71 86 17 21,115822,672672,674674,346849627,138486
sko90,tabuSearch,33 47 49 55 44 45 17 9 30 4 26 74 39 29 25 82 80 54 63 66 70 58 83 59 27 73 89 88 72 23 48 60 65 11 5 53 77 3 52 38 69 68 35 14 50 2 13 84 28 41 85 87 46 18 62 12 42 31 0 81 22 43 36 6 67 32 16 57 34 1 21 8 56 79 76 15 64 61 20 71 10 75 40 78 51 37 19 86 24 7,117000,705,317106,186922703,136038
sko90,steepest,68 40 22 75 69 20 70 76 78 10 37 8 29 48 35 59 58 74 73 26 7 18 14 15 87 79 56 11 16 57 71 2 12 67 64 89 83 53 77 60 1 6 36 5 46 88 28 45 65 43 41 23 32 51 84 31 0 13 62 81 38 34 82 27 55 3 25 50 42 39 66 61 54 17 44 9 72 19 80 63 4 85 30 49 47 52 33 21 24 86,118478,101,408510,184515271,136422
sko90,greedy,26 68 76 48 74 45 25 10 66 23 85 47 49 55 11 44 29 59 17 4 87 50 2 35 83 58 77 8 54 63 78 18 79 27 56 53 82 89 88 9 51 6 62 5 28 46 16 37 80 7 32 31 12 36 65 14 69 3 72 21 19 61 64 34 13 0 84 71 38 41 40 57 81 43 39 60 67 22 70 33 75 15 42 52 24 86 73 20 30 1,118360,446,92853,37315379,137184
sko90,randomWalk,68 63 54 16 86 22 72 38 7 66 1 49 71 36 9 47 44 51 75 4 89 34 48 79 3 46 74 17 57 41 14 35 88 67 13 29 45 11 19 60 56 32 23 62 55 76 82 5 37 12 43 39 6 25 26 80 33 0 53 84 70 59 2 30 83 61 40 18 73 58 81 42 69 8 77 85 31 78 64 50 15 20 52 21 27 65 87 28 24 10,131798,380234,380234,184531412,136282
sko90,random,10 12 60 64 53 3 5 58 77 44 2 54 86 80 19 76 22 39 9 30 33 48 62 89 23 27 72 26 1 4 25 29 74 67 75 37 42 6 15 49 82 83 43 40 16 66 70 41 35 31 88 61 45 17 56 79 21 14 28 52 63 71 55 46 69 85 81 34 32 78 20 65 0 7 87 36 73 47 18 8 24 11 68 51 13 59 57 38 84 50,132224,13291,13291,184537032,136048
sko90,heuristic,85 68 23 20 32 9 44 71 24 21 10 57 48 46 77 79 55 76 52 86 26 38 64 59 13 56 6 34 58 81 47 60 37 88 89 35 50 11 18 78 74 83 80 36 5 2 67 87 15 40 73 0 16 14 27 62 3 12 72 8 75 45 61 65 82 84 43 42 29 41 7 17 53 39 31 28 70 54 22 19 66 49 1 25 51 69 63 30 33 4,131136,0,1,46418,137346
sko90,simulatedAnnealing,85 26 75 8 29 69 68 22 33 21 47 74 48 40 37 35 59 58 70 10 30 55 87 79 64 14 18 43 56 78 49 15 6 2 50 36 83 46 11 76 42 44 51 27 13 12 65 62 77 39 81 32 54 19 89 67 5 82 16 86 52 45 31 84 25 88 3 53 60 73 1 38 34 61 72 28 9 80 24 63 41 23 7 71 0 20 17 57 66 4,115968,634634,636636,341821754,137552
sko90,tabuSearch,72 66 25 1 80 73 76 11 86 30 4 17 82 28 44 3 24 59 63 68 23 34 41 84 61 20 13 52 37 48 45 38 5 53 89 56 16 67 81 10 19 36 32 39 0 31 62 60 78 26 27 77 79 2 9 18 15 64 57 29 71 54 46 12 51 50 43 69 14 58 7 83 6 87 65 75 70 40 35 22 49 88 33 55 74 47 42 21 8 85,121892,215,96336,61093587,136954
sko90,steepest,66 17 38 72 48 25 45 23 44 49 4 30 9 80 89 29 39 55 74 47 54 19 88 59 82 27 83 79 8 26 41 61 34 84 64 13 0 2 32 87 63 52 31 3 53 77 50 42 81 85 1 20 28 76 5 11 12 62 15 51 10 16 67 6 36 14 65 73 78 40 24 70 71 69 35 18 56 43 37 75 21 33 22 86 46 68 60 57 58 7,117620,112,452565,203795546,139666
sko90,greedy,60 57 18 64 12 53 73 78 86 24 51 40 68 14 15 62 31 77 42 81 47 58 56 83 5 82 61 16 74 19 87 37 50 65 2 84 0 13 54 52 26 29 69 48 44 25 89 11 45 17 8 70 35 79 67 3 88 59 55 10 75 43 6 39 27 9 72 20 76 63 85 22 46 36 32 28 71 80 23 4 33 21 7 30 49 34 38 1 41 66,118638,377,55165,23512193,137782
sko90,randomWalk,4 65 63 42 80 28 44 8 23 52 53 74 64 77 35 18 41 24 2 59 58 47 16 15 0 3 61 51 7 86 49 39 60 12 20 62 70 50 13 37 10 78 25 1 81 40 69 84 43 85 88 72 31 29 32 34 71 79 55 56 54 30 26 67 89 27 87 73 19 45 22 9 57 66 33 14 48 5 38 75 6 76 82 21 83 36 17 68 46 11,131872,434912,434912,203811686,138068
sko90,random,23 56 57 74 64 60 52 33 81 28 7 8 49 10 40 21 82 70 5 38 73 83 76 71 68 66 61 58 50 1 34 30 16 54 14 4 86 48 78 15 25 42 27 89 6 22 59 35 31 43 29 63 18 0 2 11 9 39 69 46 65 85 79 55 53 75 32 20 37 62 17 12 45 51 19 44 26 36 41 88 80 87 47 3 24 84 72 77 67 13,132444,14465,14465,203813777,137114
sko90,heuristic,85 68 23 20 32 9 44 71 24 21 10 57 48 46 77 79 55 76 52 86 26 38 64 59 13 56 6 34 58 81 47 60 37 88 89 35 50 11 18 78 74 83 80 36 5 2 67 87 15 40 73 0 16 14 27 62 3 12 72 8 75 45 61 65 82 84 43 42 29 41 7 17 53 39 31 28 70 54 22 19 66 49 1 25 51 69 63 30 33 4,131136,0,1,77827,138032
sko90,simulatedAnnealing,4 41 1 86 52 63 81 73 78 24 66 23 72 20 28 76 42 57 16 10 7 34 80 61 0 12 13 62 60 39 71 32 31 89 67 15 37 51 75 43 38 46 3 64 36 5 40 65 56 21 19 84 53 27 79 6 18 50 77 33 54 82 88 69 2 14 11 87 83 22 45 25 9 59 35 48 8 74 58 70 17 44 30 55 49 68 85 47 29 26,116098,672672,674674,346401662,136626
sko90,tabuSearch,21 78 68 22 24 86 16 70 29 33 10 56 18 57 77 60 58 73 7 17 26 43 12 67 11 5 59 37 74 45 51 62 48 87 50 83 53 82 25 47 46 64 36 35 2 27 71 84 89 44 69 65 14 6 13 8 88 3 54 55 75 79 40 31 0 61 20 38 72 49 32 39 15 42 34 85 80 1 23 30 19 81 76 52 28 63 9 41 66 4,117666,390,176616,107611536,134438
tai100b,steepest,84 44 81 51 65 1 33 36 70 69 64 95 93 89 97 86 5 77 40 53 2 85 71 16 62 57 88 79 30 32 67 60 4 99 10 19 87 42 56 52 38 27 72 18 23 20 94 76 0 50 48 41 35 14 11 59 22 28 34 75 37 83 54 17 66 24 25 61 80 73 39 96 55 9 63 13 43 91 7 26 47 98 8 21 90 74 31 6 45 15 92 68 82 78 29 3 12 46 58 49,1221867033,145,722700,350996404,1757248641
tai100b,greedy,80 81 64 47 44 26 65 36 49 84 69 28 25 95 92 1 33 70 51 13 12 38 7 15 98 8 88 79 30 32 67 97 40 99 10 77 56 91 42 27 75 2 5 53 89 4 72 6 52 48 78 86 96 41 54 55 35 16 22 59 39 24 21 9 68 82 85 18 14 29 74 3 31 45 0 46 61 94 66 93 19 37 20 43 58 60 34 50 73 62 76 57 63 90 23 17 71 11 83 87,1207263114,835,114926,52394559,1798932654
tai100b,randomWalk,84 88 70 30 13 33 93 79 43 67 3 64 28 40 56 14 50 86 52 94 65 20 91 25 51 9 36 44 95 32 23 77 4 73 18 53 46 80 6 42 48 63 34 8 15 49 17 38 82 66 12 92 54 62 60 27 10 57 90 35 19 78 69 39 87 59 72 11 61 26 2 37 29 75 96 89 24 1 99 97 47 45 85 5 55 7 22 16 68 21 41 58 71 0 98 81 74 31 83 76,1544332064,623564,623564,351014302,1841117034
tai100b,random,86 1 33 3 74 63 76 66 71 28 73 55 61 91 35 38 29 65 53 72 98 6 32 44 12 34 82 47 95 25 30 94 42 69 40 15 18 23 41 57 2 67 64 48 31 24 27 80 26 10 52 45 22 37 99 4 77 96 16 89 92 87 17 20 79 21 49 60 39 90 5 46 81 51 68 84 36 43 62 88 70 58 50 54 97 56 59 11 9 75 78 83 19 14 0 93 13 85 8 7,1568070598,19896,19896,351091546,1822204562
tai100b,heuristic,87 79 30 49 70 28 65 32 67 86 44 85 47 18 35 74 55 19 1 91 76 13 5 6 45 56 88 37 36 93 81 59 26 73 39 16 75 63 92 38 53 23 9 58 27 40 72 24 84 48 68 17 12 25 94 52 42 2 14 8 0 99 31 11 89 21 4 71 41 83 96 66 10 33 95 98 20 80 29 77 64 69 82 43 15 57 78 60 54 90 62 7 50 22 34 97 61 46 3 51,1468025063,0,1,117856,1884881556
tai100b,simulatedAnnealing,84 36 65 80 69 49 26 81 47 64 44 25 93 23 71 13 20 70 76 0 43 6 3 59 15 72 88 79 30 32 67 45 29 53 55 98 37 63 83 14 89 34 31 92 21 52 86 38 4 48 46 8 77 73 40 42 9 17 60 10 27 5 75 16 12 18 28 2 85 35 82 68 41 74 91 95 19 1 56 33 51 94 61 50 90 22 97 54 99 66 24 58 57 39 11 96 7 62 78 87,1195135508,1081575,1084050,593146876,1860141634
tai100b,tabuSearch,64 36 84 51 49 30 26 88 47 44 93 95 81 41 60 28 62 0 24 29 71 52 75 7 82 15 32 12 74 92 79 31 94 19 39 72 66 56 2 77 55 42 99 6 45 46 85 48 8 37 3 4 27 90 91 73 89 70 11 97 5 40 9 98 59 83 86 43 38 53 78 68 13 63 80 25 33 65 1 67 17 69 96 22 23 21 34 14 20 10 35 57 58 54 18 16 50 76 61 87,1269144076,398,198400,118154060,1818150019
tai100b,steepest,98 81 4 32 30 79 6 88 67 69 52 87 38 43 41 93 17 26 73 49 16 77 90 74 56 40 86 19 85 37 94 71 1 76 60 29 47 0 51 9 10 62 33 42 83 91 20 27 13 5 23 63 22 36 34 44 21 53 14 61 11 25 15 46 31 72 92 8 12 28 48 89 2 82 7 95 59 84 35 65 64 80 66 68 57 50 3 24 75 39 18 99 97 54 96 58 55 45 78 70,1266345933,129,643500,314221485,1830359885
tai100b,greedy,28 36 19 4 44 81 52 32 69 77 2 98 46 59 75 12 48 92 74 23 50 94 90 65 68 91 88 79 30 49 67 24 66 41 96 18 87 53 86 55 89 38 14 62 25 83 16 31 29 63 54 0 13 26 1 70 17 47 84 71 60 72 6 93 85 73 95 8 51 64 43 9 33 80 20 27 42 76 10 5 40 56 15 34 57 22 78 58 45 3 39 61 7 21 82 11 99 97 35 37,1247481223,846,121134,55921260,1840480623
tai100b,randomWalk,28 73 66 35 88 47 86 65 25 36 80 7 9 19 12 61 84 75 46 15 49 78 3 74 62 51 70 79 93 77 42 91 27 55 40 89 76 87 41 34 67 97 38 2 50 23 96 37 54 33 57 81 21 44 4 6 90 83 71 29 98 92 99 53 60 18 31 48 69 95 13 22 63 32 20 45 39 11 26 52 16 85 72 24 17 10 30 58 82 8 59 94 14 5 1 56 68 64 0 43,1606524067,555169,555169,314238166,1835255823
tai100b,random,67 21 46 53 81 68 14 83 92 72 82 38 64 29 69 19 24 40 9 17 63 99 28 5 23 90 42 74 73 25 10 36 0 97 66 89 56 75 13 43 35 3 95 8 30 22 45 61 41 93 34 71 94 54 52 79 91 78 32 70 27 80 2 6 18 88 50 4 84 59 87 33 49 47 15 65 58 16 31 60 20 48 86 62 76 26 57 1 51 77 85 96 39 11 55 98 7 37 44 12,1621681685,17985,17985,314251398,1800315706
tai100b,heuristic,87 79 30 49 70 28 65 32 67 86 44 85 47 18 35 74 55 19 1 91 76 13 5 6 45 56 88 37 36 93 81 59 26 73 39 16 75 63 92 38 53 23 9 58 27 40 72 24 84 48 68 17 12 25 94 52 42 2 14 8 0 99 31 11 89 21 4 71 41 83 96 66 10 33 95 98 20 80 29 77 64 69 82 43 15 57 78 60 54 90 62 7 50 22 34 97 61 46 3 51,1468025063,0,1,119139,1848009505
tai100b,simulatedAnnealing,80 65 49 69 64 81 84 44 36 47 26 25 93 55 16 29 83 37 31 95 11 20 97 50 8 6 88 67 30 32 79 89 85 4 15 74 12 92 19 82 68 45 94 72 99 86 52 38 53 48 78 77 73 22 34 17 0 28 98 71 59 35 23 27 42 5 18 75 14 76 2 56 40 57 63 13 1 91 43 33 51 70 9 58 62 3 41 46 96 66 90 21 10 39 61 54 7 24 60 87,1192354853,1116225,1118700,713984181,1794823305
tai100b,tabuSearch,5 51 42 13 1 65 56 70 33 40 77 91 27 31 29 37 0 44 83 94 62 28 82 2 50 57 88 79 30 32 67 58 96 14 54 41 16 24 55 39 22 25 66 76 38 87 18 86 53 23 85 20 35 12 80 69 19 74 59 7 63 81 10 6 75 8 52 92 98 4 99 48 72 46 43 49 26 93 47 84 64 95 9 97 71 61 60 34 45 89 73 21 15 3 17 68 11 90 78 36,1228387238,1057,530720,382895889,1823005538
tai100b,steepest,20 44 87 66 19 0 24 36 94 14 28 55 76 13 59 95 1 51 70 84 98 6 82 89 92 12 88 79 30 32 67 15 9 43 29 17 52 64 7 85 90 2 38 4 8 93 73 45 77 3 78 74 96 39 58 54 34 25 22 71 60 10 57 65 68 80 26 37 47 86 99 72 33 91 42 5 27 56 40 69 81 23 18 63 50 48 35 62 21 11 75 16 97 41 53 83 61 46 31 49,1303407473,125,623700,333400591,1738786883
tai100b,greedy,73 79 69 64 30 36 93 88 44 81 67 84 17 29 89 86 98 32 53 38 72 37 39 63 66 0 28 49 47 65 26 76 40 95 50 87 99 5 42 27 62 97 56 18 71 33 91 51 1 41 96 13 77 45 8 2 78 43 3 15 7 75 12 55 14 59 35 74 80 16 34 24 31 83 19 52 4 94 68 9 85 6 60 22 92 20 21 23 58 46 10 57 54 11 48 61 90 82 25 70,1260171108,840,102968,46745376,1833043941
tai100b,randomWalk,45 28 31 69 81 98 63 36 47 51 44 14 41 11 61 53 99 95 87 84 74 82 40 18 79 12 16 0 39 21 49 91 76 29 68 1 70 94 7 97 90 56 78 26 54 59 10 66 24 23 35 20 75 80 15 77 48 67 88 4 46 13 32 43 64 9 30 52 6 65 5 89 60 86 19 8 71 2 58 22 55 25 34 33 92 50 96 3 17 93 37 85 38 73 62 57 27 72 42 83,1595649105,590643,590643,333417371,1845048583
tai100b,random,60 50 25 74 48 83 79 61 97 3 91 33 73 86 8 4 88 99 28 30 29 37 47 54 45 22 16 70 36 0 12 87 59 63 65 89 56 76 53 20 2 23 1 78 24 84 32 55 94 38 67 41 75 14 68 35 43 27 62 44 51 64 85 42 98 26 58 21 69 7 95 39 46 80 92 11 96 52 90 18 6 82 57 71 40 81 9 5 31 10 17 34 72 19 93 15 13 77 66 49,1630734856,18753,18753,333442949,1780464576
tai100b,heuristic,87 79 30 49 70 28 65 32 67 86 44 85 47 18 35 74 55 19 1 91 76 13 5 6 45 56 88 37 36 93 81 59 26 73 39 16 75 63 92 38 53 23 9 58 27 40 72 24 84 48 68 17 12 25 94 52 42 2 14 8 0 99 31 11 89 21 4 71 41 83 96 66 10 33 95 98 20 80 29 77 64 69 82 43 15 57 78 60 54 90 62 7 50 22 34 97 61 46 3 51,1468025063,0,1,58190,1762758471
tai100b,simulatedAnnealing,84 70 33 47 65 93 64 36 44 51 1 26 95 76 85 77 2 81 20 19 94 25 21 59 96 66 88 79 30 32 67 48 53 99 23 86 52 4 98 50 75 72 38 39 54 18 28 57 14 22 58 41 73 29 71 17 62 0 43 9 10 60 31 35 55 83 80 63 49 16 34 24 37 74 56 5 27 42 91 69 40 13 68 46 78 82 11 15 8 45 89 92 12 3 97 6 90 7 61 87,1191421188,1046925,1049400,580052048,1845095236
tai100b,tabuSearch,51 28 93 84 26 36 64 47 44 33 65 95 91 12 92 81 98 70 4 1 69 16 61 74 54 96 88 79 30 32 67 22 23 66 75 14 72 86 99 58 24 53 48 39 21 18 87 55 41 57 34 25 9 38 73 17 19 52 45 46 7 71 78 8 59 82 85 42 94 80 77 35 6 68 83 31 63 37 13 0 29 43 27 3 90 50 10 76 60 5 62 97 20 40 2 56 15 89 11 49,1221439700,827,416640,251053371,1806123364
tai100b,steepest,12 65 49 79 44 28 26 36 47 80 64 74 92 16 78 67 8 37 83 31 15 98 96 52 76 5 88 1 30 51 70 10 99 77 60 56 18 14 20 42 72 41 57 50 97 40 87 27 86 75 23 53 63 91 7 43 25 33 13 45 9 46 68 69 38 35 95 59 84 81 11 48 6 4 82 29 0 85 2 94 19 93 54 89 66 17 3 71 90 39 62 73 22 58 24 21 55 61 34 32,1258741091,129,643500,313636637,1775484241
tai100b,greedy,93 70 33 44 26 36 65 47 49 51 1 64 84 2 58 9 73 17 23 0 71 52 3 38 78 50 88 79 30 32 67 99 40 56 74 94 85 10 5 42 27 60 77 8 68 20 19 76 72 57 82 6 59 91 43 13 7 95 63 24 14 34 16 31 4 29 83 55 37 53 89 15 45 86 22 28 98 25 35 81 69 80 41 90 39 75 61 48 46 21 62 97 92 18 66 11 96 54 12 87,1203813364,890,112888,52879893,1847209079
tai100b,randomWalk,8 87 49 29 79 53 6 86 98 88 64 32 30 45 1 71 85 77 61 16 67 66 51 14 27 23 99 15 37 89 83 10 11 21 9 84 70 35 95 47 44 75 5 50 48 92 94 25 20 42 55 33 28 56 63 31 39 72 43 91 2 46 68 0 90 22 19 13 26 24 52 40 34 7 60 96 59 78 74 36 81 4 17 65 41 58 3 73 80 62 18 38 57 54 69 97 76 12 93 82,1592900943,544824,544824,313664246,1780068601
tai100b,random,60 83 63 74 87 77 82 93 90 1 21 66 78 86 95 55 42 71 96 97 64 91 70 61 14 33 18 23 29 9 72 32 54 4 19 85 65 8 27 6 51 89 30 75 7 52 5 41 35 49 20 44 40 25 10 76 31 73 53 62 68 92 24 59 3 2 15 50 48 11 88 81 43 79 22 26 58 94 38 16 56 46 39 84 80 37 45 98 36 0 17 67 69 13 34 47 99 57 28 12,1614549214,18066,18066,313657833,1878850552
tai100b,heuristic,87 79 30 49 70 28 65 32 67 86 44 85 47 18 35 74 55 19 1 91 76 13 5 6 45 56 88 37 36 93 81 59 26 73 39 16 75 63 92 38 53 23 9 58 27 40 72 24 84 48 68 17 12 25 94 52 42 2 14 8 0 99 31 11 89 21 4 71 41 83 96 66 10 33 95 98 20 80 29 77 64 69 82 43 15 57 78 60 54 90 62 7 50 22 34 97 61 46 3 51,1468025063,0,1,52989,1747151954
tai100b,simulatedAnnealing,93 70 51 47 64 36 84 65 44 33 1 26 95 37 83 85 0 94 31 29 62 20 74 53 58 21 88 79 30 32 67 61 66 96 46 25 49 80 16 39 54 24 55 22 34 18 41 28 14 35 59 57 56 69 42 27 77 40 5 19 10 60 75 98 76 4 52 7 81 38 23 50 6 86 9 73 17 63 71 13 43 91 3 72 45 82 97 92 2 99 8 12 68 15 78 89 90 11 48 87,1190026826,1024650,1027125,575456285,1788845542
tai100b,tabuSearch,93 69 25 95 26 51 84 47 81 80 49 28 0 92 36 64 44 65 12 14 34 6 97 56 20 68 88 79 30 32 67 89 53 72 9 48 85 17 86 38 23 73 94 76 60 4 19 77 98 52 50 74 54 58 39 24 46 37 59 22 96 55 63 40 10 87 33 13 1 8 91 27 42 5 61 21 11 41 83 35 16 66 29 99 43 7 71 90 57 82 15 75 2 18 3 62 31 45 78 70,1235909597,578,292640,176515316,1852643704
tai100b,steepest,63 32 53 14 30 87 83 88 37 70 86 31 13 17 73 94 80 85 9 35 38 25 23 66 3 15 36 69 44 79 81 82 92 72 10 4 28 52 12 6 48 19 74 61 58 77 8 46 2 75 68 99 1 84 55 51 22 64 98 59 34 16 18 41 21 96 29 11 95 0 54 39 62 24 43 26 65 45 33 47 93 49 42 7 27 5 57 56 50 40 60 78 20 97 89 76 91 71 90 67,1273273402,141,702900,343266708,1714170727
tai100b,greedy,98 36 92 80 64 81 65 44 69 4 12 32 52 59 35 70 33 1 13 51 6 49 57 23 66 96 88 67 30 47 79 82 83 55 68 85 63 74 94 37 24 91 31 0 71 18 16 41 14 54 39 25 72 10 46 8 9 29 15 40 75 7 50 93 22 53 26 38 17 73 89 58 86 87 56 42 77 95 5 19 84 2 11 20 90 48 78 99 43 97 62 21 34 3 61 45 27 60 76 28,1247179700,791,101479,47015708,1845620682
tai100b,randomWalk,74 51 23 37 67 30 70 1 65 85 64 86 53 49 79 14 28 9 19 48 82 62 25 73 71 24 7 76 98 8 44 15 80 13 59 66 47 11 54 69 78 36 5 57 33 40 87 93 96 43 12 29 45 3 77 91 90 88 16 26 94 84 10 56 75 42 83 99 50 2 52 32 34 55 95 20 68 89 31 21 35 63 39 27 22 60 61 46 17 4 6 97 0 92 41 72 58 18 38 81,1603700885,590142,590142,343283823,1793210340
tai100b,random,48 65 3 45 46 80 54 84 10 96 27 12 74 60 79 19 87 75 70 71 26 43 77 52 57 16 7 69 91 6 51 83 50 14 0 20 92 13 85 32 2 11 41 49 30 56 17 31 61 86 53 94 38 15 98 62 44 35 81 59 5 9 66 95 88 68 89 73 33 97 18 47 22 28 29 34 23 42 63 64 78 39 37 40 76 90 72 82 21 8 4 93 67 99 55 24 1 58 36 25,1607959994,18672,18672,343291885,1870844624
tai100b,heuristic,87 79 30 49 70 28 65 32 67 86 44 85 47 18 35 74 55 19 1 91 76 13 5 6 45 56 88 37 36 93 81 59 26 73 39 16 75 63 92 38 53 23 9 58 27 40 72 24 84 48 68 17 12 25 94 52 42 2 14 8 0 99 31 11 89 21 4 71 41 83 96 66 10 33 95 98 20 80 29 77 64 69 82 43 15 57 78 60 54 90 62 7 50 22 34 97 61 46 3 51,1468025063,0,1,52245,1925792579
tai100b,simulatedAnnealing,84 70 33 47 64 36 93 65 44 51 1 26 95 83 63 37 0 94 31 29 62 38 48 74 22 57 88 79 30 32 67 82 55 18 54 85 49 80 25 66 39 24 16 50 58 14 41 28 86 96 21 53 10 73 60 13 9 17 43 71 19 56 23 4 98 6 52 76 20 12 34 35 92 59 40 42 5 77 27 81 91 69 68 75 90 61 7 15 2 3 89 46 99 8 78 97 45 11 72 87,1190126301,1054350,1056825,603115329,1796244446
tai100b,tabuSearch,69 44 80 49 30 67 81 88 79 65 64 25 84 95 52 91 1 33 51 98 7 14 71 18 50 46 32 94 85 86 19 53 75 56 29 42 5 38 77 40 60 9 10 72 23 2 27 36 76 87 82 20 13 73 93 26 34 17 43 63 47 68 55 48 99 39 41 96 16 66 24 57 62 0 92 4 59 12 6 70 74 35 78 54 45 31 61 15 22 3 97 8 58 89 83 21 11 90 37 28,1235096097,528,267840,162069574,1892241772
tai100b,steepest,94 36 64 69 30 49 80 88 67 65 44 81 19 76 29 37 11 95 20 83 31 12 46 39 99 57 32 74 79 85 28 15 4 18 72 87 86 52 98 50 92 38 53 41 21 48 14 75 23 22 2 58 0 16 47 26 45 25 35 34 43 93 17 55 96 71 68 73 6 59 3 54 24 66 33 91 13 1 63 70 51 84 56 78 62 9 42 10 60 40 7 77 61 5 27 97 89 90 8 82,1258454815,143,712800,347050694,1782997729
tai100b,greedy,98 79 4 69 30 81 52 88 67 70 6 19 1 13 99 12 59 74 92 48 97 14 22 17 41 25 32 64 44 65 36 24 91 16 66 29 37 63 83 33 62 55 31 43 28 47 49 0 26 18 45 93 75 95 2 5 11 51 7 90 78 40 38 27 35 87 76 9 20 84 71 34 86 73 85 94 42 68 56 77 72 8 3 58 60 96 53 39 50 21 89 54 57 61 15 46 82 10 23 80,1241370645,1016,142793,67500383,1807438258
tai100b,randomWalk,98 87 14 12 80 86 49 17 36 9 53 52 38 57 94 7 31 93 99 65 58 61 66 30 82 59 0 84 79 81 21 92 43 25 74 4 2 3 69 85 88 62 19 44 23 24 89 67 63 96 11 15 1 72 45 16 75 6 35 27 28 91 32 33 73 39 29 22 51 40 83 77 41 10 56 55 70 47 13 42 46 26 68 76 37 78 20 60 97 95 18 71 34 50 90 54 8 64 48 5,1584929642,578263,578263,347067587,1790252190
tai100b,random,97 91 2 16 38 76 3 43 78 37 40 58 22 5 69 68 59 34 61 45 54 20 30 42 24 35 63 8 83 57 23 85 14 73 29 82 17 46 10 4 71 98 28 9 36 1 60 13 25 99 51 6 95 66 12 15 19 56 18 92 48 55 94 7 53 50 75 62 52 21 49 41 96 86 32 0 39 90 79 89 84 81 80 65 64 72 77 31 44 27 47 74 88 11 87 70 26 67 93 33,1589171204,19238,19238,347067184,1859315084
tai100b,heuristic,87 79 30 49 70 28 65 32 67 86 44 85 47 18 35 74 55 19 1 91 76 13 5 6 45 56 88 37 36 93 81 59 26 73 39 16 75 63 92 38 53 23 9 58 27 40 72 24 84 48 68 17 12 25 94 52 42 2 14 8 0 99 31 11 89 21 4 71 41 83 96 66 10 33 95 98 20 80 29 77 64 69 82 43 15 57 78 60 54 90 62 7 50 22 34 97 61 46 3 51,1468025063,0,1,58469,1819748606
tai100b,simulatedAnnealing,93 65 1 81 64 36 84 70 44 33 51 69 95 37 83 85 29 94 31 0 16 77 78 20 46 8 88 67 30 32 79 15 92 53 82 86 28 14 74 89 68 18 12 99 97 52 38 4 72 48 50 6 34 17 59 35 71 73 98 9 7 43 60 5 2 10 56 42 19 27 23 75 40 76 25 80 91 49 63 26 47 13 55 54 90 45 61 21 22 66 41 3 57 39 24 96 11 62 58 87,1193037246,1084050,1086525,604890653,1776861634
tai100b,tabuSearch,80 65 64 44 26 47 93 81 49 69 84 36 17 2 77 85 19 94 70 95 56 52 89 8 14 72 79 67 30 32 88 23 59 96 58 55 74 66 12 92 24 82 87 68 18 6 48 39 75 54 99 4 91 43 0 62 71 73 29 13 27 60 76 53 22 20 25 37 86 50 57 98 38 46 10 5 40 42 9 51 1 33 21 61 15 34 45 16 63 3 35 97 7 31 41 78 83 11 90 28,1219914600,634,317440,195114493,1786304091
tai100b,steepest,84 70 95 93 81 26 49 32 47 1 51 28 25 92 63 65 13 33 12 59 31 64 78 2 10 60 88 67 30 36 79 48 27 5 66 77 87 74 29 40 62 91 0 20 23 56 42 72 99 76 97 19 11 16 22 69 14 80 35 34 55 45 18 9 94 46 73 41 17 85 57 75 6 8 53 83 4 86 38 98 37 52 89 90 54 96 61 39 21 3 71 50 68 82 58 15 24 43 7 44,1247206900,134,668250,332858034,1866164225
tai100b,greedy,80 79 65 69 30 36 64 88 44 49 67 81 25 92 11 74 58 12 95 21 34 42 62 72 76 20 32 85 37 70 86 75 9 53 7 1 51 63 91 38 10 83 33 27 23 52 98 4 5 50 60 40 54 87 55 24 14 66 39 61 22 96 93 46 56 48 19 0 94 2 97 13 8 99 59 28 16 35 41 26 47 84 15 43 82 89 17 90 73 3 6 29 71 31 68 45 57 18 78 77,1239103901,934,119178,55936026,1773941170
tai100b,randomWalk,84 69 19 68 95 36 37 85 35 5 93 56 81 55 86 87 71 99 89 51 50 23 33 65 7 54 80 74 59 28 92 53 67 15 96 75 78 2 66 72 46 4 0 70 90 39 58 38 18 79 10 52 34 76 63 16 62 27 24 6 29 45 17 22 43 30 13 25 94 82 77 32 41 8 91 31 48 97 47 42 49 3 40 60 14 57 61 1 88 44 20 73 9 26 11 98 21 83 64 12,1604262040,573940,573940,332875338,1796835202
tai100b,random,11 13 43 47 35 92 6 79 82 44 30 26 51 59 63 1 4 86 66 73 62 10 48 57 58 36 56 71 96 83 90 72 38 81 54 12 17 78 22 2 65 25 27 14 39 68 33 18 34 80 9 55 50 45 15 52 99 89 70 3 84 76 53 69 23 20 87 5 93 74 42 98 8 67 7 88 95 40 19 61 64 41 97 94 85 32 21 37 28 75 60 31 0 91 46 16 49 24 29 77,1593841865,18842,18842,332896643,1787007967
tai100b,heuristic,87 79 30 49 70 28 65 32 67 86 44 85 47 18 35 74 55 19 1 91 76 13 5 6 45 56 88 37 36 93 81 59 26 73 39 16 75 63 92 38 53 23 9 58 27 40 72 24 84 48 68 17 12 25 94 52 42 2 14 8 0 99 31 11 89 21 4 71 41 83 96 66 10 33 95 98 20 80 29 77 64 69 82 43 15 57 78 60 54 90 62 7 50 22 34 97 61 46 3 51,1468025063,0,1,57542,1775314973
tai100b,simulatedAnnealing,47 64 33 70 44 1 84 36 51 93 65 95 26 85 83 94 31 0 37 29 62 20 48 53 58 22 88 79 30 32 67 35 66 54 59 96 49 80 16 39 61 24 55 34 23 41 25 18 14 21 74 57 56 69 42 27 77 40 5 19 10 60 7 52 76 4 28 75 81 98 6 50 38 86 91 71 73 63 9 13 43 17 46 72 45 12 2 92 97 3 8 82 68 15 78 99 90 11 89 87,1190299869,1093950,1096425,612856101,1811144427
tai100b,tabuSearch,1 65 51 69 70 44 84 36 64 95 33 81 13 12 63 52 7 4 92 98 75 18 39 57 66 24 32 30 88 79 67 45 50 20 15 76 37 31 83 53 89 29 38 14 21 55 86 16 87 54 96 41 60 26 9 17 47 80 85 2 10 94 25 58 62 74 73 43 93 99 68 0 23 3 91 19 5 56 77 27 40 42 72 82 71 59 28 6 35 90 46 8 61 34 97 22 11 48 78 49,1224301129,784,391840,236313457,1829692918
tai100b,steepest,98 85 19 87 86 38 53 32 52 95 94 4 51 60 40 70 56 1 42 10 5 69 11 46 66 55 88 79 30 36 67 54 47 12 58 49 93 73 17 84 24 37 26 39 21 25 74 59 35 96 22 80 50 75 76 20 48 14 18 23 62 0 15 77 16 92 6 72 81 8 41 61 2 28 91 27 9 33 29 64 65 7 43 82 90 34 99 83 31 71 63 45 3 78 13 57 89 97 68 44,1261548308,128,638550,314777991,1789170486
tai100b,greedy,56 81 5 19 69 30 42 32 88 40 77 94 27 29 68 33 72 91 89 99 97 80 22 35 61 28 79 67 36 64 44 66 63 43 39 13 37 31 83 24 0 45 55 16 92 47 93 26 49 46 54 25 50 10 38 52 60 20 76 57 6 4 75 17 12 34 9 2 85 84 14 74 73 59 51 95 98 1 53 86 70 87 15 48 11 71 90 41 7 82 3 96 58 21 62 18 8 78 23 65,1240477405,730,90989,42612921,1795150861
tai100b,randomWalk,87 27 86 38 84 88 94 53 52 1 70 30 98 15 11 91 47 57 3 95 78 56 20 76 48 97 69 42 25 12 37 16 81 49 92 5 66 43 71 72 41 31 50 67 54 24 80 17 14 68 18 10 26 90 32 19 36 2 4 63 73 55 75 60 59 64 23 44 83 33 65 74 0 61 13 7 77 35 46 8 22 85 58 45 40 99 93 29 34 89 9 28 21 96 39 82 79 51 6 62,1599918680,533743,533743,314794627,1829997123
tai100b,random,93 81 78 15 96 47 63 55 43 51 5 3 76 31 77 41 71 52 20 86 22 89 16 6 48 58 84 59 11 85 36 35 53 28 38 67 0 66 79 18 91 8 57 92 45 61 70 40 72 14 80 2 42 50 74 10 12 90 46 7 19 4 13 56 9 88 98 32 73 44 23 34 75 49 21 26 65 82 60 24 39 87 29 30 99 62 1 97 83 64 54 17 69 95 27 33 25 37 94 68,1608628583,16983,16983,314800976,1819924419
tai100b,heuristic,87 79 30 49 70 28 65 32 67 86 44 85 47 18 35 74 55 19 1 91 76 13 5 6 45 56 88 37 36 93 81 59 26 73 39 16 75 63 92 38 53 23 9 58 27 40 72 24 84 48 68 17 12 25 94 52 42 2 14 8 0 99 31 11 89 21 4 71 41 83 96 66 10 33 95 98 20 80 29 77 64 69 82 43 15 57 78 60 54 90 62 7 50 22 34 97 61 46 3 51,1468025063,0,1,51273,1773437414
tai100b,simulatedAnnealing,93 36 1 13 64 70 33 44 65 84 51 91 95 77 27 81 5 69 40 42 56 16 6 59 22 57 88 79 30 32 67 48 38 20 72 76 98 52 86 50 23 4 53 34 58 14 87 28 18 75 99 41 94 37 0 63 62 83 31 19 71 29 61 66 21 54 25 24 80 55 74 35 39 96 60 9 17 10 73 26 47 43 97 3 90 85 45 8 12 78 2 46 82 15 89 92 11 7 68 49,1194433315,999900,1002375,582127603,1813661663
tai100b,tabuSearch,84 65 1 69 64 44 81 70 36 33 51 13 95 45 29 47 26 93 0 43 62 86 82 50 21 58 88 67 30 32 79 25 24 35 37 59 49 74 80 55 39 12 66 28 34 41 96 16 18 54 22 14 27 2 5 91 6 77 40 75 10 60 99 20 57 17 9 72 85 76 23 53 73 38 4 7 94 52 42 19 98 56 31 46 90 92 11 15 97 3 71 61 89 83 68 63 8 78 48 87,1207265543,908,461280,277891045,1751218999
tai100b,steepest,84 70 51 93 26 65 33 47 49 81 1 28 95 4 89 86 38 87 52 53 7 94 18 31 60 10 88 67 30 36 32 23 5 42 50 56 77 75 72 27 2 48 40 9 85 19 69 76 20 99 57 17 22 14 24 25 61 37 54 46 58 63 43 16 73 34 80 35 64 0 62 71 83 29 92 74 59 12 91 79 98 13 90 21 96 97 55 8 45 82 6 78 41 15 68 3 66 39 11 44,1242937052,150,747450,370263256,1732627539
tai100b,greedy,73 32 17 93 80 47 0 49 26 85 94 28 9 69 57 20 76 19 23 50 71 74 48 13 91 33 88 79 30 70 67 2 42 72 99 77 27 60 40 56 75 10 5 68 92 1 81 51 6 8 78 4 29 44 31 35 34 25 98 22 83 53 45 95 52 55 65 43 64 84 7 12 63 59 41 87 14 18 38 86 37 16 39 15 54 97 24 46 66 21 89 62 90 11 82 61 96 58 3 36,1241503083,862,126243,60044761,1804517280
tai100b,randomWalk,81 20 4 29 6 52 70 37 99 95 47 19 12 18 85 49 43 64 58 9 40 72 79 22 86 82 88 51 32 80 67 90 97 21 11 74 39 33 78 68 13 66 16 34 24 60 2 1 96 98 56 17 92 10 54 77 3 15 69 30 63 38 44 7 65 62 35 94 41 57 71 61 55 45 0 25 31 93 36 46 14 42 28 83 87 89 26 84 76 91 50 5 73 27 75 59 23 8 53 48,1588111392,634405,634405,370279986,1804735032
tai100b,random,78 32 52 54 67 72 50 27 98 12 30 70 5 75 94 25 23 71 79 11 99 90 28 62 3 17 6 37 81 51 63 19 46 74 4 34 31 20 83 82 40 85 55 96 68 59 69 89 24 26 47 49 1 77 35 36 86 91 88 29 15 73 33 56 76 0 41 66 92 97 93 95 38 45 84 2 13 58 9 43 8 21 48 60 57 87 80 39 44 42 7 18 22 64 53 14 16 10 61 65,1627228324,20839,20839,370300925,1758490246
tai100b,heuristic,87 79 30 49 70 28 65 32 67 86 44 85 47 18 35 74 55 19 1 91 76 13 5 6 45 56 88 37 36 93 81 59 26 73 39 16 75 63 92 38 53 23 9 58 27 40 72 24 84 48 68 17 12 25 94 52 42 2 14 8 0 99 31 11 89 21 4 71 41 83 96 66 10 33 95 98 20 80 29 77 64 69 82 43 15 57 78 60 54 90 62 7 50 22 34 97 61 46 3 51,1468025063,0,1,89266,1839077492
tai100b,simulatedAnnealing,95 70 51 81 65 44 84 36 64 33 1 69 93 2 10 73 9 17 85 60 71 6 21 74 48 99 88 79 30 32 67 22 50 53 58 14 20 23 76 18 57 75 28 72 15 38 86 98 52 41 34 4 47 25 43 26 63 80 49 0 94 19 45 16 92 55 83 31 37 59 3 68 35 12 27 40 42 5 56 91 77 13 89 8 7 82 78 54 11 97 24 39 96 46 90 61 29 62 66 87,1195751095,1069200,1071675,589228658,1708191915
tai100b,tabuSearch,17 88 73 84 30 26 49 67 47 65 93 64 80 98 63 91 89 86 53 37 38 12 6 23 71 92 36 44 32 69 81 10 60 1 4 75 19 52 56 42 27 72 5 28 74 77 40 13 2 48 82 46 25 94 16 41 31 85 18 90 83 7 66 24 35 54 79 87 14 55 96 59 58 39 62 95 43 29 0 33 9 51 68 97 45 20 11 99 34 22 21 78 50 61 15 57 3 8 76 70,1253074198,845,421600,255931580,1674283386
tai100b,steepest,19 70 52 67 81 44 69 79 36 98 4 64 1 31 13 28 0 94 71 29 46 80 34 53 12 59 88 86 30 37 32 21 58 39 61 24 85 48 82 54 25 23 74 35 14 55 66 96 41 92 22 16 6 76 60 10 62 20 27 99 7 75 84 95 18 50 33 91 65 51 57 83 38 87 8 42 56 72 40 77 2 5 3 47 45 63 93 9 97 90 15 73 89 17 68 11 78 43 26 49,1262625716,125,623700,308023414,1766892921
tai100b,greedy,92 65 80 59 44 74 12 36 79 70 64 35 1 98 73 85 9 94 17 29 90 40 96 5 2 57 88 67 30 81 32 10 4 53 60 72 19 28 38 8 6 46 52 78 97 20 86 76 50 99 68 42 63 34 95 49 24 25 91 62 7 51 66 14 56 48 18 41 16 87 23 27 75 69 0 43 13 93 33 47 26 84 37 58 31 82 22 15 55 11 45 3 39 21 83 61 89 71 54 77,1233871978,888,156902,74108154,1826427276
tai100b,randomWalk,91 26 49 11 65 47 88 30 74 21 83 87 1 46 80 48 8 23 40 59 42 52 75 10 63 72 37 32 19 36 28 7 56 98 62 22 12 15 92 45 50 17 13 61 60 20 82 85 31 81 76 51 67 54 94 35 16 2 89 38 73 3 99 96 14 18 57 25 93 0 90 29 95 44 58 43 53 70 79 55 9 86 33 6 66 77 4 97 64 39 71 69 68 5 27 34 78 41 24 84,1598867115,532484,532484,308046444,1752211912
tai100b,random,68 50 91 22 93 77 12 37 57 62 48 55 31 59 95 16 61 39 51 27 4 18 84 26 67 75 34 54 29 32 79 99 53 1 66 2 71 56 36 47 38 46 3 14 10 92 97 72 11 83 15 70 87 17 40 45 80 64 82 6 49 25 73 98 8 86 33 85 28 41 96 63 65 21 89 20 76 74 13 9 44 42 5 78 7 94 90 58 19 35 43 0 23 52 88 69 81 60 24 30,1621093567,17864,17864,308048976,1841058212
tai100b,heuristic,87 79 30 49 70 28 65 32 67 86 44 85 47 18 35 74 55 19 1 91 76 13 5 6 45 56 88 37 36 93 81 59 26 73 39 16 75 63 92 38 53 23 9 58 27 40 72 24 84 48 68 17 12 25 94 52 42 2 14 8 0 99 31 11 89 21 4 71 41 83 96 66 10 33 95 98 20 80 29 77 64 69 82 43 15 57 78 60 54 90 62 7 50 22 34 97 61 46 3 51,1468025063,0,1,55900,1747999971
tai100b,simulatedAnnealing,84 36 49 81 64 69 80 44 65 47 26 25 93 37 83 94 0 85 31 29 16 52 15 4 97 99 88 79 30 32 67 10 40 76 60 27 42 19 56 5 23 2 77 72 8 86 20 50 53 57 78 38 98 14 34 35 59 28 22 63 13 43 90 91 48 89 12 7 74 92 18 75 68 6 9 73 1 17 70 51 95 33 96 82 24 62 11 41 61 39 66 58 3 21 54 46 55 71 45 87,1187916548,1101375,1103850,641133295,1798289957
tai100b,tabuSearch,16 49 25 19 32 81 30 88 69 94 80 67 85 27 62 87 66 41 24 55 86 74 60 52 58 48 44 65 64 70 36 50 20 18 5 1 33 51 91 10 76 56 63 34 7 92 14 12 75 23 57 43 9 35 93 84 38 73 17 71 95 11 59 46 77 28 79 6 8 4 53 72 2 98 31 83 29 37 26 45 47 0 78 40 21 42 90 3 82 54 15 99 39 22 68 96 89 61 97 13,1270933203,353,178560,109258459,1732689982
tai150b,steepest,39 110 64 123 31 48 82 30 118 37 98 26 137 71 140 145 70 134 63 129 89 112 12 72 127 131 54 66 124 143 68 21 46 18 25 28 148 33 88 133 60 81 65 58 138 130 100 34 120 20 97 125 17 52 117 0 86 75 15 13 5 109 142 121 99 92 10 11 59 32 135 35 93 122 49 61 146 106 84 43 115 44 16 80 85 95 62 45 53 87 116 108 22 36 69 79 136 111 119 40 74 42 1 139 23 128 19 96 8 56 38 57 144 27 105 7 47 6 149 24 107 94 2 78 9 3 67 41 91 126 76 102 90 83 55 101 51 4 77 147 104 132 103 141 114 113 14 50 29 73,513982898,215,2413800,1815077156,655010006
tai150b,greedy,98 82 134 43 139 96 16 85 10 22 70 84 86 144 19 49 56 44 45 80 7 135 79 148 25 8 3 58 141 18 68 65 47 105 120 77 106 119 97 116 138 128 113 74 17 28 83 118 20 12 133 42 21 91 117 127 34 1 94 92 5 109 4 126 36 67 132 76 122 53 99 46 59 89 147 104 64 2 62 131 100 101 41 88 55 73 26 37 23 137 123 30 66 136 72 40 48 130 111 90 107 52 125 54 24 15 93 13 149 87 27 35 57 33 6 142 121 38 32 11 103 110 14 51 145 78 129 124 69 95 75 63 61 9 112 81 60 39 143 115 0 146 140 114 108 102 31 50 29 71,510685812,1821,528051,376326432,658152809
tai150b,randomWalk,85 35 41 95 96 30 137 40 55 82 93 70 98 130 18 116 15 38 28 58 97 139 94 2 19 145 75 87 65 23 29 142 73 149 10 27 100 110 57 135 148 33 3 141 39 83 136 50 134 129 24 125 48 62 44 115 32 49 69 25 117 61 54 79 12 13 90 66 86 106 81 128 77 72 111 133 122 36 56 8 132 63 103 108 104 146 7 68 92 5 89 16 99 124 71 46 131 120 91 112 123 53 147 9 78 6 14 113 34 47 138 42 20 64 144 80 45 43 118 22 126 140 121 114 88 21 76 51 17 109 101 31 67 143 4 127 59 52 0 84 1 102 37 105 11 107 60 74 26 119,617835968,2257078,2257078,1815113943,650023176
tai150b,random,146 48 125 77 19 108 79 76 38 100 26 87 115 130 63 122 127 35 102 70 99 101 46 132 110 92 17 105 118 12 81 120 126 36 96 95 68 90 6 20 11 31 18 131 61 29 97 60 0 128 13 34 51 144 7 89 43 52 49 145 21 41 107 45 149 2 8 75 55 138 91 137 54 109 135 129 147 103 39 32 133 134 94 24 78 143 80 141 140 66 16 40 67 4 64 73 25 14 28 98 50 104 3 1 62 9 15 30 85 56 124 114 148 33 82 136 123 69 71 142 58 74 72 23 112 93 53 59 116 44 88 5 10 57 113 83 119 117 121 42 106 84 27 37 22 65 86 47 111 139,619620355,51148,51148,1815123322,643760419
tai150b,heuristic,110 24 46 87 71 16 146 140 144 126 56 85 70 64 35 18 134 98 145 38 11 148 127 105 114 19 45 51 3 49 119 62 122 15 59 149 142 131 4 101 67 128 93 0 129 34 17 109 61 40 147 22 111 69 12 21 90 138 135 94 92 125 76 104 123 41 141 26 136 2 103 39 52 33 60 116 29 113 78 74 27 81 8 65 50 48 89 95 121 53 102 47 75 107 42 112 9 120 63 72 124 99 84 5 77 108 57 30 28 32 73 132 25 86 23 68 96 139 7 88 43 100 130 118 54 83 36 117 66 91 79 14 13 37 97 31 80 143 1 20 137 44 106 133 6 115 55 58 82 10,620457677,0,1,103494,642263311
tai150b,simulatedAnnealing,95 78 96 137 49 16 19 139 135 101 56 88 10 117 2 22 7 144 58 23 41 17 107 1 11 70 130 100 148 0 25 9 55 73 94 141 149 82 105 8 119 121 128 147 45 106 14 125 61 43 77 21 138 52 111 72 120 3 20 31 124 133 62 24 103 108 47 44 71 146 80 98 83 85 127 118 64 65 37 74 68 59 57 54 104 131 26 79 30 18 28 134 66 69 51 136 48 97 40 42 84 90 12 34 15 13 32 116 93 35 38 39 91 132 142 87 6 33 27 113 145 53 129 60 5 67 123 92 99 143 109 115 63 75 4 110 122 81 112 36 86 46 76 89 29 50 114 140 126 102,502034347,2542085,2547672,2020306445,652340828
tai150b,tabuSearch,37 26 140 133 39 35 148 32 25 12 126 73 111 48 91 65 58 113 119 15 70 52 66 17 69 139 147 77 136 42 38 130 16 100 51 132 10 14 2 8 90 3 4 36 120 125 40 99 43 116 80 105 106 128 0 21 67 6 94 19 137 54 68 57 5 114 92 122 101 50 11 29 59 88 109 18 76 31 74 118 138 62 98 79 85 83 44 82 89 134 71 95 87 84 13 141 34 61 107 93 45 97 121 142 117 96 144 49 7 23 149 41 22 135 86 55 1 9 56 78 53 33 63 28 103 72 115 75 110 127 102 112 123 124 129 108 143 145 81 60 20 47 30 104 64 131 46 24 27 146,511891466,1523,1141380,964698979,636184675
tai150b,steepest,32 11 46 122 7 146 82 87 94 141 98 103 27 24 108 149 57 106 124 102 85 89 61 68 76 71 112 60 83 72 62 88 44 55 1 0 34 16 3 132 80 58 125 12 78 10 139 136 86 135 21 5 90 15 77 75 69 92 84 42 130 129 147 131 119 123 52 115 100 47 51 56 8 53 17 127 110 116 43 120 19 33 81 143 95 37 6 93 50 114 142 29 25 22 99 117 148 14 4 111 113 59 49 79 54 137 134 144 121 70 107 64 9 104 2 48 23 66 26 30 73 36 45 13 41 145 40 74 109 63 101 138 97 91 128 118 67 105 38 20 31 18 35 28 65 133 96 140 126 39,520206351,215,2413800,1772660655,650888127
tai150b,greedy,89 76 46 145 71 64 146 50 87 125 29 31 114 132 53 122 18 140 63 36 133 12 137 115 13 48 34 21 118 28 67 123 39 128 42 97 52 74 77 20 147 138 119 93 106 124 55 142 41 90 127 111 1 84 129 99 117 75 17 82 73 110 94 116 141 70 135 149 148 23 45 7 25 96 5 78 144 79 143 109 27 102 35 92 57 32 108 113 30 104 103 134 68 88 3 60 131 51 121 54 112 43 80 66 81 15 24 8 91 47 33 98 100 65 6 38 105 120 126 19 9 37 26 0 69 61 22 101 107 4 59 86 14 130 139 11 10 2 136 40 72 56 44 58 95 83 62 16 85 49,509146365,1705,447652,311768460,645372640
tai150b,randomWalk,79 7 102 101 32 70 38 48 51 35 18 65 9 145 42 126 108 8 15 19 142 121 54 29 34 41 119 146 28 58 131 80 85 84 124 97 113 62 107 81 87 82 109 21 12 135 66 0 59 94 123 120 130 141 106 37 2 43 53 144 26 40 90 50 63 64 60 6 127 20 128 143 133 99 45 49 138 83 88 137 136 118 93 56 98 122 86 16 11 72 148 139 100 57 33 5 55 105 1 23 95 46 73 24 36 3 76 71 116 4 129 68 96 13 117 74 140 112 67 17 47 91 31 39 14 92 115 149 103 75 27 147 89 104 111 114 61 22 44 25 52 78 132 134 10 110 77 69 30 125,619278003,2233628,2233628,1772700773,647539309
tai150b,random,44 1 84 113 28 70 122 7 99 9 132 3 22 66 57 40 56 87 142 111 97 121 110 129 109 55 146 64 48 94 139 5 14 24 37 77 128 30 41 36 21 91 73 83 50 105 135 81 35 65 100 53 54 96 114 33 88 138 107 123 104 61 0 8 116 26 34 69 140 102 93 52 117 106 6 89 143 103 4 118 124 95 98 31 10 42 134 72 51 27 11 130 133 80 39 119 149 12 15 23 2 63 85 127 68 86 147 58 136 78 45 76 20 46 62 144 90 47 137 82 75 101 145 74 16 17 126 141 19 108 112 38 131 67 43 59 148 125 115 25 49 18 13 79 29 71 92 32 120 60,622028643,52758,52758,1772724489,664500615
tai150b,heuristic,110 24 46 87 71 16 146 140 144 126 56 85 70 64 35 18 134 98 145 38 11 148 127 105 114 19 45 51 3 49 119 62 122 15 59 149 142 131 4 101 67 128 93 0 129 34 17 109 61 40 147 22 111 69 12 21 90 138 135 94 92 125 76 104 123 41 141 26 136 2 103 39 52 33 60 116 29 113 78 74 27 81 8 65 50 48 89 95 121 53 102 47 75 107 42 112 9 120 63 72 124 99 84 5 77 108 57 30 28 32 73 132 25 86 23 68 96 139 7 88 43 100 130 118 54 83 36 117 66 91 79 14 13 37 97 31 80 143 1 20 137 44 106 133 6 115 55 58 82 10,620457677,0,1,109204,646768739
tai150b,simulatedAnnealing,133 112 89 23 121 134 70 49 139 22 56 2 84 144 44 96 86 16 3 10 76 58 54 14 83 85 136 117 62 61 4 0 95 78 9 135 107 11 94 126 55 59 113 34 147 25 79 12 111 40 148 17 90 120 69 20 99 38 26 28 125 145 131 132 103 114 104 122 92 50 109 29 68 18 48 13 6 80 97 88 106 87 105 43 47 128 110 119 19 116 1 8 74 91 52 51 45 65 100 138 42 130 5 66 141 149 71 73 77 82 93 35 142 57 101 7 41 37 102 32 143 129 33 72 31 75 60 63 118 53 115 123 127 21 108 36 67 124 81 137 15 64 27 140 98 30 24 146 46 39,500095412,2765565,2771152,2088682448,652771471
tai150b,tabuSearch,135 59 146 113 108 140 94 77 7 85 149 16 103 141 87 31 121 27 13 44 32 11 28 58 93 142 84 62 6 109 110 145 35 119 128 130 40 97 49 116 101 86 136 36 99 102 125 34 123 127 111 37 120 1 138 95 0 131 137 2 61 25 20 45 69 38 52 117 90 148 14 23 17 8 118 19 47 56 107 5 79 24 80 106 18 122 3 57 68 96 92 134 124 22 72 129 43 33 21 105 75 133 139 63 12 41 70 82 55 73 89 10 15 76 83 91 39 71 98 4 78 66 30 115 53 88 100 74 147 81 26 144 42 104 54 112 60 51 67 9 143 50 65 29 114 126 48 132 64 46,521304060,843,637830,533756419,646250849
tai150b,steepest,89 95 146 141 27 81 108 23 94 9 85 78 0 103 1 102 60 88 51 55 29 65 136 25 148 50 5 69 114 135 41 100 18 96 7 98 117 105 19 122 24 47 82 72 48 130 21 142 75 118 28 83 111 12 38 63 133 101 129 13 93 22 119 2 6 30 139 49 84 16 97 87 137 44 86 4 46 149 143 109 92 59 32 110 126 76 11 113 58 35 33 57 145 138 99 34 20 107 120 36 17 40 37 74 45 131 106 80 43 8 127 70 123 10 124 116 121 128 64 68 147 125 62 104 115 54 73 67 66 39 91 77 90 26 132 61 14 15 52 42 112 56 79 31 53 144 3 140 134 71,521490188,207,2324400,1692185755,652273172
tai150b,greedy,141 103 71 13 39 89 82 70 6 31 98 1 116 32 35 73 46 23 130 86 38 105 112 20 119 8 61 69 128 136 15 17 132 10 83 4 90 80 113 52 91 47 14 106 147 21 51 9 42 111 66 40 48 68 97 36 72 124 43 115 129 63 81 59 60 76 135 118 117 126 127 24 74 19 75 108 87 11 67 62 121 95 56 27 146 53 96 37 149 93 142 7 34 3 107 133 120 45 125 77 12 54 84 138 137 44 16 144 123 134 79 64 22 140 2 49 139 88 85 30 25 5 100 109 28 148 145 41 58 110 65 94 143 0 26 55 101 104 131 99 33 18 114 122 78 57 102 29 50 92,513745437,1707,373062,254685807,649897075
tai150b,randomWalk,73 149 85 110 36 138 14 82 38 126 118 87 99 136 70 45 39 115 53 95 83 41 109 75 91 127 96 116 24 16 60 130 144 8 125 62 148 84 32 76 64 19 18 145 49 29 105 51 129 80 69 92 15 137 47 88 123 78 7 13 133 112 74 63 57 89 93 12 128 131 35 52 66 65 114 113 81 104 9 79 61 46 0 23 11 40 58 27 120 31 30 2 4 33 59 122 135 142 43 101 44 103 68 117 22 28 71 25 42 139 132 67 50 6 121 56 97 21 48 37 55 54 98 77 119 111 106 102 20 124 134 1 90 147 34 17 141 143 26 72 10 5 146 107 3 100 140 94 108 86,620394555,2130594,2130594,1692254348,642904730
tai150b,random,138 148 123 54 105 140 8 36 131 77 125 4 80 51 117 120 82 118 63 68 112 76 87 110 58 2 29 96 1 146 127 100 11 48 116 111 143 141 24 73 86 103 62 128 9 113 14 133 5 119 53 31 43 71 38 72 52 60 132 102 95 85 57 55 124 136 126 32 12 17 3 37 26 142 39 13 15 42 78 104 139 130 81 122 49 70 47 79 109 134 25 67 144 149 27 83 115 46 64 0 93 69 88 34 20 22 92 74 97 59 75 147 108 90 41 33 145 121 6 107 45 94 61 35 129 84 98 135 30 7 89 44 19 114 18 101 56 66 16 106 91 21 23 50 65 28 10 137 40 99,624404083,49876,49876,1692251061,662452147
tai150b,heuristic,110 24 46 87 71 16 146 140 144 126 56 85 70 64 35 18 134 98 145 38 11 148 127 105 114 19 45 51 3 49 119 62 122 15 59 149 142 131 4 101 67 128 93 0 129 34 17 109 61 40 147 22 111 69 12 21 90 138 135 94 92 125 76 104 123 41 141 26 136 2 103 39 52 33 60 116 29 113 78 74 27 81 8 65 50 48 89 95 121 53 102 47 75 107 42 112 9 120 63 72 124 99 84 5 77 108 57 30 28 32 73 132 25 86 23 68 96 139 7 88 43 100 130 118 54 83 36 117 66 91 79 14 13 37 97 31 80 143 1 20 137 44 106 133 6 115 55 58 82 10,620457677,0,1,106695,645367714
tai150b,simulatedAnnealing,10 58 38 116 119 35 6 105 149 17 8 97 130 7 11 15 32 128 142 20 52 45 21 133 73 33 12 71 91 93 13 28 39 63 129 123 127 115 67 125 36 53 87 99 147 118 37 109 75 48 72 84 111 74 137 0 138 136 124 5 112 59 143 31 68 108 79 26 92 140 60 102 110 57 148 2 70 1 88 22 41 49 144 101 16 89 23 121 96 86 139 56 106 27 141 120 80 77 145 43 34 103 82 90 104 24 146 98 47 46 30 29 18 122 132 81 64 131 114 50 100 19 135 25 54 117 107 61 42 55 51 9 94 69 3 78 14 83 65 66 40 126 76 44 95 62 113 85 134 4,502370815,2620303,2625890,1929323543,661882740
tai150b,tabuSearch,56 19 13 105 121 47 94 128 18 92 8 10 65 96 97 126 140 35 109 32 103 27 141 114 82 25 81 80 113 60 138 124 55 135 68 45 131 39 73 148 41 108 133 20 123 67 100 127 77 118 33 1 63 111 115 23 9 43 74 144 90 91 62 119 48 44 86 98 72 58 52 12 83 24 137 116 146 99 5 102 50 93 70 95 78 29 76 110 84 122 89 142 75 36 69 37 145 112 42 129 51 120 147 6 66 134 79 30 59 54 31 64 149 71 104 46 26 143 3 57 4 40 34 117 107 38 28 125 21 22 14 130 136 88 11 61 0 17 2 101 106 7 132 16 15 87 53 139 49 85,532667668,462,346890,287602791,652515495
tai150b,steepest,39 51 133 25 58 56 65 140 7 135 18 59 15 38 11 57 96 28 130 79 35 68 40 86 49 32 117 139 119 54 134 22 19 47 6 105 62 8 44 10 31 128 24 145 109 43 78 67 136 5 92 118 36 75 37 100 127 120 13 3 34 110 116 2 95 55 41 76 107 89 1 70 4 102 101 42 46 149 20 66 148 77 48 17 64 147 52 90 91 33 12 126 111 122 63 93 129 97 142 72 131 143 99 21 0 103 146 108 80 16 27 85 84 121 106 141 87 53 94 113 137 115 123 125 9 124 45 30 138 60 88 61 112 74 23 104 144 14 69 83 26 82 132 50 73 114 29 98 71 81,518365087,215,2413800,1768381223,651053690
tai150b,greedy,73 74 55 76 132 146 126 50 51 112 140 110 62 89 41 95 114 29 5 143 82 92 94 145 93 98 67 36 142 53 122 99 18 32 26 68 141 124 108 109 103 131 37 43 66 63 86 90 127 81 59 0 113 135 75 84 129 4 134 33 34 28 137 77 120 149 125 88 2 7 123 87 101 57 49 136 133 83 61 91 65 116 8 14 70 38 80 15 44 85 39 47 69 79 10 60 1 78 31 9 100 25 54 148 111 72 19 24 102 46 130 64 107 106 27 118 35 104 30 48 147 21 42 138 115 97 6 105 52 119 17 13 20 45 40 11 128 12 117 22 3 144 96 23 58 71 139 56 16 121,512525658,1583,361255,248054505,650558359
tai150b,randomWalk,135 144 131 23 83 109 80 30 110 146 50 59 129 78 1 64 9 74 102 112 98 115 140 34 133 8 142 5 107 118 88 124 39 125 114 46 63 128 69 117 51 113 62 89 14 72 32 43 47 123 127 11 143 132 0 97 93 22 24 3 4 82 130 41 36 25 95 33 106 16 17 15 49 84 85 136 92 27 137 104 70 103 19 60 40 2 134 61 145 81 31 75 79 66 53 54 105 55 108 58 119 147 76 26 71 87 57 10 67 52 35 13 121 126 38 120 20 48 44 28 138 122 94 45 90 56 100 111 65 139 86 12 37 91 99 6 18 101 73 148 77 42 96 68 141 21 116 149 7 29,620309794,2328872,2328872,1768417476,644121417
tai150b,random,112 102 95 35 60 89 18 2 14 83 66 113 3 105 91 15 11 114 13 58 29 68 148 31 144 67 88 106 25 71 26 108 7 133 10 146 28 137 73 27 94 65 149 74 140 23 97 59 76 9 46 122 123 147 62 124 117 16 87 107 121 0 136 4 47 30 132 86 103 77 63 50 61 34 128 127 115 119 109 75 49 104 134 8 145 130 41 99 142 44 139 51 32 126 81 111 93 82 85 143 72 100 33 138 22 56 57 84 135 116 42 110 52 79 48 20 19 90 39 12 98 70 96 55 69 1 36 54 129 64 38 43 80 118 92 24 78 40 6 120 5 45 53 141 125 17 101 131 21 37,621428209,51279,51279,1768426358,643496622
tai150b,heuristic,110 24 46 87 71 16 146 140 144 126 56 85 70 64 35 18 134 98 145 38 11 148 127 105 114 19 45 51 3 49 119 62 122 15 59 149 142 131 4 101 67 128 93 0 129 34 17 109 61 40 147 22 111 69 12 21 90 138 135 94 92 125 76 104 123 41 141 26 136 2 103 39 52 33 60 116 29 113 78 74 27 81 8 65 50 48 89 95 121 53 102 47 75 107 42 112 9 120 63 72 124 99 84 5 77 108 57 30 28 32 73 132 25 86 23 68 96 139 7 88 43 100 130 118 54 83 36 117 66 91 79 14 13 37 97 31 80 143 1 20 137 44 106 133 6 115 55 58 82 10,620457677,0,1,111083,659962868
tai150b,simulatedAnnealing,68 124 96 78 41 100 56 65 135 117 19 94 51 126 49 55 25 148 10 2 85 88 42 61 22 16 69 4 0 14 139 17 58 8 15 1 136 86 23 144 38 134 70 21 12 132 45 72 125 43 52 54 147 40 3 130 90 121 119 141 111 108 73 31 103 133 87 32 142 47 79 140 35 39 62 60 146 59 5 112 76 114 29 99 46 81 24 102 122 57 89 50 107 20 48 44 106 74 83 84 80 34 91 66 120 93 7 105 33 128 116 27 138 13 11 113 6 97 77 149 110 109 92 67 101 143 118 28 137 53 123 115 75 36 145 37 127 129 63 95 9 71 131 18 30 64 26 82 98 104,500966317,2631477,2637064,1952409770,652111219
tai150b,tabuSearch,106 120 52 58 16 119 122 144 15 125 49 57 42 18 97 38 85 28 4 89 132 131 0 76 104 23 78 88 134 102 109 130 70 136 50 86 29 139 1 145 114 3 6 75 110 55 61 95 14 135 94 84 92 112 2 143 101 147 36 32 31 72 108 35 63 93 142 124 73 141 39 27 113 103 33 83 44 133 100 117 8 74 17 118 140 80 19 20 24 126 65 47 107 5 37 9 69 79 99 68 10 54 51 22 146 40 56 11 60 115 67 116 123 129 41 81 53 46 127 21 25 105 90 45 66 7 77 96 34 71 43 87 12 149 128 137 91 111 26 148 59 121 82 30 62 138 13 64 48 98,536552177,611,458790,383590868,647026562
tai150b,steepest,50 114 35 55 76 121 146 32 0 103 85 141 94 108 11 102 16 58 59 57 10 77 84 4 125 134 107 22 79 2 89 54 113 144 137 71 117 31 3 149 7 46 68 28 112 72 129 75 127 91 12 40 90 60 48 69 66 135 27 119 20 62 6 128 17 105 44 118 52 8 63 19 38 24 83 51 53 41 109 147 101 67 126 9 56 110 115 13 92 78 49 87 73 111 1 61 23 14 21 139 132 88 124 15 80 133 70 30 39 140 45 64 26 43 131 116 104 123 106 47 136 143 142 36 86 120 99 81 93 148 5 42 97 145 74 100 25 138 33 130 34 98 29 95 37 82 65 18 96 122,518489651,234,2626125,1872306742,649255710
tai150b,greedy,111 3 85 139 62 56 146 98 15 67 16 2 58 53 83 44 70 89 10 4 24 8 1 23 38 57 0 36 59 99 76 118 50 41 9 94 51 122 135 100 49 19 55 119 130 116 143 13 74 75 17 39 117 28 14 63 40 21 6 128 97 138 105 18 120 96 65 33 27 47 103 7 81 149 108 66 64 106 115 72 107 134 30 80 144 104 132 54 46 87 26 48 112 86 42 88 20 60 136 69 61 145 37 22 101 92 126 29 102 95 114 35 109 93 78 11 110 5 142 32 52 123 125 91 147 129 121 45 43 124 90 12 137 84 141 131 68 73 77 127 34 82 133 31 25 148 113 140 71 79,513642499,1531,558745,373748996,645069092
tai150b,randomWalk,116 75 17 24 97 53 92 105 128 103 41 46 47 66 138 38 54 121 81 145 130 120 49 30 146 21 115 74 139 13 95 133 84 65 112 80 39 136 56 68 72 35 106 86 27 101 34 124 90 36 64 33 6 127 32 118 87 88 143 73 28 141 98 89 23 57 18 12 132 78 117 40 107 71 59 4 110 67 129 114 37 100 15 142 48 109 69 102 51 126 76 42 26 137 82 149 8 79 111 144 91 77 140 0 1 83 104 125 44 29 85 134 70 58 20 7 131 119 62 93 3 45 148 11 2 55 50 10 94 19 9 25 122 43 31 99 14 113 63 5 16 123 108 60 147 135 96 52 22 61,618243763,2524876,2524876,1872340875,658798886
tai150b,random,76 60 16 107 141 115 112 25 36 11 10 43 145 96 57 66 17 95 45 69 92 27 1 85 73 81 118 33 139 117 21 14 135 99 23 12 131 90 52 68 42 6 4 32 136 26 130 41 29 84 3 48 8 28 119 40 7 49 110 109 148 98 104 128 38 56 133 106 147 140 127 50 138 46 0 89 34 31 62 124 20 93 125 15 19 2 82 55 116 123 39 64 105 22 61 47 149 134 77 54 80 18 120 59 70 74 53 87 111 65 24 114 44 97 72 126 146 102 129 143 137 5 132 37 75 67 103 51 142 113 121 88 91 122 108 35 9 100 71 58 13 94 86 78 83 63 101 30 79 144,621289206,54628,54628,1872352579,652289834
tai150b,heuristic,110 24 46 87 71 16 146 140 144 126 56 85 70 64 35 18 134 98 145 38 11 148 127 105 114 19 45 51 3 49 119 62 122 15 59 149 142 131 4 101 67 128 93 0 129 34 17 109 61 40 147 22 111 69 12 21 90 138 135 94 92 125 76 104 123 41 141 26 136 2 103 39 52 33 60 116 29 113 78 74 27 81 8 65 50 48 89 95 121 53 102 47 75 107 42 112 9 120 63 72 124 99 84 5 77 108 57 30 28 32 73 132 25 86 23 68 96 139 7 88 43 100 130 118 54 83 36 117 66 91 79 14 13 37 97 31 80 143 1 20 137 44 106 133 6 115 55 58 82 10,620457677,0,1,108150,656196287
tai150b,simulatedAnnealing,4 76 44 22 10 56 85 62 86 43 16 84 2 144 49 70 58 139 37 23 96 149 9 101 142 7 130 136 93 11 95 135 121 73 116 82 94 148 55 45 41 25 141 28 83 14 12 75 20 100 1 5 90 42 40 99 3 106 97 120 74 33 79 71 147 35 27 31 138 18 111 32 77 113 103 59 146 89 54 123 137 104 132 78 46 57 26 131 30 134 68 29 88 80 112 69 110 61 117 66 19 51 17 0 6 91 47 128 119 105 15 140 13 52 126 38 8 65 39 133 24 143 92 36 129 145 124 87 60 72 21 67 127 122 125 48 34 118 63 109 107 98 102 115 108 81 114 50 64 53,502346400,2681760,2687347,1970893504,656128335
tai150b,tabuSearch,83 94 80 28 24 57 47 18 8 128 105 122 96 19 56 133 121 38 30 131 87 118 45 125 63 52 48 26 106 64 137 104 68 129 119 127 67 36 2 145 115 123 53 75 50 111 135 40 77 79 42 51 59 22 21 76 4 117 7 81 5 124 114 112 60 46 92 102 136 29 9 110 11 78 17 10 85 27 139 12 65 0 146 15 58 98 39 113 140 126 91 16 43 97 74 147 84 34 54 99 107 120 109 138 23 37 144 41 70 130 93 89 101 73 49 86 134 88 95 1 3 116 69 141 149 13 72 33 148 20 108 14 61 103 66 90 25 143 82 55 100 6 132 62 35 142 71 31 44 32,521864348,744,559500,465382291,649122793
tai150b,steepest,104 66 29 24 114 85 50 89 81 59 146 4 132 122 102 57 108 76 143 71 83 95 147 110 37 98 92 74 62 5 26 78 44 82 100 69 51 136 126 61 14 94 9 12 40 103 52 90 17 28 42 99 18 0 36 148 65 31 141 77 1 25 138 97 120 105 119 27 93 7 13 128 113 35 135 21 64 46 124 88 60 34 48 112 87 125 115 72 56 19 118 53 127 101 131 55 129 109 41 63 145 117 20 75 91 6 23 11 73 32 15 70 33 149 38 39 58 142 8 116 43 86 68 123 10 49 3 79 106 84 22 2 137 80 107 139 54 111 130 45 67 96 121 134 140 47 133 30 144 16,511045404,238,2670825,1887807613,654448089
tai150b,greedy,24 46 114 77 141 98 132 50 138 124 29 131 68 113 104 103 82 30 120 81 73 91 115 123 52 140 129 147 45 127 33 63 39 87 119 133 90 80 43 47 105 106 128 130 20 97 9 5 69 121 42 53 84 136 36 99 137 111 1 117 38 15 148 135 22 49 25 65 41 16 94 139 55 96 89 122 134 92 109 125 27 71 146 145 64 18 79 31 32 108 143 35 37 88 142 60 93 51 112 13 75 86 17 67 61 126 70 6 14 8 100 144 78 2 110 95 116 3 10 23 34 28 107 21 12 26 83 102 118 101 48 72 54 40 4 59 76 11 66 0 74 56 44 57 7 58 149 19 85 62,513701883,1583,341216,228881692,651519248
tai150b,randomWalk,14 119 122 65 25 26 9 43 113 23 93 11 24 21 105 133 148 123 68 77 64 136 100 94 51 36 45 149 48 72 39 19 102 111 67 41 121 17 81 98 120 8 38 0 107 89 134 6 145 109 130 42 124 117 29 27 13 62 55 75 49 106 61 139 129 32 127 116 59 10 47 144 110 115 34 85 97 108 66 142 28 86 140 37 87 101 56 82 18 58 91 57 60 118 135 20 15 78 92 52 74 63 143 5 79 4 40 73 12 7 125 128 104 90 76 53 70 96 112 99 84 83 147 22 46 137 114 141 54 1 132 88 103 35 44 80 146 50 131 126 138 30 69 3 71 16 2 33 95 31,618951011,2551570,2551570,1887843739,650264529
tai150b,random,18 70 111 15 47 53 124 113 62 24 142 78 34 128 31 131 5 13 19 3 56 75 112 83 71 72 40 136 132 61 10 68 55 95 93 110 37 148 26 51 33 104 138 137 20 41 102 59 74 57 32 92 17 100 60 84 6 91 77 101 145 120 87 143 86 9 90 149 4 12 14 122 22 38 8 106 79 0 73 81 11 39 63 94 49 116 23 97 1 144 35 76 66 115 43 107 65 146 27 64 50 130 109 117 7 98 36 85 135 25 46 96 29 30 52 99 125 67 105 58 42 129 119 141 103 69 16 89 134 139 123 108 147 48 82 88 44 121 118 2 127 21 133 114 126 80 54 45 140 28,618206952,56188,56188,1887854198,642282562
tai150b,heuristic,110 24 46 87 71 16 146 140 144 126 56 85 70 64 35 18 134 98 145 38 11 148 127 105 114 19 45 51 3 49 119 62 122 15 59 149 142 131 4 101 67 128 93 0 129 34 17 109 61 40 147 22 111 69 12 21 90 138 135 94 92 125 76 104 123 41 141 26 136 2 103 39 52 33 60 116 29 113 78 74 27 81 8 65 50 48 89 95 121 53 102 47 75 107 42 112 9 120 63 72 124 99 84 5 77 108 57 30 28 32 73 132 25 86 23 68 96 139 7 88 43 100 130 118 54 83 36 117 66 91 79 14 13 37 97 31 80 143 1 20 137 44 106 133 6 115 55 58 82 10,620457677,0,1,208772,643459657
tai150b,simulatedAnnealing,133 47 85 83 44 16 70 76 10 61 89 14 4 116 110 62 126 95 94 3 55 96 0 49 23 56 139 58 2 22 144 135 121 19 100 51 9 43 78 117 107 106 41 75 37 40 109 130 5 99 149 90 142 28 1 148 93 136 137 60 112 33 72 123 127 115 129 108 102 64 88 46 124 81 143 31 134 113 45 6 80 32 39 141 140 79 91 73 38 132 15 8 25 7 65 11 42 59 101 66 86 54 26 69 92 24 50 122 35 29 103 146 131 27 18 104 57 68 30 114 97 120 20 17 138 34 111 77 119 118 105 128 13 12 52 48 147 63 21 74 84 53 87 82 36 145 67 98 71 125,502938451,2771152,2776739,2088882511,659639009
tai150b,tabuSearch,93 71 83 38 15 74 47 6 20 136 81 17 70 8 52 89 91 33 76 4 146 14 147 100 112 132 42 65 126 69 80 51 139 110 10 53 108 85 115 143 16 61 5 135 148 46 22 72 54 55 3 88 31 113 1 144 99 2 102 103 68 58 26 30 45 64 134 131 59 141 79 37 57 104 123 82 39 133 116 140 67 63 36 119 98 120 97 138 121 128 13 105 23 124 75 60 84 90 9 25 0 66 117 27 43 44 96 122 78 24 95 92 62 49 50 56 19 86 29 114 107 127 73 12 111 40 109 129 125 118 130 21 34 11 41 77 149 101 7 137 94 142 48 28 35 106 145 87 32 18,520705051,695,525930,442506385,662431387
tai150b,steepest,53 67 126 105 113 50 8 76 96 14 140 110 128 10 4 132 29 95 92 19 11 25 74 143 148 56 65 81 78 100 122 5 59 58 135 49 61 44 79 57 31 62 26 138 119 147 45 116 43 52 115 101 75 120 69 40 88 63 66 77 102 34 141 108 125 87 103 94 107 121 0 146 55 106 41 73 89 24 27 23 6 15 46 83 98 70 38 39 32 47 91 35 109 42 33 9 90 60 51 17 112 97 104 99 22 7 30 144 54 134 80 16 84 149 68 137 3 117 2 85 21 111 72 36 139 1 37 136 142 13 93 86 127 20 129 130 123 131 124 12 114 64 118 82 48 28 145 18 71 133,517631040,222,2492025,1795906539,653153709
tai150b,greedy,122 18 146 88 108 46 30 7 72 132 64 103 124 33 27 102 35 149 77 144 113 148 52 90 66 32 125 79 25 31 3 111 141 73 1 91 12 39 71 82 48 23 98 135 11 61 117 40 22 9 20 5 118 59 147 36 42 120 10 28 145 86 119 128 49 134 105 6 116 126 130 140 133 8 97 142 50 68 63 92 106 129 131 60 115 123 104 43 29 81 127 114 51 69 137 34 101 21 14 107 138 2 83 112 58 136 85 76 38 41 0 70 17 139 4 15 55 94 89 16 84 37 93 13 54 74 75 26 78 143 80 99 67 109 44 95 62 65 121 100 45 47 24 19 87 96 110 53 56 57,515359480,1555,277501,184608464,659763350
tai150b,randomWalk,1 29 35 70 25 98 54 109 110 55 131 68 123 124 81 112 97 46 31 49 16 90 66 32 137 134 88 129 74 78 17 47 10 69 126 95 20 125 80 41 103 145 89 7 146 63 61 75 22 60 53 76 130 102 72 5 0 44 79 28 42 9 43 18 104 23 100 91 114 56 27 105 107 138 58 120 121 108 36 128 111 82 94 93 59 116 51 52 2 99 13 115 86 117 148 85 37 127 11 15 136 119 45 101 144 8 141 4 135 24 3 149 73 71 113 21 30 139 64 14 133 140 147 87 65 83 19 40 48 39 6 122 96 67 143 62 84 92 12 118 77 57 132 106 26 34 33 142 50 38,617245362,2429493,2429493,1795942526,649586902
tai150b,random,56 145 72 58 86 126 88 148 15 11 85 31 29 59 55 34 101 120 136 54 104 125 46 80 4 135 38 103 84 49 57 129 44 53 127 76 147 130 79 52 32 68 82 112 113 134 61 109 142 73 75 149 13 3 105 71 6 14 0 124 74 60 17 51 119 97 21 116 67 42 39 8 12 93 2 18 33 27 141 25 132 62 117 96 20 66 1 118 100 110 114 10 90 107 137 28 19 77 63 70 5 50 140 64 131 108 37 139 123 91 98 23 81 78 146 89 143 35 69 106 41 122 16 102 9 95 47 87 92 133 36 83 24 128 138 22 121 48 115 7 43 65 40 30 111 45 144 94 26 99,624805048,52648,52648,1795963705,650188554
tai150b,heuristic,110 24 46 87 71 16 146 140 144 126 56 85 70 64 35 18 134 98 145 38 11 148 127 105 114 19 45 51 3 49 119 62 122 15 59 149 142 131 4 101 67 128 93 0 129 34 17 109 61 40 147 22 111 69 12 21 90 138 135 94 92 125 76 104 123 41 141 26 136 2 103 39 52 33 60 116 29 113 78 74 27 81 8 65 50 48 89 95 121 53 102 47 75 107 42 112 9 120 63 72 124 99 84 5 77 108 57 30 28 32 73 132 25 86 23 68 96 139 7 88 43 100 130 118 54 83 36 117 66 91 79 14 13 37 97 31 80 143 1 20 137 44 106 133 6 115 55 58 82 10,620457677,0,1,212241,663843062
tai150b,simulatedAnnealing,121 139 11 116 105 32 33 7 27 13 35 39 97 6 93 128 142 149 41 24 98 53 37 71 67 46 73 82 36 101 47 127 87 108 109 103 123 143 145 131 129 110 63 74 118 95 79 99 137 45 31 12 141 34 21 83 62 91 60 147 9 94 135 51 66 100 42 25 48 65 59 126 148 78 69 96 70 1 17 52 88 38 8 20 56 15 23 136 89 130 119 86 120 140 111 28 138 124 75 77 72 125 112 133 18 26 50 114 122 29 92 64 5 115 81 57 146 102 30 104 107 117 106 43 68 61 113 2 84 10 22 3 90 80 0 4 14 55 76 54 40 85 44 49 58 144 132 16 134 19,503334506,2776739,2782326,2081323948,640717787
tai150b,tabuSearch,76 35 113 68 119 54 70 134 87 80 106 15 125 53 132 77 84 16 3 30 86 139 66 22 104 52 49 78 43 144 10 2 90 123 45 8 100 117 130 88 4 61 14 21 94 0 65 41 9 115 69 13 1 73 107 114 12 147 26 105 75 95 97 99 37 122 109 7 116 24 103 149 128 18 74 102 83 85 72 48 108 124 31 89 71 64 46 62 44 29 146 112 91 101 55 148 20 136 111 141 17 6 42 34 59 135 28 131 129 58 25 56 127 19 40 96 57 11 38 23 93 138 120 47 5 143 81 39 118 63 32 121 33 51 60 67 27 79 110 126 137 92 82 145 36 50 142 133 98 140,529589038,728,548310,465667779,662095476
tai150b,steepest,134 26 146 60 124 47 46 53 112 127 56 129 68 81 102 131 123 108 28 115 121 117 84 21 80 96 54 137 65 72 105 125 133 89 12 71 20 15 8 132 17 38 139 0 90 147 111 1 138 42 48 145 66 34 119 130 67 118 91 41 22 107 73 113 9 30 27 23 14 35 69 144 2 10 103 79 122 64 31 148 33 29 18 63 57 92 110 5 19 6 143 24 114 74 36 13 99 52 128 104 87 77 3 75 4 55 16 126 50 140 83 98 94 51 85 82 76 136 39 70 100 116 25 135 106 141 59 101 109 49 78 43 120 97 45 37 86 95 61 40 88 58 142 11 32 149 7 62 44 93,514392736,213,2391450,1715503580,640547276
tai150b,greedy,57 92 35 31 119 8 32 71 125 77 46 87 6 132 130 15 86 89 79 134 16 84 48 3 80 70 136 107 85 54 113 66 144 10 62 44 106 137 68 139 22 49 2 42 69 61 120 138 147 101 14 103 73 100 72 94 90 0 116 51 124 143 63 133 33 47 28 39 110 126 112 140 60 81 74 102 7 108 23 97 58 27 11 1 56 93 149 128 53 121 13 146 83 91 9 40 78 12 117 141 21 88 52 111 127 131 64 104 129 30 43 98 75 95 115 26 123 45 37 82 135 118 59 76 5 145 67 105 25 36 142 4 109 99 148 41 38 55 20 17 34 50 19 122 114 65 96 29 18 24,516403092,1495,309318,204591928,650380422
tai150b,randomWalk,6 64 82 60 3 135 111 58 71 55 15 98 148 1 80 124 90 133 2 79 23 107 50 121 4 65 129 59 139 108 118 81 74 45 123 99 9 51 134 70 94 91 46 127 146 75 85 35 5 145 69 14 83 52 147 149 84 137 92 32 105 132 77 138 141 10 113 131 116 117 22 30 44 100 86 101 88 19 33 103 54 61 122 49 39 87 25 21 26 57 106 37 0 120 128 95 42 34 102 89 97 62 125 109 142 78 56 28 43 126 76 144 48 119 130 8 68 93 104 18 36 47 13 96 73 66 115 29 20 41 114 112 27 12 63 24 110 17 16 136 67 143 7 38 72 40 11 53 140 31,621746554,2295088,2295088,1715537499,641498106
tai150b,random,136 60 64 2 124 143 84 15 72 5 10 92 134 7 70 11 17 74 100 145 79 44 101 67 13 102 138 86 107 65 96 131 133 73 104 56 61 24 51 52 31 82 149 106 115 14 110 116 127 68 59 28 111 130 62 0 71 49 123 88 144 18 54 43 118 90 140 63 137 42 36 119 132 9 8 103 58 139 32 23 93 146 19 122 135 128 41 26 126 141 75 80 108 6 40 29 35 50 97 48 22 94 53 69 37 20 38 113 120 91 55 66 87 27 125 33 114 99 121 16 148 83 4 109 81 78 3 39 45 77 142 98 57 117 85 89 112 21 1 95 25 76 46 129 147 105 34 47 30 12,623107409,50950,50950,1715541238,661135448
tai150b,heuristic,110 24 46 87 71 16 146 140 144 126 56 85 70 64 35 18 134 98 145 38 11 148 127 105 114 19 45 51 3 49 119 62 122 15 59 149 142 131 4 101 67 128 93 0 129 34 17 109 61 40 147 22 111 69 12 21 90 138 135 94 92 125 76 104 123 41 141 26 136 2 103 39 52 33 60 116 29 113 78 74 27 81 8 65 50 48 89 95 121 53 102 47 75 107 42 112 9 120 63 72 124 99 84 5 77 108 57 30 28 32 73 132 25 86 23 68 96 139 7 88 43 100 130 118 54 83 36 117 66 91 79 14 13 37 97 31 80 143 1 20 137 44 106 133 6 115 55 58 82 10,620457677,0,1,108437,655913248
tai150b,simulatedAnnealing,112 110 62 37 78 85 134 44 86 76 98 126 82 89 83 95 56 49 3 55 70 121 0 9 96 16 51 100 23 94 41 58 144 61 69 117 22 4 10 139 2 14 136 111 40 91 120 106 34 1 90 43 107 138 65 54 148 99 17 52 125 72 12 28 21 27 48 105 97 133 77 39 119 128 147 143 50 26 79 5 59 102 29 74 146 114 122 60 24 57 81 19 66 113 80 141 84 25 73 101 42 45 130 88 38 142 149 11 8 7 132 35 20 13 93 33 116 15 6 32 109 137 127 68 92 123 75 53 103 131 124 67 129 108 30 115 104 63 87 36 135 140 118 18 71 31 145 64 46 47,503362144,2603542,2609129,1971701579,663800901
tai150b,tabuSearch,109 103 70 97 23 8 144 105 113 33 27 13 116 10 6 1 128 88 20 138 98 25 52 38 66 41 100 90 69 17 42 147 82 3 83 39 73 71 14 148 91 51 55 106 58 61 84 94 0 22 16 72 2 125 12 135 15 9 117 112 31 143 64 29 99 146 122 89 110 50 95 46 62 74 5 28 35 93 142 137 11 49 130 101 37 119 86 141 7 149 77 32 34 45 21 136 107 43 139 132 48 111 4 40 47 18 65 85 44 126 140 76 118 121 96 133 19 80 24 56 60 81 145 124 54 87 67 102 129 75 63 36 108 123 114 79 59 127 53 115 120 134 68 78 104 92 131 57 26 30,512099037,1307,984720,824603376,655465282
tai150b,steepest,26 116 133 4 38 18 140 70 76 59 126 11 24 47 28 131 57 89 122 23 56 144 9 94 3 65 92 5 135 114 50 149 96 29 78 15 22 58 7 148 25 132 68 21 34 147 43 97 0 67 115 79 53 12 52 111 66 109 54 136 20 145 1 74 36 123 118 86 13 46 17 137 130 41 40 45 27 8 105 138 91 141 39 83 30 73 103 128 35 113 10 32 142 51 120 100 93 125 42 90 77 48 84 99 117 49 85 2 106 16 19 134 80 119 55 139 121 107 87 44 61 101 14 60 129 72 110 33 75 143 127 81 112 63 102 6 31 124 88 69 104 64 82 95 71 62 108 146 98 37,519244028,175,1966800,1452761350,651413968
tai150b,greedy,47 51 87 31 113 134 126 85 67 91 140 79 133 65 76 108 53 89 15 3 144 54 90 132 84 16 77 14 70 125 4 117 30 131 123 59 22 10 137 68 2 26 104 78 9 141 43 100 127 136 73 0 69 109 66 99 147 39 135 101 17 6 41 142 1 62 116 58 93 32 40 35 11 44 21 74 64 94 34 83 111 18 82 107 98 71 118 138 48 121 55 106 13 52 145 45 103 61 115 20 42 129 75 12 28 49 56 23 38 96 95 7 37 130 8 86 139 119 149 57 97 105 36 63 148 120 124 27 102 60 112 143 5 72 92 33 88 110 128 25 80 46 114 50 24 19 122 146 29 81,514668161,1331,242211,159379530,658964992
tai150b,randomWalk,39 101 25 97 6 115 48 89 135 113 147 129 81 42 35 138 77 27 3 52 76 109 144 51 60 9 128 78 118 32 105 7 24 111 74 26 137 69 85 63 37 30 57 41 123 148 65 149 91 83 16 14 40 82 44 38 75 55 17 136 79 54 43 86 146 49 0 104 61 108 1 13 80 11 143 132 71 103 46 119 59 50 134 96 84 99 110 121 45 141 116 95 114 33 90 93 130 120 23 20 140 31 142 124 88 87 112 139 19 98 12 94 58 34 127 36 67 107 66 64 4 62 126 125 5 131 18 8 22 70 28 15 133 73 2 68 117 122 29 92 100 145 21 53 10 102 47 72 106 56,616930259,1953371,1953371,1452796979,653744445
tai150b,random,146 125 13 45 73 79 18 121 39 94 50 102 123 0 120 21 118 20 10 147 52 128 126 33 7 142 105 27 84 23 34 136 42 116 108 28 91 5 67 140 48 26 12 68 119 114 57 4 104 81 129 127 71 86 53 107 72 76 83 15 49 29 14 80 22 63 135 3 56 137 131 132 11 35 103 111 44 74 90 141 124 77 144 117 64 133 41 40 96 2 113 47 130 54 30 59 65 112 69 92 78 38 93 75 66 143 85 62 43 134 19 88 87 6 106 145 61 101 95 149 100 9 17 89 138 32 31 122 16 99 82 55 1 37 25 97 70 139 36 115 8 109 60 98 51 58 110 24 46 148,622595169,43252,43252,1452809956,643005108
tai150b,heuristic,110 24 46 87 71 16 146 140 144 126 56 85 70 64 35 18 134 98 145 38 11 148 127 105 114 19 45 51 3 49 119 62 122 15 59 149 142 131 4 101 67 128 93 0 129 34 17 109 61 40 147 22 111 69 12 21 90 138 135 94 92 125 76 104 123 41 141 26 136 2 103 39 52 33 60 116 29 113 78 74 27 81 8 65 50 48 89 95 121 53 102 47 75 107 42 112 9 120 63 72 124 99 84 5 77 108 57 30 28 32 73 132 25 86 23 68 96 139 7 88 43 100 130 118 54 83 36 117 66 91 79 14 13 37 97 31 80 143 1 20 137 44 106 133 6 115 55 58 82 10,620457677,0,1,108155,653877854
tai150b,simulatedAnnealing,97 128 122 30 57 29 19 114 104 26 56 59 118 64 81 24 46 50 99 74 89 110 109 112 108 146 63 5 102 60 143 78 76 115 75 135 37 62 126 53 67 4 95 83 106 127 94 42 9 66 68 100 51 107 36 34 54 27 80 14 69 28 61 101 40 1 116 86 137 41 136 23 117 88 130 105 96 140 113 120 79 148 82 31 98 25 133 138 65 47 111 18 48 123 21 131 147 124 129 72 145 43 3 103 121 10 16 44 22 134 0 70 55 58 2 49 85 84 139 144 125 38 52 20 132 8 77 6 141 93 142 12 90 45 91 119 13 15 17 87 92 73 7 32 11 39 149 35 71 33,502953442,2659412,2664999,1994970925,653646313
tai150b,tabuSearch,81 74 140 82 98 41 73 31 64 1 116 23 148 45 55 30 71 39 3 137 144 117 90 112 25 52 20 123 66 69 125 12 91 2 51 100 61 147 17 88 48 14 42 79 72 96 28 68 107 19 34 118 104 11 124 131 9 63 43 29 0 26 54 135 59 57 85 15 115 62 134 146 24 53 99 13 86 36 138 120 77 27 93 97 33 87 6 128 67 46 7 149 106 105 127 119 40 75 111 129 60 47 21 121 84 22 49 4 10 132 8 70 38 58 16 80 56 139 44 50 130 65 114 108 5 94 113 18 145 142 110 136 143 141 92 122 103 101 109 83 133 32 35 76 95 78 89 126 102 37,522578430,1243,928770,777056192,650904939
tai150b,steepest,144 23 132 68 92 18 29 122 77 147 50 5 115 7 114 149 104 57 142 131 24 37 99 120 74 146 11 28 81 93 26 109 47 48 145 118 63 30 33 53 67 64 143 38 12 137 34 40 60 21 45 43 20 91 75 101 125 9 111 106 128 112 31 121 94 62 80 140 83 44 138 85 113 46 107 42 65 148 78 54 41 55 126 135 134 51 100 117 96 19 25 56 76 36 90 127 4 129 123 17 52 79 133 105 124 39 71 32 27 35 72 98 141 13 108 73 102 103 87 82 69 6 95 84 136 116 14 86 66 61 15 97 110 3 1 58 0 88 119 130 59 89 139 2 10 8 22 70 16 49,510228707,251,2816100,2009665084,651126381
tai150b,greedy,8 100 139 68 10 16 56 2 84 117 96 137 135 144 7 22 49 121 107 3 85 141 148 113 0 55 80 25 94 106 58 45 134 41 102 73 78 71 149 23 9 11 101 132 83 15 109 145 103 91 130 125 48 14 66 99 119 133 1 97 75 92 67 143 36 110 33 146 39 126 20 98 53 140 5 19 30 76 38 118 4 64 131 28 18 104 26 65 89 57 59 70 111 136 77 87 79 34 40 72 12 90 69 21 31 93 108 44 37 32 61 35 82 116 62 142 95 86 6 13 127 115 52 138 123 42 74 105 17 51 120 43 147 124 112 88 60 128 63 129 54 46 114 24 27 81 122 50 29 47,514014483,1784,465405,311806976,653265866
tai150b,randomWalk,136 78 4 127 112 142 6 125 93 2 80 121 47 124 122 48 24 110 144 105 11 98 38 140 19 72 74 20 50 1 57 51 16 54 10 113 8 68 9 65 3 59 132 99 66 100 83 0 79 33 32 23 106 69 90 94 89 119 135 81 120 25 134 60 86 114 26 92 53 104 30 21 87 63 137 108 102 61 13 37 143 149 131 67 126 101 35 117 107 14 22 28 130 145 70 138 15 73 40 128 18 56 42 36 111 55 118 34 115 96 43 58 141 46 82 52 84 123 64 147 103 139 12 29 148 146 39 49 91 85 17 76 27 41 62 95 5 77 71 44 7 129 109 75 88 31 45 116 133 97,616503908,2697032,2697032,2009700762,650270820
tai150b,random,52 2 19 85 73 145 77 9 23 144 79 27 137 116 123 94 74 76 101 37 61 60 72 38 98 12 36 131 56 4 20 149 57 148 106 104 92 63 118 141 67 34 121 127 134 41 133 111 110 17 5 147 97 10 130 18 44 33 146 26 3 13 143 105 132 53 55 91 113 142 40 100 31 22 35 49 64 28 114 112 16 0 47 84 1 30 11 138 6 7 99 29 89 51 124 42 87 117 103 21 50 139 39 136 140 15 66 68 46 54 65 120 129 62 48 135 90 81 70 32 75 25 96 58 8 125 59 107 80 109 86 108 82 43 102 115 128 83 95 71 24 14 78 93 119 45 126 122 69 88,624135671,59824,59824,2009714465,655403770
tai150b,heuristic,110 24 46 87 71 16 146 140 144 126 56 85 70 64 35 18 134 98 145 38 11 148 127 105 114 19 45 51 3 49 119 62 122 15 59 149 142 131 4 101 67 128 93 0 129 34 17 109 61 40 147 22 111 69 12 21 90 138 135 94 92 125 76 104 123 41 141 26 136 2 103 39 52 33 60 116 29 113 78 74 27 81 8 65 50 48 89 95 121 53 102 47 75 107 42 112 9 120 63 72 124 99 84 5 77 108 57 30 28 32 73 132 25 86 23 68 96 139 7 88 43 100 130 118 54 83 36 117 66 91 79 14 13 37 97 31 80 143 1 20 137 44 106 133 6 115 55 58 82 10,620457677,0,1,109596,659513836
tai150b,simulatedAnnealing,133 12 70 136 121 16 89 144 22 1 56 84 86 139 116 96 2 23 61 49 62 76 117 14 3 44 19 43 83 10 95 4 85 126 9 135 107 51 94 55 106 78 41 93 149 11 26 37 54 112 7 90 99 142 69 75 88 130 59 143 131 72 32 79 124 18 31 30 104 64 109 46 108 134 137 13 105 15 73 20 80 52 119 45 128 97 47 17 6 38 91 8 42 0 148 58 65 100 101 66 25 60 5 40 132 57 146 114 103 50 113 35 68 27 102 24 29 141 92 122 115 111 33 127 74 118 138 125 34 63 21 129 120 123 77 48 28 145 147 81 110 71 36 87 82 53 67 140 98 39,501791661,2659412,2664999,1962917381,652260042
tai150b,tabuSearch,35 98 53 108 88 102 146 46 72 64 114 81 115 124 60 27 112 85 143 122 56 33 135 21 92 19 31 110 29 57 24 5 16 44 139 62 25 49 58 149 7 148 11 0 145 78 80 136 109 9 100 69 120 118 48 34 40 66 130 38 42 125 71 28 65 55 138 117 52 39 15 133 82 18 111 137 134 79 103 2 129 26 30 127 68 54 104 50 123 59 131 47 83 101 22 107 106 12 75 84 94 74 99 87 132 20 13 121 8 142 128 97 116 41 96 93 17 119 6 105 45 43 37 141 3 36 51 113 14 67 90 95 77 73 61 76 91 4 10 147 63 89 86 70 1 144 140 23 126 32,525706929,680,514740,428846050,653266523
tai256c,steepest,66 84 187 89 130 24 232 39 47 52 145 220 94 200 211 111 9 215 225 143 154 98 122 115 192 44 26 137 77 112 243 228 72 217 147 101 189 49 118 107 180 174 172 162 125 69 20 6 238 194 160 92 191 169 223 104 197 152 54 62 15 59 12 132 64 135 230 247 245 41 206 17 2 140 253 182 251 234 87 16 157 177 167 81 29 35 240 37 150 165 74 202 184 210 97 14 207 241 148 193 71 70 236 5 11 227 208 91 27 51 28 146 105 178 113 21 38 198 213 149 23 82 186 68 106 93 121 18 119 124 246 155 33 8 4 85 166 32 123 199 203 110 120 239 13 214 222 88 57 255 254 103 99 164 181 188 63 173 0 216 42 161 128 163 248 170 19 43 102 185 25 109 30 153 209 195 156 117 212 205 73 58 175 229 55 250 244 65 218 50 226 40 86 233 219 79 158 190 31 127 131 249 134 141 83 61 75 7 196 90 171 242 56 138 201 252 48 139 36 95 96 204 67 237 45 176 3 78 183 235 100 133 231 129 136 144 80 76 179 108 53 114 34 126 159 142 221 46 224 116 168 1 22 151 60 10,45021710,47,1566720,2365390856,52973174
tai256c,greedy,54 110 51 202 92 81 229 153 47 166 250 119 4 219 140 221 210 34 62 246 19 128 83 107 77 116 30 87 189 37 206 16 160 177 133 79 85 26 148 136 145 212 113 151 172 217 39 122 195 199 22 11 232 24 1 127 191 13 74 43 98 72 184 214 68 208 9 174 7 239 96 225 142 57 243 155 125 102 163 180 236 254 66 105 240 60 48 131 187 170 197 28 38 181 70 237 150 179 86 36 118 10 63 17 69 89 117 158 94 242 198 55 35 78 126 244 171 134 132 12 251 154 71 88 169 146 138 235 120 196 143 139 93 162 211 230 241 141 14 168 173 15 91 32 192 29 130 109 176 61 223 58 23 157 49 20 64 75 165 218 178 3 222 194 112 215 247 185 252 255 164 82 111 123 190 18 52 6 53 201 121 205 234 67 90 2 213 42 188 27 76 33 129 56 115 101 59 80 65 135 231 193 156 124 45 204 182 108 228 183 137 103 106 220 248 216 25 200 21 144 97 161 224 73 84 186 152 167 227 253 233 114 31 41 203 46 0 238 95 175 50 159 40 226 104 44 209 245 207 149 147 99 100 249 8 5,44963292,214,1096222,1568498121,50844822
tai256c,randomWalk,173 72 186 145 148 71 229 82 244 96 180 122 25 16 65 76 147 235 168 86 118 252 89 44 246 188 92 19 217 150 29 113 200 251 182 115 4 133 119 63 57 208 220 55 241 136 21 1 174 110 84 214 225 144 221 109 128 52 12 194 161 154 230 106 167 219 142 62 238 233 176 103 156 53 28 224 139 91 223 42 67 191 124 249 23 64 34 78 163 215 2 61 83 137 54 93 35 31 236 226 38 10 185 172 104 107 14 193 203 179 105 175 46 102 111 117 165 212 59 37 0 47 187 121 75 134 204 94 254 201 48 177 8 227 100 43 151 126 242 13 243 166 171 181 196 56 60 146 129 184 116 255 127 74 85 40 114 101 11 33 123 9 250 157 80 97 79 169 162 149 216 222 68 231 190 45 18 135 202 132 178 232 140 15 197 7 205 51 183 218 73 138 6 253 199 88 239 131 3 95 90 32 164 99 120 36 237 192 66 24 207 58 17 81 125 87 152 30 158 160 141 210 26 112 170 50 70 155 248 143 240 49 69 5 247 206 245 108 228 159 77 39 130 198 22 189 153 211 27 213 195 234 209 41 98 20,49108894,1469787,1469787,2365494786,53827394
tai256c,random,190 185 5 130 135 62 99 129 254 157 57 183 111 9 72 28 197 242 158 133 145 143 248 69 22 137 153 36 198 160 141 191 180 15 138 245 89 53 132 211 169 205 104 54 170 78 51 219 147 195 98 108 43 88 163 178 203 250 201 117 115 210 121 218 164 184 202 253 144 234 25 161 32 113 94 18 8 238 236 149 63 174 177 249 244 232 95 47 221 208 136 1 34 126 196 58 162 223 192 120 39 134 33 81 125 112 67 68 156 29 151 154 10 105 2 60 193 213 171 152 231 86 3 119 168 37 176 182 167 100 77 20 102 24 204 243 66 73 21 179 181 228 7 38 93 148 84 91 65 155 212 139 123 128 26 187 90 52 6 48 140 173 229 217 166 71 49 92 59 16 246 209 207 107 172 241 142 165 41 215 225 55 127 0 87 124 255 131 109 97 214 239 96 103 122 235 159 222 110 230 189 17 240 220 80 40 251 44 83 42 30 12 233 56 45 114 13 46 76 216 227 64 79 226 200 61 35 4 175 237 247 206 50 186 252 118 224 23 11 101 85 70 188 27 31 150 116 146 106 14 194 19 82 75 74 199,49491630,24569,24569,2365524129,54364482
tai256c,heuristic,192 166 255 254 253 252 251 250 249 248 247 246 245 244 243 242 241 240 239 238 237 236 235 234 233 232 231 230 229 228 227 226 225 224 223 222 221 220 219 218 217 216 215 214 213 212 211 165 210 209 208 207 206 205 204 203 202 201 200 199 198 197 196 167 164 195 194 193 191 190 189 188 187 186 185 184 183 182 181 180 179 178 177 176 175 174 173 172 171 170 169 168 92 93 94 95 96 97 98 99 100 101 102 103 104 105 106 107 108 109 110 111 112 113 114 115 116 117 118 119 120 121 122 123 124 125 63 64 47 129 130 131 132 133 134 135 136 137 138 139 140 141 142 143 144 145 146 147 148 149 150 151 152 153 154 155 156 157 158 159 160 161 162 163 81 128 127 126 91 90 89 88 87 86 85 84 83 82 1 80 79 78 77 76 75 74 73 72 71 70 69 68 0 67 66 65 62 61 60 59 58 57 56 55 54 53 52 51 50 49 48 46 45 44 43 42 41 40 39 38 37 36 35 34 33 32 31 30 29 28 27 26 25 24 23 22 21 20 19 18 17 16 15 14 13 12 11 10 9 8 7 6 5 4 3 2,98685678,0,1,554134,54193368
tai256c,simulatedAnnealing,206 255 78 129 92 241 236 41 84 95 159 71 234 183 110 213 73 217 135 64 139 88 37 223 131 116 75 7 185 209 170 120 226 122 12 243 107 32 27 63 105 81 156 86 228 192 150 187 60 2 50 232 58 165 198 24 174 153 112 215 39 30 148 0 204 17 98 238 180 246 253 249 189 146 160 101 54 10 142 45 35 177 5 20 195 168 163 67 125 118 52 219 179 194 49 94 106 16 53 231 113 240 26 108 225 182 172 239 149 43 96 143 151 154 252 97 220 104 66 175 181 227 89 59 202 211 70 100 173 218 133 124 102 235 55 103 117 31 242 188 13 51 57 233 166 1 230 186 244 76 216 6 65 196 29 178 40 90 184 158 121 18 80 93 229 214 193 190 46 152 132 245 161 74 62 83 91 114 207 144 210 224 109 14 212 56 77 247 68 4 136 48 34 23 205 134 147 15 19 22 61 201 119 9 36 99 87 250 123 21 208 222 254 130 140 162 47 126 38 82 164 115 167 200 237 3 145 8 138 221 169 72 137 42 69 203 128 251 157 141 25 111 79 28 176 197 85 155 44 33 248 127 199 191 11 171,44865930,7784640,7800960,13229041968,53474510
tai256c,tabuSearch,36 11 244 186 106 84 212 19 192 233 254 239 94 168 55 80 147 188 183 60 13 120 149 235 203 194 132 173 180 227 128 2 103 160 141 0 200 86 31 159 198 151 130 215 206 229 218 46 38 21 241 40 154 171 115 92 137 246 72 28 113 32 209 75 134 162 57 65 166 69 43 221 17 98 250 50 67 25 101 79 124 126 139 248 89 7 177 252 109 62 191 111 158 164 12 193 104 42 49 249 112 131 169 213 170 74 10 9 251 44 136 77 181 234 240 225 118 156 232 247 208 140 97 117 148 224 88 64 100 178 125 63 45 172 34 18 105 6 24 95 219 230 226 179 175 238 176 211 70 47 73 253 83 61 59 82 30 144 165 29 91 4 108 23 90 41 187 153 1 150 81 123 207 119 220 53 138 195 185 161 71 127 236 190 15 96 35 22 174 56 121 223 197 122 8 52 87 152 142 76 48 216 155 214 245 237 20 228 3 145 133 78 102 143 14 243 242 231 114 184 202 16 163 5 99 205 189 107 199 196 217 116 27 157 110 39 222 129 26 93 204 58 201 146 66 85 54 210 135 37 51 167 182 68 33 255,45052128,1321,1731245,2779424560,53464868
tai256c,steepest,33 83 212 87 135 18 12 191 14 1 85 182 230 90 184 104 66 193 129 146 46 157 108 148 239 206 125 68 51 233 180 121 253 203 22 31 201 167 152 72 110 7 199 138 42 75 98 79 81 210 123 218 189 216 221 44 178 161 197 172 174 24 118 155 27 20 165 3 48 240 144 245 70 37 96 57 93 142 55 131 116 127 236 61 9 133 251 227 170 248 242 208 76 64 109 252 160 149 254 29 47 176 19 198 54 60 247 95 217 235 171 188 94 82 112 10 119 213 100 169 234 97 209 16 190 38 224 228 222 136 106 255 162 58 36 124 207 163 5 84 215 168 175 141 130 214 159 78 166 154 30 52 246 69 45 126 92 2 32 6 39 158 74 231 200 115 140 177 195 241 56 25 77 211 156 62 89 205 173 225 71 132 107 0 59 63 73 164 122 128 113 223 99 40 13 34 50 65 243 186 183 43 194 196 226 134 67 143 15 80 23 8 249 232 102 117 139 101 204 49 237 17 105 103 151 229 86 111 244 179 150 28 187 91 137 192 35 53 88 185 147 238 21 153 220 41 4 145 120 202 181 26 114 250 219 11,44964304,48,1599360,2518105778,52759360
tai256c,greedy,139 193 206 141 189 66 208 124 80 146 51 164 137 87 171 59 161 131 69 12 169 200 143 110 149 106 134 234 156 104 91 83 36 186 33 97 47 102 196 54 229 7 183 112 239 100 89 24 154 76 16 44 214 249 114 48 231 176 243 93 72 4 211 57 221 10 42 166 152 79 236 117 129 241 39 21 226 15 178 246 254 119 158 175 203 217 19 29 2 181 251 62 77 216 237 242 25 225 222 201 82 46 195 244 13 68 215 184 58 78 116 115 197 73 126 228 8 240 182 75 49 56 174 113 247 230 108 61 120 60 38 132 20 207 212 101 31 41 168 92 187 118 204 177 86 233 14 123 224 105 159 180 34 144 27 0 28 122 45 81 55 252 125 65 26 245 145 95 17 30 227 22 5 136 138 250 218 111 210 90 220 6 248 128 71 198 202 84 37 155 235 32 88 142 165 167 135 109 150 147 157 35 238 192 173 194 67 160 53 1 223 3 253 23 85 127 98 219 172 163 255 205 70 64 9 50 140 191 18 148 209 151 43 121 52 185 170 94 40 199 11 133 162 190 153 107 74 96 213 130 188 179 63 232 99 103,44933558,254,1272316,1978529335,53964726
tai256c,randomWalk,192 251 117 13 112 7 236 201 74 226 44 22 17 199 163 248 219 52 40 131 156 206 194 33 167 202 228 67 107 255 95 189 31 121 47 94 234 141 165 124 120 91 139 158 11 209 24 126 65 250 26 197 187 193 231 62 128 56 105 2 149 0 211 103 122 71 86 172 59 114 9 144 58 240 82 35 53 50 96 182 64 146 100 119 245 41 102 178 223 185 84 221 208 180 230 93 15 188 142 135 173 152 138 249 200 216 254 174 54 215 143 116 252 63 51 242 140 83 49 75 222 183 1 244 92 34 159 115 39 70 164 46 43 97 4 109 247 127 106 79 210 155 23 36 132 213 243 90 6 60 176 147 161 76 154 125 12 42 168 38 80 37 246 253 118 32 170 151 157 20 30 78 85 186 175 205 134 8 162 69 61 133 224 150 191 233 179 66 101 88 18 19 177 220 218 232 238 166 14 89 113 81 171 198 104 148 212 237 207 25 239 130 111 21 145 98 184 87 241 57 203 137 235 181 29 10 217 153 195 48 160 136 123 227 27 5 229 110 196 55 204 214 129 16 72 99 190 225 77 73 45 169 108 68 3 28,49030800,1395226,1395226,2518207153,53894216
tai256c,random,146 90 59 206 248 134 239 103 63 201 106 139 14 15 45 153 49 25 117 157 116 112 215 74 84 8 225 5 126 151 178 191 168 226 28 23 81 68 238 241 52 200 224 253 62 137 27 144 217 58 210 124 162 218 38 113 76 176 133 166 91 80 22 189 114 123 127 120 75 78 184 169 187 167 6 227 128 204 66 99 161 186 1 29 170 145 67 177 172 174 107 3 219 221 47 180 190 160 205 165 41 98 18 7 94 105 79 235 208 183 138 87 175 61 193 149 213 164 89 231 131 198 148 171 20 158 156 43 173 64 242 243 246 57 229 125 254 255 86 129 102 69 130 95 181 71 232 252 154 182 44 72 179 0 122 101 202 194 152 203 111 104 31 108 9 17 155 222 56 196 2 251 234 230 24 60 32 220 199 132 163 51 216 245 19 13 214 118 12 42 237 250 140 185 65 119 73 236 143 10 240 34 100 39 147 50 26 96 11 36 16 142 40 135 109 209 88 192 35 37 207 4 30 197 97 54 150 159 33 228 93 83 136 247 55 141 85 46 110 92 212 211 70 244 195 82 48 21 188 249 53 223 77 233 121 115,49618092,25132,25132,2518294605,54972442
tai256c,heuristic,192 166 255 254 253 252 251 250 249 248 247 246 245 244 243 242 241 240 239 238 237 236 235 234 233 232 231 230 229 228 227 226 225 224 223 222 221 220 219 218 217 216 215 214 213 212 211 165 210 209 208 207 206 205 204 203 202 201 200 199 198 197 196 167 164 195 194 193 191 190 189 188 187 186 185 184 183 182 181 180 179 178 177 176 175 174 173 172 171 170 169 168 92 93 94 95 96 97 98 99 100 101 102 103 104 105 106 107 108 109 110 111 112 113 114 115 116 117 118 119 120 121 122 123 124 125 63 64 47 129 130 131 132 133 134 135 136 137 138 139 140 141 142 143 144 145 146 147 148 149 150 151 152 153 154 155 156 157 158 159 160 161 162 163 81 128 127 126 91 90 89 88 87 86 85 84 83 82 1 80 79 78 77 76 75 74 73 72 71 70 69 68 0 67 66 65 62 61 60 59 58 57 56 55 54 53 52 51 50 49 48 46 45 44 43 42 41 40 39 38 37 36 35 34 33 32 31 30 29 28 27 26 25 24 23 22 21 20 19 18 17 16 15 14 13 12 11 10 9 8 7 6 5 4 3 2,98685678,0,1,318549,52637362
tai256c,simulatedAnnealing,117 53 254 76 183 130 95 229 51 108 102 127 159 125 163 3 244 192 188 90 42 246 212 149 47 78 232 215 105 218 12 5 203 33 226 48 99 237 173 195 249 201 209 223 206 38 61 36 29 85 23 65 178 166 160 139 55 8 10 142 171 96 151 72 59 224 132 93 251 198 134 25 180 15 16 82 120 145 113 186 44 191 87 153 18 68 220 57 241 156 122 168 1 20 92 147 205 39 115 221 40 248 197 140 179 89 21 170 0 245 135 155 94 181 7 255 234 243 81 22 185 129 239 150 11 75 133 161 121 41 119 50 222 172 236 128 216 182 19 46 202 73 104 158 49 111 62 146 225 227 208 118 34 9 252 165 167 52 114 63 238 174 138 177 141 235 26 194 189 71 64 240 83 136 214 219 91 144 164 143 176 210 242 30 199 35 112 58 231 37 28 107 66 77 70 148 152 137 56 126 175 247 31 67 123 32 193 184 157 207 228 88 211 109 230 97 131 98 4 169 154 13 74 110 86 187 217 69 6 100 233 2 106 101 14 162 190 60 43 84 45 196 80 27 200 116 103 124 79 24 253 54 250 213 204 17,44906912,7833600,7849920,12803745192,52482126
tai256c,tabuSearch,111 81 132 173 90 102 154 197 255 147 162 140 7 16 123 229 200 25 69 151 188 94 80 195 126 130 4 182 137 238 214 220 252 113 1 21 246 39 99 120 88 117 203 33 180 77 145 149 143 231 210 43 223 186 233 71 212 56 19 75 84 191 36 242 62 66 248 192 47 60 227 28 105 48 10 177 235 168 58 171 158 160 134 224 205 54 51 108 45 14 183 218 164 103 155 125 129 100 187 74 83 37 118 138 136 110 65 146 169 23 189 95 153 64 131 135 179 244 152 5 245 139 196 12 240 55 79 52 101 208 211 253 112 82 156 127 150 217 59 170 109 142 78 34 70 243 249 254 30 3 50 11 174 175 32 97 85 161 9 178 115 213 167 6 86 204 18 144 181 20 98 87 185 76 201 236 172 241 15 219 148 107 234 40 202 222 225 116 73 29 67 42 228 93 31 199 46 226 17 49 0 215 22 166 250 206 190 89 184 91 63 122 157 35 38 207 159 133 216 106 92 26 237 8 193 124 230 209 141 221 53 57 104 44 2 176 232 41 121 251 24 72 194 128 13 114 61 27 68 163 165 247 239 119 198 96,45143692,894,1175940,1885537880,53782092
tai256c,steepest,109 56 244 144 41 252 34 249 2 205 90 14 169 186 6 230 198 122 203 247 53 101 60 190 213 208 166 193 87 43 196 111 140 112 98 28 49 255 73 149 143 152 178 115 217 171 188 75 176 207 107 241 211 181 36 92 0 220 200 68 70 83 39 66 126 129 31 19 134 11 146 157 232 235 137 104 78 119 238 154 45 226 21 80 132 183 26 32 163 175 24 63 124 86 17 151 51 168 103 71 48 236 162 215 133 227 88 182 65 240 61 108 114 148 147 225 254 15 93 233 4 99 210 38 74 85 172 187 100 9 82 195 44 142 121 40 7 50 160 25 79 64 125 224 123 127 164 243 253 130 95 234 5 155 212 120 135 106 156 131 91 136 180 16 179 197 218 201 20 141 177 239 192 23 35 159 199 94 55 81 251 42 10 69 52 77 117 223 153 27 22 191 62 116 222 59 12 248 110 128 158 173 1 139 46 174 202 96 58 113 97 237 242 194 246 72 138 102 228 216 245 76 30 47 231 54 229 18 57 184 89 161 189 8 219 250 221 165 145 84 33 214 29 204 185 209 3 206 67 170 105 167 37 13 150 118,44962364,45,1501440,2311549455,54020784
tai256c,greedy,254 208 13 235 94 3 232 85 179 121 176 17 252 77 23 20 249 55 47 168 239 217 171 60 70 153 203 50 165 87 150 220 207 104 43 159 118 174 62 30 28 129 100 188 205 222 58 200 133 131 148 242 72 135 109 196 194 89 142 213 106 225 5 141 82 246 127 228 91 65 211 79 48 52 10 114 198 35 156 146 183 67 8 161 186 124 41 96 138 38 0 215 143 126 90 107 123 99 125 105 158 250 187 230 184 102 221 212 81 11 64 236 113 130 111 112 202 210 98 63 9 16 108 169 144 226 197 145 24 216 137 93 92 49 154 101 229 83 26 164 74 132 193 140 2 73 209 80 218 166 42 162 36 170 69 56 175 68 224 167 119 95 15 51 103 53 243 155 86 233 117 234 31 248 172 46 22 189 244 147 245 115 240 97 12 227 120 247 219 25 37 84 152 201 57 173 181 206 71 255 136 21 177 45 75 1 204 19 128 190 251 32 157 151 66 14 61 33 180 78 253 238 44 231 237 195 178 39 122 54 149 163 191 182 110 40 4 139 27 7 199 223 6 134 18 241 59 214 160 192 29 185 34 76 116 88,45015192,279,1512830,2220844912,54654914
tai256c,randomWalk,240 166 199 161 222 205 5 44 214 49 24 88 16 133 254 74 216 137 103 221 212 244 80 188 40 131 58 65 120 78 206 55 186 219 162 53 251 110 194 98 32 85 183 248 189 144 242 117 168 73 67 66 23 174 155 10 21 27 42 106 82 68 224 196 17 112 86 227 141 124 138 70 192 19 61 246 13 135 159 181 51 9 197 47 123 2 187 71 59 156 126 201 215 33 239 63 148 167 172 202 89 160 69 90 213 105 234 252 229 236 7 185 52 25 230 211 184 41 223 100 190 46 134 75 91 238 165 164 241 250 163 245 1 60 128 179 38 35 62 200 22 158 249 45 142 30 119 233 11 97 198 136 118 28 253 152 225 87 54 6 217 125 20 48 226 178 157 171 18 64 237 14 169 176 180 247 235 209 15 122 56 43 34 31 109 150 77 151 204 121 96 102 94 37 140 116 50 145 107 130 143 218 175 72 182 147 81 243 114 12 220 170 92 115 203 228 195 154 99 36 29 129 113 93 139 207 84 3 191 108 8 39 210 76 177 232 255 83 4 127 149 79 101 231 132 104 146 153 173 208 111 26 57 0 193 95,49635108,1365749,1365749,2311861078,52612230
tai256c,random,106 167 12 90 1 73 136 38 161 159 59 145 206 48 215 217 2 212 147 140 175 66 166 218 152 181 68 177 27 168 226 22 17 101 72 65 52 213 156 190 3 84 13 233 0 91 74 50 211 201 20 126 115 124 25 208 195 133 16 107 174 170 242 141 160 238 163 18 197 15 186 53 246 162 37 11 178 236 251 154 100 116 220 54 210 247 243 80 203 103 118 23 142 29 33 112 135 191 93 196 109 97 137 105 245 143 51 227 222 173 128 189 131 85 56 26 164 39 108 8 58 221 255 254 158 43 62 89 183 188 129 224 204 67 132 82 78 176 139 157 214 230 250 150 57 241 205 219 36 234 216 40 46 94 134 125 34 113 244 193 88 232 225 81 64 61 146 223 77 122 19 102 153 202 41 235 24 30 98 32 14 71 111 165 144 240 169 184 28 86 31 172 87 229 138 249 209 239 155 179 7 253 194 47 199 110 252 237 5 127 182 192 228 207 99 21 149 200 130 55 10 44 114 104 119 49 231 248 60 171 95 180 63 79 76 198 75 70 4 35 83 96 151 121 45 185 120 148 123 6 187 117 69 42 9 92,49969290,24133,24133,2311666031,54608360
tai256c,heuristic,192 166 255 254 253 252 251 250 249 248 247 246 245 244 243 242 241 240 239 238 237 236 235 234 233 232 231 230 229 228 227 226 225 224 223 222 221 220 219 218 217 216 215 214 213 212 211 165 210 209 208 207 206 205 204 203 202 201 200 199 198 197 196 167 164 195 194 193 191 190 189 188 187 186 185 184 183 182 181 180 179 178 177 176 175 174 173 172 171 170 169 168 92 93 94 95 96 97 98 99 100 101 102 103 104 105 106 107 108 109 110 111 112 113 114 115 116 117 118 119 120 121 122 123 124 125 63 64 47 129 130 131 132 133 134 135 136 137 138 139 140 141 142 143 144 145 146 147 148 149 150 151 152 153 154 155 156 157 158 159 160 161 162 163 81 128 127 126 91 90 89 88 87 86 85 84 83 82 1 80 79 78 77 76 75 74 73 72 71 70 69 68 0 67 66 65 62 61 60 59 58 57 56 55 54 53 52 51 50 49 48 46 45 44 43 42 41 40 39 38 37 36 35 34 33 32 31 30 29 28 27 26 25 24 23 22 21 20 19 18 17 16 15 14 13 12 11 10 9 8 7 6 5 4 3 2,98685678,0,1,319438,53317850
tai256c,simulatedAnnealing,180 70 121 38 62 36 182 81 64 163 178 142 132 16 55 47 195 95 91 160 252 222 227 76 14 87 89 157 150 57 237 250 255 130 184 49 128 25 138 4 192 174 34 248 229 199 104 140 220 53 110 19 42 214 7 233 106 28 84 118 45 165 186 242 113 155 218 98 203 101 108 135 212 59 191 224 93 209 1 246 127 115 172 145 21 169 205 11 152 216 40 67 148 204 198 134 86 137 37 0 168 123 3 122 213 234 156 78 117 75 105 223 31 254 239 141 215 188 32 126 190 9 176 167 63 171 69 181 20 228 79 241 185 164 133 249 68 41 131 232 50 200 158 72 193 231 119 6 48 208 196 74 149 96 27 154 175 26 13 189 219 151 33 247 8 235 144 90 71 245 253 83 230 136 166 17 177 82 129 183 107 30 66 116 112 29 201 238 15 18 143 52 139 88 111 240 194 35 225 58 92 5 73 22 217 2 24 80 173 44 51 102 23 100 46 179 221 162 146 159 244 211 147 77 56 161 12 187 114 85 99 103 43 202 65 197 54 60 109 251 125 170 124 153 97 243 226 39 120 61 206 210 94 207 10 236,44865206,7849920,7866240,12545287071,54648686
tai256c,tabuSearch,68 212 125 33 210 77 167 14 205 238 19 16 83 81 148 236 177 92 242 136 110 128 9 51 98 26 145 199 46 119 182 174 240 251 180 71 44 53 202 223 165 127 214 172 90 104 225 153 229 107 6 79 170 58 140 115 117 96 138 216 253 195 21 11 73 4 56 142 247 100 191 160 187 75 227 23 29 163 41 86 157 38 1 121 66 48 185 233 130 150 193 219 54 47 112 27 134 198 65 159 63 246 203 224 45 102 207 32 30 132 176 61 93 149 40 89 133 206 82 137 88 175 190 208 178 111 20 10 67 192 143 243 106 139 43 37 158 5 248 60 36 184 151 222 97 0 78 161 25 59 250 235 17 69 131 103 50 169 217 122 200 220 241 113 108 244 57 189 234 129 237 141 42 194 232 87 228 186 252 197 213 55 215 173 49 124 18 52 154 62 22 221 218 120 101 144 146 13 179 254 80 226 230 255 70 15 201 249 39 239 85 99 126 94 155 109 164 156 7 28 74 95 76 24 8 114 64 91 31 118 204 166 3 123 152 188 72 181 105 168 209 211 135 231 116 245 12 147 2 162 35 84 34 171 183 196,45167806,872,1143275,1863615896,51704052
tai256c,steepest,148 136 133 203 251 103 141 75 221 34 114 63 236 151 8 226 217 101 58 126 1 171 86 228 139 43 209 129 92 10 6 73 243 4 84 88 64 232 169 131 186 199 253 16 178 81 99 214 46 109 191 95 174 19 224 28 161 66 206 189 54 143 156 118 196 51 166 163 144 61 69 234 154 78 39 255 56 105 181 37 184 96 122 211 247 49 107 25 14 192 245 238 104 94 44 113 71 183 218 7 193 48 59 121 246 233 125 26 250 36 87 41 117 106 127 173 119 42 13 158 194 157 100 240 23 102 112 45 97 153 123 249 76 128 111 165 57 134 70 176 170 168 239 200 2 91 18 77 130 198 241 5 115 80 116 212 62 235 160 223 179 197 108 248 82 9 254 30 98 237 146 182 229 187 29 60 147 227 167 204 27 230 90 11 162 65 215 210 140 32 175 33 68 17 159 124 152 145 52 31 89 172 0 83 201 242 185 137 38 35 72 67 85 74 190 12 79 213 216 55 205 150 20 225 195 47 207 120 231 155 219 142 149 177 220 93 110 40 21 15 132 202 24 50 3 222 244 22 252 208 138 164 53 135 188 180,44920302,48,1599360,2454575019,52350010
tai256c,greedy,156 148 139 101 50 36 63 186 136 28 125 204 118 143 228 219 252 238 86 56 17 122 214 171 221 26 180 183 217 163 95 108 245 189 176 154 169 98 32 96 133 231 207 210 105 11 58 178 144 4 113 175 22 83 225 77 234 255 88 243 81 64 2 130 151 71 0 103 39 197 19 200 53 68 158 166 46 91 208 116 110 9 73 195 13 7 60 43 248 31 24 161 42 89 84 44 69 21 131 29 194 100 198 79 90 138 227 177 160 3 8 117 55 54 129 87 97 179 211 61 230 78 65 75 170 59 218 41 145 135 242 187 216 85 33 114 191 132 6 14 128 106 188 232 38 134 35 182 246 201 47 16 12 236 224 23 196 137 70 37 213 150 206 193 80 173 102 199 152 124 126 202 25 72 18 240 251 167 192 155 226 237 92 112 184 142 120 209 48 220 149 205 107 141 233 253 123 5 40 147 111 57 30 27 250 215 153 229 157 82 168 76 45 241 10 164 222 235 66 34 249 140 67 223 74 104 51 94 52 247 121 127 20 119 212 239 109 172 1 162 165 174 49 159 181 254 190 62 115 146 15 203 93 185 244 99,44966528,247,1395351,2047446422,52260130
tai256c,randomWalk,34 90 220 79 199 46 146 152 163 165 17 39 119 154 94 238 37 212 41 217 137 92 195 35 241 227 197 103 224 83 159 208 73 183 2 214 144 112 42 93 25 203 115 236 185 68 15 240 244 55 251 105 134 173 66 113 160 156 162 245 24 69 6 247 174 176 61 202 63 11 85 223 180 129 167 122 28 52 190 29 125 72 234 100 101 111 151 58 65 254 27 20 86 12 193 71 189 242 114 130 118 226 26 200 207 70 30 216 132 155 248 87 121 250 136 48 231 181 142 198 21 148 252 128 127 213 158 184 201 82 147 209 133 232 14 3 138 186 91 230 170 194 23 43 139 171 191 110 19 124 150 7 153 116 143 22 166 8 59 77 218 196 135 31 206 40 81 249 36 95 123 175 78 67 0 102 204 64 187 219 169 182 149 4 145 239 172 210 88 13 221 179 246 233 9 243 50 211 54 229 177 205 18 38 62 53 164 235 215 117 140 237 84 44 56 97 192 75 108 80 33 57 126 225 76 98 99 157 168 47 141 131 222 255 5 104 74 253 51 16 96 107 120 1 89 178 60 106 45 109 188 161 228 32 10 49,49223328,1422296,1422296,2454682654,53699030
tai256c,random,145 99 89 69 200 41 102 153 79 87 65 58 109 122 95 46 13 118 123 152 137 148 195 143 226 16 117 252 244 140 190 75 35 243 73 169 7 135 128 44 236 8 37 193 131 104 82 198 32 77 212 167 201 49 155 221 48 205 132 165 188 60 247 113 124 92 126 130 255 228 185 106 23 114 115 105 248 93 10 214 5 70 71 232 199 146 136 184 139 101 179 97 76 208 147 204 176 55 0 110 180 3 42 250 19 94 129 80 224 84 235 229 43 54 156 96 74 91 219 237 239 174 30 192 68 183 20 217 182 85 157 24 223 150 138 246 141 64 38 194 120 215 249 88 220 119 164 151 61 231 39 218 134 50 52 47 33 81 2 67 15 163 53 111 245 86 216 12 242 72 166 62 14 98 230 173 227 1 11 233 18 207 103 45 196 253 22 59 160 251 144 154 181 162 222 158 108 171 112 4 66 211 26 191 209 186 203 57 107 172 78 175 31 161 206 83 125 197 142 254 210 213 9 177 51 127 241 34 170 178 202 29 234 40 28 133 187 149 159 36 25 90 17 27 63 121 56 21 189 238 240 6 100 168 225 116,49776444,25516,25516,2454722644,54546402
tai256c,heuristic,192 166 255 254 253 252 251 250 249 248 247 246 245 244 243 242 241 240 239 238 237 236 235 234 233 232 231 230 229 228 227 226 225 224 223 222 221 220 219 218 217 216 215 214 213 212 211 165 210 209 208 207 206 205 204 203 202 201 200 199 198 197 196 167 164 195 194 193 191 190 189 188 187 186 185 184 183 182 181 180 179 178 177 176 175 174 173 172 171 170 169 168 92 93 94 95 96 97 98 99 100 101 102 103 104 105 106 107 108 109 110 111 112 113 114 115 116 117 118 119 120 121 122 123 124 125 63 64 47 129 130 131 132 133 134 135 136 137 138 139 140 141 142 143 144 145 146 147 148 149 150 151 152 153 154 155 156 157 158 159 160 161 162 163 81 128 127 126 91 90 89 88 87 86 85 84 83 82 1 80 79 78 77 76 75 74 73 72 71 70 69 68 0 67 66 65 62 61 60 59 58 57 56 55 54 53 52 51 50 49 48 46 45 44 43 42 41 40 39 38 37 36 35 34 33 32 31 30 29 28 27 26 25 24 23 22 21 20 19 18 17 16 15 14 13 12 11 10 9 8 7 6 5 4 3 2,98685678,0,1,644129,52819856
tai256c,simulatedAnnealing,196 185 152 187 192 170 142 81 3 172 214 44 54 118 98 22 13 191 124 27 179 174 194 237 217 135 235 165 71 148 127 115 130 61 69 5 247 133 103 48 95 232 67 92 240 128 33 101 162 52 205 75 10 160 88 239 50 1 244 229 41 78 56 249 18 145 226 202 15 20 220 222 139 157 182 209 109 137 8 39 84 58 47 105 211 122 167 199 96 30 252 90 169 245 68 126 212 91 29 175 14 200 207 131 64 156 236 218 17 180 42 7 154 129 163 11 150 117 113 89 153 221 72 26 223 37 77 74 87 82 6 110 99 59 166 80 43 171 173 112 9 208 53 70 189 76 177 210 85 108 40 94 228 197 176 168 28 140 120 238 102 46 158 198 143 190 231 213 132 219 4 147 178 186 204 242 159 34 79 106 19 21 188 224 49 32 66 251 254 246 193 250 123 119 16 203 31 233 134 136 73 161 51 35 215 234 100 93 141 225 116 0 206 255 63 230 146 107 62 144 114 181 97 164 57 155 45 138 151 25 241 243 12 36 83 38 184 65 125 201 227 24 55 195 2 248 23 104 253 149 121 183 86 216 111 60,44831142,8453760,8470080,14592083914,53061774
tai256c,tabuSearch,101 245 146 114 159 27 215 142 188 154 227 103 152 230 84 38 241 79 127 106 99 62 207 86 171 213 2 74 44 217 10 205 248 13 108 69 30 210 191 234 40 66 198 125 97 19 36 47 220 251 25 161 134 91 21 94 80 55 128 156 16 222 173 164 57 88 121 7 193 224 167 237 51 184 178 169 42 202 136 59 48 131 34 116 181 254 123 77 15 4 196 149 163 185 141 90 72 124 37 23 148 81 63 104 147 112 238 228 33 26 14 119 46 95 93 3 5 197 29 35 92 177 56 68 115 243 60 186 85 208 0 172 41 157 129 174 200 145 199 20 78 133 175 179 189 135 96 82 61 138 246 39 139 223 132 226 17 64 49 83 233 155 111 162 98 240 150 18 140 192 71 130 201 255 31 120 219 180 151 122 165 225 32 109 70 9 249 187 206 110 182 43 12 190 113 166 153 216 242 221 158 1 102 247 209 117 24 52 168 22 218 195 118 54 203 253 87 229 214 137 11 236 235 53 89 250 58 50 231 65 67 73 76 143 28 211 232 75 144 8 6 105 194 212 204 239 252 45 100 107 160 126 170 183 244 176,45132592,1239,1633250,2608599893,53780762
tai256c,steepest,85 156 184 79 144 153 120 186 254 93 81 176 188 48 239 175 233 135 70 206 76 68 90 56 231 108 252 148 123 15 178 83 181 87 248 131 22 114 44 24 150 201 37 20 30 213 216 198 171 41 118 1 221 61 193 11 39 228 138 250 3 66 59 146 225 73 110 141 133 203 51 242 100 208 173 96 127 246 163 158 211 105 235 129 26 5 196 18 47 167 13 33 77 218 0 98 115 199 78 165 25 172 119 80 161 2 27 45 91 210 177 224 187 234 202 145 190 8 142 236 212 16 124 117 9 21 157 166 247 40 152 58 194 183 82 72 240 113 136 215 182 55 75 222 54 195 169 10 46 132 92 31 29 84 226 107 65 192 151 43 159 223 244 197 106 238 4 49 249 95 191 53 147 112 89 253 36 207 99 179 168 229 237 154 23 64 63 251 219 101 155 164 28 130 57 160 52 241 116 204 122 227 103 139 14 42 121 17 6 71 180 126 255 12 102 170 74 189 50 232 174 162 111 243 214 220 34 200 97 230 205 88 143 32 209 19 245 140 128 149 109 69 35 185 62 67 104 94 86 137 125 134 38 217 60 7,44927502,42,1403520,2151700608,53823588
tai256c,greedy,227 157 127 216 241 106 101 206 37 223 152 67 166 219 116 210 123 195 163 189 58 177 30 6 172 54 212 186 140 108 201 224 9 26 24 97 252 146 214 192 155 204 60 234 197 73 114 52 199 19 180 64 34 39 135 11 13 0 248 86 95 2 245 131 184 137 175 144 47 4 254 120 84 231 71 49 17 149 56 82 88 110 129 93 169 45 142 43 91 62 118 237 35 160 109 53 179 103 205 89 145 3 20 168 132 119 188 185 31 83 23 126 124 87 134 125 141 55 191 90 10 171 78 113 112 170 233 187 94 247 244 143 29 77 240 153 36 208 221 158 50 1 25 111 164 198 44 200 79 102 222 63 228 68 235 76 236 150 154 255 69 196 243 133 139 66 161 21 162 40 176 182 130 209 122 74 156 190 105 230 165 215 239 249 115 117 136 107 46 194 232 33 173 22 128 178 80 250 14 246 229 51 57 32 18 8 148 202 159 151 211 218 147 70 98 253 28 48 138 251 12 226 75 104 42 193 27 203 174 217 242 121 96 59 225 183 81 65 99 213 100 85 181 207 15 92 41 38 5 61 72 16 7 238 167 220,44935730,236,1379769,2056778803,52164408
tai256c,randomWalk,205 215 97 28 20 104 185 165 23 157 231 151 210 90 45 191 193 55 255 50 139 225 78 188 67 172 9 219 163 120 196 101 147 63 110 2 197 242 4 0 114 194 107 59 142 218 250 111 58 213 122 204 158 6 37 207 223 52 170 72 30 235 245 161 128 48 70 192 134 154 32 109 99 201 135 254 71 199 115 124 117 26 41 212 253 233 113 51 239 251 247 182 18 220 57 13 138 112 133 189 68 31 180 19 214 87 252 248 36 136 89 92 232 132 146 249 84 169 237 38 3 81 12 217 94 10 174 85 64 47 34 118 95 240 179 35 168 178 108 11 145 27 42 82 190 148 181 73 137 144 43 131 130 56 39 53 175 187 216 1 60 8 173 241 177 155 49 127 228 44 125 162 86 21 91 211 230 141 236 198 156 62 200 229 5 80 33 46 126 121 16 96 246 224 93 116 208 29 234 102 105 244 17 61 140 227 150 25 171 88 159 83 69 206 66 103 221 54 160 119 100 40 203 167 238 152 65 77 184 98 164 166 106 183 202 143 24 76 79 75 7 14 186 222 22 195 153 129 176 123 209 74 226 15 243 149,49486480,1244665,1244665,2151810031,52946472
tai256c,random,180 77 151 90 101 235 11 156 18 45 58 43 231 126 97 201 1 187 161 216 168 199 74 9 55 205 71 36 152 133 96 82 137 123 30 94 249 203 241 112 244 145 49 255 186 221 138 225 234 129 115 167 206 172 31 104 214 218 128 118 184 164 120 169 107 230 50 24 162 56 79 142 171 237 252 88 245 240 93 35 213 7 144 200 5 154 146 155 194 134 32 228 13 160 61 57 226 48 173 179 239 28 207 66 85 60 188 166 8 227 103 149 124 40 86 0 191 209 195 181 100 253 147 83 170 67 26 196 10 38 229 158 12 51 109 248 223 75 130 59 84 119 233 250 232 219 217 148 224 174 52 99 22 178 210 212 92 39 176 131 23 136 132 21 117 29 197 242 16 98 91 125 121 157 193 177 246 143 76 78 208 87 202 165 111 163 190 44 81 110 37 222 42 182 25 20 150 108 175 141 6 73 95 215 236 53 183 140 159 211 105 116 2 254 89 15 198 192 4 34 54 122 65 62 102 41 220 247 3 69 106 33 17 68 189 114 64 113 243 153 135 238 185 80 70 139 27 127 47 251 46 72 63 14 19 204,49935728,22287,22287,2151843353,53434040
tai256c,heuristic,192 166 255 254 253 252 251 250 249 248 247 246 245 244 243 242 241 240 239 238 237 236 235 234 233 232 231 230 229 228 227 226 225 224 223 222 221 220 219 218 217 216 215 214 213 212 211 165 210 209 208 207 206 205 204 203 202 201 200 199 198 197 196 167 164 195 194 193 191 190 189 188 187 186 185 184 183 182 181 180 179 178 177 176 175 174 173 172 171 170 169 168 92 93 94 95 96 97 98 99 100 101 102 103 104 105 106 107 108 109 110 111 112 113 114 115 116 117 118 119 120 121 122 123 124 125 63 64 47 129 130 131 132 133 134 135 136 137 138 139 140 141 142 143 144 145 146 147 148 149 150 151 152 153 154 155 156 157 158 159 160 161 162 163 81 128 127 126 91 90 89 88 87 86 85 84 83 82 1 80 79 78 77 76 75 74 73 72 71 70 69 68 0 67 66 65 62 61 60 59 58 57 56 55 54 53 52 51 50 49 48 46 45 44 43 42 41 40 39 38 37 36 35 34 33 32 31 30 29 28 27 26 25 24 23 22 21 20 19 18 17 16 15 14 13 12 11 10 9 8 7 6 5 4 3 2,98685678,0,1,318121,53573352
tai256c,simulatedAnnealing,234 48 249 92 62 17 47 236 39 89 85 82 58 111 232 139 75 65 167 97 207 41 109 209 56 173 194 134 156 87 152 161 2 104 50 214 7 14 27 36 182 19 67 197 24 184 204 79 238 119 77 246 176 158 44 22 164 4 126 199 255 29 243 121 117 124 112 144 229 224 53 106 212 70 10 190 179 169 219 12 149 221 130 100 143 0 187 115 147 201 154 226 51 162 170 202 250 63 107 18 175 217 52 71 23 59 102 122 248 74 45 114 191 132 192 98 93 189 135 231 174 101 151 138 136 69 227 68 159 49 155 254 251 127 145 42 113 15 8 116 235 66 180 208 123 5 215 131 110 185 137 211 242 163 80 16 218 55 133 108 35 28 166 37 142 64 240 83 223 225 86 99 20 38 177 54 129 140 196 84 26 72 171 105 118 88 157 247 222 125 1 128 76 33 198 203 34 205 239 6 220 91 193 95 150 9 186 206 153 146 241 120 216 195 81 228 61 213 73 252 90 245 253 183 210 233 160 31 46 200 30 96 103 94 25 244 141 13 230 21 57 3 181 60 43 11 237 188 78 32 168 178 40 165 172 148,44880294,7882560,7898880,14522309509,54528456
tai256c,tabuSearch,236 198 76 142 136 88 1 187 156 69 242 253 59 121 67 91 124 5 56 139 228 159 29 50 12 233 54 15 134 128 193 96 170 16 127 184 149 145 213 240 33 41 7 73 250 248 239 37 215 109 190 103 222 151 173 176 24 86 81 9 196 46 201 207 181 20 101 3 166 94 210 179 84 164 116 246 39 153 35 162 98 64 220 205 113 106 61 63 225 27 218 131 51 36 224 117 78 209 55 114 188 60 231 194 234 146 155 42 38 118 197 147 192 255 212 14 177 185 0 31 160 107 66 137 123 130 4 244 83 40 129 237 172 53 25 163 157 110 148 229 200 108 23 112 30 82 26 52 254 44 115 71 180 11 232 111 75 104 249 235 138 93 45 154 119 132 214 223 8 102 89 140 247 32 167 208 49 126 171 152 57 216 252 95 202 18 243 183 43 182 68 70 22 21 227 241 48 58 13 17 195 6 34 165 204 65 189 77 135 47 144 158 178 79 219 199 217 92 226 221 19 90 211 97 186 2 122 161 120 238 230 99 74 191 143 251 125 72 28 168 87 150 206 245 175 133 203 100 62 85 141 174 105 169 10 80,45018146,988,1306600,2476800064,53987910
tai256c,steepest,17 71 181 151 242 173 224 166 14 232 230 210 120 202 145 212 171 215 249 57 188 185 130 23 118 69 40 103 175 4 128 198 141 88 19 245 156 31 168 219 79 206 200 158 149 234 51 127 0 221 91 34 195 123 193 227 147 106 223 115 154 253 11 59 164 132 46 86 6 100 236 178 255 66 54 36 76 109 80 48 61 21 137 26 176 29 83 8 97 44 94 74 2 204 13 235 192 179 35 174 250 99 110 211 226 45 7 93 25 216 73 62 125 82 135 42 56 243 55 33 65 189 194 113 24 68 241 124 144 90 187 240 102 60 180 148 28 129 67 107 116 220 169 134 52 77 122 152 111 101 228 146 177 9 87 157 38 49 203 105 246 75 170 138 22 251 222 239 64 248 53 41 39 172 32 3 15 244 207 126 119 95 231 217 142 183 163 96 92 43 191 50 133 159 121 136 114 182 20 139 117 214 150 196 247 27 1 37 108 58 5 143 12 237 165 167 153 30 184 84 201 161 162 70 104 78 190 213 209 155 208 98 112 16 199 47 63 72 85 218 81 252 89 131 140 18 160 233 10 238 229 186 254 205 225 197,44964588,39,1305600,2023808950,54711760
tai256c,greedy,234 131 49 6 151 216 236 122 159 249 1 100 199 157 177 46 52 8 211 192 59 112 12 240 117 154 129 82 174 191 76 85 97 185 34 105 223 182 21 165 253 64 196 38 228 148 139 57 214 120 55 231 63 103 146 109 194 160 88 19 111 137 44 124 179 61 114 202 172 23 91 70 245 142 29 134 4 15 187 26 74 219 94 225 238 168 16 242 251 205 40 67 147 162 164 118 136 0 32 180 75 25 51 166 210 241 150 13 254 31 98 237 62 65 115 17 42 239 9 27 208 22 113 224 229 181 227 110 45 116 207 79 101 123 14 30 197 54 201 71 130 93 255 188 3 135 121 189 144 233 132 35 89 106 145 193 125 2 243 170 173 43 250 176 247 11 104 99 73 86 7 230 140 184 66 221 217 171 252 248 178 87 48 246 5 127 36 18 167 72 69 37 133 198 80 53 244 77 163 212 138 39 232 186 84 161 50 156 96 28 107 169 209 102 68 128 235 24 78 90 56 126 206 20 41 218 141 183 108 95 153 47 58 175 190 226 33 200 195 220 83 213 155 152 81 10 222 203 204 92 158 215 143 60 119 149,44931262,270,1475081,2116552213,55062350
tai256c,randomWalk,194 232 230 69 17 33 124 168 29 7 79 234 104 35 140 202 162 200 38 44 20 254 190 221 36 242 127 255 43 22 30 109 1 156 53 111 209 215 119 102 55 198 144 5 57 216 68 244 236 125 100 138 116 133 103 176 77 197 81 131 237 142 65 106 80 240 84 25 177 152 175 172 46 73 67 223 12 227 153 204 114 247 11 63 89 136 148 250 151 56 166 92 87 145 181 51 193 61 137 225 107 165 222 50 93 174 228 147 91 54 45 139 253 226 173 187 31 251 146 199 218 243 121 82 170 74 213 129 245 246 98 233 60 94 72 159 21 37 2 19 229 207 9 97 164 167 241 58 191 13 39 40 4 41 123 163 249 66 134 158 203 154 171 132 83 160 0 15 64 239 180 99 32 6 212 205 59 128 210 105 14 235 130 117 195 185 75 214 23 8 149 71 113 24 112 118 70 27 224 96 196 184 52 122 169 47 110 101 95 155 86 192 189 217 48 150 188 208 28 143 219 248 182 78 252 34 126 179 76 183 231 42 18 157 161 62 120 90 238 10 108 141 88 3 85 49 201 26 206 135 16 115 220 211 178 186,49509996,1217113,1217113,2024017733,54490008
tai256c,random,149 143 39 179 64 125 44 206 167 205 222 213 58 25 105 15 229 79 221 211 203 177 72 23 212 77 95 35 251 220 254 234 84 199 183 218 59 14 171 142 240 238 231 130 115 117 236 246 22 60 48 71 194 10 134 65 19 55 29 230 24 148 175 61 200 27 11 247 109 4 138 90 187 43 225 147 104 107 67 18 34 186 233 164 245 126 6 42 87 80 136 112 78 86 196 5 56 252 255 214 244 184 83 110 172 204 124 163 111 100 113 181 239 131 99 154 36 120 157 16 155 232 190 93 119 242 168 182 68 156 13 150 188 208 69 176 63 96 132 45 237 180 17 91 209 3 30 226 37 94 98 85 162 102 152 127 101 217 224 8 73 88 178 137 116 165 103 139 57 192 166 227 248 9 228 250 145 169 141 75 123 76 52 122 144 158 151 197 70 253 133 146 54 1 2 97 210 66 21 207 195 114 49 128 216 243 108 41 201 159 38 0 47 26 33 89 92 219 198 215 189 106 46 118 223 51 153 170 174 129 7 121 20 81 140 235 135 193 202 74 28 31 53 62 40 241 50 161 160 82 191 185 32 12 249 173,49730512,21170,21170,2023976548,54256762
tai256c,heuristic,192 166 255 254 253 252 251 250 249 248 247 246 245 244 243 242 241 240 239 238 237 236 235 234 233 232 231 230 229 228 227 226 225 224 223 222 221 220 219 218 217 216 215 214 213 212 211 165 210 209 208 207 206 205 204 203 202 201 200 199 198 197 196 167 164 195 194 193 191 190 189 188 187 186 185 184 183 182 181 180 179 178 177 176 175 174 173 172 171 170 169 168 92 93 94 95 96 97 98 99 100 101 102 103 104 105 106 107 108 109 110 111 112 113 114 115 116 117 118 119 120 121 122 123 124 125 63 64 47 129 130 131 132 133 134 135 136 137 138 139 140 141 142 143 144 145 146 147 148 149 150 151 152 153 154 155 156 157 158 159 160 161 162 163 81 128 127 126 91 90 89 88 87 86 85 84 83 82 1 80 79 78 77 76 75 74 73 72 71 70 69 68 0 67 66 65 62 61 60 59 58 57 56 55 54 53 52 51 50 49 48 46 45 44 43 42 41 40 39 38 37 36 35 34 33 32 31 30 29 28 27 26 25 24 23 22 21 20 19 18 17 16 15 14 13 12 11 10 9 8 7 6 5 4 3 2,98685678,0,1,313925,52970524
tai256c,simulatedAnnealing,120 147 165 100 248 219 40 223 231 79 72 251 115 2 137 17 159 126 177 106 52 210 162 154 66 43 62 128 151 145 12 25 182 94 91 132 186 98 103 192 19 241 191 234 7 60 10 189 4 174 108 224 34 47 86 57 0 89 123 29 140 245 197 169 77 214 55 37 171 69 253 243 113 22 217 111 228 157 221 80 199 204 14 180 83 74 184 195 49 238 117 134 200 208 202 85 87 226 212 114 222 70 168 209 107 215 170 23 121 11 193 246 97 102 149 190 136 16 42 39 196 153 254 118 144 24 65 88 131 36 233 143 211 216 61 124 53 158 75 92 179 63 31 64 67 46 112 125 26 15 232 160 139 21 35 82 240 201 41 187 227 230 176 161 252 178 166 95 76 6 141 249 13 148 198 5 33 152 235 3 48 59 181 32 20 127 104 18 99 68 51 142 255 220 45 56 242 250 73 8 205 50 213 93 84 146 116 133 239 150 206 173 167 225 194 90 81 58 244 203 172 9 207 164 105 27 163 38 218 135 175 96 247 110 71 138 1 30 156 229 130 237 155 78 28 129 101 183 185 54 188 119 236 109 122 44,44911034,8519040,8535360,13903906978,53898090
tai256c,tabuSearch,170 197 188 76 95 115 146 59 232 206 168 224 223 3 27 1 6 221 214 72 55 74 25 157 244 35 42 199 159 104 110 52 14 50 242 151 142 165 182 253 100 119 185 46 23 106 32 209 21 192 155 67 163 140 82 138 57 174 153 227 229 249 236 31 18 10 44 177 180 255 134 61 129 38 160 93 70 112 121 195 102 85 64 234 12 247 63 97 132 203 108 217 213 143 53 231 202 58 248 201 117 11 161 250 43 60 49 139 77 80 179 105 2 254 175 24 154 92 171 89 220 252 147 156 22 237 212 215 62 181 193 99 169 15 54 240 149 90 34 144 5 29 158 79 116 218 190 211 101 207 37 94 167 8 130 126 124 172 51 9 243 235 88 4 204 127 152 39 189 111 75 103 148 16 118 133 222 41 200 71 196 173 131 219 81 28 83 251 241 114 166 84 246 19 162 122 78 178 210 137 205 164 183 36 120 73 26 13 68 136 45 128 87 216 225 91 233 145 40 228 48 125 33 0 7 86 47 245 194 107 226 238 30 186 187 123 20 96 69 66 141 198 150 208 176 230 17 56 135 191 184 109 113 239 98 65,45024658,1066,1404595,2285847436,51868256
tai256c,steepest,72 76 174 69 86 213 191 62 172 57 254 81 143 144 129 42 183 64 54 228 114 37 112 121 187 11 110 235 245 240 168 103 221 95 125 123 157 198 151 185 248 9 192 67 210 252 147 225 242 59 117 50 134 200 45 149 89 195 84 108 223 177 99 206 164 162 28 181 35 136 39 204 250 140 217 154 24 6 16 33 74 93 13 106 47 132 15 18 3 202 20 231 5 68 53 34 153 138 182 244 94 23 207 41 19 224 51 61 215 65 232 73 139 30 49 194 201 75 173 58 44 126 78 7 25 214 38 118 145 211 236 246 178 60 119 88 109 83 169 186 90 137 1 31 105 10 141 165 113 219 111 247 156 52 171 161 29 229 66 102 146 4 212 230 176 71 133 199 91 249 100 101 243 150 234 135 46 116 184 179 70 241 218 216 226 98 188 56 197 77 233 27 82 128 203 79 166 127 155 32 55 190 80 196 17 220 0 21 14 131 2 63 124 142 122 40 22 92 253 97 193 255 43 96 205 36 158 238 167 115 222 239 130 104 8 208 251 87 160 163 26 227 48 152 189 159 85 237 175 148 180 209 120 170 12 107,44922846,57,1893120,2858621044,55223472
tai256c,greedy,34 99 58 114 61 133 54 150 112 152 110 245 207 176 209 179 108 182 143 37 93 236 161 10 167 184 119 204 140 154 51 255 215 17 69 104 173 238 125 232 221 7 102 224 89 91 171 43 190 213 194 0 87 81 169 228 39 72 146 230 49 95 84 122 175 2 164 131 76 22 66 13 28 249 218 129 186 196 116 41 63 46 201 31 137 158 64 226 20 24 251 243 85 199 29 248 115 12 189 172 153 16 244 68 197 227 170 33 83 25 100 45 106 124 65 62 203 185 9 113 142 23 111 4 67 145 14 235 222 250 1 136 180 98 71 206 40 159 216 73 254 233 103 242 217 192 44 168 126 36 86 56 231 27 239 97 101 138 90 130 229 82 205 219 21 198 42 208 234 155 181 109 11 135 241 247 19 120 30 195 134 210 223 57 52 3 77 253 151 26 123 128 80 237 127 5 156 8 94 48 117 211 177 38 160 149 74 147 60 18 78 162 32 88 183 59 165 200 252 75 121 212 96 79 178 118 193 92 6 220 240 214 15 107 188 166 35 53 174 187 47 225 139 191 144 55 105 132 202 246 50 141 148 163 157 70,44958630,255,1228237,1777272184,53665884
tai256c,randomWalk,64 76 41 111 255 149 44 224 33 150 97 218 114 153 130 230 254 183 53 181 16 115 8 86 241 68 35 27 7 250 146 179 172 56 95 199 1 138 119 189 233 213 14 237 219 109 152 10 248 190 84 187 142 82 207 117 128 42 242 5 169 140 83 90 89 3 212 73 252 92 234 145 32 22 221 240 62 176 123 222 209 158 182 20 185 30 50 59 196 121 39 188 43 125 122 151 40 177 205 58 34 139 28 110 102 19 168 88 229 133 238 184 25 52 51 171 108 98 78 178 105 156 223 167 69 9 67 77 137 244 211 49 37 112 116 36 173 94 235 225 29 129 23 192 127 135 87 210 45 93 193 148 203 81 217 80 91 60 204 197 85 174 103 57 243 118 180 202 198 15 70 232 99 72 55 113 191 249 147 195 160 132 26 0 162 12 61 163 13 120 239 6 38 11 66 101 126 24 96 154 157 231 134 194 18 201 54 253 159 144 124 186 208 200 31 206 246 170 46 226 141 215 247 48 236 220 65 175 106 17 155 74 165 161 166 104 4 245 214 2 228 47 216 100 131 136 143 63 164 21 79 107 75 71 227 251,49333436,1648707,1648707,2858720796,52046202
tai256c,random,166 237 13 51 176 188 249 28 216 140 76 206 239 143 104 0 86 177 168 130 26 131 45 36 248 56 220 124 35 126 160 74 53 58 163 226 155 1 10 197 40 113 100 208 233 229 148 67 64 211 240 16 95 232 30 122 129 125 200 222 230 178 212 89 187 223 14 2 196 101 204 205 91 175 69 20 153 108 46 5 120 244 106 235 146 96 33 184 32 107 243 90 25 12 60 68 48 112 119 9 169 133 182 180 186 215 190 66 118 213 61 139 201 115 59 11 71 135 88 161 218 203 198 49 253 80 94 102 75 157 189 185 21 99 110 117 207 52 156 114 224 65 123 202 144 84 134 132 3 241 39 92 150 181 77 78 172 217 234 173 93 210 27 252 142 97 18 109 128 236 219 105 137 158 72 195 255 194 254 85 83 24 154 199 8 6 228 221 50 47 55 62 15 44 164 43 87 162 121 251 183 4 151 73 171 38 193 111 63 57 170 227 98 54 70 136 145 82 19 138 22 149 29 174 31 192 127 247 225 37 7 17 41 23 152 159 147 165 214 231 167 191 42 116 81 242 238 103 141 34 250 246 179 79 245 209,50056902,29595,29595,2858742053,52521960
tai256c,heuristic,192 166 255 254 253 252 251 250 249 248 247 246 245 244 243 242 241 240 239 238 237 236 235 234 233 232 231 230 229 228 227 226 225 224 223 222 221 220 219 218 217 216 215 214 213 212 211 165 210 209 208 207 206 205 204 203 202 201 200 199 198 197 196 167 164 195 194 193 191 190 189 188 187 186 185 184 183 182 181 180 179 178 177 176 175 174 173 172 171 170 169 168 92 93 94 95 96 97 98 99 100 101 102 103 104 105 106 107 108 109 110 111 112 113 114 115 116 117 118 119 120 121 122 123 124 125 63 64 47 129 130 131 132 133 134 135 136 137 138 139 140 141 142 143 144 145 146 147 148 149 150 151 152 153 154 155 156 157 158 159 160 161 162 163 81 128 127 126 91 90 89 88 87 86 85 84 83 82 1 80 79 78 77 76 75 74 73 72 71 70 69 68 0 67 66 65 62 61 60 59 58 57 56 55 54 53 52 51 50 49 48 46 45 44 43 42 41 40 39 38 37 36 35 34 33 32 31 30 29 28 27 26 25 24 23 22 21 20 19 18 17 16 15 14 13 12 11 10 9 8 7 6 5 4 3 2,98685678,0,1,397935,52963856
tai256c,simulatedAnnealing,13 106 184 127 93 178 169 174 42 67 228 189 198 110 117 164 76 221 139 235 196 247 152 150 54 238 167 6 209 104 24 57 28 159 36 218 91 141 11 63 250 128 230 39 154 135 78 81 72 115 102 84 15 21 69 187 87 95 64 130 243 124 45 30 50 215 204 89 16 121 59 240 201 9 232 2 181 211 252 113 33 98 132 19 161 156 223 191 192 147 245 226 18 49 157 239 145 148 96 193 126 108 85 111 165 79 73 188 92 14 44 219 158 146 26 118 182 61 97 177 114 185 122 80 144 137 142 99 149 171 60 153 34 231 254 183 129 233 214 248 37 119 94 83 143 40 168 100 38 140 66 4 103 88 101 46 62 246 48 17 65 249 23 68 155 190 227 47 237 220 43 125 5 222 32 75 90 77 116 138 162 186 166 120 197 56 163 251 86 25 151 205 242 31 22 74 194 199 179 216 224 175 236 107 203 1 20 253 8 212 71 52 7 136 41 160 10 53 195 58 12 0 208 200 207 134 180 244 27 172 173 213 55 112 255 229 234 123 82 206 210 217 29 109 225 241 202 3 70 51 176 133 105 131 35 170,44883386,8176320,8192640,13997129252,52905816
tai256c,tabuSearch,96 218 24 189 87 110 13 43 168 31 209 84 125 17 123 108 164 120 20 89 192 51 146 60 138 116 65 230 41 3 133 237 142 46 7 69 244 194 153 11 191 48 223 159 26 250 56 224 75 161 220 37 66 128 170 0 255 215 211 157 213 95 113 179 248 181 200 58 233 203 99 252 106 34 155 166 185 54 22 183 28 172 206 135 78 102 5 228 131 242 118 93 33 52 190 14 49 35 67 122 175 184 50 77 143 254 132 82 147 103 107 219 105 214 61 23 79 94 249 80 62 81 187 202 148 8 21 119 163 10 53 12 167 145 63 112 210 205 42 156 229 239 162 221 247 97 212 16 55 86 137 243 27 140 126 36 197 165 217 152 74 171 124 141 90 45 201 193 101 177 70 15 208 196 245 176 64 47 246 136 32 98 139 150 198 204 30 240 100 169 19 25 44 39 59 88 71 227 72 232 253 68 117 29 238 73 180 186 111 241 85 251 178 91 6 234 160 144 76 236 199 235 40 173 1 207 195 188 222 38 92 57 226 174 216 134 115 4 129 154 104 109 18 121 149 127 225 130 83 2 158 151 114 9 231 182,45200560,699,914620,1458540163,53492392
tai256c,steepest,231 51 186 83 56 177 4 214 27 117 241 149 159 127 146 209 132 54 93 254 73 39 140 98 12 106 190 108 205 76 102 34 0 81 196 200 121 115 68 251 48 17 29 172 9 59 220 134 237 46 31 245 24 138 222 125 66 42 129 192 169 233 91 21 2 243 248 211 78 119 95 142 218 239 71 181 157 194 6 61 155 152 228 36 96 203 183 85 163 160 166 104 122 44 63 90 158 202 171 244 30 230 240 197 13 168 235 113 41 50 206 139 255 184 242 236 35 207 97 210 174 193 57 173 16 144 247 191 52 23 5 212 219 22 105 217 143 238 33 88 131 221 216 14 123 137 38 75 208 49 79 20 11 201 225 249 126 188 72 3 112 154 43 58 64 179 195 45 224 120 60 55 250 128 109 162 86 213 101 130 133 111 114 116 100 70 199 153 92 65 180 82 226 232 19 145 18 136 118 215 223 147 227 107 28 252 229 53 161 124 164 80 99 204 234 94 189 37 182 178 110 148 10 67 84 246 25 26 253 150 156 141 167 32 170 89 1 151 62 8 69 47 175 87 185 176 7 74 165 15 77 103 40 198 135 187,44970426,42,1403520,2110951478,51562710
tai256c,greedy,33 133 119 219 140 25 148 72 172 3 168 179 193 12 104 130 247 54 244 42 226 255 162 183 215 76 31 20 102 96 236 157 185 208 230 59 5 176 154 137 250 175 142 51 181 128 110 0 123 205 113 8 57 27 46 190 200 125 68 151 241 108 233 166 187 48 61 89 213 106 39 37 95 91 81 66 29 115 211 207 87 145 18 85 253 83 100 78 22 196 202 238 214 212 97 84 129 245 107 206 63 197 21 186 69 174 70 152 232 41 138 201 217 182 240 136 160 11 150 30 92 221 65 98 23 144 94 62 210 225 73 195 192 19 143 111 43 71 50 242 90 169 237 156 223 35 36 163 251 167 34 88 2 249 101 121 17 7 56 24 158 178 243 55 32 16 126 124 229 188 4 109 155 220 116 117 40 77 93 38 165 6 49 227 112 164 1 53 139 171 173 58 228 149 82 159 103 105 180 13 67 141 79 191 252 122 52 47 224 231 120 153 80 45 216 131 118 209 114 127 60 248 10 235 134 44 147 28 246 170 74 198 26 254 14 64 184 222 234 146 135 177 239 199 132 75 9 15 86 203 189 99 194 204 218 161,44939430,224,1129027,1675871972,52344332
tai256c,randomWalk,253 208 139 20 249 182 34 220 94 36 72 140 61 25 83 26 243 104 240 105 246 64 143 152 201 235 39 204 47 70 122 91 4 63 238 170 242 117 217 155 108 149 141 151 177 215 213 178 76 57 188 65 196 210 200 241 158 224 29 118 120 110 250 23 153 54 59 37 129 74 32 67 159 46 167 80 195 85 14 164 89 0 190 203 114 5 17 58 51 172 231 131 187 175 45 219 137 42 95 163 28 52 171 16 21 119 193 255 150 102 128 173 226 12 142 9 2 100 87 22 97 125 35 7 84 75 27 145 147 43 44 212 148 15 198 49 116 252 206 130 185 191 245 123 88 50 98 66 126 18 184 239 211 146 33 109 3 41 79 194 209 8 230 6 10 1 165 216 136 186 236 11 133 81 112 247 53 161 60 168 234 221 218 225 40 31 166 154 106 237 244 144 254 124 207 101 19 233 24 189 199 92 103 228 62 48 127 214 132 222 160 56 77 69 134 232 78 138 192 156 202 229 223 99 30 71 179 157 181 68 162 38 107 227 174 96 205 73 111 82 183 197 248 86 135 90 251 13 169 115 113 180 176 93 121 55,49476078,1296908,1296908,2111056323,54752118
tai256c,random,118 234 30 126 175 230 88 187 52 1 112 124 11 206 231 31 84 178 169 204 138 140 55 181 255 34 247 75 9 222 243 200 167 127 184 223 4 198 123 53 203 85 40 143 60 244 250 23 18 159 225 252 224 135 82 114 117 108 46 139 69 154 94 110 48 216 22 191 155 36 79 59 215 246 87 211 92 221 58 131 213 161 226 132 214 149 102 194 73 43 39 107 2 96 103 72 146 71 166 220 249 130 141 208 45 174 17 41 241 227 0 164 56 229 195 163 109 32 10 254 3 217 106 150 105 61 14 49 219 119 160 20 205 183 189 137 81 97 151 199 95 172 89 197 90 70 238 180 129 62 162 51 115 35 170 98 232 120 125 240 15 7 196 147 27 253 47 133 6 37 99 57 193 80 158 122 176 104 128 157 67 24 148 21 68 25 28 156 173 77 78 44 64 26 111 239 182 153 207 185 188 142 74 235 165 145 86 251 202 209 144 101 38 12 83 212 66 210 136 218 63 245 54 8 76 13 116 121 29 186 65 42 100 177 19 93 236 233 201 50 16 33 228 5 91 237 242 192 168 171 248 190 152 134 113 179,49943646,22137,22137,2111145009,52373842
tai256c,heuristic,192 166 255 254 253 252 251 250 249 248 247 246 245 244 243 242 241 240 239 238 237 236 235 234 233 232 231 230 229 228 227 226 225 224 223 222 221 220 219 218 217 216 215 214 213 212 211 165 210 209 208 207 206 205 204 203 202 201 200 199 198 197 196 167 164 195 194 193 191 190 189 188 187 186 185 184 183 182 181 180 179 178 177 176 175 174 173 172 171 170 169 168 92 93 94 95 96 97 98 99 100 101 102 103 104 105 106 107 108 109 110 111 112 113 114 115 116 117 118 119 120 121 122 123 124 125 63 64 47 129 130 131 132 133 134 135 136 137 138 139 140 141 142 143 144 145 146 147 148 149 150 151 152 153 154 155 156 157 158 159 160 161 162 163 81 128 127 126 91 90 89 88 87 86 85 84 83 82 1 80 79 78 77 76 75 74 73 72 71 70 69 68 0 67 66 65 62 61 60 59 58 57 56 55 54 53 52 51 50 49 48 46 45 44 43 42 41 40 39 38 37 36 35 34 33 32 31 30 29 28 27 26 25 24 23 22 21 20 19 18 17 16 15 14 13 12 11 10 9 8 7 6 5 4 3 2,98685678,0,1,318095,54313932
tai256c,simulatedAnnealing,167 231 90 210 58 24 174 195 122 133 49 34 22 234 246 224 128 244 73 99 202 156 111 177 221 164 118 147 2 154 182 206 141 94 159 137 152 52 126 0 227 236 113 28 223 160 5 192 31 62 77 79 88 217 189 82 37 185 26 86 130 107 80 212 32 45 67 204 9 19 120 43 214 69 197 241 39 200 56 101 162 248 60 254 71 171 124 13 150 92 116 251 15 228 136 8 44 180 142 33 61 112 127 253 51 191 149 139 255 132 121 110 252 157 151 184 250 219 53 40 23 30 188 155 172 76 78 91 93 203 68 104 215 238 205 115 46 97 16 70 18 3 134 143 216 146 135 102 201 163 175 220 6 176 29 145 36 138 84 125 240 153 179 165 48 140 178 168 105 47 194 42 129 247 117 75 64 187 148 239 12 229 158 166 10 245 225 109 243 209 169 103 11 14 59 89 211 25 108 87 119 196 232 106 198 38 95 233 96 65 1 199 35 20 235 144 123 226 230 55 50 183 81 27 72 161 131 222 207 218 98 213 4 21 181 114 190 7 173 193 41 100 249 57 186 208 242 74 63 66 83 237 170 85 17 54,44880512,7752000,7768320,12416627511,53253138
tai256c,tabuSearch,159 145 162 242 172 9 12 210 23 6 180 113 54 88 99 225 15 157 251 128 215 46 66 133 206 71 109 165 91 111 101 184 204 217 96 124 51 167 34 229 103 81 42 4 1 191 198 16 234 74 69 21 27 130 40 48 139 170 212 153 59 116 202 36 105 195 239 192 118 57 150 61 221 147 254 135 142 232 236 76 187 174 84 177 29 247 122 120 94 227 19 79 175 194 10 39 56 121 17 32 255 24 222 11 143 176 244 166 205 53 108 22 112 193 33 87 110 126 230 43 214 127 131 203 235 97 2 219 70 67 245 181 82 253 201 35 50 37 63 208 47 250 149 158 248 241 163 188 148 144 86 141 20 169 224 83 77 140 183 31 30 64 246 152 114 55 168 62 89 200 49 58 207 146 216 68 5 106 196 233 14 178 125 223 44 95 80 8 75 117 199 3 136 0 119 102 132 73 171 90 160 211 156 107 161 129 104 240 179 249 85 155 100 123 115 78 237 186 238 60 7 189 52 243 138 190 18 26 134 231 38 154 164 45 252 182 185 13 197 92 28 25 173 226 93 218 98 137 41 65 228 220 151 209 72 213,45014736,988,1306600,2111907763,57820004
tai256c,steepest,207 211 218 190 213 86 250 81 120 142 169 242 28 220 228 208 159 125 26 45 155 123 132 41 203 152 135 55 184 16 196 205 160 83 24 13 101 50 30 194 53 95 149 127 129 75 89 19 188 96 93 182 72 225 146 252 179 216 36 138 186 6 103 140 115 68 11 238 255 4 47 1 106 118 98 199 21 164 108 233 9 167 230 58 33 48 60 38 247 177 78 173 64 49 200 198 114 112 5 56 180 92 32 131 224 104 74 153 109 77 84 223 12 148 73 172 237 209 201 87 51 7 67 139 185 244 193 158 245 80 14 82 63 156 232 35 241 229 116 248 219 46 29 128 141 192 44 107 88 54 210 189 119 227 2 174 217 133 18 76 79 249 71 124 136 97 157 137 69 25 90 236 15 214 215 62 105 126 39 94 110 181 59 162 0 176 43 178 212 175 243 170 147 143 150 204 57 197 70 65 85 31 226 222 183 113 17 10 122 254 154 20 168 42 99 102 145 251 130 151 240 253 165 22 23 195 61 187 144 231 121 161 40 234 100 111 52 27 235 171 166 202 239 191 221 3 8 37 246 163 91 117 206 66 34 134,44953260,44,1468800,2292142679,52822240
tai256c,greedy,219 71 254 104 22 137 64 41 10 200 140 56 53 89 19 81 241 189 106 39 157 160 169 75 243 204 146 63 12 50 95 194 177 60 174 36 226 249 180 78 245 230 159 222 92 45 236 116 30 33 83 123 207 187 154 208 167 15 101 58 202 172 197 68 119 217 251 215 163 98 16 4 2 150 109 182 232 7 239 131 148 228 27 152 86 24 133 126 113 128 211 96 246 149 135 175 216 198 158 244 153 227 82 61 224 255 0 54 166 13 136 196 28 26 242 115 108 223 35 171 85 70 111 99 44 79 97 37 209 88 18 185 31 90 77 191 129 32 162 173 84 25 231 130 94 3 62 205 59 250 192 118 144 176 40 122 132 145 48 178 74 225 247 237 188 105 120 195 11 20 252 183 220 57 52 155 65 156 117 127 6 193 9 93 170 5 112 235 49 179 66 138 103 72 201 125 210 168 141 42 47 248 143 147 43 38 107 17 29 76 190 87 181 23 46 212 253 139 238 102 134 214 161 100 67 206 51 8 203 186 233 91 69 21 218 221 229 110 1 121 184 240 151 55 142 14 114 124 34 199 164 165 213 73 234 80,44916038,270,1612115,2455250463,53507520
tai256c,randomWalk,214 9 186 245 255 198 151 94 89 189 20 142 208 85 227 157 50 120 56 73 54 251 177 211 123 29 14 131 225 153 1 246 182 238 220 140 117 68 39 37 144 13 138 183 0 105 33 237 100 17 46 147 233 2 111 226 155 175 188 173 185 249 219 53 207 194 57 124 82 122 243 6 216 134 23 191 212 44 27 64 162 149 42 81 112 114 127 200 87 247 77 146 93 109 34 215 78 4 51 152 178 130 70 18 31 158 252 174 61 84 36 90 253 76 163 199 135 145 102 118 125 202 160 150 234 221 5 79 209 161 55 181 108 62 16 241 8 11 86 15 224 38 235 165 205 129 217 115 10 176 59 43 148 121 113 52 92 192 197 65 190 60 58 83 119 228 107 159 239 222 91 180 254 88 250 172 196 195 66 106 128 154 24 99 19 71 223 201 7 95 45 103 244 187 169 101 168 69 116 137 213 12 218 98 139 97 248 156 193 67 63 110 184 72 96 210 41 231 3 40 75 25 164 240 22 136 48 26 47 133 35 166 104 143 74 170 49 230 206 229 132 141 242 179 232 28 167 30 203 236 204 126 171 80 32 21,49295316,1247749,1247749,2292255568,53049414
tai256c,random,66 101 241 251 111 146 238 140 64 226 145 174 168 211 199 93 60 136 96 255 29 254 70 104 249 115 225 43 191 110 33 217 147 169 30 166 8 76 215 35 42 18 126 236 186 144 182 1 163 98 242 224 187 235 201 164 218 202 16 108 176 81 181 109 63 38 3 45 87 79 48 46 54 95 133 23 122 15 73 216 243 167 28 189 213 71 250 105 72 59 27 185 74 183 123 157 143 160 6 237 234 68 10 102 25 124 159 165 239 0 129 55 51 47 188 212 20 196 180 204 127 37 31 75 69 78 207 21 152 229 219 118 61 247 248 85 2 119 139 120 128 153 41 156 151 86 220 230 34 192 184 203 221 65 137 13 134 198 179 148 56 173 193 154 94 26 32 209 244 190 149 114 113 155 53 14 7 90 80 9 246 172 210 208 99 91 170 121 112 83 62 162 103 67 175 138 12 200 100 227 253 178 177 84 195 89 171 231 132 88 252 19 142 240 39 36 125 206 77 107 116 141 222 223 161 228 97 40 150 205 11 158 50 52 22 58 197 130 214 117 245 135 5 92 4 232 194 131 44 24 57 17 49 233 82 106,50060616,23355,23355,2292350147,54728010
tai256c,heuristic,192 166 255 254 253 252 251 250 249 248 247 246 245 244 243 242 241 240 239 238 237 236 235 234 233 232 231 230 229 228 227 226 225 224 223 222 221 220 219 218 217 216 215 214 213 212 211 165 210 209 208 207 206 205 204 203 202 201 200 199 198 197 196 167 164 195 194 193 191 190 189 188 187 186 185 184 183 182 181 180 179 178 177 176 175 174 173 172 171 170 169 168 92 93 94 95 96 97 98 99 100 101 102 103 104 105 106 107 108 109 110 111 112 113 114 115 116 117 118 119 120 121 122 123 124 125 63 64 47 129 130 131 132 133 134 135 136 137 138 139 140 141 142 143 144 145 146 147 148 149 150 151 152 153 154 155 156 157 158 159 160 161 162 163 81 128 127 126 91 90 89 88 87 86 85 84 83 82 1 80 79 78 77 76 75 74 73 72 71 70 69 68 0 67 66 65 62 61 60 59 58 57 56 55 54 53 52 51 50 49 48 46 45 44 43 42 41 40 39 38 37 36 35 34 33 32 31 30 29 28 27 26 25 24 23 22 21 20 19 18 17 16 15 14 13 12 11 10 9 8 7 6 5 4 3 2,98685678,0,1,318552,52826510
tai256c,simulatedAnnealing,11 235 41 64 102 92 161 180 70 241 90 9 109 178 35 207 209 158 49 143 230 30 13 52 248 77 138 43 134 56 104 97 176 7 198 121 165 67 136 58 187 243 39 183 168 15 151 111 195 73 245 205 144 173 37 254 226 100 32 250 2 4 107 94 22 17 63 126 82 131 220 60 212 148 215 190 252 202 114 200 222 140 155 217 117 129 224 170 87 163 45 85 191 19 223 228 229 189 124 99 59 84 57 18 27 233 75 206 159 147 80 216 61 194 188 166 29 68 34 28 72 112 40 196 76 20 251 197 177 53 89 127 242 125 219 167 105 26 122 132 142 221 171 93 79 120 146 175 128 240 0 156 96 78 116 193 36 162 157 123 244 42 106 119 133 213 98 139 210 91 55 130 24 1 66 44 46 179 50 21 23 6 145 239 51 246 174 118 48 81 8 135 199 255 227 247 115 86 169 38 234 3 184 88 232 208 137 236 47 160 74 253 103 25 141 201 225 154 101 95 65 218 237 214 83 203 150 164 12 31 62 69 149 182 113 231 14 71 16 181 33 152 211 108 54 153 192 204 10 186 172 185 5 249 238 110,44916110,7866240,7882560,13457627160,53543744
tai256c,tabuSearch,121 67 245 234 124 18 46 134 35 204 104 61 130 58 252 209 212 249 0 219 215 176 41 126 168 226 27 102 113 95 106 198 255 84 109 24 82 128 151 31 183 201 247 13 39 189 87 69 4 78 117 44 158 175 91 207 52 147 96 132 232 73 56 178 241 155 237 6 141 187 64 10 99 136 21 63 222 243 172 32 138 161 195 230 50 149 76 164 181 54 170 224 218 131 194 240 29 83 135 115 160 165 108 228 105 7 246 216 171 15 154 145 166 47 23 81 119 85 248 110 233 251 186 120 177 193 244 220 17 123 65 70 214 242 143 77 223 156 235 100 206 142 188 185 26 19 88 200 40 157 148 22 152 190 34 250 111 118 191 49 150 144 8 153 107 210 217 97 2 1 43 3 139 203 62 36 221 66 236 75 94 122 92 37 184 133 68 53 51 9 14 146 174 225 16 80 163 180 11 137 169 93 192 90 42 197 71 159 57 202 98 227 127 239 213 254 238 89 208 112 59 33 55 20 231 167 79 125 211 101 86 173 116 72 229 38 179 182 28 5 74 103 25 45 30 253 199 12 205 129 48 60 114 196 162 140,44955386,914,1208605,1934862425,53466794
tai256c,steepest,3 173 98 66 113 247 167 155 121 203 241 123 218 81 158 233 118 152 89 71 20 86 224 228 138 6 216 198 30 33 47 226 213 209 253 163 180 104 24 207 135 48 194 221 9 83 28 77 190 250 94 141 175 161 0 96 56 238 11 68 211 201 132 74 79 146 165 37 255 106 92 51 109 170 245 45 39 115 60 236 41 230 150 54 126 176 43 18 101 184 188 128 227 95 148 246 154 169 157 73 62 46 192 38 8 231 110 127 14 1 26 171 129 15 159 199 111 21 208 133 130 197 191 200 69 219 239 237 124 156 49 172 102 181 185 195 229 131 12 80 7 252 147 114 112 100 5 84 240 116 16 143 36 251 22 78 25 10 93 212 122 145 29 13 53 64 254 214 178 4 137 99 223 222 44 217 108 67 244 31 59 196 120 164 136 42 88 186 117 61 105 58 183 235 35 166 204 174 232 162 63 242 119 75 72 76 142 215 65 189 87 107 23 27 243 151 50 205 182 90 91 34 179 210 139 97 206 103 168 140 17 144 234 187 32 125 249 177 225 160 70 40 193 248 2 85 57 149 202 52 134 55 19 220 82 153,44947798,44,1468800,2296866281,55302396
tai256c,greedy,216 116 72 131 31 33 150 104 93 59 161 174 122 189 3 5 226 155 165 180 233 251 143 42 213 241 55 223 133 61 203 236 169 125 172 152 76 244 198 96 137 167 29 53 95 224 178 46 191 254 157 146 27 113 89 18 119 66 209 231 221 107 186 218 99 12 23 25 86 63 248 163 81 51 10 228 74 38 110 144 84 64 195 40 206 0 140 192 36 184 246 101 24 7 247 253 202 39 79 162 98 188 136 126 67 83 102 245 90 252 187 91 151 208 8 156 237 255 4 20 197 117 229 211 127 173 75 159 210 220 17 13 215 240 44 138 80 47 243 45 154 68 35 70 166 139 121 200 30 145 62 111 16 196 148 1 227 22 19 82 120 108 15 238 43 92 34 2 249 168 222 135 100 232 175 190 132 48 71 41 130 214 57 235 204 114 212 11 97 60 85 153 134 6 179 164 199 194 234 52 149 217 128 141 183 185 176 56 105 94 160 170 242 58 158 181 54 230 9 103 171 124 109 239 112 26 219 177 129 28 32 49 142 77 50 147 250 14 21 87 193 115 201 205 73 78 225 88 37 207 106 118 182 69 123 65,45001900,271,1427269,2100154649,53544672
tai256c,randomWalk,44 51 93 237 199 196 85 232 46 101 67 142 157 247 13 212 72 145 33 109 87 18 0 62 133 178 206 173 19 225 83 152 153 105 126 220 39 113 186 37 74 26 76 96 53 9 168 54 41 75 73 50 15 2 23 180 63 17 234 138 114 140 251 64 131 149 215 174 121 243 208 118 128 32 238 201 239 108 68 159 245 183 4 195 155 58 250 193 116 119 231 160 170 216 151 14 210 71 241 125 123 144 235 158 61 236 22 161 55 134 172 82 192 190 139 28 204 127 8 38 211 1 40 154 95 5 100 165 115 163 120 221 150 167 148 11 143 81 141 47 229 24 94 25 219 187 102 60 179 45 3 233 162 57 200 205 52 10 99 223 255 218 29 36 122 98 91 27 207 227 20 6 7 191 177 228 184 80 253 181 59 49 202 129 30 12 197 224 246 240 124 89 136 107 56 66 106 86 171 16 112 43 176 169 88 79 90 137 110 35 77 164 209 252 242 70 166 213 194 185 69 188 248 21 92 117 97 78 103 130 249 254 65 189 84 230 214 226 203 175 147 198 135 244 222 104 111 217 132 146 31 156 42 182 48 34,49410716,1336105,1336105,2296970674,54945926
tai256c,random,123 16 26 179 206 102 32 126 74 231 254 228 243 10 64 42 201 86 84 199 246 61 130 39 45 78 97 238 18 55 60 144 12 148 120 47 213 100 218 101 87 252 230 215 143 70 109 107 89 234 241 122 170 214 162 171 210 196 174 27 52 165 128 223 67 83 253 96 94 226 208 164 155 31 106 69 153 202 23 203 198 115 221 114 212 138 178 3 58 104 222 209 225 139 129 147 182 43 22 166 99 98 249 95 185 141 7 227 180 90 116 110 14 2 112 150 154 142 233 245 211 235 220 76 33 75 248 35 131 113 236 125 50 71 118 191 188 181 73 56 140 51 25 175 207 156 48 37 21 173 135 204 169 117 82 44 160 247 68 172 57 216 46 72 193 217 132 200 195 240 29 239 88 134 34 237 168 149 224 9 91 79 176 121 41 36 65 133 30 184 161 103 85 137 54 183 53 189 19 13 127 251 28 167 157 151 187 40 105 194 232 11 4 119 20 5 158 8 250 15 111 93 124 108 81 0 159 152 146 163 186 205 38 219 190 255 136 244 49 192 6 59 62 66 77 17 197 63 24 80 242 229 92 145 1 177,49537434,23930,23930,2297022100,53354510
tai256c,heuristic,192 166 255 254 253 252 251 250 249 248 247 246 245 244 243 242 241 240 239 238 237 236 235 234 233 232 231 230 229 228 227 226 225 224 223 222 221 220 219 218 217 216 215 214 213 212 211 165 210 209 208 207 206 205 204 203 202 201 200 199 198 197 196 167 164 195 194 193 191 190 189 188 187 186 185 184 183 182 181 180 179 178 177 176 175 174 173 172 171 170 169 168 92 93 94 95 96 97 98 99 100 101 102 103 104 105 106 107 108 109 110 111 112 113 114 115 116 117 118 119 120 121 122 123 124 125 63 64 47 129 130 131 132 133 134 135 136 137 138 139 140 141 142 143 144 145 146 147 148 149 150 151 152 153 154 155 156 157 158 159 160 161 162 163 81 128 127 126 91 90 89 88 87 86 85 84 83 82 1 80 79 78 77 76 75 74 73 72 71 70 69 68 0 67 66 65 62 61 60 59 58 57 56 55 54 53 52 51 50 49 48 46 45 44 43 42 41 40 39 38 37 36 35 34 33 32 31 30 29 28 27 26 25 24 23 22 21 20 19 18 17 16 15 14 13 12 11 10 9 8 7 6 5 4 3 2,98685678,0,1,456973,52664222
tai256c,simulatedAnnealing,167 41 184 112 213 224 67 186 100 9 205 137 70 94 27 102 145 220 97 79 44 147 34 31 88 192 216 158 22 19 58 61 201 250 120 80 233 173 126 198 196 211 253 135 155 235 188 133 226 2 223 52 14 46 7 37 75 48 82 169 194 65 109 115 203 143 150 105 92 246 244 162 0 190 238 181 107 24 140 12 231 175 73 164 122 85 241 17 177 5 55 130 91 170 78 237 69 254 33 16 128 125 6 15 222 11 146 142 124 20 229 202 113 212 234 90 189 236 39 176 255 26 141 63 219 247 171 239 227 4 240 29 172 228 84 89 64 210 127 3 183 42 111 1 138 209 86 218 101 148 200 116 110 81 225 245 160 217 106 214 35 232 10 153 38 119 149 166 72 54 87 51 68 30 76 144 25 50 134 197 8 99 57 74 121 45 98 243 118 215 182 49 230 249 13 165 56 157 139 96 77 129 151 71 93 221 123 23 252 187 248 191 83 132 62 156 43 136 60 117 104 66 179 108 95 103 199 207 36 40 195 59 18 208 163 32 161 131 251 168 185 193 114 159 28 242 178 21 53 204 180 206 154 152 47 174,44890850,8143680,8160000,13999348662,53040196
tai256c,tabuSearch,233 76 166 164 101 159 13 250 48 142 86 195 109 203 149 28 246 61 47 212 128 145 190 38 198 43 252 178 55 41 157 242 176 50 79 152 80 82 184 30 52 16 254 58 20 65 26 3 7 130 134 84 220 91 94 186 181 119 169 235 225 35 222 154 18 72 139 104 106 5 193 229 240 244 201 24 137 248 205 124 115 147 172 215 207 89 97 132 69 127 239 210 34 42 129 158 123 174 194 108 187 113 121 206 191 148 251 25 71 32 51 165 66 36 64 185 255 204 192 141 162 219 40 105 237 29 81 90 241 59 9 45 23 238 214 54 73 99 245 33 75 189 70 77 1 62 11 88 155 87 74 180 103 168 92 143 31 85 243 249 125 146 213 140 247 12 138 107 95 209 211 14 208 44 19 179 170 226 114 156 100 224 98 236 78 110 150 93 196 39 217 60 67 96 57 111 46 151 53 234 117 56 10 0 116 22 199 15 197 63 37 8 153 167 171 136 49 221 144 200 120 232 161 4 21 223 173 182 83 131 6 2 160 133 102 183 17 122 230 227 228 175 231 68 126 218 135 216 177 118 253 202 163 188 112 27,44967766,1393,1829240,2903029912,56406116
